operator,model,suite,aliases,global_seq,cp,local_tokens,hidden,projection_width,q_heads,kv_heads,head_dim,max_context,within_native_context,b_m,b_n,b_k,w_m,w_n,w_k,warmup,iterations,timing,process_model,cublas_b_p50_ms,cublas_w_beta0_p50_ms,cublas_w_beta1_p50_ms,cublas_total_beta0_p50_ms,cublas_total_beta1_p50_ms,cublas_total_beta0_p50_tflops_per_gpu,cublas_total_beta1_p50_tflops_per_gpu,eager_deferred_requested_comm_ctas,eager_deferred_weight_accumulation_beta,eager_deferred_comm_ctas,eager_deferred_gemm_policy,eager_deferred_tile_m,eager_deferred_tile_n,eager_deferred_data_phase_p50_ms,eager_deferred_data_phase_p95_ms,eager_deferred_data_phase_p50_tflops_per_gpu,eager_deferred_weight_phase_p50_ms,eager_deferred_weight_phase_p95_ms,eager_deferred_weight_phase_p50_tflops_per_gpu,eager_deferred_total_p50_ms,eager_deferred_total_p95_ms,eager_deferred_total_p50_tflops_per_gpu,eager_deferred_mfu_percent_of_989t,eager_deferred_throughput_as_cublas_percent,eager_deferred_forward_p50_tflops_per_gpu,eager_deferred_throughput_as_forward_percent,eager_immediate_requested_comm_ctas,eager_immediate_weight_accumulation_beta,eager_immediate_comm_ctas,eager_immediate_gemm_policy,eager_immediate_tile_m,eager_immediate_tile_n,eager_immediate_total_p50_ms,eager_immediate_total_p95_ms,eager_immediate_total_p50_tflops_per_gpu,eager_immediate_mfu_percent_of_989t,eager_immediate_throughput_as_cublas_percent,eager_immediate_forward_p50_tflops_per_gpu,eager_immediate_throughput_as_forward_percent,graph_deferred_requested_comm_ctas,graph_deferred_weight_accumulation_beta,graph_deferred_comm_ctas,graph_deferred_gemm_policy,graph_deferred_tile_m,graph_deferred_tile_n,graph_deferred_data_phase_p50_ms,graph_deferred_data_phase_p95_ms,graph_deferred_data_phase_p50_tflops_per_gpu,graph_deferred_weight_phase_p50_ms,graph_deferred_weight_phase_p95_ms,graph_deferred_weight_phase_p50_tflops_per_gpu,graph_deferred_total_p50_ms,graph_deferred_total_p95_ms,graph_deferred_total_p50_tflops_per_gpu,graph_deferred_mfu_percent_of_989t,graph_deferred_throughput_as_cublas_percent,graph_deferred_forward_p50_tflops_per_gpu,graph_deferred_throughput_as_forward_percent,graph_immediate_requested_comm_ctas,graph_immediate_weight_accumulation_beta,graph_immediate_comm_ctas,graph_immediate_gemm_policy,graph_immediate_tile_m,graph_immediate_tile_n,graph_immediate_total_p50_ms,graph_immediate_total_p95_ms,graph_immediate_total_p50_tflops_per_gpu,graph_immediate_mfu_percent_of_989t,graph_immediate_throughput_as_cublas_percent,graph_immediate_forward_p50_tflops_per_gpu,graph_immediate_throughput_as_forward_percent
oproj,representative_small,artificial,Mx4096x4096 OProj stress shape,1024,4,256,4096,4096,32,8,128,,True,256,4096,4096,4096,4096,256,10,50,per-sample max-rank CUDA event,MPI one process per GPU,0.02246399969,0.02918400057,0.03316799924,0.05166399851,0.05563199893,332.53076957786556,308.8127249502016,0,1,12,m128n128,128,128,0.04153599963,0.04354079813,206.80697872974244,0.03313599899,0.03421119973,259.2327032178003,0.07476799935,0.07699520141,229.77569726827255,23.233134203060928,74.4061622801734,212.28585467061046,108.23881677128225,0,0,12,m128n128,128,128,0.06679999828,0.06808319688,257.1836770412564,26.00441628324129,77.34131712615368,212.28585467061046,121.14970045475278,0,1,12,m128n128,128,128,0.03732800111,0.03825759888,230.1204012153438,0.03107200004,0.03172960132,276.4525804886038,0.06835199893,0.06950719655,251.344063859699,25.413959945368955,81.3904491468835,225.19753096884642,111.6104882581815,0,0,12,m128n128,128,128,0.06110399961,0.06185920164,281.1578504459865,28.428498528411176,84.55092766389863,225.19753096884642,124.8494373967544
oproj,representative_small,artificial,Mx4096x4096 OProj stress shape,1024,8,128,4096,4096,32,8,128,,True,128,4096,4096,4096,4096,128,10,50,per-sample max-rank CUDA event,MPI one process per GPU,0.0212159995,0.02718400024,0.02831999958,0.04836799949,0.04961599782,177.59540776078518,173.12832492380983,0,1,10,m128n64,128,64,0.03599999845,0.03698080033,119.30465224783919,0.03351999819,0.0338416025,128.13148949636027,0.06948800385,0.0707551986,123.61751836392695,12.499243515058337,71.40224941142846,133.94983552874618,92.28642788247257,0,0,10,m128n64,128,64,0.06150399894,0.06632160395,139.6646517306928,14.121805028381477,78.64204006829739,133.94983552874618,104.26638538180228,0,1,10,m128n64,128,64,0.03097599931,0.03144159913,138.6546807745264,0.03116800077,0.03177599981,137.80053869011758,0.06209600344,0.06297919899,138.33313121833982,13.987172013987848,79.90207915383999,148.47093558953094,93.1718593063773,0,0,10,m128n64,128,64,0.05580800027,0.05704160035,153.9194120993721,15.563135702666541,86.66857664849995,148.47093558953094,103.66972598926988
oproj,representative_small,artificial,Mx4096x4096 OProj stress shape,4096,4,1024,4096,4096,32,8,128,,True,1024,4096,4096,4096,4096,1024,10,50,per-sample max-rank CUDA event,MPI one process per GPU,0.05033599958,0.05782400072,0.06348799914,0.1082399935,0.1139200032,634.8806435950127,603.2257268756819,0,1,10,m128n160,128,160,0.08001600206,0.08195839822,429.41083637539595,0.0631679967,0.06369759887,543.9421884974864,0.143215999,0.1449327916,479.83100502619124,48.516785139149775,79.54418779706309,466.84427130434784,102.78181280570476,0,0,10,m128n160,128,160,0.131776005,0.1333504021,521.4870244093377,52.72871834270351,82.13938000321076,466.84427130434784,111.70470678633792,0,1,10,m128n160,128,160,0.07548800111,0.07661120594,455.1682103481783,0.06105599925,0.06168159842,562.7577763048404,0.1365439892,0.1379871964,503.27720127866314,50.88748243464743,83.4309908971079,485.7460911289593,103.60910987651151,0,0,10,m128n160,128,160,0.1261599958,0.127263993,544.701006846419,55.07593598042659,85.79581254234633,485.7460911289593,112.1369820147061
oproj,representative_small,artificial,Mx4096x4096 OProj stress shape,4096,8,512,4096,4096,32,8,128,,True,512,4096,4096,4096,4096,512,10,50,per-sample max-rank CUDA event,MPI one process per GPU,0.03774400055,0.04704000056,0.04820799828,0.08473599702,0.08600000292,405.4916396379943,399.5318279228728,0,1,22,m128n160,128,160,0.06390400231,0.06553120166,268.8387043531327,0.05375999957,0.05459360033,319.5660216036717,0.1177439988,0.1212944016,291.81732163151236,29.50630147942491,73.03981841663085,281.3051703108177,103.73692076440673,0,0,22,m128n160,128,160,0.107408002,0.1095807999,319.89924147364735,32.34572714597041,78.89169842299086,281.3051703108177,113.7196451526954,0,1,22,m128n160,128,160,0.05855999887,0.05923200026,293.37208872114854,0.05153600127,0.0523872003,333.35665865874427,0.110047996,0.1109151989,312.2250255970132,31.569770030031666,78.1477228535811,287.7121705743349,108.51992287074454,0,0,22,m128n160,128,160,0.1009920016,0.1018095985,340.22237230319433,34.400644317815406,83.9036712586554,287.7121705743349,118.2509490731789
oproj,representative_small,artificial,Mx4096x4096 OProj stress shape,16384,4,4096,4096,4096,32,8,128,,True,4096,4096,4096,4096,4096,4096,10,50,per-sample max-rank CUDA event,MPI one process per GPU,0.1718879938,0.1782720089,0.1816319972,0.3502240181,0.3536320031,784.8630954417115,777.2992956926189,0,1,10,m128n256,128,256,0.2252160013,0.2269552052,610.253945894918,0.1777279973,0.1785552055,773.3106520072175,0.4029759765,0.4059807956,682.1198358557734,68.97066085498214,87.755107927631,602.8024275087719,113.15811030735229,0,0,10,m128n256,128,256,0.3901439905,0.3936879933,704.5550197805751,71.23913243484076,89.76788740258706,602.8024275087719,116.87992410586676,0,1,10,m128n256,128,256,0.2199200094,0.2216496021,624.9497435316134,0.1736960113,0.1745056063,791.2614253105764,0.3936799765,0.3954863846,698.2267916895184,70.59927115161966,89.82727702941732,610.9918745174953,114.27759039200205,0,0,10,m128n256,128,256,0.3817279935,0.38445279,720.0884179954699,72.80974903897571,91.74700940553369,610.9918745174953,117.85564555406386
oproj,representative_small,artificial,Mx4096x4096 OProj stress shape,16384,8,2048,4096,4096,32,8,128,,True,2048,4096,4096,4096,4096,2048,10,50,per-sample max-rank CUDA event,MPI one process per GPU,0.1148640066,0.1219519973,0.1252799928,0.2380959988,0.2406720072,577.2417603180654,571.0633117285938,0,1,10,m128n256,128,256,0.1825760007,0.1869343966,376.3883340226983,0.1285919994,0.1317759901,534.3993176608155,0.3115360141,0.3201983869,441.1655386586652,44.607233433636516,77.2533499522616,356.6359897594288,123.70191212509324,0,0,10,m128n256,128,256,0.2956959903,0.2976880074,464.7981642651311,46.9967810177079,80.52053683867624,356.6359897594288,130.3284518701166,0,1,10,m128n256,128,256,0.1752640009,0.176276803,392.09122457046453,0.1256479919,0.1265279949,546.9206128713307,0.3010240197,0.3019551933,456.5713845990477,46.164952942269736,79.95109740407206,371.344222299143,122.95098649232474,0,0,10,m128n256,128,256,0.291087985,0.2923696041,472.15605093422187,47.740753380608886,81.7951997572143,371.344222299143,127.14781127087743
oproj,representative_small,artificial,Mx4096x4096 OProj stress shape,131072,4,32768,4096,4096,32,8,128,,True,32768,4096,4096,4096,4096,32768,10,50,per-sample max-rank CUDA event,MPI one process per GPU,1.433295965,1.44939208,1.493119955,2.875455856,2.916559935,764.7563953949985,753.9784213458997,0,1,10,m128n256,128,256,1.497904062,1.57953763,734.0334108633988,1.386271954,1.391960025,793.1428062173724,2.89455986,2.965428829,759.7090272481012,76.81587737594552,100.76004905975584,723.2258850198338,105.04450172262113,0,0,10,m128n256,128,256,2.952928066,2.978972912,744.692456572696,75.29751835922103,97.37642745544618,723.2258850198338,102.96816969601046,0,1,10,m128n256,128,256,1.543600082,1.571239948,712.3034266436375,1.396271944,1.41022563,787.4623797325257,2.941712141,2.978964806,747.5317604680614,75.58460672073421,99.14498071890033,714.3470574939213,104.64545946203782,0,0,10,m128n256,128,256,2.966592073,3.004166365,741.262432258916,74.95070093618968,96.92791544110621,714.3470574939213,103.76782888410284
oproj,representative_small,artificial,Mx4096x4096 OProj stress shape,131072,8,16384,4096,4096,32,8,128,,True,16384,4096,4096,4096,4096,16384,10,50,per-sample max-rank CUDA event,MPI one process per GPU,0.8379679918,0.8118560314,0.8126400113,1.651328087,1.650543928,665.8347523014063,666.1510845750722,0,1,10,m128n256,128,256,0.9217600226,0.9269120097,596.4196758472003,0.8085759878,0.8107119799,679.9061834420703,1.729151964,1.735473514,635.8675528046302,64.29398916123662,95.45395444492004,587.2832110757397,108.27272784452624,0,0,10,m128n256,128,256,1.724560022,1.736251235,637.5606611249626,64.46518312689207,95.75358734600192,587.2832110757397,108.56102287636124,0,1,10,m128n256,128,256,0.9079999924,0.9210352302,605.4579498782824,0.79648,0.8028224111,690.2317872237846,1.704416037,1.720921636,645.0958005014359,65.22707790712192,96.83926295983332,591.9704141598634,108.97433132988058,0,0,10,m128n256,128,256,1.709392071,1.726150393,643.2179290107401,65.03720212444289,96.60323778347514,591.9704141598634,108.6571074541974
oproj,representative_small,artificial,Mx4096x4096 OProj stress shape,262144,4,65536,4096,4096,32,8,128,,True,65536,4096,4096,4096,4096,65536,10,50,per-sample max-rank CUDA event,MPI one process per GPU,2.868671894,2.950111866,3.001999855,5.867759705,5.87494421,749.5273719808878,748.6107703998094,0,1,10,m128n256,128,256,3.110687971,3.128383875,706.9250519669047,2.769984007,2.798615932,793.8757949485879,5.865887642,5.921006203,749.7665791642179,75.81057423298462,100.15439381987399,689.2729332233869,108.7764429770849,0,0,10,m128n256,128,256,5.910480022,5.959905624,744.1098683581678,75.23861156300988,99.27721070300574,689.2729332233869,107.95576505207245,0,1,10,m128n256,128,256,3.293024063,3.504764795,667.7823221093178,2.789151907,2.822868824,788.4200390925499,6.084784031,6.248257637,722.7941844274801,73.08333512916886,96.55140067534141,696.5600200953065,103.76624606284237,0,0,10,m128n256,128,256,5.911536217,6.006625652,743.9769206617381,75.22516892434157,99.25947316580569,696.5600200953065,106.80729573884298
oproj,representative_small,artificial,Mx4096x4096 OProj stress shape,262144,8,32768,4096,4096,32,8,128,,True,32768,4096,4096,4096,4096,32768,10,50,per-sample max-rank CUDA event,MPI one process per GPU,1.605423927,1.58664,1.58779192,3.200880051,3.198447943,687.0058298076475,687.5282307985339,0,1,10,m128n256,128,256,1.79590404,1.824734449,612.2329496936819,1.587631941,1.58969605,692.5481904095806,3.383888006,3.412278414,649.8510741646572,65.7078942532515,94.51991133656922,621.5357276523664,104.55570697749623,0,0,10,m128n256,128,256,3.369264126,3.39949131,652.6716734917088,65.9930913540656,95.00234862263807,621.5357276523664,105.00951827129029,0,1,10,m128n256,128,256,1.788560033,1.796392083,614.7468396304034,1.578992009,1.581819177,696.3376771440013,3.363168001,3.371572733,653.8547152262822,66.11271134745017,95.10223521539743,625.2113322886962,104.58139215627008,0,0,10,m128n256,128,256,3.365871906,3.398681641,653.3294542885079,66.05960104029403,95.09809465102086,625.2113322886962,104.49737881379731
oproj,representative_small,artificial,Mx4096x4096 OProj stress shape,524288,4,131072,4096,4096,32,8,128,,True,131072,4096,4096,4096,4096,131072,10,50,per-sample max-rank CUDA event,MPI one process per GPU,5.722527981,6.000351906,6.502255917,11.72689629,12.23638344,750.0785207513761,718.8474491126277,0,1,10,m128n256,128,256,6.189760208,6.224707127,710.5358468361526,5.480575562,5.582889557,802.478947940833,11.67728043,11.79698372,753.2655462833652,76.1643626171249,104.78795566614649,690.4900999663678,109.0914332182395,0,0,10,m128n256,128,256,11.98483276,13.41485119,733.9353997133289,74.20984830266218,97.84780918378038,690.4900999663678,106.29195114442297,0,1,10,m128n256,128,256,6.523648262,6.592886448,674.1697796189368,5.668272018,5.795081615,775.906042818286,12.13644791,12.36104774,724.7666769912418,73.282778259984,100.8234331061369,691.2541801064444,104.84807149804675,0,0,10,m128n256,128,256,11.99009609,12.35933781,733.6132217942885,74.17727217333555,97.8048566247979,691.2541801064444,106.1278532422504
oproj,representative_small,artificial,Mx4096x4096 OProj stress shape,524288,8,65536,4096,4096,32,8,128,,True,65536,4096,4096,4096,4096,65536,10,50,per-sample max-rank CUDA event,MPI one process per GPU,3.183599949,3.144271851,3.133823872,6.334000111,6.319616318,694.3552942896372,695.9356849840959,0,1,10,m128n256,128,256,3.535344124,3.553443193,622.0110909780278,3.118336201,3.148379326,705.191202554365,6.657232285,6.696590424,660.6418888242233,66.79897763642298,94.92858364337515,628.5768441679242,105.10121315377837,0,0,10,m128n256,128,256,6.678095818,6.739374161,658.5779286439102,66.5902860105066,94.84739787541635,628.5768441679242,104.7728586813757,0,1,10,m128n256,128,256,3.538991928,3.552532673,621.3699551427742,3.158735991,3.162284851,696.1719060464525,6.695504189,6.71009922,656.8656201170812,66.41715066906788,94.38596615894073,631.8160520904261,103.96469319571356,0,0,10,m128n256,128,256,6.671376228,6.75342083,659.2412660891833,66.65735754187901,94.94293073168292,631.8160520904261,104.34069598390516
oproj,representative_medium,artificial,Mx5120x5120 OProj stress shape,1024,4,256,5120,5120,40,8,128,,True,256,5120,5120,5120,5120,256,10,50,per-sample max-rank CUDA event,MPI one process per GPU,0.03110400029,0.03903999925,0.04894400015,0.07017600536,0.08001600206,382.5174354438347,335.4772159182781,0,1,14,m128n128,128,128,0.04838399962,0.04980000108,277.40106037972066,0.05596800148,0.05682080239,239.81154311533226,0.1044159979,0.1068432033,257.0826898164424,25.99420523927628,76.63193731733706,309.5427405503785,83.05240476948025,0,0,14,m128n128,128,128,0.08871999383,0.09022080153,302.5647820877447,30.593001222218877,79.09829828715623,309.5427405503785,97.74572052627475,0,1,14,m128n128,128,128,0.04396799952,0.04489919916,305.2623031869975,0.05435200036,0.05523199961,246.9416527653261,0.0984160006,0.09942400455,272.75590794531837,27.578959347352715,81.30385462950828,325.64471330704845,83.75873975516944,0,0,14,m128n128,128,128,0.08260799944,0.08389919996,324.95092221059116,32.85651387366948,84.95061717475724,325.64471330704845,99.78694845391115
oproj,representative_medium,artificial,Mx5120x5120 OProj stress shape,1024,8,128,5120,5120,40,8,128,,True,128,5120,5120,5120,5120,128,10,50,per-sample max-rank CUDA event,MPI one process per GPU,0.02807999961,0.03585600108,0.04512000084,0.06403200328,0.07332800329,209.61038406543508,183.03747815032042,0,1,10,m128n64,128,64,0.04060800001,0.04141119868,165.26020484504033,0.05559999868,0.05649759993,120.69939854897854,0.09628800303,0.09746400267,139.39195307455114,14.094231857891925,76.15486974753598,176.30534175869323,79.06280756106361,0,0,10,m128n64,128,64,0.08214399964,0.08305600286,163.39322237560333,16.52105382968689,77.9509198001355,176.30534175869323,92.6762744371282,0,1,10,m128n64,128,64,0.03580800071,0.03685600311,187.41304364769712,0.05387200043,0.05481600016,124.57095237664261,0.08977600187,0.09107039869,149.50290189393127,15.116572486747348,81.6788470889832,189.10296499645148,79.05899407591875,0,0,10,m128n64,128,64,0.07617600262,0.07730080187,176.19423884650143,17.8153932099597,84.05797242921801,189.10296499645148,93.1737050499487
oproj,representative_medium,artificial,Mx5120x5120 OProj stress shape,4096,4,1024,5120,5120,40,8,128,,True,1024,5120,5120,5120,5120,1024,10,50,per-sample max-rank CUDA event,MPI one process per GPU,0.07276800275,0.085616,0.09854400158,0.1586720049,0.1715520024,676.7052730421509,625.8987414768877,0,1,10,m128n192,128,192,0.1069440022,0.1092848033,502.01124042092374,0.104016006,0.1051568016,516.1425944387828,0.2109760046,0.2141792029,508.94025888667346,51.460086843950805,81.31351369804071,518.215166023166,98.21022082242997,0,0,10,m128n192,128,192,0.1938399971,0.1956112087,553.9320264465687,56.00930499965305,81.85720556843735,518.215166023166,106.89228389386928,0,1,10,m128n192,128,192,0.1011840031,0.1021328047,530.5887250471908,0.1013119966,0.101859197,529.9184006013361,0.202511996,0.2034656107,530.2114665839351,53.6108661864444,84.71201992399502,533.0330569330243,99.47065377796189,0,0,10,m128n192,128,192,0.1855999976,0.1866127998,578.5246971360953,58.495924887370606,85.49138305592305,533.0330569330243,108.53448761035978
oproj,representative_medium,artificial,Mx5120x5120 OProj stress shape,4096,8,512,5120,5120,40,8,128,,True,512,5120,5120,5120,5120,512,10,50,per-sample max-rank CUDA event,MPI one process per GPU,0.05243200064,0.06639999896,0.07742400467,0.1188800037,0.129776001,451.60741528476245,413.6904418868632,0,1,28,m128n256,128,256,0.09616000205,0.0970479995,279.1550023682638,0.08854400367,0.08921919763,303.16616018454323,0.184799999,0.1857984066,290.51456434261127,29.37457677882824,70.22510914623977,323.69700211568636,89.7489202692041,0,0,28,m128n256,128,256,0.1664159894,0.1683423966,322.60776980363886,32.61959249784013,71.43544567358742,323.69700211568636,99.66350250236232,0,1,28,m128n256,128,256,0.09155199677,0.09245119989,293.2054629833717,0.08697599918,0.08781759441,308.63164382218025,0.1785599887,0.1799775958,300.6669724324417,30.401109447162963,72.67921662900508,343.5138455976674,87.52688611701285,0,0,28,m128n256,128,256,0.159679994,0.1604752094,336.21676614040956,33.99562852784727,74.44890291015417,343.5138455976674,97.87575390314706
oproj,representative_medium,artificial,Mx5120x5120 OProj stress shape,16384,4,4096,5120,5120,40,8,128,,True,4096,5120,5120,5120,5120,4096,10,50,per-sample max-rank CUDA event,MPI one process per GPU,0.2602880001,0.2779999971,0.2929120064,0.5385600328,0.5535999537,797.4909080553666,775.8250822267004,0,1,10,m128n256,128,256,0.3235040009,0.3258464038,663.8198112003629,0.304143995,0.3079439998,706.0746499367841,0.6278399825,0.6320480108,684.0862983746022,69.16949427447949,88.17532637784821,600.4461252217492,113.92967156245102,0,0,10,m128n256,128,256,0.614463985,0.616273582,698.9778735363961,70.67521471551022,87.64712756924231,600.4461252217492,116.40975670852374,0,1,10,m128n256,128,256,0.320735991,0.3222431839,669.5486968283519,0.3032799959,0.3045327961,708.0861504324494,0.6239359975,0.6254816055,688.3666454907501,69.6022897361729,88.72704186297571,606.1680291168158,113.56036815298513,0,0,10,m128n256,128,256,0.616944015,0.6214848161,696.1680787194281,70.3911100828542,87.29479818359208,606.1680291168158,114.84737651600365
oproj,representative_medium,artificial,Mx5120x5120 OProj stress shape,16384,8,2048,5120,5120,40,8,128,,True,2048,5120,5120,5120,5120,2048,10,50,per-sample max-rank CUDA event,MPI one process per GPU,0.1715680063,0.186432004,0.1916640103,0.3578559756,0.3631359935,600.097188372897,591.3717412867805,0,1,10,m128n256,128,256,0.2318879962,0.2520959973,463.04329745206536,0.2175520062,0.2187376022,493.55638808170175,0.4495680034,0.4695727825,477.677154904036,48.29900454034742,80.77443028722448,416.0241865343524,114.81956346896017,0,0,10,m128n256,128,256,0.432287991,0.471190393,496.7715256286174,50.22967903221612,82.78184521669954,416.0241865343524,119.40928958167615,0,1,10,m128n256,128,256,0.2245920002,0.2256383896,478.08551642259255,0.2144159973,0.215683192,500.77505294424225,0.4390560091,0.441059202,489.1138268217817,49.45539199411342,82.70835291478532,428.94764692875407,114.02646227897851,0,0,10,m128n256,128,256,0.4258559942,0.43095842,504.27460861134455,50.98833251884171,84.03215652095194,428.94764692875407,117.56087537067242
oproj,representative_medium,artificial,Mx5120x5120 OProj stress shape,131072,4,32768,5120,5120,40,8,128,,True,32768,5120,5120,5120,5120,32768,10,50,per-sample max-rank CUDA event,MPI one process per GPU,2.148928165,2.401696205,2.458015919,4.550640106,4.607647896,755.0528621829889,745.7110253113838,0,1,10,m128n256,128,256,2.458015919,2.486526489,698.9323808362202,2.369760036,2.421004772,724.9623980071203,4.815055847,4.866865635,713.5896126606234,72.15264030946646,95.69251203744138,726.5910972929123,98.21061878121972,0,0,10,m128n256,128,256,4.840352058,4.934127808,709.8603150407454,71.7755626937053,94.01465123758567,726.5910972929123,97.69735931055287,0,1,10,m128n256,128,256,2.447728157,2.502959967,701.8699823699418,2.563071966,2.702329636,670.2843077329339,5.023200035,5.176446438,684.0209055700088,69.16288226188159,91.72734240913023,732.2298171465358,93.4161501693014,0,0,10,m128n256,128,256,4.960975647,5.244103909,692.6004240471934,70.03037654673341,91.72873301145637,732.2298171465358,94.58784767140783
oproj,representative_medium,artificial,Mx5120x5120 OProj stress shape,131072,8,16384,5120,5120,40,8,128,,True,16384,5120,5120,5120,5120,16384,10,50,per-sample max-rank CUDA event,MPI one process per GPU,1.275023937,1.256367922,1.253327966,2.528111935,2.529680014,679.5533435903818,679.1321071804143,0,1,10,m128n256,128,256,1.389296055,1.400139213,618.2940317929572,1.407904029,1.422473669,610.1221684905058,2.802927971,2.818390369,612.9258176360038,61.97429905318542,90.25133860637477,616.6500066044508,99.39606114837262,0,0,10,m128n256,128,256,2.782912016,2.802791834,617.3342558164439,62.4200460886192,90.84412013261435,616.6500066044508,100.11096232946804,0,1,10,m128n256,128,256,1.380128026,1.383443236,622.401286704977,1.415247917,1.420052767,606.9561727537239,2.793407917,2.803731203,615.0146951130016,62.1855101226493,90.55891903953533,620.2728036452429,99.15229097562552,0,0,10,m128n256,128,256,2.775792122,2.79651022,618.9177153374744,62.580153219158184,91.07713488207673,620.2728036452429,99.78153349626086
oproj,representative_medium,artificial,Mx5120x5120 OProj stress shape,262144,4,65536,5120,5120,40,8,128,,True,65536,5120,5120,5120,5120,65536,10,50,per-sample max-rank CUDA event,MPI one process per GPU,4.483488083,4.845295906,4.887423992,9.365455627,9.368559837,733.7547629598097,733.5116381986556,0,1,10,m128n256,128,256,4.906368256,4.949929714,700.3089979228823,4.620335579,4.75062561,743.6632638583502,9.520719528,9.592307091,721.7886897508026,72.98166731555132,98.40180471074159,717.4973029241203,100.59810494188521,0,0,10,m128n256,128,256,9.850288391,10.85482407,697.6392366216154,70.53986214576496,95.07798406752251,717.4973029241203,97.23231485030335,0,1,10,m128n256,128,256,5.016655922,5.15372324,684.9131952087664,4.740287781,5.035223961,724.8449873807356,9.758159637,10.04643631,704.2257894145988,71.20584321684518,96.00744592737799,722.7615714269305,97.43542231005215,0,0,10,m128n256,128,256,9.623487473,9.702357292,714.0808041658682,72.20230578016867,97.3187283017311,722.7615714269305,98.79894454765711
oproj,representative_medium,artificial,Mx5120x5120 OProj stress shape,262144,8,32768,5120,5120,40,8,128,,True,32768,5120,5120,5120,5120,32768,10,50,per-sample max-rank CUDA event,MPI one process per GPU,2.44868803,2.477119923,2.491280079,4.927599907,4.938176155,697.2915621495484,695.7981507648343,0,1,10,m128n256,128,256,2.729328156,2.76347661,629.4541440988967,2.766623974,2.784343958,620.968709353055,5.496640205,5.538642883,625.1043744275781,63.20570014434562,89.8399016640748,628.5845412605086,99.44634864453529,0,0,10,m128n256,128,256,5.482431889,5.509505749,626.7244001141114,63.36950456158861,89.8798198822457,628.5845412605086,99.70407462730996,0,1,10,m128n256,128,256,2.724960089,2.736023903,630.4631489228391,2.765216112,2.77935195,621.2848648409727,5.489120007,5.50623703,625.9607792174837,63.29229314635831,89.9629840248089,631.0782526513223,99.18909051098834,0,0,10,m128n256,128,256,5.481984138,5.50804472,626.7755889665073,63.37468038083997,89.8871609795964,631.0782526513223,99.31820441177645
oproj,representative_medium,artificial,Mx5120x5120 OProj stress shape,524288,4,131072,5120,5120,40,8,128,,True,131072,5120,5120,5120,5120,131072,10,50,per-sample max-rank CUDA event,MPI one process per GPU,8.928911209,10.30641556,10.02180862,19.2366066,18.96315193,714.4656868535224,724.7685088393425,0,1,10,m128n256,128,256,9.867183685,9.99385643,696.4446890804993,9.946687698,11.19785309,690.8779970021333,19.76993561,21.1382885,695.1917101969761,70.29238727977514,95.91913855504964,722.4782979581488,96.22319620696022,0,0,10,m128n256,128,256,19.60780716,23.40071678,700.9399488198557,70.87360453183575,98.10687367041608,722.4782979581488,97.01882406721913,0,1,10,m128n256,128,256,9.785312653,9.970314026,702.2716511253409,9.808688164,11.63075542,700.5980370363419,19.65129662,21.53227806,699.3887280298962,70.71675713143541,96.49822246691016,720.2079141215197,97.10928112793404,0,0,10,m128n256,128,256,20.36931229,23.17021751,674.7353642345281,68.2240004281626,94.43915595247618,720.2079141215197,93.6861913073453
oproj,representative_medium,artificial,Mx5120x5120 OProj stress shape,524288,8,65536,5120,5120,40,8,128,,True,65536,5120,5120,5120,5120,65536,10,50,per-sample max-rank CUDA event,MPI one process per GPU,4.979295731,4.914591789,4.95563221,9.889088631,9.932623863,694.902020804833,691.8562273558632,0,1,10,m128n256,128,256,5.415776253,5.4246912,634.4379228917898,5.486271858,5.542924881,626.285741161316,10.90592003,10.9688015,630.1116874776862,63.712000756085565,91.07552444614798,641.8963891333159,98.16408039441671,0,0,10,m128n256,128,256,10.96635246,11.07717228,626.6393222965952,63.36090215334633,90.17664412183228,641.8963891333159,97.62312624046372,0,1,10,m128n256,128,256,5.415984154,5.460742474,634.4135690024768,5.479519844,5.563528061,627.0574675557284,10.93144035,10.97942543,628.6406414503281,63.563260005088786,90.86290136505204,643.0381437551293,97.76101893105056,0,0,10,m128n256,128,256,10.96321583,11.06588268,626.8186068904565,63.379030019257485,90.20244410348346,643.0381437551293,97.47767111139689
oproj,representative_large,artificial,Mx7168x16384 OProj stress shape,1024,4,256,7168,16384,128,8,128,,True,256,16384,7168,7168,16384,256,10,50,per-sample max-rank CUDA event,MPI one process per GPU,0.08166400343,0.1300320029,0.2193599939,0.2116959989,0.301135987,568.0744317931462,399.3514208848111,0,1,10,m128n160,128,160,0.1537439972,0.1557088047,391.10172259785634,0.190080002,0.191497609,316.33807613280646,0.3439999819,0.3463312089,349.59037969647056,35.34786447891512,87.53953571065581,520.151748650519,67.20930586188499,0,0,10,m128n160,128,160,0.2914559841,0.300987184,412.6149087635082,41.72041544625968,72.63395176246098,520.151748650519,79.32587169686457,0,1,10,m128n160,128,160,0.1501599997,0.1512800008,400.4364828458374,0.1881279945,0.1890735924,319.6203855986994,0.3382560015,0.3396224082,355.5268310235731,35.94811233807615,89.02605886210713,485.7932098837022,73.18480863672126,0,0,10,m128n160,128,160,0.2841439843,0.2862432003,423.2329063177707,42.79402490574021,74.50307259593107,485.7932098837022,87.12203005453527
oproj,representative_large,artificial,Mx7168x16384 OProj stress shape,1024,8,128,7168,16384,128,8,128,,True,128,16384,7168,7168,16384,128,10,50,per-sample max-rank CUDA event,MPI one process per GPU,0.0689920038,0.1166400015,0.2188320011,0.1856960058,0.2876480222,323.80633005516154,209.03860796300654,0,1,22,m128n160,128,160,0.08894400299,0.09005120397,338.01909135324377,0.1929119974,0.1941903979,155.84707782409805,0.281791985,0.2833311856,213.3827267798266,21.575604325563866,102.07814186056427,269.16603775503523,79.27550167901333,0,0,22,m128n160,128,160,0.2236799896,0.2257792056,268.8194963328092,27.180939972983744,83.01860445007817,269.16603775503523,99.8712536599653,0,1,22,m128n160,128,160,0.08500799537,0.0858591944,353.6699217660895,0.1910720021,0.1922591925,157.3478622800279,0.2760960162,0.2772223949,217.78489589086652,22.020717481381855,104.18405385162526,281.2104395164165,77.44552309842419,0,0,22,m128n160,128,160,0.2210240066,0.2235696018,272.04982422031617,27.5075656441169,84.01621554895839,281.2104395164165,96.74243413158722
oproj,representative_large,artificial,Mx7168x16384 OProj stress shape,4096,4,1024,7168,16384,128,8,128,,True,1024,16384,7168,7168,16384,1024,10,50,per-sample max-rank CUDA event,MPI one process per GPU,0.2836800218,0.3300800025,0.3880159855,0.6141600013,0.6726080179,783.2426991887854,715.1807952778792,0,1,10,m128n256,128,256,0.3849279881,0.3888576031,624.8393881754216,0.4118080139,0.4296559989,584.054123420739,0.7969120145,0.8144847751,603.6254045608945,61.03391350464049,84.40179162338379,624.4759981234037,96.66110569098464,0,0,10,m128n256,128,256,0.7312799692,0.7450736165,657.8005106282897,66.51167953774414,83.98425051514455,624.4759981234037,105.33639605125394,0,1,10,m128n256,128,256,0.4071039855,0.4093855917,590.8027853881082,0.4326400161,0.4376176,555.9313970633887,0.8398720026,0.8457663655,572.7495804870875,57.91198993802705,80.08458620096881,632.1440654237778,90.60428022892641,0,0,10,m128n256,128,256,0.7170239687,0.7445440292,670.8790196011756,67.83407680497227,85.6540406052956,632.1440654237778,106.12755166046378
oproj,representative_large,artificial,Mx7168x16384 OProj stress shape,4096,8,512,7168,16384,128,8,128,,True,512,16384,7168,7168,16384,512,10,50,per-sample max-rank CUDA event,MPI one process per GPU,0.19472,0.2562080026,0.291696012,0.4509440064,0.4864960313,533.3659282803587,494.38875777320237,0,1,10,m128n256,128,256,0.3015519977,0.3036544025,398.80048948520033,0.3079680204,0.3094896078,390.4921171094426,0.6096159816,0.6124479771,394.5404579859197,39.89286733932454,79.80368723653554,508.49507098520087,77.58982938054916,0,0,10,m128n256,128,256,0.5624960065,0.5667871833,427.59089095150756,43.23467047032432,80.1683925199565,508.49507098520087,84.08948588686557,0,1,10,m128n256,128,256,0.2962400019,0.298723191,405.95153766099133,0.3054080009,0.3064880073,393.7653366434776,0.6012480259,0.6045680046,400.0315314399105,40.448082046502584,80.9143665081928,506.5161219204135,78.97705801016252,0,0,10,m128n256,128,256,0.5534880161,0.5562064052,434.5499117952809,43.93831261832971,81.47312918849663,506.5161219204135,85.79192112340299
oproj,representative_large,artificial,Mx7168x16384 OProj stress shape,16384,4,4096,7168,16384,128,8,128,,True,4096,16384,7168,7168,16384,4096,10,50,per-sample max-rank CUDA event,MPI one process per GPU,1.256495953,1.317775965,1.389008045,2.572783947,2.644752026,747.8845438427326,727.5333678515537,0,1,10,m128n256,128,256,1.392832041,1.459432006,690.7312913431175,1.424351931,1.438124776,675.4459016519563,2.813136101,2.88878727,683.985871826114,69.15933992175066,94.01436443334029,650.0561121278845,105.21951244903526,0,0,10,m128n256,128,256,2.853360176,2.93819356,674.3436614810314,68.18439448746527,90.16681345173438,650.0561121278845,103.73622351978885,0,1,10,m128n256,128,256,1.389296055,1.476996899,692.4893156081121,1.433840036,1.4476192,670.9762945299708,2.826864004,2.913374424,680.6642788211046,68.82348623064759,93.5578090158454,655.5772152744611,103.826713766454,0,0,10,m128n256,128,256,2.871232033,2.890892744,670.1462391381727,67.75998373490118,89.6055741030387,655.5772152744611,102.22232004472764
oproj,representative_large,artificial,Mx7168x16384 OProj stress shape,16384,8,2048,7168,16384,128,8,128,,True,2048,16384,7168,7168,16384,2048,10,50,per-sample max-rank CUDA event,MPI one process per GPU,0.7040320039,0.768239975,0.7781920433,1.472144008,1.482944012,653.5180451612449,648.7585954148618,0,1,10,m128n256,128,256,0.8457279801,0.8529136181,568.7837560903704,0.8335520029,0.8459759951,577.0921735877698,1.681071997,1.693729639,572.2971270837247,57.86624136336953,88.21418800898626,600.8147793797364,95.25350352974797,0,0,10,m128n256,128,256,1.61552,1.628470421,595.518888224225,60.214245523177446,91.12508715460037,600.8147793797364,99.11854845498662,0,1,10,m128n256,128,256,0.8385759592,0.8431439996,573.6347815299973,0.8378880024,0.840529561,574.1057704301126,1.676399946,1.681817651,573.892093351332,58.027511966767655,88.46003697019921,602.3796873328909,95.27082426904349,0,0,10,m128n256,128,256,1.620336056,1.662097573,593.748852740459,60.035273280127306,90.85423993058387,602.3796873328909,98.56721022074203
oproj,representative_large,artificial,Mx7168x16384 OProj stress shape,131072,4,32768,7168,16384,128,8,128,,True,32768,16384,7168,7168,16384,32768,10,50,per-sample max-rank CUDA event,MPI one process per GPU,9.938415527,11.02755165,10.80947208,20.99399948,20.7488327,733.2172606524233,741.8809053708355,0,1,10,m128n256,128,256,11.78592014,11.81716824,653.0318636990188,11.04993629,14.23148155,696.5272190209162,22.84321594,26.00574493,673.8614575677824,68.13563777227324,90.83148692591662,690.3219046317812,97.61554037999433,0,0,10,m128n256,128,256,23.30721664,25.56988144,660.44620542318,66.77919165047321,90.07510336506658,690.3219046317812,95.67220755880014,0,1,10,m128n256,128,256,11.78635216,11.81398582,653.007927300214,11.08276749,14.52364349,694.4638513238357,22.88459206,26.30709076,672.6430931565402,68.01244622411934,90.66726051135038,697.0460311653434,96.49909232421774,0,0,10,m128n256,128,256,23.24168015,27.8980732,662.3085202755447,66.96749446668804,90.32909559251463,697.0460311653434,95.01646816183381
oproj,representative_large,artificial,Mx7168x16384 OProj stress shape,131072,8,16384,7168,16384,128,8,128,,True,16384,16384,7168,7168,16384,16384,10,50,per-sample max-rank CUDA event,MPI one process per GPU,5.567968369,5.510799885,6.02812767,11.07977676,11.59867191,694.6513058113277,663.5743690444641,0,1,10,m128n256,128,256,6.050335884,6.089206696,636.0457949768926,5.593760014,5.655428886,687.9613511456589,11.6527195,11.7067709,660.4965814574015,66.78428528386263,99.53618045984888,670.6938070330177,98.47960045721516,0,0,10,m128n256,128,256,11.62932777,11.75052166,661.8251326862378,66.91861806736479,95.27443872192107,670.6938070330177,98.67768656072542,0,1,10,m128n256,128,256,6.057727814,6.104343891,635.2696613938687,5.599167824,5.668550491,687.2969016432895,11.66878319,11.70692635,659.5873167844848,66.69234750095902,99.39915517446512,669.2679473419131,98.55354935256106,0,0,10,m128n256,128,256,11.70969582,11.8398037,657.2827776863635,66.45933040307013,94.62053438720324,669.2679473419131,98.20921206474175
oproj,representative_large,artificial,Mx7168x16384 OProj stress shape,262144,4,65536,7168,16384,128,8,128,,True,65536,16384,7168,7168,16384,65536,10,50,per-sample max-rank CUDA event,MPI one process per GPU,19.87793732,22.01462364,22.20547104,42.27334595,42.48487854,728.2680111042405,724.6419581673589,0,1,10,m128n256,128,256,23.54000092,29.69939423,653.915131149621,22.03465652,24.15901947,698.588733384259,46.28006363,51.25128937,665.2178748901171,67.2616658129542,91.79952490916659,682.5199675023724,97.46496902126235,0,0,10,m128n256,128,256,46.14035034,51.68703461,667.2321590726785,67.46533458773291,91.6190398176331,682.5199675023724,97.76009360053766,0,1,10,m128n256,128,256,23.67139244,29.07915497,650.2854797359778,22.2101593,24.25341797,693.0685449367309,46.61870575,50.78817368,660.3856774322397,66.77307153005458,91.13268559584583,686.8027814178902,96.15361138591885,0,0,10,m128n256,128,256,46.58297729,52.6179657,660.8921835560074,66.82428549605737,90.74848455226336,686.8027814178902,96.22735979484665
oproj,representative_large,artificial,Mx7168x16384 OProj stress shape,262144,8,32768,7168,16384,128,8,128,,True,32768,16384,7168,7168,16384,32768,10,50,per-sample max-rank CUDA event,MPI one process per GPU,10.92089653,11.09497643,11.07208061,22.0167675,21.99948883,699.1563493080445,699.7054753323557,0,1,10,m128n256,128,256,12.01969624,12.06060219,640.3307738192892,11.16593552,14.16499996,689.2912269326806,23.18126297,26.19496727,664.0346908097735,67.14203142667073,94.90202867061475,658.2361571876704,100.88091994928953,0,0,10,m128n256,128,256,23.22639847,28.51897621,662.7442824915937,67.01155535809846,94.7919994072159,658.2361571876704,100.68487962180389,0,1,10,m128n256,128,256,12.02937603,13.7779665,639.8155128942295,11.14649582,14.38178062,690.4933638984669,23.25671959,26.39255524,661.8802247365447,66.92418854767895,94.5941182498473,657.9192369719992,100.60204771983497,0,0,10,m128n256,128,256,23.46155167,30.43943596,656.1016511344836,66.33990405808733,93.84190700461033,657.9192369719992,99.72373724077734
oproj,representative_large,artificial,Mx7168x16384 OProj stress shape,524288,4,131072,7168,16384,128,8,128,,True,131072,16384,7168,7168,16384,131072,10,50,per-sample max-rank CUDA event,MPI one process per GPU,40.33255768,45.24190521,44.95481873,86.43686676,85.63262177,712.3424698678423,719.032652308994,0,1,10,m128n256,128,256,47.83145523,53.72535324,643.6418342216514,44.42124939,45.95540237,693.05402257908,93.15380859,99.28237915,660.9783549103947,66.83299847425629,91.92605548410461,671.0413457972396,98.50039182386155,0,0,10,m128n256,128,256,93.90660095,97.22692108,655.6796916570325,66.29723879241988,92.04557068999098,671.0413457972396,97.71077382393533,0,1,10,m128n256,128,256,48.22812653,53.69439697,638.3479474073612,44.5592804,45.7206192,690.907153377818,93.19803619,98.61042786,660.664684285082,66.8012825364087,91.88243150898951,676.8272188196999,97.6120146936757,0,0,10,m128n256,128,256,94.02923584,98.10861206,654.8245405314996,66.21077255121331,91.92552293744131,676.8272188196999,96.74914399474505
oproj,representative_large,artificial,Mx7168x16384 OProj stress shape,524288,8,65536,7168,16384,128,8,128,,True,65536,16384,7168,7168,16384,65536,10,50,per-sample max-rank CUDA event,MPI one process per GPU,21.8422718,22.19753647,22.49780846,44.11771011,44.44692993,697.8223824619986,692.6535899377922,0,1,10,m128n256,128,256,24.10748672,29.58763504,638.522089326448,22.14625549,24.22546196,695.0684189394765,46.84979248,51.65560913,657.1283232656915,66.44371317145516,94.87113512610378,647.8704180939442,101.42897482477815,0,0,10,m128n256,128,256,46.30413055,51.45158386,664.8721228980726,67.22670605642796,95.27813088372523,647.8704180939442,102.62424465283473,0,1,10,m128n256,128,256,24.10753632,29.98425674,638.5207756005157,22.49537659,24.12358665,684.2811778357519,47.10678482,51.86364365,653.5433419063899,66.08122769528714,94.35356307979077,651.9993474714848,100.2368091994099,0,0,10,m128n256,128,256,46.88278198,55.23849106,656.6659288875246,66.3969594426213,94.10215914409778,651.9993474714848,100.71573406233261
oproj,production_qwen_dense,model,current production Qwen dense,1024,4,256,2048,2048,16,8,128,,True,256,2048,2048,2048,2048,256,10,50,per-sample max-rank CUDA event,MPI one process per GPU,0.01503999997,0.01569600031,0.01598400064,0.03071999922,0.0310720019,139.8101368832001,138.22628196994285,0,1,10,m128n64,128,64,0.02550400048,0.02707839943,84.2018353036041,0.01457600016,0.01533759944,147.33010595685943,0.03992000222,0.04226559773,107.58935513906893,10.878600115173803,77.83567177366754,105.186302779182,102.28456775872392,0,0,10,m128n64,128,64,0.03433600068,0.03489760309,125.08641690765485,12.647767129186537,89.46877508041801,105.186302779182,118.91892157313414,0,1,10,m128n64,128,64,0.02155200019,0.02208000049,99.64196497160479,0.01227200031,0.01243359968,174.9905144844313,0.03367999941,0.03433120251,127.52278418166397,12.894113668520118,92.25653932397144,125.20310287169526,101.85273468209958,0,0,10,m128n64,128,64,0.02969600074,0.03027199954,144.6311688097028,14.62398066832182,103.4482706576064,125.20310287169526,115.51723998239636
oproj,production_qwen_dense,model,current production Qwen dense,1024,8,128,2048,2048,16,8,128,,True,128,2048,2048,2048,2048,128,10,50,per-sample max-rank CUDA event,MPI one process per GPU,0.0148959998,0.01456000004,0.01510400046,0.0294720009,0.0299360007,72.86521384437118,71.73582301526335,0,1,10,m128n64,128,64,0.02948800102,0.03128319979,36.412838675356234,0.01587199979,0.01693440042,67.65006541119668,0.04536000267,0.04809280112,47.343111146249846,4.786967759984818,65.99647032163632,48.806446811671535,97.00175742957026,0,0,10,m128n64,128,64,0.03972800076,0.04130239785,54.0546618737026,5.465587651537168,74.18445513541619,48.806446811671535,110.75311850150094,0,1,10,m128n64,128,64,0.02369599976,0.02412799932,45.313210452193225,0.01283199992,0.01308800001,83.676888302225,0.03652799875,0.03702560067,58.790071218998825,5.944395472092904,81.95357458502978,55.097591243868365,106.70170853529171,0,0,10,m128n64,128,64,0.0322239995,0.03270399943,66.64236846205263,6.738358792927465,91.45978574136956,55.097591243868365,120.95332474170374
oproj,production_qwen_dense,model,current production Qwen dense,4096,4,1024,2048,2048,16,8,128,,True,1024,2048,2048,2048,2048,1024,10,50,per-sample max-rank CUDA event,MPI one process per GPU,0.02180800028,0.0229279995,0.02329600044,0.04468799755,0.04510400072,384.440344743082,380.8945749768514,0,1,22,m128n160,128,160,0.04017600045,0.04228319973,213.8076089154365,0.02175999992,0.02218239941,394.75802498072807,0.06195200235,0.06391039491,277.3093448528383,28.03936752809285,72.80475046663283,273.0777686805206,101.54958647595672,0,0,22,m128n160,128,160,0.05595200136,0.05650399998,307.0465535890886,31.046163153598446,79.86845235878798,273.0777686805206,112.43923482775664,0,1,22,m128n160,128,160,0.03542400151,0.03608159721,242.48910980808054,0.01937600039,0.0195696,443.32857241442287,0.05480000004,0.05555839837,313.5012622529188,31.69881317016368,82.30657059685653,277.3093615490528,113.05109228974374,0,0,22,m128n160,128,160,0.05124799907,0.05193920061,335.2300479192153,33.895859243601144,87.1994972700502,277.3093615490528,120.88666824899705
oproj,production_qwen_dense,model,current production Qwen dense,4096,8,512,2048,2048,16,8,128,,True,512,2048,2048,2048,2048,512,10,50,per-sample max-rank CUDA event,MPI one process per GPU,0.02118400112,0.01945599914,0.01990400068,0.04150399938,0.04200000316,206.9664302312834,204.52223680261267,0,1,12,m128n128,128,128,0.04072000086,0.04201279953,105.47561899044615,0.02067200094,0.02144319937,207.76737135732733,0.06147199869,0.0628112033,139.73735643961376,14.129156363964992,68.32379628943539,140.028925247104,99.79177958627066,0,0,12,m128n128,128,128,0.05527999997,0.05646560341,155.38955493237495,15.711785129663797,75.07959370934132,140.028925247104,110.96961192708191,0,1,12,m128n128,128,128,0.03452799842,0.03536000103,124.39085647988743,0.01758399978,0.01784159988,244.25428513056997,0.05203199759,0.05305120349,165.08946398111948,16.692564608808844,80.7195670074984,151.8300126458607,108.73308979179636,0,0,12,m128n128,128,128,0.04790399969,0.0484687984,179.31560303080823,18.13100131757414,86.63994582620207,151.8300126458607,118.10287037850475
oproj,production_qwen_dense,model,current production Qwen dense,16384,4,4096,2048,2048,16,8,128,,True,4096,2048,2048,2048,2048,4096,10,50,per-sample max-rank CUDA event,MPI one process per GPU,0.05164799839,0.05113600194,0.05212800205,0.1027359962,0.1037279963,668.8938568544294,662.4969071729769,0,1,10,m128n192,128,192,0.07928000391,0.08135199547,433.397283973469,0.05084799975,0.05130239949,675.734316726982,0.1301119924,0.1322015971,528.1563633637818,53.403070107561355,79.72208740076138,429.84061434193103,122.87260573837777,0,0,10,m128n192,128,192,0.1249760017,0.1261183918,549.8613797948058,55.597712820506146,82.204579121209,429.84061434193103,127.92215566614657,0,1,10,m128n192,128,192,0.07531200349,0.07611999661,456.2318989769316,0.04884799942,0.04926560074,703.4011377328172,0.1241440028,0.1248352006,553.5464878372683,55.97032232934968,83.55457691106444,436.92445055718105,126.69157954684542,0,0,10,m128n192,128,192,0.1198720038,0.1205824018,573.2737800116761,57.964992923324175,85.70474584825452,436.92445055718105,131.2066146173824
oproj,production_qwen_dense,model,current production Qwen dense,16384,8,2048,2048,2048,16,8,128,,True,2048,2048,2048,2048,2048,2048,10,50,per-sample max-rank CUDA event,MPI one process per GPU,0.03832000121,0.03875200078,0.03924800083,0.07708799839,0.0775519982,445.72098232683146,443.0541980283881,0,1,10,m128n160,128,160,0.06684800237,0.06767839938,256.99899136716715,0.03851199895,0.03910719976,446.09133912536106,0.1052960008,0.1068463996,326.3157015171273,32.99450975906242,73.65141848768106,295.95971555863474,110.25679657151804,0,0,10,m128n160,128,160,0.1009600013,0.1016959995,340.33020924693665,34.41154795216751,76.35498949820239,295.95971555863474,114.99207201377085,0,1,10,m128n160,128,160,0.06243199855,0.0630896017,275.17730623729966,0.0362560004,0.03647999838,473.84899035912406,0.09854400158,0.09955520183,348.67407266901046,35.25521462780693,78.69783747013939,299.84412625777486,116.28511020731375,0,0,10,m128n160,128,160,0.09468799829,0.09599199891,362.87321506963076,36.69092164505872,81.41263917513953,299.84412625777486,121.02061814533262
oproj,production_qwen_dense,model,current production Qwen dense,131072,4,32768,2048,2048,16,8,128,,True,32768,2048,2048,2048,2048,32768,10,50,per-sample max-rank CUDA event,MPI one process per GPU,0.3472319841,0.3297120035,0.3416479826,0.6773920059,0.6900479794,811.577061878049,796.6921580815515,0,1,10,m128n256,128,256,0.411552012,0.4138303995,667.9056326518457,0.3118720055,0.3127568066,881.380508979348,0.7233120203,0.7272080183,760.0534741009614,76.85070516693239,95.40114916295687,649.8418712235145,116.95975709751384,0,0,10,m128n256,128,256,0.745231986,0.7715519667,737.6975548765563,74.59024821805421,90.89679705454834,649.8418712235145,113.51954799213354,0,1,10,m128n256,128,256,0.4124799967,0.4200367928,666.40299928028,0.3180480003,0.3189760149,864.2654778043577,0.7284960151,0.7322368026,754.6449156795121,76.3038337390811,94.72227233875502,653.4754476571383,115.48175503534064,0,0,10,m128n256,128,256,0.7251839638,0.7363967896,758.0915206773909,76.65232767213256,93.40967805609384,653.4754476571383,116.0091818897444
oproj,production_qwen_dense,model,current production Qwen dense,131072,8,16384,2048,2048,16,8,128,,True,16384,2048,2048,2048,2048,16384,10,50,per-sample max-rank CUDA event,MPI one process per GPU,0.2213279903,0.2120160013,0.2115840018,0.4335039854,0.43315202,634.0839212593777,634.5991574597758,0,1,10,m128n256,128,256,0.2868480086,0.2885999978,479.13511459531884,0.2081599981,0.208692804,660.2563159420014,0.4949920177,0.4969775975,555.3178578944184,56.1494295140969,87.5068697092648,454.2775744070636,122.24197036783853,0,0,10,m128n256,128,256,0.4893760085,0.4914304018,561.6906063428321,56.793792350134694,88.58300731348582,454.2775744070636,123.64480176596152,0,1,10,m128n256,128,256,0.2818880081,0.2838928103,487.5658045845052,0.2080799937,0.2085295916,660.5101770146777,0.4898560047,0.4919568002,561.1402214255637,56.738141701270344,88.42435651376225,458.27651049901607,122.44577423672438,0,0,10,m128n256,128,256,0.483792007,0.4915136099,568.1737254166748,57.449315006741635,89.60544596182218,458.27651049901607,123.98054720238486
oproj,production_qwen_dense,model,current production Qwen dense,262144,4,65536,2048,2048,16,8,128,,True,65536,2048,2048,2048,2048,65536,10,50,per-sample max-rank CUDA event,MPI one process per GPU,0.6589760184,0.697232008,0.7220959663,1.360048056,1.383711934,808.4358658691397,794.6102080637256,0,1,10,m128n256,128,256,0.7805919647,0.7951663733,704.2806469309279,0.6682560444,0.6726847887,822.6724150046462,1.447631955,1.461788893,759.5242865276484,76.79719782888255,95.58451160329628,699.8765447864848,108.52260904948038,0,0,10,m128n256,128,256,1.483936071,1.5502671,740.9427193417148,74.91837404870726,91.65139136239785,699.8765447864848,105.86763120740935,0,1,10,m128n256,128,256,0.8432639837,0.8473487496,651.9379749575328,0.6363999844,0.690918386,863.8526514206495,1.481104016,1.535143971,742.359493930371,75.06162729326299,93.42435906270609,684.8935228971616,108.39049707903838,0,0,10,m128n256,128,256,1.49140799,1.518911958,737.2306137209309,74.5430347543914,91.19222004436224,684.8935228971616,107.64163903936173
oproj,production_qwen_dense,model,current production Qwen dense,262144,8,32768,2048,2048,16,8,128,,True,32768,2048,2048,2048,2048,32768,10,50,per-sample max-rank CUDA event,MPI one process per GPU,0.4518719912,0.4078559875,0.4074720144,0.860032022,0.8593919873,639.2271448329863,639.7032111216195,0,1,10,m128n256,128,256,0.5285279751,0.535051167,520.0820389724721,0.4058400095,0.4087952077,677.3060824699197,0.9347679615,0.9409887791,588.1200859792199,59.46613609496662,91.9363973408924,492.1893263568962,119.49062169478304,0,0,10,m128n256,128,256,0.9241119623,0.9345327616,594.901739524858,60.15184423911608,93.0657817543544,492.1893263568962,120.86847634998958,0,1,10,m128n256,128,256,0.5169759989,0.5223535895,531.7034205241129,0.3975839913,0.3979519904,691.3706611909049,0.9148159623,0.9201167822,600.9468970193984,60.76308362177942,93.9415164050423,497.0020522122795,120.91436933598858,0,0,10,m128n256,128,256,0.9140959978,0.9213135839,601.4202175823158,60.810942121568836,94.08552537915946,497.0020522122795,121.0096044684816
oproj,production_qwen_dense,model,current production Qwen dense,524288,4,131072,2048,2048,16,8,128,,True,131072,2048,2048,2048,2048,131072,10,50,per-sample max-rank CUDA event,MPI one process per GPU,1.43670392,1.455952048,1.488368034,2.897088051,2.924688101,759.0460548111246,751.88299730153,0,1,10,m128n256,128,256,1.615200043,1.657758355,680.7278346363937,1.372640014,1.37802875,801.0196530493974,2.988495827,3.035873652,735.8294549668112,74.40136046176048,97.86488823496022,673.1660149556927,109.30876464630242,0,0,10,m128n256,128,256,2.98516798,3.047944069,736.6497531411951,74.48430264319465,97.04941465304074,673.1660149556927,109.43062138834814,0,1,10,m128n256,128,256,1.602175951,1.650673628,686.2614727737853,1.369503975,1.382513523,802.8539148825764,2.976831913,3.01961422,738.712604480198,74.69288215168838,98.24834543823972,694.0029471149942,106.44228638380632,0,0,10,m128n256,128,256,3.025727987,3.053652763,726.774933173132,73.48583753014479,95.74846329370322,694.0029471149942,104.7221681398289
oproj,production_qwen_dense,model,current production Qwen dense,524288,8,65536,2048,2048,16,8,128,,True,65536,2048,2048,2048,2048,65536,10,50,per-sample max-rank CUDA event,MPI one process per GPU,0.8406559825,0.7970719934,0.796399951,1.637184024,1.637760043,671.5870736935557,671.350868813448,0,1,10,m128n256,128,256,1.001584053,1.008990407,548.8863488204919,0.7835680246,0.7856559753,701.605727426974,1.785776019,1.794454455,615.7052262308379,62.25533126702102,91.71139188648719,521.6137213477351,118.03854098009366,0,0,10,m128n256,128,256,1.777024031,1.790470481,618.7376245875878,62.561943841009885,92.13066314464488,521.6137213477351,118.61989040259635,0,1,10,m128n256,128,256,0.9983199835,1.009827256,550.6809669987939,0.7917280197,0.7924368382,694.3745834539397,1.789311886,1.801246405,614.4885284554579,62.13230823614336,91.53016060610912,524.4320455649445,117.17219297564093,0,0,10,m128n256,128,256,1.780560017,1.806988716,617.5088833166807,62.437703065387325,91.94770231662459,524.4320455649445,117.74812171355188
oproj,llama3_8b,model,Llama 3/3.1 8B,1024,4,256,4096,4096,32,8,128,,True,256,4096,4096,4096,4096,256,10,50,per-sample max-rank CUDA event,MPI one process per GPU,0.0223999992,0.0289919991,0.03030399978,0.05126400292,0.05267199874,335.125394144699,326.16702602844873,0,1,12,m128n128,128,128,0.04188799858,0.04472640157,205.0691100839891,0.03313599899,0.03395839781,259.2327032178003,0.0750399977,0.07790400088,228.94282663337555,23.148920792050106,70.19189812688387,212.28585467061046,107.84648227674452,0,0,12,m128n128,128,128,0.06659200042,0.06714239717,257.98698155402246,26.08564019757558,76.98222398587617,212.28585467061046,121.52810744471097,0,1,12,m128n128,128,128,0.03720000014,0.03773120046,230.91221934602927,0.03105599992,0.03166879714,276.59500947087844,0.06827199459,0.06924639642,251.6386006761898,25.443741221050537,77.15022690682459,226.71914752187067,110.99133153361706,0,0,12,m128n128,128,128,0.06118400022,0.06195839867,280.790224931782,28.391327091181193,83.78661534987816,226.71914752187067,123.84936517313577
oproj,llama3_8b,model,Llama 3/3.1 8B,1024,8,128,4096,4096,32,8,128,,True,128,4096,4096,4096,4096,128,10,50,per-sample max-rank CUDA event,MPI one process per GPU,0.0212159995,0.02707199939,0.02848000079,0.0483520031,0.04975999892,177.65416200513107,172.62730664062482,0,1,10,m128n64,128,64,0.03644800186,0.03717599809,117.83820996545569,0.03363199905,0.03563839942,127.70478762248895,0.07009600103,0.07265760005,122.5452874026814,12.390827846580525,70.9883562383302,133.94983552874618,91.48595585724529,0,0,10,m128n64,128,64,0.06158399954,0.0623216033,139.48322057940828,14.103460119252606,78.51390533444395,133.94983552874618,104.13093829404114,0,1,10,m128n64,128,64,0.03118399903,0.03165119886,137.72984317592187,0.03121599928,0.03192160279,137.5886530966117,0.06249599904,0.06325600296,137.4477522393408,13.897649366970757,79.62109524507571,148.06147993682222,92.83154018046402,0,0,10,m128n64,128,64,0.05592000112,0.05696000159,153.6111305428386,15.531964665605521,86.46638435546583,148.06147993682222,103.74820689917756
oproj,llama3_8b,model,Llama 3/3.1 8B,4096,4,1024,4096,4096,32,8,128,,True,1024,4096,4096,4096,4096,1024,10,50,per-sample max-rank CUDA event,MPI one process per GPU,0.05040000007,0.05799999833,0.06364800036,0.1084479988,0.1139840037,633.6629305878903,602.8870236640056,0,1,10,m128n160,128,160,0.07943999767,0.08261919767,432.5244130888958,0.06358399987,0.06454719603,540.3834052316596,0.1429280043,0.1469487995,480.7978469478987,48.6145446863396,79.74924456424388,466.84427130434784,102.98891439849203,0,0,10,m128n160,128,160,0.1340639889,0.1465184093,512.5871406620514,51.828831209509744,80.89271376289776,466.84427130434784,109.79831437791867,0,1,10,m128n160,128,160,0.07561600208,0.07644320279,454.3977124266393,0.06108799949,0.06171680242,562.4629821709029,0.1366560012,0.1378304064,502.8646830915758,50.84577179894598,83.40943880919005,471.6633954071925,106.61515987634505,0,0,10,m128n160,128,160,0.1267839968,0.1283535957,542.0201166587611,54.80486518288788,85.53760848151461,471.6633954071925,114.91672280203741
oproj,llama3_8b,model,Llama 3/3.1 8B,4096,8,512,4096,4096,32,8,128,,True,512,4096,4096,4096,4096,512,10,50,per-sample max-rank CUDA event,MPI one process per GPU,0.03788800165,0.04739199951,0.04886399955,0.08528000116,0.08681599796,402.90499414435044,395.77657546286645,0,1,22,m128n160,128,160,0.06310400367,0.06358399987,272.2468969455801,0.05352000147,0.05417599902,320.9990417064912,0.1166559979,0.1177376062,294.5389777339515,29.781494209701876,74.42051803836141,281.3051703108177,104.70443092407852,0,0,22,m128n160,128,160,0.1064479947,0.1071360037,322.7842709938809,32.6374389275916,80.1142392586565,281.3051703108177,114.74523224625855,0,1,22,m128n160,128,160,0.05894400179,0.05952319875,291.4608554269318,0.05180799961,0.05219199881,331.6064953931156,0.110799998,0.1114975959,310.10594754703874,31.35550531314851,78.35379018689153,288.9509837956427,107.32129839930141,0,0,22,m128n160,128,160,0.1003679931,0.1013295949,342.3376049152068,34.614520213873284,84.96732725843454,288.9509837956427,118.47601292727252
oproj,llama3_8b,model,Llama 3/3.1 8B,16384,4,4096,4096,4096,32,8,128,,True,4096,4096,4096,4096,4096,4096,10,50,per-sample max-rank CUDA event,MPI one process per GPU,0.1724480093,0.1784159988,0.1824800074,0.3508319855,0.3549599946,783.5029823527879,774.3912303519063,0,1,10,m128n256,128,256,0.2255840003,0.2274864018,609.2584282982058,0.1783039868,0.1792175919,770.8125653194872,0.4039359987,0.4064528048,680.4986627303539,68.8067404176293,87.8753059252899,602.8024275087719,112.88917092498791,0,0,10,m128n256,128,256,0.3923360109,0.4153631926,700.6186006567261,70.84111230098344,89.4213061643789,602.8024275087719,116.22690431958006,0,1,10,m128n256,128,256,0.219983995,0.2218127996,624.7679676514648,0.1735360026,0.1744383872,791.9910071271863,0.3937119842,0.395780772,698.1700277743286,70.59353162531129,90.15727456741207,610.9484081599568,114.27642963782561,0,0,10,m128n256,128,256,0.3818719983,0.3837327957,719.816871013556,72.78229231684085,91.87161851662795,610.9484081599568,117.81958368325851
oproj,llama3_8b,model,Llama 3/3.1 8B,16384,8,2048,4096,4096,32,8,128,,True,2048,4096,4096,4096,4096,2048,10,50,per-sample max-rank CUDA event,MPI one process per GPU,0.1143999994,0.1214240044,0.1248639971,0.2359520048,0.2395039946,582.4869069813473,573.8482721406768,0,1,10,m128n256,128,256,0.1815200001,0.1849440038,378.5779897429606,0.1272160113,0.1279391944,540.1794635263809,0.3086239994,0.3123343885,445.3281460262225,45.028123966251016,77.60381404739194,356.6359897594288,124.86909869265342,0,0,10,m128n256,128,256,0.2955200076,0.2980560064,465.0749524141525,47.02476768596082,79.84298820111427,356.6359897594288,130.40606269935682,0,1,10,m128n256,128,256,0.1760480106,0.1769488007,390.34509110209734,0.126511991,0.1274479926,543.185481414169,0.3025600016,0.3035232127,454.2535455618533,45.93059105782137,79.15917283628147,372.2453938432434,122.03066930443858,0,0,10,m128n256,128,256,0.287936002,0.2899504006,477.3246572757511,48.263362717467245,81.945989095174,372.2453938432434,128.22849259398967
oproj,llama3_8b,model,Llama 3/3.1 8B,131072,4,32768,4096,4096,32,8,128,,True,32768,4096,4096,4096,4096,32768,10,50,per-sample max-rank CUDA event,MPI one process per GPU,1.416991949,1.450896025,1.482431889,2.864864111,2.897632122,767.5837911852707,758.9035332871009,0,1,10,m128n256,128,256,1.507647991,1.563142419,729.2893529123536,1.411615968,1.416108847,778.9027984245643,2.91683197,2.957492828,753.9081024101638,76.22933290294883,99.34175680335812,723.2258850198338,104.24241139951575,0,0,10,m128n256,128,256,2.924432039,2.95472312,751.9488318504227,76.03122667850583,97.96309412543678,723.2258850198338,103.97150425966865,0,1,10,m128n256,128,256,1.56486392,1.573414445,702.6244350857037,1.409008026,1.41014719,780.3444746140857,2.955264091,2.982417583,744.1038052230033,75.23799850586484,98.04985384637828,712.3921133650632,104.4514378055291,0,0,10,m128n256,128,256,2.97062397,3.012223959,740.2563494268175,74.84897365286324,96.4398099500961,712.3921133650632,103.91136223141697
oproj,llama3_8b,model,Llama 3/3.1 8B,131072,8,16384,4096,4096,32,8,128,,True,16384,4096,4096,4096,4096,16384,10,50,per-sample max-rank CUDA event,MPI one process per GPU,0.8411359787,0.8079839945,0.8046239614,1.651695967,1.646175981,665.6864518311196,667.9186432474135,0,1,10,m128n256,128,256,0.9319999814,0.9378768206,589.8667648707316,0.8083200455,0.8150016069,680.1214654375412,1.740256071,1.751519918,631.8102525820753,63.883746469370614,94.59389387758672,587.2832110757397,107.58186862259768,0,0,10,m128n256,128,256,1.733792067,1.750899196,634.1657968700349,64.12192081597927,95.2649396912946,587.2832110757397,107.98296033500078,0,1,10,m128n256,128,256,0.9147360325,0.9176367521,600.9994078679742,0.7969440222,0.7982752323,689.8298984292198,1.711423993,1.71487999,642.4542557970321,64.95998541931569,96.18750162047074,592.2153080814671,108.48322342060331,0,0,10,m128n256,128,256,1.704175949,1.717275143,645.1866829954893,65.23626723917991,96.9205068273147,592.2153080814671,108.94461426294897
oproj,llama3_8b,model,Llama 3/3.1 8B,262144,4,65536,4096,4096,32,8,128,,True,65536,4096,4096,4096,4096,65536,10,50,per-sample max-rank CUDA event,MPI one process per GPU,2.843472004,3.003423929,3.003744125,5.849424362,5.848927975,751.8768068316806,751.940617135741,0,1,10,m128n256,128,256,3.0998559,3.124017715,709.3953159409764,2.76843214,2.796841621,794.3208084385266,5.862847805,5.890822411,750.1553267941262,75.84988137453247,99.76257562087609,689.2729332233869,108.83284264275729,0,0,10,m128n256,128,256,5.870975971,5.914683342,749.11676232851,75.74486980065825,99.63291266892497,689.2729332233869,108.68216728390354,0,1,10,m128n256,128,256,3.133808136,3.144547224,701.709600626297,2.766191959,2.796467304,794.9640835290998,5.887871742,5.928339005,746.9671052328437,75.52751316813384,99.338576505969,692.3213851492862,107.89311456438314,0,0,10,m128n256,128,256,5.927296162,6.057337761,741.9987783468546,75.02515453456567,98.68621715750872,692.3213851492862,107.17548154125794
oproj,llama3_8b,model,Llama 3/3.1 8B,262144,8,32768,4096,4096,32,8,128,,True,32768,4096,4096,4096,4096,32768,10,50,per-sample max-rank CUDA event,MPI one process per GPU,1.60204792,1.596496105,1.586207986,3.198463917,3.185776234,687.5247970952802,690.2629356334133,0,1,10,m128n256,128,256,1.795887947,1.817969561,612.238435929544,1.586768031,1.594236851,692.92524571665,3.383071899,3.406067133,650.0078393846752,65.72374513495198,94.1681504002821,621.5357276523664,104.58092921542132,0,0,10,m128n256,128,256,3.368752003,3.397127867,652.7708936703227,66.00312372804072,94.94506909833814,621.5357276523664,105.02548198410672,0,1,10,m128n256,128,256,1.786368012,1.814878464,615.5011847446807,1.565632105,1.582179189,702.2796889924533,3.352560043,3.37899828,655.9236008743422,66.32190099841681,95.02518055274693,622.6451444559457,105.34469058575483,0,0,10,m128n256,128,256,3.36468792,3.403636932,653.5593516655179,66.08284647780766,95.05974976127949,622.6451444559457,104.96498005080957
oproj,llama3_8b,model,Llama 3/3.1 8B,524288,4,131072,4096,4096,32,8,128,,True,131072,4096,4096,4096,4096,131072,10,50,per-sample max-rank CUDA event,MPI one process per GPU,5.724224091,6.001135826,6.583295822,11.72727966,12.3026886,750.0540003501544,714.9732313153078,0,1,10,m128n256,128,256,6.165088177,6.269729614,713.3793361645215,5.465616226,5.582457542,804.6753246564297,11.63072014,11.73770332,756.281031297173,76.46926504521466,105.77753098614235,690.4900999663678,109.52814983647262,0,0,10,m128n256,128,256,11.84827232,13.47866726,742.3945689837083,75.06517381028395,98.97881601019786,690.4900999663678,107.51704753187174,0,1,10,m128n256,128,256,6.43182373,6.802041531,683.7946274227263,5.544640064,5.783696175,793.2068556910386,11.98086357,12.59022045,734.1785482169546,74.23443359119865,102.6861588742722,691.5880799897712,106.15835776519071,0,0,10,m128n256,128,256,12.23231983,12.62095547,719.0862521952224,72.70841781549267,95.87126418358211,691.5880799897712,103.97609111566207
oproj,llama3_8b,model,Llama 3/3.1 8B,524288,8,65536,4096,4096,32,8,128,,True,65536,4096,4096,4096,4096,65536,10,50,per-sample max-rank CUDA event,MPI one process per GPU,3.188096046,3.131119967,3.145792007,6.312752247,6.336607933,696.6923996097071,694.0695333539109,0,1,10,m128n256,128,256,3.545343876,3.588452816,620.256689467603,3.140416145,3.153249502,700.2330754964323,6.686223984,6.723865509,657.777322690421,66.50933495353094,94.77109872722446,628.5768441679242,104.645490649779,0,0,10,m128n256,128,256,6.677599907,6.697902679,658.6268378393878,66.59523132855286,94.53624558102773,628.5768441679242,104.78063962270868,0,1,10,m128n256,128,256,3.538352013,3.549163103,621.4823306083538,3.135776043,3.158779144,701.2692314111158,6.67427206,6.702708721,658.9552346033674,66.62843625918781,94.94080966486703,628.8961049194573,104.77966542466656,0,0,10,m128n256,128,256,6.684351921,6.744321823,657.9615440783134,66.52796198971825,94.44075239616636,628.8961049194573,104.6216599103565
oproj,qwen25_14b_32b,model,Qwen2.5 14B/32B,1024,4,256,5120,5120,40,8,128,,True,256,5120,5120,5120,5120,256,10,50,per-sample max-rank CUDA event,MPI one process per GPU,0.03452799842,0.04334399849,0.05305600166,0.07798399776,0.08763200045,344.2186393497352,306.3212691956754,0,1,14,m128n128,128,128,0.04875199869,0.05065440014,275.30712915680056,0.05600000173,0.0570303984,239.67450688148398,0.1048159972,0.1069135964,256.10160965009646,25.895006031354548,83.6055590663216,309.5427405503785,82.73545979296374,0,0,14,m128n128,128,128,0.08915200084,0.09017920494,301.0986332003449,30.444755631986343,87.47307634739117,309.5427405503785,97.2720706242312,0,1,14,m128n128,128,128,0.04396799952,0.04468960315,305.2623031869975,0.05444800109,0.05541600287,246.5062542482402,0.09854400158,0.09967520088,272.4016192726644,27.543136427974154,88.92677285776605,327.4242061540087,83.19532097896769,0,0,14,m128n128,128,128,0.08254399896,0.08355840296,325.20287287035984,32.88198916788269,94.4756720567782,327.4242061540087,99.32157328569531
oproj,qwen25_14b_32b,model,Qwen2.5 14B/32B,1024,8,128,5120,5120,40,8,128,,True,128,5120,5120,5120,5120,128,10,50,per-sample max-rank CUDA event,MPI one process per GPU,0.02792000026,0.03545600176,0.04499199986,0.06337600201,0.07280000299,211.7800488248249,184.36500341687693,0,1,10,m128n64,128,64,0.04092799872,0.04193279892,163.96810520619564,0.05580800027,0.05638720095,120.24954070263446,0.09660799801,0.09789119661,138.93024466370474,14.047547488746687,75.35608281879973,176.30534175869323,78.80092757135897,0,0,10,m128n64,128,64,0.08515200019,0.0863424018,157.6213450071865,15.937446411242316,74.42690937216845,176.30534175869323,89.40247835650989,0,1,10,m128n64,128,64,0.0358720012,0.03651199862,187.0786734920158,0.05387200043,0.05481920019,124.57095237664261,0.08979199827,0.09083680063,149.47626802603733,15.113879476849073,81.07627003810971,193.01905061393342,77.44119948295256,0,0,10,m128n64,128,64,0.07615999877,0.07723359764,176.2312633503736,17.819136840280443,83.21428969739465,193.01905061393342,91.30252313947089
oproj,qwen25_14b_32b,model,Qwen2.5 14B/32B,4096,4,1024,5120,5120,40,8,128,,True,1024,5120,5120,5120,5120,1024,10,50,per-sample max-rank CUDA event,MPI one process per GPU,0.07667200267,0.09015999734,0.1031839997,0.1672160029,0.179775998,642.1286272714751,597.2665071785611,0,1,10,m128n192,128,192,0.1060959995,0.129313603,506.02370921629335,0.104271993,0.1311151981,514.875468046343,0.2109119892,0.2436527908,509.0947309694237,51.475705861417964,85.23744841718083,518.215166023166,98.24002930602487,0,0,10,m128n192,128,192,0.1929280013,0.1943136007,556.5505353110192,56.27406828220619,86.67274930194385,518.215166023166,107.3975776475325,0,1,10,m128n192,128,192,0.1009280011,0.1023999974,531.9345534923112,0.1017120034,0.1025279984,527.8343696453038,0.2026560009,0.2043199986,529.8347047368386,53.57277095417984,88.70993072083266,517.6555384140697,102.35275495362842,0,0,10,m128n192,128,192,0.1854880005,0.1872704029,578.8740086181479,58.53124455188553,90.14922930284106,517.6555384140697,111.8261016566406
oproj,qwen25_14b_32b,model,Qwen2.5 14B/32B,4096,8,512,5120,5120,40,8,128,,True,512,5120,5120,5120,5120,512,10,50,per-sample max-rank CUDA event,MPI one process per GPU,0.05711999908,0.07097599655,0.08166400343,0.1281760037,0.1386879981,418.8544630058551,387.1069734620389,0,1,28,m128n256,128,256,0.09611199796,0.09688480198,279.29442910105536,0.08849599957,0.08913759887,303.3306107669518,0.1846079975,0.1856848001,290.81671394003394,29.405127799801207,75.12567168169406,323.69700211568636,89.84226361049174,0,0,28,m128n256,128,256,0.1671040058,0.1681199968,321.27949861510734,32.48528802983896,76.70432739560334,323.69700211568636,99.25315851404919,0,1,28,m128n256,128,256,0.09185600281,0.09265759587,292.2350720564737,0.08703999966,0.0877295956,308.40470708705885,0.1787839979,0.1801919937,300.2902487393141,30.363018072731457,77.57293702402434,341.4861524161206,87.93628866490408,0,0,28,m128n256,128,256,0.1604959965,0.1614959985,334.5073545183416,33.82278609892231,79.8624305248636,341.4861524161206,97.95634527245048
oproj,qwen25_14b_32b,model,Qwen2.5 14B/32B,16384,4,4096,5120,5120,40,8,128,,True,4096,5120,5120,5120,5120,4096,10,50,per-sample max-rank CUDA event,MPI one process per GPU,0.2615039945,0.2783040106,0.2875040174,0.5403679609,0.5493280292,794.8227146640218,781.858392016673,0,1,10,m128n256,128,256,0.3245280087,0.3278624117,661.7252102838297,0.3056319952,0.3175520003,702.637054276574,0.6304479837,0.6459648013,681.2564092589388,68.88335786238007,87.13296630375122,600.4461252217492,113.45837380620048,0,0,10,m128n256,128,256,0.6174880266,0.6204015613,695.5547494011927,70.32909498495376,87.51067836494953,600.4461252217492,115.83965991025742,0,1,10,m128n256,128,256,0.3199359775,0.3214319944,671.2229317817187,0.3032959998,0.3046464026,708.048787130756,0.6230239868,0.6253952384,689.3743077309074,69.7041767169775,88.17124875423816,610.6079000251531,112.8996705909815,0,0,10,m128n256,128,256,0.6102080345,0.6130656004,703.8529572163474,71.16814532015647,88.55471090982496,610.6079000251531,115.27085666388419
oproj,qwen25_14b_32b,model,Qwen2.5 14B/32B,16384,8,2048,5120,5120,40,8,128,,True,2048,5120,5120,5120,5120,2048,10,50,per-sample max-rank CUDA event,MPI one process per GPU,0.1717599928,0.1866240054,0.1920000017,0.3584960103,0.3638240099,599.0258151556338,590.2534163675051,0,1,10,m128n256,128,256,0.2313120067,0.2327343971,464.19632051032653,0.217343986,0.2184031904,494.02877151613484,0.4486399889,0.451094389,478.6652329555637,48.39891132007722,81.0948686923882,416.0241865343524,115.05706842264057,0,0,10,m128n256,128,256,0.4323520064,0.4355216026,496.69797207167534,50.22224186771237,82.91762383272706,416.0241865343524,119.39160946611489,0,1,10,m128n256,128,256,0.2240799963,0.2253151983,479.17790152159154,0.2136000097,0.2149184048,502.6880970221229,0.437808007,0.4393312037,490.50807972089007,49.59636802031245,83.10126906838413,431.374058112631,113.70829341638789,0,0,10,m128n256,128,256,0.4253119826,0.4268656075,504.9196203859787,51.05355110070563,84.29012700475936,431.374058112631,117.04913888311408
oproj,qwen25_14b_32b,model,Qwen2.5 14B/32B,131072,4,32768,5120,5120,40,8,128,,True,32768,5120,5120,5120,5120,32768,10,50,per-sample max-rank CUDA event,MPI one process per GPU,2.131872177,2.401247978,2.447968006,4.535600185,4.599056244,757.5565959634955,747.1041132151025,0,1,10,m128n256,128,256,2.405359983,2.488241673,714.2327678775557,2.435791969,2.445233583,705.3093779208532,4.842479706,4.931697369,709.5484225866161,71.74402655071952,94.97316505635759,726.5910972929123,97.65443386661455,0,0,10,m128n256,128,256,4.819856167,4.896649361,712.8789154176434,72.08078012311864,94.10239699793928,726.5910972929123,98.11280623636088,0,1,10,m128n256,128,256,2.435711861,2.46051836,705.3325748040934,2.417776108,2.646324873,710.5649330868481,4.818863869,5.103191853,713.0257110817753,72.09562296074573,95.43860065410782,726.723879069965,98.11507941562066,0,0,10,m128n256,128,256,4.949039936,5.361094475,694.2707840779889,70.1992703820009,91.64606153220582,726.723879069965,95.53432934754966
oproj,qwen25_14b_32b,model,Qwen2.5 14B/32B,131072,8,16384,5120,5120,40,8,128,,True,16384,5120,5120,5120,5120,16384,10,50,per-sample max-rank CUDA event,MPI one process per GPU,1.274751902,1.26772809,1.255984068,2.543600082,2.530207872,675.4154989054604,678.9904250206996,0,1,10,m128n256,128,256,1.398864031,1.403604865,614.0650128704324,1.407487988,1.416568041,610.3025152069716,2.806479931,2.816890955,612.1500814680153,61.895862635795275,90.15592251530694,616.6500066044508,99.27026269549333,0,0,10,m128n256,128,256,2.795120001,2.802795172,614.6379825500737,62.14741987361716,91.00146258801001,616.6500066044508,99.67371701405531,0,1,10,m128n256,128,256,1.384416103,1.399803162,620.4734670006941,1.40654397,1.419419169,610.7121266887946,2.800336123,2.806966305,613.4931104482988,62.03165929709796,90.35372044158,617.931149994172,99.28179060953393,0,0,10,m128n256,128,256,2.772704124,2.79611516,619.6070123492195,62.64984958030531,91.73716228800185,617.931149994172,100.27120535274251
oproj,qwen25_14b_32b,model,Qwen2.5 14B/32B,262144,4,65536,5120,5120,40,8,128,,True,65536,5120,5120,5120,5120,65536,10,50,per-sample max-rank CUDA event,MPI one process per GPU,4.483935833,4.882112026,4.912287712,9.364640236,9.393295288,733.8186519096088,731.5800752456873,0,1,10,m128n256,128,256,4.905312061,4.991334438,700.4597860588589,4.653743744,4.771965027,738.3246748878145,9.554239273,9.75551796,719.2563926067795,72.72562109269762,98.31547043776867,717.4973029241203,100.245170215343,0,0,10,m128n256,128,256,9.667023659,10.13313198,710.8648862364391,71.87713713209699,96.87201114152151,717.4973029241203,99.07561789282677,0,1,10,m128n256,128,256,4.931551933,5.153958321,696.7327696191982,4.682208061,4.798692703,733.8362140332063,9.633312225,9.906730652,713.3525326591396,72.12866862074212,97.50846924303858,719.8856419679398,99.09247956509581,0,0,10,m128n256,128,256,9.673088074,10.1093998,710.4192188708483,71.83207470888253,96.81127851167749,719.8856419679398,98.68501015366644
oproj,qwen25_14b_32b,model,Qwen2.5 14B/32B,262144,8,32768,5120,5120,40,8,128,,True,32768,5120,5120,5120,5120,32768,10,50,per-sample max-rank CUDA event,MPI one process per GPU,2.441359997,2.49182415,2.479343891,4.934207916,4.920623779,696.3577326480864,698.2801350235072,0,1,10,m128n256,128,256,2.734431982,2.750899315,628.2792659349462,2.758304119,2.780097485,622.8417332831457,5.494368076,5.51261425,625.3628787282579,63.23183809183599,89.5575926282373,628.5845412605086,99.48747347082539,0,0,10,m128n256,128,256,5.480192184,5.524673462,626.9805367103163,63.395403105188706,90.03713282913584,628.5845412605086,99.74482278120048,0,1,10,m128n256,128,256,2.722208023,2.757128,631.1005271767212,2.765743971,2.77793932,621.1662888589191,5.491184235,5.522485256,625.7254700906971,63.268500514731755,89.60951897473531,630.1006126242398,99.30564382165552,0,0,10,m128n256,128,256,5.479279995,5.503230572,627.0849162545854,63.40595715415424,90.05212218580921,630.1006126242398,99.52139447109968
oproj,qwen25_14b_32b,model,Qwen2.5 14B/32B,524288,4,131072,5120,5120,40,8,128,,True,131072,5120,5120,5120,5120,131072,10,50,per-sample max-rank CUDA event,MPI one process per GPU,8.851920128,10.23559952,9.982160568,19.0779686,18.82390404,720.4066447200254,730.1299091832813,0,1,10,m128n256,128,256,9.771615982,9.976390839,703.2560107006465,9.980607986,12.28104973,688.5299656332979,19.7798233,21.96950912,694.8441924251164,70.257248981306,95.16720020446289,722.4782979581488,96.17509541655005,0,0,10,m128n256,128,256,19.68702316,23.45007133,698.1195295754404,70.58842563957941,96.90631460607273,722.4782979581488,96.62844289557893,0,1,10,m128n256,128,256,9.832704544,9.988361359,698.8868263913533,9.743600845,11.65983963,705.2780366230202,19.63455963,21.43553162,699.9849044844608,70.77703786496065,95.87128203903598,723.4847833368729,96.75184891325215,0,0,10,m128n256,128,256,19.85241699,23.62690353,692.3033781792432,70.0003415752521,96.09897177562762,723.4847833368729,95.69010905608627
oproj,qwen25_14b_32b,model,Qwen2.5 14B/32B,524288,8,65536,5120,5120,40,8,128,,True,65536,5120,5120,5120,5120,65536,10,50,per-sample max-rank CUDA event,MPI one process per GPU,4.989808083,4.937200069,4.940015793,9.927488327,9.937904358,692.2141278081605,691.4886102790967,0,1,10,m128n256,128,256,5.417776108,5.437244415,634.2037338394937,5.48500824,5.502686501,626.4300227924543,10.89668846,10.9292469,630.6455120586241,63.765976952338136,91.20114238817102,641.8963891333159,98.24724406225705,0,0,10,m128n256,128,256,10.89270401,10.99016285,630.8761963320804,63.78930195470985,91.13887899539098,641.8963891333159,98.28318199201668,0,1,10,m128n256,128,256,5.415535927,5.466638088,634.466077432783,5.479264259,5.493095875,627.0867171913126,10.89718437,10.93782234,630.6168125886264,63.76307508479539,91.19699199876895,643.0612131601692,98.06481866471346,0,0,10,m128n256,128,256,10.97072029,11.06550407,626.3898351199327,63.33567594741484,90.49076145026756,643.0612131601692,97.4074974980517
oproj,llama31_405b,model,Llama 3.1 405B,1024,4,256,16384,16384,128,8,128,,True,256,16384,16384,16384,16384,256,10,50,per-sample max-rank CUDA event,MPI one process per GPU,0.1712960005,0.2580960095,0.4399520159,0.4294400215,0.611455977,640.0845128124603,449.5465205731401,0,1,10,m128n160,128,160,0.2968479991,0.2994175851,462.99437385023634,0.4135360122,0.4158256054,332.350628282235,0.7108160257,0.7137680054,386.70752628755764,39.100862111987624,86.02169265920082,469.60060946832954,82.34817385040844,0,0,10,m128n160,128,160,0.5859519839,0.5895568132,469.1133650823364,47.43310061499862,73.28928535094596,469.60060946832954,99.89624281226023,0,1,10,m128n160,128,160,0.3170239925,0.3184496164,433.52855532535125,0.4101920128,0.4129391909,335.0600430608872,0.7274879813,0.7300000191,377.84528955763795,38.20478155284509,84.0503201038931,440.41913516250855,85.79220551310021,0,0,10,m128n160,128,160,0.6032639742,0.6075184345,455.6511223938424,46.07190317430155,71.18608766079372,440.41913516250855,103.45852076243541
oproj,llama31_405b,model,Llama 3.1 405B,1024,8,128,16384,16384,128,8,128,,True,128,16384,16384,16384,16384,128,10,50,per-sample max-rank CUDA event,MPI one process per GPU,0.1398880035,0.2404000014,0.4400160015,0.3808799982,0.5801920295,360.8458152738985,236.8852836369411,0,1,22,m128n160,128,160,0.1688320041,0.170302406,407.0287331026239,0.41456002,0.4165183902,165.76484325719593,0.5832639933,0.5859520435,235.6376444470638,23.82584878130069,99.47331502796541,394.9395328201016,59.664233348450026,0,0,22,m128n160,128,160,0.454768002,0.4587679803,302.2177305077854,30.557910061454542,83.75259396548309,394.9395328201016,76.52253203161817,0,1,22,m128n160,128,160,0.1609439999,0.1636576056,426.97756224958846,0.4140319824,0.4174447954,165.97625221524433,0.5755200386,0.5790783763,238.80828512301954,24.146439345098035,100.81178596515338,399.23475535532583,59.81650693474221,0,0,22,m128n160,128,160,0.4454399943,0.4524543881,308.5465050976901,31.19782660239536,85.50646620731605,399.23475535532583,77.28448011072543
oproj,llama31_405b,model,Llama 3.1 405B,4096,4,1024,16384,16384,128,8,128,,True,1024,16384,16384,16384,16384,1024,10,50,per-sample max-rank CUDA event,MPI one process per GPU,0.6178560257,0.8066079617,0.8881279826,1.424095988,1.514896035,772.076908467493,725.8000564877048,0,1,10,m128n256,128,256,0.8274880052,0.90111202,664.3671091705149,0.9723680019,0.9781792164,565.378347306556,1.802560091,1.87165761,609.9722462877938,61.67565685417531,84.04136109324304,763.4140236745174,79.9005817776091,0,0,10,m128n256,128,256,1.827888012,1.851921558,601.5202356806091,60.821055174985744,77.90936745855741,763.4140236745174,78.7934485124245,0,1,10,m128n256,128,256,0.884303987,0.9017903805,621.6819351375377,0.9608640075,0.9681776166,572.1473690313038,1.840800047,1.86507678,597.3009559446191,60.39443437256006,82.29552348550109,761.9918651235288,78.38678905683446,0,0,10,m128n256,128,256,1.700016022,1.780785561,646.7654501764455,65.39589991672855,83.76956273180348,761.9918651235288,84.8782618002879
oproj,llama31_405b,model,Llama 3.1 405B,4096,8,512,16384,16384,128,8,128,,True,512,16384,16384,16384,16384,512,10,50,per-sample max-rank CUDA event,MPI one process per GPU,0.4084640145,0.5464479923,0.6345120072,0.9551520348,1.043663979,575.5689082556515,526.7555697522066,0,1,10,m128n256,128,256,0.6360479593,0.6432096362,432.16537829398237,0.6665120125,0.6700832248,412.4125323907797,1.302736044,1.311044812,422.0009236867327,42.66945638895174,80.11323428155643,623.8831223021217,67.64102258922377,0,0,10,m128n256,128,256,1.193887949,1.207190394,460.47521825517646,46.55967828667102,80.00349074634975,623.8831223021217,73.80793001035644,0,1,10,m128n256,128,256,0.629791975,0.6353487968,436.4582558296333,0.6637439728,0.6665647626,414.1324339028333,1.292783976,1.297987223,425.2495576167321,42.99793302494763,80.72995940351909,625.3592322483597,68.00084426479617,0,0,10,m128n256,128,256,1.19727993,1.204191923,459.1706585175949,46.42777133646056,79.77683504642059,625.3592322483597,73.42510269924928
oproj,llama31_405b,model,Llama 3.1 405B,16384,4,4096,16384,16384,128,8,128,,True,4096,16384,16384,16384,16384,4096,10,50,per-sample max-rank CUDA event,MPI one process per GPU,2.914815903,2.986016035,3.081295967,5.901568413,5.99825573,745.2335046080233,733.2209077227856,0,1,10,m128n256,128,256,3.312079906,3.351267099,663.940278605102,3.260591984,3.29096961,674.4245420288072,6.568992138,6.640192032,669.5161782372041,67.69627686928253,91.31165944470493,677.556501772598,98.81333534334641,0,0,10,m128n256,128,256,6.494944096,6.571641445,677.1492481070925,68.46807362053512,90.86403709978907,677.556501772598,99.93989377056523,0,1,10,m128n256,128,256,3.314336061,3.349483252,663.4883171408128,3.257616043,3.327793598,675.0406513613797,6.554944038,6.660823822,670.9510387286085,67.84135881987953,91.5073522401901,679.6371972662798,98.72194185771323,0,0,10,m128n256,128,256,6.575535774,6.639194965,668.849910070309,67.62890900609797,89.75038104628825,679.6371972662798,98.41278740490355
oproj,llama31_405b,model,Llama 3.1 405B,16384,8,2048,16384,16384,128,8,128,,True,2048,16384,16384,16384,16384,2048,10,50,per-sample max-rank CUDA event,MPI one process per GPU,1.571504116,1.701551914,1.744192004,3.273903847,3.314479828,671.6822968295318,663.4595380473078,0,1,10,m128n256,128,256,1.821439981,1.832830429,603.649661391725,1.846575975,1.869225621,595.4326508423246,3.669440031,3.698087931,599.2803362295907,60.5945739362579,90.32658389287627,671.2065976770522,89.28403539291959,0,0,10,m128n256,128,256,3.54243207,3.578401566,620.7665276562382,62.767090764028126,92.41966486036246,671.2065976770522,92.48516474728054,0,1,10,m128n256,128,256,1.815119982,1.843750358,605.751486777473,1.826864004,1.860785604,601.8574044748653,3.652080059,3.694776058,602.1289840382439,60.88260708172334,90.75594659629559,667.049877728836,90.26746037168404,0,0,10,m128n256,128,256,3.535743952,3.584198475,621.940752895333,62.885819301853694,92.59448340845243,667.049877728836,93.23751846157442
oproj,llama31_405b,model,Llama 3.1 405B,131072,4,32768,16384,16384,128,8,128,,True,32768,16384,16384,16384,16384,32768,10,50,per-sample max-rank CUDA event,MPI one process per GPU,22.84233475,24.18484879,24.60262489,47.23139191,47.48668671,744.9361677901904,740.9312909890318,0,1,10,m128n256,128,256,26.64801598,33.54299545,660.1686991489113,25.10796738,26.18109894,700.6614983269903,52.36646271,58.04975128,671.88750715662,67.93604723524975,90.68148630350748,671.2672690384694,100.0923980874323,0,0,10,m128n256,128,256,52.89222336,57.20916748,665.208793537697,67.26074757711801,89.29742202086926,671.2672690384694,99.09745703682967,0,1,10,m128n256,128,256,26.86159897,32.49409866,654.9195401235639,25.12753677,26.22592735,700.1158213573674,52.44982529,57.0403595,670.8196241702295,67.82807120022544,90.53735917601567,674.6691332620221,99.42942267520374,0,0,10,m128n256,128,256,53.61443329,57.92712021,656.2481393493435,66.3547158088315,88.09454658324152,674.6691332620221,97.26962550908277
oproj,llama31_405b,model,Llama 3.1 405B,131072,8,16384,16384,16384,128,8,128,,True,16384,16384,16384,16384,16384,16384,10,50,per-sample max-rank CUDA event,MPI one process per GPU,12.51697636,12.51380825,12.54500771,25.03684807,25.06884766,702.651787286897,701.754874536423,0,1,10,m128n256,128,256,13.5261116,13.67440796,650.304631687942,12.67236805,12.78164291,694.1159684995102,26.20451355,26.70643616,671.3418286070797,67.88087245774314,95.66614397236158,673.3102942812595,99.70764360935827,0,0,10,m128n256,128,256,26.29216003,32.86448669,669.1038706725839,67.65458753008937,95.22552746306253,673.3102942812595,99.3752622461883,0,1,10,m128n256,128,256,13.53351974,13.6725502,649.9486601560164,12.6587677,13.05823517,694.8617140835912,26.20907211,26.7800808,671.2250617107406,67.8690658959293,95.64950470121775,668.5465167609694,100.40065199393283,0,0,10,m128n256,128,256,26.4044323,33.63603973,666.258825205494,67.36691862542911,94.82062627038567,668.5465167609694,99.65781116225702
oproj,llama31_405b,model,Llama 3.1 405B,262144,4,65536,16384,16384,128,8,128,,True,65536,16384,16384,16384,16384,65536,10,50,per-sample max-rank CUDA event,MPI one process per GPU,46.3847847,49.1692009,49.7261734,95.33473206,96.06718445,738.1228504777948,732.4951239128775,0,1,10,m128n256,128,256,54.59577942,60.45191193,644.4522353671712,50.155056,51.87223053,701.5119689793986,105.307106,111.8161392,668.2240814562315,67.56563007646426,91.22573784337023,660.0192750158724,101.24311618629044,0,0,10,m128n256,128,256,106.7585144,109.8445282,659.1394098461153,66.64705862953643,89.29941803311567,660.0192750158724,99.86669098872363,0,1,10,m128n256,128,256,54.54911804,60.84570694,645.0035005704741,50.50172806,51.81023788,696.6963991218324,105.2226562,111.5441284,668.7603860133689,67.61985702865208,91.2989539699531,659.0008567533381,101.48095850862966,0,0,10,m128n256,128,256,107.1709137,110.6191101,656.6030068069113,66.39059725044604,88.95578918629671,659.0008567533381,99.63613856919092
oproj,llama31_405b,model,Llama 3.1 405B,262144,8,32768,16384,16384,128,8,128,,True,32768,16384,16384,16384,16384,32768,10,50,per-sample max-rank CUDA event,MPI one process per GPU,24.66328049,24.86595154,24.90126419,49.62957001,49.56832123,708.9396922387722,709.81568904814,0,1,10,m128n256,128,256,26.9269104,31.83488655,653.3310276999325,25.10814285,26.44590187,700.6566017054503,52.8350563,56.57144928,665.9285435233274,67.33352310650429,93.817106862816,661.1670821818805,100.72016007296278,0,0,10,m128n256,128,256,52.83457565,59.25638962,665.9346016500466,67.33413565723423,93.93388590601843,661.1670821818805,100.72107635069082,0,1,10,m128n256,128,256,26.92865562,32.24432373,653.2886859509698,25.51184082,26.54255676,689.569450065893,52.83276749,57.19435501,665.9573927391098,67.33644011517794,93.82117118771436,663.6276655206206,100.35105938759523,0,0,10,m128n256,128,256,53.57321548,60.48634338,656.7530392490079,66.40576736592597,92.63877399430645,663.6276655206206,98.9640838336329
oproj,llama31_405b,model,Llama 3.1 405B,524288,4,131072,16384,16384,128,8,128,,True,131072,16384,16384,16384,16384,131072,10,50,per-sample max-rank CUDA event,MPI one process per GPU,93.34235382,99.77560425,99.52804565,193.037384,193.4694519,729.0685640214023,727.4403631849437,0,1,10,m128n256,128,256,111.9634247,116.0609665,628.4976041614775,101.8363495,103.5561142,690.9982979865554,214.1384583,217.3715668,657.226588220599,66.4536489606268,90.34783076142095,646.8390209295225,101.60589682362534,0,0,10,m128n256,128,256,214.3534393,217.8973846,656.567437475812,66.38700075589605,90.05565043900839,646.8390209295225,101.50399345610127,0,1,10,m128n256,128,256,112.0823059,115.343811,627.8309819968114,101.8049316,103.6026688,691.2115461572,213.6924896,217.2604523,658.5981969640922,66.59233538565138,90.53638350236152,649.7354837598299,101.36404943639162,0,0,10,m128n256,128,256,215.5947266,219.0162964,652.7872484397213,66.00477739532066,89.53715475524994,649.7354837598299,100.46969339926332
oproj,llama31_405b,model,Llama 3.1 405B,524288,8,65536,16384,16384,128,8,128,,True,65536,16384,16384,16384,16384,65536,10,50,per-sample max-rank CUDA event,MPI one process per GPU,49.16275024,49.57817841,49.68289566,98.83019257,98.97524261,712.0166656340656,710.9731921036409,0,1,10,m128n256,128,256,54.69310379,60.61836624,643.3054562770133,50.75721741,51.91292953,693.1895380439058,105.6242371,112.287468,666.2177745344775,67.36276790035161,93.70504850728052,652.7645183567984,102.06096621359644,0,0,10,m128n256,128,256,107.206749,110.9395828,656.3835284070035,66.36840529898923,92.18654001904301,652.7645183567984,100.55441280100752,0,1,10,m128n256,128,256,54.96307373,61.69201279,640.1456414477714,50.99436951,52.1698761,689.9658222449901,106.2535019,112.4748535,662.2722349790525,66.96382557927731,93.15009937568936,647.4910007341148,102.28284782771948,0,0,10,m128n256,128,256,108.3691864,112.3560638,649.3427376849255,65.6564952158671,91.19768806347705,647.4910007341148,100.28598651544365
oproj,nanbeige42_3b,model,Nanbeige4.2-3B,1024,4,256,3072,6144,48,8,128,262144,True,256,6144,3072,3072,6144,256,10,50,per-sample max-rank CUDA event,MPI one process per GPU,0.02508799918,0.03152000159,0.03407999873,0.05655999854,0.05913599953,341.71416780238127,326.82888571444767,0,1,16,m128n128,128,128,0.04055999964,0.04218560085,238.25632400819222,0.04095999897,0.04158879817,235.92960593280014,0.0815680027,0.08317120373,236.94772695470206,23.958314151132665,72.49901624721282,258.2213793676836,91.76146744120291,0,0,16,m128n128,128,128,0.07348799706,0.07445920259,263.00013070461006,26.592530910476246,76.96494775033946,258.2213793676836,101.85064123994239,0,1,16,m128n128,128,128,0.03612799942,0.03691360354,267.4844046484985,0.03907199949,0.03999840096,247.32996883032052,0.07524800301,0.07669280469,256.84871436962277,25.970547459011403,78.58813146461998,269.5135019222841,95.30087084233972,0,0,16,m128n128,128,128,0.06732799858,0.06817600131,287.06263723308194,29.025544715175123,84.00665359567265,269.5135019222841,106.51141229869005
oproj,nanbeige42_3b,model,Nanbeige4.2-3B,1024,8,128,3072,6144,48,8,128,262144,True,128,6144,3072,3072,6144,128,10,50,per-sample max-rank CUDA event,MPI one process per GPU,0.02281599864,0.02912000008,0.03169599921,0.05265599862,0.05471999943,183.52470125463552,176.60227552381755,0,1,10,m128n64,128,64,0.03558399901,0.03624159843,135.78682392167704,0.0401440002,0.04075360298,120.36264906156511,0.07558399439,0.07659360021,127.85347604331604,12.927550661609306,72.39627896304938,130.2241883579202,98.17951461667913,0,0,10,m128n64,128,64,0.06668800116,0.06745599955,144.90877291125577,14.65204983935852,78.95872976259407,130.2241883579202,111.27638784967895,0,1,10,m128n64,128,64,0.03047999926,0.0310399998,158.52487943925232,0.03812799975,0.03901759908,126.72676877050179,0.06857600063,0.06971680373,140.91921849073864,14.248657076919983,79.7946787903837,140.4604082459687,100.32664738092352,0,0,10,m128n64,128,64,0.0613120012,0.06227200106,157.61476100701796,15.936780688272798,85.88204199735043,140.4604082459687,112.21294525287813
oproj,nanbeige42_3b,model,Nanbeige4.2-3B,4096,4,1024,3072,6144,48,8,128,262144,True,1024,6144,3072,3072,6144,1024,10,50,per-sample max-rank CUDA event,MPI one process per GPU,0.0568960011,0.06401599944,0.07564800233,0.1210239977,0.1328800023,638.7940639643901,581.7986904715759,0,1,10,m128n256,128,256,0.09112000465,0.09245439619,424.2175558756405,0.07694399357,0.07767040282,502.3745697425204,0.1681759953,0.1694255918,459.69349662591236,46.480636665916315,79.01246670962917,435.1439386243568,105.64170974762176,0,0,10,m128n256,128,256,0.1558399945,0.158081606,496.08196904806744,50.159956425487096,77.6591388419229,435.1439386243568,114.00410875912857,0,1,10,m128n256,128,256,0.08614400029,0.08715359867,448.7219717434833,0.07446400076,0.07504320145,519.1059474306978,0.1605919898,0.1616703868,481.4026616413467,48.67569885150118,82.7438544509522,432.18587153572173,111.38787576066262,0,0,10,m128n256,128,256,0.149120003,0.1501120031,518.437565535725,52.42038074173154,81.15879510812509,432.18587153572173,119.9570832090179
oproj,nanbeige42_3b,model,Nanbeige4.2-3B,4096,8,512,3072,6144,48,8,128,262144,True,512,6144,3072,3072,6144,512,10,50,per-sample max-rank CUDA event,MPI one process per GPU,0.04137599841,0.05094400048,0.05870399997,0.09235200286,0.1000799984,418.55839036429103,386.2380723619196,0,1,32,m128n256,128,256,0.07705599815,0.07820320129,250.82217213482429,0.06668800116,0.06750559807,289.81754582251153,0.1438719928,0.145487994,268.67429102573743,27.166257939912786,69.56183510930003,341.4244135838152,78.69217324137878,0,0,32,m128n256,128,256,0.1289440095,0.1309328079,299.7789956578013,30.31132413122359,71.62178624513767,341.4244135838152,87.80244872096983,0,1,32,m128n256,128,256,0.07097599655,0.07154080272,272.308298177745,0.06412799656,0.06477120519,301.3871299396789,0.1351680011,0.1358432025,285.97527040000006,28.915598624873613,74.0411913955573,346.815836741268,82.4573851895188,0,0,32,m128n256,128,256,0.1207520068,0.1218079999,320.11646587392363,32.367691190487726,76.48071887779177,346.815836741268,92.30157102449083
oproj,nanbeige42_3b,model,Nanbeige4.2-3B,16384,4,4096,3072,6144,48,8,128,262144,True,4096,6144,3072,3072,6144,4096,10,50,per-sample max-rank CUDA event,MPI one process per GPU,0.1959680021,0.2042880058,0.2096319944,0.400496006,0.4057280123,772.1366522491612,762.1796768701937,0,1,10,m128n256,128,256,0.2457759976,0.2476863861,629.1046488096932,0.2215360105,0.2231888026,697.9399074084166,0.467328012,0.4698735774,661.7143363364231,66.90741520085169,86.81868021641296,608.4289619816766,108.75786290336903,0,0,10,m128n256,128,256,0.4528639913,0.4562944174,682.8488271374736,69.04437079246446,88.43626644952022,608.4289619816766,112.23147972992749,0,1,10,m128n256,128,256,0.2393119931,0.2415232062,646.0972584495181,0.2177280039,0.2184623927,710.1466962743785,0.4569280148,0.4591616094,676.7754116528729,68.43027418128138,88.79473334056557,618.3565377243563,109.44744178552826,0,0,10,m128n256,128,256,0.4440320134,0.4456639886,696.4309688937398,70.41769149582808,90.19529986889006,618.3565377243563,112.62611881758524
oproj,nanbeige42_3b,model,Nanbeige4.2-3B,16384,8,2048,3072,6144,48,8,128,262144,True,2048,6144,3072,3072,6144,2048,10,50,per-sample max-rank CUDA event,MPI one process per GPU,0.1315200031,0.1378720105,0.1439999938,0.2694399953,0.2756960094,573.852528774892,560.8308331792633,0,1,10,m128n256,128,256,0.186432004,0.1881776005,414.67886236957463,0.158544004,0.1599999964,487.6211611761742,0.3450720012,0.3474448025,448.07698717458277,45.306065437268224,79.89521272118789,434.9872417540599,103.00922513675097,0,0,10,m128n256,128,256,0.3340960145,0.3366495967,462.797567003003,46.794496158038726,80.64747366209603,434.9872417540599,106.39336573109584,0,1,10,m128n256,128,256,0.1823680103,0.1839392036,423.91980479923023,0.1547999978,0.1558288038,499.41480895809156,0.3373759985,0.3390111923,458.29822910772356,46.33955804931482,81.71773055159998,438.18248357132194,104.59072333801481,0,0,10,m128n256,128,256,0.3233280182,0.3257311881,478.2104053857712,48.352922688146734,83.33332718890243,438.18248357132194,109.13498903201457
oproj,nanbeige42_3b,model,Nanbeige4.2-3B,131072,4,32768,3072,6144,48,8,128,262144,True,32768,6144,3072,3072,6144,32768,10,50,per-sample max-rank CUDA event,MPI one process per GPU,1.576400042,1.670863986,1.705215931,3.243808031,3.281824112,762.6533811044751,753.8189366852943,0,1,10,m128n256,128,256,1.795184016,1.826939225,689.0383215444137,1.716112018,1.746799946,720.7866201470772,3.509680033,3.555334568,704.8794018927593,71.27193143506162,93.50778649741373,692.6000912798282,101.77292939569797,0,0,10,m128n256,128,256,3.534512043,3.577225685,699.9272126955941,70.7712045192714,91.77527170756905,692.6000912798282,101.05791516749966,0,1,10,m128n256,128,256,1.79519999,1.832999945,689.032190362256,1.729072094,1.745212793,715.3840406888204,3.525184155,3.552803278,701.7792698821434,70.95847015997406,93.09652964782488,677.5880597430133,103.57019427826178,0,0,10,m128n256,128,256,3.552576065,4.220878124,696.368245811508,70.41134942482385,91.30861582269878,677.5880597430133,102.77162293497577
oproj,nanbeige42_3b,model,Nanbeige4.2-3B,131072,8,16384,3072,6144,48,8,128,262144,True,16384,6144,3072,3072,6144,16384,10,50,per-sample max-rank CUDA event,MPI one process per GPU,0.9257279634,0.9065439701,0.9034559727,1.834543943,1.829488039,674.2550844681512,676.1184303364554,0,1,10,m128n256,128,256,1.08494401,1.091499209,570.052726153122,1.009215951,1.012643218,612.8275023905167,2.094159842,2.102268696,590.666746845201,59.72363466584439,87.36143260453183,568.3094890463301,103.93399340144545,0,0,10,m128n256,128,256,2.083487988,2.095905542,593.692206709281,60.02954567333479,88.05157282241072,568.3094890463301,104.46635471555211,0,1,10,m128n256,128,256,1.07969594,1.086867094,572.8235771859993,1.004959941,1.014553547,615.4228296986416,2.085247993,2.095088005,593.1911146301725,59.978879133485584,87.73479438136067,576.6863008618931,102.86200898887522,0,0,10,m128n256,128,256,2.053776026,2.076323032,602.2811473055923,60.897992649706,89.32541425040473,576.6863008618931,104.4382615653339
oproj,nanbeige42_3b,model,Nanbeige4.2-3B,262144,4,65536,3072,6144,48,8,128,262144,True,65536,6144,3072,3072,6144,65536,10,50,per-sample max-rank CUDA event,MPI one process per GPU,3.279168129,3.382080078,3.463968039,6.690720081,6.743120193,739.5022157693521,733.7556180784512,0,1,10,m128n256,128,256,3.618623972,3.625926495,683.6579820502002,3.370079994,3.436353683,734.0778755698581,6.989088058,7.048251152,707.9324632816066,71.58063329439905,96.48068728053218,679.7656880280102,104.14360061851721,0,0,10,m128n256,128,256,7.018767834,7.750067234,704.9388784487326,71.27794524254121,95.32613471824948,679.7656880280102,103.70321580863391,0,1,10,m128n256,128,256,3.613696098,3.620815992,684.5902631007573,3.441488028,3.636044741,718.8463659813143,7.020015717,7.251129627,704.8135680109903,71.26527482416483,96.05562814724964,671.1498115985645,105.01583339973597,0,0,10,m128n256,128,256,7.042047977,7.895641804,702.6084373682193,71.0423091373326,95.01099826147919,671.1498115985645,104.68727327729195
oproj,nanbeige42_3b,model,Nanbeige4.2-3B,262144,8,32768,3072,6144,48,8,128,262144,True,32768,6144,3072,3072,6144,32768,10,50,per-sample max-rank CUDA event,MPI one process per GPU,1.825088024,1.781823993,1.784608006,3.60436821,3.609215975,686.3619414998669,685.440045603256,0,1,10,m128n256,128,256,2.063759804,2.07857275,599.3675130461064,1.981967926,1.9946208,624.1022193252182,4.045791626,4.064767838,611.4751799370105,61.82762183387366,89.20914146456836,603.74864816424,101.27975968083139,0,0,10,m128n256,128,256,4.042751789,4.103555202,611.9349620293989,61.87411142865509,89.15630734014375,603.74864816424,101.35591423517887,0,1,10,m128n256,128,256,2.065104008,2.083070278,598.9773766629579,1.979295969,1.990296006,624.9447281363103,4.044272423,4.068022251,611.704876364606,61.850846952942966,89.24265226234985,613.284463801359,99.74243804792278,0,0,10,m128n256,128,256,4.028336048,4.05765295,614.1248230083113,62.095533165653315,89.47536072094847,613.284463801359,100.13702600612828
oproj,nanbeige42_3b,model,Nanbeige4.2-3B,524288,4,131072,3072,6144,48,8,128,262144,False,131072,6144,3072,3072,6144,131072,10,50,per-sample max-rank CUDA event,MPI one process per GPU,6.475471973,6.93228817,7.197872162,13.42515182,13.71588802,737.0944316057648,721.4702129059815,0,1,10,m128n256,128,256,7.191071987,7.263825417,688.0479480579006,6.770895958,7.726139069,730.7455845848636,13.97379112,14.92151546,708.1546135193697,71.60309540135185,98.15437988313082,669.8457321042043,105.71906031181608,0,0,10,m128n256,128,256,14.02777672,14.93123817,705.4292955686566,71.3275324134132,95.70405979487248,669.8457321042043,105.31220275938351,0,1,10,m128n256,128,256,7.266799927,7.554292679,680.8777418803428,6.793776035,7.548308849,728.2845798127639,14.08075142,14.75614452,702.7753246128963,71.05918347956484,97.40877891302196,670.217388302584,104.85781731100256,0,0,10,m128n256,128,256,14.12607956,15.50377464,700.5202404497854,70.83116688066588,95.03805895313816,670.217388302584,104.52134675645279
oproj,nanbeige42_3b,model,Nanbeige4.2-3B,524288,8,65536,3072,6144,48,8,128,262144,False,65536,6144,3072,3072,6144,65536,10,50,per-sample max-rank CUDA event,MPI one process per GPU,3.630336046,3.519296169,3.535583973,7.148400307,7.162591934,692.1551833277879,690.783779193863,0,1,10,m128n256,128,256,4.067952156,4.089507103,608.1441146860923,3.924655914,3.938092947,630.3485494540096,7.991360188,8.016108513,619.1439515417823,62.60302846731873,89.629196601043,615.1975549630104,100.64148443811828,0,0,10,m128n256,128,256,7.985136032,8.056190491,619.6265542833523,62.6518255089335,89.5213341182063,615.1975549630104,100.71993122934441,0,1,10,m128n256,128,256,4.056287766,4.067507267,609.892913227794,3.92393589,4.904679775,630.4642154833982,7.983536243,8.961931229,619.7507187783177,62.664380058475,89.71703410603531,616.0455826661754,100.60143862993172,0,0,10,m128n256,128,256,8.010000229,8.079550743,617.7031440122323,62.45734519840569,89.24344697418861,616.0455826661754,100.26906472389318
