operator,model,suite,aliases,global_seq,cp,local_tokens,hidden,projection_width,b_m,b_n,b_k,w_m,w_n,w_k,q_heads,kv_heads,head_dim,warmup,iterations,timing,te_userbuffers_schema,te_userbuffers_numerical_contract,transformer_engine_version,transformer_engine_path,torch_version,torch_cuda_version,nccl_version,device_names,device_sm_counts,cublas_workspace_config,eager_immediate_fused_p50_ms,eager_immediate_fused_p95_ms,eager_immediate_fused_p50_tflops_per_gpu,eager_immediate_te_userbuffers_p50_ms,eager_immediate_te_userbuffers_p95_ms,eager_immediate_te_userbuffers_p50_tflops_per_gpu,eager_immediate_te_userbuffers_data_p50_ms,eager_immediate_te_userbuffers_weight_p50_ms,eager_immediate_forward_p50_tflops_per_gpu,eager_immediate_cublas_p50_ms,eager_immediate_cublas_p50_tflops_per_gpu,eager_immediate_fused_speedup_over_te_userbuffers,eager_immediate_fused_throughput_as_forward_percent,eager_immediate_fused_throughput_as_cublas_percent,eager_immediate_te_userbuffers_throughput_as_forward_percent,eager_immediate_te_userbuffers_as_cublas_percent,eager_immediate_te_userbuffers_config,eager_immediate_te_userbuffers_numerical_contract,eager_immediate_te_userbuffers_unpack_kernel,eager_immediate_weight_accumulation_beta,eager_deferred_fused_p50_ms,eager_deferred_fused_p95_ms,eager_deferred_fused_p50_tflops_per_gpu,eager_deferred_te_userbuffers_p50_ms,eager_deferred_te_userbuffers_p95_ms,eager_deferred_te_userbuffers_p50_tflops_per_gpu,eager_deferred_te_userbuffers_data_p50_ms,eager_deferred_te_userbuffers_weight_p50_ms,eager_deferred_forward_p50_tflops_per_gpu,eager_deferred_cublas_p50_ms,eager_deferred_cublas_p50_tflops_per_gpu,eager_deferred_fused_speedup_over_te_userbuffers,eager_deferred_fused_throughput_as_forward_percent,eager_deferred_fused_throughput_as_cublas_percent,eager_deferred_te_userbuffers_throughput_as_forward_percent,eager_deferred_te_userbuffers_as_cublas_percent,eager_deferred_te_userbuffers_config,eager_deferred_te_userbuffers_numerical_contract,eager_deferred_te_userbuffers_unpack_kernel,eager_deferred_weight_accumulation_beta,graph_immediate_fused_p50_ms,graph_immediate_fused_p95_ms,graph_immediate_fused_p50_tflops_per_gpu,graph_immediate_te_userbuffers_p50_ms,graph_immediate_te_userbuffers_p95_ms,graph_immediate_te_userbuffers_p50_tflops_per_gpu,graph_immediate_te_userbuffers_data_p50_ms,graph_immediate_te_userbuffers_weight_p50_ms,graph_immediate_forward_p50_tflops_per_gpu,graph_immediate_cublas_p50_ms,graph_immediate_cublas_p50_tflops_per_gpu,graph_immediate_fused_speedup_over_te_userbuffers,graph_immediate_fused_throughput_as_forward_percent,graph_immediate_fused_throughput_as_cublas_percent,graph_immediate_te_userbuffers_throughput_as_forward_percent,graph_immediate_te_userbuffers_as_cublas_percent,graph_immediate_te_userbuffers_config,graph_immediate_te_userbuffers_numerical_contract,graph_immediate_te_userbuffers_unpack_kernel,graph_immediate_weight_accumulation_beta,graph_deferred_fused_p50_ms,graph_deferred_fused_p95_ms,graph_deferred_fused_p50_tflops_per_gpu,graph_deferred_te_userbuffers_p50_ms,graph_deferred_te_userbuffers_p95_ms,graph_deferred_te_userbuffers_p50_tflops_per_gpu,graph_deferred_te_userbuffers_data_p50_ms,graph_deferred_te_userbuffers_weight_p50_ms,graph_deferred_forward_p50_tflops_per_gpu,graph_deferred_cublas_p50_ms,graph_deferred_cublas_p50_tflops_per_gpu,graph_deferred_fused_speedup_over_te_userbuffers,graph_deferred_fused_throughput_as_forward_percent,graph_deferred_fused_throughput_as_cublas_percent,graph_deferred_te_userbuffers_throughput_as_forward_percent,graph_deferred_te_userbuffers_as_cublas_percent,graph_deferred_te_userbuffers_config,graph_deferred_te_userbuffers_numerical_contract,graph_deferred_te_userbuffers_unpack_kernel,graph_deferred_weight_accumulation_beta
oproj,llama31_405b,model,Llama 3.1 405B,1024,4,256,16384,16384,256,16384,16384,16384,16384,256,128,8,128,10,50,per-sample max-rank CUDA-event critical path,v10_backward_te_userbuffers_v3,complete_route_then_single_full_gemm,2.19.0.dev0+a7aec214,/tmp/TransformerEngine-v10-clean/transformer_engine/__init__.py,2.9.0+cu128,12.8,2.27.5,NVIDIA L20X|NVIDIA L20X|NVIDIA L20X|NVIDIA L20X,132|132|132|132,:4096:8,0.5859519839,0.5895568132,469.1133650823364,0.5337920188903809,0.5386512219905853,514.9531975307573,,,469.60060946832954,0.4294400215,640.0845128124603,0.9109825268233567,99.89624281226023,73.28928535094596,109.65769361197697,80.45081348213066,c24/s3/push/sm/b512/w4/fwd,complete_route_then_single_full_gemm,branch_masked_v1,0,0.7108160257,0.7137680054,386.70752628755764,0.7400799989700317,0.7693376138806343,371.4164783895622,0.2794720083475113,0.45895999670028687,469.60060946832954,0.611455977,449.5465205731401,1.0411695462847972,82.34817385040844,86.02169265920082,79.09199240820215,82.62025427669472,c8/s3/push/sm/b512/w4/fwd,complete_route_then_single_full_gemm,branch_masked_v1,1,0.6032639742,0.6075184345,455.6511223938424,0.4896959960460663,0.5216624110937117,561.323574551224,,,440.41913516250855,0.4294400215,640.0845128124603,0.8117441401924615,103.45852076243541,71.18608766079372,127.45213133033002,87.69522825741096,c24/s3/push/sm/b1024/w4/fwd,complete_route_then_single_full_gemm,branch_masked_v1,0,0.7274879813,0.7300000191,377.84528955763795,0.6739360019564629,0.6778191938996315,407.8694507282866,0.23582399636507034,0.43827199935913086,440.41913516250855,0.611455977,449.5465205731401,0.926387815716431,85.79220551310021,84.0503201038931,92.60938459855711,90.72908632643443,c24/s3/push/sm/b1024/w4/fwd,complete_route_then_single_full_gemm,branch_masked_v1,1
oproj,llama31_405b,model,Llama 3.1 405B,4096,4,1024,16384,16384,1024,16384,16384,16384,16384,1024,128,8,128,10,50,per-sample max-rank CUDA-event critical path,v10_backward_te_userbuffers_v3,complete_route_then_single_full_gemm,2.19.0.dev0+a7aec214,/tmp/TransformerEngine-v10-clean/transformer_engine/__init__.py,2.9.0+cu128,12.8,2.27.5,NVIDIA L20X|NVIDIA L20X|NVIDIA L20X|NVIDIA L20X,132|132|132|132,:4096:8,1.827888012,1.851921558,601.5202356806091,1.735376000404358,1.748163205385208,633.5869733820244,,,763.4140236745174,1.424095988,772.076908467493,0.9493885779717877,78.7934485124245,77.90936745855741,82.99388716130726,82.0626761962925,c24/s3/push/sm/b1024/w4/fwd,complete_route_then_single_full_gemm,branch_masked_v1,0,1.802560091,1.87165761,609.9722462877938,1.8109280169010162,1.8239360064268113,607.1536899945695,0.8634559810161591,0.9486719965934753,763.4140236745174,1.514896035,725.8000564877048,1.0046422451838342,79.9005817776091,84.04136109324304,79.53137762287562,83.65302324895242,c24/s2/push/sm/b1024/w4/fwd,complete_route_then_single_full_gemm,branch_masked_v1,1,1.700016022,1.780785561,646.7654501764455,1.740447998046875,1.7519200086593627,631.7405800172531,,,761.9918651235288,1.424095988,772.076908467493,1.023783291171167,84.8782618002879,83.76956273180348,82.90647301265346,81.82352989564272,c24/s3/push/sm/b512/w4/rev,complete_route_then_single_full_gemm,branch_masked_v1,0,1.840800047,1.86507678,597.3009559446191,1.7399519681930542,1.7682975858449936,631.9206782000117,0.8301439881324768,0.9160640239715576,761.9918651235288,1.514896035,725.8000564877048,0.9452150824467325,78.38678905683446,82.29552348550109,82.93010819709593,87.06539391275408,c24/s3/push/sm/b1024/w4/fwd,complete_route_then_single_full_gemm,branch_masked_v1,1
oproj,llama31_405b,model,Llama 3.1 405B,16384,4,4096,16384,16384,4096,16384,16384,16384,16384,4096,128,8,128,10,50,per-sample max-rank CUDA-event critical path,v10_backward_te_userbuffers_v3,complete_route_then_single_full_gemm,2.19.0.dev0+a7aec214,/tmp/TransformerEngine-v10-clean/transformer_engine/__init__.py,2.9.0+cu128,12.8,2.27.5,NVIDIA L20X|NVIDIA L20X|NVIDIA L20X|NVIDIA L20X,132|132|132|132,:4096:8,6.494944096,6.571641445,677.1492481070925,6.8394880294799805,6.893812918663025,643.0373870306184,,,677.556501772598,5.901568413,745.2335046080233,1.0530480214128668,99.93989377056523,90.86403709978907,94.90535259396493,86.28669847162095,c24/s3/push/sm/b1024/w4/fwd,complete_route_then_single_full_gemm,branch_masked_v1,0,6.568992138,6.640192032,669.5161782372041,6.881919980049133,7.129465579986572,639.0726023920727,3.560368061065674,3.3372960090637207,677.556501772598,5.99825573,733.2209077227856,1.0476371162387184,98.81333534334641,91.31165944470493,94.32019333002557,87.15962620008808,c24/s2/push/sm/b1024/w4/rev,complete_route_then_single_full_gemm,branch_masked_v1,1,6.575535774,6.639194965,668.849910070309,6.871440172195435,6.904633593559265,640.0472682422873,,,679.6371972662798,5.901568413,745.2335046080233,1.045000804248599,98.41278740490355,89.75038104628825,94.1748436984856,85.88546600289239,c24/s3/push/sm/b1024/w4/fwd,complete_route_then_single_full_gemm,branch_masked_v1,0,6.554944038,6.660823822,670.9510387286085,6.84663999080658,6.924611353874207,642.36567382096,3.562432050704956,3.2830400466918945,679.6371972662798,5.99825573,733.2209077227856,1.0445001438785098,98.72194185771323,91.5073522401901,94.51596769640655,87.60875024908921,c24/s3/push/sm/b1024/w4/fwd,complete_route_then_single_full_gemm,branch_masked_v1,1
oproj,llama31_405b,model,Llama 3.1 405B,131072,4,32768,16384,16384,32768,16384,16384,16384,16384,32768,128,8,128,10,50,per-sample max-rank CUDA-event critical path,v10_backward_te_userbuffers_v3,complete_route_then_single_full_gemm,2.19.0.dev0+a7aec214,/tmp/TransformerEngine-v10-clean/transformer_engine/__init__.py,2.9.0+cu128,12.8,2.27.5,NVIDIA L20X|NVIDIA L20X|NVIDIA L20X|NVIDIA L20X,132|132|132|132,:4096:8,52.89222336,57.20916748,665.208793537697,55.5972785949707,59.706403732299805,632.8434228796003,,,671.2672690384694,47.23139191,744.9361677901904,1.0511427779573435,99.09745703682967,89.29742202086926,94.27592437004894,84.95270470715545,c20/s2/push/sm/b1024/w4/fwd,complete_route_then_single_full_gemm,branch_masked_v1,0,52.36646271,58.04975128,671.88750715662,55.45622444152832,59.318341636657706,634.4530743510953,29.194239616394043,26.12836742401123,671.2672690384694,47.48668671,740.9312909890318,1.0590026817094578,100.0923980874323,90.68148630350748,94.51571730286997,85.62913755527804,c20/s3/push/sm/b1024/w4/fwd,complete_route_then_single_full_gemm,branch_masked_v1,1,53.61443329,57.92712021,656.2481393493435,55.814992904663086,58.257317543029785,630.3749271979663,,,674.6691332620221,47.23139191,744.9361677901904,1.0410441644092419,97.26962550908277,88.09454658324152,93.43467725433153,84.62133461286176,c20/s3/push/sm/b1024/w4/rev,complete_route_then_single_full_gemm,branch_masked_v1,0,52.44982529,57.0403595,670.8196241702295,55.745598793029785,61.085884952545165,631.1596404132862,29.297391891479492,26.261727333068848,674.6691332620221,47.48668671,740.9312909890318,1.0628366917298036,99.42942267520374,90.53735917601567,93.55098807642678,85.18463831791786,c20/s3/push/sm/b1024/w4/rev,complete_route_then_single_full_gemm,branch_masked_v1,1
oproj,llama31_405b,model,Llama 3.1 405B,262144,4,65536,16384,16384,65536,16384,16384,16384,16384,65536,128,8,128,10,50,per-sample max-rank CUDA-event critical path,v10_backward_te_userbuffers_v3,complete_route_then_single_full_gemm,2.19.0.dev0+a7aec214,/tmp/TransformerEngine-v10-clean/transformer_engine/__init__.py,2.9.0+cu128,12.8,2.27.5,NVIDIA L20X|NVIDIA L20X|NVIDIA L20X|NVIDIA L20X,132|132|132|132,:4096:8,106.7585144,109.8445282,659.1394098461153,111.16876602172852,114.4923641204834,632.990242636228,,,660.0192750158724,95.33473206,738.1228504777948,1.0413105375858296,99.86669098872363,89.29941803311567,95.9048116619027,85.75676016891859,c20/s2/push/sm/b1024/w4/rev,complete_route_then_single_full_gemm,branch_masked_v1,0,105.307106,111.8161392,668.2240814562315,112.14225769042969,114.80256500244141,627.4953405336099,59.79230499267578,52.27905464172363,660.0192750158724,96.06718445,732.4951239128775,1.0649068419981997,101.24311618629044,91.22573784337023,95.07227505113691,85.66546316125974,c20/s2/push/ce/b1024/w4/rev,complete_route_then_single_full_gemm,branch_masked_v1,1,107.1709137,110.6191101,656.6030068069113,110.90233612060547,113.75421752929688,634.5109277151612,,,659.0008567533381,95.33473206,738.1228504777948,1.0348174919087723,99.63613856919092,88.95578918629671,96.28377887718841,85.96278076263802,c24/s3/push/sm/b1024/w4/fwd,complete_route_then_single_full_gemm,branch_masked_v1,0,105.2226562,111.5441284,668.7603860133689,110.82865524291992,113.54235134124755,634.9327619596771,58.77396774291992,52.057024002075195,659.0008567533381,96.06718445,732.4951239128775,1.053277490279892,101.48095850862966,91.2989539699531,96.34779006020783,86.6808175552027,c24/s3/push/sm/b1024/w4/fwd,complete_route_then_single_full_gemm,branch_masked_v1,1
oproj,llama31_405b,model,Llama 3.1 405B,524288,4,131072,16384,16384,131072,16384,16384,16384,16384,131072,128,8,128,10,50,per-sample max-rank CUDA-event critical path,v10_backward_te_userbuffers_v3,complete_route_then_single_full_gemm,2.19.0.dev0+a7aec214,/tmp/TransformerEngine-v10-clean/transformer_engine/__init__.py,2.9.0+cu128,12.8,2.27.5,NVIDIA L20X|NVIDIA L20X|NVIDIA L20X|NVIDIA L20X,132|132|132|132,:4096:8,214.3534393,217.8973846,656.567437475812,221.41604614257812,227.58024139404296,635.6246117081407,,,646.8390209295225,193.037384,729.0685640214023,1.0329484185821418,101.50399345610127,90.05565043900839,98.26627509186655,87.1831050021081,c24/s2/pull/ce/b1024/w4/fwd,complete_route_then_single_full_gemm,branch_masked_v1,0,214.1384583,217.3715668,657.226588220599,222.9110107421875,226.34365844726562,631.361761299898,118.07622528076172,104.86044692993164,646.8390209295225,193.4694519,727.4403631849437,1.0409667301793006,101.60589682362534,90.34783076142095,97.60724706938935,86.79223662206674,c24/s2/push/sm/b1024/w4/fwd,complete_route_then_single_full_gemm,branch_masked_v1,1,215.5947266,219.0162964,652.7872484397213,221.3168487548828,225.04898071289062,635.9095077808574,,,649.7354837598299,193.037384,729.0685640214023,1.0265411044375832,100.46969339926332,89.53715475524994,97.87206081173748,87.22218172092111,c20/s3/push/sm/b1024/w4/fwd,complete_route_then_single_full_gemm,branch_masked_v1,0,213.6924896,217.2604523,658.5981969640922,221.9945297241211,225.93552246093748,633.9682717868159,117.37749099731445,105.29647827148438,649.7354837598299,193.4694519,727.4403631849437,1.038850406673914,101.36404943639162,90.53638350236152,97.57328753514065,87.1505492231858,c20/s3/push/sm/b1024/w4/fwd,complete_route_then_single_full_gemm,branch_masked_v1,1
oproj,llama3_8b,model,Llama 3/3.1 8B,1024,4,256,4096,4096,256,4096,4096,4096,4096,256,32,8,128,10,50,per-sample max-rank CUDA-event critical path,v10_backward_te_userbuffers_v3,complete_route_then_single_full_gemm,2.19.0.dev0+a7aec214,/tmp/TransformerEngine-v10-clean/transformer_engine/__init__.py,2.9.0+cu128,12.8,2.27.5,NVIDIA L20X|NVIDIA L20X|NVIDIA L20X|NVIDIA L20X,132|132|132|132,:4096:8,0.06659200042,0.06714239717,257.98698155402246,0.18404800444841385,0.22459040284156795,93.3445012646974,,,212.28585467061046,0.05126400292,335.125394144699,2.763815522699593,121.52810744471097,76.98222398587617,43.971135716759704,27.85360432113167,c8/s1/push/sm/b512/w8/rev,complete_route_then_single_full_gemm,branch_masked_v1,0,0.0750399977,0.07790400088,228.94282663337555,0.18502400442957878,0.20820000059902666,92.8521098490156,0.13345599919557571,0.051183998584747314,212.28585467061046,0.05267199874,326.16702602844873,2.4656717763942413,107.84648227674452,70.19189812688387,43.739188366124495,28.467656887216098,c8/s1/push/sm/b512/w8/rev,complete_route_then_single_full_gemm,branch_masked_v1,1,0.06118400022,0.06195839867,280.790224931782,0.06758400052785873,0.06930079869925976,254.20024043883438,,,226.71914752187067,0.05126400292,335.125394144699,1.1046025151158176,123.84936517313577,83.78661534987816,112.12120511978932,75.85227645538461,c12/s3/push/sm/b1024/w4/fwd,complete_route_then_single_full_gemm,branch_masked_v1,0,0.06827199459,0.06924639642,251.6386006761898,0.06764800008386374,0.07368639940395952,253.95974992168266,0.039264000952243805,0.028416000306606293,226.71914752187067,0.05267199874,326.16702602844873,0.9908601688015183,110.99133153361706,77.15022690682459,112.01513092191925,77.86187126700291,c12/s3/push/sm/b512/w4/fwd,complete_route_then_single_full_gemm,branch_masked_v1,1
oproj,llama3_8b,model,Llama 3/3.1 8B,4096,4,1024,4096,4096,1024,4096,4096,4096,4096,1024,32,8,128,10,50,per-sample max-rank CUDA-event critical path,v10_backward_te_userbuffers_v3,complete_route_then_single_full_gemm,2.19.0.dev0+a7aec214,/tmp/TransformerEngine-v10-clean/transformer_engine/__init__.py,2.9.0+cu128,12.8,2.27.5,NVIDIA L20X|NVIDIA L20X|NVIDIA L20X|NVIDIA L20X,132|132|132|132,:4096:8,0.1340639889,0.1465184093,512.5871406620514,0.20387199521064758,0.22587839439511298,337.0716839504938,,,466.84427130434784,0.1084479988,633.6629305878903,1.5207066184097973,109.79831437791867,80.89271376289776,72.20216776115221,53.19416170325296,c24/s1/push/sm/b512/w4/fwd,complete_route_then_single_full_gemm,branch_masked_v1,0,0.1429280043,0.1469487995,480.7978469478987,0.21371200308203697,0.23055680729448794,321.551788130594,0.12996800243854523,0.08340800181031227,466.84427130434784,0.1139840037,602.8870236640056,1.4952423363686258,102.98891439849203,79.74924456424388,68.877741014619,53.335330751752544,c24/s1/push/sm/b512/w4/fwd,complete_route_then_single_full_gemm,branch_masked_v1,1,0.1267839968,0.1283535957,542.0201166587611,0.13947200030088425,0.17003200277686115,492.7116309205491,,,471.6633954071925,0.1084479988,633.6629305878903,1.100075749472541,114.91672280203741,85.53760848151461,104.46255438058436,77.75610772487963,c12/s3/push/sm/b1024/w4/fwd,complete_route_then_single_full_gemm,branch_masked_v1,0,0.1366560012,0.1378304064,502.8646830915758,0.14988800138235092,0.15849120151251556,458.4721665659064,0.08734400197863579,0.06255999952554703,471.6633954071925,0.1139840037,602.8870236640056,1.096827069913933,106.61515987634505,83.40943880919005,97.203253640258,76.04611619927934,c12/s3/push/sm/b1024/w4/fwd,complete_route_then_single_full_gemm,branch_masked_v1,1
oproj,llama3_8b,model,Llama 3/3.1 8B,16384,4,4096,4096,4096,4096,4096,4096,4096,4096,4096,32,8,128,10,50,per-sample max-rank CUDA-event critical path,v10_backward_te_userbuffers_v3,complete_route_then_single_full_gemm,2.19.0.dev0+a7aec214,/tmp/TransformerEngine-v10-clean/transformer_engine/__init__.py,2.9.0+cu128,12.8,2.27.5,NVIDIA L20X|NVIDIA L20X|NVIDIA L20X|NVIDIA L20X,132|132|132|132,:4096:8,0.3923360109,0.4153631926,700.6186006567261,0.5216320157051086,0.5289264023303986,526.9575077220628,,,602.8024275087719,0.3508319855,783.5029823527879,1.3295542627058623,116.22690431958006,89.4213061643789,87.4179471870814,67.25660521924979,c8/s3/push/sm/b1024/w4/fwd,complete_route_then_single_full_gemm,branch_masked_v1,0,0.4039359987,0.4064528048,680.4986627303539,0.5563359931111336,0.5983711957931518,494.08614640737517,0.3457439988851547,0.2107039988040924,602.8024275087719,0.3549599946,774.3912303519063,1.3772874784659135,112.88917092498791,87.8753059252899,81.96485678554859,63.803169127166875,c8/s3/push/sm/b1024/w4/fwd,complete_route_then_single_full_gemm,branch_masked_v1,1,0.3818719983,0.3837327957,719.816871013556,0.4768799990415573,0.4790544077754021,576.4089655604239,,,610.9484081599568,0.3508319855,783.5029823527879,1.2487954109348407,117.81958368325851,91.87161851662795,94.34658603930926,73.56819036342664,c20/s3/push/sm/b1024/w4/fwd,complete_route_then_single_full_gemm,branch_masked_v1,0,0.3937119842,0.395780772,698.1700277743286,0.4883039966225624,0.5034128077328205,562.9237295726429,0.30035200715065,0.18732799589633942,610.9484081599568,0.3549599946,774.3912303519063,1.2402568786793928,114.27642963782561,90.15727456741207,92.13932339525137,72.69242051163643,c20/s3/push/sm/b1024/w4/fwd,complete_route_then_single_full_gemm,branch_masked_v1,1
oproj,llama3_8b,model,Llama 3/3.1 8B,131072,4,32768,4096,4096,32768,4096,4096,4096,4096,32768,32,8,128,10,50,per-sample max-rank CUDA-event critical path,v10_backward_te_userbuffers_v3,complete_route_then_single_full_gemm,2.19.0.dev0+a7aec214,/tmp/TransformerEngine-v10-clean/transformer_engine/__init__.py,2.9.0+cu128,12.8,2.27.5,NVIDIA L20X|NVIDIA L20X|NVIDIA L20X|NVIDIA L20X,132|132|132|132,:4096:8,2.924432039,2.95472312,751.9488318504227,3.8046079874038696,3.893854463100433,577.9894440721437,,,723.2258850198338,2.864864111,767.5837911852707,1.3009732955547988,103.97150425966865,97.96309412543678,79.91824629676977,75.29985008928297,c24/s2/pull/ce/b1024/w4/fwd,complete_route_then_single_full_gemm,branch_masked_v1,0,2.91683197,2.957492828,753.9081024101638,3.8666719794273376,3.8960127949714662,568.7121295139393,2.3100160360336304,1.555247962474823,723.2258850198338,2.897632122,758.9035332871009,1.3256409759617855,104.24241139951575,99.34175680335812,78.63547769703278,74.93865881090709,c24/s2/pull/ce/b1024/w4/fwd,complete_route_then_single_full_gemm,branch_masked_v1,1,2.97062397,3.012223959,740.2563494268175,3.788432002067566,3.8135679244995115,580.4573645117205,,,712.3921133650632,2.864864111,767.5837911852707,1.2752984020618288,103.91136223141697,96.4398099500961,81.48003797653874,75.62136813954898,c24/s3/push/sm/b1024/w4/fwd,complete_route_then_single_full_gemm,branch_masked_v1,0,2.955264091,2.982417583,744.1038052230033,3.759072005748749,3.8609472930431368,584.9909903798155,2.2859359979629517,1.4707040190696716,712.3921133650632,2.897632122,758.9035332871009,1.271991906644376,104.4514378055291,98.04985384637828,82.11643270677796,77.08370889327608,c20/s3/push/sm/b1024/w4/fwd,complete_route_then_single_full_gemm,branch_masked_v1,1
oproj,llama3_8b,model,Llama 3/3.1 8B,262144,4,65536,4096,4096,65536,4096,4096,4096,4096,65536,32,8,128,10,50,per-sample max-rank CUDA-event critical path,v10_backward_te_userbuffers_v3,complete_route_then_single_full_gemm,2.19.0.dev0+a7aec214,/tmp/TransformerEngine-v10-clean/transformer_engine/__init__.py,2.9.0+cu128,12.8,2.27.5,NVIDIA L20X|NVIDIA L20X|NVIDIA L20X|NVIDIA L20X,132|132|132|132,:4096:8,5.870975971,5.914683342,749.11676232851,7.638927936553955,7.75955216884613,575.7413275308407,,,689.2729332233869,5.849424362,751.8768068316806,1.3011342533655135,108.68216728390354,99.63291266892497,83.52878805763991,76.5738911347653,c24/s2/pull/ce/b1024/w4/fwd,complete_route_then_single_full_gemm,branch_masked_v1,0,5.862847805,5.890822411,750.1553267941262,7.724944114685059,7.835863888263702,569.330527937846,4.559280157089233,3.166991949081421,689.2729332233869,5.848927975,751.940617135741,1.3176095255443967,108.83284264275729,99.76257562087609,82.59870662197196,75.71482574069672,c24/s2/push/sm/b1024/w4/fwd,complete_route_then_single_full_gemm,branch_masked_v1,1,5.927296162,6.057337761,741.9987783468546,7.582079887390137,7.721824026107788,580.0580548377567,,,692.3213851492862,5.849424362,751.8768068316806,1.2791801995653573,107.17548154125794,98.68621715750872,83.78450634060336,77.14801807520202,c20/s3/pull/ce/b1024/w4/fwd,complete_route_then_single_full_gemm,branch_masked_v1,0,5.887871742,5.928339005,746.9671052328437,7.61188805103302,7.689956724643707,577.7865467302997,4.478224039077759,3.1201919317245483,692.3213851492862,5.848927975,751.940617135741,1.2928080611428883,107.89311456438314,99.338576505969,83.45640610331729,76.83938512740256,c20/s3/pull/ce/b1024/w4/fwd,complete_route_then_single_full_gemm,branch_masked_v1,1
oproj,llama3_8b,model,Llama 3/3.1 8B,524288,4,131072,4096,4096,131072,4096,4096,4096,4096,131072,32,8,128,10,50,per-sample max-rank CUDA-event critical path,v10_backward_te_userbuffers_v3,complete_route_then_single_full_gemm,2.19.0.dev0+a7aec214,/tmp/TransformerEngine-v10-clean/transformer_engine/__init__.py,2.9.0+cu128,12.8,2.27.5,NVIDIA L20X|NVIDIA L20X|NVIDIA L20X|NVIDIA L20X,132|132|132|132,:4096:8,11.84827232,13.47866726,742.3945689837083,15.105871677398682,18.37838916778564,582.2962891554722,,,690.4900999663678,11.72727966,750.0540003501544,1.274942984885638,107.51704753187174,98.97881601019786,84.33086718894805,77.63391554256542,c20/s3/pull/ce/b1024/w4/fwd,complete_route_then_single_full_gemm,branch_masked_v1,0,11.63072014,11.73770332,756.281031297173,15.363759994506836,16.012379217147828,572.5221576848999,9.081679821014404,6.290127992630005,690.4900999663678,12.3026886,714.9732313153078,1.320963776066478,109.52814983647262,105.77753098614235,82.91533183644286,80.07602699078029,c20/s3/pull/sm/b1024/w4/fwd,complete_route_then_single_full_gemm,branch_masked_v1,1,12.23231983,12.62095547,719.0862521952224,15.219648361206055,18.30550880432129,577.9432489799633,,,691.5880799897712,11.72727966,750.0540003501544,1.244216025473727,103.97609111566207,95.87126418358211,83.56755497991105,77.0535519722789,c20/s3/pull/ce/b1024/w4/fwd,complete_route_then_single_full_gemm,branch_masked_v1,0,11.98086357,12.59022045,734.1785482169546,15.529680252075195,16.763163089752197,566.4052884174869,8.832224369049072,6.663071870803833,691.5880799897712,12.3026886,714.9732313153078,1.296207085686328,106.15835776519071,102.6861588742722,81.89922654911348,79.2204887692779,c20/s3/push/sm/b1024/w4/fwd,complete_route_then_single_full_gemm,branch_masked_v1,1
oproj,nanbeige42_3b,model,Nanbeige4.2-3B,1024,4,256,3072,6144,256,6144,3072,3072,6144,256,48,8,128,10,50,per-sample max-rank CUDA-event critical path,v10_backward_te_userbuffers_v3,complete_route_then_single_full_gemm,2.19.0.dev0+a7aec214,/tmp/TransformerEngine-v10-clean/transformer_engine/__init__.py,2.9.0+cu128,12.8,2.27.5,NVIDIA L20X|NVIDIA L20X|NVIDIA L20X|NVIDIA L20X,132|132|132|132,:4096:8,0.07348799706,0.07445920259,263.00013070461006,0.17875199764966965,0.18902400135993958,108.1238424528215,,,258.2213793676836,0.05655999854,341.71416780238127,2.4323971913906677,101.85064123994239,76.96494775033946,41.872536936170206,31.641603609292325,c24/s1/push/sm/b512/w4/fwd,complete_route_then_single_full_gemm,branch_masked_v1,0,0.0815680027,0.08317120373,236.94772695470206,0.18534399569034576,0.2016016053035855,104.27827866779246,0.1292480006814003,0.055984001606702805,258.2213793676836,0.05913599953,326.82888571444767,2.27226350474738,91.76146744120291,72.49901624721282,40.38328620315738,31.90607783637001,c24/s1/push/sm/b512/w4/fwd,complete_route_then_single_full_gemm,branch_masked_v1,1,0.06732799858,0.06817600131,287.06263723308194,0.07448000088334084,0.0757216028869152,259.4972153970933,,,269.5135019222841,0.05655999854,341.71416780238127,1.1062262721925815,106.51141229869005,84.00665359567265,96.28356781617603,75.93984676314759,c8/s3/push/sm/b1024/w4/fwd,complete_route_then_single_full_gemm,branch_masked_v1,0,0.07524800301,0.07669280469,256.84871436962277,0.07830399926751852,0.08110719984397291,246.82459405387266,0.047231998294591904,0.031120000407099724,269.5135019222841,0.05913599953,326.82888571444767,1.0406123237199052,95.30087084233972,78.58813146461998,91.58153201728871,75.52104628521873,c12/s3/push/sm/b512/w4/fwd,complete_route_then_single_full_gemm,branch_masked_v1,1
oproj,nanbeige42_3b,model,Nanbeige4.2-3B,4096,4,1024,3072,6144,1024,6144,3072,3072,6144,1024,48,8,128,10,50,per-sample max-rank CUDA-event critical path,v10_backward_te_userbuffers_v3,complete_route_then_single_full_gemm,2.19.0.dev0+a7aec214,/tmp/TransformerEngine-v10-clean/transformer_engine/__init__.py,2.9.0+cu128,12.8,2.27.5,NVIDIA L20X|NVIDIA L20X|NVIDIA L20X|NVIDIA L20X,132|132|132|132,:4096:8,0.1558399945,0.158081606,496.08196904806744,0.22207999974489212,0.26698078960180277,348.115145068475,,,435.1439386243568,0.1210239977,638.7940639643901,1.4250513833590526,114.00410875912857,77.6591388419229,79.99999865998123,54.49567626036688,c12/s3/push/sm/b512/w4/fwd,complete_route_then_single_full_gemm,branch_masked_v1,0,0.1681759953,0.1694255918,459.69349662591236,0.24772800132632256,0.27513920292258254,312.0737700788345,0.15134400129318237,0.09575999900698662,435.1439386243568,0.1328800023,581.7986904715759,1.4730283051657524,105.64170974762176,79.01246670962917,71.71736576761464,53.63947619508797,c12/s3/push/sm/b512/w4/fwd,complete_route_then_single_full_gemm,branch_masked_v1,1,0.149120003,0.1501120031,518.437565535725,0.1653439998626709,0.16735520362854003,467.5670807057442,,,432.18587153572173,0.1210239977,638.7940639643901,1.1087982600340405,119.9570832090179,81.15879510812509,108.18657237551508,73.19527639377202,c24/s3/push/sm/b1024/w4/rev,complete_route_then_single_full_gemm,branch_masked_v1,0,0.1605919898,0.1616703868,481.4026616413467,0.1825600005686283,0.18720320239663124,423.47398711218614,0.10772800073027611,0.07470400258898735,432.18587153572173,0.1328800023,581.7986904715759,1.1367939384522672,111.38787576066262,82.7438544509522,97.98422738980825,72.78702995514479,c24/s3/push/sm/b1024/w4/rev,complete_route_then_single_full_gemm,branch_masked_v1,1
oproj,nanbeige42_3b,model,Nanbeige4.2-3B,16384,4,4096,3072,6144,4096,6144,3072,3072,6144,4096,48,8,128,10,50,per-sample max-rank CUDA-event critical path,v10_backward_te_userbuffers_v3,complete_route_then_single_full_gemm,2.19.0.dev0+a7aec214,/tmp/TransformerEngine-v10-clean/transformer_engine/__init__.py,2.9.0+cu128,12.8,2.27.5,NVIDIA L20X|NVIDIA L20X|NVIDIA L20X|NVIDIA L20X,132|132|132|132,:4096:8,0.4528639913,0.4562944174,682.8488271374736,0.6084159910678864,0.6262527853250504,508.26679418670244,,,608.4289619816766,0.400496006,772.1366522491612,1.3434850258713567,112.23147972992749,88.43626644952022,83.53757397268826,65.82601573259983,c24/s2/push/sm/b1024/w4/fwd,complete_route_then_single_full_gemm,branch_masked_v1,0,0.467328012,0.4698735774,661.7143363364231,0.6407679915428162,0.6919680051505566,482.60470153546476,0.40699198842048645,0.23342400044202805,608.4289619816766,0.4057280123,762.1796768701937,1.3711311436276927,108.75786290336903,86.81868021641296,79.31981080644199,63.31901993467306,c24/s2/push/sm/b1024/w4/fwd,complete_route_then_single_full_gemm,branch_masked_v1,1,0.4440320134,0.4456639886,696.4309688937398,0.5734560191631317,0.5764831930398941,539.252593011899,,,618.3565377243563,0.400496006,772.1366522491612,1.291474492508138,112.62611881758524,90.19529986889006,87.2073892832812,69.83900990078726,c24/s3/push/sm/b1024/w4/fwd,complete_route_then_single_full_gemm,branch_masked_v1,0,0.4569280148,0.4591616094,676.7754116528729,0.5878720134496689,0.5907568030059338,526.0288604272461,0.37560001015663147,0.21214400231838226,618.3565377243563,0.4057280123,762.1796768701937,1.286574677866893,109.44744178552826,88.79473334056557,85.06886049318896,69.0163850323752,c24/s3/push/sm/b1024/w4/fwd,complete_route_then_single_full_gemm,branch_masked_v1,1
oproj,nanbeige42_3b,model,Nanbeige4.2-3B,131072,4,32768,3072,6144,32768,6144,3072,3072,6144,32768,48,8,128,10,50,per-sample max-rank CUDA-event critical path,v10_backward_te_userbuffers_v3,complete_route_then_single_full_gemm,2.19.0.dev0+a7aec214,/tmp/TransformerEngine-v10-clean/transformer_engine/__init__.py,2.9.0+cu128,12.8,2.27.5,NVIDIA L20X|NVIDIA L20X|NVIDIA L20X|NVIDIA L20X,132|132|132|132,:4096:8,3.534512043,3.577225685,699.9272126955941,4.409183979034424,4.768428802490234,561.0791416868399,,,692.6000912798282,3.243808031,762.6533811044751,1.247466107172187,101.05791516749966,91.77527170756905,81.01054977484105,73.56935084642052,c24/s2/push/ce/b1024/w4/rev,complete_route_then_single_full_gemm,branch_masked_v1,0,3.509680033,3.555334568,704.8794018927593,4.621520042419434,4.774009615182877,535.3003210607903,2.875216007232666,1.7465919852256775,692.6000912798282,3.281824112,753.8189366852943,1.316792413828407,101.77292939569797,93.50778649741373,77.28851436788437,71.0117901010317,c24/s2/push/sm/b1024/w4/rev,complete_route_then_single_full_gemm,branch_masked_v1,1,3.552576065,4.220878124,696.368245811508,4.450608015060425,4.5436159610748295,555.8568973328047,,,677.5880597430133,3.243808031,762.6533811044751,1.2527833137502222,102.77162293497577,91.30861582269878,82.0346358440293,72.8846040815832,c20/s3/pull/ce/b1024/w4/rev,complete_route_then_single_full_gemm,branch_masked_v1,0,3.525184155,3.552803278,701.7792698821434,4.486191987991333,4.530171287059784,551.4479026127625,2.816223978996277,1.6610719561576843,677.5880597430133,3.281824112,753.8189366852943,1.2726120936485752,103.57019427826178,93.09652964782488,81.3839462905985,73.15389356462691,c20/s3/pull/ce/b1024/w4/rev,complete_route_then_single_full_gemm,branch_masked_v1,1
oproj,nanbeige42_3b,model,Nanbeige4.2-3B,262144,4,65536,3072,6144,65536,6144,3072,3072,6144,65536,48,8,128,10,50,per-sample max-rank CUDA-event critical path,v10_backward_te_userbuffers_v3,complete_route_then_single_full_gemm,2.19.0.dev0+a7aec214,/tmp/TransformerEngine-v10-clean/transformer_engine/__init__.py,2.9.0+cu128,12.8,2.27.5,NVIDIA L20X|NVIDIA L20X|NVIDIA L20X|NVIDIA L20X,132|132|132|132,:4096:8,7.018767834,7.750067234,704.9388784487326,8.940656185150146,9.099838399887084,553.4048309798536,,,679.7656880280102,6.690720081,739.5022157693521,1.2738213311231383,103.70321580863391,95.32613471824948,81.41111573096201,74.83477658063684,c24/s2/pull/ce/b1024/w4/rev,complete_route_then_single_full_gemm,branch_masked_v1,0,6.989088058,7.048251152,707.9324632816066,9.198815941810608,9.288801646232605,537.8738259674452,5.671184062957764,3.5567840337753296,679.7656880280102,6.743120193,733.7556180784512,1.316168270520109,104.14360061851721,96.48068728053218,79.12635713164765,73.30421910445082,c24/s2/pull/ce/b1024/w4/rev,complete_route_then_single_full_gemm,branch_masked_v1,1,7.042047977,7.895641804,702.6084373682193,8.932912349700928,9.044956827163697,553.8845710444759,,,671.1498115985645,6.690720081,739.5022157693521,1.268510578013196,104.68727327729195,95.01099826147919,82.52771012856537,74.89964995821329,c20/s3/pull/ce/b1024/w4/fwd,complete_route_then_single_full_gemm,branch_masked_v1,0,7.020015717,7.251129627,704.8135680109903,9.09118378162384,9.148571062088013,544.2418109501949,5.556687831878662,3.5296640396118164,671.1498115985645,6.743120193,733.7556180784512,1.2950375252876147,105.01583339973597,96.05562814724964,81.09095786735061,74.1720809409879,c20/s3/pull/ce/b1024/w4/fwd,complete_route_then_single_full_gemm,branch_masked_v1,1
oproj,nanbeige42_3b,model,Nanbeige4.2-3B,524288,4,131072,3072,6144,131072,6144,3072,3072,6144,131072,48,8,128,10,50,per-sample max-rank CUDA-event critical path,v10_backward_te_userbuffers_v3,complete_route_then_single_full_gemm,2.19.0.dev0+a7aec214,/tmp/TransformerEngine-v10-clean/transformer_engine/__init__.py,2.9.0+cu128,12.8,2.27.5,NVIDIA L20X|NVIDIA L20X|NVIDIA L20X|NVIDIA L20X,132|132|132|132,:4096:8,14.02777672,14.93123817,705.4292955686566,18.098400115966797,21.463380622863767,546.7668184246786,,,669.8457321042043,13.42515182,737.0944316057648,1.290183075851438,105.31220275938351,95.70405979487248,81.62578220915216,74.17866625766575,c20/s2/pull/ce/b1024/w4/rev,complete_route_then_single_full_gemm,branch_masked_v1,0,13.97379112,14.92151546,708.1546135193697,18.32368016242981,20.035188698768614,540.044606883806,11.109936237335205,7.165839910507202,669.8457321042043,13.71588802,721.4702129059815,1.3112891129597628,105.71906031181608,98.15437988313082,80.62223598668747,74.8533476813383,c20/s2/push/ce/b1024/w4/rev,complete_route_then_single_full_gemm,branch_masked_v1,1,14.12607956,15.50377464,700.5202404497854,18.18932819366455,20.74285125732422,544.0335423399913,,,670.217388302584,13.42515182,737.0944316057648,1.2876416359122183,104.52134675645279,95.03805895313816,81.17269886384621,73.80784863003385,c20/s3/pull/ce/b1024/w4/fwd,complete_route_then_single_full_gemm,branch_masked_v1,0,14.08075142,14.75614452,702.7753246128963,18.34552025794983,18.67092318534851,539.4016910311306,10.973696231842041,7.380720138549805,670.217388302584,13.71588802,721.4702129059815,1.3028793500247609,104.85781731100256,97.40877891302196,80.48160200636366,74.76423577606839,c20/s3/pull/ce/b1024/w4/fwd,complete_route_then_single_full_gemm,branch_masked_v1,1
oproj,production_qwen_dense,model,current production Qwen dense,1024,4,256,2048,2048,256,2048,2048,2048,2048,256,16,8,128,10,50,per-sample max-rank CUDA-event critical path,v10_backward_te_userbuffers_v3,complete_route_then_single_full_gemm,2.19.0.dev0+a7aec214,/tmp/TransformerEngine-v10-clean/transformer_engine/__init__.py,2.9.0+cu128,12.8,2.27.5,NVIDIA L20X|NVIDIA L20X|NVIDIA L20X|NVIDIA L20X,132|132|132|132,:4096:8,0.03433600068,0.03489760309,125.08641690765485,0.17599999904632568,0.19324319809675217,24.40322340495868,,,105.186302779182,0.03071999922,139.8101368832001,5.125815341355174,118.91892157313414,89.46877508041801,23.20000110298435,17.454545105942906,c8/s1/pull/sm/b512/w4/fwd,complete_route_then_single_full_gemm,branch_masked_v1,0,0.03992000222,0.04226559773,107.58935513906893,0.17814400233328342,0.19197760261595248,24.109525101859422,0.13657599687576294,0.040720000863075256,105.186302779182,0.0310720019,138.22628196994285,4.462524860382722,102.28456775872392,77.83567177366754,22.920783851936157,17.442070175266675,c8/s1/push/sm/b512/w4/fwd,complete_route_then_single_full_gemm,branch_masked_v1,1,0.02969600074,0.03027199954,144.6311688097028,0.032048000022768974,0.03336639869958162,134.01670285036747,,,125.20310287169526,0.03071999922,139.8101368832001,1.079202560080788,115.51723998239636,103.4482706576064,107.03944213563473,95.85621317453358,c12/s3/push/sm/b1024/w4/fwd,complete_route_then_single_full_gemm,branch_masked_v1,0,0.03367999941,0.03433120251,127.52278418166397,0.03902400052174926,0.04298240030184388,110.0596360848828,0.025439999997615814,0.01360000018030405,125.20310287169526,0.0310720019,138.22628196994285,1.1586698695179478,101.85273468209958,92.25653932397144,87.90487900101719,79.62280003220744,c12/s3/push/sm/b1024/w4/fwd,complete_route_then_single_full_gemm,branch_masked_v1,1
oproj,production_qwen_dense,model,current production Qwen dense,4096,4,1024,2048,2048,1024,2048,2048,2048,2048,1024,16,8,128,10,50,per-sample max-rank CUDA-event critical path,v10_backward_te_userbuffers_v3,complete_route_then_single_full_gemm,2.19.0.dev0+a7aec214,/tmp/TransformerEngine-v10-clean/transformer_engine/__init__.py,2.9.0+cu128,12.8,2.27.5,NVIDIA L20X|NVIDIA L20X|NVIDIA L20X|NVIDIA L20X,132|132|132|132,:4096:8,0.05595200136,0.05650399998,307.0465535890886,0.17187200486660004,0.18675839826464652,99.95734440483373,,,273.0777686805206,0.04468799755,384.440344743082,3.0717758201491443,112.43923482775664,79.86845235878798,36.60398460402536,26.000742578574666,c8/s1/push/sm/b256/w8/rev,complete_route_then_single_full_gemm,branch_masked_v1,0,0.06195200235,0.06391039491,277.3093448528383,0.17694399878382683,0.19957919903099536,97.09212689936273,0.13288000226020813,0.042208001017570496,273.0777686805206,0.04510400072,380.8945749768514,2.8561465662429364,101.54958647595672,72.80475046663283,35.554753273582236,25.490551264812172,c8/s1/push/sm/b256/w8/rev,complete_route_then_single_full_gemm,branch_masked_v1,1,0.05124799907,0.05193920061,335.2300479192153,0.0586559996008873,0.05993599817156792,292.8919343442596,,,277.3093615490528,0.04468799755,384.440344743082,1.144551995498764,120.88666824899705,87.1994972700502,105.61920185750758,76.18657571956885,c12/s3/push/sm/b1024/w4/fwd,complete_route_then_single_full_gemm,branch_masked_v1,0,0.05480000004,0.05555839837,313.5012622529188,0.06211200077086687,0.06368319876492023,276.59500532557433,0.04198399931192398,0.020175999961793423,277.3093615490528,0.04510400072,380.8945749768514,1.1334306701738988,113.05109228974374,82.30657059685653,99.74239736462985,72.61720788288577,c12/s3/push/sm/b1024/w4/fwd,complete_route_then_single_full_gemm,branch_masked_v1,1
oproj,production_qwen_dense,model,current production Qwen dense,16384,4,4096,2048,2048,4096,2048,2048,2048,2048,4096,16,8,128,10,50,per-sample max-rank CUDA-event critical path,v10_backward_te_userbuffers_v3,complete_route_then_single_full_gemm,2.19.0.dev0+a7aec214,/tmp/TransformerEngine-v10-clean/transformer_engine/__init__.py,2.9.0+cu128,12.8,2.27.5,NVIDIA L20X|NVIDIA L20X|NVIDIA L20X|NVIDIA L20X,132|132|132|132,:4096:8,0.1249760017,0.1261183918,549.8613797948058,0.20476800203323364,0.2161680020391941,335.59675366098895,,,429.84061434193103,0.1027359962,668.8938568544294,1.6384585780298142,127.92215566614657,82.204579121209,78.07469616959634,50.17189950572749,c8/s3/push/sm/b512/w4/fwd,complete_route_then_single_full_gemm,branch_masked_v1,0,0.1301119924,0.1322015971,528.1563633637818,0.22569599747657776,0.2354976002126932,304.47804792431714,0.15371199697256088,0.07142399996519089,429.84061434193103,0.1037279963,662.4969071729769,1.7346287095714152,122.87260573837777,79.72208740076138,70.8351044003743,45.95916518668643,c8/s3/push/sm/b1024/w4/fwd,complete_route_then_single_full_gemm,branch_masked_v1,1,0.1198720038,0.1205824018,573.2737800116761,0.15803200006484985,0.1596176043152809,434.8453269451779,,,436.92445055718105,0.1027359962,668.8938568544294,1.318339520948676,131.2066146173824,85.70474584825452,99.52414573976077,65.00961587389982,c24/s3/push/sm/b1024/w4/fwd,complete_route_then_single_full_gemm,branch_masked_v1,0,0.1241440028,0.1248352006,553.5464878372683,0.16499200090765953,0.16744480095803738,416.50186892672434,0.11369600147008896,0.051311999559402466,436.92445055718105,0.1037279963,662.4969071729769,1.329037224403558,126.69157954684542,83.55457691106444,95.32583227960507,62.86850012689589,c24/s3/push/sm/b1024/w4/fwd,complete_route_then_single_full_gemm,branch_masked_v1,1
oproj,production_qwen_dense,model,current production Qwen dense,131072,4,32768,2048,2048,32768,2048,2048,2048,2048,32768,16,8,128,10,50,per-sample max-rank CUDA-event critical path,v10_backward_te_userbuffers_v3,complete_route_then_single_full_gemm,2.19.0.dev0+a7aec214,/tmp/TransformerEngine-v10-clean/transformer_engine/__init__.py,2.9.0+cu128,12.8,2.27.5,NVIDIA L20X|NVIDIA L20X|NVIDIA L20X|NVIDIA L20X,132|132|132|132,:4096:8,0.745231986,0.7715519667,737.6975548765563,1.1414719820022583,1.1483487606048584,481.62006825929467,,,649.8418712235145,0.6773920059,811.577061878049,1.5317001999995454,113.51954799213354,90.89679705454834,74.11342506331673,59.34372604676511,c24/s2/push/sm/b1024/w4/rev,complete_route_then_single_full_gemm,branch_masked_v1,0,0.7233120203,0.7272080183,760.0534741009614,1.2058719992637634,1.3606031939387317,455.89897951328953,0.8424479961395264,0.3612159937620163,649.8418712235145,0.6900479794,796.6921580815515,1.6671532691570887,116.95975709751384,95.40114916295687,70.15537159138859,57.223982298395164,c24/s2/pull/ce/b1024/w4/rev,complete_route_then_single_full_gemm,branch_masked_v1,1,0.7251839638,0.7363967896,758.0915206773909,1.1047999858856201,1.1145823895931244,497.60664456137687,,,653.4754476571383,0.6773920059,811.577061878049,1.5234754779965254,116.0091818897444,93.40967805609384,76.14771853256502,61.313542229727226,c20/s3/push/sm/b1024/w4/rev,complete_route_then_single_full_gemm,branch_masked_v1,0,0.7284960151,0.7322368026,754.6449156795121,1.121327981352806,1.1259967967867852,490.2720907978743,0.7753759920597076,0.3471360057592392,653.4754476571383,0.6900479794,796.6921580815515,1.539236945858767,115.48175503534064,94.72227233875502,75.02532689722528,61.53846072471177,c20/s3/push/sm/b1024/w4/rev,complete_route_then_single_full_gemm,branch_masked_v1,1
oproj,production_qwen_dense,model,current production Qwen dense,262144,4,65536,2048,2048,65536,2048,2048,2048,2048,65536,16,8,128,10,50,per-sample max-rank CUDA-event critical path,v10_backward_te_userbuffers_v3,complete_route_then_single_full_gemm,2.19.0.dev0+a7aec214,/tmp/TransformerEngine-v10-clean/transformer_engine/__init__.py,2.9.0+cu128,12.8,2.27.5,NVIDIA L20X|NVIDIA L20X|NVIDIA L20X|NVIDIA L20X,132|132|132|132,:4096:8,1.483936071,1.5502671,740.9427193417148,2.273375988006592,2.3157936334609985,483.6470665550163,,,699.8765447864848,1.360048056,808.4358658691397,1.5319905165959078,105.86763120740935,91.65139136239785,69.10462568831552,59.825038320764406,c20/s3/push/sm/b1024/w4/fwd,complete_route_then_single_full_gemm,branch_masked_v1,0,1.447631955,1.461788893,759.5242865276484,2.3684319853782654,2.5354848355054855,464.2360999023561,1.620639979839325,0.747791975736618,699.8765447864848,1.383711934,794.6102080637256,1.6360732969439495,108.52260904948038,95.58451160329628,66.33114130778353,58.4231230849133,c20/s2/pull/ce/b1024/w4/fwd,complete_route_then_single_full_gemm,branch_masked_v1,1,1.49140799,1.518911958,737.2306137209309,2.254688024520874,2.262990343570709,487.65577136093964,,,684.8935228971616,1.360048056,808.4358658691397,1.5117848634570303,107.64163903936173,91.19222004436224,71.20169122028072,60.320897667827595,c24/s3/push/sm/b1024/w4/fwd,complete_route_then_single_full_gemm,branch_masked_v1,0,1.481104016,1.535143971,742.359493930371,2.280111998319626,2.3236319750547407,482.2182544481618,1.5933279991149902,0.6736000180244446,684.8935228971616,1.383711934,794.6102080637256,1.5394678386447815,108.39049707903838,93.42435906270609,70.40776972285195,60.68613888351774,c24/s3/push/sm/b1024/w4/fwd,complete_route_then_single_full_gemm,branch_masked_v1,1
oproj,production_qwen_dense,model,current production Qwen dense,524288,4,131072,2048,2048,131072,2048,2048,2048,2048,131072,16,8,128,10,50,per-sample max-rank CUDA-event critical path,v10_backward_te_userbuffers_v3,complete_route_then_single_full_gemm,2.19.0.dev0+a7aec214,/tmp/TransformerEngine-v10-clean/transformer_engine/__init__.py,2.9.0+cu128,12.8,2.27.5,NVIDIA L20X|NVIDIA L20X|NVIDIA L20X|NVIDIA L20X,132|132|132|132,:4096:8,2.98516798,3.047944069,736.6497531411951,4.541007995605469,4.563115429878235,484.2588380553592,,,673.1660149556927,2.897088051,759.0460548111246,1.5211901058932935,109.43062138834814,97.04941465304074,71.93750535478722,63.79834727892218,c24/s2/push/sm/b1024/w4/fwd,complete_route_then_single_full_gemm,branch_masked_v1,0,2.988495827,3.035873652,735.8294549668112,4.713312029838562,4.735542386770248,466.5558404855534,3.1776479482650757,1.5350880026817322,673.1660149556927,2.924688101,751.88299730153,1.5771519529174038,109.30876464630242,97.86488823496022,69.3076938110522,62.05165460051612,c24/s2/push/sm/b1024/w4/fwd,complete_route_then_single_full_gemm,branch_masked_v1,1,3.025727987,3.053652763,726.774933173132,4.484815835952759,4.493467140197754,490.32632241516274,,,694.0029471149942,2.897088051,759.0460548111246,1.4822270393180452,104.7221681398289,95.74846329370322,70.65190781299624,64.59770382933773,c24/s3/push/sm/b1024/w4/fwd,complete_route_then_single_full_gemm,branch_masked_v1,0,2.976831913,3.01961422,738.712604480198,4.655759930610657,4.795454400777817,472.3231627760439,3.1251360177993774,1.5293119549751282,694.0029471149942,2.924688101,751.88299730153,1.5639982594511566,106.44228638380632,98.24834543823972,68.05780360724914,62.81870510055258,c20/s3/push/sm/b1024/w4/fwd,complete_route_then_single_full_gemm,branch_masked_v1,1
oproj,qwen25_14b_32b,model,Qwen2.5 14B/32B,1024,4,256,5120,5120,256,5120,5120,5120,5120,256,40,8,128,10,50,per-sample max-rank CUDA-event critical path,v10_backward_te_userbuffers_v3,complete_route_then_single_full_gemm,2.19.0.dev0+a7aec214,/tmp/TransformerEngine-v10-clean/transformer_engine/__init__.py,2.9.0+cu128,12.8,2.27.5,NVIDIA L20X|NVIDIA L20X|NVIDIA L20X|NVIDIA L20X,132|132|132|132,:4096:8,0.08915200084,0.09017920494,301.0986332003449,0.18664000183343887,0.19971199333667755,143.82525362358118,,,309.5427405503785,0.07798399776,344.2186393497352,2.093503231277999,97.2720706242312,87.47307634739117,46.4637785941465,41.78311026250119,c24/s1/push/sm/b512/w4/fwd,complete_route_then_single_full_gemm,branch_masked_v1,0,0.1048159972,0.1069135964,256.10160965009646,0.19392000138759613,0.2094048034399748,138.4258735969513,0.12753599882125854,0.06630399823188782,309.5427405503785,0.08763200045,306.3212691956754,1.85009928415389,82.73545979296374,83.6055590663216,44.71947019362334,45.189768885596386,c24/s1/push/sm/b512/w4/fwd,complete_route_then_single_full_gemm,branch_masked_v1,1,0.08254399896,0.08355840296,325.20287287035984,0.08684799820184708,0.0888815987855196,309.0865207694458,,,327.4242061540087,0.07798399776,344.2186393497352,1.052141879434903,99.32157328569531,94.4756720567782,94.39941059949078,89.79366177071131,c12/s3/push/sm/b1024/w4/fwd,complete_route_then_single_full_gemm,branch_masked_v1,0,0.09854400158,0.09967520088,272.4016192726644,0.09639999829232693,0.09933599811047315,278.4600215302768,0.05008000135421753,0.04630399867892265,327.4242061540087,0.08763200045,306.3212691956754,0.9782431882885075,83.19532097896769,88.92677285776605,85.04564302105969,90.90456639248215,c12/s3/push/sm/b1024/w4/fwd,complete_route_then_single_full_gemm,branch_masked_v1,1
oproj,qwen25_14b_32b,model,Qwen2.5 14B/32B,4096,4,1024,5120,5120,1024,5120,5120,5120,5120,1024,40,8,128,10,50,per-sample max-rank CUDA-event critical path,v10_backward_te_userbuffers_v3,complete_route_then_single_full_gemm,2.19.0.dev0+a7aec214,/tmp/TransformerEngine-v10-clean/transformer_engine/__init__.py,2.9.0+cu128,12.8,2.27.5,NVIDIA L20X|NVIDIA L20X|NVIDIA L20X|NVIDIA L20X,132|132|132|132,:4096:8,0.1929280013,0.1943136007,556.5505353110192,0.24030400067567825,0.2553295955061913,446.8264452447279,,,518.215166023166,0.1672160029,642.1286272714751,1.2455631067364312,107.3975776475325,86.67274930194385,86.22411587713995,69.58519310116684,c8/s1/push/sm/b1024/w4/rev,complete_route_then_single_full_gemm,branch_masked_v1,0,0.2109119892,0.2436527908,509.0947309694237,0.2794720008969307,0.28522719964385035,384.20372006997445,0.15964799374341965,0.11961600184440613,518.215166023166,0.179775998,597.2665071785611,1.3250645539733532,98.24002930602487,85.23744841718083,74.13980625430001,64.32701573790264,c8/s1/push/sm/b1024/w4/rev,complete_route_then_single_full_gemm,branch_masked_v1,1,0.1854880005,0.1872704029,578.8740086181479,0.1977439969778061,0.20159040614962576,542.995914116428,,,517.6555384140697,0.1672160029,642.1286272714751,1.0660743360474474,111.8261016566406,90.14922930284106,104.8952196628656,84.56186051441428,c20/s3/push/sm/b1024/w4/fwd,complete_route_then_single_full_gemm,branch_masked_v1,0,0.2026560009,0.2043199986,529.8347047368386,0.21697600185871124,0.23108479641377927,494.8666280150147,0.1199679970741272,0.0968639999628067,517.6555384140697,0.179775998,597.2665071785611,1.070661618186068,102.35275495362842,88.70993072083266,95.59766896943228,82.85524503169026,c20/s3/push/sm/b1024/w4/fwd,complete_route_then_single_full_gemm,branch_masked_v1,1
oproj,qwen25_14b_32b,model,Qwen2.5 14B/32B,16384,4,4096,5120,5120,4096,5120,5120,5120,5120,4096,40,8,128,10,50,per-sample max-rank CUDA-event critical path,v10_backward_te_userbuffers_v3,complete_route_then_single_full_gemm,2.19.0.dev0+a7aec214,/tmp/TransformerEngine-v10-clean/transformer_engine/__init__.py,2.9.0+cu128,12.8,2.27.5,NVIDIA L20X|NVIDIA L20X|NVIDIA L20X|NVIDIA L20X,132|132|132|132,:4096:8,0.6174880266,0.6204015613,695.5547494011927,0.7364320158958435,0.7461440086364746,583.2130058570748,,,600.4461252217492,0.5403679609,794.8227146640218,1.1926255800469046,115.83965991025742,87.51067836494953,97.12994744394261,73.3764895110734,c8/s3/push/sm/b1024/w4/fwd,complete_route_then_single_full_gemm,branch_masked_v1,0,0.6304479837,0.6459648013,681.2564092589388,0.7825440019369125,0.7953760117292403,548.8467466838055,0.4750079959630966,0.3075519949197769,600.4461252217492,0.5493280292,781.858392016673,1.241250701357287,113.45837380620048,87.13296630375122,91.40649321054613,70.19771767981501,c8/s3/push/sm/b512/w4/fwd,complete_route_then_single_full_gemm,branch_masked_v1,1,0.6102080345,0.6130656004,703.8529572163474,0.7029759883880615,0.7057967990636825,610.969274476707,,,610.6079000251531,0.5403679609,794.8227146640218,1.1520267656981522,115.27085666388419,88.55471090982496,100.05918273437652,76.86862280162299,c24/s3/push/sm/b1024/w4/fwd,complete_route_then_single_full_gemm,branch_masked_v1,0,0.6230239868,0.6253952384,689.3743077309074,0.7105440050363541,0.7145824179053306,604.4618300284236,0.42049600183963776,0.29049600660800934,610.6079000251531,0.5493280292,781.858392016673,1.1404761615774663,112.8996705909815,88.17124875423816,98.99345062576552,77.3109090086397,c24/s3/push/sm/b1024/w4/fwd,complete_route_then_single_full_gemm,branch_masked_v1,1
oproj,qwen25_14b_32b,model,Qwen2.5 14B/32B,131072,4,32768,5120,5120,32768,5120,5120,5120,5120,32768,40,8,128,10,50,per-sample max-rank CUDA-event critical path,v10_backward_te_userbuffers_v3,complete_route_then_single_full_gemm,2.19.0.dev0+a7aec214,/tmp/TransformerEngine-v10-clean/transformer_engine/__init__.py,2.9.0+cu128,12.8,2.27.5,NVIDIA L20X|NVIDIA L20X|NVIDIA L20X|NVIDIA L20X,132|132|132|132,:4096:8,4.819856167,4.896649361,712.8789154176434,5.709344148635864,5.758609700202942,601.81585613839,,,726.5910972929123,4.535600185,757.5565959634955,1.1845465820590044,98.11280623636088,94.10239699793928,82.82730938771448,79.4417023553168,c20/s2/pull/ce/b1024/w4/fwd,complete_route_then_single_full_gemm,branch_masked_v1,0,4.842479706,4.931697369,709.5484225866161,5.648224115371704,5.677020812034607,608.3281694593101,3.224592089653015,2.4221280813217163,726.5910972929123,4.599056244,747.1041132151025,1.1663908696144578,97.65443386661455,94.97316505635759,83.72359250282328,81.42481866970572,c20/s2/pull/ce/b1024/w4/fwd,complete_route_then_single_full_gemm,branch_masked_v1,1,4.949039936,5.361094475,694.2707840779889,5.724528074264526,5.766142344474792,600.2195800640642,,,726.723879069965,4.535600185,757.5565959634955,1.156694661650135,95.53432934754966,91.64606153220582,82.59252205008092,79.23098858385322,c24/s3/push/sm/b1024/w4/fwd,complete_route_then_single_full_gemm,branch_masked_v1,0,4.818863869,5.103191853,713.0257110817753,5.682751893997192,5.712755239009857,604.63203407305,3.216655969619751,2.461184024810791,726.723879069965,4.599056244,747.1041132151025,1.1792721372675887,98.11507941562066,95.43860065410782,83.19969268752202,80.93009038205727,c24/s3/pull/ce/b1024/w4/fwd,complete_route_then_single_full_gemm,branch_masked_v1,1
oproj,qwen25_14b_32b,model,Qwen2.5 14B/32B,262144,4,65536,5120,5120,65536,5120,5120,5120,5120,65536,40,8,128,10,50,per-sample max-rank CUDA-event critical path,v10_backward_te_userbuffers_v3,complete_route_then_single_full_gemm,2.19.0.dev0+a7aec214,/tmp/TransformerEngine-v10-clean/transformer_engine/__init__.py,2.9.0+cu128,12.8,2.27.5,NVIDIA L20X|NVIDIA L20X|NVIDIA L20X|NVIDIA L20X,132|132|132|132,:4096:8,9.667023659,10.13313198,710.8648862364391,11.45470380783081,11.61016149520874,599.9236461183842,,,717.4973029241203,9.364640236,733.8186519096088,1.184925599842355,99.07561789282677,96.87201114152151,83.61336602568801,81.753665508121,c24/s2/pull/ce/b1024/w4/fwd,complete_route_then_single_full_gemm,branch_masked_v1,0,9.554239273,9.75551796,719.2563926067795,11.360080003738403,11.48972806930542,604.920711063528,6.417072057723999,4.9254560470581055,717.4973029241203,9.393295288,731.5800752456873,1.189009368421582,100.245170215343,98.31547043776867,84.30982368828529,82.68687619197075,c24/s2/pull/ce/b1024/w4/fwd,complete_route_then_single_full_gemm,branch_masked_v1,1,9.673088074,10.1093998,710.4192188708483,11.490927696228027,11.595719957351685,598.0324526674867,,,719.8856419679398,9.364640236,733.8186519096088,1.1879275375476155,98.68501015366644,96.81127851167749,83.07325744581529,81.49594605032634,c24/s3/push/sm/b1024/w4/fwd,complete_route_then_single_full_gemm,branch_masked_v1,0,9.633312225,9.906730652,713.3525326591396,11.447823762893677,11.546128058433531,600.2841951388472,6.54256010055542,4.890575885772705,719.8856419679398,9.393295288,731.5800752456873,1.1883580118149526,99.09247956509581,97.50846924303858,83.38604913661841,82.05310880524638,c24/s3/push/sm/b1024/w4/fwd,complete_route_then_single_full_gemm,branch_masked_v1,1
oproj,qwen25_14b_32b,model,Qwen2.5 14B/32B,524288,4,131072,5120,5120,131072,5120,5120,5120,5120,131072,40,8,128,10,50,per-sample max-rank CUDA-event critical path,v10_backward_te_userbuffers_v3,complete_route_then_single_full_gemm,2.19.0.dev0+a7aec214,/tmp/TransformerEngine-v10-clean/transformer_engine/__init__.py,2.9.0+cu128,12.8,2.27.5,NVIDIA L20X|NVIDIA L20X|NVIDIA L20X|NVIDIA L20X,132|132|132|132,:4096:8,19.68702316,23.45007133,698.1195295754404,23.401103973388672,27.113541984558104,587.3182463027949,,,722.4782979581488,19.0779686,720.4066447200254,1.188656293193931,96.62844289557893,96.90631460607273,81.29216447921827,81.52593408283273,c24/s2/pull/ce/b1024/w4/rev,complete_route_then_single_full_gemm,branch_masked_v1,0,19.7798233,21.96950912,694.8441924251164,23.336416244506836,25.561654567718506,588.9462719210443,13.093999862670898,10.179759979248047,722.4782979581488,18.82390404,730.1299091832813,1.179809136338788,96.17509541655005,95.16720020446289,81.51750351332495,80.66321684860657,c24/s2/pull/ce/b1024/w4/rev,complete_route_then_single_full_gemm,branch_masked_v1,1,19.85241699,23.62690353,692.3033781792432,23.43879985809326,27.295272064208984,586.3736808373455,,,723.4847833368729,19.0779686,720.4066447200254,1.1806522032002342,95.69010905608627,96.09897177562762,81.04851606316578,81.39481848688811,c20/s3/push/sm/b1024/w4/fwd,complete_route_then_single_full_gemm,branch_masked_v1,0,19.63455963,21.43553162,699.9849044844608,23.223056316375732,25.203009366989136,591.821126382426,13.247744083404541,10.031328201293945,723.4847833368729,18.82390404,730.1299091832813,1.182764307119616,96.75184891325215,95.87128203903598,81.80146148379448,81.05696245815123,c24/s3/push/sm/b1024/w4/fwd,complete_route_then_single_full_gemm,branch_masked_v1,1
oproj,representative_large,artificial,Mx7168x16384 OProj stress shape,1024,4,256,7168,16384,256,16384,7168,7168,16384,256,128,8,128,10,50,per-sample max-rank CUDA-event critical path,v10_backward_te_userbuffers_v3,complete_route_then_single_full_gemm,2.19.0.dev0+a7aec214,/tmp/TransformerEngine-v10-clean/transformer_engine/__init__.py,2.9.0+cu128,12.8,2.27.5,NVIDIA L20X|NVIDIA L20X|NVIDIA L20X|NVIDIA L20X,132|132|132|132,:4096:8,0.2914559841,0.300987184,412.6149087635082,0.3004480004310608,0.3115056037902832,400.2658833324271,,,520.151748650519,0.2116959989,568.0744317931462,1.0308520559590761,79.32587169686457,72.63395176246098,76.95175193986685,70.46011243086126,c24/s1/push/sm/b512/w4/fwd,complete_route_then_single_full_gemm,branch_masked_v1,0,0.3439999819,0.3463312089,349.59037969647056,0.4144800007343292,0.427748803794384,290.14448001094974,0.17292799800634384,0.24110399931669235,520.151748650519,0.301135987,399.3514208848111,1.2048837864614121,67.20930586188499,87.53953571065581,55.780737210573676,72.65392454798325,c24/s1/push/sm/b512/w4/fwd,complete_route_then_single_full_gemm,branch_masked_v1,1,0.2841439843,0.2862432003,423.2329063177707,0.25758400559425354,0.2594799980521202,466.87325950444364,,,485.7932098837022,0.2116959989,568.0744317931462,0.906526338147971,87.12203005453527,74.50307259593107,96.10534894388746,82.1852266842467,c12/s3/push/sm/b1024/w4/fwd,complete_route_then_single_full_gemm,branch_masked_v1,0,0.3382560015,0.3396224082,355.5268310235731,0.3497439995408058,0.35276160314679145,343.8488850298887,0.1329760029911995,0.2165759950876236,485.7932098837022,0.301135987,399.3514208848111,1.0339624367043367,73.18480863672126,89.02605886210713,70.78091624874817,86.10183088069405,c12/s3/push/sm/b1024/w4/fwd,complete_route_then_single_full_gemm,branch_masked_v1,1
oproj,representative_large,artificial,Mx7168x16384 OProj stress shape,4096,4,1024,7168,16384,1024,16384,7168,7168,16384,1024,128,8,128,10,50,per-sample max-rank CUDA-event critical path,v10_backward_te_userbuffers_v3,complete_route_then_single_full_gemm,2.19.0.dev0+a7aec214,/tmp/TransformerEngine-v10-clean/transformer_engine/__init__.py,2.9.0+cu128,12.8,2.27.5,NVIDIA L20X|NVIDIA L20X|NVIDIA L20X|NVIDIA L20X,132|132|132|132,:4096:8,0.7312799692,0.7450736165,657.8005106282897,0.8043199777603149,0.8161215990781784,598.0658823015676,,,624.4759981234037,0.6141600013,783.2426991887854,1.099879678969217,105.33639605125394,83.98425051514455,95.77083572447934,76.3576708625554,c8/s3/push/sm/b1024/w4/fwd,complete_route_then_single_full_gemm,branch_masked_v1,0,0.7969120145,0.8144847751,603.6254045608945,0.8679360002279282,0.8764095976948738,554.2301932696366,0.4642239958047867,0.4034239947795868,624.4759981234037,0.6726080179,715.1807952778792,1.0891239991813777,96.66110569098464,84.40179162338379,88.75124022943062,77.49511688919077,c8/s1/push/sm/b1024/w4/fwd,complete_route_then_single_full_gemm,branch_masked_v1,1,0.7170239687,0.7445440292,670.8790196011756,0.7631680071353912,0.7845648109912873,630.3151241331594,,,632.1440654237778,0.6141600013,783.2426991887854,1.0643549455104726,106.12755166046378,85.6540406052956,99.7106765070408,80.4750717480016,c20/s3/push/sm/b1024/w4/fwd,complete_route_then_single_full_gemm,branch_masked_v1,0,0.8398720026,0.8457663655,572.7495804870875,0.8210880011320114,0.8305472061038017,585.8523525965651,0.43563200533390045,0.3858560025691986,632.1440654237778,0.6726080179,715.1807952778792,0.9776346855117938,90.60428022892641,80.08458620096881,92.67703117703407,81.91667847693473,c20/s3/push/sm/b512/w4/fwd,complete_route_then_single_full_gemm,branch_masked_v1,1
oproj,representative_large,artificial,Mx7168x16384 OProj stress shape,16384,4,4096,7168,16384,4096,16384,7168,7168,16384,4096,128,8,128,10,50,per-sample max-rank CUDA-event critical path,v10_backward_te_userbuffers_v3,complete_route_then_single_full_gemm,2.19.0.dev0+a7aec214,/tmp/TransformerEngine-v10-clean/transformer_engine/__init__.py,2.9.0+cu128,12.8,2.27.5,NVIDIA L20X|NVIDIA L20X|NVIDIA L20X|NVIDIA L20X,132|132|132|132,:4096:8,2.853360176,2.93819356,674.3436614810314,3.1868159770965576,3.3471551656723024,603.783011769964,,,650.0561121278845,2.572783947,747.8845438427326,1.1168642514538822,103.73622351978885,90.16681345173438,92.88167598233161,80.7321152363498,c24/s2/push/sm/b1024/w4/rev,complete_route_then_single_full_gemm,branch_masked_v1,0,2.813136101,2.88878727,683.985871826114,3.1654080152511597,3.2539663910865784,607.8664549206079,1.733295977115631,1.4382240176200867,650.0561121278845,2.644752026,727.5333678515537,1.1252239143800884,105.21951244903526,94.01436443334029,93.50984377807424,83.55169422890818,c24/s2/pull/ce/b1024/w4/rev,complete_route_then_single_full_gemm,branch_masked_v1,1,2.871232033,2.890892744,670.1462391381727,3.1974079608917236,3.352193534374237,601.7828729216575,,,655.5772152744611,2.572783947,747.8845438427326,1.1136013823135427,102.22232004472764,89.6055741030387,91.79435448648374,80.46467571446458,c24/s3/push/sm/b1024/w4/fwd,complete_route_then_single_full_gemm,branch_masked_v1,0,2.826864004,2.913374424,680.6642788211046,3.1186559796333313,3.1536544442176817,616.9790323696513,1.6992640495300293,1.425328016281128,655.5772152744611,2.644752026,727.5333678515537,1.1032210871200197,103.826713766454,93.5578090158454,94.11233612067338,84.80422474526833,c24/s3/push/sm/b1024/w4/fwd,complete_route_then_single_full_gemm,branch_masked_v1,1
oproj,representative_large,artificial,Mx7168x16384 OProj stress shape,131072,4,32768,7168,16384,32768,16384,7168,7168,16384,32768,128,8,128,10,50,per-sample max-rank CUDA-event critical path,v10_backward_te_userbuffers_v3,complete_route_then_single_full_gemm,2.19.0.dev0+a7aec214,/tmp/TransformerEngine-v10-clean/transformer_engine/__init__.py,2.9.0+cu128,12.8,2.27.5,NVIDIA L20X|NVIDIA L20X|NVIDIA L20X|NVIDIA L20X,132|132|132|132,:4096:8,23.30721664,25.56988144,660.44620542318,25.228848457336426,28.94436502456665,610.1413156012575,,,690.3219046317812,20.99399948,733.2172606524233,1.0824479322013298,95.67220755880014,90.07510336506658,88.38504348586589,83.21425972137482,c24/s2/pull/ce/b1024/w4/fwd,complete_route_then_single_full_gemm,branch_masked_v1,0,22.84321594,26.00574493,673.8614575677824,25.561583995819092,26.02712459564209,602.1990965576209,14.155968189239502,11.447776317596436,690.3219046317812,20.7488327,741.8809053708355,1.119001110130866,97.61554037999433,90.83148692591662,87.23453399307022,81.171936384669,c24/s2/push/sm/b1024/w4/fwd,complete_route_then_single_full_gemm,branch_masked_v1,1,23.24168015,27.8980732,662.3085202755447,25.310863494873047,28.466538143157962,608.1642687529024,,,697.0460311653434,20.99399948,733.2172606524233,1.0890289915151872,95.01646816183381,90.32909559251463,87.24879585587115,82.94461974500605,c20/s3/push/sm/b1024/w4/fwd,complete_route_then_single_full_gemm,branch_masked_v1,0,22.88459206,26.30709076,672.6430931565402,25.243135929107666,26.905933666229245,609.7959790769997,13.914639949798584,11.209728240966797,697.0460311653434,20.7488327,741.8809053708355,1.1030625262151894,96.49909232421774,90.66726051135038,87.48288517725634,82.19593935662598,c20/s3/push/sm/b1024/w4/fwd,complete_route_then_single_full_gemm,branch_masked_v1,1
oproj,representative_large,artificial,Mx7168x16384 OProj stress shape,262144,4,65536,7168,16384,65536,16384,7168,7168,16384,65536,128,8,128,10,50,per-sample max-rank CUDA-event critical path,v10_backward_te_userbuffers_v3,complete_route_then_single_full_gemm,2.19.0.dev0+a7aec214,/tmp/TransformerEngine-v10-clean/transformer_engine/__init__.py,2.9.0+cu128,12.8,2.27.5,NVIDIA L20X|NVIDIA L20X|NVIDIA L20X|NVIDIA L20X,132|132|132|132,:4096:8,46.14035034,51.68703461,667.2321590726785,51.74088096618652,55.16996555328369,595.0096906515246,,,682.5199675023724,42.27334595,728.2680111042405,1.1213803229693147,97.76009360053766,91.6190398176331,87.17835652910131,81.70202200002412,c20/s2/pull/ce/b1024/w4/fwd,complete_route_then_single_full_gemm,branch_masked_v1,0,46.28006363,51.25128937,665.2178748901171,51.79374408721924,53.5561595916748,594.4023958933086,28.982383728027344,23.013792037963867,682.5199675023724,42.48487854,724.6419581673589,1.119137270451917,97.46496902126235,91.79952490916659,87.08937821533294,82.02704648742257,c20/s2/push/ce/b1024/w4/fwd,complete_route_then_single_full_gemm,branch_masked_v1,1,46.58297729,52.6179657,660.8921835560074,51.21718406677246,53.06665477752685,601.093678590207,,,686.8027814178902,42.27334595,728.2680111042405,1.0994828378598998,96.22735979484665,90.74848455226336,87.52056556166845,82.53742707698989,c20/s3/push/sm/b1024/w4/rev,complete_route_then_single_full_gemm,branch_masked_v1,0,46.61870575,50.78817368,660.3856774322397,51.23404788970947,53.45520992279053,600.8958270094355,28.325215339660645,22.96724796295166,686.8027814178902,42.48487854,724.6419581673589,1.0990019363570487,96.15361138591885,91.13268559584583,87.49175793506521,82.9231346924927,c20/s3/push/sm/b1024/w4/fwd,complete_route_then_single_full_gemm,branch_masked_v1,1
oproj,representative_large,artificial,Mx7168x16384 OProj stress shape,524288,4,131072,7168,16384,131072,16384,7168,7168,16384,131072,128,8,128,10,50,per-sample max-rank CUDA-event critical path,v10_backward_te_userbuffers_v3,complete_route_then_single_full_gemm,2.19.0.dev0+a7aec214,/tmp/TransformerEngine-v10-clean/transformer_engine/__init__.py,2.9.0+cu128,12.8,2.27.5,NVIDIA L20X|NVIDIA L20X|NVIDIA L20X|NVIDIA L20X,132|132|132|132,:4096:8,93.90660095,97.22692108,655.6796916570325,103.25373077392578,108.86180725097657,596.3237424347351,,,671.0413457972396,86.43686676,712.3424698678423,1.099536451424779,97.71077382393533,92.04557068999098,88.86542478634676,83.7130688761781,c24/s2/pull/ce/b1024/w4/rev,complete_route_then_single_full_gemm,branch_masked_v1,0,93.15380859,99.28237915,660.9783549103947,102.23707389831543,112.22355918884277,602.2536522973643,56.46745681762695,45.89985656738281,671.0413457972396,85.63262177,719.032652308994,1.09750825485079,98.50039182386155,91.92605548410461,89.74911249050515,83.75887386523783,c24/s2/pull/ce/b1024/w4/rev,complete_route_then_single_full_gemm,branch_masked_v1,1,94.02923584,98.10861206,654.8245405314996,102.85278701782227,107.17494926452636,598.6483491671133,,,676.8272188196999,86.43686676,712.3424698678423,1.093838380148451,96.74914399474505,91.92552293744131,88.44921311100336,84.0394016207089,c24/s3/push/sm/b1024/w4/fwd,complete_route_then_single_full_gemm,branch_masked_v1,0,93.19803619,98.61042786,660.664684285082,102.26366233825684,104.90824184417724,602.0970670089298,56.584272384643555,45.666847229003906,676.8272188196999,85.63262177,719.032652308994,1.0972727164526839,97.6120146936757,91.88243150898951,88.95875494766746,83.73709664998458,c24/s3/push/sm/b1024/w4/fwd,complete_route_then_single_full_gemm,branch_masked_v1,1
oproj,representative_medium,artificial,Mx5120x5120 OProj stress shape,1024,4,256,5120,5120,256,5120,5120,5120,5120,256,40,8,128,10,50,per-sample max-rank CUDA-event critical path,v10_backward_te_userbuffers_v3,complete_route_then_single_full_gemm,2.19.0.dev0+a7aec214,/tmp/TransformerEngine-v10-clean/transformer_engine/__init__.py,2.9.0+cu128,12.8,2.27.5,NVIDIA L20X|NVIDIA L20X|NVIDIA L20X|NVIDIA L20X,132|132|132|132,:4096:8,0.08871999383,0.09022080153,302.5647820877447,0.18355200439691544,0.20127360373735426,146.24490584125218,,,309.5427405503785,0.07017600536,382.5174354438347,2.0688910861358596,97.74572052627475,79.09829828715623,47.24546457824316,38.2322195775375,c24/s1/push/sm/b1024/w8/rev,complete_route_then_single_full_gemm,branch_masked_v1,0,0.1044159979,0.1068432033,257.0826898164424,0.1937599927186966,0.21112000085413454,138.54018687424204,0.12776000052690506,0.06588800251483917,309.5427405503785,0.08001600206,335.4772159182781,1.85565427344057,83.05240476948025,76.63193731733706,44.75639991682972,41.29645183057388,c24/s1/push/sm/b1024/w8/rev,complete_route_then_single_full_gemm,branch_masked_v1,1,0.08260799944,0.08389919996,324.95092221059116,0.08887999877333641,0.09035360254347324,302.02009417728453,,,325.64471330704845,0.07017600536,382.5174354438347,1.0759248423379615,99.78694845391115,84.95061717475724,92.74527785516713,78.95590270985971,c8/s3/push/sm/b512/w4/rev,complete_route_then_single_full_gemm,branch_masked_v1,0,0.0984160006,0.09942400455,272.75590794531837,0.09772799909114838,0.10010559819638729,274.67609947650436,0.051920000463724136,0.045504000037908554,325.64471330704845,0.08001600206,335.4772159182781,0.993009251497143,83.75873975516944,81.30385462950828,84.34839819355946,81.87623076716339,c8/s3/push/sm/b512/w4/rev,complete_route_then_single_full_gemm,branch_masked_v1,1
oproj,representative_medium,artificial,Mx5120x5120 OProj stress shape,4096,4,1024,5120,5120,1024,5120,5120,5120,5120,1024,40,8,128,10,50,per-sample max-rank CUDA-event critical path,v10_backward_te_userbuffers_v3,complete_route_then_single_full_gemm,2.19.0.dev0+a7aec214,/tmp/TransformerEngine-v10-clean/transformer_engine/__init__.py,2.9.0+cu128,12.8,2.27.5,NVIDIA L20X|NVIDIA L20X|NVIDIA L20X|NVIDIA L20X,132|132|132|132,:4096:8,0.1938399971,0.1956112087,553.9320264465687,0.23705599457025528,0.2549887955188751,452.948606487055,,,518.215166023166,0.1586720049,676.7052730421509,1.2229467504993854,106.89228389386928,81.85720556843735,87.40550956140999,66.93439884852819,c24/s1/push/sm/b1024/w4/rev,complete_route_then_single_full_gemm,branch_masked_v1,0,0.2109760046,0.2141792029,508.94025888667346,0.28175999969244003,0.3132383957505226,381.08383914397405,0.15905600041151047,0.11913599818944931,518.215166023166,0.1715520024,625.8987414768877,1.3355073257105374,98.21022082242997,81.31351369804071,73.53776271513796,60.885861224893716,c24/s2/push/sm/b512/w4/fwd,complete_route_then_single_full_gemm,branch_masked_v1,1,0.1855999976,0.1866127998,578.5246971360953,0.201727993786335,0.21254400089383124,532.2720976134226,,,533.0330569330243,0.1586720049,676.7052730421509,1.086896532300036,108.53448761035978,85.49138305592305,99.857239750949,78.65641348124507,c8/s3/push/sm/b1024/w4/fwd,complete_route_then_single_full_gemm,branch_masked_v1,0,0.202511996,0.2034656107,530.2114665839351,0.21937600150704384,0.22148640267550945,489.452728021175,0.12132799997925758,0.0981920026242733,533.0330569330243,0.1715520024,625.8987414768877,1.0832741064240157,99.47065377796189,84.71201992399502,91.82408513974674,78.1999859699748,c8/s3/push/sm/b1024/w4/fwd,complete_route_then_single_full_gemm,branch_masked_v1,1
oproj,representative_medium,artificial,Mx5120x5120 OProj stress shape,16384,4,4096,5120,5120,4096,5120,5120,5120,5120,4096,40,8,128,10,50,per-sample max-rank CUDA-event critical path,v10_backward_te_userbuffers_v3,complete_route_then_single_full_gemm,2.19.0.dev0+a7aec214,/tmp/TransformerEngine-v10-clean/transformer_engine/__init__.py,2.9.0+cu128,12.8,2.27.5,NVIDIA L20X|NVIDIA L20X|NVIDIA L20X|NVIDIA L20X,132|132|132|132,:4096:8,0.614463985,0.616273582,698.9778735363961,0.7439840137958527,0.7490319848060607,577.2929547352516,,,600.4461252217492,0.5385600328,797.4909080553666,1.2107853868699119,116.40975670852374,87.64712756924231,96.14400534636692,72.38865658580931,c24/s2/push/sm/b512/w4/fwd,complete_route_then_single_full_gemm,branch_masked_v1,0,0.6278399825,0.6320480108,684.0862983746022,0.7790400087833405,0.7851023912429809,551.3153686044484,0.47092799842357635,0.3081600069999695,600.4461252217492,0.5535999537,775.8250822267004,1.2408257366491318,113.92967156245102,88.17532637784821,91.81762450392091,71.06181293109456,c24/s2/push/sm/b512/w4/rev,complete_route_then_single_full_gemm,branch_masked_v1,1,0.616944015,0.6214848161,696.1680787194281,0.7077760100364685,0.7104672223329545,606.8257803452112,,,606.1680291168158,0.5385600328,797.4909080553666,1.1472289102868898,114.84737651600365,87.29479818359208,100.10850971954984,76.09187442963069,c20/s3/push/sm/b1024/w4/fwd,complete_route_then_single_full_gemm,branch_masked_v1,0,0.6239359975,0.6254816055,688.3666454907501,0.7066560089588165,0.7090303972363472,607.7875573899363,0.41923199594020844,0.2874720096588135,606.1680291168158,0.5535999537,775.8250822267004,1.1325777191735384,113.56036815298513,88.72704186297571,100.26717480885294,78.34079759905693,c24/s3/push/sm/b1024/w4/fwd,complete_route_then_single_full_gemm,branch_masked_v1,1
oproj,representative_medium,artificial,Mx5120x5120 OProj stress shape,131072,4,32768,5120,5120,32768,5120,5120,5120,5120,32768,40,8,128,10,50,per-sample max-rank CUDA-event critical path,v10_backward_te_userbuffers_v3,complete_route_then_single_full_gemm,2.19.0.dev0+a7aec214,/tmp/TransformerEngine-v10-clean/transformer_engine/__init__.py,2.9.0+cu128,12.8,2.27.5,NVIDIA L20X|NVIDIA L20X|NVIDIA L20X|NVIDIA L20X,132|132|132|132,:4096:8,4.840352058,4.934127808,709.8603150407454,5.703792095184326,5.803343963623047,602.4016618174021,,,726.5910972929123,4.550640106,755.0528621829889,1.1783837263980121,97.69735931055287,94.01465123758567,82.90793323256955,79.78271350111227,c24/s2/pull/ce/b1024/w4/fwd,complete_route_then_single_full_gemm,branch_masked_v1,0,4.815055847,4.866865635,713.5896126606234,5.866560101509094,7.034742295742035,585.6879972841566,3.3178399801254272,2.5252480506896973,726.5910972929123,4.607647896,745.7110253113838,1.2183784130280086,98.21061878121972,95.69251203744138,80.60764843751545,78.54087942974868,c24/s2/pull/ce/b1024/w4/fwd,complete_route_then_single_full_gemm,branch_masked_v1,1,4.960975647,5.244103909,692.6004240471934,5.722016096115112,5.78635184764862,600.4830778320966,,,732.2298171465358,4.550640106,755.0528621829889,1.1534053991124364,94.58784767140783,91.72873301145637,82.00746046810141,79.5286142080166,c24/s3/pull/ce/b1024/w4/fwd,complete_route_then_single_full_gemm,branch_masked_v1,0,5.023200035,5.176446438,684.0209055700088,5.682767987251282,5.725182437896729,604.6303217918208,3.210752010345459,2.4700160026550293,732.2298171465358,4.607647896,745.7110253113838,1.131304337405564,93.4161501693014,91.72734240913023,82.57384602938406,81.08104899472923,c24/s3/push/sm/b1024/w4/fwd,complete_route_then_single_full_gemm,branch_masked_v1,1
oproj,representative_medium,artificial,Mx5120x5120 OProj stress shape,262144,4,65536,5120,5120,65536,5120,5120,5120,5120,65536,40,8,128,10,50,per-sample max-rank CUDA-event critical path,v10_backward_te_userbuffers_v3,complete_route_then_single_full_gemm,2.19.0.dev0+a7aec214,/tmp/TransformerEngine-v10-clean/transformer_engine/__init__.py,2.9.0+cu128,12.8,2.27.5,NVIDIA L20X|NVIDIA L20X|NVIDIA L20X|NVIDIA L20X,132|132|132|132,:4096:8,9.850288391,10.85482407,697.6392366216154,11.455120086669922,11.693367910385131,599.9018449048594,,,717.4973029241203,9.365455627,733.7547629598097,1.1629223056186073,97.23231485030335,95.07798406752251,83.61032751760779,81.75781271728769,c24/s2/pull/ce/b1024/w4/fwd,complete_route_then_single_full_gemm,branch_masked_v1,0,9.520719528,9.592307091,721.7886897508026,12.084255933761597,12.713243460655212,568.6694912179747,7.032208204269409,5.024976015090942,717.4973029241203,9.368559837,733.5116381986556,1.2692586834663444,100.59810494188521,98.40180471074159,79.25736987447812,77.52698956685988,c24/s2/pull/ce/b1024/w4/fwd,complete_route_then_single_full_gemm,branch_masked_v1,1,9.623487473,9.702357292,714.0808041658682,11.479904174804688,11.68535327911377,598.6067103837055,,,722.7615714269305,9.365455627,733.7547629598097,1.1929047766740608,98.79894454765711,97.3187283017311,82.82215519592317,81.58130489934457,c20/s3/push/sm/b1024/w4/fwd,complete_route_then_single_full_gemm,branch_masked_v1,0,9.758159637,10.04643631,704.2257894145988,11.74230408668518,12.003697443008424,585.2299193471092,6.792255878448486,4.946336030960083,722.7615714269305,9.368559837,733.5116381986556,1.203331829309484,97.43542231005215,96.00744592737799,80.97136628220343,79.78468082446601,c20/s3/push/sm/b1024/w4/fwd,complete_route_then_single_full_gemm,branch_masked_v1,1
oproj,representative_medium,artificial,Mx5120x5120 OProj stress shape,524288,4,131072,5120,5120,131072,5120,5120,5120,5120,131072,40,8,128,10,50,per-sample max-rank CUDA-event critical path,v10_backward_te_userbuffers_v3,complete_route_then_single_full_gemm,2.19.0.dev0+a7aec214,/tmp/TransformerEngine-v10-clean/transformer_engine/__init__.py,2.9.0+cu128,12.8,2.27.5,NVIDIA L20X|NVIDIA L20X|NVIDIA L20X|NVIDIA L20X,132|132|132|132,:4096:8,19.60780716,23.40071678,700.9399488198557,23.315744400024414,27.350808143615723,589.4684343505502,,,722.4782979581488,19.2366066,714.4656868535224,1.1891051462189317,97.01882406721913,98.10687367041608,81.58977730078426,82.50479276990124,c24/s2/pull/ce/b1024/w4/rev,complete_route_then_single_full_gemm,branch_masked_v1,0,19.76993561,21.1382885,695.1917101969761,23.663599491119385,24.55851831436157,580.8032439172193,13.266687870025635,10.288496017456055,722.4782979581488,18.96315193,724.7685088393425,1.1969487386266395,96.22319620696022,95.91913855504964,80.39040695875183,80.1363796624288,c24/s2/pull/ce/b1024/w4/rev,complete_route_then_single_full_gemm,branch_masked_v1,1,20.36931229,23.17021751,674.7353642345281,23.556015968322754,27.42055206298828,583.4558511796848,,,720.2079141215197,19.2366066,714.4656868535224,1.1564463067261832,93.6861913073453,94.43915595247618,81.01214104143253,81.66324316416097,c24/s3/push/sm/b1024/w4/fwd,complete_route_then_single_full_gemm,branch_masked_v1,0,19.65129662,21.53227806,699.3887280298962,23.408607959747314,24.785262250900267,587.1299724799338,13.353216171264648,9.932144165039062,720.2079141215197,18.96315193,724.7685088393425,1.1911991565952615,97.10928112793404,96.49822246691016,81.52228835142573,81.00931060321238,c24/s3/push/sm/b1024/w4/fwd,complete_route_then_single_full_gemm,branch_masked_v1,1
oproj,representative_small,artificial,Mx4096x4096 OProj stress shape,1024,4,256,4096,4096,256,4096,4096,4096,4096,256,32,8,128,10,50,per-sample max-rank CUDA-event critical path,v10_backward_te_userbuffers_v3,complete_route_then_single_full_gemm,2.19.0.dev0+a7aec214,/tmp/TransformerEngine-v10-clean/transformer_engine/__init__.py,2.9.0+cu128,12.8,2.27.5,NVIDIA L20X|NVIDIA L20X|NVIDIA L20X|NVIDIA L20X,132|132|132|132,:4096:8,0.06679999828,0.06808319688,257.1836770412564,0.18059200048446655,0.2022175960242748,95.13084266142624,,,212.28585467061046,0.05166399851,332.53076957786556,2.703473130755095,121.14970045475278,77.34131712615368,44.812614956862916,28.60813234883227,c8/s1/push/sm/b512/w4/rev,complete_route_then_single_full_gemm,branch_masked_v1,0,0.07476799935,0.07699520141,229.77569726827255,0.18543999642133713,0.19361439831554889,92.64381749105365,0.13368000090122223,0.05092800036072731,212.28585467061046,0.05563199893,308.8127249502016,2.480205409178668,108.23881677128225,74.4061622801734,43.64106955444712,30.000000001940716,c8/s1/push/sm/b512/w4/fwd,complete_route_then_single_full_gemm,branch_masked_v1,1,0.06110399961,0.06185920164,281.1578504459865,0.06734399870038033,0.06931520216166973,255.10616410579993,,,225.19753096884642,0.05166399851,332.53076957786556,1.102120959842359,124.8494373967544,84.55092766389863,113.28106618588596,76.71655902088308,c12/s3/push/sm/b1024/w4/fwd,complete_route_then_single_full_gemm,branch_masked_v1,0,0.06835199893,0.06950719655,251.344063859699,0.06654400005936623,0.07019200157374145,258.17307598992005,0.03921600058674812,0.027424000203609467,225.19753096884642,0.05563199893,308.8127249502016,0.9735487052472983,111.6104882581815,81.3904491468835,114.642942522152,83.60182567980397,c12/s3/push/sm/b1024/w4/fwd,complete_route_then_single_full_gemm,branch_masked_v1,1
oproj,representative_small,artificial,Mx4096x4096 OProj stress shape,4096,4,1024,4096,4096,1024,4096,4096,4096,4096,1024,32,8,128,10,50,per-sample max-rank CUDA-event critical path,v10_backward_te_userbuffers_v3,complete_route_then_single_full_gemm,2.19.0.dev0+a7aec214,/tmp/TransformerEngine-v10-clean/transformer_engine/__init__.py,2.9.0+cu128,12.8,2.27.5,NVIDIA L20X|NVIDIA L20X|NVIDIA L20X|NVIDIA L20X,132|132|132|132,:4096:8,0.131776005,0.1333504021,521.4870244093377,0.21988800168037415,0.2505791954696178,312.52035677639924,,,466.84427130434784,0.1082399935,634.8806435950127,1.668649779452444,111.70470678633792,82.13938000321076,66.94317055733113,49.22505669833501,c24/s2/push/sm/b512/w4/fwd,complete_route_then_single_full_gemm,branch_masked_v1,0,0.143215999,0.1449327916,479.83100502619124,0.221343994140625,0.27072799541056153,310.4646096353575,0.13592000305652618,0.08430400118231773,466.84427130434784,0.1139200032,603.2257268756819,1.5455256094720604,102.78181280570476,79.54418779706309,66.50282090169584,51.46740196963463,c24/s2/push/sm/b512/w4/fwd,complete_route_then_single_full_gemm,branch_masked_v1,1,0.1261599958,0.127263993,544.701006846419,0.13913600146770477,0.14702080041170118,493.90147777065926,,,485.7460911289593,0.1082399935,634.8806435950127,1.1028535676893607,112.1369820147061,85.79581254234633,101.6789402510158,77.79438273215281,c12/s3/push/sm/b1024/w4/fwd,complete_route_then_single_full_gemm,branch_masked_v1,0,0.1365439892,0.1379871964,503.27720127866314,0.1493919976055622,0.152137597464025,459.99436273313086,0.08737600222229958,0.062111999839544296,485.7460911289593,0.1139200032,603.2257268756819,1.0940942803915255,103.60910987651151,83.4309908971079,94.69852071563213,76.25576003125785,c24/s3/push/sm/b1024/w4/fwd,complete_route_then_single_full_gemm,branch_masked_v1,1
oproj,representative_small,artificial,Mx4096x4096 OProj stress shape,16384,4,4096,4096,4096,4096,4096,4096,4096,4096,4096,32,8,128,10,50,per-sample max-rank CUDA-event critical path,v10_backward_te_userbuffers_v3,complete_route_then_single_full_gemm,2.19.0.dev0+a7aec214,/tmp/TransformerEngine-v10-clean/transformer_engine/__init__.py,2.9.0+cu128,12.8,2.27.5,NVIDIA L20X|NVIDIA L20X|NVIDIA L20X|NVIDIA L20X,132|132|132|132,:4096:8,0.3901439905,0.3936879933,704.5550197805751,0.5212959945201874,0.5271984100341797,527.2971782509164,,,602.8024275087719,0.3502240181,784.8630954417115,1.3361630762327157,116.87992410586676,89.76788740258706,87.47429575393394,67.18333188467219,c8/s3/push/sm/b1024/w4/fwd,complete_route_then_single_full_gemm,branch_masked_v1,0,0.4029759765,0.4059807956,682.1198358557734,0.5585919916629791,0.5787215985357761,492.09066912266945,0.3458719998598099,0.21105600148439407,602.8024275087719,0.3536320031,777.2992956926189,1.3861669782763815,113.15811030735229,87.755107927631,81.63382339987484,63.30774668773989,c8/s3/push/sm/b1024/w4/rev,complete_route_then_single_full_gemm,branch_masked_v1,1,0.3817279935,0.38445279,720.0884179954699,0.47724801301956177,0.47963681221008303,575.9644869023963,,,610.9918745174953,0.3502240181,784.8630954417115,1.2502305860352414,117.85564555406386,91.74700940553369,94.26712709677844,73.38407045094283,c20/s3/push/sm/b1024/w4/fwd,complete_route_then_single_full_gemm,branch_masked_v1,0,0.3936799765,0.3954863846,698.2267916895184,0.4976159930229187,0.5010256037116051,552.3896152817981,0.309904009103775,0.18774399906396866,610.9918745174953,0.3536320031,777.2992956926189,1.264011437530958,114.27759039200205,89.82727702941732,90.40866799055621,71.06524067921441,c20/s3/push/sm/b512/w4/fwd,complete_route_then_single_full_gemm,branch_masked_v1,1
oproj,representative_small,artificial,Mx4096x4096 OProj stress shape,131072,4,32768,4096,4096,32768,4096,4096,4096,4096,32768,32,8,128,10,50,per-sample max-rank CUDA-event critical path,v10_backward_te_userbuffers_v3,complete_route_then_single_full_gemm,2.19.0.dev0+a7aec214,/tmp/TransformerEngine-v10-clean/transformer_engine/__init__.py,2.9.0+cu128,12.8,2.27.5,NVIDIA L20X|NVIDIA L20X|NVIDIA L20X|NVIDIA L20X,132|132|132|132,:4096:8,2.952928066,2.978972912,744.692456572696,3.7781760692596436,3.8217599511146547,582.0330273763319,,,723.2258850198338,2.875455856,764.7563953949985,1.27946769606803,102.96816969601046,97.37642745544618,80.47735008272971,76.1069839861503,c24/s2/pull/ce/b1024/w4/rev,complete_route_then_single_full_gemm,branch_masked_v1,0,2.89455986,2.965428829,759.7090272481012,3.8435200452804565,4.1299471080303185,572.1378397004146,2.33406400680542,1.4490559697151184,723.2258850198338,2.916559935,753.9784213458997,1.3278426535219265,105.04450172262113,100.76004905975584,79.10914854557844,75.88252176754766,c24/s2/pull/ce/b1024/w4/rev,complete_route_then_single_full_gemm,branch_masked_v1,1,2.966592073,3.004166365,741.262432258916,3.7756160497665405,3.8435823202133177,582.4276691714914,,,714.3470574939213,2.875455856,764.7563953949985,1.272711568310909,103.76782888410284,96.92791544110621,81.53287160092314,76.15858758143057,c24/s3/push/sm/b1024/w4/fwd,complete_route_then_single_full_gemm,branch_masked_v1,0,2.941712141,2.978964806,747.5317604680614,3.825727939605713,3.865955114364624,574.7986501566642,2.279792070388794,1.5422719717025757,714.3470574939213,2.916559935,753.9784213458997,1.3005106401421052,104.64545946203782,99.14498071890033,80.4649006567169,76.23542450069219,c20/s3/push/sm/b1024/w4/rev,complete_route_then_single_full_gemm,branch_masked_v1,1
oproj,representative_small,artificial,Mx4096x4096 OProj stress shape,262144,4,65536,4096,4096,65536,4096,4096,4096,4096,65536,32,8,128,10,50,per-sample max-rank CUDA-event critical path,v10_backward_te_userbuffers_v3,complete_route_then_single_full_gemm,2.19.0.dev0+a7aec214,/tmp/TransformerEngine-v10-clean/transformer_engine/__init__.py,2.9.0+cu128,12.8,2.27.5,NVIDIA L20X|NVIDIA L20X|NVIDIA L20X|NVIDIA L20X,132|132|132|132,:4096:8,5.910480022,5.959905624,744.1098683581678,7.593263864517212,7.709099292755127,579.203698116664,,,689.2729332233869,5.867759705,749.5273719808878,1.2847118738670211,107.95576505207245,99.27721070300574,84.03111020303905,77.27585672900989,c20/s2/pull/ce/b1024/w4/fwd,complete_route_then_single_full_gemm,branch_masked_v1,0,5.865887642,5.921006203,749.7665791642179,7.672223806381226,7.767105555534362,573.2427288481873,4.508095979690552,3.1614240407943726,689.2729332233869,5.87494421,748.6107703998094,1.3079391005459742,108.7764429770849,100.15439381987399,83.16629033544318,76.57420271178256,c20/s2/pull/ce/b1024/w4/fwd,complete_route_then_single_full_gemm,branch_masked_v1,1,5.911536217,6.006625652,743.9769206617381,7.609071969985962,7.746556925773621,578.0003827604897,,,696.5600200953065,5.867759705,749.5273719808878,1.2871564498081398,106.80729573884298,99.25947316580569,82.979264684385,77.11531351188975,c24/s3/push/sm/b1024/w4/fwd,complete_route_then_single_full_gemm,branch_masked_v1,0,6.084784031,6.248257637,722.7941844274801,7.651487946510315,7.679006183147431,574.7962411820643,4.4817280769348145,3.1655839681625366,696.5600200953065,5.87494421,748.6107703998094,1.2574789684446428,103.76624606284237,96.55140067534141,82.51926963930804,76.7817220790296,c20/s3/pull/ce/b1024/w4/fwd,complete_route_then_single_full_gemm,branch_masked_v1,1
oproj,representative_small,artificial,Mx4096x4096 OProj stress shape,524288,4,131072,4096,4096,131072,4096,4096,4096,4096,131072,32,8,128,10,50,per-sample max-rank CUDA-event critical path,v10_backward_te_userbuffers_v3,complete_route_then_single_full_gemm,2.19.0.dev0+a7aec214,/tmp/TransformerEngine-v10-clean/transformer_engine/__init__.py,2.9.0+cu128,12.8,2.27.5,NVIDIA L20X|NVIDIA L20X|NVIDIA L20X|NVIDIA L20X,132|132|132|132,:4096:8,11.98483276,13.41485119,733.9353997133289,15.080351829528809,18.5583535194397,583.2816847803502,,,690.4900999663678,11.72689629,750.0785207513761,1.2582863800870268,106.29195114442297,97.84780918378038,84.47357678390473,77.7627499846362,c20/s2/pull/ce/b1024/w4/rev,complete_route_then_single_full_gemm,branch_masked_v1,0,11.67728043,11.79698372,753.2655462833652,15.395647764205933,16.02178840637207,571.3363384851173,8.750624179840088,6.631680011749268,690.4900999663678,12.23638344,718.8474491126277,1.3184275102833969,109.0914332182395,104.78795566614649,82.74359596364174,79.47949724109007,c20/s2/pull/ce/b1024/w4/rev,complete_route_then_single_full_gemm,branch_masked_v1,1,11.99009609,12.35933781,733.6132217942885,15.22436809539795,18.863608264923094,577.7640797365442,,,691.2541801064444,11.72689629,750.0785207513761,1.2697452948767778,106.1278532422504,97.8048566247979,83.58200157973378,77.02714632566476,c20/s3/pull/ce/b1024/w4/rev,complete_route_then_single_full_gemm,branch_masked_v1,0,12.13644791,12.36104774,724.7666769912418,15.521744012832642,16.550884938240053,566.6948904025094,8.866127967834473,6.660207986831665,691.2541801064444,12.23638344,718.8474491126277,1.278936318759567,104.84807149804675,100.8234331061369,81.98068188394107,78.83381809340199,c20/s3/push/sm/b1024/w4/rev,complete_route_then_single_full_gemm,branch_masked_v1,1
oproj,llama31_405b,model,Llama 3.1 405B,1024,8,128,16384,16384,128,16384,16384,16384,16384,128,128,8,128,10,50,per-sample max-rank CUDA-event critical path,v10_backward_te_userbuffers_v3,complete_route_then_single_full_gemm,2.19.0.dev0+a7aec214,/tmp/TransformerEngine-v10-clean/transformer_engine/__init__.py,2.9.0+cu128,12.8,2.27.5,NVIDIA L20X|NVIDIA L20X|NVIDIA L20X|NVIDIA L20X|NVIDIA L20X|NVIDIA L20X|NVIDIA L20X|NVIDIA L20X,132|132|132|132|132|132|132|132,:4096:8,0.454768002,0.4587679803,302.2177305077854,0.47655999660491943,0.5736176192760464,288.3980074935674,,,394.9395328201016,0.3808799982,360.8458152738985,1.0479189268134117,76.52253203161817,83.75259396548309,73.02333231475593,79.92278011445417,c8/s3/push/sm/b512/w4/fwd,complete_route_then_single_full_gemm,branch_masked_v1,0,0.5832639933,0.5859520435,235.6376444470638,0.6946719959378242,0.8938863798975942,197.84726356566892,0.2335520014166832,0.46091198921203613,394.9395328201016,0.5801920295,236.8852836369411,1.1910078522205672,59.664233348450026,99.47331502796541,50.09558353222393,83.52028480962827,c16/s3/push/sm/b512/w4/fwd,complete_route_then_single_full_gemm,branch_masked_v1,1,0.4454399943,0.4524543881,308.5465050976901,0.42766399681568146,0.43348638862371447,321.37134408168265,,,399.23475535532583,0.3808799982,360.8458152738985,0.9600933959415721,77.28448011072543,85.50646620731605,80.49683545102596,89.06057115772482,c16/s3/push/sm/b1024/w4/fwd,complete_route_then_single_full_gemm,branch_masked_v1,0,0.5755200386,0.5790783763,238.80828512301954,0.6282080039381981,0.6778111837804315,218.77937340881283,0.18884800374507904,0.43884798884391785,399.23475535532583,0.5801920295,236.8852836369411,1.0915484462823672,59.81650693474221,100.81178596515338,54.79968125873595,92.35667579254184,c16/s3/push/sm/b1024/w4/fwd,complete_route_then_single_full_gemm,branch_masked_v1,1
oproj,llama31_405b,model,Llama 3.1 405B,4096,8,512,16384,16384,512,16384,16384,16384,16384,512,128,8,128,10,50,per-sample max-rank CUDA-event critical path,v10_backward_te_userbuffers_v3,complete_route_then_single_full_gemm,2.19.0.dev0+a7aec214,/tmp/TransformerEngine-v10-clean/transformer_engine/__init__.py,2.9.0+cu128,12.8,2.27.5,NVIDIA L20X|NVIDIA L20X|NVIDIA L20X|NVIDIA L20X|NVIDIA L20X|NVIDIA L20X|NVIDIA L20X|NVIDIA L20X,132|132|132|132|132|132|132|132,:4096:8,1.193887949,1.207190394,460.47521825517646,1.0878880023956299,1.0962959706783293,505.3422895347562,,,623.8831223021217,0.9551520348,575.5689082556515,0.9112144932083822,73.80793001035644,80.00349074634975,80.9995128045857,87.79874699386949,c16/s3/push/sm/b512/w4/fwd,complete_route_then_single_full_gemm,branch_masked_v1,0,1.302736044,1.311044812,422.0009236867327,1.204607993364334,1.22292001247406,456.37735837414965,0.5445919930934906,0.6616480052471161,623.8831223021217,1.043663979,526.7555697522066,0.9246754159542807,67.64102258922377,80.11323428155643,73.15109866894977,86.63930380248966,c8/s3/push/sm/b512/w4/fwd,complete_route_then_single_full_gemm,branch_masked_v1,1,1.19727993,1.204191923,459.1706585175949,1.0408480167388916,1.0487887978553774,528.1806806054686,,,625.3592322483597,0.9551520348,575.5689082556515,0.8693439108587508,73.42510269924928,79.77683504642059,84.46036347884333,91.76671516295069,c16/s3/push/sm/b1024/w4/fwd,complete_route_then_single_full_gemm,branch_masked_v1,0,1.292783976,1.297987223,425.2495576167321,1.13824000954628,1.1491263955831528,482.9876030338638,0.4997600018978119,0.6383039951324463,625.3592322483597,1.043663979,526.7555697522066,0.8804564650221809,68.00084426479617,80.72995940351909,77.23362479152568,91.69102915438903,c16/s3/push/sm/b1024/w4/fwd,complete_route_then_single_full_gemm,branch_masked_v1,1
oproj,llama31_405b,model,Llama 3.1 405B,16384,8,2048,16384,16384,2048,16384,16384,16384,16384,2048,128,8,128,10,50,per-sample max-rank CUDA-event critical path,v10_backward_te_userbuffers_v3,complete_route_then_single_full_gemm,2.19.0.dev0+a7aec214,/tmp/TransformerEngine-v10-clean/transformer_engine/__init__.py,2.9.0+cu128,12.8,2.27.5,NVIDIA L20X|NVIDIA L20X|NVIDIA L20X|NVIDIA L20X|NVIDIA L20X|NVIDIA L20X|NVIDIA L20X|NVIDIA L20X,132|132|132|132|132|132|132|132,:4096:8,3.54243207,3.578401566,620.7665276562382,3.5344959497451782,3.5507168889045717,622.1603552015783,,,671.2065976770522,3.273903847,671.6822968295318,0.9977596972650427,92.48516474728054,92.41966486036246,92.69282473604764,92.62717778007453,c24/s3/push/sm/b1024/w4/fwd,complete_route_then_single_full_gemm,branch_masked_v1,0,3.669440031,3.698087931,599.2803362295907,3.629487991333008,3.670358419418335,605.8769889315329,1.8576639890670776,1.768447995185852,671.2065976770522,3.314479828,663.4595380473078,0.9891122243913318,89.28403539291959,90.32658389287627,90.2668404971561,91.32086497915884,c24/s3/push/sm/b1024/w4/fwd,complete_route_then_single_full_gemm,branch_masked_v1,1,3.535743952,3.584198475,621.940752895333,3.5136959552764893,3.5381231904029846,625.8433522825856,,,667.049877728836,3.273903847,671.6822968295318,0.9937642552676816,93.23751846157442,92.59448340845243,93.82257207113958,93.17550205457034,c24/s3/push/sm/b1024/w4/fwd,complete_route_then_single_full_gemm,branch_masked_v1,0,3.652080059,3.694776058,602.1289840382439,3.555504024028778,3.565979170799255,618.4842544659151,1.8072640299797058,1.7466239929199219,667.049877728836,3.314479828,663.4595380473078,0.9735558822887179,90.26746037168404,90.75594659629559,92.71934155384653,93.22109623839854,c24/s3/push/sm/b1024/w4/fwd,complete_route_then_single_full_gemm,branch_masked_v1,1
oproj,llama31_405b,model,Llama 3.1 405B,131072,8,16384,16384,16384,16384,16384,16384,16384,16384,16384,128,8,128,10,50,per-sample max-rank CUDA-event critical path,v10_backward_te_userbuffers_v3,complete_route_then_single_full_gemm,2.19.0.dev0+a7aec214,/tmp/TransformerEngine-v10-clean/transformer_engine/__init__.py,2.9.0+cu128,12.8,2.27.5,NVIDIA L20X|NVIDIA L20X|NVIDIA L20X|NVIDIA L20X|NVIDIA L20X|NVIDIA L20X|NVIDIA L20X|NVIDIA L20X,132|132|132|132|132|132|132|132,:4096:8,26.29216003,32.86448669,669.1038706725839,27.701760292053223,31.824980354309076,635.0566122493902,,,673.3102942812595,25.03684807,702.651787286897,1.0536129500370008,99.3752622461883,95.22552746306253,94.31856569596874,90.37998959648169,c24/s3/push/sm/b1024/w4/fwd,complete_route_then_single_full_gemm,branch_masked_v1,0,26.20451355,26.70643616,671.3418286070797,27.874800205230713,28.640496301651,631.114336780603,14.77129602432251,13.123615741729736,673.3102942812595,25.06884766,701.754874536423,1.0637404183078496,99.70764360935827,95.66614397236158,93.73305920627584,89.93373037807757,c24/s3/push/sm/b1024/w4/fwd,complete_route_then_single_full_gemm,branch_masked_v1,1,26.4044323,33.63603973,666.258825205494,27.811391830444336,30.90887508392334,632.5532411922778,,,668.5465167609694,25.03684807,702.651787286897,1.0532849755851155,99.65781116225702,94.82062627038567,94.61618979886772,90.02371482391212,c24/s2/push/sm/b1024/w4/rev,complete_route_then_single_full_gemm,branch_masked_v1,0,26.20907211,26.7800808,671.2250617107406,27.442896366119385,31.110248804092407,641.0469875233384,14.56601619720459,12.899392127990723,668.5465167609694,25.06884766,701.754874536423,1.0470762280687007,100.40065199393283,95.64950470121775,95.88666928206237,91.34913212349426,c24/s3/push/sm/b1024/w4/fwd,complete_route_then_single_full_gemm,branch_masked_v1,1
oproj,llama31_405b,model,Llama 3.1 405B,262144,8,32768,16384,16384,32768,16384,16384,16384,16384,32768,128,8,128,10,50,per-sample max-rank CUDA-event critical path,v10_backward_te_userbuffers_v3,complete_route_then_single_full_gemm,2.19.0.dev0+a7aec214,/tmp/TransformerEngine-v10-clean/transformer_engine/__init__.py,2.9.0+cu128,12.8,2.27.5,NVIDIA L20X|NVIDIA L20X|NVIDIA L20X|NVIDIA L20X|NVIDIA L20X|NVIDIA L20X|NVIDIA L20X|NVIDIA L20X,132|132|132|132|132|132|132|132,:4096:8,52.83457565,59.25638962,665.9346016500466,56.781503677368164,60.32030353546142,619.6449514396306,,,661.1670821818805,49.62957001,708.9396922387722,1.0747035057783825,100.72107635069082,93.93388590601843,93.71987325726728,87.40446588381074,c24/s3/push/sm/b1024/w4/fwd,complete_route_then_single_full_gemm,branch_masked_v1,0,52.8350563,56.57144928,665.9285435233274,56.41440010070801,58.1696798324585,623.6771467218072,30.165823936462402,26.18980884552002,661.1670821818805,49.56832123,709.81568904814,1.067745622913399,100.72016007296278,93.817106862816,94.32973351662413,87.86466069215174,c24/s3/push/sm/b1024/w4/fwd,complete_route_then_single_full_gemm,branch_masked_v1,1,53.57321548,60.48634338,656.7530392490079,56.41438293457031,59.54373950958252,623.6773364983716,,,663.6276655206206,49.62957001,708.9396922387722,1.0530333568577936,98.9640838336329,92.63877399430645,93.9800085050843,87.97325686883897,c24/s3/push/sm/b1024/w4/rev,complete_route_then_single_full_gemm,branch_masked_v1,0,52.83276749,57.19435501,665.9573927391098,55.94808006286621,59.8430869102478,628.875415372556,30.00166416168213,26.141392707824707,663.6276655206206,49.56832123,709.81568904814,1.058965538261002,100.35105938759523,93.82117118771436,94.7632909304947,88.59700131676087,c24/s3/push/sm/b1024/w4/fwd,complete_route_then_single_full_gemm,branch_masked_v1,1
oproj,llama31_405b,model,Llama 3.1 405B,524288,8,65536,16384,16384,65536,16384,16384,16384,16384,65536,128,8,128,10,50,per-sample max-rank CUDA-event critical path,v10_backward_te_userbuffers_v3,complete_route_then_single_full_gemm,2.19.0.dev0+a7aec214,/tmp/TransformerEngine-v10-clean/transformer_engine/__init__.py,2.9.0+cu128,12.8,2.27.5,NVIDIA L20X|NVIDIA L20X|NVIDIA L20X|NVIDIA L20X|NVIDIA L20X|NVIDIA L20X|NVIDIA L20X|NVIDIA L20X,132|132|132|132|132|132|132|132,:4096:8,107.206749,110.9395828,656.3835284070035,113.16817855834961,118.24018707275391,621.8068106608415,,,652.7645183567984,98.83019257,712.0166656340656,1.0556068495123343,100.55441280100752,92.18654001904301,95.25744631863776,87.33037310399325,c24/s2/push/sm/b1024/w4/rev,complete_route_then_single_full_gemm,branch_masked_v1,0,105.6242371,112.287468,666.2177745344775,113.3553295135498,117.18277854919432,620.780200451471,60.760480880737305,52.59208106994629,652.7645183567984,98.97524261,710.9731921036409,1.0731943029915603,102.06096621359644,93.70504850728052,95.10017517713105,87.31415014604063,c24/s2/push/sm/b1024/w4/rev,complete_route_then_single_full_gemm,branch_masked_v1,1,108.3691864,112.3560638,649.3427376849255,112.96806335449219,114.84088516235352,622.9082989308923,,,647.4910007341148,98.83019257,712.0166656340656,1.0424371272615938,100.28598651544365,91.19768806347705,96.20339096985889,87.48507289168289,c20/s3/push/sm/b1024/w4/fwd,complete_route_then_single_full_gemm,branch_masked_v1,0,106.2535019,112.4748535,662.2722349790525,113.12259101867676,116.04665203094481,622.0573940535537,60.685808181762695,52.54473686218262,647.4910007341148,98.97524261,710.9731921036409,1.0646481197875395,102.28284782771948,93.15009937568936,96.07197526271024,87.49379033729787,c20/s3/push/sm/b1024/w4/fwd,complete_route_then_single_full_gemm,branch_masked_v1,1
oproj,llama3_8b,model,Llama 3/3.1 8B,1024,8,128,4096,4096,128,4096,4096,4096,4096,128,32,8,128,10,50,per-sample max-rank CUDA-event critical path,v10_backward_te_userbuffers_v3,complete_route_then_single_full_gemm,2.19.0.dev0+a7aec214,/tmp/TransformerEngine-v10-clean/transformer_engine/__init__.py,2.9.0+cu128,12.8,2.27.5,NVIDIA L20X|NVIDIA L20X|NVIDIA L20X|NVIDIA L20X|NVIDIA L20X|NVIDIA L20X|NVIDIA L20X|NVIDIA L20X,132|132|132|132|132|132|132|132,:4096:8,0.06158399954,0.0623216033,139.48322057940828,0.22580800205469131,0.2785279959440231,38.04087770954855,,,133.94983552874618,0.0483520031,177.65416200513107,3.6666667274187774,104.13093829404114,78.51390533444395,28.39934633692389,21.412882918245305,c16/s1/push/sm/b512/w4/fwd,complete_route_then_single_full_gemm,branch_masked_v1,0,0.07009600103,0.07265760005,122.5452874026814,0.22163199819624424,0.25047039818018674,38.75764628713059,0.1722400039434433,0.04806400090456009,133.94983552874618,0.04975999892,172.62730664062482,3.161835125250429,91.48595585724529,70.9883562383302,28.934448582292617,22.45163122878131,c16/s1/push/sm/b512/w4/fwd,complete_route_then_single_full_gemm,branch_masked_v1,1,0.05592000112,0.05696000159,153.6111305428386,0.06984000280499458,0.07209920100867748,122.99447661800056,,,148.06147993682222,0.0483520031,177.65416200513107,1.2489270637731809,103.74820689917756,86.46638435546583,83.06986845632115,69.23253315869302,c4/s3/push/sm/b512/w4/fwd,complete_route_then_single_full_gemm,branch_masked_v1,0,0.06249599904,0.06325600296,137.4477522393408,0.07075200043618679,0.07375520020723342,121.40907026010525,0.04366400092840195,0.02703999914228916,148.06147993682222,0.04975999892,172.62730664062482,1.132104479054773,92.83154018046402,79.62109524507571,81.99909274978911,70.33016538504792,c4/s3/push/sm/b512/w4/fwd,complete_route_then_single_full_gemm,branch_masked_v1,1
oproj,llama3_8b,model,Llama 3/3.1 8B,4096,8,512,4096,4096,512,4096,4096,4096,4096,512,32,8,128,10,50,per-sample max-rank CUDA-event critical path,v10_backward_te_userbuffers_v3,complete_route_then_single_full_gemm,2.19.0.dev0+a7aec214,/tmp/TransformerEngine-v10-clean/transformer_engine/__init__.py,2.9.0+cu128,12.8,2.27.5,NVIDIA L20X|NVIDIA L20X|NVIDIA L20X|NVIDIA L20X|NVIDIA L20X|NVIDIA L20X|NVIDIA L20X|NVIDIA L20X,132|132|132|132|132|132|132|132,:4096:8,0.1064479947,0.1071360037,322.7842709938809,0.239376001060009,0.29367361068725584,143.538776718834,,,281.3051703108177,0.08528000116,402.90499414435044,2.2487600798365155,114.74523224625855,80.1142392586565,51.026000183443536,35.62596115832899,c16/s1/push/sm/b512/w4/fwd,complete_route_then_single_full_gemm,branch_masked_v1,0,0.1166559979,0.1177376062,294.5389777339515,0.24590400233864784,0.2656319994479418,139.72825997635178,0.17663999646902084,0.06830399855971336,281.3051703108177,0.08681599796,395.77657546286645,2.107941355483856,104.70443092407852,74.42051803836141,49.67141550294445,35.30483324156756,c16/s1/push/sm/b512/w4/fwd,complete_route_then_single_full_gemm,branch_masked_v1,1,0.1003679931,0.1013295949,342.3376049152068,0.11256000027060509,0.11509760059416294,305.2570920877388,,,288.9509837956427,0.08528000116,402.90499414435044,1.1214730592297266,118.47601292727252,84.96732725843454,105.64320912768666,75.76403780648424,c16/s3/push/sm/b1024/w4/fwd,complete_route_then_single_full_gemm,branch_masked_v1,0,0.110799998,0.1114975959,310.10594754703874,0.11934399791061878,0.12126399911940097,287.90503895917163,0.0719200000166893,0.04737599939107895,288.9509837956427,0.08681599796,395.77657546286645,1.0771119139426228,107.32129839930141,78.35379018689153,99.63801997739147,72.74433526604311,c16/s3/push/sm/b1024/w4/fwd,complete_route_then_single_full_gemm,branch_masked_v1,1
oproj,llama3_8b,model,Llama 3/3.1 8B,16384,8,2048,4096,4096,2048,4096,4096,4096,4096,2048,32,8,128,10,50,per-sample max-rank CUDA-event critical path,v10_backward_te_userbuffers_v3,complete_route_then_single_full_gemm,2.19.0.dev0+a7aec214,/tmp/TransformerEngine-v10-clean/transformer_engine/__init__.py,2.9.0+cu128,12.8,2.27.5,NVIDIA L20X|NVIDIA L20X|NVIDIA L20X|NVIDIA L20X|NVIDIA L20X|NVIDIA L20X|NVIDIA L20X|NVIDIA L20X,132|132|132|132|132|132|132|132,:4096:8,0.2955200076,0.2980560064,465.0749524141525,0.3664639890193939,0.37423681020736693,375.0408159878609,,,356.6359897594288,0.2359520048,582.4869069813473,1.2400649011738651,130.40606269935682,79.84298820111427,105.16067552263786,64.3861366655355,c8/s3/push/sm/b512/w4/fwd,complete_route_then_single_full_gemm,branch_masked_v1,0,0.3086239994,0.3123343885,445.3281460262225,0.4014720022678375,0.408460795879364,342.33757944672107,0.24908799678087234,0.1518079936504364,356.6359897594288,0.2395039946,573.8482721406768,1.3008450510924119,124.86909869265342,77.60381404739194,95.99075507708775,59.65646252966293,c24/s3/push/sm/b512/w4/fwd,complete_route_then_single_full_gemm,branch_masked_v1,1,0.287936002,0.2899504006,477.3246572757511,0.3187360018491745,0.32188319563865664,431.1999669777999,,,372.2453938432434,0.2359520048,582.4869069813473,1.1069682138921082,128.22849259398967,81.945989095174,115.83755611476629,74.02740933910948,c16/s3/push/sm/b1024/w4/fwd,complete_route_then_single_full_gemm,branch_masked_v1,0,0.3025600016,0.3035232127,454.2535455618533,0.3319520056247711,0.33496159836649897,414.0326045427091,0.20308800041675568,0.1287360042333603,372.2453938432434,0.2395039946,573.8482721406768,1.0971443808478982,122.03066930443858,79.15917283628147,111.22571599020587,72.15018753967956,c16/s3/push/sm/b1024/w4/fwd,complete_route_then_single_full_gemm,branch_masked_v1,1
oproj,llama3_8b,model,Llama 3/3.1 8B,131072,8,16384,4096,4096,16384,4096,4096,4096,4096,16384,32,8,128,10,50,per-sample max-rank CUDA-event critical path,v10_backward_te_userbuffers_v3,complete_route_then_single_full_gemm,2.19.0.dev0+a7aec214,/tmp/TransformerEngine-v10-clean/transformer_engine/__init__.py,2.9.0+cu128,12.8,2.27.5,NVIDIA L20X|NVIDIA L20X|NVIDIA L20X|NVIDIA L20X|NVIDIA L20X|NVIDIA L20X|NVIDIA L20X|NVIDIA L20X,132|132|132|132|132|132|132|132,:4096:8,1.733792067,1.750899196,634.1657968700349,2.1515039205551147,2.173150396347046,511.04328338491354,,,587.2832110757397,1.651695967,665.6864518311196,1.2409238463513599,107.98296033500078,95.2649396912946,87.01820071594149,76.76936821820162,c24/s3/push/sm/b1024/w4/fwd,complete_route_then_single_full_gemm,branch_masked_v1,0,1.740256071,1.751519918,631.8102525820753,2.2091679871082306,2.274524819850922,497.70394745546037,1.3709920048713684,0.8389440178871155,587.2832110757397,1.646175981,667.9186432474135,1.269449952752517,107.58186862259768,94.59389387758672,84.74683731275154,74.5156543371254,c24/s3/push/sm/b1024/w4/fwd,complete_route_then_single_full_gemm,branch_masked_v1,1,1.704175949,1.717275143,645.1866829954893,2.1333919763565063,2.149739158153534,515.3819082294435,,,592.2153080814671,1.651695967,665.6864518311196,1.251861333689381,108.94461426294897,96.9205068273147,87.02610371539836,77.42112023036825,c24/s3/push/sm/b1024/w4/fwd,complete_route_then_single_full_gemm,branch_masked_v1,0,1.711423993,1.71487999,642.4542557970321,2.151695966720581,2.163615956902504,510.99767103796523,1.3300960063934326,0.8234719932079315,592.2153080814671,1.646175981,667.9186432474135,1.2572547630051727,108.48322342060331,96.18750162047074,86.28579235707137,76.50597512198489,c24/s3/push/sm/b1024/w4/fwd,complete_route_then_single_full_gemm,branch_masked_v1,1
oproj,llama3_8b,model,Llama 3/3.1 8B,262144,8,32768,4096,4096,32768,4096,4096,4096,4096,32768,32,8,128,10,50,per-sample max-rank CUDA-event critical path,v10_backward_te_userbuffers_v3,complete_route_then_single_full_gemm,2.19.0.dev0+a7aec214,/tmp/TransformerEngine-v10-clean/transformer_engine/__init__.py,2.9.0+cu128,12.8,2.27.5,NVIDIA L20X|NVIDIA L20X|NVIDIA L20X|NVIDIA L20X|NVIDIA L20X|NVIDIA L20X|NVIDIA L20X|NVIDIA L20X,132|132|132|132|132|132|132|132,:4096:8,3.368752003,3.397127867,652.7708936703227,4.163919925689697,4.287425684928894,528.1137233175207,,,621.5357276523664,3.198463917,687.5247970952802,1.2360422856837103,105.02548198410672,94.94506909833814,84.96916586151619,76.81377101578671,c24/s3/push/sm/b1024/w4/fwd,complete_route_then_single_full_gemm,branch_masked_v1,0,3.383071899,3.406067133,650.0078393846752,4.233039975166321,4.335647964477539,519.4903115616332,2.6112639904022217,1.6238719820976257,621.5357276523664,3.185776234,690.2629356334133,1.2512415052182493,104.58092921542132,94.1681504002821,83.58172964952891,75.25977200049539,c24/s3/push/sm/b1024/w4/fwd,complete_route_then_single_full_gemm,branch_masked_v1,1,3.36468792,3.403636932,653.5593516655179,4.143728017807007,4.220315217971802,530.6871604753136,,,622.6451444559457,3.198463917,687.5247970952802,1.231534132237443,104.96498005080957,95.05974976127949,85.23107667353881,77.18807564722188,c24/s3/push/sm/b1024/w4/fwd,complete_route_then_single_full_gemm,branch_masked_v1,0,3.352560043,3.37899828,655.9236008743422,4.158735990524292,4.188721716403961,528.7720260585162,2.569775938987732,1.592032015323639,622.6451444559457,3.185776234,690.2629356334133,1.2404657745675733,105.34469058575483,95.02518055274693,84.92349627500045,76.60443560877181,c24/s3/push/sm/b1024/w4/fwd,complete_route_then_single_full_gemm,branch_masked_v1,1
oproj,llama3_8b,model,Llama 3/3.1 8B,524288,8,65536,4096,4096,65536,4096,4096,4096,4096,65536,32,8,128,10,50,per-sample max-rank CUDA-event critical path,v10_backward_te_userbuffers_v3,complete_route_then_single_full_gemm,2.19.0.dev0+a7aec214,/tmp/TransformerEngine-v10-clean/transformer_engine/__init__.py,2.9.0+cu128,12.8,2.27.5,NVIDIA L20X|NVIDIA L20X|NVIDIA L20X|NVIDIA L20X|NVIDIA L20X|NVIDIA L20X|NVIDIA L20X|NVIDIA L20X,132|132|132|132|132|132|132|132,:4096:8,6.677599907,6.697902679,658.6268378393878,8.345136165618896,8.417150449752807,527.0191431055972,,,628.5768441679242,6.312752247,696.6923996097071,1.2497209000004403,104.78063962270868,94.53624558102773,83.84323221502639,75.64588667837309,c24/s3/push/sm/b1024/w4/fwd,complete_route_then_single_full_gemm,branch_masked_v1,0,6.686223984,6.723865509,657.777322690421,8.445152044296265,8.50008978843689,520.7776589498324,5.260848045349121,3.17468798160553,628.5768441679242,6.336607933,694.0695333539109,1.263067474931343,104.645490649779,94.77109872722446,82.85027738163176,75.03249082744051,c24/s3/push/sm/b1024/w4/fwd,complete_route_then_single_full_gemm,branch_masked_v1,1,6.684351921,6.744321823,657.9615440783134,8.30289602279663,8.340193843841552,529.7002996338408,,,628.8961049194573,6.312752247,696.6923996097071,1.2421392710805226,104.6216599103565,94.44075239616636,84.22699639739055,76.03072746747105,c24/s3/push/sm/b1024/w4/rev,complete_route_then_single_full_gemm,branch_masked_v1,0,6.67427206,6.702708721,658.9552346033674,8.344895958900452,8.384492540359497,527.0343132814204,5.197200059890747,3.148352026939392,628.8961049194573,6.336607933,694.0695333539109,1.250308031180325,104.77966542466656,94.94080966486703,83.80308117012709,75.93393571601737,c24/s3/push/sm/b1024/w4/rev,complete_route_then_single_full_gemm,branch_masked_v1,1
oproj,nanbeige42_3b,model,Nanbeige4.2-3B,1024,8,128,3072,6144,128,6144,3072,3072,6144,128,48,8,128,10,50,per-sample max-rank CUDA-event critical path,v10_backward_te_userbuffers_v3,complete_route_then_single_full_gemm,2.19.0.dev0+a7aec214,/tmp/TransformerEngine-v10-clean/transformer_engine/__init__.py,2.9.0+cu128,12.8,2.27.5,NVIDIA L20X|NVIDIA L20X|NVIDIA L20X|NVIDIA L20X|NVIDIA L20X|NVIDIA L20X|NVIDIA L20X|NVIDIA L20X,132|132|132|132|132|132|132|132,:4096:8,0.06668800116,0.06745599955,144.90877291125577,0.22276799380779266,0.24104320183396338,43.38000379146906,,,130.2241883579202,0.05265599862,183.52470125463552,3.3404509047035393,111.27638784967895,78.95872976259407,33.311786649220224,23.63714720411422,c16/s1/push/sm/b512/w4/fwd,complete_route_then_single_full_gemm,branch_masked_v1,0,0.07558399439,0.07659360021,127.85347604331604,0.23131200298666954,0.2979519981890917,41.777669516600554,0.177824005484581,0.05286400020122528,130.2241883579202,0.05471999943,176.60227552381755,3.0603304952784134,98.17951461667913,72.39627896304938,32.08134375295543,23.656359688845676,c16/s1/push/sm/b512/w4/fwd,complete_route_then_single_full_gemm,branch_masked_v1,1,0.0613120012,0.06227200106,157.61476100701796,0.07207999750971794,0.07407360114157199,134.0687673400256,,,140.4604082459687,0.05265599862,183.52470125463552,1.1756262411757314,112.21294525287813,85.88204199735043,95.4495070990038,73.05216487126104,c4/s3/push/sm/b512/w4/fwd,complete_route_then_single_full_gemm,branch_masked_v1,0,0.06857600063,0.06971680373,140.91921849073864,0.07294400222599506,0.08091840045526624,132.48075401813028,0.04366400092840195,0.029120000079274178,140.4604082459687,0.05471999943,176.60227552381755,1.0636957763046362,100.32664738092352,79.7946787903837,94.31892991947969,75.01644790543098,c20/s3/push/sm/b512/w4/fwd,complete_route_then_single_full_gemm,branch_masked_v1,1
oproj,nanbeige42_3b,model,Nanbeige4.2-3B,4096,8,512,3072,6144,512,6144,3072,3072,6144,512,48,8,128,10,50,per-sample max-rank CUDA-event critical path,v10_backward_te_userbuffers_v3,complete_route_then_single_full_gemm,2.19.0.dev0+a7aec214,/tmp/TransformerEngine-v10-clean/transformer_engine/__init__.py,2.9.0+cu128,12.8,2.27.5,NVIDIA L20X|NVIDIA L20X|NVIDIA L20X|NVIDIA L20X|NVIDIA L20X|NVIDIA L20X|NVIDIA L20X|NVIDIA L20X,132|132|132|132|132|132|132|132,:4096:8,0.1289440095,0.1309328079,299.7789956578013,0.23945600539445877,0.2617264062166214,161.4271715604862,,,341.4244135838152,0.09235200286,418.55839036429103,1.8570541301064378,87.80244872096983,71.62178624513767,47.280500496739656,38.567419809692154,c20/s3/push/sm/b512/w4/fwd,complete_route_then_single_full_gemm,branch_masked_v1,0,0.1438719928,0.145487994,268.67429102573743,0.24219200387597084,0.2554032001644373,159.60355852126108,0.16788800060749054,0.0740479975938797,341.4244135838152,0.1000799984,386.2380723619196,1.6833853425012881,78.69217324137878,69.56183510930003,46.746381386719584,41.32258571643516,c20/s3/push/sm/b512/w4/fwd,complete_route_then_single_full_gemm,branch_masked_v1,1,0.1207520068,0.1218079999,320.11646587392363,0.1265759989619255,0.12808319851756095,305.38732446131013,,,346.815836741268,0.09235200286,418.55839036429103,1.0482310175728318,92.30157102449083,76.48071887779177,88.0546076934588,72.9617017581507,c16/s3/push/sm/b1024/w4/fwd,complete_route_then_single_full_gemm,branch_masked_v1,0,0.1351680011,0.1358432025,285.97527040000006,0.1368000004440546,0.13988319933414461,282.56363697753153,0.08262399956583977,0.05384000018239021,346.815836741268,0.1000799984,386.2380723619196,1.0120738586852907,82.4573851895188,74.0411913955573,81.47368344898564,73.15789332977998,c16/s3/push/sm/b1024/w4/fwd,complete_route_then_single_full_gemm,branch_masked_v1,1
oproj,nanbeige42_3b,model,Nanbeige4.2-3B,16384,8,2048,3072,6144,2048,6144,3072,3072,6144,2048,48,8,128,10,50,per-sample max-rank CUDA-event critical path,v10_backward_te_userbuffers_v3,complete_route_then_single_full_gemm,2.19.0.dev0+a7aec214,/tmp/TransformerEngine-v10-clean/transformer_engine/__init__.py,2.9.0+cu128,12.8,2.27.5,NVIDIA L20X|NVIDIA L20X|NVIDIA L20X|NVIDIA L20X|NVIDIA L20X|NVIDIA L20X|NVIDIA L20X|NVIDIA L20X,132|132|132|132|132|132|132|132,:4096:8,0.3340960145,0.3366495967,462.797567003003,0.42268800735473633,0.4368687987327575,365.7989343573636,,,434.9872417540599,0.2694399953,573.852528774892,1.2651692597630084,106.39336573109584,80.64747366209603,84.09417547105552,63.74441446451435,c24/s3/push/sm/b1024/w4/fwd,complete_route_then_single_full_gemm,branch_masked_v1,0,0.3450720012,0.3474448025,448.07698717458277,0.4585280045866966,0.47398880943655963,337.2069341661449,0.28995199501514435,0.16820800304412842,434.9872417540599,0.2756960094,560.8308331792633,1.328789362776897,103.00922513675097,79.89521272118789,77.52110908043606,60.12631870729556,c24/s3/push/sm/b1024/w4/fwd,complete_route_then_single_full_gemm,branch_masked_v1,1,0.3233280182,0.3257311881,478.2104053857712,0.3760800063610077,0.38001279532909393,411.1327910039916,,,438.18248357132194,0.2694399953,573.852528774892,1.1631531608509629,109.13498903201457,83.33332718890243,93.82684302054545,71.64432853188119,c20/s3/push/sm/b1024/w4/fwd,complete_route_then_single_full_gemm,branch_masked_v1,0,0.3373759985,0.3390111923,458.29822910772356,0.39137600362300873,0.39524799957871437,395.0646468477304,0.24516800045967102,0.14608000218868256,438.18248357132194,0.2756960094,560.8308331792633,1.160058822687734,104.59072333801481,81.71773055159998,90.15984473588084,70.44274734471534,c20/s3/push/sm/b1024/w4/fwd,complete_route_then_single_full_gemm,branch_masked_v1,1
oproj,nanbeige42_3b,model,Nanbeige4.2-3B,131072,8,16384,3072,6144,16384,6144,3072,3072,6144,16384,48,8,128,10,50,per-sample max-rank CUDA-event critical path,v10_backward_te_userbuffers_v3,complete_route_then_single_full_gemm,2.19.0.dev0+a7aec214,/tmp/TransformerEngine-v10-clean/transformer_engine/__init__.py,2.9.0+cu128,12.8,2.27.5,NVIDIA L20X|NVIDIA L20X|NVIDIA L20X|NVIDIA L20X|NVIDIA L20X|NVIDIA L20X|NVIDIA L20X|NVIDIA L20X,132|132|132|132|132|132|132|132,:4096:8,2.083487988,2.095905542,593.692206709281,2.5899839401245117,2.632451128959656,477.5900584111477,,,568.3094890463301,1.834543943,674.2550844681512,1.2431000106752292,104.46635471555211,88.05157282241072,84.03696711321554,70.83225168229443,c24/s3/push/sm/b1024/w4/fwd,complete_route_then_single_full_gemm,branch_masked_v1,0,2.094159842,2.102268696,590.666746845201,2.641600012779236,2.671249583363533,468.2580917868032,1.694927990436554,0.9448480010032654,568.3094890463301,1.829488039,676.1184303364554,1.2614127918031368,103.93399340144545,87.36143260453183,82.39490995875832,69.25681519342476,c24/s3/push/sm/b1024/w4/fwd,complete_route_then_single_full_gemm,branch_masked_v1,1,2.053776026,2.076323032,602.2811473055923,2.531407952308655,2.552868831157684,488.64134290164327,,,576.6863008618931,1.834543943,674.2550844681512,1.2325628112618034,104.4382615653339,89.32541425040473,84.73260803513779,72.47128781936898,c24/s3/push/sm/b1024/w4/fwd,complete_route_then_single_full_gemm,branch_masked_v1,0,2.085247993,2.095088005,593.1911146301725,2.56454399228096,2.6246256470680236,482.32769060351734,1.65283203125,0.9100480079650879,576.6863008618931,1.829488039,676.1184303364554,1.229850838312717,102.86200898887522,87.73479438136067,83.63779231146101,71.33775222833336,c20/s3/push/sm/b1024/w4/fwd,complete_route_then_single_full_gemm,branch_masked_v1,1
oproj,nanbeige42_3b,model,Nanbeige4.2-3B,262144,8,32768,3072,6144,32768,6144,3072,3072,6144,32768,48,8,128,10,50,per-sample max-rank CUDA-event critical path,v10_backward_te_userbuffers_v3,complete_route_then_single_full_gemm,2.19.0.dev0+a7aec214,/tmp/TransformerEngine-v10-clean/transformer_engine/__init__.py,2.9.0+cu128,12.8,2.27.5,NVIDIA L20X|NVIDIA L20X|NVIDIA L20X|NVIDIA L20X|NVIDIA L20X|NVIDIA L20X|NVIDIA L20X|NVIDIA L20X,132|132|132|132|132|132|132|132,:4096:8,4.042751789,4.103555202,611.9349620293989,5.056607961654663,5.113427186012268,489.2412425990151,,,603.74864816424,3.60436821,686.3619414998669,1.2507836804162162,101.35591423517887,89.15630734014375,81.03392762643918,71.28035705620631,c24/s3/push/sm/b1024/w4/fwd,complete_route_then_single_full_gemm,branch_masked_v1,0,4.045791626,4.064767838,611.4751799370105,5.10916805267334,5.175124740600586,484.20821883154673,3.293471932411194,1.8114559650421143,603.74864816424,3.609215975,685.440045603256,1.2628351939431643,101.27975968083139,89.20914146456836,80.2002986348428,70.64195066184016,c24/s3/push/sm/b1024/w4/fwd,complete_route_then_single_full_gemm,branch_masked_v1,1,4.028336048,4.05765295,614.1248230083113,5.012063980102539,5.040012788772583,493.58930219509847,,,613.284463801359,3.60436821,686.3619414998669,1.2442020527535043,100.13702600612828,89.47536072094847,80.48292942815694,71.91385074709801,c24/s3/push/sm/b1024/w4/fwd,complete_route_then_single_full_gemm,branch_masked_v1,0,4.044272423,4.068022251,611.704876364606,5.062831997871399,5.102255916595459,488.6397896545094,3.2608799934387207,1.8006240129470825,613.284463801359,3.609215975,685.440045603256,1.251852365107453,99.74243804792278,89.24265226234985,79.6758793832381,71.28847997558377,c24/s3/push/sm/b1024/w4/fwd,complete_route_then_single_full_gemm,branch_masked_v1,1
oproj,nanbeige42_3b,model,Nanbeige4.2-3B,524288,8,65536,3072,6144,65536,6144,3072,3072,6144,65536,48,8,128,10,50,per-sample max-rank CUDA-event critical path,v10_backward_te_userbuffers_v3,complete_route_then_single_full_gemm,2.19.0.dev0+a7aec214,/tmp/TransformerEngine-v10-clean/transformer_engine/__init__.py,2.9.0+cu128,12.8,2.27.5,NVIDIA L20X|NVIDIA L20X|NVIDIA L20X|NVIDIA L20X|NVIDIA L20X|NVIDIA L20X|NVIDIA L20X|NVIDIA L20X,132|132|132|132|132|132|132|132,:4096:8,7.985136032,8.056190491,619.6265542833523,10.00758409500122,10.081515550613403,494.4052708448808,,,615.1975549630104,7.148400307,692.1551833277879,1.2532765947751385,100.71993122934441,89.5213341182063,80.36528540406952,71.42983000832959,c24/s3/push/sm/b1024/w4/fwd,complete_route_then_single_full_gemm,branch_masked_v1,0,7.991360188,8.016108513,619.1439515417823,10.096976161003113,10.186299335956573,490.02812783708174,6.527904033660889,3.563920021057129,615.1975549630104,7.162591934,690.783779193863,1.263486555913842,100.64148443811828,89.629196601043,79.65378338776809,70.93798994657041,c24/s3/push/sm/b1024/w4/fwd,complete_route_then_single_full_gemm,branch_masked_v1,1,8.010000229,8.079550743,617.7031440122323,9.98078441619873,10.064268493652344,495.7328120384764,,,616.0455826661754,7.148400307,692.1551833277879,1.2460404657747146,100.26906472389318,89.24344697418861,80.47015123345273,71.62162820988505,c24/s3/push/sm/b1024/w4/fwd,complete_route_then_single_full_gemm,branch_masked_v1,0,7.983536243,8.961931229,619.7507187783177,10.059104084968567,10.102511906623839,491.87306177550715,6.513216018676758,3.5432640314102173,616.0455826661754,7.162591934,690.783779193863,1.2599810132744664,100.60143862993172,89.71703410603531,79.84361476089745,71.20506829930453,c24/s3/push/sm/b1024/w4/fwd,complete_route_then_single_full_gemm,branch_masked_v1,1
oproj,production_qwen_dense,model,current production Qwen dense,1024,8,128,2048,2048,128,2048,2048,2048,2048,128,16,8,128,10,50,per-sample max-rank CUDA-event critical path,v10_backward_te_userbuffers_v3,complete_route_then_single_full_gemm,2.19.0.dev0+a7aec214,/tmp/TransformerEngine-v10-clean/transformer_engine/__init__.py,2.9.0+cu128,12.8,2.27.5,NVIDIA L20X|NVIDIA L20X|NVIDIA L20X|NVIDIA L20X|NVIDIA L20X|NVIDIA L20X|NVIDIA L20X|NVIDIA L20X,132|132|132|132|132|132|132|132,:4096:8,0.03972800076,0.04130239785,54.0546618737026,0.21648000180721283,0.24512800276279445,9.920009377644272,,,48.806446811671535,0.0294720009,72.86521384437118,5.449053505485606,110.75311850150094,74.18445513541619,20.325202971489432,13.61419098945057,c20/s2/push/sm/b512/w4/fwd,complete_route_then_single_full_gemm,branch_masked_v1,0,0.04536000267,0.04809280112,47.343111146249846,0.21955199912190437,0.23684319555759428,9.781207443288313,0.17897599935531616,0.04100799933075905,48.806446811671535,0.0299360007,71.73582301526335,4.840211335946651,97.00175742957026,65.99647032163632,20.040810348335462,13.635038997471524,c20/s2/push/sm/b512/w4/fwd,complete_route_then_single_full_gemm,branch_masked_v1,1,0.0322239995,0.03270399943,66.64236846205263,0.04022400081157684,0.04218399878591299,53.38811666347059,,,55.097591243868365,0.0294720009,72.86521384437118,1.2482622094000728,120.95332474170374,91.45978574136956,96.89736966389067,73.26969049661933,c4/s3/push/sm/b1024/w4/fwd,complete_route_then_single_full_gemm,branch_masked_v1,0,0.03652799875,0.03702560067,58.790071218998825,0.04836799995973706,0.05226400084793567,44.39885150900654,0.033535998314619064,0.014864000026136637,55.097591243868365,0.0299360007,71.73582301526335,1.3241349544159482,106.70170853529171,81.95357458502978,80.5822006128944,61.8921616046138,c4/s3/push/sm/b1024/w4/fwd,complete_route_then_single_full_gemm,branch_masked_v1,1
oproj,production_qwen_dense,model,current production Qwen dense,4096,8,512,2048,2048,512,2048,2048,2048,2048,512,16,8,128,10,50,per-sample max-rank CUDA-event critical path,v10_backward_te_userbuffers_v3,complete_route_then_single_full_gemm,2.19.0.dev0+a7aec214,/tmp/TransformerEngine-v10-clean/transformer_engine/__init__.py,2.9.0+cu128,12.8,2.27.5,NVIDIA L20X|NVIDIA L20X|NVIDIA L20X|NVIDIA L20X|NVIDIA L20X|NVIDIA L20X|NVIDIA L20X|NVIDIA L20X,132|132|132|132|132|132|132|132,:4096:8,0.05527999997,0.05646560341,155.38955493237495,0.2093920037150383,0.2306303948163986,41.0232217066419,,,140.028925247104,0.04150399938,206.9664302312834,3.7878437740353403,110.96961192708191,75.07959370934132,29.29624835315253,19.821195959556707,c20/s3/push/sm/b512/w4/fwd,complete_route_then_single_full_gemm,branch_masked_v1,0,0.06147199869,0.0628112033,139.73735643961376,0.21012799628078938,0.22883040104061364,40.87953411272937,0.1698560044169426,0.039264000952243805,140.028925247104,0.04200000316,204.52223680261267,3.418271745814767,99.79177958627066,68.32379628943539,29.19363555821822,19.98781880729321,c20/s3/push/sm/b512/w4/fwd,complete_route_then_single_full_gemm,branch_masked_v1,1,0.04790399969,0.0484687984,179.31560303080823,0.05411199852824211,0.05520319938659668,158.74362111236283,,,151.8300126458607,0.04150399938,206.9664302312834,1.1295924949569094,118.10287037850475,86.63994582620207,104.55351899537013,76.70017835016435,c8/s3/push/sm/b512/w4/fwd,complete_route_then_single_full_gemm,branch_masked_v1,0,0.05203199759,0.05305120349,165.08946398111948,0.06155200023204088,0.06384000014513731,139.55573433222906,0.043535999953746796,0.018160000443458557,151.8300126458607,0.04200000316,204.52223680261267,1.182964388895008,108.73308979179636,80.7195670074984,91.91577600519533,68.23499317920931,c8/s3/push/sm/b512/w4/fwd,complete_route_then_single_full_gemm,branch_masked_v1,1
oproj,production_qwen_dense,model,current production Qwen dense,16384,8,2048,2048,2048,2048,2048,2048,2048,2048,2048,16,8,128,10,50,per-sample max-rank CUDA-event critical path,v10_backward_te_userbuffers_v3,complete_route_then_single_full_gemm,2.19.0.dev0+a7aec214,/tmp/TransformerEngine-v10-clean/transformer_engine/__init__.py,2.9.0+cu128,12.8,2.27.5,NVIDIA L20X|NVIDIA L20X|NVIDIA L20X|NVIDIA L20X|NVIDIA L20X|NVIDIA L20X|NVIDIA L20X|NVIDIA L20X,132|132|132|132|132|132|132|132,:4096:8,0.1009600013,0.1016959995,340.33020924693665,0.2231680005788803,0.2534639954566955,153.9635533717806,,,295.95971555863474,0.07708799839,445.72098232683146,2.2104595652266528,114.99207201377085,76.35498949820239,52.02179393947882,34.54258593975828,c20/s3/push/sm/b512/w4/fwd,complete_route_then_single_full_gemm,branch_masked_v1,0,0.1052960008,0.1068463996,326.3157015171273,0.227936003357172,0.2389135980978608,150.7429184592609,0.16871999949216843,0.058400001376867294,295.95971555863474,0.0775519982,443.0541980283881,2.164716623854645,110.25679657151804,73.65141848768106,50.93359350434844,34.0235842770645,c20/s3/push/sm/b512/w4/fwd,complete_route_then_single_full_gemm,branch_masked_v1,1,0.09468799829,0.09599199891,362.87321506963076,0.11695999652147293,0.11845280043780804,293.773421596262,,,299.84412625777486,0.07708799839,445.72098232683146,1.2352145850972653,121.02061814533262,81.41263917513953,97.97537982908696,65.90971330599112,c16/s3/push/sm/b1024/w4/fwd,complete_route_then_single_full_gemm,branch_masked_v1,0,0.09854400158,0.09955520183,348.67407266901046,0.12443200126290321,0.16651839688420295,276.13265091994975,0.0862560011446476,0.038176000118255615,299.84412625777486,0.0775519982,443.0541980283881,1.2627049771455325,116.28511020731375,78.69783747013939,92.09206608988549,62.32480182983322,c16/s3/push/sm/b1024/w4/fwd,complete_route_then_single_full_gemm,branch_masked_v1,1
oproj,production_qwen_dense,model,current production Qwen dense,131072,8,16384,2048,2048,16384,2048,2048,2048,2048,16384,16,8,128,10,50,per-sample max-rank CUDA-event critical path,v10_backward_te_userbuffers_v3,complete_route_then_single_full_gemm,2.19.0.dev0+a7aec214,/tmp/TransformerEngine-v10-clean/transformer_engine/__init__.py,2.9.0+cu128,12.8,2.27.5,NVIDIA L20X|NVIDIA L20X|NVIDIA L20X|NVIDIA L20X|NVIDIA L20X|NVIDIA L20X|NVIDIA L20X|NVIDIA L20X,132|132|132|132|132|132|132|132,:4096:8,0.4893760085,0.4914304018,561.6906063428321,0.7424319982528687,0.7516319930553437,370.2398436366666,,,454.2775744070636,0.4335039854,634.0839212593777,1.5170992965685375,123.64480176596152,88.58300731348582,81.50079697856856,58.38972275173284,c24/s3/push/sm/b1024/w4/fwd,complete_route_then_single_full_gemm,branch_masked_v1,0,0.4949920177,0.4969775975,555.3178578944184,0.7756159901618958,0.8006063893437385,354.39948432035834,0.5345599949359894,0.24089600145816803,454.2775744070636,0.43315202,634.5991574597758,1.5669262582573071,122.24197036783853,87.5068697092648,78.01386295216771,55.846195216989706,c24/s3/push/sm/b1024/w4/fwd,complete_route_then_single_full_gemm,branch_masked_v1,1,0.483792007,0.4915136099,568.1737254166748,0.7003360092639923,0.7060224264860153,392.4943217369029,,,458.27651049901607,0.4335039854,634.0839212593777,1.447597312751784,123.98054720238486,89.60544596182218,85.6457428528285,61.89942822668572,c24/s3/push/sm/b1024/w4/rev,complete_route_then_single_full_gemm,branch_masked_v1,0,0.4898560047,0.4919568002,561.1402214255637,0.714031994342804,0.7212895706295968,384.96581262720304,0.4946240037679672,0.22006400674581528,458.27651049901607,0.43315202,634.5991574597758,1.4576365043847832,122.44577423672438,88.42435651376225,84.0029553790603,60.66283071792514,c24/s3/push/sm/b1024/w4/fwd,complete_route_then_single_full_gemm,branch_masked_v1,1
oproj,production_qwen_dense,model,current production Qwen dense,262144,8,32768,2048,2048,32768,2048,2048,2048,2048,32768,16,8,128,10,50,per-sample max-rank CUDA-event critical path,v10_backward_te_userbuffers_v3,complete_route_then_single_full_gemm,2.19.0.dev0+a7aec214,/tmp/TransformerEngine-v10-clean/transformer_engine/__init__.py,2.9.0+cu128,12.8,2.27.5,NVIDIA L20X|NVIDIA L20X|NVIDIA L20X|NVIDIA L20X|NVIDIA L20X|NVIDIA L20X|NVIDIA L20X|NVIDIA L20X,132|132|132|132|132|132|132|132,:4096:8,0.9241119623,0.9345327616,594.901739524858,1.3729119896888733,1.3873248100280762,400.43048499604447,,,492.1893263568962,0.860032022,639.2271448329863,1.4856554678416516,120.86847634998958,93.0657817543544,81.35700299719308,62.64290999417222,c24/s3/push/sm/b1024/w4/fwd,complete_route_then_single_full_gemm,branch_masked_v1,0,0.9347679615,0.9409887791,588.1200859792199,1.4226720035076141,1.4523008033633231,386.4248488285218,0.9783680140972137,0.4423519968986511,492.1893263568962,0.8593919873,639.7032111216195,1.5219520374068942,119.49062169478304,91.9363973408924,78.51142398571999,60.406895277418776,c24/s3/push/sm/b1024/w4/fwd,complete_route_then_single_full_gemm,branch_masked_v1,1,0.9140959978,0.9213135839,601.4202175823158,1.3200479745864868,1.3353776037693024,416.46654096811477,,,497.0020522122795,0.860032022,639.2271448329863,1.4441021268701664,121.0096044684816,94.08552537915946,83.79573869249006,65.15157316683208,c20/s3/push/sm/b1024/w4/rev,complete_route_then_single_full_gemm,branch_masked_v1,0,0.9148159623,0.9201167822,600.9468970193984,1.3303519934415817,1.344374381005764,413.24086903181,0.9188480079174042,0.41196800768375397,497.0020522122795,0.8593919873,639.7032111216195,1.4542290999130085,120.91436933598858,93.9415164050423,83.14671281383494,64.5988423768042,c20/s3/push/sm/b1024/w4/rev,complete_route_then_single_full_gemm,branch_masked_v1,1
oproj,production_qwen_dense,model,current production Qwen dense,524288,8,65536,2048,2048,65536,2048,2048,2048,2048,65536,16,8,128,10,50,per-sample max-rank CUDA-event critical path,v10_backward_te_userbuffers_v3,complete_route_then_single_full_gemm,2.19.0.dev0+a7aec214,/tmp/TransformerEngine-v10-clean/transformer_engine/__init__.py,2.9.0+cu128,12.8,2.27.5,NVIDIA L20X|NVIDIA L20X|NVIDIA L20X|NVIDIA L20X|NVIDIA L20X|NVIDIA L20X|NVIDIA L20X|NVIDIA L20X,132|132|132|132|132|132|132|132,:4096:8,1.777024031,1.790470481,618.7376245875878,2.599743962287903,2.6285438895225526,422.93073615156146,,,521.6137213477351,1.637184024,671.5870736935557,1.4629762552085053,118.61989040259635,92.13066314464488,81.0812137109433,62.974817818566926,c24/s3/push/sm/b1024/w4/fwd,complete_route_then_single_full_gemm,branch_masked_v1,0,1.785776019,1.794454455,615.7052262308379,2.6872800290584564,2.785840001702309,409.1540948046402,1.8599039912223816,0.82915198802948,521.6137213477351,1.637760043,671.350868813448,1.5048247935165358,118.03854098009366,91.71139188648719,78.44005593784534,60.944896895386925,c24/s3/push/sm/b1024/w4/fwd,complete_route_then_single_full_gemm,branch_masked_v1,1,1.780560017,1.806988716,617.5088833166807,2.5906240940093994,2.6246863961219784,424.41959461371806,,,524.4320455649445,1.637184024,671.5870736935557,1.4549490437139248,117.74812171355188,91.94770231662459,80.9293784014499,63.19651036157081,c24/s3/push/sm/b1024/w4/fwd,complete_route_then_single_full_gemm,branch_masked_v1,0,1.789311886,1.801246405,614.4885284554579,2.5941599905490875,2.6127983570098876,423.8411014670202,1.7905920147895813,0.8038240075111389,524.4320455649445,1.637760043,671.350868813448,1.44980872862155,117.17219297564093,91.53016060610912,80.8190698969277,63.132576593834024,c24/s3/push/sm/b1024/w4/fwd,complete_route_then_single_full_gemm,branch_masked_v1,1
oproj,qwen25_14b_32b,model,Qwen2.5 14B/32B,1024,8,128,5120,5120,128,5120,5120,5120,5120,128,40,8,128,10,50,per-sample max-rank CUDA-event critical path,v10_backward_te_userbuffers_v3,complete_route_then_single_full_gemm,2.19.0.dev0+a7aec214,/tmp/TransformerEngine-v10-clean/transformer_engine/__init__.py,2.9.0+cu128,12.8,2.27.5,NVIDIA L20X|NVIDIA L20X|NVIDIA L20X|NVIDIA L20X|NVIDIA L20X|NVIDIA L20X|NVIDIA L20X|NVIDIA L20X,132|132|132|132|132|132|132|132,:4096:8,0.08515200019,0.0863424018,157.6213450071865,0.23003199696540833,0.2580735981464386,58.34741678140687,,,176.30534175869323,0.06337600201,211.7800488248249,2.7014279929084113,89.40247835650989,74.42690937216845,33.09452578088428,27.550950670367104,c24/s1/push/sm/b512/w4/fwd,complete_route_then_single_full_gemm,branch_masked_v1,0,0.09660799801,0.09789119661,138.93024466370474,0.24238400533795357,0.2603760041296482,55.37400366532502,0.1775839999318123,0.06444799900054932,176.30534175869323,0.07280000299,184.36500341687693,2.5089434656627927,78.80092757135897,75.35608281879973,31.408012436239552,30.034986379771922,c24/s1/push/sm/b512/w4/fwd,complete_route_then_single_full_gemm,branch_masked_v1,1,0.07615999877,0.07723359764,176.2312633503736,0.08435200154781342,0.08630720153450966,159.11623380261,,,193.01905061393342,0.06337600201,211.7800488248249,1.1075630634206406,91.30252313947089,83.21428969739465,82.43550742608612,75.1327779389757,c16/s3/push/sm/b1024/w4/fwd,complete_route_then_single_full_gemm,branch_masked_v1,0,0.08979199827,0.09083680063,149.47626802603733,0.09481599926948547,0.09808639977127313,141.55599164074323,0.052639998495578766,0.042080000042915344,193.01905061393342,0.07280000299,184.36500341687693,1.0559515446396297,77.44119948295256,81.07627003810971,73.33783436945616,76.78029399140567,c16/s3/push/sm/b512/w4/fwd,complete_route_then_single_full_gemm,branch_masked_v1,1
oproj,qwen25_14b_32b,model,Qwen2.5 14B/32B,4096,8,512,5120,5120,512,5120,5120,5120,5120,512,40,8,128,10,50,per-sample max-rank CUDA-event critical path,v10_backward_te_userbuffers_v3,complete_route_then_single_full_gemm,2.19.0.dev0+a7aec214,/tmp/TransformerEngine-v10-clean/transformer_engine/__init__.py,2.9.0+cu128,12.8,2.27.5,NVIDIA L20X|NVIDIA L20X|NVIDIA L20X|NVIDIA L20X|NVIDIA L20X|NVIDIA L20X|NVIDIA L20X|NVIDIA L20X,132|132|132|132|132|132|132|132,:4096:8,0.1671040058,0.1681199968,321.27949861510734,0.24857600033283234,0.26664001047611235,215.97857849557218,,,323.69700211568636,0.1281760037,418.8544630058551,1.4875526121758136,99.25315851404919,76.70432739560334,66.72245250463685,51.56411058524474,c20/s3/push/sm/b512/w4/fwd,complete_route_then_single_full_gemm,branch_masked_v1,0,0.1846079975,0.1856848001,290.81671394003394,0.26340800523757935,0.4743871908634898,203.81723460369867,0.16736000031232834,0.0958079993724823,323.69700211568636,0.1386879981,387.1069734620389,1.4268504550436898,89.84226361049174,75.12567168169406,62.96543782350392,52.65139834110628,c20/s3/push/sm/b512/w4/fwd,complete_route_then_single_full_gemm,branch_masked_v1,1,0.1604959965,0.1614959985,334.5073545183416,0.14963200688362122,0.15153760313987732,358.794166556598,,,341.4861524161206,0.1281760037,418.8544630058551,0.9323099027184845,97.95634527245048,79.8624305248636,105.06843806638068,85.66081974673442,c16/s3/push/sm/b1024/w4/fwd,complete_route_then_single_full_gemm,branch_masked_v1,0,0.1787839979,0.1801919937,300.2902487393141,0.1669600009918213,0.17021119967103004,321.55660566047743,0.0907839983701706,0.07580800354480743,341.4861524161206,0.1386879981,387.1069734620389,0.9338643444208454,87.93628866490408,77.57293702402434,94.16387850147497,83.06660114765677,c16/s3/push/sm/b1024/w4/fwd,complete_route_then_single_full_gemm,branch_masked_v1,1
oproj,qwen25_14b_32b,model,Qwen2.5 14B/32B,16384,8,2048,5120,5120,2048,5120,5120,5120,5120,2048,40,8,128,10,50,per-sample max-rank CUDA-event critical path,v10_backward_te_userbuffers_v3,complete_route_then_single_full_gemm,2.19.0.dev0+a7aec214,/tmp/TransformerEngine-v10-clean/transformer_engine/__init__.py,2.9.0+cu128,12.8,2.27.5,NVIDIA L20X|NVIDIA L20X|NVIDIA L20X|NVIDIA L20X|NVIDIA L20X|NVIDIA L20X|NVIDIA L20X|NVIDIA L20X,132|132|132|132|132|132|132|132,:4096:8,0.4323520064,0.4355216026,496.69797207167534,0.5015040040016174,0.5057599902153015,428.20867448010927,,,416.0241865343524,0.3584960103,599.0258151556338,1.1599437416225147,119.39160946611489,82.91762383272706,102.9287931663922,71.484177083229,c20/s3/push/sm/b512/w4/fwd,complete_route_then_single_full_gemm,branch_masked_v1,0,0.4486399889,0.451094389,478.6652329555637,0.5375680029392242,0.6044624060392378,399.48130027426276,0.3216160088777542,0.2152319997549057,416.0241865343524,0.3638240099,590.2534163675051,1.1982168692925987,115.05706842264057,81.0948686923882,96.02357584113113,67.67962525871035,c20/s3/push/sm/b512/w4/fwd,complete_route_then_single_full_gemm,branch_masked_v1,1,0.4253119826,0.4268656075,504.9196203859787,0.45129600167274475,0.4647535964846611,475.8481440208367,,,431.374058112631,0.3584960103,599.0258151556338,1.061094020708987,117.04913888311408,84.29012700475936,110.3098656657266,79.43700120790385,c20/s3/push/sm/b1024/w4/fwd,complete_route_then_single_full_gemm,branch_masked_v1,0,0.437808007,0.4393312037,490.50807972089007,0.4687040001153946,0.5350672081112862,458.17480701493713,0.27454400062561035,0.19457600265741348,431.374058112631,0.3638240099,590.2534163675051,1.0705697306157185,113.70829341638789,83.10126906838413,106.21287914706,77.62340620315312,c20/s3/push/sm/b1024/w4/fwd,complete_route_then_single_full_gemm,branch_masked_v1,1
oproj,qwen25_14b_32b,model,Qwen2.5 14B/32B,131072,8,16384,5120,5120,16384,5120,5120,5120,5120,16384,40,8,128,10,50,per-sample max-rank CUDA-event critical path,v10_backward_te_userbuffers_v3,complete_route_then_single_full_gemm,2.19.0.dev0+a7aec214,/tmp/TransformerEngine-v10-clean/transformer_engine/__init__.py,2.9.0+cu128,12.8,2.27.5,NVIDIA L20X|NVIDIA L20X|NVIDIA L20X|NVIDIA L20X|NVIDIA L20X|NVIDIA L20X|NVIDIA L20X|NVIDIA L20X,132|132|132|132|132|132|132|132,:4096:8,2.795120001,2.802795172,614.6379825500737,3.2150559425354004,3.2413888216018676,534.356772978946,,,616.6500066044508,2.543600082,675.4154989054604,1.1502389669800086,99.67371701405531,91.00146258801001,86.65479076556765,79.11526665362194,c24/s3/push/sm/b1024/w4/fwd,complete_route_then_single_full_gemm,branch_masked_v1,0,2.806479931,2.816890955,612.1500814680153,3.253920018672943,3.3461599230766295,527.9745379545783,1.9652640223503113,1.2840319871902466,616.6500066044508,2.530207872,678.9904250206996,1.1594310662016785,99.27026269549333,90.15592251530694,85.61980577310635,77.75876043295935,c24/s3/push/sm/b1024/w4/fwd,complete_route_then_single_full_gemm,branch_masked_v1,1,2.772704124,2.79611516,619.6070123492195,3.154784083366394,3.181727957725525,544.5656098805905,,,617.931149994172,2.543600082,675.4154989054604,1.1378004800653565,100.27120535274251,91.73716228800185,88.12723066084735,80.62675653180632,c24/s3/push/sm/b1024/w4/rev,complete_route_then_single_full_gemm,branch_masked_v1,0,2.800336123,2.806966305,613.4931104482988,3.1881920099258423,3.2109903693199158,538.8593011497951,1.9132000207901,1.2771360278129578,617.931149994172,2.530207872,678.9904250206996,1.1385033331321428,99.28179060953393,90.35372044158,87.20377685359887,79.36184094692756,c24/s3/push/sm/b1024/w4/fwd,complete_route_then_single_full_gemm,branch_masked_v1,1
oproj,qwen25_14b_32b,model,Qwen2.5 14B/32B,262144,8,32768,5120,5120,32768,5120,5120,5120,5120,32768,40,8,128,10,50,per-sample max-rank CUDA-event critical path,v10_backward_te_userbuffers_v3,complete_route_then_single_full_gemm,2.19.0.dev0+a7aec214,/tmp/TransformerEngine-v10-clean/transformer_engine/__init__.py,2.9.0+cu128,12.8,2.27.5,NVIDIA L20X|NVIDIA L20X|NVIDIA L20X|NVIDIA L20X|NVIDIA L20X|NVIDIA L20X|NVIDIA L20X|NVIDIA L20X,132|132|132|132|132|132|132|132,:4096:8,5.480192184,5.524673462,626.9805367103163,6.240336179733276,6.302689480781556,550.6071688828245,,,628.5845412605086,4.934207916,696.3577326480864,1.1387075434968499,99.74482278120048,90.03713282913584,87.59476772665852,79.06958493718359,c24/s3/push/sm/b1024/w4/fwd,complete_route_then_single_full_gemm,branch_masked_v1,0,5.494368076,5.51261425,625.3628787282579,6.325184106826782,6.395812702178954,543.2211582729343,3.8087520599365234,2.516816020011902,628.5845412605086,4.920623779,698.2801350235072,1.1512122994554874,99.48747347082539,89.5575926282373,86.4197450964362,77.7941589666799,c24/s3/push/sm/b1024/w4/fwd,complete_route_then_single_full_gemm,branch_masked_v1,1,5.479279995,5.503230572,627.0849162545854,6.161823987960815,6.200686526298523,557.6228473116604,,,630.1006126242398,4.934207916,696.3577326480864,1.1245681902701918,99.52139447109968,90.05212218580921,88.49742979764383,80.07706688215416,c24/s3/push/sm/b1024/w4/rev,complete_route_then_single_full_gemm,branch_masked_v1,0,5.491184235,5.522485256,625.7254700906971,6.225632071495056,6.266798377037048,551.9076291919171,3.7321919202804565,2.494207978248596,630.1006126242398,4.920623779,698.2801350235072,1.1337503542157252,99.30564382165552,89.60951897473531,87.59039717376801,79.0381397823006,c24/s3/push/sm/b1024/w4/rev,complete_route_then_single_full_gemm,branch_masked_v1,1
oproj,qwen25_14b_32b,model,Qwen2.5 14B/32B,524288,8,65536,5120,5120,65536,5120,5120,5120,5120,65536,40,8,128,10,50,per-sample max-rank CUDA-event critical path,v10_backward_te_userbuffers_v3,complete_route_then_single_full_gemm,2.19.0.dev0+a7aec214,/tmp/TransformerEngine-v10-clean/transformer_engine/__init__.py,2.9.0+cu128,12.8,2.27.5,NVIDIA L20X|NVIDIA L20X|NVIDIA L20X|NVIDIA L20X|NVIDIA L20X|NVIDIA L20X|NVIDIA L20X|NVIDIA L20X,132|132|132|132|132|132|132|132,:4096:8,10.89270401,10.99016285,630.8761963320804,12.385680198669434,12.458686637878419,554.830058856052,,,641.8963891333159,9.927488327,692.2141278081605,1.1370620359553343,98.28318199201668,91.13887899539098,86.4360772624348,80.15295218155632,c24/s3/push/sm/b1024/w4/fwd,complete_route_then_single_full_gemm,branch_masked_v1,0,10.89668846,10.9292469,630.6455120586241,12.508528232574463,12.62074568271637,549.3809939769101,7.520319938659668,4.980783939361572,641.8963891333159,9.937904358,691.4886102790967,1.147920148262591,98.24724406225705,91.20114238817102,85.58717626043676,79.44903007949333,c24/s3/push/sm/b1024/w4/fwd,complete_route_then_single_full_gemm,branch_masked_v1,1,10.97072029,11.06550407,626.3898351199327,12.354799747467041,12.903422498703003,556.2168399377638,,,643.0612131601692,9.927488327,692.2141278081605,1.1261612201277844,97.4074974980517,90.49076145026756,86.4951622885744,80.35329208015142,c20/s3/push/sm/b1024/w4/fwd,complete_route_then_single_full_gemm,branch_masked_v1,0,10.89718437,10.93782234,630.6168125886264,12.395519971847534,12.546968078613281,554.3896253813825,7.443055868148804,4.945327997207642,643.0612131601692,9.937904358,691.4886102790967,1.137497499443293,98.06481866471346,91.19699199876895,86.21101911231256,80.1733560235535,c20/s3/push/sm/b1024/w4/fwd,complete_route_then_single_full_gemm,branch_masked_v1,1
oproj,representative_large,artificial,Mx7168x16384 OProj stress shape,1024,8,128,7168,16384,128,16384,7168,7168,16384,128,128,8,128,10,50,per-sample max-rank CUDA-event critical path,v10_backward_te_userbuffers_v3,complete_route_then_single_full_gemm,2.19.0.dev0+a7aec214,/tmp/TransformerEngine-v10-clean/transformer_engine/__init__.py,2.9.0+cu128,12.8,2.27.5,NVIDIA L20X|NVIDIA L20X|NVIDIA L20X|NVIDIA L20X|NVIDIA L20X|NVIDIA L20X|NVIDIA L20X|NVIDIA L20X,132|132|132|132|132|132|132|132,:4096:8,0.2236799896,0.2257792056,268.8194963328092,0.30854399502277374,0.4407776027917862,194.88158289893738,,,269.16603775503523,0.1856960058,323.80633005516154,1.3793991835145085,99.8712536599653,83.01860445007817,72.40199563226352,60.18461185293647,c20/s3/push/sm/b512/w4/fwd,complete_route_then_single_full_gemm,branch_masked_v1,0,0.281791985,0.2833311856,213.3827267798266,0.41340799629688263,0.4392863981425762,145.44842548429781,0.1754399985074997,0.23771200329065323,269.16603775503523,0.2876480222,209.03860796300654,1.467067973196195,79.27550167901333,102.07814186056427,54.03669300087134,69.57969482366519,c24/s1/push/sm/b512/w4/fwd,complete_route_then_single_full_gemm,branch_masked_v1,1,0.2210240066,0.2235696018,272.04982422031617,0.2287360057234764,0.2326944053173065,262.8774685201587,,,281.2104395164165,0.1856960058,323.80633005516154,1.0348921334026546,96.74243413158722,84.01621554895839,93.48069331004066,81.18354834983508,c16/s3/push/sm/b1024/w4/fwd,complete_route_then_single_full_gemm,branch_masked_v1,0,0.2760960162,0.2772223949,217.78489589086652,0.33235200494527817,0.3373600017279387,180.92125592532636,0.115983996540308,0.2163039967417717,281.2104395164165,0.2876480222,209.03860796300654,1.2037551628580077,77.44552309842419,104.18405385162526,64.33660721716006,86.54920623913833,c16/s3/push/sm/b1024/w4/fwd,complete_route_then_single_full_gemm,branch_masked_v1,1
oproj,representative_large,artificial,Mx7168x16384 OProj stress shape,4096,8,512,7168,16384,512,16384,7168,7168,16384,512,128,8,128,10,50,per-sample max-rank CUDA-event critical path,v10_backward_te_userbuffers_v3,complete_route_then_single_full_gemm,2.19.0.dev0+a7aec214,/tmp/TransformerEngine-v10-clean/transformer_engine/__init__.py,2.9.0+cu128,12.8,2.27.5,NVIDIA L20X|NVIDIA L20X|NVIDIA L20X|NVIDIA L20X|NVIDIA L20X|NVIDIA L20X|NVIDIA L20X|NVIDIA L20X,132|132|132|132|132|132|132|132,:4096:8,0.5624960065,0.5667871833,427.59089095150756,0.5735200047492981,0.6021679818630218,419.3718904036091,,,508.49507098520087,0.4509440064,533.3659282803587,1.0195983582494965,84.08948588686557,80.1683925199565,82.47314759434795,78.6274240943209,c20/s3/push/sm/b512/w4/fwd,complete_route_then_single_full_gemm,branch_masked_v1,0,0.6096159816,0.6124479771,394.5404579859197,0.6345119923353195,0.6420415937900543,379.0600831526818,0.3240640014410019,0.3099840134382248,508.49507098520087,0.4864960313,494.38875777320237,1.040838841970608,77.58982938054916,79.80368723653554,74.54547836978224,76.6724722584758,c20/s3/push/sm/b512/w4/fwd,complete_route_then_single_full_gemm,branch_masked_v1,1,0.5534880161,0.5562064052,434.5499117952809,0.5283679962158203,0.5329151958227157,455.209570410386,,,506.5161219204135,0.4509440064,533.3659282803587,0.954615060934506,85.79192112340299,81.47312918849663,89.87069724148108,85.34657845094098,c24/s3/push/sm/b1024/w4/fwd,complete_route_then_single_full_gemm,branch_masked_v1,0,0.6012480259,0.6045680046,400.0315314399105,0.5726559907197952,0.5766063988208772,420.00463187974805,0.2847679853439331,0.28784000873565674,506.5161219204135,0.4864960313,494.38875777320237,0.9524455233970943,78.97705801016252,80.9143665081928,82.92028895098849,84.95432496715922,c20/s3/push/sm/b512/w4/fwd,complete_route_then_single_full_gemm,branch_masked_v1,1
oproj,representative_large,artificial,Mx7168x16384 OProj stress shape,16384,8,2048,7168,16384,2048,16384,7168,7168,16384,2048,128,8,128,10,50,per-sample max-rank CUDA-event critical path,v10_backward_te_userbuffers_v3,complete_route_then_single_full_gemm,2.19.0.dev0+a7aec214,/tmp/TransformerEngine-v10-clean/transformer_engine/__init__.py,2.9.0+cu128,12.8,2.27.5,NVIDIA L20X|NVIDIA L20X|NVIDIA L20X|NVIDIA L20X|NVIDIA L20X|NVIDIA L20X|NVIDIA L20X|NVIDIA L20X,132|132|132|132|132|132|132|132,:4096:8,1.61552,1.628470421,595.518888224225,1.777903974056244,1.7905952095985413,541.1274671427024,,,600.8147793797364,1.472144008,653.5180451612449,1.1005149883976948,99.11854845498662,91.12508715460037,90.0656051938913,82.80222270055114,c16/s3/push/sm/b1024/w4/fwd,complete_route_then_single_full_gemm,branch_masked_v1,0,1.681071997,1.693729639,572.2971270837247,1.829871952533722,1.8393056273460386,525.7595609200258,1.0131679773330688,0.8148159980773926,600.8147793797364,1.482944012,648.7585954148618,1.088514921311679,95.25350352974797,88.21418800898626,87.50776095468301,81.04086244650341,c16/s3/push/sm/b1024/w4/fwd,complete_route_then_single_full_gemm,branch_masked_v1,1,1.620336056,1.662097573,593.748852740459,1.7304960489273071,1.7387055516242982,555.9519623869501,,,602.3796873328909,1.472144008,653.5180451612449,1.0679858925063055,98.56721022074203,90.85423993058387,92.29261445526073,85.07063676409702,c20/s3/push/sm/b1024/w4/fwd,complete_route_then_single_full_gemm,branch_masked_v1,0,1.676399946,1.681817651,573.892093351332,1.7529280185699463,1.763388815522194,548.8375244802505,0.961216002702713,0.7925920188426971,602.3796873328909,1.482944012,648.7585954148618,1.0456502475751965,95.27082426904349,88.46003697019921,91.11155904182215,84.5981122037058,c24/s3/push/sm/b1024/w4/fwd,complete_route_then_single_full_gemm,branch_masked_v1,1
oproj,representative_large,artificial,Mx7168x16384 OProj stress shape,131072,8,16384,7168,16384,16384,16384,7168,7168,16384,16384,128,8,128,10,50,per-sample max-rank CUDA-event critical path,v10_backward_te_userbuffers_v3,complete_route_then_single_full_gemm,2.19.0.dev0+a7aec214,/tmp/TransformerEngine-v10-clean/transformer_engine/__init__.py,2.9.0+cu128,12.8,2.27.5,NVIDIA L20X|NVIDIA L20X|NVIDIA L20X|NVIDIA L20X|NVIDIA L20X|NVIDIA L20X|NVIDIA L20X|NVIDIA L20X,132|132|132|132|132|132|132|132,:4096:8,11.62932777,11.75052166,661.8251326862378,13.072112083435059,13.266780900955201,588.7787180302015,,,670.6938070330177,11.07977676,694.6513058113277,1.1240642917604393,98.67768656072542,95.27443872192107,87.78651477860096,84.75888738775626,c24/s3/push/sm/b1024/w4/fwd,complete_route_then_single_full_gemm,branch_masked_v1,0,11.6527195,11.7067709,660.4965814574015,13.333215951919556,14.430302214622497,577.2486864524188,7.4706079959869385,5.713263988494873,670.6938070330177,11.59867191,663.5743690444641,1.1442149578833984,98.47960045721516,99.53618045984888,86.06739474843569,86.99080515777713,c24/s3/push/sm/b1024/w4/fwd,complete_route_then_single_full_gemm,branch_masked_v1,1,11.70969582,11.8398037,657.2827776863635,13.130671977996826,15.463084411621093,586.152895093962,,,669.2679473419131,11.07977676,694.6513058113277,1.1213503902953499,98.20921206474175,94.62053438720324,87.58119934204923,84.38088148547517,c24/s3/push/sm/b1024/w4/fwd,complete_route_then_single_full_gemm,branch_masked_v1,0,11.66878319,11.70692635,659.5873167844848,12.985055923461914,14.216443014144897,592.7260875731396,7.4016640186309814,5.585263967514038,669.2679473419131,11.59867191,663.5743690444641,1.112802912868408,98.55354935256106,99.39915517446512,88.56334595541745,89.32323417293152,c24/s3/push/sm/b1024/w4/fwd,complete_route_then_single_full_gemm,branch_masked_v1,1
oproj,representative_large,artificial,Mx7168x16384 OProj stress shape,262144,8,32768,7168,16384,32768,16384,7168,7168,16384,32768,128,8,128,10,50,per-sample max-rank CUDA-event critical path,v10_backward_te_userbuffers_v3,complete_route_then_single_full_gemm,2.19.0.dev0+a7aec214,/tmp/TransformerEngine-v10-clean/transformer_engine/__init__.py,2.9.0+cu128,12.8,2.27.5,NVIDIA L20X|NVIDIA L20X|NVIDIA L20X|NVIDIA L20X|NVIDIA L20X|NVIDIA L20X|NVIDIA L20X|NVIDIA L20X,132|132|132|132|132|132|132|132,:4096:8,23.22639847,28.51897621,662.7442824915937,26.06160068511963,29.554442787170405,590.6453319904108,,,658.2361571876704,22.0167675,699.1563493080445,1.1220680950075697,100.68487962180389,94.7919994072159,89.73152348755148,84.47972081995292,c24/s3/push/sm/b1024/w4/fwd,complete_route_then_single_full_gemm,branch_masked_v1,0,23.18126297,26.19496727,664.0346908097735,26.302704334259033,26.93855028152466,585.2311835788895,14.921488285064697,11.328991889953613,658.2361571876704,21.99948883,699.7054753323557,1.1346536367884115,100.88091994928953,94.90202867061475,88.90899978501692,83.63964613838534,c24/s3/push/sm/b1024/w4/fwd,complete_route_then_single_full_gemm,branch_masked_v1,1,23.46155167,30.43943596,656.1016511344836,26.077759742736816,29.56253337860107,590.2793392040245,,,657.9192369719992,22.0167675,699.1563493080445,1.111510445239738,99.72373724077734,93.84190700461033,89.71911840132842,84.42737304584654,c24/s3/push/sm/b1024/w4/fwd,complete_route_then_single_full_gemm,branch_masked_v1,0,23.25671959,26.39255524,661.8802247365447,26.30228853225708,27.262782096862793,585.2404352566451,14.925631999969482,11.353424072265625,657.9192369719992,21.99948883,699.7054753323557,1.1309543648437257,100.60204771983497,94.5941182498473,88.95323352303085,83.64096836296152,c24/s3/push/sm/b1024/w4/fwd,complete_route_then_single_full_gemm,branch_masked_v1,1
oproj,representative_large,artificial,Mx7168x16384 OProj stress shape,524288,8,65536,7168,16384,65536,16384,7168,7168,16384,65536,128,8,128,10,50,per-sample max-rank CUDA-event critical path,v10_backward_te_userbuffers_v3,complete_route_then_single_full_gemm,2.19.0.dev0+a7aec214,/tmp/TransformerEngine-v10-clean/transformer_engine/__init__.py,2.9.0+cu128,12.8,2.27.5,NVIDIA L20X|NVIDIA L20X|NVIDIA L20X|NVIDIA L20X|NVIDIA L20X|NVIDIA L20X|NVIDIA L20X|NVIDIA L20X,132|132|132|132|132|132|132|132,:4096:8,46.30413055,51.45158386,664.8721228980726,52.70096015930176,55.608988761901855,584.1701078057908,,,647.8704180939442,44.11771011,697.8223824619986,1.1381481421488813,102.62424465283473,95.27813088372523,90.16773902479423,83.71329474196153,c24/s3/push/sm/b1024/w4/fwd,complete_route_then_single_full_gemm,branch_masked_v1,0,46.84979248,51.65560913,657.1283232656915,53.256256103515625,54.97897462844848,578.0790432937641,30.075312614440918,23.289584159851074,647.8704180939442,44.44692993,692.6535899377922,1.1367447598887557,101.42897482477815,94.87113512610378,89.22757192626443,83.45860783680945,c24/s3/push/sm/b1024/w4/fwd,complete_route_then_single_full_gemm,branch_masked_v1,1,46.88278198,55.23849106,656.6659288875246,52.657264709472656,54.65625705718994,584.6548571709188,,,651.9993474714848,44.11771011,697.8223824619986,1.1231685170034498,100.71573406233261,94.10215914409778,89.67108010740588,83.78276075183895,c24/s3/push/sm/b1024/w4/fwd,complete_route_then_single_full_gemm,branch_masked_v1,0,47.10678482,51.86364365,653.5433419063899,53.21500778198242,55.2282636642456,578.5271272317967,29.934240341186523,23.22004795074463,651.9993474714848,44.44692993,692.6535899377922,1.1296675836680976,100.2368091994099,94.35356307979077,88.73124328657377,83.52329875078752,c24/s3/push/sm/b1024/w4/fwd,complete_route_then_single_full_gemm,branch_masked_v1,1
oproj,representative_medium,artificial,Mx5120x5120 OProj stress shape,1024,8,128,5120,5120,128,5120,5120,5120,5120,128,40,8,128,10,50,per-sample max-rank CUDA-event critical path,v10_backward_te_userbuffers_v3,complete_route_then_single_full_gemm,2.19.0.dev0+a7aec214,/tmp/TransformerEngine-v10-clean/transformer_engine/__init__.py,2.9.0+cu128,12.8,2.27.5,NVIDIA L20X|NVIDIA L20X|NVIDIA L20X|NVIDIA L20X|NVIDIA L20X|NVIDIA L20X|NVIDIA L20X|NVIDIA L20X,132|132|132|132|132|132|132|132,:4096:8,0.08214399964,0.08305600286,163.39322237560333,0.23561599850654602,0.2576831951737404,56.96460717894379,,,176.30534175869323,0.06403200328,209.61038406543508,2.8683287828586916,92.6762744371282,77.9509198001355,32.31019923202922,27.17642421816319,c24/s1/push/sm/b512/w4/fwd,complete_route_then_single_full_gemm,branch_masked_v1,0,0.09628800303,0.09746400267,139.39195307455114,0.2391359992325306,0.2807392006739974,56.12610749981212,0.17449600249528885,0.06467200070619583,176.30534175869323,0.07332800329,183.03747815032042,2.4835492658210403,79.06280756106361,76.15486974753598,31.834604068112228,30.663724209376547,c24/s1/push/sm/b512/w4/fwd,complete_route_then_single_full_gemm,branch_masked_v1,1,0.07617600262,0.07730080187,176.19423884650143,0.08401599898934364,0.08524960093200207,159.75258238258147,,,189.10296499645148,0.06403200328,209.61038406543508,1.1029195035141586,93.1737050499487,84.05797242921801,84.47915260640109,76.21405928663853,c20/s3/push/sm/b1024/w4/fwd,complete_route_then_single_full_gemm,branch_masked_v1,0,0.08977600187,0.09107039869,149.50290189393127,0.09267199970781803,0.09445600192993879,144.83093968315123,0.0521440003067255,0.04047999903559685,189.10296499645148,0.07332800329,183.03747815032042,1.0322580397600194,79.05899407591875,81.6788470889832,76.58840234782622,79.12638501509952,c24/s3/push/sm/b1024/w4/fwd,complete_route_then_single_full_gemm,branch_masked_v1,1
oproj,representative_medium,artificial,Mx5120x5120 OProj stress shape,4096,8,512,5120,5120,512,5120,5120,5120,5120,512,40,8,128,10,50,per-sample max-rank CUDA-event critical path,v10_backward_te_userbuffers_v3,complete_route_then_single_full_gemm,2.19.0.dev0+a7aec214,/tmp/TransformerEngine-v10-clean/transformer_engine/__init__.py,2.9.0+cu128,12.8,2.27.5,NVIDIA L20X|NVIDIA L20X|NVIDIA L20X|NVIDIA L20X|NVIDIA L20X|NVIDIA L20X|NVIDIA L20X|NVIDIA L20X,132|132|132|132|132|132|132|132,:4096:8,0.1664159894,0.1683423966,322.60776980363886,0.2600160092115402,0.2773439958691597,206.47609877098762,,,323.69700211568636,0.1188800037,451.60741528476245,1.5624460735354089,99.66350250236232,71.43544567358742,63.78684307282987,45.720263171673885,c24/s3/push/sm/b512/w4/fwd,complete_route_then_single_full_gemm,branch_masked_v1,0,0.184799999,0.1857984066,290.51456434261127,0.2751839980483055,0.3125295970588922,195.0952511075002,0.17705599963665009,0.09787200018763542,323.69700211568636,0.129776001,413.6904418868632,1.489090906587643,89.7489202692041,70.22510914623977,60.27094777905139,47.159719286155315,c24/s3/push/sm/b512/w4/rev,complete_route_then_single_full_gemm,branch_masked_v1,1,0.159679994,0.1604752094,336.21676614040956,0.15241600573062897,0.1874752029776573,352.2405074364919,,,343.5138455976674,0.1188800037,451.60741528476245,0.9545090897901022,97.87575390314706,74.44890291015417,102.54041051056946,77.99706017103053,c16/s3/push/sm/b512/w4/fwd,complete_route_then_single_full_gemm,branch_masked_v1,0,0.1785599887,0.1799775958,300.6669724324417,0.16980799660086632,0.17337120063602923,316.1635039260931,0.09331200271844864,0.07638400048017502,343.5138455976674,0.129776001,413.6904418868632,0.9509857042282973,87.52688611701285,72.67921662900508,92.03806716320605,76.42514109923721,c16/s3/push/sm/b512/w4/fwd,complete_route_then_single_full_gemm,branch_masked_v1,1
oproj,representative_medium,artificial,Mx5120x5120 OProj stress shape,16384,8,2048,5120,5120,2048,5120,5120,5120,5120,2048,40,8,128,10,50,per-sample max-rank CUDA-event critical path,v10_backward_te_userbuffers_v3,complete_route_then_single_full_gemm,2.19.0.dev0+a7aec214,/tmp/TransformerEngine-v10-clean/transformer_engine/__init__.py,2.9.0+cu128,12.8,2.27.5,NVIDIA L20X|NVIDIA L20X|NVIDIA L20X|NVIDIA L20X|NVIDIA L20X|NVIDIA L20X|NVIDIA L20X|NVIDIA L20X,132|132|132|132|132|132|132|132,:4096:8,0.432287991,0.471190393,496.7715256286174,0.5014720261096954,0.5091472208499909,428.2359805111531,,,416.0241865343524,0.3578559756,600.097188372897,1.1600415383958596,119.40928958167615,82.78184521669954,102.93535673455186,71.36110430250004,c24/s3/push/sm/b512/w4/rev,complete_route_then_single_full_gemm,branch_masked_v1,0,0.4495680034,0.4695727825,477.677154904036,0.5421760082244873,0.549865598231554,396.0860708375051,0.3238080143928528,0.21724800020456314,416.0241865343524,0.3631359935,591.3717412867805,1.205993318305818,114.81956346896017,80.77443028722448,95.2074623682484,66.97751062227822,c24/s3/push/sm/b512/w4/fwd,complete_route_then_single_full_gemm,branch_masked_v1,1,0.4258559942,0.43095842,504.27460861134455,0.45393601059913635,0.45711680799722676,473.0806981287079,,,428.94764692875407,0.3578559756,600.097188372897,1.0659378211920831,117.56087537067242,84.03215652095194,110.28868010255903,78.83401343895954,c24/s3/push/sm/b1024/w4/fwd,complete_route_then_single_full_gemm,branch_masked_v1,0,0.4390560091,0.441059202,489.1138268217817,0.47039999812841415,0.4765008024871349,456.5228861701143,0.27529600262641907,0.19523199647665024,428.94764692875407,0.3631359935,591.3717412867805,1.0713895001520757,114.02646227897851,82.70835291478532,106.42857920746219,77.19727783690759,c24/s3/push/sm/b1024/w4/fwd,complete_route_then_single_full_gemm,branch_masked_v1,1
oproj,representative_medium,artificial,Mx5120x5120 OProj stress shape,131072,8,16384,5120,5120,16384,5120,5120,5120,5120,16384,40,8,128,10,50,per-sample max-rank CUDA-event critical path,v10_backward_te_userbuffers_v3,complete_route_then_single_full_gemm,2.19.0.dev0+a7aec214,/tmp/TransformerEngine-v10-clean/transformer_engine/__init__.py,2.9.0+cu128,12.8,2.27.5,NVIDIA L20X|NVIDIA L20X|NVIDIA L20X|NVIDIA L20X|NVIDIA L20X|NVIDIA L20X|NVIDIA L20X|NVIDIA L20X,132|132|132|132|132|132|132|132,:4096:8,2.782912016,2.802791834,617.3342558164439,3.1936960220336914,3.2242079377174377,537.9306316403948,,,616.6500066044508,2.528111935,679.5533435903818,1.1476094118937072,100.11096232946804,90.84412013261435,87.23435107095517,79.1594415234967,c20/s3/push/sm/b1024/w4/fwd,complete_route_then_single_full_gemm,branch_masked_v1,0,2.802927971,2.818390369,612.9258176360038,3.247312009334564,3.2659855544567105,529.0489221428551,1.963808000087738,1.2842879891395569,616.6500066044508,2.529680014,679.1321071804143,1.1585427962945554,99.39606114837262,90.25133860637477,85.79403494310066,77.90073780185907,c20/s3/push/sm/b1024/w4/rev,complete_route_then_single_full_gemm,branch_masked_v1,1,2.775792122,2.79651022,618.9177153374744,3.153455972671509,3.174953579902649,544.7949593361773,,,620.2728036452429,2.528111935,679.5533435903818,1.1360562441539737,99.78153349626086,91.07713488207673,87.83150835156812,80.1695649759861,c24/s3/push/sm/b1024/w4/fwd,complete_route_then_single_full_gemm,branch_masked_v1,0,2.793407917,2.803731203,615.0146951130016,3.1878239512443542,3.2150512516498564,538.9215165816765,1.9246240258216858,1.265663981437683,620.2728036452429,2.529680014,679.1321071804143,1.1411952876069529,99.15229097562552,90.55891903953533,86.88459552224795,79.35444531096361,c24/s3/push/sm/b1024/w4/fwd,complete_route_then_single_full_gemm,branch_masked_v1,1
oproj,representative_medium,artificial,Mx5120x5120 OProj stress shape,262144,8,32768,5120,5120,32768,5120,5120,5120,5120,32768,40,8,128,10,50,per-sample max-rank CUDA-event critical path,v10_backward_te_userbuffers_v3,complete_route_then_single_full_gemm,2.19.0.dev0+a7aec214,/tmp/TransformerEngine-v10-clean/transformer_engine/__init__.py,2.9.0+cu128,12.8,2.27.5,NVIDIA L20X|NVIDIA L20X|NVIDIA L20X|NVIDIA L20X|NVIDIA L20X|NVIDIA L20X|NVIDIA L20X|NVIDIA L20X,132|132|132|132|132|132|132|132,:4096:8,5.482431889,5.509505749,626.7244001141114,6.236719846725464,6.303640055656433,550.9264358898578,,,628.5845412605086,4.927599907,697.2915621495484,1.1375827320789655,99.70407462730996,89.8798198822457,87.6455591454855,79.00947979228526,c24/s3/push/sm/b1024/w4/fwd,complete_route_then_single_full_gemm,branch_masked_v1,0,5.496640205,5.538642883,625.1043744275781,6.3140000104904175,6.5645904541015625,544.183375212431,3.785632014274597,2.524336099624634,628.5845412605086,4.938176155,695.7981507648343,1.1487017114103464,99.44634864453529,89.8399016640748,86.57282187073407,78.20994847632959,c24/s3/push/sm/b1024/w4/fwd,complete_route_then_single_full_gemm,branch_masked_v1,1,5.481984138,5.50804472,626.7755889665073,6.169951915740967,6.198366332054138,556.888268129617,,,631.0782526513223,4.927599907,697.2915621495484,1.12549612702673,99.31820441177645,89.8871609795964,88.24393263275766,79.8644782697343,c24/s3/push/sm/b1024/w4/rev,complete_route_then_single_full_gemm,branch_masked_v1,0,5.489120007,5.50623703,625.9607792174837,6.232095956802368,6.260515236854554,551.3351945503367,3.7369439601898193,2.489327907562256,631.0782526513223,4.938176155,695.7981507648343,1.1353542915539991,99.18909051098834,89.9629840248089,87.36399840020404,79.23780681858649,c24/s3/push/sm/b1024/w4/fwd,complete_route_then_single_full_gemm,branch_masked_v1,1
oproj,representative_medium,artificial,Mx5120x5120 OProj stress shape,524288,8,65536,5120,5120,65536,5120,5120,5120,5120,65536,40,8,128,10,50,per-sample max-rank CUDA-event critical path,v10_backward_te_userbuffers_v3,complete_route_then_single_full_gemm,2.19.0.dev0+a7aec214,/tmp/TransformerEngine-v10-clean/transformer_engine/__init__.py,2.9.0+cu128,12.8,2.27.5,NVIDIA L20X|NVIDIA L20X|NVIDIA L20X|NVIDIA L20X|NVIDIA L20X|NVIDIA L20X|NVIDIA L20X|NVIDIA L20X,132|132|132|132|132|132|132|132,:4096:8,10.96635246,11.07717228,626.6393222965952,12.4093599319458,12.53901915550232,553.7713235240547,,,641.8963891333159,9.889088631,694.902020804833,1.1315849984950967,97.62312624046372,90.17664412183228,86.27113859789006,79.69056168273605,c24/s3/push/sm/b1024/w4/fwd,complete_route_then_single_full_gemm,branch_masked_v1,0,10.90592003,10.9688015,630.1116874776862,12.537791728973389,12.624371433258057,548.0987260076846,7.534463882446289,4.985743999481201,641.8963891333159,9.932623863,691.8562273558632,1.1496317316177302,98.16408039441671,91.07552444614798,85.38741380797043,79.22147757524839,c24/s3/push/sm/b1024/w4/fwd,complete_route_then_single_full_gemm,branch_masked_v1,1,10.96321583,11.06588268,626.8186068904565,12.37011194229126,12.528320169448852,555.5283335881551,,,643.0381437551293,9.889088631,694.902020804833,1.1283287799955006,97.47767111139689,90.20244410348346,86.39119451671311,79.94340453129553,c20/s3/push/sm/b1024/w4/fwd,complete_route_then_single_full_gemm,branch_masked_v1,0,10.93144035,10.97942543,628.6406414503281,12.428047895431519,12.614060878753662,552.9386216902246,7.46451210975647,4.964080095291138,643.0381437551293,9.932623863,691.8562273558632,1.136908540641812,97.76101893105056,90.86290136505204,85.988463835325,79.92102980751449,c20/s3/push/sm/b1024/w4/fwd,complete_route_then_single_full_gemm,branch_masked_v1,1
oproj,representative_small,artificial,Mx4096x4096 OProj stress shape,1024,8,128,4096,4096,128,4096,4096,4096,4096,128,32,8,128,10,50,per-sample max-rank CUDA-event critical path,v10_backward_te_userbuffers_v3,complete_route_then_single_full_gemm,2.19.0.dev0+a7aec214,/tmp/TransformerEngine-v10-clean/transformer_engine/__init__.py,2.9.0+cu128,12.8,2.27.5,NVIDIA L20X|NVIDIA L20X|NVIDIA L20X|NVIDIA L20X|NVIDIA L20X|NVIDIA L20X|NVIDIA L20X|NVIDIA L20X,132|132|132|132|132|132|132|132,:4096:8,0.06150399894,0.06632160395,139.6646517306928,0.2401599958539009,0.2972287997603416,35.767549718087125,,,133.94983552874618,0.04836799949,177.59540776078518,3.9047866804268794,104.26638538180228,78.64204006829739,26.702197562916204,20.13990686418242,c20/s1/push/sm/b512/w4/fwd,complete_route_then_single_full_gemm,branch_masked_v1,0,0.06948800385,0.0707551986,123.61751836392695,0.22358399629592896,0.23688319493085144,38.41927299944413,0.1727680042386055,0.050016000866889954,133.94983552874618,0.04961599782,173.12832492380983,3.2175912950178804,92.28642788247257,71.40224941142846,28.681836635177653,22.19121164393617,c8/s1/push/sm/b512/w4/fwd,complete_route_then_single_full_gemm,branch_masked_v1,1,0.05580800027,0.05704160035,153.9194120993721,0.06939199939370155,0.0720656007528305,123.78854431422646,,,148.47093558953094,0.04836799949,177.59540776078518,1.2434059464231284,103.66972598926988,86.66857664849995,83.3756073690123,69.70255924689523,c4/s3/push/sm/b1024/w4/fwd,complete_route_then_single_full_gemm,branch_masked_v1,0,0.06209600344,0.06297919899,138.33313121833982,0.07132800109684467,0.07661120034754276,120.42864597224766,0.04435199871659279,0.02691200003027916,148.47093558953094,0.04961599782,173.12832492380983,1.148672976446303,93.1718593063773,79.90207915383999,81.11260664861022,69.56033683410604,c4/s3/push/sm/b512/w4/rev,complete_route_then_single_full_gemm,branch_masked_v1,1
oproj,representative_small,artificial,Mx4096x4096 OProj stress shape,4096,8,512,4096,4096,512,4096,4096,4096,4096,512,32,8,128,10,50,per-sample max-rank CUDA-event critical path,v10_backward_te_userbuffers_v3,complete_route_then_single_full_gemm,2.19.0.dev0+a7aec214,/tmp/TransformerEngine-v10-clean/transformer_engine/__init__.py,2.9.0+cu128,12.8,2.27.5,NVIDIA L20X|NVIDIA L20X|NVIDIA L20X|NVIDIA L20X|NVIDIA L20X|NVIDIA L20X|NVIDIA L20X|NVIDIA L20X,132|132|132|132|132|132|132|132,:4096:8,0.107408002,0.1095807999,319.89924147364735,0.23105599731206894,0.25908319354057313,148.70740758826977,,,281.3051703108177,0.08473599702,405.4916396379943,2.151199100715689,113.7196451526954,78.89169842299086,52.86337518217709,36.673359707497156,c20/s3/push/sm/b512/w4/fwd,complete_route_then_single_full_gemm,branch_masked_v1,0,0.1177439988,0.1212944016,291.81732163151236,0.23761600255966187,0.27424320280551906,144.60195440487126,0.1693279966711998,0.06761600077152252,281.3051703108177,0.08600000292,399.5318279228728,2.0180731500658178,103.73692076440673,73.03981841663085,51.4039447782274,36.19284980539418,c20/s3/push/sm/b512/w4/fwd,complete_route_then_single_full_gemm,branch_masked_v1,1,0.1009920016,0.1018095985,340.22237230319433,0.11407999694347382,0.116083200648427,301.18986052414704,,,287.7121705743349,0.08473599702,405.4916396379943,1.1295943751596444,118.2509490731789,83.9036712586554,104.6844351154516,74.27769923765544,c16/s3/push/sm/b512/w4/fwd,complete_route_then_single_full_gemm,branch_masked_v1,0,0.110047996,0.1109151989,312.2250255970132,0.12150399759411812,0.12342240065336227,282.78689630260624,0.07393599674105644,0.04718400165438652,287.7121705743349,0.08600000292,399.5318279228728,1.1041000473476874,108.51992287074454,78.1477228535811,98.28812446067306,70.7795666174552,c16/s3/push/sm/b512/w4/fwd,complete_route_then_single_full_gemm,branch_masked_v1,1
oproj,representative_small,artificial,Mx4096x4096 OProj stress shape,16384,8,2048,4096,4096,2048,4096,4096,4096,4096,2048,32,8,128,10,50,per-sample max-rank CUDA-event critical path,v10_backward_te_userbuffers_v3,complete_route_then_single_full_gemm,2.19.0.dev0+a7aec214,/tmp/TransformerEngine-v10-clean/transformer_engine/__init__.py,2.9.0+cu128,12.8,2.27.5,NVIDIA L20X|NVIDIA L20X|NVIDIA L20X|NVIDIA L20X|NVIDIA L20X|NVIDIA L20X|NVIDIA L20X|NVIDIA L20X,132|132|132|132|132|132|132|132,:4096:8,0.2956959903,0.2976880074,464.7981642651311,0.3657120019197464,0.37528479993343355,375.8119852521555,,,356.6359897594288,0.2380959988,577.2417603180654,1.2367837708881724,130.3284518701166,80.52053683867624,105.37690980253058,65.10478123500276,c20/s3/push/sm/b512/w4/fwd,complete_route_then_single_full_gemm,branch_masked_v1,0,0.3115360141,0.3201983869,441.1655386586652,0.40057600289583206,0.41974400356411934,343.10331242618236,0.24844800680875778,0.15164799988269806,356.6359897594288,0.2406720072,571.0633117285938,1.285809616756704,123.70191212509324,77.2533499522616,96.20546503386409,60.081484028034915,c20/s3/push/sm/b512/w4/fwd,complete_route_then_single_full_gemm,branch_masked_v1,1,0.291087985,0.2923696041,472.15605093422187,0.31990399956703186,0.36449280977249143,429.62561786665435,,,371.344222299143,0.2380959988,577.2417603180654,1.0989941737616957,127.14781127087743,81.7951997572143,115.6947091317774,74.4273279240793,c24/s3/push/sm/b1024/w4/fwd,complete_route_then_single_full_gemm,branch_masked_v1,0,0.3010240197,0.3019551933,456.5713845990477,0.3340639993548393,0.34014719650149344,411.41503944582115,0.20443200320005417,0.12985599786043167,371.344222299143,0.2406720072,571.0633117285938,1.1097586155675117,122.95098649232474,79.95109740407206,110.79074743605366,72.04368254729559,c24/s3/push/sm/b1024/w4/fwd,complete_route_then_single_full_gemm,branch_masked_v1,1
oproj,representative_small,artificial,Mx4096x4096 OProj stress shape,131072,8,16384,4096,4096,16384,4096,4096,4096,4096,16384,32,8,128,10,50,per-sample max-rank CUDA-event critical path,v10_backward_te_userbuffers_v3,complete_route_then_single_full_gemm,2.19.0.dev0+a7aec214,/tmp/TransformerEngine-v10-clean/transformer_engine/__init__.py,2.9.0+cu128,12.8,2.27.5,NVIDIA L20X|NVIDIA L20X|NVIDIA L20X|NVIDIA L20X|NVIDIA L20X|NVIDIA L20X|NVIDIA L20X|NVIDIA L20X,132|132|132|132|132|132|132|132,:4096:8,1.724560022,1.736251235,637.5606611249626,2.1628479957580566,2.1909631729125976,508.36287613944506,,,587.2832110757397,1.651328087,665.8347523014063,1.254144806888059,108.56102287636124,95.75358734600192,86.56179276915911,76.34970604678236,c20/s3/push/sm/b1024/w4/fwd,complete_route_then_single_full_gemm,branch_masked_v1,0,1.729151964,1.735473514,635.8675528046302,2.19158399105072,2.235408014059067,501.69723463295446,1.3549280166625977,0.8350079953670502,587.2832110757397,1.650543928,666.1510845750722,1.2674328437744644,108.27272784452624,95.45395444492004,85.42679667514835,75.31283011465479,c20/s3/push/sm/b1024/w4/fwd,complete_route_then_single_full_gemm,branch_masked_v1,1,1.709392071,1.726150393,643.2179290107401,2.125744104385376,2.144209611415863,517.2361177000209,,,591.9704141598634,1.651328087,665.8347523014063,1.243567312876214,108.6571074541974,96.60323778347514,87.37533250442813,77.68235525590012,c20/s3/push/sm/b1024/w4/fwd,complete_route_then_single_full_gemm,branch_masked_v1,0,1.704416037,1.720921636,645.0958005014359,2.141616016626358,2.1529903918504716,513.4027852051822,1.3280159831047058,0.8166399896144867,591.9704141598634,1.650543928,666.1510845750722,1.2565101302355077,108.97433132988058,96.83926295983332,86.72777776129472,77.07002166523141,c20/s3/push/sm/b1024/w4/fwd,complete_route_then_single_full_gemm,branch_masked_v1,1
oproj,representative_small,artificial,Mx4096x4096 OProj stress shape,262144,8,32768,4096,4096,32768,4096,4096,4096,4096,32768,32,8,128,10,50,per-sample max-rank CUDA-event critical path,v10_backward_te_userbuffers_v3,complete_route_then_single_full_gemm,2.19.0.dev0+a7aec214,/tmp/TransformerEngine-v10-clean/transformer_engine/__init__.py,2.9.0+cu128,12.8,2.27.5,NVIDIA L20X|NVIDIA L20X|NVIDIA L20X|NVIDIA L20X|NVIDIA L20X|NVIDIA L20X|NVIDIA L20X|NVIDIA L20X,132|132|132|132|132|132|132|132,:4096:8,3.369264126,3.39949131,652.6716734917088,4.174800157546997,4.2347904443740845,526.7373700694906,,,621.5357276523664,3.200880051,687.0058298076475,1.2390836697339402,105.00951827129029,95.00234862263807,84.7477219144033,76.67145564353798,c24/s3/push/sm/b1024/w4/fwd,complete_route_then_single_full_gemm,branch_masked_v1,0,3.383888006,3.412278414,649.8510741646572,4.247904002666473,4.343308883905411,517.6725401919723,2.6277759075164795,1.6181760430335999,621.5357276523664,3.198447943,687.5282307985339,1.2553323263460492,104.55570697749623,94.51991133656922,83.28926514768493,75.2947322018644,c24/s3/push/sm/b1024/w4/fwd,complete_route_then_single_full_gemm,branch_masked_v1,1,3.365871906,3.398681641,653.3294542885079,4.120383977890015,4.166915154457092,533.6937691613115,,,625.2113322886962,3.200880051,687.0058298076475,1.2241654147755956,104.49737881379731,95.09809465102086,85.36213942374197,77.68402333801718,c24/s3/push/sm/b1024/w4/fwd,complete_route_then_single_full_gemm,branch_masked_v1,0,3.363168001,3.371572733,653.8547152262822,4.1525280475616455,4.173768013715744,529.5625292268071,2.5574079751968384,1.5945600271224976,625.2113322886962,3.198447943,687.5282307985339,1.2347072897717088,104.58139215627008,95.10223521539743,84.70136446315684,77.02411413881048,c24/s3/push/sm/b1024/w4/fwd,complete_route_then_single_full_gemm,branch_masked_v1,1
oproj,representative_small,artificial,Mx4096x4096 OProj stress shape,524288,8,65536,4096,4096,65536,4096,4096,4096,4096,65536,32,8,128,10,50,per-sample max-rank CUDA-event critical path,v10_backward_te_userbuffers_v3,complete_route_then_single_full_gemm,2.19.0.dev0+a7aec214,/tmp/TransformerEngine-v10-clean/transformer_engine/__init__.py,2.9.0+cu128,12.8,2.27.5,NVIDIA L20X|NVIDIA L20X|NVIDIA L20X|NVIDIA L20X|NVIDIA L20X|NVIDIA L20X|NVIDIA L20X|NVIDIA L20X,132|132|132|132|132|132|132|132,:4096:8,6.678095818,6.739374161,658.5779286439102,8.353919982910156,8.409404706954955,526.4650032680711,,,628.5768441679242,6.334000111,694.3552942896372,1.2509434141979776,104.7728586813757,94.84739787541635,83.75507436405438,75.82069404492309,c24/s3/push/sm/b1024/w4/fwd,complete_route_then_single_full_gemm,branch_masked_v1,0,6.657232285,6.696590424,660.6418888242233,8.452783823013306,8.52096656560898,520.3074635754916,5.277695894241333,3.17249596118927,628.5768441679242,6.319616318,695.9356849840959,1.269714419017498,105.10121315377837,94.92858364337515,82.77547421656081,74.76372814355425,c24/s3/push/sm/b1024/w4/fwd,complete_route_then_single_full_gemm,branch_masked_v1,1,6.671376228,6.75342083,659.2412660891833,8.306879997253418,8.349096059799194,529.4462557010777,,,631.8160520904261,6.334000111,694.3552942896372,1.2451523813616074,104.34069598390516,94.94293073168292,83.79753156782773,76.25004951430947,c24/s3/push/sm/b1024/w4/fwd,complete_route_then_single_full_gemm,branch_masked_v1,0,6.695504189,6.71009922,656.8656201170812,8.36185598373413,8.39874073266983,525.9653502355558,5.20907187461853,3.144320011138916,631.8160520904261,6.319616318,695.9356849840959,1.2488762231635624,103.96469319571356,94.38596615894073,83.24659503273891,75.57671801921977,c24/s3/push/sm/b1024/w4/fwd,complete_route_then_single_full_gemm,branch_masked_v1,1
