operator,model,suite,aliases,global_seq,cp,launch,weight_mode,data_gemm_mode,te_userbuffers_schema,numerical_contract,ub_object_lifecycle,cublaslt_plan_lifecycle,qkv_pack_kernel,ub_unpack_kernel,weight_accumulation_beta,b_m,b_n,b_k,w_m,w_n,w_k,q_heads,kv_heads,head_dim,result_source,timing,timed_boundary,rank_reduction,torch_version,transformer_engine_version,transformer_engine_path,torch_cuda_version,nccl_version,device_names,device_sm_counts,cublas_workspace_config,comm_sm,streams,push,use_ce,pack_block,pack_warps,reverse,local_first,math_sm,p50_ms,p95_ms,p50_tflops_per_gpu,data_p50_ms,data_p95_ms,weight_p50_ms,weight_p95_ms,cublaslt_algo_id,cublaslt_tile_id,cublaslt_stages_id,cublaslt_workspace_bytes,cublaslt_tune_ms,cublaslt_waves,cublaslt_plan_cache_hit,correctness_scope,route_mismatches,route_max_abs,dgrad_max_abs,wgrad_max_abs,main_grad_beta1_once_max_abs,main_grad_beta1_twice_max_abs,deterministic_route_mismatches,deterministic_dgrad_mismatches,deterministic_wgrad_mismatches
oproj,representative_small,artificial,Mx4096x4096 OProj stress shape,1024,4,eager,immediate,single,v10_backward_te_userbuffers_v3,complete_route_then_single_full_gemm,recreate_per_entry,reuse_adjacent_same_shape_v1,not_applicable,branch_masked_v1,0,256,4096,4096,4096,4096,256,32,8,128,adapted_te_userbuffers_backward_formal_10w50i,per_sample_local_cuda_event_then_dist_max,full DGrad GEMM -> pack dA -> Userbuffers A2A -> unpack final head shard -> adjacent beta=0 WGrad GEMM,MAX,2.9.0+cu128,2.19.0.dev0+a7aec214,/tmp/TransformerEngine-v10-clean/transformer_engine/__init__.py,12.8,2.27.5,NVIDIA L20X|NVIDIA L20X|NVIDIA L20X|NVIDIA L20X,132|132|132|132,:4096:8,8,1,True,False,512,4,True,True,0,0.18059200048446655,0.2022175960242748,95.13084266142624,,,,,66,135,35,0,0.01640320010483265,0.7878788113594055,True,exact,,0.0,,0.0,0.0009765625,0.0029296875,0,,0
oproj,representative_small,artificial,Mx4096x4096 OProj stress shape,1024,4,eager,deferred,single,v10_backward_te_userbuffers_v3,complete_route_then_single_full_gemm,recreate_per_entry,reuse_adjacent_same_shape_v1,not_applicable,branch_masked_v1,1,256,4096,4096,4096,4096,256,32,8,128,adapted_te_userbuffers_backward_formal_10w50i,per_sample_local_cuda_event_then_dist_max,separately timed full DGrad GEMM -> pack dA -> Userbuffers A2A -> unpack final head shard and beta=1 WGrad GEMM,MAX,2.9.0+cu128,2.19.0.dev0+a7aec214,/tmp/TransformerEngine-v10-clean/transformer_engine/__init__.py,12.8,2.27.5,NVIDIA L20X|NVIDIA L20X|NVIDIA L20X|NVIDIA L20X,132|132|132|132,:4096:8,8,1,True,False,512,4,False,True,0,0.18543999642133713,0.19361439831554889,92.64381749105365,0.13368000090122223,0.14104959964752195,0.05092800036072731,0.05349280126392841,66,135,35,0,0.01640320010483265,0.7878788113594055,False,exact,,0.0,,0.0,0.0009765625,0.0029296875,0,,0
oproj,representative_small,artificial,Mx4096x4096 OProj stress shape,1024,4,graph,immediate,single,v10_backward_te_userbuffers_v3,complete_route_then_single_full_gemm,recreate_per_entry,reuse_adjacent_same_shape_v1,not_applicable,branch_masked_v1,0,256,4096,4096,4096,4096,256,32,8,128,adapted_te_userbuffers_backward_formal_10w50i,per_sample_local_cuda_event_then_dist_max,full DGrad GEMM -> pack dA -> Userbuffers A2A -> unpack final head shard -> adjacent beta=0 WGrad GEMM,MAX,2.9.0+cu128,2.19.0.dev0+a7aec214,/tmp/TransformerEngine-v10-clean/transformer_engine/__init__.py,12.8,2.27.5,NVIDIA L20X|NVIDIA L20X|NVIDIA L20X|NVIDIA L20X,132|132|132|132,:4096:8,12,3,True,False,1024,4,False,True,0,0.06734399870038033,0.06931520216166973,255.10616410579993,,,,,66,135,35,0,0.016360532492399216,0.7878788113594055,True,exact,,0.0,,0.0,0.0009765625,0.0029296875,0,,0
oproj,representative_small,artificial,Mx4096x4096 OProj stress shape,1024,4,graph,deferred,single,v10_backward_te_userbuffers_v3,complete_route_then_single_full_gemm,recreate_per_entry,reuse_adjacent_same_shape_v1,not_applicable,branch_masked_v1,1,256,4096,4096,4096,4096,256,32,8,128,adapted_te_userbuffers_backward_formal_10w50i,per_sample_local_cuda_event_then_dist_max,separately timed full DGrad GEMM -> pack dA -> Userbuffers A2A -> unpack final head shard and beta=1 WGrad GEMM,MAX,2.9.0+cu128,2.19.0.dev0+a7aec214,/tmp/TransformerEngine-v10-clean/transformer_engine/__init__.py,12.8,2.27.5,NVIDIA L20X|NVIDIA L20X|NVIDIA L20X|NVIDIA L20X,132|132|132|132,:4096:8,12,3,True,False,1024,4,False,True,0,0.06654400005936623,0.07019200157374145,258.17307598992005,0.03921600058674812,0.04224640130996704,0.027424000203609467,0.028155199158936738,66,135,35,0,0.016360532492399216,0.7878788113594055,False,exact,,0.0,,0.0,0.0009765625,0.0029296875,0,,0
oproj,representative_small,artificial,Mx4096x4096 OProj stress shape,1024,8,eager,immediate,single,v10_backward_te_userbuffers_v3,complete_route_then_single_full_gemm,recreate_per_entry,reuse_adjacent_same_shape_v1,not_applicable,branch_masked_v1,0,128,4096,4096,4096,4096,128,32,8,128,adapted_te_userbuffers_backward_formal_10w50i,per_sample_local_cuda_event_then_dist_max,full DGrad GEMM -> pack dA -> Userbuffers A2A -> unpack final head shard -> adjacent beta=0 WGrad GEMM,MAX,2.9.0+cu128,2.19.0.dev0+a7aec214,/tmp/TransformerEngine-v10-clean/transformer_engine/__init__.py,12.8,2.27.5,NVIDIA L20X|NVIDIA L20X|NVIDIA L20X|NVIDIA L20X|NVIDIA L20X|NVIDIA L20X|NVIDIA L20X|NVIDIA L20X,132|132|132|132|132|132|132|132,:4096:8,20,1,True,False,512,4,False,True,0,0.2401599958539009,0.2972287997603416,35.767549718087125,,,,,66,27,35,0,0.012274133041501045,0.6515151262283325,True,exact,,0.0,,0.0,0.0009765625,0.001953125,0,,0
oproj,representative_small,artificial,Mx4096x4096 OProj stress shape,1024,8,eager,deferred,single,v10_backward_te_userbuffers_v3,complete_route_then_single_full_gemm,recreate_per_entry,reuse_adjacent_same_shape_v1,not_applicable,branch_masked_v1,1,128,4096,4096,4096,4096,128,32,8,128,adapted_te_userbuffers_backward_formal_10w50i,per_sample_local_cuda_event_then_dist_max,separately timed full DGrad GEMM -> pack dA -> Userbuffers A2A -> unpack final head shard and beta=1 WGrad GEMM,MAX,2.9.0+cu128,2.19.0.dev0+a7aec214,/tmp/TransformerEngine-v10-clean/transformer_engine/__init__.py,12.8,2.27.5,NVIDIA L20X|NVIDIA L20X|NVIDIA L20X|NVIDIA L20X|NVIDIA L20X|NVIDIA L20X|NVIDIA L20X|NVIDIA L20X,132|132|132|132|132|132|132|132,:4096:8,8,1,True,False,512,4,False,True,0,0.22358399629592896,0.23688319493085144,38.41927299944413,0.1727680042386055,0.18365119770169258,0.050016000866889954,0.05632320046424866,66,27,35,0,0.012478933669626713,0.6515151262283325,False,exact,,0.0,,0.0,0.0009765625,0.001953125,0,,0
oproj,representative_small,artificial,Mx4096x4096 OProj stress shape,1024,8,graph,immediate,single,v10_backward_te_userbuffers_v3,complete_route_then_single_full_gemm,recreate_per_entry,reuse_adjacent_same_shape_v1,not_applicable,branch_masked_v1,0,128,4096,4096,4096,4096,128,32,8,128,adapted_te_userbuffers_backward_formal_10w50i,per_sample_local_cuda_event_then_dist_max,full DGrad GEMM -> pack dA -> Userbuffers A2A -> unpack final head shard -> adjacent beta=0 WGrad GEMM,MAX,2.9.0+cu128,2.19.0.dev0+a7aec214,/tmp/TransformerEngine-v10-clean/transformer_engine/__init__.py,12.8,2.27.5,NVIDIA L20X|NVIDIA L20X|NVIDIA L20X|NVIDIA L20X|NVIDIA L20X|NVIDIA L20X|NVIDIA L20X|NVIDIA L20X,132|132|132|132|132|132|132|132,:4096:8,4,3,True,False,1024,4,False,True,0,0.06939199939370155,0.0720656007528305,123.78854431422646,,,,,66,27,35,0,0.012517333030700684,0.6515151262283325,True,exact,,0.0,,0.0,0.0009765625,0.001953125,0,,0
oproj,representative_small,artificial,Mx4096x4096 OProj stress shape,1024,8,graph,deferred,single,v10_backward_te_userbuffers_v3,complete_route_then_single_full_gemm,recreate_per_entry,reuse_adjacent_same_shape_v1,not_applicable,branch_masked_v1,1,128,4096,4096,4096,4096,128,32,8,128,adapted_te_userbuffers_backward_formal_10w50i,per_sample_local_cuda_event_then_dist_max,separately timed full DGrad GEMM -> pack dA -> Userbuffers A2A -> unpack final head shard and beta=1 WGrad GEMM,MAX,2.9.0+cu128,2.19.0.dev0+a7aec214,/tmp/TransformerEngine-v10-clean/transformer_engine/__init__.py,12.8,2.27.5,NVIDIA L20X|NVIDIA L20X|NVIDIA L20X|NVIDIA L20X|NVIDIA L20X|NVIDIA L20X|NVIDIA L20X|NVIDIA L20X,132|132|132|132|132|132|132|132,:4096:8,4,3,True,False,512,4,True,True,0,0.07132800109684467,0.07661120034754276,120.42864597224766,0.04435199871659279,0.04910080097615718,0.02691200003027916,0.028268799837678667,66,27,35,0,0.012517333030700684,0.6515151262283325,True,exact,,0.0,,0.0,0.0009765625,0.001953125,0,,0
oproj,representative_small,artificial,Mx4096x4096 OProj stress shape,4096,4,eager,immediate,single,v10_backward_te_userbuffers_v3,complete_route_then_single_full_gemm,recreate_per_entry,reuse_adjacent_same_shape_v1,not_applicable,branch_masked_v1,0,1024,4096,4096,4096,4096,1024,32,8,128,adapted_te_userbuffers_backward_formal_10w50i,per_sample_local_cuda_event_then_dist_max,full DGrad GEMM -> pack dA -> Userbuffers A2A -> unpack final head shard -> adjacent beta=0 WGrad GEMM,MAX,2.9.0+cu128,2.19.0.dev0+a7aec214,/tmp/TransformerEngine-v10-clean/transformer_engine/__init__.py,12.8,2.27.5,NVIDIA L20X|NVIDIA L20X|NVIDIA L20X|NVIDIA L20X,132|132|132|132,:4096:8,24,2,True,False,512,4,False,True,0,0.21988800168037415,0.2505791954696178,312.52035677639924,,,,,66,23,35,0,0.04456746578216553,0.9696969985961914,True,same_geometry_s1k,,,,,,,,,
oproj,representative_small,artificial,Mx4096x4096 OProj stress shape,4096,4,eager,deferred,single,v10_backward_te_userbuffers_v3,complete_route_then_single_full_gemm,recreate_per_entry,reuse_adjacent_same_shape_v1,not_applicable,branch_masked_v1,1,1024,4096,4096,4096,4096,1024,32,8,128,adapted_te_userbuffers_backward_formal_10w50i,per_sample_local_cuda_event_then_dist_max,separately timed full DGrad GEMM -> pack dA -> Userbuffers A2A -> unpack final head shard and beta=1 WGrad GEMM,MAX,2.9.0+cu128,2.19.0.dev0+a7aec214,/tmp/TransformerEngine-v10-clean/transformer_engine/__init__.py,12.8,2.27.5,NVIDIA L20X|NVIDIA L20X|NVIDIA L20X|NVIDIA L20X,132|132|132|132,:4096:8,24,2,True,False,512,4,False,True,0,0.221343994140625,0.27072799541056153,310.4646096353575,0.13592000305652618,0.1872175969183445,0.08430400118231773,0.09025120176374912,66,23,35,0,0.04456746578216553,0.9696969985961914,False,same_geometry_s1k,,,,,,,,,
oproj,representative_small,artificial,Mx4096x4096 OProj stress shape,4096,4,graph,immediate,single,v10_backward_te_userbuffers_v3,complete_route_then_single_full_gemm,recreate_per_entry,reuse_adjacent_same_shape_v1,not_applicable,branch_masked_v1,0,1024,4096,4096,4096,4096,1024,32,8,128,adapted_te_userbuffers_backward_formal_10w50i,per_sample_local_cuda_event_then_dist_max,full DGrad GEMM -> pack dA -> Userbuffers A2A -> unpack final head shard -> adjacent beta=0 WGrad GEMM,MAX,2.9.0+cu128,2.19.0.dev0+a7aec214,/tmp/TransformerEngine-v10-clean/transformer_engine/__init__.py,12.8,2.27.5,NVIDIA L20X|NVIDIA L20X|NVIDIA L20X|NVIDIA L20X,132|132|132|132,:4096:8,12,3,True,False,1024,4,False,True,0,0.13913600146770477,0.14702080041170118,493.90147777065926,,,,,66,23,35,0,0.04485973343253136,0.9696969985961914,True,same_geometry_s1k,,,,,,,,,
oproj,representative_small,artificial,Mx4096x4096 OProj stress shape,4096,4,graph,deferred,single,v10_backward_te_userbuffers_v3,complete_route_then_single_full_gemm,recreate_per_entry,reuse_adjacent_same_shape_v1,not_applicable,branch_masked_v1,1,1024,4096,4096,4096,4096,1024,32,8,128,adapted_te_userbuffers_backward_formal_10w50i,per_sample_local_cuda_event_then_dist_max,separately timed full DGrad GEMM -> pack dA -> Userbuffers A2A -> unpack final head shard and beta=1 WGrad GEMM,MAX,2.9.0+cu128,2.19.0.dev0+a7aec214,/tmp/TransformerEngine-v10-clean/transformer_engine/__init__.py,12.8,2.27.5,NVIDIA L20X|NVIDIA L20X|NVIDIA L20X|NVIDIA L20X,132|132|132|132,:4096:8,24,3,True,False,1024,4,False,True,0,0.1493919976055622,0.152137597464025,459.99436273313086,0.08737600222229958,0.0888367984443903,0.062111999839544296,0.06310879960656166,66,23,35,0,0.044701866805553436,0.9696969985961914,True,same_geometry_s1k,,,,,,,,,
oproj,representative_small,artificial,Mx4096x4096 OProj stress shape,4096,8,eager,immediate,single,v10_backward_te_userbuffers_v3,complete_route_then_single_full_gemm,recreate_per_entry,reuse_adjacent_same_shape_v1,not_applicable,branch_masked_v1,0,512,4096,4096,4096,4096,512,32,8,128,adapted_te_userbuffers_backward_formal_10w50i,per_sample_local_cuda_event_then_dist_max,full DGrad GEMM -> pack dA -> Userbuffers A2A -> unpack final head shard -> adjacent beta=0 WGrad GEMM,MAX,2.9.0+cu128,2.19.0.dev0+a7aec214,/tmp/TransformerEngine-v10-clean/transformer_engine/__init__.py,12.8,2.27.5,NVIDIA L20X|NVIDIA L20X|NVIDIA L20X|NVIDIA L20X|NVIDIA L20X|NVIDIA L20X|NVIDIA L20X|NVIDIA L20X,132|132|132|132|132|132|132|132,:4096:8,20,3,True,False,512,4,False,True,0,0.23105599731206894,0.25908319354057313,148.70740758826977,,,,,66,20,35,0,0.024439465254545212,0.9696969985961914,True,same_geometry_s1k,,,,,,,,,
oproj,representative_small,artificial,Mx4096x4096 OProj stress shape,4096,8,eager,deferred,single,v10_backward_te_userbuffers_v3,complete_route_then_single_full_gemm,recreate_per_entry,reuse_adjacent_same_shape_v1,not_applicable,branch_masked_v1,1,512,4096,4096,4096,4096,512,32,8,128,adapted_te_userbuffers_backward_formal_10w50i,per_sample_local_cuda_event_then_dist_max,separately timed full DGrad GEMM -> pack dA -> Userbuffers A2A -> unpack final head shard and beta=1 WGrad GEMM,MAX,2.9.0+cu128,2.19.0.dev0+a7aec214,/tmp/TransformerEngine-v10-clean/transformer_engine/__init__.py,12.8,2.27.5,NVIDIA L20X|NVIDIA L20X|NVIDIA L20X|NVIDIA L20X|NVIDIA L20X|NVIDIA L20X|NVIDIA L20X|NVIDIA L20X,132|132|132|132|132|132|132|132,:4096:8,20,3,True,False,512,4,False,True,0,0.23761600255966187,0.27424320280551906,144.60195440487126,0.1693279966711998,0.20503040328621858,0.06761600077152252,0.0730960004031658,66,20,35,0,0.024439465254545212,0.9696969985961914,False,same_geometry_s1k,,,,,,,,,
oproj,representative_small,artificial,Mx4096x4096 OProj stress shape,4096,8,graph,immediate,single,v10_backward_te_userbuffers_v3,complete_route_then_single_full_gemm,recreate_per_entry,reuse_adjacent_same_shape_v1,not_applicable,branch_masked_v1,0,512,4096,4096,4096,4096,512,32,8,128,adapted_te_userbuffers_backward_formal_10w50i,per_sample_local_cuda_event_then_dist_max,full DGrad GEMM -> pack dA -> Userbuffers A2A -> unpack final head shard -> adjacent beta=0 WGrad GEMM,MAX,2.9.0+cu128,2.19.0.dev0+a7aec214,/tmp/TransformerEngine-v10-clean/transformer_engine/__init__.py,12.8,2.27.5,NVIDIA L20X|NVIDIA L20X|NVIDIA L20X|NVIDIA L20X|NVIDIA L20X|NVIDIA L20X|NVIDIA L20X|NVIDIA L20X,132|132|132|132|132|132|132|132,:4096:8,16,3,True,False,512,4,False,True,0,0.11407999694347382,0.116083200648427,301.18986052414704,,,,,66,20,35,0,0.02442026697099209,0.9696969985961914,True,same_geometry_s1k,,,,,,,,,
oproj,representative_small,artificial,Mx4096x4096 OProj stress shape,4096,8,graph,deferred,single,v10_backward_te_userbuffers_v3,complete_route_then_single_full_gemm,recreate_per_entry,reuse_adjacent_same_shape_v1,not_applicable,branch_masked_v1,1,512,4096,4096,4096,4096,512,32,8,128,adapted_te_userbuffers_backward_formal_10w50i,per_sample_local_cuda_event_then_dist_max,separately timed full DGrad GEMM -> pack dA -> Userbuffers A2A -> unpack final head shard and beta=1 WGrad GEMM,MAX,2.9.0+cu128,2.19.0.dev0+a7aec214,/tmp/TransformerEngine-v10-clean/transformer_engine/__init__.py,12.8,2.27.5,NVIDIA L20X|NVIDIA L20X|NVIDIA L20X|NVIDIA L20X|NVIDIA L20X|NVIDIA L20X|NVIDIA L20X|NVIDIA L20X,132|132|132|132|132|132|132|132,:4096:8,16,3,True,False,512,4,False,True,0,0.12150399759411812,0.12342240065336227,282.78689630260624,0.07393599674105644,0.07568320259451866,0.04718400165438652,0.04787680115550756,66,20,35,0,0.02442026697099209,0.9696969985961914,True,same_geometry_s1k,,,,,,,,,
oproj,representative_small,artificial,Mx4096x4096 OProj stress shape,16384,4,eager,immediate,single,v10_backward_te_userbuffers_v3,complete_route_then_single_full_gemm,recreate_per_entry,reuse_adjacent_same_shape_v1,not_applicable,branch_masked_v1,0,4096,4096,4096,4096,4096,4096,32,8,128,adapted_te_userbuffers_backward_formal_10w50i,per_sample_local_cuda_event_then_dist_max,full DGrad GEMM -> pack dA -> Userbuffers A2A -> unpack final head shard -> adjacent beta=0 WGrad GEMM,MAX,2.9.0+cu128,2.19.0.dev0+a7aec214,/tmp/TransformerEngine-v10-clean/transformer_engine/__init__.py,12.8,2.27.5,NVIDIA L20X|NVIDIA L20X|NVIDIA L20X|NVIDIA L20X,132|132|132|132,:4096:8,8,3,True,False,1024,4,False,True,0,0.5212959945201874,0.5271984100341797,527.2971782509164,,,,,66,24,35,4,0.17157652974128723,3.8787879943847656,True,same_geometry_s1k,,,,,,,,,
oproj,representative_small,artificial,Mx4096x4096 OProj stress shape,16384,4,eager,deferred,single,v10_backward_te_userbuffers_v3,complete_route_then_single_full_gemm,recreate_per_entry,reuse_adjacent_same_shape_v1,not_applicable,branch_masked_v1,1,4096,4096,4096,4096,4096,4096,32,8,128,adapted_te_userbuffers_backward_formal_10w50i,per_sample_local_cuda_event_then_dist_max,separately timed full DGrad GEMM -> pack dA -> Userbuffers A2A -> unpack final head shard and beta=1 WGrad GEMM,MAX,2.9.0+cu128,2.19.0.dev0+a7aec214,/tmp/TransformerEngine-v10-clean/transformer_engine/__init__.py,12.8,2.27.5,NVIDIA L20X|NVIDIA L20X|NVIDIA L20X|NVIDIA L20X,132|132|132|132,:4096:8,8,3,True,False,1024,4,True,True,0,0.5585919916629791,0.5787215985357761,492.09066912266945,0.3458719998598099,0.3546847954392433,0.21105600148439407,0.22938559502363204,66,24,35,4,0.17157652974128723,3.8787879943847656,True,same_geometry_s1k,,,,,,,,,
oproj,representative_small,artificial,Mx4096x4096 OProj stress shape,16384,4,graph,immediate,single,v10_backward_te_userbuffers_v3,complete_route_then_single_full_gemm,recreate_per_entry,reuse_adjacent_same_shape_v1,not_applicable,branch_masked_v1,0,4096,4096,4096,4096,4096,4096,32,8,128,adapted_te_userbuffers_backward_formal_10w50i,per_sample_local_cuda_event_then_dist_max,full DGrad GEMM -> pack dA -> Userbuffers A2A -> unpack final head shard -> adjacent beta=0 WGrad GEMM,MAX,2.9.0+cu128,2.19.0.dev0+a7aec214,/tmp/TransformerEngine-v10-clean/transformer_engine/__init__.py,12.8,2.27.5,NVIDIA L20X|NVIDIA L20X|NVIDIA L20X|NVIDIA L20X,132|132|132|132,:4096:8,20,3,True,False,1024,4,False,True,0,0.47724801301956177,0.47963681221008303,575.9644869023963,,,,,66,24,35,4,0.1720447987318039,3.8787879943847656,True,same_geometry_s1k,,,,,,,,,
oproj,representative_small,artificial,Mx4096x4096 OProj stress shape,16384,4,graph,deferred,single,v10_backward_te_userbuffers_v3,complete_route_then_single_full_gemm,recreate_per_entry,reuse_adjacent_same_shape_v1,not_applicable,branch_masked_v1,1,4096,4096,4096,4096,4096,4096,32,8,128,adapted_te_userbuffers_backward_formal_10w50i,per_sample_local_cuda_event_then_dist_max,separately timed full DGrad GEMM -> pack dA -> Userbuffers A2A -> unpack final head shard and beta=1 WGrad GEMM,MAX,2.9.0+cu128,2.19.0.dev0+a7aec214,/tmp/TransformerEngine-v10-clean/transformer_engine/__init__.py,12.8,2.27.5,NVIDIA L20X|NVIDIA L20X|NVIDIA L20X|NVIDIA L20X,132|132|132|132,:4096:8,20,3,True,False,512,4,False,True,0,0.4976159930229187,0.5010256037116051,552.3896152817981,0.309904009103775,0.31250720620155337,0.18774399906396866,0.18859360218048093,66,24,35,4,0.1720447987318039,3.8787879943847656,True,same_geometry_s1k,,,,,,,,,
oproj,representative_small,artificial,Mx4096x4096 OProj stress shape,16384,8,eager,immediate,single,v10_backward_te_userbuffers_v3,complete_route_then_single_full_gemm,recreate_per_entry,reuse_adjacent_same_shape_v1,not_applicable,branch_masked_v1,0,2048,4096,4096,4096,4096,2048,32,8,128,adapted_te_userbuffers_backward_formal_10w50i,per_sample_local_cuda_event_then_dist_max,full DGrad GEMM -> pack dA -> Userbuffers A2A -> unpack final head shard -> adjacent beta=0 WGrad GEMM,MAX,2.9.0+cu128,2.19.0.dev0+a7aec214,/tmp/TransformerEngine-v10-clean/transformer_engine/__init__.py,12.8,2.27.5,NVIDIA L20X|NVIDIA L20X|NVIDIA L20X|NVIDIA L20X|NVIDIA L20X|NVIDIA L20X|NVIDIA L20X|NVIDIA L20X,132|132|132|132|132|132|132|132,:4096:8,20,3,True,False,512,4,False,True,0,0.3657120019197464,0.37528479993343355,375.8119852521555,,,,,66,23,35,0,0.08732692897319794,1.9393939971923828,True,same_geometry_s1k,,,,,,,,,
oproj,representative_small,artificial,Mx4096x4096 OProj stress shape,16384,8,eager,deferred,single,v10_backward_te_userbuffers_v3,complete_route_then_single_full_gemm,recreate_per_entry,reuse_adjacent_same_shape_v1,not_applicable,branch_masked_v1,1,2048,4096,4096,4096,4096,2048,32,8,128,adapted_te_userbuffers_backward_formal_10w50i,per_sample_local_cuda_event_then_dist_max,separately timed full DGrad GEMM -> pack dA -> Userbuffers A2A -> unpack final head shard and beta=1 WGrad GEMM,MAX,2.9.0+cu128,2.19.0.dev0+a7aec214,/tmp/TransformerEngine-v10-clean/transformer_engine/__init__.py,12.8,2.27.5,NVIDIA L20X|NVIDIA L20X|NVIDIA L20X|NVIDIA L20X|NVIDIA L20X|NVIDIA L20X|NVIDIA L20X|NVIDIA L20X,132|132|132|132|132|132|132|132,:4096:8,20,3,True,False,512,4,False,True,0,0.40057600289583206,0.41974400356411934,343.10331242618236,0.24844800680875778,0.25825759321451186,0.15164799988269806,0.1584831990301609,66,23,35,0,0.08732692897319794,1.9393939971923828,False,same_geometry_s1k,,,,,,,,,
oproj,representative_small,artificial,Mx4096x4096 OProj stress shape,16384,8,graph,immediate,single,v10_backward_te_userbuffers_v3,complete_route_then_single_full_gemm,recreate_per_entry,reuse_adjacent_same_shape_v1,not_applicable,branch_masked_v1,0,2048,4096,4096,4096,4096,2048,32,8,128,adapted_te_userbuffers_backward_formal_10w50i,per_sample_local_cuda_event_then_dist_max,full DGrad GEMM -> pack dA -> Userbuffers A2A -> unpack final head shard -> adjacent beta=0 WGrad GEMM,MAX,2.9.0+cu128,2.19.0.dev0+a7aec214,/tmp/TransformerEngine-v10-clean/transformer_engine/__init__.py,12.8,2.27.5,NVIDIA L20X|NVIDIA L20X|NVIDIA L20X|NVIDIA L20X|NVIDIA L20X|NVIDIA L20X|NVIDIA L20X|NVIDIA L20X,132|132|132|132|132|132|132|132,:4096:8,24,3,True,False,1024,4,False,True,0,0.31990399956703186,0.36449280977249143,429.62561786665435,,,,,66,23,35,0,0.0870613306760788,1.9393939971923828,True,same_geometry_s1k,,,,,,,,,
oproj,representative_small,artificial,Mx4096x4096 OProj stress shape,16384,8,graph,deferred,single,v10_backward_te_userbuffers_v3,complete_route_then_single_full_gemm,recreate_per_entry,reuse_adjacent_same_shape_v1,not_applicable,branch_masked_v1,1,2048,4096,4096,4096,4096,2048,32,8,128,adapted_te_userbuffers_backward_formal_10w50i,per_sample_local_cuda_event_then_dist_max,separately timed full DGrad GEMM -> pack dA -> Userbuffers A2A -> unpack final head shard and beta=1 WGrad GEMM,MAX,2.9.0+cu128,2.19.0.dev0+a7aec214,/tmp/TransformerEngine-v10-clean/transformer_engine/__init__.py,12.8,2.27.5,NVIDIA L20X|NVIDIA L20X|NVIDIA L20X|NVIDIA L20X|NVIDIA L20X|NVIDIA L20X|NVIDIA L20X|NVIDIA L20X,132|132|132|132|132|132|132|132,:4096:8,24,3,True,False,1024,4,False,True,0,0.3340639993548393,0.34014719650149344,411.41503944582115,0.20443200320005417,0.21042879968881606,0.12985599786043167,0.13117120042443275,66,23,35,0,0.0870613306760788,1.9393939971923828,True,same_geometry_s1k,,,,,,,,,
oproj,representative_small,artificial,Mx4096x4096 OProj stress shape,131072,4,eager,immediate,single,v10_backward_te_userbuffers_v3,complete_route_then_single_full_gemm,recreate_per_entry,reuse_adjacent_same_shape_v1,not_applicable,branch_masked_v1,0,32768,4096,4096,4096,4096,32768,32,8,128,adapted_te_userbuffers_backward_formal_10w50i,per_sample_local_cuda_event_then_dist_max,full DGrad GEMM -> pack dA -> Userbuffers A2A -> unpack final head shard -> adjacent beta=0 WGrad GEMM,MAX,2.9.0+cu128,2.19.0.dev0+a7aec214,/tmp/TransformerEngine-v10-clean/transformer_engine/__init__.py,12.8,2.27.5,NVIDIA L20X|NVIDIA L20X|NVIDIA L20X|NVIDIA L20X,132|132|132|132,:4096:8,24,2,False,True,1024,4,True,True,0,3.7781760692596436,3.8217599511146547,582.0330273763319,,,,,66,209,35,4,1.3833611011505127,28.5,True,same_geometry_s1k,,,,,,,,,
oproj,representative_small,artificial,Mx4096x4096 OProj stress shape,131072,4,eager,deferred,single,v10_backward_te_userbuffers_v3,complete_route_then_single_full_gemm,recreate_per_entry,reuse_adjacent_same_shape_v1,not_applicable,branch_masked_v1,1,32768,4096,4096,4096,4096,32768,32,8,128,adapted_te_userbuffers_backward_formal_10w50i,per_sample_local_cuda_event_then_dist_max,separately timed full DGrad GEMM -> pack dA -> Userbuffers A2A -> unpack final head shard and beta=1 WGrad GEMM,MAX,2.9.0+cu128,2.19.0.dev0+a7aec214,/tmp/TransformerEngine-v10-clean/transformer_engine/__init__.py,12.8,2.27.5,NVIDIA L20X|NVIDIA L20X|NVIDIA L20X|NVIDIA L20X,132|132|132|132,:4096:8,24,2,False,True,1024,4,True,True,0,3.8435200452804565,4.1299471080303185,572.1378397004146,2.33406400680542,2.679846346378326,1.4490559697151184,1.5648288190364839,66,209,35,4,1.3833611011505127,28.5,False,same_geometry_s1k,,,,,,,,,
oproj,representative_small,artificial,Mx4096x4096 OProj stress shape,131072,4,graph,immediate,single,v10_backward_te_userbuffers_v3,complete_route_then_single_full_gemm,recreate_per_entry,reuse_adjacent_same_shape_v1,not_applicable,branch_masked_v1,0,32768,4096,4096,4096,4096,32768,32,8,128,adapted_te_userbuffers_backward_formal_10w50i,per_sample_local_cuda_event_then_dist_max,full DGrad GEMM -> pack dA -> Userbuffers A2A -> unpack final head shard -> adjacent beta=0 WGrad GEMM,MAX,2.9.0+cu128,2.19.0.dev0+a7aec214,/tmp/TransformerEngine-v10-clean/transformer_engine/__init__.py,12.8,2.27.5,NVIDIA L20X|NVIDIA L20X|NVIDIA L20X|NVIDIA L20X,132|132|132|132,:4096:8,24,3,True,False,1024,4,False,True,0,3.7756160497665405,3.8435823202133177,582.4276691714914,,,,,66,209,35,4,1.3791552782058716,28.5,True,same_geometry_s1k,,,,,,,,,
oproj,representative_small,artificial,Mx4096x4096 OProj stress shape,131072,4,graph,deferred,single,v10_backward_te_userbuffers_v3,complete_route_then_single_full_gemm,recreate_per_entry,reuse_adjacent_same_shape_v1,not_applicable,branch_masked_v1,1,32768,4096,4096,4096,4096,32768,32,8,128,adapted_te_userbuffers_backward_formal_10w50i,per_sample_local_cuda_event_then_dist_max,separately timed full DGrad GEMM -> pack dA -> Userbuffers A2A -> unpack final head shard and beta=1 WGrad GEMM,MAX,2.9.0+cu128,2.19.0.dev0+a7aec214,/tmp/TransformerEngine-v10-clean/transformer_engine/__init__.py,12.8,2.27.5,NVIDIA L20X|NVIDIA L20X|NVIDIA L20X|NVIDIA L20X,132|132|132|132,:4096:8,20,3,True,False,1024,4,True,True,0,3.825727939605713,3.865955114364624,574.7986501566642,2.279792070388794,2.2871360778808594,1.5422719717025757,1.58648322224617,66,209,35,4,1.4418132305145264,28.5,True,same_geometry_s1k,,,,,,,,,
oproj,representative_small,artificial,Mx4096x4096 OProj stress shape,131072,8,eager,immediate,single,v10_backward_te_userbuffers_v3,complete_route_then_single_full_gemm,recreate_per_entry,reuse_adjacent_same_shape_v1,not_applicable,branch_masked_v1,0,16384,4096,4096,4096,4096,16384,32,8,128,adapted_te_userbuffers_backward_formal_10w50i,per_sample_local_cuda_event_then_dist_max,full DGrad GEMM -> pack dA -> Userbuffers A2A -> unpack final head shard -> adjacent beta=0 WGrad GEMM,MAX,2.9.0+cu128,2.19.0.dev0+a7aec214,/tmp/TransformerEngine-v10-clean/transformer_engine/__init__.py,12.8,2.27.5,NVIDIA L20X|NVIDIA L20X|NVIDIA L20X|NVIDIA L20X|NVIDIA L20X|NVIDIA L20X|NVIDIA L20X|NVIDIA L20X,132|132|132|132|132|132|132|132,:4096:8,20,3,True,False,1024,4,False,True,0,2.1628479957580566,2.1909631729125976,508.36287613944506,,,,,66,24,35,4,0.6895691156387329,15.515151977539062,True,same_geometry_s1k,,,,,,,,,
oproj,representative_small,artificial,Mx4096x4096 OProj stress shape,131072,8,eager,deferred,single,v10_backward_te_userbuffers_v3,complete_route_then_single_full_gemm,recreate_per_entry,reuse_adjacent_same_shape_v1,not_applicable,branch_masked_v1,1,16384,4096,4096,4096,4096,16384,32,8,128,adapted_te_userbuffers_backward_formal_10w50i,per_sample_local_cuda_event_then_dist_max,separately timed full DGrad GEMM -> pack dA -> Userbuffers A2A -> unpack final head shard and beta=1 WGrad GEMM,MAX,2.9.0+cu128,2.19.0.dev0+a7aec214,/tmp/TransformerEngine-v10-clean/transformer_engine/__init__.py,12.8,2.27.5,NVIDIA L20X|NVIDIA L20X|NVIDIA L20X|NVIDIA L20X|NVIDIA L20X|NVIDIA L20X|NVIDIA L20X|NVIDIA L20X,132|132|132|132|132|132|132|132,:4096:8,20,3,True,False,1024,4,False,True,0,2.19158399105072,2.235408014059067,501.69723463295446,1.3549280166625977,1.391840010881424,0.8350079953670502,0.8480368077754974,66,24,35,4,0.6895691156387329,15.515151977539062,False,same_geometry_s1k,,,,,,,,,
oproj,representative_small,artificial,Mx4096x4096 OProj stress shape,131072,8,graph,immediate,single,v10_backward_te_userbuffers_v3,complete_route_then_single_full_gemm,recreate_per_entry,reuse_adjacent_same_shape_v1,not_applicable,branch_masked_v1,0,16384,4096,4096,4096,4096,16384,32,8,128,adapted_te_userbuffers_backward_formal_10w50i,per_sample_local_cuda_event_then_dist_max,full DGrad GEMM -> pack dA -> Userbuffers A2A -> unpack final head shard -> adjacent beta=0 WGrad GEMM,MAX,2.9.0+cu128,2.19.0.dev0+a7aec214,/tmp/TransformerEngine-v10-clean/transformer_engine/__init__.py,12.8,2.27.5,NVIDIA L20X|NVIDIA L20X|NVIDIA L20X|NVIDIA L20X|NVIDIA L20X|NVIDIA L20X|NVIDIA L20X|NVIDIA L20X,132|132|132|132|132|132|132|132,:4096:8,20,3,True,False,1024,4,False,True,0,2.125744104385376,2.144209611415863,517.2361177000209,,,,,66,24,35,4,0.6895691156387329,15.515151977539062,True,same_geometry_s1k,,,,,,,,,
oproj,representative_small,artificial,Mx4096x4096 OProj stress shape,131072,8,graph,deferred,single,v10_backward_te_userbuffers_v3,complete_route_then_single_full_gemm,recreate_per_entry,reuse_adjacent_same_shape_v1,not_applicable,branch_masked_v1,1,16384,4096,4096,4096,4096,16384,32,8,128,adapted_te_userbuffers_backward_formal_10w50i,per_sample_local_cuda_event_then_dist_max,separately timed full DGrad GEMM -> pack dA -> Userbuffers A2A -> unpack final head shard and beta=1 WGrad GEMM,MAX,2.9.0+cu128,2.19.0.dev0+a7aec214,/tmp/TransformerEngine-v10-clean/transformer_engine/__init__.py,12.8,2.27.5,NVIDIA L20X|NVIDIA L20X|NVIDIA L20X|NVIDIA L20X|NVIDIA L20X|NVIDIA L20X|NVIDIA L20X|NVIDIA L20X,132|132|132|132|132|132|132|132,:4096:8,20,3,True,False,1024,4,False,True,0,2.141616016626358,2.1529903918504716,513.4027852051822,1.3280159831047058,1.3371039867401122,0.8166399896144867,0.8188192069530487,66,24,35,4,0.6895691156387329,15.515151977539062,True,same_geometry_s1k,,,,,,,,,
oproj,representative_small,artificial,Mx4096x4096 OProj stress shape,262144,4,eager,immediate,single,v10_backward_te_userbuffers_v3,complete_route_then_single_full_gemm,recreate_per_entry,reuse_adjacent_same_shape_v1,not_applicable,branch_masked_v1,0,65536,4096,4096,4096,4096,65536,32,8,128,adapted_te_userbuffers_backward_formal_10w50i,per_sample_local_cuda_event_then_dist_max,full DGrad GEMM -> pack dA -> Userbuffers A2A -> unpack final head shard -> adjacent beta=0 WGrad GEMM,MAX,2.9.0+cu128,2.19.0.dev0+a7aec214,/tmp/TransformerEngine-v10-clean/transformer_engine/__init__.py,12.8,2.27.5,NVIDIA L20X|NVIDIA L20X|NVIDIA L20X|NVIDIA L20X,132|132|132|132,:4096:8,20,2,False,True,1024,4,False,True,0,7.593263864517212,7.709099292755127,579.203698116664,,,,,66,24,35,4,3.1211445331573486,62.06060791015625,True,same_geometry_s1k,,,,,,,,,
oproj,representative_small,artificial,Mx4096x4096 OProj stress shape,262144,4,eager,deferred,single,v10_backward_te_userbuffers_v3,complete_route_then_single_full_gemm,recreate_per_entry,reuse_adjacent_same_shape_v1,not_applicable,branch_masked_v1,1,65536,4096,4096,4096,4096,65536,32,8,128,adapted_te_userbuffers_backward_formal_10w50i,per_sample_local_cuda_event_then_dist_max,separately timed full DGrad GEMM -> pack dA -> Userbuffers A2A -> unpack final head shard and beta=1 WGrad GEMM,MAX,2.9.0+cu128,2.19.0.dev0+a7aec214,/tmp/TransformerEngine-v10-clean/transformer_engine/__init__.py,12.8,2.27.5,NVIDIA L20X|NVIDIA L20X|NVIDIA L20X|NVIDIA L20X,132|132|132|132,:4096:8,20,2,False,True,1024,4,False,True,0,7.672223806381226,7.767105555534362,573.2427288481873,4.508095979690552,4.628779101371766,3.1614240407943726,3.2000719785690306,66,24,35,4,3.1211445331573486,62.06060791015625,False,same_geometry_s1k,,,,,,,,,
oproj,representative_small,artificial,Mx4096x4096 OProj stress shape,262144,4,graph,immediate,single,v10_backward_te_userbuffers_v3,complete_route_then_single_full_gemm,recreate_per_entry,reuse_adjacent_same_shape_v1,not_applicable,branch_masked_v1,0,65536,4096,4096,4096,4096,65536,32,8,128,adapted_te_userbuffers_backward_formal_10w50i,per_sample_local_cuda_event_then_dist_max,full DGrad GEMM -> pack dA -> Userbuffers A2A -> unpack final head shard -> adjacent beta=0 WGrad GEMM,MAX,2.9.0+cu128,2.19.0.dev0+a7aec214,/tmp/TransformerEngine-v10-clean/transformer_engine/__init__.py,12.8,2.27.5,NVIDIA L20X|NVIDIA L20X|NVIDIA L20X|NVIDIA L20X,132|132|132|132,:4096:8,24,3,True,False,1024,4,False,True,0,7.609071969985962,7.746556925773621,578.0003827604897,,,,,66,24,35,4,3.1187009811401367,62.06060791015625,True,same_geometry_s1k,,,,,,,,,
oproj,representative_small,artificial,Mx4096x4096 OProj stress shape,262144,4,graph,deferred,single,v10_backward_te_userbuffers_v3,complete_route_then_single_full_gemm,recreate_per_entry,reuse_adjacent_same_shape_v1,not_applicable,branch_masked_v1,1,65536,4096,4096,4096,4096,65536,32,8,128,adapted_te_userbuffers_backward_formal_10w50i,per_sample_local_cuda_event_then_dist_max,separately timed full DGrad GEMM -> pack dA -> Userbuffers A2A -> unpack final head shard and beta=1 WGrad GEMM,MAX,2.9.0+cu128,2.19.0.dev0+a7aec214,/tmp/TransformerEngine-v10-clean/transformer_engine/__init__.py,12.8,2.27.5,NVIDIA L20X|NVIDIA L20X|NVIDIA L20X|NVIDIA L20X,132|132|132|132,:4096:8,20,3,False,True,1024,4,False,True,0,7.651487946510315,7.679006183147431,574.7962411820643,4.4817280769348145,4.505119824409485,3.1655839681625366,3.1956223368644716,66,209,35,4,3.012540578842163,57.0,False,same_geometry_s1k,,,,,,,,,
oproj,representative_small,artificial,Mx4096x4096 OProj stress shape,262144,8,eager,immediate,single,v10_backward_te_userbuffers_v3,complete_route_then_single_full_gemm,recreate_per_entry,reuse_adjacent_same_shape_v1,not_applicable,branch_masked_v1,0,32768,4096,4096,4096,4096,32768,32,8,128,adapted_te_userbuffers_backward_formal_10w50i,per_sample_local_cuda_event_then_dist_max,full DGrad GEMM -> pack dA -> Userbuffers A2A -> unpack final head shard -> adjacent beta=0 WGrad GEMM,MAX,2.9.0+cu128,2.19.0.dev0+a7aec214,/tmp/TransformerEngine-v10-clean/transformer_engine/__init__.py,12.8,2.27.5,NVIDIA L20X|NVIDIA L20X|NVIDIA L20X|NVIDIA L20X|NVIDIA L20X|NVIDIA L20X|NVIDIA L20X|NVIDIA L20X,132|132|132|132|132|132|132|132,:4096:8,24,3,True,False,1024,4,False,True,0,4.174800157546997,4.2347904443740845,526.7373700694906,,,,,66,209,35,4,1.4763776063919067,28.5,True,same_geometry_s1k,,,,,,,,,
oproj,representative_small,artificial,Mx4096x4096 OProj stress shape,262144,8,eager,deferred,single,v10_backward_te_userbuffers_v3,complete_route_then_single_full_gemm,recreate_per_entry,reuse_adjacent_same_shape_v1,not_applicable,branch_masked_v1,1,32768,4096,4096,4096,4096,32768,32,8,128,adapted_te_userbuffers_backward_formal_10w50i,per_sample_local_cuda_event_then_dist_max,separately timed full DGrad GEMM -> pack dA -> Userbuffers A2A -> unpack final head shard and beta=1 WGrad GEMM,MAX,2.9.0+cu128,2.19.0.dev0+a7aec214,/tmp/TransformerEngine-v10-clean/transformer_engine/__init__.py,12.8,2.27.5,NVIDIA L20X|NVIDIA L20X|NVIDIA L20X|NVIDIA L20X|NVIDIA L20X|NVIDIA L20X|NVIDIA L20X|NVIDIA L20X,132|132|132|132|132|132|132|132,:4096:8,24,3,True,False,1024,4,False,True,0,4.247904002666473,4.343308883905411,517.6725401919723,2.6277759075164795,2.7267056941986088,1.6181760430335999,1.6298287928104402,66,209,35,4,1.4763776063919067,28.5,False,same_geometry_s1k,,,,,,,,,
oproj,representative_small,artificial,Mx4096x4096 OProj stress shape,262144,8,graph,immediate,single,v10_backward_te_userbuffers_v3,complete_route_then_single_full_gemm,recreate_per_entry,reuse_adjacent_same_shape_v1,not_applicable,branch_masked_v1,0,32768,4096,4096,4096,4096,32768,32,8,128,adapted_te_userbuffers_backward_formal_10w50i,per_sample_local_cuda_event_then_dist_max,full DGrad GEMM -> pack dA -> Userbuffers A2A -> unpack final head shard -> adjacent beta=0 WGrad GEMM,MAX,2.9.0+cu128,2.19.0.dev0+a7aec214,/tmp/TransformerEngine-v10-clean/transformer_engine/__init__.py,12.8,2.27.5,NVIDIA L20X|NVIDIA L20X|NVIDIA L20X|NVIDIA L20X|NVIDIA L20X|NVIDIA L20X|NVIDIA L20X|NVIDIA L20X,132|132|132|132|132|132|132|132,:4096:8,24,3,True,False,1024,4,False,True,0,4.120383977890015,4.166915154457092,533.6937691613115,,,,,66,209,35,4,1.4763776063919067,28.5,True,same_geometry_s1k,,,,,,,,,
oproj,representative_small,artificial,Mx4096x4096 OProj stress shape,262144,8,graph,deferred,single,v10_backward_te_userbuffers_v3,complete_route_then_single_full_gemm,recreate_per_entry,reuse_adjacent_same_shape_v1,not_applicable,branch_masked_v1,1,32768,4096,4096,4096,4096,32768,32,8,128,adapted_te_userbuffers_backward_formal_10w50i,per_sample_local_cuda_event_then_dist_max,separately timed full DGrad GEMM -> pack dA -> Userbuffers A2A -> unpack final head shard and beta=1 WGrad GEMM,MAX,2.9.0+cu128,2.19.0.dev0+a7aec214,/tmp/TransformerEngine-v10-clean/transformer_engine/__init__.py,12.8,2.27.5,NVIDIA L20X|NVIDIA L20X|NVIDIA L20X|NVIDIA L20X|NVIDIA L20X|NVIDIA L20X|NVIDIA L20X|NVIDIA L20X,132|132|132|132|132|132|132|132,:4096:8,24,3,True,False,1024,4,False,True,0,4.1525280475616455,4.173768013715744,529.5625292268071,2.5574079751968384,2.572759962081909,1.5945600271224976,1.618598425388336,66,209,35,4,1.4763776063919067,28.5,True,same_geometry_s1k,,,,,,,,,
oproj,representative_small,artificial,Mx4096x4096 OProj stress shape,524288,4,eager,immediate,single,v10_backward_te_userbuffers_v3,complete_route_then_single_full_gemm,recreate_per_entry,reuse_adjacent_same_shape_v1,not_applicable,branch_masked_v1,0,131072,4096,4096,4096,4096,131072,32,8,128,adapted_te_userbuffers_backward_formal_10w50i,per_sample_local_cuda_event_then_dist_max,full DGrad GEMM -> pack dA -> Userbuffers A2A -> unpack final head shard -> adjacent beta=0 WGrad GEMM,MAX,2.9.0+cu128,2.19.0.dev0+a7aec214,/tmp/TransformerEngine-v10-clean/transformer_engine/__init__.py,12.8,2.27.5,NVIDIA L20X|NVIDIA L20X|NVIDIA L20X|NVIDIA L20X,132|132|132|132,:4096:8,20,2,False,True,1024,4,True,True,0,15.080351829528809,18.5583535194397,583.2816847803502,,,,,66,29,35,4,6.2437920570373535,198.78787231445312,True,same_geometry_s1k,,,,,,,,,
oproj,representative_small,artificial,Mx4096x4096 OProj stress shape,524288,4,eager,deferred,single,v10_backward_te_userbuffers_v3,complete_route_then_single_full_gemm,recreate_per_entry,reuse_adjacent_same_shape_v1,not_applicable,branch_masked_v1,1,131072,4096,4096,4096,4096,131072,32,8,128,adapted_te_userbuffers_backward_formal_10w50i,per_sample_local_cuda_event_then_dist_max,separately timed full DGrad GEMM -> pack dA -> Userbuffers A2A -> unpack final head shard and beta=1 WGrad GEMM,MAX,2.9.0+cu128,2.19.0.dev0+a7aec214,/tmp/TransformerEngine-v10-clean/transformer_engine/__init__.py,12.8,2.27.5,NVIDIA L20X|NVIDIA L20X|NVIDIA L20X|NVIDIA L20X,132|132|132|132,:4096:8,20,2,False,True,1024,4,True,True,0,15.395647764205933,16.02178840637207,571.3363384851173,8.750624179840088,9.07246708869934,6.631680011749268,6.940760064125062,66,29,35,4,6.2437920570373535,198.78787231445312,False,same_geometry_s1k,,,,,,,,,
oproj,representative_small,artificial,Mx4096x4096 OProj stress shape,524288,4,graph,immediate,single,v10_backward_te_userbuffers_v3,complete_route_then_single_full_gemm,recreate_per_entry,reuse_adjacent_same_shape_v1,not_applicable,branch_masked_v1,0,131072,4096,4096,4096,4096,131072,32,8,128,adapted_te_userbuffers_backward_formal_10w50i,per_sample_local_cuda_event_then_dist_max,full DGrad GEMM -> pack dA -> Userbuffers A2A -> unpack final head shard -> adjacent beta=0 WGrad GEMM,MAX,2.9.0+cu128,2.19.0.dev0+a7aec214,/tmp/TransformerEngine-v10-clean/transformer_engine/__init__.py,12.8,2.27.5,NVIDIA L20X|NVIDIA L20X|NVIDIA L20X|NVIDIA L20X,132|132|132|132,:4096:8,20,3,False,True,1024,4,True,True,0,15.22436809539795,18.863608264923094,577.7640797365442,,,,,66,24,35,4,6.244842529296875,124.1212158203125,True,same_geometry_s1k,,,,,,,,,
oproj,representative_small,artificial,Mx4096x4096 OProj stress shape,524288,4,graph,deferred,single,v10_backward_te_userbuffers_v3,complete_route_then_single_full_gemm,recreate_per_entry,reuse_adjacent_same_shape_v1,not_applicable,branch_masked_v1,1,131072,4096,4096,4096,4096,131072,32,8,128,adapted_te_userbuffers_backward_formal_10w50i,per_sample_local_cuda_event_then_dist_max,separately timed full DGrad GEMM -> pack dA -> Userbuffers A2A -> unpack final head shard and beta=1 WGrad GEMM,MAX,2.9.0+cu128,2.19.0.dev0+a7aec214,/tmp/TransformerEngine-v10-clean/transformer_engine/__init__.py,12.8,2.27.5,NVIDIA L20X|NVIDIA L20X|NVIDIA L20X|NVIDIA L20X,132|132|132|132,:4096:8,20,3,True,False,1024,4,True,True,0,15.521744012832642,16.550884938240053,566.6948904025094,8.866127967834473,8.988737678527832,6.660207986831665,7.7609727621078495,66,29,35,4,6.101560592651367,198.78787231445312,True,same_geometry_s1k,,,,,,,,,
oproj,representative_small,artificial,Mx4096x4096 OProj stress shape,524288,8,eager,immediate,single,v10_backward_te_userbuffers_v3,complete_route_then_single_full_gemm,recreate_per_entry,reuse_adjacent_same_shape_v1,not_applicable,branch_masked_v1,0,65536,4096,4096,4096,4096,65536,32,8,128,adapted_te_userbuffers_backward_formal_10w50i,per_sample_local_cuda_event_then_dist_max,full DGrad GEMM -> pack dA -> Userbuffers A2A -> unpack final head shard -> adjacent beta=0 WGrad GEMM,MAX,2.9.0+cu128,2.19.0.dev0+a7aec214,/tmp/TransformerEngine-v10-clean/transformer_engine/__init__.py,12.8,2.27.5,NVIDIA L20X|NVIDIA L20X|NVIDIA L20X|NVIDIA L20X|NVIDIA L20X|NVIDIA L20X|NVIDIA L20X|NVIDIA L20X,132|132|132|132|132|132|132|132,:4096:8,24,3,True,False,1024,4,False,True,0,8.353919982910156,8.409404706954955,526.4650032680711,,,,,66,209,35,4,2.9829580783843994,57.0,True,same_geometry_s1k,,,,,,,,,
oproj,representative_small,artificial,Mx4096x4096 OProj stress shape,524288,8,eager,deferred,single,v10_backward_te_userbuffers_v3,complete_route_then_single_full_gemm,recreate_per_entry,reuse_adjacent_same_shape_v1,not_applicable,branch_masked_v1,1,65536,4096,4096,4096,4096,65536,32,8,128,adapted_te_userbuffers_backward_formal_10w50i,per_sample_local_cuda_event_then_dist_max,separately timed full DGrad GEMM -> pack dA -> Userbuffers A2A -> unpack final head shard and beta=1 WGrad GEMM,MAX,2.9.0+cu128,2.19.0.dev0+a7aec214,/tmp/TransformerEngine-v10-clean/transformer_engine/__init__.py,12.8,2.27.5,NVIDIA L20X|NVIDIA L20X|NVIDIA L20X|NVIDIA L20X|NVIDIA L20X|NVIDIA L20X|NVIDIA L20X|NVIDIA L20X,132|132|132|132|132|132|132|132,:4096:8,24,3,True,False,1024,4,False,True,0,8.452783823013306,8.52096656560898,520.3074635754916,5.277695894241333,5.344377732276916,3.17249596118927,3.198918426036835,66,209,35,4,2.9829580783843994,57.0,False,same_geometry_s1k,,,,,,,,,
oproj,representative_small,artificial,Mx4096x4096 OProj stress shape,524288,8,graph,immediate,single,v10_backward_te_userbuffers_v3,complete_route_then_single_full_gemm,recreate_per_entry,reuse_adjacent_same_shape_v1,not_applicable,branch_masked_v1,0,65536,4096,4096,4096,4096,65536,32,8,128,adapted_te_userbuffers_backward_formal_10w50i,per_sample_local_cuda_event_then_dist_max,full DGrad GEMM -> pack dA -> Userbuffers A2A -> unpack final head shard -> adjacent beta=0 WGrad GEMM,MAX,2.9.0+cu128,2.19.0.dev0+a7aec214,/tmp/TransformerEngine-v10-clean/transformer_engine/__init__.py,12.8,2.27.5,NVIDIA L20X|NVIDIA L20X|NVIDIA L20X|NVIDIA L20X|NVIDIA L20X|NVIDIA L20X|NVIDIA L20X|NVIDIA L20X,132|132|132|132|132|132|132|132,:4096:8,24,3,True,False,1024,4,False,True,0,8.306879997253418,8.349096059799194,529.4462557010777,,,,,66,209,35,4,2.9829580783843994,57.0,True,same_geometry_s1k,,,,,,,,,
oproj,representative_small,artificial,Mx4096x4096 OProj stress shape,524288,8,graph,deferred,single,v10_backward_te_userbuffers_v3,complete_route_then_single_full_gemm,recreate_per_entry,reuse_adjacent_same_shape_v1,not_applicable,branch_masked_v1,1,65536,4096,4096,4096,4096,65536,32,8,128,adapted_te_userbuffers_backward_formal_10w50i,per_sample_local_cuda_event_then_dist_max,separately timed full DGrad GEMM -> pack dA -> Userbuffers A2A -> unpack final head shard and beta=1 WGrad GEMM,MAX,2.9.0+cu128,2.19.0.dev0+a7aec214,/tmp/TransformerEngine-v10-clean/transformer_engine/__init__.py,12.8,2.27.5,NVIDIA L20X|NVIDIA L20X|NVIDIA L20X|NVIDIA L20X|NVIDIA L20X|NVIDIA L20X|NVIDIA L20X|NVIDIA L20X,132|132|132|132|132|132|132|132,:4096:8,24,3,True,False,1024,4,False,True,0,8.36185598373413,8.39874073266983,525.9653502355558,5.20907187461853,5.243372750282288,3.144320011138916,3.179350423812866,66,209,35,4,2.9829580783843994,57.0,True,same_geometry_s1k,,,,,,,,,
oproj,representative_medium,artificial,Mx5120x5120 OProj stress shape,1024,4,eager,immediate,single,v10_backward_te_userbuffers_v3,complete_route_then_single_full_gemm,recreate_per_entry,reuse_adjacent_same_shape_v1,not_applicable,branch_masked_v1,0,256,5120,5120,5120,5120,256,40,8,128,adapted_te_userbuffers_backward_formal_10w50i,per_sample_local_cuda_event_then_dist_max,full DGrad GEMM -> pack dA -> Userbuffers A2A -> unpack final head shard -> adjacent beta=0 WGrad GEMM,MAX,2.9.0+cu128,2.19.0.dev0+a7aec214,/tmp/TransformerEngine-v10-clean/transformer_engine/__init__.py,12.8,2.27.5,NVIDIA L20X|NVIDIA L20X|NVIDIA L20X|NVIDIA L20X,132|132|132|132,:4096:8,24,1,True,False,1024,8,True,True,0,0.18355200439691544,0.20127360373735426,146.24490584125218,,,,,66,28,35,0,0.024553600698709488,0.8181818127632141,True,exact,,0.0,,0.0,0.0009765625,0.0029296875,0,,0
oproj,representative_medium,artificial,Mx5120x5120 OProj stress shape,1024,4,eager,deferred,single,v10_backward_te_userbuffers_v3,complete_route_then_single_full_gemm,recreate_per_entry,reuse_adjacent_same_shape_v1,not_applicable,branch_masked_v1,1,256,5120,5120,5120,5120,256,40,8,128,adapted_te_userbuffers_backward_formal_10w50i,per_sample_local_cuda_event_then_dist_max,separately timed full DGrad GEMM -> pack dA -> Userbuffers A2A -> unpack final head shard and beta=1 WGrad GEMM,MAX,2.9.0+cu128,2.19.0.dev0+a7aec214,/tmp/TransformerEngine-v10-clean/transformer_engine/__init__.py,12.8,2.27.5,NVIDIA L20X|NVIDIA L20X|NVIDIA L20X|NVIDIA L20X,132|132|132|132,:4096:8,24,1,True,False,1024,8,True,True,0,0.1937599927186966,0.21112000085413454,138.54018687424204,0.12776000052690506,0.13649759963154792,0.06588800251483917,0.069846398755908,66,28,35,0,0.024553600698709488,0.8181818127632141,False,exact,,0.0,,0.0,0.0009765625,0.0029296875,0,,0
oproj,representative_medium,artificial,Mx5120x5120 OProj stress shape,1024,4,graph,immediate,single,v10_backward_te_userbuffers_v3,complete_route_then_single_full_gemm,recreate_per_entry,reuse_adjacent_same_shape_v1,not_applicable,branch_masked_v1,0,256,5120,5120,5120,5120,256,40,8,128,adapted_te_userbuffers_backward_formal_10w50i,per_sample_local_cuda_event_then_dist_max,full DGrad GEMM -> pack dA -> Userbuffers A2A -> unpack final head shard -> adjacent beta=0 WGrad GEMM,MAX,2.9.0+cu128,2.19.0.dev0+a7aec214,/tmp/TransformerEngine-v10-clean/transformer_engine/__init__.py,12.8,2.27.5,NVIDIA L20X|NVIDIA L20X|NVIDIA L20X|NVIDIA L20X,132|132|132|132,:4096:8,8,3,True,False,512,4,True,True,0,0.08887999877333641,0.09035360254347324,302.02009417728453,,,,,66,28,35,0,0.024702932685613632,0.8181818127632141,True,exact,,0.0,,0.0,0.0009765625,0.0029296875,0,,0
oproj,representative_medium,artificial,Mx5120x5120 OProj stress shape,1024,4,graph,deferred,single,v10_backward_te_userbuffers_v3,complete_route_then_single_full_gemm,recreate_per_entry,reuse_adjacent_same_shape_v1,not_applicable,branch_masked_v1,1,256,5120,5120,5120,5120,256,40,8,128,adapted_te_userbuffers_backward_formal_10w50i,per_sample_local_cuda_event_then_dist_max,separately timed full DGrad GEMM -> pack dA -> Userbuffers A2A -> unpack final head shard and beta=1 WGrad GEMM,MAX,2.9.0+cu128,2.19.0.dev0+a7aec214,/tmp/TransformerEngine-v10-clean/transformer_engine/__init__.py,12.8,2.27.5,NVIDIA L20X|NVIDIA L20X|NVIDIA L20X|NVIDIA L20X,132|132|132|132,:4096:8,8,3,True,False,512,4,True,True,0,0.09772799909114838,0.10010559819638729,274.67609947650436,0.051920000463724136,0.05429119914770126,0.045504000037908554,0.04647039994597435,66,28,35,0,0.024702932685613632,0.8181818127632141,False,exact,,0.0,,0.0,0.0009765625,0.0029296875,0,,0
oproj,representative_medium,artificial,Mx5120x5120 OProj stress shape,1024,8,eager,immediate,single,v10_backward_te_userbuffers_v3,complete_route_then_single_full_gemm,recreate_per_entry,reuse_adjacent_same_shape_v1,not_applicable,branch_masked_v1,0,128,5120,5120,5120,5120,128,40,8,128,adapted_te_userbuffers_backward_formal_10w50i,per_sample_local_cuda_event_then_dist_max,full DGrad GEMM -> pack dA -> Userbuffers A2A -> unpack final head shard -> adjacent beta=0 WGrad GEMM,MAX,2.9.0+cu128,2.19.0.dev0+a7aec214,/tmp/TransformerEngine-v10-clean/transformer_engine/__init__.py,12.8,2.27.5,NVIDIA L20X|NVIDIA L20X|NVIDIA L20X|NVIDIA L20X|NVIDIA L20X|NVIDIA L20X|NVIDIA L20X|NVIDIA L20X,132|132|132|132|132|132|132|132,:4096:8,24,1,True,False,512,4,False,True,0,0.23561599850654602,0.2576831951737404,56.96460717894379,,,,,66,27,35,0,0.01924053393304348,0.8181818127632141,True,exact,,0.0,,0.0,0.0009765625,0.001953125,0,,0
oproj,representative_medium,artificial,Mx5120x5120 OProj stress shape,1024,8,eager,deferred,single,v10_backward_te_userbuffers_v3,complete_route_then_single_full_gemm,recreate_per_entry,reuse_adjacent_same_shape_v1,not_applicable,branch_masked_v1,1,128,5120,5120,5120,5120,128,40,8,128,adapted_te_userbuffers_backward_formal_10w50i,per_sample_local_cuda_event_then_dist_max,separately timed full DGrad GEMM -> pack dA -> Userbuffers A2A -> unpack final head shard and beta=1 WGrad GEMM,MAX,2.9.0+cu128,2.19.0.dev0+a7aec214,/tmp/TransformerEngine-v10-clean/transformer_engine/__init__.py,12.8,2.27.5,NVIDIA L20X|NVIDIA L20X|NVIDIA L20X|NVIDIA L20X|NVIDIA L20X|NVIDIA L20X|NVIDIA L20X|NVIDIA L20X,132|132|132|132|132|132|132|132,:4096:8,24,1,True,False,512,4,False,True,0,0.2391359992325306,0.2807392006739974,56.12610749981212,0.17449600249528885,0.21738879978656767,0.06467200070619583,0.06916960105299949,66,27,35,0,0.01924053393304348,0.8181818127632141,False,exact,,0.0,,0.0,0.0009765625,0.001953125,0,,0
oproj,representative_medium,artificial,Mx5120x5120 OProj stress shape,1024,8,graph,immediate,single,v10_backward_te_userbuffers_v3,complete_route_then_single_full_gemm,recreate_per_entry,reuse_adjacent_same_shape_v1,not_applicable,branch_masked_v1,0,128,5120,5120,5120,5120,128,40,8,128,adapted_te_userbuffers_backward_formal_10w50i,per_sample_local_cuda_event_then_dist_max,full DGrad GEMM -> pack dA -> Userbuffers A2A -> unpack final head shard -> adjacent beta=0 WGrad GEMM,MAX,2.9.0+cu128,2.19.0.dev0+a7aec214,/tmp/TransformerEngine-v10-clean/transformer_engine/__init__.py,12.8,2.27.5,NVIDIA L20X|NVIDIA L20X|NVIDIA L20X|NVIDIA L20X|NVIDIA L20X|NVIDIA L20X|NVIDIA L20X|NVIDIA L20X,132|132|132|132|132|132|132|132,:4096:8,20,3,True,False,1024,4,False,True,0,0.08401599898934364,0.08524960093200207,159.75258238258147,,,,,66,27,35,0,0.018098134547472,0.8181818127632141,True,exact,,0.0,,0.0,0.0009765625,0.001953125,0,,0
oproj,representative_medium,artificial,Mx5120x5120 OProj stress shape,1024,8,graph,deferred,single,v10_backward_te_userbuffers_v3,complete_route_then_single_full_gemm,recreate_per_entry,reuse_adjacent_same_shape_v1,not_applicable,branch_masked_v1,1,128,5120,5120,5120,5120,128,40,8,128,adapted_te_userbuffers_backward_formal_10w50i,per_sample_local_cuda_event_then_dist_max,separately timed full DGrad GEMM -> pack dA -> Userbuffers A2A -> unpack final head shard and beta=1 WGrad GEMM,MAX,2.9.0+cu128,2.19.0.dev0+a7aec214,/tmp/TransformerEngine-v10-clean/transformer_engine/__init__.py,12.8,2.27.5,NVIDIA L20X|NVIDIA L20X|NVIDIA L20X|NVIDIA L20X|NVIDIA L20X|NVIDIA L20X|NVIDIA L20X|NVIDIA L20X,132|132|132|132|132|132|132|132,:4096:8,24,3,True,False,1024,4,False,True,0,0.09267199970781803,0.09445600192993879,144.83093968315123,0.0521440003067255,0.05387680046260357,0.04047999903559685,0.041793599538505075,66,27,35,0,0.01926933415234089,0.8181818127632141,True,exact,,0.0,,0.0,0.0009765625,0.001953125,0,,0
oproj,representative_medium,artificial,Mx5120x5120 OProj stress shape,4096,4,eager,immediate,single,v10_backward_te_userbuffers_v3,complete_route_then_single_full_gemm,recreate_per_entry,reuse_adjacent_same_shape_v1,not_applicable,branch_masked_v1,0,1024,5120,5120,5120,5120,1024,40,8,128,adapted_te_userbuffers_backward_formal_10w50i,per_sample_local_cuda_event_then_dist_max,full DGrad GEMM -> pack dA -> Userbuffers A2A -> unpack final head shard -> adjacent beta=0 WGrad GEMM,MAX,2.9.0+cu128,2.19.0.dev0+a7aec214,/tmp/TransformerEngine-v10-clean/transformer_engine/__init__.py,12.8,2.27.5,NVIDIA L20X|NVIDIA L20X|NVIDIA L20X|NVIDIA L20X,132|132|132|132,:4096:8,24,1,True,False,1024,4,True,True,0,0.23705599457025528,0.2549887955188751,452.948606487055,,,,,66,248,35,0,0.06950720399618149,0.9696969985961914,True,same_geometry_s1k,,,,,,,,,
oproj,representative_medium,artificial,Mx5120x5120 OProj stress shape,4096,4,eager,deferred,single,v10_backward_te_userbuffers_v3,complete_route_then_single_full_gemm,recreate_per_entry,reuse_adjacent_same_shape_v1,not_applicable,branch_masked_v1,1,1024,5120,5120,5120,5120,1024,40,8,128,adapted_te_userbuffers_backward_formal_10w50i,per_sample_local_cuda_event_then_dist_max,separately timed full DGrad GEMM -> pack dA -> Userbuffers A2A -> unpack final head shard and beta=1 WGrad GEMM,MAX,2.9.0+cu128,2.19.0.dev0+a7aec214,/tmp/TransformerEngine-v10-clean/transformer_engine/__init__.py,12.8,2.27.5,NVIDIA L20X|NVIDIA L20X|NVIDIA L20X|NVIDIA L20X,132|132|132|132,:4096:8,24,2,True,False,512,4,False,True,0,0.28175999969244003,0.3132383957505226,381.08383914397405,0.15905600041151047,0.18117920160293577,0.11913599818944931,0.1386992007493973,66,248,35,0,0.06875946372747421,0.9696969985961914,False,same_geometry_s1k,,,,,,,,,
oproj,representative_medium,artificial,Mx5120x5120 OProj stress shape,4096,4,graph,immediate,single,v10_backward_te_userbuffers_v3,complete_route_then_single_full_gemm,recreate_per_entry,reuse_adjacent_same_shape_v1,not_applicable,branch_masked_v1,0,1024,5120,5120,5120,5120,1024,40,8,128,adapted_te_userbuffers_backward_formal_10w50i,per_sample_local_cuda_event_then_dist_max,full DGrad GEMM -> pack dA -> Userbuffers A2A -> unpack final head shard -> adjacent beta=0 WGrad GEMM,MAX,2.9.0+cu128,2.19.0.dev0+a7aec214,/tmp/TransformerEngine-v10-clean/transformer_engine/__init__.py,12.8,2.27.5,NVIDIA L20X|NVIDIA L20X|NVIDIA L20X|NVIDIA L20X,132|132|132|132,:4096:8,8,3,True,False,1024,4,False,True,0,0.201727993786335,0.21254400089383124,532.2720976134226,,,,,66,248,35,0,0.06901440024375916,0.9696969985961914,True,same_geometry_s1k,,,,,,,,,
oproj,representative_medium,artificial,Mx5120x5120 OProj stress shape,4096,4,graph,deferred,single,v10_backward_te_userbuffers_v3,complete_route_then_single_full_gemm,recreate_per_entry,reuse_adjacent_same_shape_v1,not_applicable,branch_masked_v1,1,1024,5120,5120,5120,5120,1024,40,8,128,adapted_te_userbuffers_backward_formal_10w50i,per_sample_local_cuda_event_then_dist_max,separately timed full DGrad GEMM -> pack dA -> Userbuffers A2A -> unpack final head shard and beta=1 WGrad GEMM,MAX,2.9.0+cu128,2.19.0.dev0+a7aec214,/tmp/TransformerEngine-v10-clean/transformer_engine/__init__.py,12.8,2.27.5,NVIDIA L20X|NVIDIA L20X|NVIDIA L20X|NVIDIA L20X,132|132|132|132,:4096:8,8,3,True,False,1024,4,False,True,0,0.21937600150704384,0.22148640267550945,489.452728021175,0.12132799997925758,0.12296640090644359,0.0981920026242733,0.09892960079014301,66,248,35,0,0.06901440024375916,0.9696969985961914,True,same_geometry_s1k,,,,,,,,,
oproj,representative_medium,artificial,Mx5120x5120 OProj stress shape,4096,8,eager,immediate,single,v10_backward_te_userbuffers_v3,complete_route_then_single_full_gemm,recreate_per_entry,reuse_adjacent_same_shape_v1,not_applicable,branch_masked_v1,0,512,5120,5120,5120,5120,512,40,8,128,adapted_te_userbuffers_backward_formal_10w50i,per_sample_local_cuda_event_then_dist_max,full DGrad GEMM -> pack dA -> Userbuffers A2A -> unpack final head shard -> adjacent beta=0 WGrad GEMM,MAX,2.9.0+cu128,2.19.0.dev0+a7aec214,/tmp/TransformerEngine-v10-clean/transformer_engine/__init__.py,12.8,2.27.5,NVIDIA L20X|NVIDIA L20X|NVIDIA L20X|NVIDIA L20X|NVIDIA L20X|NVIDIA L20X|NVIDIA L20X|NVIDIA L20X,132|132|132|132|132|132|132|132,:4096:8,24,3,True,False,512,4,False,True,0,0.2600160092115402,0.2773439958691597,206.47609877098762,,,,,66,197,35,0,0.03860693424940109,0.939393937587738,True,same_geometry_s1k,,,,,,,,,
oproj,representative_medium,artificial,Mx5120x5120 OProj stress shape,4096,8,eager,deferred,single,v10_backward_te_userbuffers_v3,complete_route_then_single_full_gemm,recreate_per_entry,reuse_adjacent_same_shape_v1,not_applicable,branch_masked_v1,1,512,5120,5120,5120,5120,512,40,8,128,adapted_te_userbuffers_backward_formal_10w50i,per_sample_local_cuda_event_then_dist_max,separately timed full DGrad GEMM -> pack dA -> Userbuffers A2A -> unpack final head shard and beta=1 WGrad GEMM,MAX,2.9.0+cu128,2.19.0.dev0+a7aec214,/tmp/TransformerEngine-v10-clean/transformer_engine/__init__.py,12.8,2.27.5,NVIDIA L20X|NVIDIA L20X|NVIDIA L20X|NVIDIA L20X|NVIDIA L20X|NVIDIA L20X|NVIDIA L20X|NVIDIA L20X,132|132|132|132|132|132|132|132,:4096:8,24,3,True,False,512,4,True,True,0,0.2751839980483055,0.3125295970588922,195.0952511075002,0.17705599963665009,0.21551839932799333,0.09787200018763542,0.102140798792243,66,197,35,0,0.03860693424940109,0.939393937587738,True,same_geometry_s1k,,,,,,,,,
oproj,representative_medium,artificial,Mx5120x5120 OProj stress shape,4096,8,graph,immediate,single,v10_backward_te_userbuffers_v3,complete_route_then_single_full_gemm,recreate_per_entry,reuse_adjacent_same_shape_v1,not_applicable,branch_masked_v1,0,512,5120,5120,5120,5120,512,40,8,128,adapted_te_userbuffers_backward_formal_10w50i,per_sample_local_cuda_event_then_dist_max,full DGrad GEMM -> pack dA -> Userbuffers A2A -> unpack final head shard -> adjacent beta=0 WGrad GEMM,MAX,2.9.0+cu128,2.19.0.dev0+a7aec214,/tmp/TransformerEngine-v10-clean/transformer_engine/__init__.py,12.8,2.27.5,NVIDIA L20X|NVIDIA L20X|NVIDIA L20X|NVIDIA L20X|NVIDIA L20X|NVIDIA L20X|NVIDIA L20X|NVIDIA L20X,132|132|132|132|132|132|132|132,:4096:8,16,3,True,False,512,4,False,True,0,0.15241600573062897,0.1874752029776573,352.2405074364919,,,,,66,197,35,0,0.03856533393263817,0.939393937587738,True,same_geometry_s1k,,,,,,,,,
oproj,representative_medium,artificial,Mx5120x5120 OProj stress shape,4096,8,graph,deferred,single,v10_backward_te_userbuffers_v3,complete_route_then_single_full_gemm,recreate_per_entry,reuse_adjacent_same_shape_v1,not_applicable,branch_masked_v1,1,512,5120,5120,5120,5120,512,40,8,128,adapted_te_userbuffers_backward_formal_10w50i,per_sample_local_cuda_event_then_dist_max,separately timed full DGrad GEMM -> pack dA -> Userbuffers A2A -> unpack final head shard and beta=1 WGrad GEMM,MAX,2.9.0+cu128,2.19.0.dev0+a7aec214,/tmp/TransformerEngine-v10-clean/transformer_engine/__init__.py,12.8,2.27.5,NVIDIA L20X|NVIDIA L20X|NVIDIA L20X|NVIDIA L20X|NVIDIA L20X|NVIDIA L20X|NVIDIA L20X|NVIDIA L20X,132|132|132|132|132|132|132|132,:4096:8,16,3,True,False,512,4,False,True,0,0.16980799660086632,0.17337120063602923,316.1635039260931,0.09331200271844864,0.09572959877550602,0.07638400048017502,0.07822079956531525,66,197,35,0,0.03856533393263817,0.939393937587738,False,same_geometry_s1k,,,,,,,,,
oproj,representative_medium,artificial,Mx5120x5120 OProj stress shape,16384,4,eager,immediate,single,v10_backward_te_userbuffers_v3,complete_route_then_single_full_gemm,recreate_per_entry,reuse_adjacent_same_shape_v1,not_applicable,branch_masked_v1,0,4096,5120,5120,5120,5120,4096,40,8,128,adapted_te_userbuffers_backward_formal_10w50i,per_sample_local_cuda_event_then_dist_max,full DGrad GEMM -> pack dA -> Userbuffers A2A -> unpack final head shard -> adjacent beta=0 WGrad GEMM,MAX,2.9.0+cu128,2.19.0.dev0+a7aec214,/tmp/TransformerEngine-v10-clean/transformer_engine/__init__.py,12.8,2.27.5,NVIDIA L20X|NVIDIA L20X|NVIDIA L20X|NVIDIA L20X,132|132|132|132,:4096:8,24,2,True,False,512,4,False,True,0,0.7439840137958527,0.7490319848060607,577.2929547352516,,,,,66,24,35,4,0.26608747243881226,4.848484992980957,True,same_geometry_s1k,,,,,,,,,
oproj,representative_medium,artificial,Mx5120x5120 OProj stress shape,16384,4,eager,deferred,single,v10_backward_te_userbuffers_v3,complete_route_then_single_full_gemm,recreate_per_entry,reuse_adjacent_same_shape_v1,not_applicable,branch_masked_v1,1,4096,5120,5120,5120,5120,4096,40,8,128,adapted_te_userbuffers_backward_formal_10w50i,per_sample_local_cuda_event_then_dist_max,separately timed full DGrad GEMM -> pack dA -> Userbuffers A2A -> unpack final head shard and beta=1 WGrad GEMM,MAX,2.9.0+cu128,2.19.0.dev0+a7aec214,/tmp/TransformerEngine-v10-clean/transformer_engine/__init__.py,12.8,2.27.5,NVIDIA L20X|NVIDIA L20X|NVIDIA L20X|NVIDIA L20X,132|132|132|132,:4096:8,24,2,True,False,512,4,True,True,0,0.7790400087833405,0.7851023912429809,551.3153686044484,0.47092799842357635,0.474883209168911,0.3081600069999695,0.3131231918931007,66,24,35,4,0.26608747243881226,4.848484992980957,True,same_geometry_s1k,,,,,,,,,
oproj,representative_medium,artificial,Mx5120x5120 OProj stress shape,16384,4,graph,immediate,single,v10_backward_te_userbuffers_v3,complete_route_then_single_full_gemm,recreate_per_entry,reuse_adjacent_same_shape_v1,not_applicable,branch_masked_v1,0,4096,5120,5120,5120,5120,4096,40,8,128,adapted_te_userbuffers_backward_formal_10w50i,per_sample_local_cuda_event_then_dist_max,full DGrad GEMM -> pack dA -> Userbuffers A2A -> unpack final head shard -> adjacent beta=0 WGrad GEMM,MAX,2.9.0+cu128,2.19.0.dev0+a7aec214,/tmp/TransformerEngine-v10-clean/transformer_engine/__init__.py,12.8,2.27.5,NVIDIA L20X|NVIDIA L20X|NVIDIA L20X|NVIDIA L20X,132|132|132|132,:4096:8,20,3,True,False,1024,4,False,True,0,0.7077760100364685,0.7104672223329545,606.8257803452112,,,,,66,23,35,4,0.2648501396179199,4.848484992980957,True,same_geometry_s1k,,,,,,,,,
oproj,representative_medium,artificial,Mx5120x5120 OProj stress shape,16384,4,graph,deferred,single,v10_backward_te_userbuffers_v3,complete_route_then_single_full_gemm,recreate_per_entry,reuse_adjacent_same_shape_v1,not_applicable,branch_masked_v1,1,4096,5120,5120,5120,5120,4096,40,8,128,adapted_te_userbuffers_backward_formal_10w50i,per_sample_local_cuda_event_then_dist_max,separately timed full DGrad GEMM -> pack dA -> Userbuffers A2A -> unpack final head shard and beta=1 WGrad GEMM,MAX,2.9.0+cu128,2.19.0.dev0+a7aec214,/tmp/TransformerEngine-v10-clean/transformer_engine/__init__.py,12.8,2.27.5,NVIDIA L20X|NVIDIA L20X|NVIDIA L20X|NVIDIA L20X,132|132|132|132,:4096:8,24,3,True,False,1024,4,False,True,0,0.7066560089588165,0.7090303972363472,607.7875573899363,0.41923199594020844,0.4219520092010498,0.2874720096588135,0.28821279257535937,66,24,35,4,0.26566827297210693,4.848484992980957,True,same_geometry_s1k,,,,,,,,,
oproj,representative_medium,artificial,Mx5120x5120 OProj stress shape,16384,8,eager,immediate,single,v10_backward_te_userbuffers_v3,complete_route_then_single_full_gemm,recreate_per_entry,reuse_adjacent_same_shape_v1,not_applicable,branch_masked_v1,0,2048,5120,5120,5120,5120,2048,40,8,128,adapted_te_userbuffers_backward_formal_10w50i,per_sample_local_cuda_event_then_dist_max,full DGrad GEMM -> pack dA -> Userbuffers A2A -> unpack final head shard -> adjacent beta=0 WGrad GEMM,MAX,2.9.0+cu128,2.19.0.dev0+a7aec214,/tmp/TransformerEngine-v10-clean/transformer_engine/__init__.py,12.8,2.27.5,NVIDIA L20X|NVIDIA L20X|NVIDIA L20X|NVIDIA L20X|NVIDIA L20X|NVIDIA L20X|NVIDIA L20X|NVIDIA L20X,132|132|132|132|132|132|132|132,:4096:8,24,3,True,False,512,4,True,True,0,0.5014720261096954,0.5091472208499909,428.2359805111531,,,,,66,248,35,0,0.13589225709438324,1.9393939971923828,True,same_geometry_s1k,,,,,,,,,
oproj,representative_medium,artificial,Mx5120x5120 OProj stress shape,16384,8,eager,deferred,single,v10_backward_te_userbuffers_v3,complete_route_then_single_full_gemm,recreate_per_entry,reuse_adjacent_same_shape_v1,not_applicable,branch_masked_v1,1,2048,5120,5120,5120,5120,2048,40,8,128,adapted_te_userbuffers_backward_formal_10w50i,per_sample_local_cuda_event_then_dist_max,separately timed full DGrad GEMM -> pack dA -> Userbuffers A2A -> unpack final head shard and beta=1 WGrad GEMM,MAX,2.9.0+cu128,2.19.0.dev0+a7aec214,/tmp/TransformerEngine-v10-clean/transformer_engine/__init__.py,12.8,2.27.5,NVIDIA L20X|NVIDIA L20X|NVIDIA L20X|NVIDIA L20X|NVIDIA L20X|NVIDIA L20X|NVIDIA L20X|NVIDIA L20X,132|132|132|132|132|132|132|132,:4096:8,24,3,True,False,512,4,False,True,0,0.5421760082244873,0.549865598231554,396.0860708375051,0.3238080143928528,0.3289551973342896,0.21724800020456314,0.22358399629592896,66,248,35,0,0.13589225709438324,1.9393939971923828,False,same_geometry_s1k,,,,,,,,,
oproj,representative_medium,artificial,Mx5120x5120 OProj stress shape,16384,8,graph,immediate,single,v10_backward_te_userbuffers_v3,complete_route_then_single_full_gemm,recreate_per_entry,reuse_adjacent_same_shape_v1,not_applicable,branch_masked_v1,0,2048,5120,5120,5120,5120,2048,40,8,128,adapted_te_userbuffers_backward_formal_10w50i,per_sample_local_cuda_event_then_dist_max,full DGrad GEMM -> pack dA -> Userbuffers A2A -> unpack final head shard -> adjacent beta=0 WGrad GEMM,MAX,2.9.0+cu128,2.19.0.dev0+a7aec214,/tmp/TransformerEngine-v10-clean/transformer_engine/__init__.py,12.8,2.27.5,NVIDIA L20X|NVIDIA L20X|NVIDIA L20X|NVIDIA L20X|NVIDIA L20X|NVIDIA L20X|NVIDIA L20X|NVIDIA L20X,132|132|132|132|132|132|132|132,:4096:8,24,3,True,False,1024,4,False,True,0,0.45393601059913635,0.45711680799722676,473.0806981287079,,,,,66,248,35,0,0.13589225709438324,1.9393939971923828,True,same_geometry_s1k,,,,,,,,,
oproj,representative_medium,artificial,Mx5120x5120 OProj stress shape,16384,8,graph,deferred,single,v10_backward_te_userbuffers_v3,complete_route_then_single_full_gemm,recreate_per_entry,reuse_adjacent_same_shape_v1,not_applicable,branch_masked_v1,1,2048,5120,5120,5120,5120,2048,40,8,128,adapted_te_userbuffers_backward_formal_10w50i,per_sample_local_cuda_event_then_dist_max,separately timed full DGrad GEMM -> pack dA -> Userbuffers A2A -> unpack final head shard and beta=1 WGrad GEMM,MAX,2.9.0+cu128,2.19.0.dev0+a7aec214,/tmp/TransformerEngine-v10-clean/transformer_engine/__init__.py,12.8,2.27.5,NVIDIA L20X|NVIDIA L20X|NVIDIA L20X|NVIDIA L20X|NVIDIA L20X|NVIDIA L20X|NVIDIA L20X|NVIDIA L20X,132|132|132|132|132|132|132|132,:4096:8,24,3,True,False,1024,4,False,True,0,0.47039999812841415,0.4765008024871349,456.5228861701143,0.27529600262641907,0.2799968078732491,0.19523199647665024,0.19771360382437705,66,248,35,0,0.13589225709438324,1.9393939971923828,True,same_geometry_s1k,,,,,,,,,
oproj,representative_medium,artificial,Mx5120x5120 OProj stress shape,131072,4,eager,immediate,single,v10_backward_te_userbuffers_v3,complete_route_then_single_full_gemm,recreate_per_entry,reuse_adjacent_same_shape_v1,not_applicable,branch_masked_v1,0,32768,5120,5120,5120,5120,32768,40,8,128,adapted_te_userbuffers_backward_formal_10w50i,per_sample_local_cuda_event_then_dist_max,full DGrad GEMM -> pack dA -> Userbuffers A2A -> unpack final head shard -> adjacent beta=0 WGrad GEMM,MAX,2.9.0+cu128,2.19.0.dev0+a7aec214,/tmp/TransformerEngine-v10-clean/transformer_engine/__init__.py,12.8,2.27.5,NVIDIA L20X|NVIDIA L20X|NVIDIA L20X|NVIDIA L20X,132|132|132|132,:4096:8,24,2,False,True,1024,4,False,True,0,5.703792095184326,5.803343963623047,602.4016618174021,,,,,66,24,35,4,2.2926859855651855,38.787879943847656,True,same_geometry_s1k,,,,,,,,,
oproj,representative_medium,artificial,Mx5120x5120 OProj stress shape,131072,4,eager,deferred,single,v10_backward_te_userbuffers_v3,complete_route_then_single_full_gemm,recreate_per_entry,reuse_adjacent_same_shape_v1,not_applicable,branch_masked_v1,1,32768,5120,5120,5120,5120,32768,40,8,128,adapted_te_userbuffers_backward_formal_10w50i,per_sample_local_cuda_event_then_dist_max,separately timed full DGrad GEMM -> pack dA -> Userbuffers A2A -> unpack final head shard and beta=1 WGrad GEMM,MAX,2.9.0+cu128,2.19.0.dev0+a7aec214,/tmp/TransformerEngine-v10-clean/transformer_engine/__init__.py,12.8,2.27.5,NVIDIA L20X|NVIDIA L20X|NVIDIA L20X|NVIDIA L20X,132|132|132|132,:4096:8,24,2,False,True,1024,4,False,True,0,5.866560101509094,7.034742295742035,585.6879972841566,3.3178399801254272,4.54474241733551,2.5252480506896973,2.562790322303772,66,24,35,4,2.2926859855651855,38.787879943847656,False,same_geometry_s1k,,,,,,,,,
oproj,representative_medium,artificial,Mx5120x5120 OProj stress shape,131072,4,graph,immediate,single,v10_backward_te_userbuffers_v3,complete_route_then_single_full_gemm,recreate_per_entry,reuse_adjacent_same_shape_v1,not_applicable,branch_masked_v1,0,32768,5120,5120,5120,5120,32768,40,8,128,adapted_te_userbuffers_backward_formal_10w50i,per_sample_local_cuda_event_then_dist_max,full DGrad GEMM -> pack dA -> Userbuffers A2A -> unpack final head shard -> adjacent beta=0 WGrad GEMM,MAX,2.9.0+cu128,2.19.0.dev0+a7aec214,/tmp/TransformerEngine-v10-clean/transformer_engine/__init__.py,12.8,2.27.5,NVIDIA L20X|NVIDIA L20X|NVIDIA L20X|NVIDIA L20X,132|132|132|132,:4096:8,24,3,False,True,1024,4,False,True,0,5.722016096115112,5.78635184764862,600.4830778320966,,,,,66,24,35,4,2.155289649963379,38.787879943847656,True,same_geometry_s1k,,,,,,,,,
oproj,representative_medium,artificial,Mx5120x5120 OProj stress shape,131072,4,graph,deferred,single,v10_backward_te_userbuffers_v3,complete_route_then_single_full_gemm,recreate_per_entry,reuse_adjacent_same_shape_v1,not_applicable,branch_masked_v1,1,32768,5120,5120,5120,5120,32768,40,8,128,adapted_te_userbuffers_backward_formal_10w50i,per_sample_local_cuda_event_then_dist_max,separately timed full DGrad GEMM -> pack dA -> Userbuffers A2A -> unpack final head shard and beta=1 WGrad GEMM,MAX,2.9.0+cu128,2.19.0.dev0+a7aec214,/tmp/TransformerEngine-v10-clean/transformer_engine/__init__.py,12.8,2.27.5,NVIDIA L20X|NVIDIA L20X|NVIDIA L20X|NVIDIA L20X,132|132|132|132,:4096:8,24,3,True,False,1024,4,False,True,0,5.682767987251282,5.725182437896729,604.6303217918208,3.210752010345459,3.253204810619354,2.4700160026550293,2.4946048021316525,66,24,35,4,2.2714548110961914,38.787879943847656,True,same_geometry_s1k,,,,,,,,,
oproj,representative_medium,artificial,Mx5120x5120 OProj stress shape,131072,8,eager,immediate,single,v10_backward_te_userbuffers_v3,complete_route_then_single_full_gemm,recreate_per_entry,reuse_adjacent_same_shape_v1,not_applicable,branch_masked_v1,0,16384,5120,5120,5120,5120,16384,40,8,128,adapted_te_userbuffers_backward_formal_10w50i,per_sample_local_cuda_event_then_dist_max,full DGrad GEMM -> pack dA -> Userbuffers A2A -> unpack final head shard -> adjacent beta=0 WGrad GEMM,MAX,2.9.0+cu128,2.19.0.dev0+a7aec214,/tmp/TransformerEngine-v10-clean/transformer_engine/__init__.py,12.8,2.27.5,NVIDIA L20X|NVIDIA L20X|NVIDIA L20X|NVIDIA L20X|NVIDIA L20X|NVIDIA L20X|NVIDIA L20X|NVIDIA L20X,132|132|132|132|132|132|132|132,:4096:8,20,3,True,False,1024,4,False,True,0,3.1936960220336914,3.2242079377174377,537.9306316403948,,,,,66,248,35,4,1.1185258626937866,15.515151977539062,True,same_geometry_s1k,,,,,,,,,
oproj,representative_medium,artificial,Mx5120x5120 OProj stress shape,131072,8,eager,deferred,single,v10_backward_te_userbuffers_v3,complete_route_then_single_full_gemm,recreate_per_entry,reuse_adjacent_same_shape_v1,not_applicable,branch_masked_v1,1,16384,5120,5120,5120,5120,16384,40,8,128,adapted_te_userbuffers_backward_formal_10w50i,per_sample_local_cuda_event_then_dist_max,separately timed full DGrad GEMM -> pack dA -> Userbuffers A2A -> unpack final head shard and beta=1 WGrad GEMM,MAX,2.9.0+cu128,2.19.0.dev0+a7aec214,/tmp/TransformerEngine-v10-clean/transformer_engine/__init__.py,12.8,2.27.5,NVIDIA L20X|NVIDIA L20X|NVIDIA L20X|NVIDIA L20X|NVIDIA L20X|NVIDIA L20X|NVIDIA L20X|NVIDIA L20X,132|132|132|132|132|132|132|132,:4096:8,20,3,True,False,1024,4,True,True,0,3.247312009334564,3.2659855544567105,529.0489221428551,1.963808000087738,1.9864671945571901,1.2842879891395569,1.2879392325878145,66,248,35,4,1.1185258626937866,15.515151977539062,True,same_geometry_s1k,,,,,,,,,
oproj,representative_medium,artificial,Mx5120x5120 OProj stress shape,131072,8,graph,immediate,single,v10_backward_te_userbuffers_v3,complete_route_then_single_full_gemm,recreate_per_entry,reuse_adjacent_same_shape_v1,not_applicable,branch_masked_v1,0,16384,5120,5120,5120,5120,16384,40,8,128,adapted_te_userbuffers_backward_formal_10w50i,per_sample_local_cuda_event_then_dist_max,full DGrad GEMM -> pack dA -> Userbuffers A2A -> unpack final head shard -> adjacent beta=0 WGrad GEMM,MAX,2.9.0+cu128,2.19.0.dev0+a7aec214,/tmp/TransformerEngine-v10-clean/transformer_engine/__init__.py,12.8,2.27.5,NVIDIA L20X|NVIDIA L20X|NVIDIA L20X|NVIDIA L20X|NVIDIA L20X|NVIDIA L20X|NVIDIA L20X|NVIDIA L20X,132|132|132|132|132|132|132|132,:4096:8,24,3,True,False,1024,4,False,True,0,3.153455972671509,3.174953579902649,544.7949593361773,,,,,66,248,35,4,1.1099584102630615,15.515151977539062,True,same_geometry_s1k,,,,,,,,,
oproj,representative_medium,artificial,Mx5120x5120 OProj stress shape,131072,8,graph,deferred,single,v10_backward_te_userbuffers_v3,complete_route_then_single_full_gemm,recreate_per_entry,reuse_adjacent_same_shape_v1,not_applicable,branch_masked_v1,1,16384,5120,5120,5120,5120,16384,40,8,128,adapted_te_userbuffers_backward_formal_10w50i,per_sample_local_cuda_event_then_dist_max,separately timed full DGrad GEMM -> pack dA -> Userbuffers A2A -> unpack final head shard and beta=1 WGrad GEMM,MAX,2.9.0+cu128,2.19.0.dev0+a7aec214,/tmp/TransformerEngine-v10-clean/transformer_engine/__init__.py,12.8,2.27.5,NVIDIA L20X|NVIDIA L20X|NVIDIA L20X|NVIDIA L20X|NVIDIA L20X|NVIDIA L20X|NVIDIA L20X|NVIDIA L20X,132|132|132|132|132|132|132|132,:4096:8,24,3,True,False,1024,4,False,True,0,3.1878239512443542,3.2150512516498564,538.9215165816765,1.9246240258216858,1.9434448421001436,1.265663981437683,1.280457615852356,66,248,35,4,1.1099584102630615,15.515151977539062,True,same_geometry_s1k,,,,,,,,,
oproj,representative_medium,artificial,Mx5120x5120 OProj stress shape,262144,4,eager,immediate,single,v10_backward_te_userbuffers_v3,complete_route_then_single_full_gemm,recreate_per_entry,reuse_adjacent_same_shape_v1,not_applicable,branch_masked_v1,0,65536,5120,5120,5120,5120,65536,40,8,128,adapted_te_userbuffers_backward_formal_10w50i,per_sample_local_cuda_event_then_dist_max,full DGrad GEMM -> pack dA -> Userbuffers A2A -> unpack final head shard -> adjacent beta=0 WGrad GEMM,MAX,2.9.0+cu128,2.19.0.dev0+a7aec214,/tmp/TransformerEngine-v10-clean/transformer_engine/__init__.py,12.8,2.27.5,NVIDIA L20X|NVIDIA L20X|NVIDIA L20X|NVIDIA L20X,132|132|132|132,:4096:8,24,2,False,True,1024,4,False,True,0,11.455120086669922,11.693367910385131,599.9018449048594,,,,,66,209,35,4,4.789788722991943,69.95454406738281,True,same_geometry_s1k,,,,,,,,,
oproj,representative_medium,artificial,Mx5120x5120 OProj stress shape,262144,4,eager,deferred,single,v10_backward_te_userbuffers_v3,complete_route_then_single_full_gemm,recreate_per_entry,reuse_adjacent_same_shape_v1,not_applicable,branch_masked_v1,1,65536,5120,5120,5120,5120,65536,40,8,128,adapted_te_userbuffers_backward_formal_10w50i,per_sample_local_cuda_event_then_dist_max,separately timed full DGrad GEMM -> pack dA -> Userbuffers A2A -> unpack final head shard and beta=1 WGrad GEMM,MAX,2.9.0+cu128,2.19.0.dev0+a7aec214,/tmp/TransformerEngine-v10-clean/transformer_engine/__init__.py,12.8,2.27.5,NVIDIA L20X|NVIDIA L20X|NVIDIA L20X|NVIDIA L20X,132|132|132|132,:4096:8,24,2,False,True,1024,4,False,True,0,12.084255933761597,12.713243460655212,568.6694912179747,7.032208204269409,7.588572716712951,5.024976015090942,5.225324892997742,66,209,35,4,4.789788722991943,69.95454406738281,False,same_geometry_s1k,,,,,,,,,
oproj,representative_medium,artificial,Mx5120x5120 OProj stress shape,262144,4,graph,immediate,single,v10_backward_te_userbuffers_v3,complete_route_then_single_full_gemm,recreate_per_entry,reuse_adjacent_same_shape_v1,not_applicable,branch_masked_v1,0,65536,5120,5120,5120,5120,65536,40,8,128,adapted_te_userbuffers_backward_formal_10w50i,per_sample_local_cuda_event_then_dist_max,full DGrad GEMM -> pack dA -> Userbuffers A2A -> unpack final head shard -> adjacent beta=0 WGrad GEMM,MAX,2.9.0+cu128,2.19.0.dev0+a7aec214,/tmp/TransformerEngine-v10-clean/transformer_engine/__init__.py,12.8,2.27.5,NVIDIA L20X|NVIDIA L20X|NVIDIA L20X|NVIDIA L20X,132|132|132|132,:4096:8,20,3,True,False,1024,4,False,True,0,11.479904174804688,11.68535327911377,598.6067103837055,,,,,66,24,35,4,4.847573280334473,77.57575988769531,True,same_geometry_s1k,,,,,,,,,
oproj,representative_medium,artificial,Mx5120x5120 OProj stress shape,262144,4,graph,deferred,single,v10_backward_te_userbuffers_v3,complete_route_then_single_full_gemm,recreate_per_entry,reuse_adjacent_same_shape_v1,not_applicable,branch_masked_v1,1,65536,5120,5120,5120,5120,65536,40,8,128,adapted_te_userbuffers_backward_formal_10w50i,per_sample_local_cuda_event_then_dist_max,separately timed full DGrad GEMM -> pack dA -> Userbuffers A2A -> unpack final head shard and beta=1 WGrad GEMM,MAX,2.9.0+cu128,2.19.0.dev0+a7aec214,/tmp/TransformerEngine-v10-clean/transformer_engine/__init__.py,12.8,2.27.5,NVIDIA L20X|NVIDIA L20X|NVIDIA L20X|NVIDIA L20X,132|132|132|132,:4096:8,20,3,True,False,1024,4,False,True,0,11.74230408668518,12.003697443008424,585.2299193471092,6.792255878448486,6.954950284957885,4.946336030960083,5.091612720489502,66,24,35,4,4.847573280334473,77.57575988769531,False,same_geometry_s1k,,,,,,,,,
oproj,representative_medium,artificial,Mx5120x5120 OProj stress shape,262144,8,eager,immediate,single,v10_backward_te_userbuffers_v3,complete_route_then_single_full_gemm,recreate_per_entry,reuse_adjacent_same_shape_v1,not_applicable,branch_masked_v1,0,32768,5120,5120,5120,5120,32768,40,8,128,adapted_te_userbuffers_backward_formal_10w50i,per_sample_local_cuda_event_then_dist_max,full DGrad GEMM -> pack dA -> Userbuffers A2A -> unpack final head shard -> adjacent beta=0 WGrad GEMM,MAX,2.9.0+cu128,2.19.0.dev0+a7aec214,/tmp/TransformerEngine-v10-clean/transformer_engine/__init__.py,12.8,2.27.5,NVIDIA L20X|NVIDIA L20X|NVIDIA L20X|NVIDIA L20X|NVIDIA L20X|NVIDIA L20X|NVIDIA L20X|NVIDIA L20X,132|132|132|132|132|132|132|132,:4096:8,24,3,True,False,1024,4,False,True,0,6.236719846725464,6.303640055656433,550.9264358898578,,,,,66,24,35,4,2.197802782058716,38.787879943847656,True,same_geometry_s1k,,,,,,,,,
oproj,representative_medium,artificial,Mx5120x5120 OProj stress shape,262144,8,eager,deferred,single,v10_backward_te_userbuffers_v3,complete_route_then_single_full_gemm,recreate_per_entry,reuse_adjacent_same_shape_v1,not_applicable,branch_masked_v1,1,32768,5120,5120,5120,5120,32768,40,8,128,adapted_te_userbuffers_backward_formal_10w50i,per_sample_local_cuda_event_then_dist_max,separately timed full DGrad GEMM -> pack dA -> Userbuffers A2A -> unpack final head shard and beta=1 WGrad GEMM,MAX,2.9.0+cu128,2.19.0.dev0+a7aec214,/tmp/TransformerEngine-v10-clean/transformer_engine/__init__.py,12.8,2.27.5,NVIDIA L20X|NVIDIA L20X|NVIDIA L20X|NVIDIA L20X|NVIDIA L20X|NVIDIA L20X|NVIDIA L20X|NVIDIA L20X,132|132|132|132|132|132|132|132,:4096:8,24,3,True,False,1024,4,False,True,0,6.3140000104904175,6.5645904541015625,544.183375212431,3.785632014274597,4.032091164588929,2.524336099624634,2.5466624021530153,66,24,35,4,2.197802782058716,38.787879943847656,False,same_geometry_s1k,,,,,,,,,
oproj,representative_medium,artificial,Mx5120x5120 OProj stress shape,262144,8,graph,immediate,single,v10_backward_te_userbuffers_v3,complete_route_then_single_full_gemm,recreate_per_entry,reuse_adjacent_same_shape_v1,not_applicable,branch_masked_v1,0,32768,5120,5120,5120,5120,32768,40,8,128,adapted_te_userbuffers_backward_formal_10w50i,per_sample_local_cuda_event_then_dist_max,full DGrad GEMM -> pack dA -> Userbuffers A2A -> unpack final head shard -> adjacent beta=0 WGrad GEMM,MAX,2.9.0+cu128,2.19.0.dev0+a7aec214,/tmp/TransformerEngine-v10-clean/transformer_engine/__init__.py,12.8,2.27.5,NVIDIA L20X|NVIDIA L20X|NVIDIA L20X|NVIDIA L20X|NVIDIA L20X|NVIDIA L20X|NVIDIA L20X|NVIDIA L20X,132|132|132|132|132|132|132|132,:4096:8,24,3,True,False,1024,4,True,True,0,6.169951915740967,6.198366332054138,556.888268129617,,,,,66,24,35,4,2.197802782058716,38.787879943847656,True,same_geometry_s1k,,,,,,,,,
oproj,representative_medium,artificial,Mx5120x5120 OProj stress shape,262144,8,graph,deferred,single,v10_backward_te_userbuffers_v3,complete_route_then_single_full_gemm,recreate_per_entry,reuse_adjacent_same_shape_v1,not_applicable,branch_masked_v1,1,32768,5120,5120,5120,5120,32768,40,8,128,adapted_te_userbuffers_backward_formal_10w50i,per_sample_local_cuda_event_then_dist_max,separately timed full DGrad GEMM -> pack dA -> Userbuffers A2A -> unpack final head shard and beta=1 WGrad GEMM,MAX,2.9.0+cu128,2.19.0.dev0+a7aec214,/tmp/TransformerEngine-v10-clean/transformer_engine/__init__.py,12.8,2.27.5,NVIDIA L20X|NVIDIA L20X|NVIDIA L20X|NVIDIA L20X|NVIDIA L20X|NVIDIA L20X|NVIDIA L20X|NVIDIA L20X,132|132|132|132|132|132|132|132,:4096:8,24,3,True,False,1024,4,False,True,0,6.232095956802368,6.260515236854554,551.3351945503367,3.7369439601898193,3.7631472826004027,2.489327907562256,2.5239375829696655,66,24,35,4,2.197802782058716,38.787879943847656,True,same_geometry_s1k,,,,,,,,,
oproj,representative_medium,artificial,Mx5120x5120 OProj stress shape,524288,4,eager,immediate,single,v10_backward_te_userbuffers_v3,complete_route_then_single_full_gemm,recreate_per_entry,reuse_adjacent_same_shape_v1,not_applicable,branch_masked_v1,0,131072,5120,5120,5120,5120,131072,40,8,128,adapted_te_userbuffers_backward_formal_10w50i,per_sample_local_cuda_event_then_dist_max,full DGrad GEMM -> pack dA -> Userbuffers A2A -> unpack final head shard -> adjacent beta=0 WGrad GEMM,MAX,2.9.0+cu128,2.19.0.dev0+a7aec214,/tmp/TransformerEngine-v10-clean/transformer_engine/__init__.py,12.8,2.27.5,NVIDIA L20X|NVIDIA L20X|NVIDIA L20X|NVIDIA L20X,132|132|132|132,:4096:8,24,2,False,True,1024,4,True,True,0,23.315744400024414,27.350808143615723,589.4684343505502,,,,,66,24,35,4,9.633101463317871,155.15151977539062,True,same_geometry_s1k,,,,,,,,,
oproj,representative_medium,artificial,Mx5120x5120 OProj stress shape,524288,4,eager,deferred,single,v10_backward_te_userbuffers_v3,complete_route_then_single_full_gemm,recreate_per_entry,reuse_adjacent_same_shape_v1,not_applicable,branch_masked_v1,1,131072,5120,5120,5120,5120,131072,40,8,128,adapted_te_userbuffers_backward_formal_10w50i,per_sample_local_cuda_event_then_dist_max,separately timed full DGrad GEMM -> pack dA -> Userbuffers A2A -> unpack final head shard and beta=1 WGrad GEMM,MAX,2.9.0+cu128,2.19.0.dev0+a7aec214,/tmp/TransformerEngine-v10-clean/transformer_engine/__init__.py,12.8,2.27.5,NVIDIA L20X|NVIDIA L20X|NVIDIA L20X|NVIDIA L20X,132|132|132|132,:4096:8,24,2,False,True,1024,4,True,True,0,23.663599491119385,24.55851831436157,580.8032439172193,13.266687870025635,14.108785724639892,10.288496017456055,10.814047718048094,66,24,35,4,9.633101463317871,155.15151977539062,False,same_geometry_s1k,,,,,,,,,
oproj,representative_medium,artificial,Mx5120x5120 OProj stress shape,524288,4,graph,immediate,single,v10_backward_te_userbuffers_v3,complete_route_then_single_full_gemm,recreate_per_entry,reuse_adjacent_same_shape_v1,not_applicable,branch_masked_v1,0,131072,5120,5120,5120,5120,131072,40,8,128,adapted_te_userbuffers_backward_formal_10w50i,per_sample_local_cuda_event_then_dist_max,full DGrad GEMM -> pack dA -> Userbuffers A2A -> unpack final head shard -> adjacent beta=0 WGrad GEMM,MAX,2.9.0+cu128,2.19.0.dev0+a7aec214,/tmp/TransformerEngine-v10-clean/transformer_engine/__init__.py,12.8,2.27.5,NVIDIA L20X|NVIDIA L20X|NVIDIA L20X|NVIDIA L20X,132|132|132|132,:4096:8,24,3,True,False,1024,4,False,True,0,23.556015968322754,27.42055206298828,583.4558511796848,,,,,66,24,35,4,9.655349731445312,155.15151977539062,True,same_geometry_s1k,,,,,,,,,
oproj,representative_medium,artificial,Mx5120x5120 OProj stress shape,524288,4,graph,deferred,single,v10_backward_te_userbuffers_v3,complete_route_then_single_full_gemm,recreate_per_entry,reuse_adjacent_same_shape_v1,not_applicable,branch_masked_v1,1,131072,5120,5120,5120,5120,131072,40,8,128,adapted_te_userbuffers_backward_formal_10w50i,per_sample_local_cuda_event_then_dist_max,separately timed full DGrad GEMM -> pack dA -> Userbuffers A2A -> unpack final head shard and beta=1 WGrad GEMM,MAX,2.9.0+cu128,2.19.0.dev0+a7aec214,/tmp/TransformerEngine-v10-clean/transformer_engine/__init__.py,12.8,2.27.5,NVIDIA L20X|NVIDIA L20X|NVIDIA L20X|NVIDIA L20X,132|132|132|132,:4096:8,24,3,True,False,1024,4,False,True,0,23.408607959747314,24.785262250900267,587.1299724799338,13.353216171264648,14.802972745895385,9.932144165039062,10.210748863220214,66,24,35,4,9.655349731445312,155.15151977539062,False,same_geometry_s1k,,,,,,,,,
oproj,representative_medium,artificial,Mx5120x5120 OProj stress shape,524288,8,eager,immediate,single,v10_backward_te_userbuffers_v3,complete_route_then_single_full_gemm,recreate_per_entry,reuse_adjacent_same_shape_v1,not_applicable,branch_masked_v1,0,65536,5120,5120,5120,5120,65536,40,8,128,adapted_te_userbuffers_backward_formal_10w50i,per_sample_local_cuda_event_then_dist_max,full DGrad GEMM -> pack dA -> Userbuffers A2A -> unpack final head shard -> adjacent beta=0 WGrad GEMM,MAX,2.9.0+cu128,2.19.0.dev0+a7aec214,/tmp/TransformerEngine-v10-clean/transformer_engine/__init__.py,12.8,2.27.5,NVIDIA L20X|NVIDIA L20X|NVIDIA L20X|NVIDIA L20X|NVIDIA L20X|NVIDIA L20X|NVIDIA L20X|NVIDIA L20X,132|132|132|132|132|132|132|132,:4096:8,24,3,True,False,1024,4,False,True,0,12.4093599319458,12.53901915550232,553.7713235240547,,,,,66,24,35,4,4.8152384757995605,77.57575988769531,True,same_geometry_s1k,,,,,,,,,
oproj,representative_medium,artificial,Mx5120x5120 OProj stress shape,524288,8,eager,deferred,single,v10_backward_te_userbuffers_v3,complete_route_then_single_full_gemm,recreate_per_entry,reuse_adjacent_same_shape_v1,not_applicable,branch_masked_v1,1,65536,5120,5120,5120,5120,65536,40,8,128,adapted_te_userbuffers_backward_formal_10w50i,per_sample_local_cuda_event_then_dist_max,separately timed full DGrad GEMM -> pack dA -> Userbuffers A2A -> unpack final head shard and beta=1 WGrad GEMM,MAX,2.9.0+cu128,2.19.0.dev0+a7aec214,/tmp/TransformerEngine-v10-clean/transformer_engine/__init__.py,12.8,2.27.5,NVIDIA L20X|NVIDIA L20X|NVIDIA L20X|NVIDIA L20X|NVIDIA L20X|NVIDIA L20X|NVIDIA L20X|NVIDIA L20X,132|132|132|132|132|132|132|132,:4096:8,24,3,True,False,1024,4,False,True,0,12.537791728973389,12.624371433258057,548.0987260076846,7.534463882446289,7.603209495544434,4.985743999481201,5.06302900314331,66,24,35,4,4.8152384757995605,77.57575988769531,False,same_geometry_s1k,,,,,,,,,
oproj,representative_medium,artificial,Mx5120x5120 OProj stress shape,524288,8,graph,immediate,single,v10_backward_te_userbuffers_v3,complete_route_then_single_full_gemm,recreate_per_entry,reuse_adjacent_same_shape_v1,not_applicable,branch_masked_v1,0,65536,5120,5120,5120,5120,65536,40,8,128,adapted_te_userbuffers_backward_formal_10w50i,per_sample_local_cuda_event_then_dist_max,full DGrad GEMM -> pack dA -> Userbuffers A2A -> unpack final head shard -> adjacent beta=0 WGrad GEMM,MAX,2.9.0+cu128,2.19.0.dev0+a7aec214,/tmp/TransformerEngine-v10-clean/transformer_engine/__init__.py,12.8,2.27.5,NVIDIA L20X|NVIDIA L20X|NVIDIA L20X|NVIDIA L20X|NVIDIA L20X|NVIDIA L20X|NVIDIA L20X|NVIDIA L20X,132|132|132|132|132|132|132|132,:4096:8,20,3,True,False,1024,4,False,True,0,12.37011194229126,12.528320169448852,555.5283335881551,,,,,66,29,35,4,4.8087263107299805,124.24242401123047,True,same_geometry_s1k,,,,,,,,,
oproj,representative_medium,artificial,Mx5120x5120 OProj stress shape,524288,8,graph,deferred,single,v10_backward_te_userbuffers_v3,complete_route_then_single_full_gemm,recreate_per_entry,reuse_adjacent_same_shape_v1,not_applicable,branch_masked_v1,1,65536,5120,5120,5120,5120,65536,40,8,128,adapted_te_userbuffers_backward_formal_10w50i,per_sample_local_cuda_event_then_dist_max,separately timed full DGrad GEMM -> pack dA -> Userbuffers A2A -> unpack final head shard and beta=1 WGrad GEMM,MAX,2.9.0+cu128,2.19.0.dev0+a7aec214,/tmp/TransformerEngine-v10-clean/transformer_engine/__init__.py,12.8,2.27.5,NVIDIA L20X|NVIDIA L20X|NVIDIA L20X|NVIDIA L20X|NVIDIA L20X|NVIDIA L20X|NVIDIA L20X|NVIDIA L20X,132|132|132|132|132|132|132|132,:4096:8,20,3,True,False,1024,4,False,True,0,12.428047895431519,12.614060878753662,552.9386216902246,7.46451210975647,7.573569560050965,4.964080095291138,5.110771250724793,66,29,35,4,4.8087263107299805,124.24242401123047,False,same_geometry_s1k,,,,,,,,,
oproj,representative_large,artificial,Mx7168x16384 OProj stress shape,1024,4,eager,immediate,single,v10_backward_te_userbuffers_v3,complete_route_then_single_full_gemm,recreate_per_entry,reuse_adjacent_same_shape_v1,not_applicable,branch_masked_v1,0,256,16384,7168,7168,16384,256,128,8,128,adapted_te_userbuffers_backward_formal_10w50i,per_sample_local_cuda_event_then_dist_max,full DGrad GEMM -> pack dA -> Userbuffers A2A -> unpack final head shard -> adjacent beta=0 WGrad GEMM,MAX,2.9.0+cu128,2.19.0.dev0+a7aec214,/tmp/TransformerEngine-v10-clean/transformer_engine/__init__.py,12.8,2.27.5,NVIDIA L20X|NVIDIA L20X|NVIDIA L20X|NVIDIA L20X,132|132|132|132,:4096:8,24,1,True,False,512,4,False,True,0,0.3004480004310608,0.3115056037902832,400.2658833324271,,,,,66,24,35,0,0.08351466804742813,0.9696969985961914,True,exact,,0.0,,0.0,0.0009765625,0.0029296875,0,,0
oproj,representative_large,artificial,Mx7168x16384 OProj stress shape,1024,4,eager,deferred,single,v10_backward_te_userbuffers_v3,complete_route_then_single_full_gemm,recreate_per_entry,reuse_adjacent_same_shape_v1,not_applicable,branch_masked_v1,1,256,16384,7168,7168,16384,256,128,8,128,adapted_te_userbuffers_backward_formal_10w50i,per_sample_local_cuda_event_then_dist_max,separately timed full DGrad GEMM -> pack dA -> Userbuffers A2A -> unpack final head shard and beta=1 WGrad GEMM,MAX,2.9.0+cu128,2.19.0.dev0+a7aec214,/tmp/TransformerEngine-v10-clean/transformer_engine/__init__.py,12.8,2.27.5,NVIDIA L20X|NVIDIA L20X|NVIDIA L20X|NVIDIA L20X,132|132|132|132,:4096:8,24,1,True,False,512,4,False,True,0,0.4144800007343292,0.427748803794384,290.14448001094974,0.17292799800634384,0.18504800274968147,0.24110399931669235,0.24828320145606994,66,24,35,0,0.08351466804742813,0.9696969985961914,False,exact,,0.0,,0.0,0.0009765625,0.0029296875,0,,0
oproj,representative_large,artificial,Mx7168x16384 OProj stress shape,1024,4,graph,immediate,single,v10_backward_te_userbuffers_v3,complete_route_then_single_full_gemm,recreate_per_entry,reuse_adjacent_same_shape_v1,not_applicable,branch_masked_v1,0,256,16384,7168,7168,16384,256,128,8,128,adapted_te_userbuffers_backward_formal_10w50i,per_sample_local_cuda_event_then_dist_max,full DGrad GEMM -> pack dA -> Userbuffers A2A -> unpack final head shard -> adjacent beta=0 WGrad GEMM,MAX,2.9.0+cu128,2.19.0.dev0+a7aec214,/tmp/TransformerEngine-v10-clean/transformer_engine/__init__.py,12.8,2.27.5,NVIDIA L20X|NVIDIA L20X|NVIDIA L20X|NVIDIA L20X,132|132|132|132,:4096:8,12,3,True,False,1024,4,False,True,0,0.25758400559425354,0.2594799980521202,466.87325950444364,,,,,66,24,35,0,0.08330132812261581,0.9696969985961914,True,exact,,0.0,,0.0,0.0009765625,0.0029296875,0,,0
oproj,representative_large,artificial,Mx7168x16384 OProj stress shape,1024,4,graph,deferred,single,v10_backward_te_userbuffers_v3,complete_route_then_single_full_gemm,recreate_per_entry,reuse_adjacent_same_shape_v1,not_applicable,branch_masked_v1,1,256,16384,7168,7168,16384,256,128,8,128,adapted_te_userbuffers_backward_formal_10w50i,per_sample_local_cuda_event_then_dist_max,separately timed full DGrad GEMM -> pack dA -> Userbuffers A2A -> unpack final head shard and beta=1 WGrad GEMM,MAX,2.9.0+cu128,2.19.0.dev0+a7aec214,/tmp/TransformerEngine-v10-clean/transformer_engine/__init__.py,12.8,2.27.5,NVIDIA L20X|NVIDIA L20X|NVIDIA L20X|NVIDIA L20X,132|132|132|132,:4096:8,12,3,True,False,1024,4,False,True,0,0.3497439995408058,0.35276160314679145,343.8488850298887,0.1329760029911995,0.13545759990811346,0.2165759950876236,0.2179152011871338,66,24,35,0,0.08330132812261581,0.9696969985961914,False,exact,,0.0,,0.0,0.0009765625,0.0029296875,0,,0
oproj,representative_large,artificial,Mx7168x16384 OProj stress shape,1024,8,eager,immediate,single,v10_backward_te_userbuffers_v3,complete_route_then_single_full_gemm,recreate_per_entry,reuse_adjacent_same_shape_v1,not_applicable,branch_masked_v1,0,128,16384,7168,7168,16384,128,128,8,128,adapted_te_userbuffers_backward_formal_10w50i,per_sample_local_cuda_event_then_dist_max,full DGrad GEMM -> pack dA -> Userbuffers A2A -> unpack final head shard -> adjacent beta=0 WGrad GEMM,MAX,2.9.0+cu128,2.19.0.dev0+a7aec214,/tmp/TransformerEngine-v10-clean/transformer_engine/__init__.py,12.8,2.27.5,NVIDIA L20X|NVIDIA L20X|NVIDIA L20X|NVIDIA L20X|NVIDIA L20X|NVIDIA L20X|NVIDIA L20X|NVIDIA L20X,132|132|132|132|132|132|132|132,:4096:8,20,3,True,False,512,4,False,True,0,0.30854399502277374,0.4407776027917862,194.88158289893738,,,,,66,20,35,0,0.06241600215435028,0.9696969985961914,True,exact,,0.0,,0.0,0.0009765625,0.001953125,0,,0
oproj,representative_large,artificial,Mx7168x16384 OProj stress shape,1024,8,eager,deferred,single,v10_backward_te_userbuffers_v3,complete_route_then_single_full_gemm,recreate_per_entry,reuse_adjacent_same_shape_v1,not_applicable,branch_masked_v1,1,128,16384,7168,7168,16384,128,128,8,128,adapted_te_userbuffers_backward_formal_10w50i,per_sample_local_cuda_event_then_dist_max,separately timed full DGrad GEMM -> pack dA -> Userbuffers A2A -> unpack final head shard and beta=1 WGrad GEMM,MAX,2.9.0+cu128,2.19.0.dev0+a7aec214,/tmp/TransformerEngine-v10-clean/transformer_engine/__init__.py,12.8,2.27.5,NVIDIA L20X|NVIDIA L20X|NVIDIA L20X|NVIDIA L20X|NVIDIA L20X|NVIDIA L20X|NVIDIA L20X|NVIDIA L20X,132|132|132|132|132|132|132|132,:4096:8,24,1,True,False,512,4,False,True,0,0.41340799629688263,0.4392863981425762,145.44842548429781,0.1754399985074997,0.1969712004065513,0.23771200329065323,0.24035200476646423,66,20,35,0,0.06243840232491493,0.9696969985961914,False,exact,,0.0,,0.0,0.0009765625,0.001953125,0,,0
oproj,representative_large,artificial,Mx7168x16384 OProj stress shape,1024,8,graph,immediate,single,v10_backward_te_userbuffers_v3,complete_route_then_single_full_gemm,recreate_per_entry,reuse_adjacent_same_shape_v1,not_applicable,branch_masked_v1,0,128,16384,7168,7168,16384,128,128,8,128,adapted_te_userbuffers_backward_formal_10w50i,per_sample_local_cuda_event_then_dist_max,full DGrad GEMM -> pack dA -> Userbuffers A2A -> unpack final head shard -> adjacent beta=0 WGrad GEMM,MAX,2.9.0+cu128,2.19.0.dev0+a7aec214,/tmp/TransformerEngine-v10-clean/transformer_engine/__init__.py,12.8,2.27.5,NVIDIA L20X|NVIDIA L20X|NVIDIA L20X|NVIDIA L20X|NVIDIA L20X|NVIDIA L20X|NVIDIA L20X|NVIDIA L20X,132|132|132|132|132|132|132|132,:4096:8,16,3,True,False,1024,4,False,True,0,0.2287360057234764,0.2326944053173065,262.8774685201587,,,,,66,20,35,0,0.06258240342140198,0.9696969985961914,True,exact,,0.0,,0.0,0.0009765625,0.001953125,0,,0
oproj,representative_large,artificial,Mx7168x16384 OProj stress shape,1024,8,graph,deferred,single,v10_backward_te_userbuffers_v3,complete_route_then_single_full_gemm,recreate_per_entry,reuse_adjacent_same_shape_v1,not_applicable,branch_masked_v1,1,128,16384,7168,7168,16384,128,128,8,128,adapted_te_userbuffers_backward_formal_10w50i,per_sample_local_cuda_event_then_dist_max,separately timed full DGrad GEMM -> pack dA -> Userbuffers A2A -> unpack final head shard and beta=1 WGrad GEMM,MAX,2.9.0+cu128,2.19.0.dev0+a7aec214,/tmp/TransformerEngine-v10-clean/transformer_engine/__init__.py,12.8,2.27.5,NVIDIA L20X|NVIDIA L20X|NVIDIA L20X|NVIDIA L20X|NVIDIA L20X|NVIDIA L20X|NVIDIA L20X|NVIDIA L20X,132|132|132|132|132|132|132|132,:4096:8,16,3,True,False,1024,4,False,True,0,0.33235200494527817,0.3373600017279387,180.92125592532636,0.115983996540308,0.11902559734880924,0.2163039967417717,0.21845599859952924,66,20,35,0,0.06258240342140198,0.9696969985961914,True,exact,,0.0,,0.0,0.0009765625,0.001953125,0,,0
oproj,representative_large,artificial,Mx7168x16384 OProj stress shape,4096,4,eager,immediate,single,v10_backward_te_userbuffers_v3,complete_route_then_single_full_gemm,recreate_per_entry,reuse_adjacent_same_shape_v1,not_applicable,branch_masked_v1,0,1024,16384,7168,7168,16384,1024,128,8,128,adapted_te_userbuffers_backward_formal_10w50i,per_sample_local_cuda_event_then_dist_max,full DGrad GEMM -> pack dA -> Userbuffers A2A -> unpack final head shard -> adjacent beta=0 WGrad GEMM,MAX,2.9.0+cu128,2.19.0.dev0+a7aec214,/tmp/TransformerEngine-v10-clean/transformer_engine/__init__.py,12.8,2.27.5,NVIDIA L20X|NVIDIA L20X|NVIDIA L20X|NVIDIA L20X,132|132|132|132,:4096:8,8,3,True,False,1024,4,False,True,0,0.8043199777603149,0.8161215990781784,598.0658823015676,,,,,66,23,35,4,0.29284054040908813,3.8787879943847656,True,same_geometry_s1k,,,,,,,,,
oproj,representative_large,artificial,Mx7168x16384 OProj stress shape,4096,4,eager,deferred,single,v10_backward_te_userbuffers_v3,complete_route_then_single_full_gemm,recreate_per_entry,reuse_adjacent_same_shape_v1,not_applicable,branch_masked_v1,1,1024,16384,7168,7168,16384,1024,128,8,128,adapted_te_userbuffers_backward_formal_10w50i,per_sample_local_cuda_event_then_dist_max,separately timed full DGrad GEMM -> pack dA -> Userbuffers A2A -> unpack final head shard and beta=1 WGrad GEMM,MAX,2.9.0+cu128,2.19.0.dev0+a7aec214,/tmp/TransformerEngine-v10-clean/transformer_engine/__init__.py,12.8,2.27.5,NVIDIA L20X|NVIDIA L20X|NVIDIA L20X|NVIDIA L20X,132|132|132|132,:4096:8,8,1,True,False,1024,4,False,True,0,0.8679360002279282,0.8764095976948738,554.2301932696366,0.4642239958047867,0.4717935979366302,0.4034239947795868,0.4076335936784744,66,23,35,4,0.29274454712867737,3.8787879943847656,True,same_geometry_s1k,,,,,,,,,
oproj,representative_large,artificial,Mx7168x16384 OProj stress shape,4096,4,graph,immediate,single,v10_backward_te_userbuffers_v3,complete_route_then_single_full_gemm,recreate_per_entry,reuse_adjacent_same_shape_v1,not_applicable,branch_masked_v1,0,1024,16384,7168,7168,16384,1024,128,8,128,adapted_te_userbuffers_backward_formal_10w50i,per_sample_local_cuda_event_then_dist_max,full DGrad GEMM -> pack dA -> Userbuffers A2A -> unpack final head shard -> adjacent beta=0 WGrad GEMM,MAX,2.9.0+cu128,2.19.0.dev0+a7aec214,/tmp/TransformerEngine-v10-clean/transformer_engine/__init__.py,12.8,2.27.5,NVIDIA L20X|NVIDIA L20X|NVIDIA L20X|NVIDIA L20X,132|132|132|132,:4096:8,20,3,True,False,1024,4,False,True,0,0.7631680071353912,0.7845648109912873,630.3151241331594,,,,,66,23,35,4,0.297812283039093,3.8787879943847656,True,same_geometry_s1k,,,,,,,,,
oproj,representative_large,artificial,Mx7168x16384 OProj stress shape,4096,4,graph,deferred,single,v10_backward_te_userbuffers_v3,complete_route_then_single_full_gemm,recreate_per_entry,reuse_adjacent_same_shape_v1,not_applicable,branch_masked_v1,1,1024,16384,7168,7168,16384,1024,128,8,128,adapted_te_userbuffers_backward_formal_10w50i,per_sample_local_cuda_event_then_dist_max,separately timed full DGrad GEMM -> pack dA -> Userbuffers A2A -> unpack final head shard and beta=1 WGrad GEMM,MAX,2.9.0+cu128,2.19.0.dev0+a7aec214,/tmp/TransformerEngine-v10-clean/transformer_engine/__init__.py,12.8,2.27.5,NVIDIA L20X|NVIDIA L20X|NVIDIA L20X|NVIDIA L20X,132|132|132|132,:4096:8,20,3,True,False,512,4,False,True,0,0.8210880011320114,0.8305472061038017,585.8523525965651,0.43563200533390045,0.43870879858732226,0.3858560025691986,0.3960671976208687,66,23,35,4,0.297812283039093,3.8787879943847656,True,same_geometry_s1k,,,,,,,,,
oproj,representative_large,artificial,Mx7168x16384 OProj stress shape,4096,8,eager,immediate,single,v10_backward_te_userbuffers_v3,complete_route_then_single_full_gemm,recreate_per_entry,reuse_adjacent_same_shape_v1,not_applicable,branch_masked_v1,0,512,16384,7168,7168,16384,512,128,8,128,adapted_te_userbuffers_backward_formal_10w50i,per_sample_local_cuda_event_then_dist_max,full DGrad GEMM -> pack dA -> Userbuffers A2A -> unpack final head shard -> adjacent beta=0 WGrad GEMM,MAX,2.9.0+cu128,2.19.0.dev0+a7aec214,/tmp/TransformerEngine-v10-clean/transformer_engine/__init__.py,12.8,2.27.5,NVIDIA L20X|NVIDIA L20X|NVIDIA L20X|NVIDIA L20X|NVIDIA L20X|NVIDIA L20X|NVIDIA L20X|NVIDIA L20X,132|132|132|132|132|132|132|132,:4096:8,20,3,True,False,512,4,False,True,0,0.5735200047492981,0.6021679818630218,419.3718904036091,,,,,66,23,35,0,0.15300481021404266,1.9393939971923828,True,same_geometry_s1k,,,,,,,,,
oproj,representative_large,artificial,Mx7168x16384 OProj stress shape,4096,8,eager,deferred,single,v10_backward_te_userbuffers_v3,complete_route_then_single_full_gemm,recreate_per_entry,reuse_adjacent_same_shape_v1,not_applicable,branch_masked_v1,1,512,16384,7168,7168,16384,512,128,8,128,adapted_te_userbuffers_backward_formal_10w50i,per_sample_local_cuda_event_then_dist_max,separately timed full DGrad GEMM -> pack dA -> Userbuffers A2A -> unpack final head shard and beta=1 WGrad GEMM,MAX,2.9.0+cu128,2.19.0.dev0+a7aec214,/tmp/TransformerEngine-v10-clean/transformer_engine/__init__.py,12.8,2.27.5,NVIDIA L20X|NVIDIA L20X|NVIDIA L20X|NVIDIA L20X|NVIDIA L20X|NVIDIA L20X|NVIDIA L20X|NVIDIA L20X,132|132|132|132|132|132|132|132,:4096:8,20,3,True,False,512,4,False,True,0,0.6345119923353195,0.6420415937900543,379.0600831526818,0.3240640014410019,0.33153759390115733,0.3099840134382248,0.3144959881901741,66,23,35,0,0.15300481021404266,1.9393939971923828,False,same_geometry_s1k,,,,,,,,,
oproj,representative_large,artificial,Mx7168x16384 OProj stress shape,4096,8,graph,immediate,single,v10_backward_te_userbuffers_v3,complete_route_then_single_full_gemm,recreate_per_entry,reuse_adjacent_same_shape_v1,not_applicable,branch_masked_v1,0,512,16384,7168,7168,16384,512,128,8,128,adapted_te_userbuffers_backward_formal_10w50i,per_sample_local_cuda_event_then_dist_max,full DGrad GEMM -> pack dA -> Userbuffers A2A -> unpack final head shard -> adjacent beta=0 WGrad GEMM,MAX,2.9.0+cu128,2.19.0.dev0+a7aec214,/tmp/TransformerEngine-v10-clean/transformer_engine/__init__.py,12.8,2.27.5,NVIDIA L20X|NVIDIA L20X|NVIDIA L20X|NVIDIA L20X|NVIDIA L20X|NVIDIA L20X|NVIDIA L20X|NVIDIA L20X,132|132|132|132|132|132|132|132,:4096:8,24,3,True,False,1024,4,False,True,0,0.5283679962158203,0.5329151958227157,455.209570410386,,,,,66,23,35,0,0.15311254560947418,1.9393939971923828,True,same_geometry_s1k,,,,,,,,,
oproj,representative_large,artificial,Mx7168x16384 OProj stress shape,4096,8,graph,deferred,single,v10_backward_te_userbuffers_v3,complete_route_then_single_full_gemm,recreate_per_entry,reuse_adjacent_same_shape_v1,not_applicable,branch_masked_v1,1,512,16384,7168,7168,16384,512,128,8,128,adapted_te_userbuffers_backward_formal_10w50i,per_sample_local_cuda_event_then_dist_max,separately timed full DGrad GEMM -> pack dA -> Userbuffers A2A -> unpack final head shard and beta=1 WGrad GEMM,MAX,2.9.0+cu128,2.19.0.dev0+a7aec214,/tmp/TransformerEngine-v10-clean/transformer_engine/__init__.py,12.8,2.27.5,NVIDIA L20X|NVIDIA L20X|NVIDIA L20X|NVIDIA L20X|NVIDIA L20X|NVIDIA L20X|NVIDIA L20X|NVIDIA L20X,132|132|132|132|132|132|132|132,:4096:8,20,3,True,False,512,4,False,True,0,0.5726559907197952,0.5766063988208772,420.00463187974805,0.2847679853439331,0.28856480270624163,0.28784000873565674,0.2912208080291748,66,23,35,0,0.15300481021404266,1.9393939971923828,True,same_geometry_s1k,,,,,,,,,
oproj,representative_large,artificial,Mx7168x16384 OProj stress shape,16384,4,eager,immediate,single,v10_backward_te_userbuffers_v3,complete_route_then_single_full_gemm,recreate_per_entry,reuse_adjacent_same_shape_v1,not_applicable,branch_masked_v1,0,4096,16384,7168,7168,16384,4096,128,8,128,adapted_te_userbuffers_backward_formal_10w50i,per_sample_local_cuda_event_then_dist_max,full DGrad GEMM -> pack dA -> Userbuffers A2A -> unpack final head shard -> adjacent beta=0 WGrad GEMM,MAX,2.9.0+cu128,2.19.0.dev0+a7aec214,/tmp/TransformerEngine-v10-clean/transformer_engine/__init__.py,12.8,2.27.5,NVIDIA L20X|NVIDIA L20X|NVIDIA L20X|NVIDIA L20X,132|132|132|132,:4096:8,24,2,True,False,1024,4,True,True,0,3.1868159770965576,3.3471551656723024,603.783011769964,,,,,66,248,35,4,1.251576542854309,12.606060981750488,True,same_geometry_s1k,,,,,,,,,
oproj,representative_large,artificial,Mx7168x16384 OProj stress shape,16384,4,eager,deferred,single,v10_backward_te_userbuffers_v3,complete_route_then_single_full_gemm,recreate_per_entry,reuse_adjacent_same_shape_v1,not_applicable,branch_masked_v1,1,4096,16384,7168,7168,16384,4096,128,8,128,adapted_te_userbuffers_backward_formal_10w50i,per_sample_local_cuda_event_then_dist_max,separately timed full DGrad GEMM -> pack dA -> Userbuffers A2A -> unpack final head shard and beta=1 WGrad GEMM,MAX,2.9.0+cu128,2.19.0.dev0+a7aec214,/tmp/TransformerEngine-v10-clean/transformer_engine/__init__.py,12.8,2.27.5,NVIDIA L20X|NVIDIA L20X|NVIDIA L20X|NVIDIA L20X,132|132|132|132,:4096:8,24,2,False,True,1024,4,True,True,0,3.1654080152511597,3.2539663910865784,607.8664549206079,1.733295977115631,1.8343952238559722,1.4382240176200867,1.4632528185844422,66,248,35,4,1.2012938261032104,12.606060981750488,False,same_geometry_s1k,,,,,,,,,
oproj,representative_large,artificial,Mx7168x16384 OProj stress shape,16384,4,graph,immediate,single,v10_backward_te_userbuffers_v3,complete_route_then_single_full_gemm,recreate_per_entry,reuse_adjacent_same_shape_v1,not_applicable,branch_masked_v1,0,4096,16384,7168,7168,16384,4096,128,8,128,adapted_te_userbuffers_backward_formal_10w50i,per_sample_local_cuda_event_then_dist_max,full DGrad GEMM -> pack dA -> Userbuffers A2A -> unpack final head shard -> adjacent beta=0 WGrad GEMM,MAX,2.9.0+cu128,2.19.0.dev0+a7aec214,/tmp/TransformerEngine-v10-clean/transformer_engine/__init__.py,12.8,2.27.5,NVIDIA L20X|NVIDIA L20X|NVIDIA L20X|NVIDIA L20X,132|132|132|132,:4096:8,24,3,True,False,1024,4,False,True,0,3.1974079608917236,3.352193534374237,601.7828729216575,,,,,66,248,35,4,1.2679402828216553,12.606060981750488,True,same_geometry_s1k,,,,,,,,,
oproj,representative_large,artificial,Mx7168x16384 OProj stress shape,16384,4,graph,deferred,single,v10_backward_te_userbuffers_v3,complete_route_then_single_full_gemm,recreate_per_entry,reuse_adjacent_same_shape_v1,not_applicable,branch_masked_v1,1,4096,16384,7168,7168,16384,4096,128,8,128,adapted_te_userbuffers_backward_formal_10w50i,per_sample_local_cuda_event_then_dist_max,separately timed full DGrad GEMM -> pack dA -> Userbuffers A2A -> unpack final head shard and beta=1 WGrad GEMM,MAX,2.9.0+cu128,2.19.0.dev0+a7aec214,/tmp/TransformerEngine-v10-clean/transformer_engine/__init__.py,12.8,2.27.5,NVIDIA L20X|NVIDIA L20X|NVIDIA L20X|NVIDIA L20X,132|132|132|132,:4096:8,24,3,True,False,1024,4,False,True,0,3.1186559796333313,3.1536544442176817,616.9790323696513,1.6992640495300293,1.7099072337150574,1.425328016281128,1.4489680230617523,66,248,35,4,1.2679402828216553,12.606060981750488,True,same_geometry_s1k,,,,,,,,,
oproj,representative_large,artificial,Mx7168x16384 OProj stress shape,16384,8,eager,immediate,single,v10_backward_te_userbuffers_v3,complete_route_then_single_full_gemm,recreate_per_entry,reuse_adjacent_same_shape_v1,not_applicable,branch_masked_v1,0,2048,16384,7168,7168,16384,2048,128,8,128,adapted_te_userbuffers_backward_formal_10w50i,per_sample_local_cuda_event_then_dist_max,full DGrad GEMM -> pack dA -> Userbuffers A2A -> unpack final head shard -> adjacent beta=0 WGrad GEMM,MAX,2.9.0+cu128,2.19.0.dev0+a7aec214,/tmp/TransformerEngine-v10-clean/transformer_engine/__init__.py,12.8,2.27.5,NVIDIA L20X|NVIDIA L20X|NVIDIA L20X|NVIDIA L20X|NVIDIA L20X|NVIDIA L20X|NVIDIA L20X|NVIDIA L20X,132|132|132|132|132|132|132|132,:4096:8,16,3,True,False,1024,4,False,True,0,1.777903974056244,1.7905952095985413,541.1274671427024,,,,,66,23,35,4,0.5830517411231995,7.757575988769531,True,same_geometry_s1k,,,,,,,,,
oproj,representative_large,artificial,Mx7168x16384 OProj stress shape,16384,8,eager,deferred,single,v10_backward_te_userbuffers_v3,complete_route_then_single_full_gemm,recreate_per_entry,reuse_adjacent_same_shape_v1,not_applicable,branch_masked_v1,1,2048,16384,7168,7168,16384,2048,128,8,128,adapted_te_userbuffers_backward_formal_10w50i,per_sample_local_cuda_event_then_dist_max,separately timed full DGrad GEMM -> pack dA -> Userbuffers A2A -> unpack final head shard and beta=1 WGrad GEMM,MAX,2.9.0+cu128,2.19.0.dev0+a7aec214,/tmp/TransformerEngine-v10-clean/transformer_engine/__init__.py,12.8,2.27.5,NVIDIA L20X|NVIDIA L20X|NVIDIA L20X|NVIDIA L20X|NVIDIA L20X|NVIDIA L20X|NVIDIA L20X|NVIDIA L20X,132|132|132|132|132|132|132|132,:4096:8,16,3,True,False,1024,4,False,True,0,1.829871952533722,1.8393056273460386,525.7595609200258,1.0131679773330688,1.0234207987785338,0.8148159980773926,0.8216815799474716,66,23,35,4,0.5830517411231995,7.757575988769531,True,same_geometry_s1k,,,,,,,,,
oproj,representative_large,artificial,Mx7168x16384 OProj stress shape,16384,8,graph,immediate,single,v10_backward_te_userbuffers_v3,complete_route_then_single_full_gemm,recreate_per_entry,reuse_adjacent_same_shape_v1,not_applicable,branch_masked_v1,0,2048,16384,7168,7168,16384,2048,128,8,128,adapted_te_userbuffers_backward_formal_10w50i,per_sample_local_cuda_event_then_dist_max,full DGrad GEMM -> pack dA -> Userbuffers A2A -> unpack final head shard -> adjacent beta=0 WGrad GEMM,MAX,2.9.0+cu128,2.19.0.dev0+a7aec214,/tmp/TransformerEngine-v10-clean/transformer_engine/__init__.py,12.8,2.27.5,NVIDIA L20X|NVIDIA L20X|NVIDIA L20X|NVIDIA L20X|NVIDIA L20X|NVIDIA L20X|NVIDIA L20X|NVIDIA L20X,132|132|132|132|132|132|132|132,:4096:8,20,3,True,False,1024,4,False,True,0,1.7304960489273071,1.7387055516242982,555.9519623869501,,,,,66,24,35,4,0.592356264591217,7.757575988769531,True,same_geometry_s1k,,,,,,,,,
oproj,representative_large,artificial,Mx7168x16384 OProj stress shape,16384,8,graph,deferred,single,v10_backward_te_userbuffers_v3,complete_route_then_single_full_gemm,recreate_per_entry,reuse_adjacent_same_shape_v1,not_applicable,branch_masked_v1,1,2048,16384,7168,7168,16384,2048,128,8,128,adapted_te_userbuffers_backward_formal_10w50i,per_sample_local_cuda_event_then_dist_max,separately timed full DGrad GEMM -> pack dA -> Userbuffers A2A -> unpack final head shard and beta=1 WGrad GEMM,MAX,2.9.0+cu128,2.19.0.dev0+a7aec214,/tmp/TransformerEngine-v10-clean/transformer_engine/__init__.py,12.8,2.27.5,NVIDIA L20X|NVIDIA L20X|NVIDIA L20X|NVIDIA L20X|NVIDIA L20X|NVIDIA L20X|NVIDIA L20X|NVIDIA L20X,132|132|132|132|132|132|132|132,:4096:8,24,3,True,False,1024,4,False,True,0,1.7529280185699463,1.763388815522194,548.8375244802505,0.961216002702713,0.9690143883228302,0.7925920188426971,0.7953120052814484,66,197,35,4,0.5929504036903381,11.878787994384766,True,same_geometry_s1k,,,,,,,,,
oproj,representative_large,artificial,Mx7168x16384 OProj stress shape,131072,4,eager,immediate,single,v10_backward_te_userbuffers_v3,complete_route_then_single_full_gemm,recreate_per_entry,reuse_adjacent_same_shape_v1,not_applicable,branch_masked_v1,0,32768,16384,7168,7168,16384,32768,128,8,128,adapted_te_userbuffers_backward_formal_10w50i,per_sample_local_cuda_event_then_dist_max,full DGrad GEMM -> pack dA -> Userbuffers A2A -> unpack final head shard -> adjacent beta=0 WGrad GEMM,MAX,2.9.0+cu128,2.19.0.dev0+a7aec214,/tmp/TransformerEngine-v10-clean/transformer_engine/__init__.py,12.8,2.27.5,NVIDIA L20X|NVIDIA L20X|NVIDIA L20X|NVIDIA L20X,132|132|132|132,:4096:8,24,2,False,True,1024,4,False,True,0,25.228848457336426,28.94436502456665,610.1413156012575,,,,,66,24,35,4,10.952054977416992,124.1212158203125,True,same_geometry_s1k,,,,,,,,,
oproj,representative_large,artificial,Mx7168x16384 OProj stress shape,131072,4,eager,deferred,single,v10_backward_te_userbuffers_v3,complete_route_then_single_full_gemm,recreate_per_entry,reuse_adjacent_same_shape_v1,not_applicable,branch_masked_v1,1,32768,16384,7168,7168,16384,32768,128,8,128,adapted_te_userbuffers_backward_formal_10w50i,per_sample_local_cuda_event_then_dist_max,separately timed full DGrad GEMM -> pack dA -> Userbuffers A2A -> unpack final head shard and beta=1 WGrad GEMM,MAX,2.9.0+cu128,2.19.0.dev0+a7aec214,/tmp/TransformerEngine-v10-clean/transformer_engine/__init__.py,12.8,2.27.5,NVIDIA L20X|NVIDIA L20X|NVIDIA L20X|NVIDIA L20X,132|132|132|132,:4096:8,24,2,True,False,1024,4,False,True,0,25.561583995819092,26.02712459564209,602.1990965576209,14.155968189239502,14.448499202728271,11.447776317596436,11.636172580718995,66,24,35,4,10.928924560546875,124.1212158203125,False,same_geometry_s1k,,,,,,,,,
oproj,representative_large,artificial,Mx7168x16384 OProj stress shape,131072,4,graph,immediate,single,v10_backward_te_userbuffers_v3,complete_route_then_single_full_gemm,recreate_per_entry,reuse_adjacent_same_shape_v1,not_applicable,branch_masked_v1,0,32768,16384,7168,7168,16384,32768,128,8,128,adapted_te_userbuffers_backward_formal_10w50i,per_sample_local_cuda_event_then_dist_max,full DGrad GEMM -> pack dA -> Userbuffers A2A -> unpack final head shard -> adjacent beta=0 WGrad GEMM,MAX,2.9.0+cu128,2.19.0.dev0+a7aec214,/tmp/TransformerEngine-v10-clean/transformer_engine/__init__.py,12.8,2.27.5,NVIDIA L20X|NVIDIA L20X|NVIDIA L20X|NVIDIA L20X,132|132|132|132,:4096:8,20,3,True,False,1024,4,False,True,0,25.310863494873047,28.466538143157962,608.1642687529024,,,,,66,24,35,4,10.926070213317871,124.1212158203125,True,same_geometry_s1k,,,,,,,,,
oproj,representative_large,artificial,Mx7168x16384 OProj stress shape,131072,4,graph,deferred,single,v10_backward_te_userbuffers_v3,complete_route_then_single_full_gemm,recreate_per_entry,reuse_adjacent_same_shape_v1,not_applicable,branch_masked_v1,1,32768,16384,7168,7168,16384,32768,128,8,128,adapted_te_userbuffers_backward_formal_10w50i,per_sample_local_cuda_event_then_dist_max,separately timed full DGrad GEMM -> pack dA -> Userbuffers A2A -> unpack final head shard and beta=1 WGrad GEMM,MAX,2.9.0+cu128,2.19.0.dev0+a7aec214,/tmp/TransformerEngine-v10-clean/transformer_engine/__init__.py,12.8,2.27.5,NVIDIA L20X|NVIDIA L20X|NVIDIA L20X|NVIDIA L20X,132|132|132|132,:4096:8,20,3,True,False,1024,4,False,True,0,25.243135929107666,26.905933666229245,609.7959790769997,13.914639949798584,15.602228689193725,11.209728240966797,11.584277009963989,66,24,35,4,10.926070213317871,124.1212158203125,False,same_geometry_s1k,,,,,,,,,
oproj,representative_large,artificial,Mx7168x16384 OProj stress shape,131072,8,eager,immediate,single,v10_backward_te_userbuffers_v3,complete_route_then_single_full_gemm,recreate_per_entry,reuse_adjacent_same_shape_v1,not_applicable,branch_masked_v1,0,16384,16384,7168,7168,16384,16384,128,8,128,adapted_te_userbuffers_backward_formal_10w50i,per_sample_local_cuda_event_then_dist_max,full DGrad GEMM -> pack dA -> Userbuffers A2A -> unpack final head shard -> adjacent beta=0 WGrad GEMM,MAX,2.9.0+cu128,2.19.0.dev0+a7aec214,/tmp/TransformerEngine-v10-clean/transformer_engine/__init__.py,12.8,2.27.5,NVIDIA L20X|NVIDIA L20X|NVIDIA L20X|NVIDIA L20X|NVIDIA L20X|NVIDIA L20X|NVIDIA L20X|NVIDIA L20X,132|132|132|132|132|132|132|132,:4096:8,24,3,True,False,1024,4,False,True,0,13.072112083435059,13.266780900955201,588.7787180302015,,,,,66,24,35,4,5.471255302429199,62.06060791015625,True,same_geometry_s1k,,,,,,,,,
oproj,representative_large,artificial,Mx7168x16384 OProj stress shape,131072,8,eager,deferred,single,v10_backward_te_userbuffers_v3,complete_route_then_single_full_gemm,recreate_per_entry,reuse_adjacent_same_shape_v1,not_applicable,branch_masked_v1,1,16384,16384,7168,7168,16384,16384,128,8,128,adapted_te_userbuffers_backward_formal_10w50i,per_sample_local_cuda_event_then_dist_max,separately timed full DGrad GEMM -> pack dA -> Userbuffers A2A -> unpack final head shard and beta=1 WGrad GEMM,MAX,2.9.0+cu128,2.19.0.dev0+a7aec214,/tmp/TransformerEngine-v10-clean/transformer_engine/__init__.py,12.8,2.27.5,NVIDIA L20X|NVIDIA L20X|NVIDIA L20X|NVIDIA L20X|NVIDIA L20X|NVIDIA L20X|NVIDIA L20X|NVIDIA L20X,132|132|132|132|132|132|132|132,:4096:8,24,3,True,False,1024,4,False,True,0,13.333215951919556,14.430302214622497,577.2486864524188,7.4706079959869385,7.707937741279602,5.713263988494873,6.963644814491271,66,24,35,4,5.471255302429199,62.06060791015625,False,same_geometry_s1k,,,,,,,,,
oproj,representative_large,artificial,Mx7168x16384 OProj stress shape,131072,8,graph,immediate,single,v10_backward_te_userbuffers_v3,complete_route_then_single_full_gemm,recreate_per_entry,reuse_adjacent_same_shape_v1,not_applicable,branch_masked_v1,0,16384,16384,7168,7168,16384,16384,128,8,128,adapted_te_userbuffers_backward_formal_10w50i,per_sample_local_cuda_event_then_dist_max,full DGrad GEMM -> pack dA -> Userbuffers A2A -> unpack final head shard -> adjacent beta=0 WGrad GEMM,MAX,2.9.0+cu128,2.19.0.dev0+a7aec214,/tmp/TransformerEngine-v10-clean/transformer_engine/__init__.py,12.8,2.27.5,NVIDIA L20X|NVIDIA L20X|NVIDIA L20X|NVIDIA L20X|NVIDIA L20X|NVIDIA L20X|NVIDIA L20X|NVIDIA L20X,132|132|132|132|132|132|132|132,:4096:8,24,3,True,False,1024,4,False,True,0,13.130671977996826,15.463084411621093,586.152895093962,,,,,66,24,35,4,5.471255302429199,62.06060791015625,True,same_geometry_s1k,,,,,,,,,
oproj,representative_large,artificial,Mx7168x16384 OProj stress shape,131072,8,graph,deferred,single,v10_backward_te_userbuffers_v3,complete_route_then_single_full_gemm,recreate_per_entry,reuse_adjacent_same_shape_v1,not_applicable,branch_masked_v1,1,16384,16384,7168,7168,16384,16384,128,8,128,adapted_te_userbuffers_backward_formal_10w50i,per_sample_local_cuda_event_then_dist_max,separately timed full DGrad GEMM -> pack dA -> Userbuffers A2A -> unpack final head shard and beta=1 WGrad GEMM,MAX,2.9.0+cu128,2.19.0.dev0+a7aec214,/tmp/TransformerEngine-v10-clean/transformer_engine/__init__.py,12.8,2.27.5,NVIDIA L20X|NVIDIA L20X|NVIDIA L20X|NVIDIA L20X|NVIDIA L20X|NVIDIA L20X|NVIDIA L20X|NVIDIA L20X,132|132|132|132|132|132|132|132,:4096:8,24,3,True,False,1024,4,False,True,0,12.985055923461914,14.216443014144897,592.7260875731396,7.4016640186309814,7.500999927520752,5.585263967514038,6.777187275886536,66,24,35,4,5.471255302429199,62.06060791015625,True,same_geometry_s1k,,,,,,,,,
oproj,representative_large,artificial,Mx7168x16384 OProj stress shape,262144,4,eager,immediate,single,v10_backward_te_userbuffers_v3,complete_route_then_single_full_gemm,recreate_per_entry,reuse_adjacent_same_shape_v1,not_applicable,branch_masked_v1,0,65536,16384,7168,7168,16384,65536,128,8,128,adapted_te_userbuffers_backward_formal_10w50i,per_sample_local_cuda_event_then_dist_max,full DGrad GEMM -> pack dA -> Userbuffers A2A -> unpack final head shard -> adjacent beta=0 WGrad GEMM,MAX,2.9.0+cu128,2.19.0.dev0+a7aec214,/tmp/TransformerEngine-v10-clean/transformer_engine/__init__.py,12.8,2.27.5,NVIDIA L20X|NVIDIA L20X|NVIDIA L20X|NVIDIA L20X,132|132|132|132,:4096:8,20,2,False,True,1024,4,False,True,0,51.74088096618652,55.16996555328369,595.0096906515246,,,,,66,24,35,4,22.094308853149414,248.242431640625,True,same_geometry_s1k,,,,,,,,,
oproj,representative_large,artificial,Mx7168x16384 OProj stress shape,262144,4,eager,deferred,single,v10_backward_te_userbuffers_v3,complete_route_then_single_full_gemm,recreate_per_entry,reuse_adjacent_same_shape_v1,not_applicable,branch_masked_v1,1,65536,16384,7168,7168,16384,65536,128,8,128,adapted_te_userbuffers_backward_formal_10w50i,per_sample_local_cuda_event_then_dist_max,separately timed full DGrad GEMM -> pack dA -> Userbuffers A2A -> unpack final head shard and beta=1 WGrad GEMM,MAX,2.9.0+cu128,2.19.0.dev0+a7aec214,/tmp/TransformerEngine-v10-clean/transformer_engine/__init__.py,12.8,2.27.5,NVIDIA L20X|NVIDIA L20X|NVIDIA L20X|NVIDIA L20X,132|132|132|132,:4096:8,20,2,True,True,1024,4,False,True,0,51.79374408721924,53.5561595916748,594.4023958933086,28.982383728027344,30.534483623504638,23.013792037963867,23.409946823120116,66,24,35,4,22.05536651611328,248.242431640625,False,same_geometry_s1k,,,,,,,,,
oproj,representative_large,artificial,Mx7168x16384 OProj stress shape,262144,4,graph,immediate,single,v10_backward_te_userbuffers_v3,complete_route_then_single_full_gemm,recreate_per_entry,reuse_adjacent_same_shape_v1,not_applicable,branch_masked_v1,0,65536,16384,7168,7168,16384,65536,128,8,128,adapted_te_userbuffers_backward_formal_10w50i,per_sample_local_cuda_event_then_dist_max,full DGrad GEMM -> pack dA -> Userbuffers A2A -> unpack final head shard -> adjacent beta=0 WGrad GEMM,MAX,2.9.0+cu128,2.19.0.dev0+a7aec214,/tmp/TransformerEngine-v10-clean/transformer_engine/__init__.py,12.8,2.27.5,NVIDIA L20X|NVIDIA L20X|NVIDIA L20X|NVIDIA L20X,132|132|132|132,:4096:8,20,3,True,False,1024,4,True,True,0,51.21718406677246,53.06665477752685,601.093678590207,,,,,66,24,35,4,22.08513641357422,248.242431640625,True,same_geometry_s1k,,,,,,,,,
oproj,representative_large,artificial,Mx7168x16384 OProj stress shape,262144,4,graph,deferred,single,v10_backward_te_userbuffers_v3,complete_route_then_single_full_gemm,recreate_per_entry,reuse_adjacent_same_shape_v1,not_applicable,branch_masked_v1,1,65536,16384,7168,7168,16384,65536,128,8,128,adapted_te_userbuffers_backward_formal_10w50i,per_sample_local_cuda_event_then_dist_max,separately timed full DGrad GEMM -> pack dA -> Userbuffers A2A -> unpack final head shard and beta=1 WGrad GEMM,MAX,2.9.0+cu128,2.19.0.dev0+a7aec214,/tmp/TransformerEngine-v10-clean/transformer_engine/__init__.py,12.8,2.27.5,NVIDIA L20X|NVIDIA L20X|NVIDIA L20X|NVIDIA L20X,132|132|132|132,:4096:8,20,3,True,False,1024,4,False,True,0,51.23404788970947,53.45520992279053,600.8958270094355,28.325215339660645,30.267210674285888,22.96724796295166,23.518175029754637,66,24,35,4,22.08513641357422,248.242431640625,False,same_geometry_s1k,,,,,,,,,
oproj,representative_large,artificial,Mx7168x16384 OProj stress shape,262144,8,eager,immediate,single,v10_backward_te_userbuffers_v3,complete_route_then_single_full_gemm,recreate_per_entry,reuse_adjacent_same_shape_v1,not_applicable,branch_masked_v1,0,32768,16384,7168,7168,16384,32768,128,8,128,adapted_te_userbuffers_backward_formal_10w50i,per_sample_local_cuda_event_then_dist_max,full DGrad GEMM -> pack dA -> Userbuffers A2A -> unpack final head shard -> adjacent beta=0 WGrad GEMM,MAX,2.9.0+cu128,2.19.0.dev0+a7aec214,/tmp/TransformerEngine-v10-clean/transformer_engine/__init__.py,12.8,2.27.5,NVIDIA L20X|NVIDIA L20X|NVIDIA L20X|NVIDIA L20X|NVIDIA L20X|NVIDIA L20X|NVIDIA L20X|NVIDIA L20X,132|132|132|132|132|132|132|132,:4096:8,24,3,True,False,1024,4,False,True,0,26.06160068511963,29.554442787170405,590.6453319904108,,,,,66,24,35,4,10.973230361938477,124.1212158203125,True,same_geometry_s1k,,,,,,,,,
oproj,representative_large,artificial,Mx7168x16384 OProj stress shape,262144,8,eager,deferred,single,v10_backward_te_userbuffers_v3,complete_route_then_single_full_gemm,recreate_per_entry,reuse_adjacent_same_shape_v1,not_applicable,branch_masked_v1,1,32768,16384,7168,7168,16384,32768,128,8,128,adapted_te_userbuffers_backward_formal_10w50i,per_sample_local_cuda_event_then_dist_max,separately timed full DGrad GEMM -> pack dA -> Userbuffers A2A -> unpack final head shard and beta=1 WGrad GEMM,MAX,2.9.0+cu128,2.19.0.dev0+a7aec214,/tmp/TransformerEngine-v10-clean/transformer_engine/__init__.py,12.8,2.27.5,NVIDIA L20X|NVIDIA L20X|NVIDIA L20X|NVIDIA L20X|NVIDIA L20X|NVIDIA L20X|NVIDIA L20X|NVIDIA L20X,132|132|132|132|132|132|132|132,:4096:8,24,3,True,False,1024,4,False,True,0,26.302704334259033,26.93855028152466,585.2311835788895,14.921488285064697,15.271587419509888,11.328991889953613,11.717818880081177,66,24,35,4,10.973230361938477,124.1212158203125,False,same_geometry_s1k,,,,,,,,,
oproj,representative_large,artificial,Mx7168x16384 OProj stress shape,262144,8,graph,immediate,single,v10_backward_te_userbuffers_v3,complete_route_then_single_full_gemm,recreate_per_entry,reuse_adjacent_same_shape_v1,not_applicable,branch_masked_v1,0,32768,16384,7168,7168,16384,32768,128,8,128,adapted_te_userbuffers_backward_formal_10w50i,per_sample_local_cuda_event_then_dist_max,full DGrad GEMM -> pack dA -> Userbuffers A2A -> unpack final head shard -> adjacent beta=0 WGrad GEMM,MAX,2.9.0+cu128,2.19.0.dev0+a7aec214,/tmp/TransformerEngine-v10-clean/transformer_engine/__init__.py,12.8,2.27.5,NVIDIA L20X|NVIDIA L20X|NVIDIA L20X|NVIDIA L20X|NVIDIA L20X|NVIDIA L20X|NVIDIA L20X|NVIDIA L20X,132|132|132|132|132|132|132|132,:4096:8,24,3,True,False,1024,4,False,True,0,26.077759742736816,29.56253337860107,590.2793392040245,,,,,66,24,35,4,10.973230361938477,124.1212158203125,True,same_geometry_s1k,,,,,,,,,
oproj,representative_large,artificial,Mx7168x16384 OProj stress shape,262144,8,graph,deferred,single,v10_backward_te_userbuffers_v3,complete_route_then_single_full_gemm,recreate_per_entry,reuse_adjacent_same_shape_v1,not_applicable,branch_masked_v1,1,32768,16384,7168,7168,16384,32768,128,8,128,adapted_te_userbuffers_backward_formal_10w50i,per_sample_local_cuda_event_then_dist_max,separately timed full DGrad GEMM -> pack dA -> Userbuffers A2A -> unpack final head shard and beta=1 WGrad GEMM,MAX,2.9.0+cu128,2.19.0.dev0+a7aec214,/tmp/TransformerEngine-v10-clean/transformer_engine/__init__.py,12.8,2.27.5,NVIDIA L20X|NVIDIA L20X|NVIDIA L20X|NVIDIA L20X|NVIDIA L20X|NVIDIA L20X|NVIDIA L20X|NVIDIA L20X,132|132|132|132|132|132|132|132,:4096:8,24,3,True,False,1024,4,False,True,0,26.30228853225708,27.262782096862793,585.2404352566451,14.925631999969482,15.627748823165893,11.353424072265625,11.839182329177856,66,24,35,4,10.973230361938477,124.1212158203125,True,same_geometry_s1k,,,,,,,,,
oproj,representative_large,artificial,Mx7168x16384 OProj stress shape,524288,4,eager,immediate,single,v10_backward_te_userbuffers_v3,complete_route_then_single_full_gemm,recreate_per_entry,reuse_adjacent_same_shape_v1,not_applicable,branch_masked_v1,0,131072,16384,7168,7168,16384,131072,128,8,128,adapted_te_userbuffers_backward_formal_10w50i,per_sample_local_cuda_event_then_dist_max,full DGrad GEMM -> pack dA -> Userbuffers A2A -> unpack final head shard -> adjacent beta=0 WGrad GEMM,MAX,2.9.0+cu128,2.19.0.dev0+a7aec214,/tmp/TransformerEngine-v10-clean/transformer_engine/__init__.py,12.8,2.27.5,NVIDIA L20X|NVIDIA L20X|NVIDIA L20X|NVIDIA L20X,132|132|132|132,:4096:8,24,2,False,True,1024,4,True,True,0,103.25373077392578,108.86180725097657,596.3237424347351,,,,,66,24,35,4,44.496944427490234,496.48486328125,True,same_geometry_s1k,,,,,,,,,
oproj,representative_large,artificial,Mx7168x16384 OProj stress shape,524288,4,eager,deferred,single,v10_backward_te_userbuffers_v3,complete_route_then_single_full_gemm,recreate_per_entry,reuse_adjacent_same_shape_v1,not_applicable,branch_masked_v1,1,131072,16384,7168,7168,16384,131072,128,8,128,adapted_te_userbuffers_backward_formal_10w50i,per_sample_local_cuda_event_then_dist_max,separately timed full DGrad GEMM -> pack dA -> Userbuffers A2A -> unpack final head shard and beta=1 WGrad GEMM,MAX,2.9.0+cu128,2.19.0.dev0+a7aec214,/tmp/TransformerEngine-v10-clean/transformer_engine/__init__.py,12.8,2.27.5,NVIDIA L20X|NVIDIA L20X|NVIDIA L20X|NVIDIA L20X,132|132|132|132,:4096:8,24,2,False,True,1024,4,True,True,0,102.23707389831543,112.22355918884277,602.2536522973643,56.46745681762695,65.41340599060058,45.89985656738281,47.07244510650635,66,24,35,4,44.496944427490234,496.48486328125,False,same_geometry_s1k,,,,,,,,,
oproj,representative_large,artificial,Mx7168x16384 OProj stress shape,524288,4,graph,immediate,single,v10_backward_te_userbuffers_v3,complete_route_then_single_full_gemm,recreate_per_entry,reuse_adjacent_same_shape_v1,not_applicable,branch_masked_v1,0,131072,16384,7168,7168,16384,131072,128,8,128,adapted_te_userbuffers_backward_formal_10w50i,per_sample_local_cuda_event_then_dist_max,full DGrad GEMM -> pack dA -> Userbuffers A2A -> unpack final head shard -> adjacent beta=0 WGrad GEMM,MAX,2.9.0+cu128,2.19.0.dev0+a7aec214,/tmp/TransformerEngine-v10-clean/transformer_engine/__init__.py,12.8,2.27.5,NVIDIA L20X|NVIDIA L20X|NVIDIA L20X|NVIDIA L20X,132|132|132|132,:4096:8,24,3,True,False,1024,4,False,True,0,102.85278701782227,107.17494926452636,598.6483491671133,,,,,66,24,35,4,44.169124603271484,496.48486328125,True,same_geometry_s1k,,,,,,,,,
oproj,representative_large,artificial,Mx7168x16384 OProj stress shape,524288,4,graph,deferred,single,v10_backward_te_userbuffers_v3,complete_route_then_single_full_gemm,recreate_per_entry,reuse_adjacent_same_shape_v1,not_applicable,branch_masked_v1,1,131072,16384,7168,7168,16384,131072,128,8,128,adapted_te_userbuffers_backward_formal_10w50i,per_sample_local_cuda_event_then_dist_max,separately timed full DGrad GEMM -> pack dA -> Userbuffers A2A -> unpack final head shard and beta=1 WGrad GEMM,MAX,2.9.0+cu128,2.19.0.dev0+a7aec214,/tmp/TransformerEngine-v10-clean/transformer_engine/__init__.py,12.8,2.27.5,NVIDIA L20X|NVIDIA L20X|NVIDIA L20X|NVIDIA L20X,132|132|132|132,:4096:8,24,3,True,False,1024,4,False,True,0,102.26366233825684,104.90824184417724,602.0970670089298,56.584272384643555,58.61829319000245,45.666847229003906,46.97708396911621,66,24,35,4,44.169124603271484,496.48486328125,False,same_geometry_s1k,,,,,,,,,
oproj,representative_large,artificial,Mx7168x16384 OProj stress shape,524288,8,eager,immediate,single,v10_backward_te_userbuffers_v3,complete_route_then_single_full_gemm,recreate_per_entry,reuse_adjacent_same_shape_v1,not_applicable,branch_masked_v1,0,65536,16384,7168,7168,16384,65536,128,8,128,adapted_te_userbuffers_backward_formal_10w50i,per_sample_local_cuda_event_then_dist_max,full DGrad GEMM -> pack dA -> Userbuffers A2A -> unpack final head shard -> adjacent beta=0 WGrad GEMM,MAX,2.9.0+cu128,2.19.0.dev0+a7aec214,/tmp/TransformerEngine-v10-clean/transformer_engine/__init__.py,12.8,2.27.5,NVIDIA L20X|NVIDIA L20X|NVIDIA L20X|NVIDIA L20X|NVIDIA L20X|NVIDIA L20X|NVIDIA L20X|NVIDIA L20X,132|132|132|132|132|132|132|132,:4096:8,24,3,True,False,1024,4,False,True,0,52.70096015930176,55.608988761901855,584.1701078057908,,,,,66,24,35,4,21.916301727294922,248.242431640625,True,same_geometry_s1k,,,,,,,,,
oproj,representative_large,artificial,Mx7168x16384 OProj stress shape,524288,8,eager,deferred,single,v10_backward_te_userbuffers_v3,complete_route_then_single_full_gemm,recreate_per_entry,reuse_adjacent_same_shape_v1,not_applicable,branch_masked_v1,1,65536,16384,7168,7168,16384,65536,128,8,128,adapted_te_userbuffers_backward_formal_10w50i,per_sample_local_cuda_event_then_dist_max,separately timed full DGrad GEMM -> pack dA -> Userbuffers A2A -> unpack final head shard and beta=1 WGrad GEMM,MAX,2.9.0+cu128,2.19.0.dev0+a7aec214,/tmp/TransformerEngine-v10-clean/transformer_engine/__init__.py,12.8,2.27.5,NVIDIA L20X|NVIDIA L20X|NVIDIA L20X|NVIDIA L20X|NVIDIA L20X|NVIDIA L20X|NVIDIA L20X|NVIDIA L20X,132|132|132|132|132|132|132|132,:4096:8,24,3,True,False,1024,4,False,True,0,53.256256103515625,54.97897462844848,578.0790432937641,30.075312614440918,31.23131217956543,23.289584159851074,23.571565055847167,66,24,35,4,21.916301727294922,248.242431640625,False,same_geometry_s1k,,,,,,,,,
oproj,representative_large,artificial,Mx7168x16384 OProj stress shape,524288,8,graph,immediate,single,v10_backward_te_userbuffers_v3,complete_route_then_single_full_gemm,recreate_per_entry,reuse_adjacent_same_shape_v1,not_applicable,branch_masked_v1,0,65536,16384,7168,7168,16384,65536,128,8,128,adapted_te_userbuffers_backward_formal_10w50i,per_sample_local_cuda_event_then_dist_max,full DGrad GEMM -> pack dA -> Userbuffers A2A -> unpack final head shard -> adjacent beta=0 WGrad GEMM,MAX,2.9.0+cu128,2.19.0.dev0+a7aec214,/tmp/TransformerEngine-v10-clean/transformer_engine/__init__.py,12.8,2.27.5,NVIDIA L20X|NVIDIA L20X|NVIDIA L20X|NVIDIA L20X|NVIDIA L20X|NVIDIA L20X|NVIDIA L20X|NVIDIA L20X,132|132|132|132|132|132|132|132,:4096:8,24,3,True,False,1024,4,False,True,0,52.657264709472656,54.65625705718994,584.6548571709188,,,,,66,24,35,4,21.916301727294922,248.242431640625,True,same_geometry_s1k,,,,,,,,,
oproj,representative_large,artificial,Mx7168x16384 OProj stress shape,524288,8,graph,deferred,single,v10_backward_te_userbuffers_v3,complete_route_then_single_full_gemm,recreate_per_entry,reuse_adjacent_same_shape_v1,not_applicable,branch_masked_v1,1,65536,16384,7168,7168,16384,65536,128,8,128,adapted_te_userbuffers_backward_formal_10w50i,per_sample_local_cuda_event_then_dist_max,separately timed full DGrad GEMM -> pack dA -> Userbuffers A2A -> unpack final head shard and beta=1 WGrad GEMM,MAX,2.9.0+cu128,2.19.0.dev0+a7aec214,/tmp/TransformerEngine-v10-clean/transformer_engine/__init__.py,12.8,2.27.5,NVIDIA L20X|NVIDIA L20X|NVIDIA L20X|NVIDIA L20X|NVIDIA L20X|NVIDIA L20X|NVIDIA L20X|NVIDIA L20X,132|132|132|132|132|132|132|132,:4096:8,24,3,True,False,1024,4,False,True,0,53.21500778198242,55.2282636642456,578.5271272317967,29.934240341186523,31.912469482421873,23.22004795074463,23.66366539001465,66,24,35,4,21.916301727294922,248.242431640625,True,same_geometry_s1k,,,,,,,,,
oproj,production_qwen_dense,model,current production Qwen dense,1024,4,eager,immediate,single,v10_backward_te_userbuffers_v3,complete_route_then_single_full_gemm,recreate_per_entry,reuse_adjacent_same_shape_v1,not_applicable,branch_masked_v1,0,256,2048,2048,2048,2048,256,16,8,128,adapted_te_userbuffers_backward_formal_10w50i,per_sample_local_cuda_event_then_dist_max,full DGrad GEMM -> pack dA -> Userbuffers A2A -> unpack final head shard -> adjacent beta=0 WGrad GEMM,MAX,2.9.0+cu128,2.19.0.dev0+a7aec214,/tmp/TransformerEngine-v10-clean/transformer_engine/__init__.py,12.8,2.27.5,NVIDIA L20X|NVIDIA L20X|NVIDIA L20X|NVIDIA L20X,132|132|132|132,:4096:8,8,1,False,False,512,4,False,True,0,0.17599999904632568,0.19324319809675217,24.40322340495868,,,,,66,15,35,0,0.007527466397732496,0.9696969985961914,True,exact,,0.0,,0.0,0.0009765625,0.0029296875,0,,0
oproj,production_qwen_dense,model,current production Qwen dense,1024,4,eager,deferred,single,v10_backward_te_userbuffers_v3,complete_route_then_single_full_gemm,recreate_per_entry,reuse_adjacent_same_shape_v1,not_applicable,branch_masked_v1,1,256,2048,2048,2048,2048,256,16,8,128,adapted_te_userbuffers_backward_formal_10w50i,per_sample_local_cuda_event_then_dist_max,separately timed full DGrad GEMM -> pack dA -> Userbuffers A2A -> unpack final head shard and beta=1 WGrad GEMM,MAX,2.9.0+cu128,2.19.0.dev0+a7aec214,/tmp/TransformerEngine-v10-clean/transformer_engine/__init__.py,12.8,2.27.5,NVIDIA L20X|NVIDIA L20X|NVIDIA L20X|NVIDIA L20X,132|132|132|132,:4096:8,8,1,True,False,512,4,False,True,0,0.17814400233328342,0.19197760261595248,24.109525101859422,0.13657599687576294,0.14785760268568993,0.040720000863075256,0.046641601249575615,66,15,35,0,0.0075690667144954205,0.9696969985961914,False,exact,,0.0,,0.0,0.0009765625,0.0029296875,0,,0
oproj,production_qwen_dense,model,current production Qwen dense,1024,4,graph,immediate,single,v10_backward_te_userbuffers_v3,complete_route_then_single_full_gemm,recreate_per_entry,reuse_adjacent_same_shape_v1,not_applicable,branch_masked_v1,0,256,2048,2048,2048,2048,256,16,8,128,adapted_te_userbuffers_backward_formal_10w50i,per_sample_local_cuda_event_then_dist_max,full DGrad GEMM -> pack dA -> Userbuffers A2A -> unpack final head shard -> adjacent beta=0 WGrad GEMM,MAX,2.9.0+cu128,2.19.0.dev0+a7aec214,/tmp/TransformerEngine-v10-clean/transformer_engine/__init__.py,12.8,2.27.5,NVIDIA L20X|NVIDIA L20X|NVIDIA L20X|NVIDIA L20X,132|132|132|132,:4096:8,12,3,True,False,1024,4,False,True,0,0.032048000022768974,0.03336639869958162,134.01670285036747,,,,,66,15,35,0,0.0074890670366585255,0.9696969985961914,True,exact,,0.0,,0.0,0.0009765625,0.0029296875,0,,0
oproj,production_qwen_dense,model,current production Qwen dense,1024,4,graph,deferred,single,v10_backward_te_userbuffers_v3,complete_route_then_single_full_gemm,recreate_per_entry,reuse_adjacent_same_shape_v1,not_applicable,branch_masked_v1,1,256,2048,2048,2048,2048,256,16,8,128,adapted_te_userbuffers_backward_formal_10w50i,per_sample_local_cuda_event_then_dist_max,separately timed full DGrad GEMM -> pack dA -> Userbuffers A2A -> unpack final head shard and beta=1 WGrad GEMM,MAX,2.9.0+cu128,2.19.0.dev0+a7aec214,/tmp/TransformerEngine-v10-clean/transformer_engine/__init__.py,12.8,2.27.5,NVIDIA L20X|NVIDIA L20X|NVIDIA L20X|NVIDIA L20X,132|132|132|132,:4096:8,12,3,True,False,1024,4,False,True,0,0.03902400052174926,0.04298240030184388,110.0596360848828,0.025439999997615814,0.027220800518989563,0.01360000018030405,0.015729599352926015,66,15,35,0,0.0074890670366585255,0.9696969985961914,False,exact,,0.0,,0.0,0.0009765625,0.0029296875,0,,0
oproj,production_qwen_dense,model,current production Qwen dense,1024,8,eager,immediate,single,v10_backward_te_userbuffers_v3,complete_route_then_single_full_gemm,recreate_per_entry,reuse_adjacent_same_shape_v1,not_applicable,branch_masked_v1,0,128,2048,2048,2048,2048,128,16,8,128,adapted_te_userbuffers_backward_formal_10w50i,per_sample_local_cuda_event_then_dist_max,full DGrad GEMM -> pack dA -> Userbuffers A2A -> unpack final head shard -> adjacent beta=0 WGrad GEMM,MAX,2.9.0+cu128,2.19.0.dev0+a7aec214,/tmp/TransformerEngine-v10-clean/transformer_engine/__init__.py,12.8,2.27.5,NVIDIA L20X|NVIDIA L20X|NVIDIA L20X|NVIDIA L20X|NVIDIA L20X|NVIDIA L20X|NVIDIA L20X|NVIDIA L20X,132|132|132|132|132|132|132|132,:4096:8,20,2,True,False,512,4,False,True,0,0.21648000180721283,0.24512800276279445,9.920009377644272,,,,,66,13,35,0,0.006625066511332989,0.9696969985961914,True,exact,,0.0,,0.0,0.0009765625,0.001953125,0,,0
oproj,production_qwen_dense,model,current production Qwen dense,1024,8,eager,deferred,single,v10_backward_te_userbuffers_v3,complete_route_then_single_full_gemm,recreate_per_entry,reuse_adjacent_same_shape_v1,not_applicable,branch_masked_v1,1,128,2048,2048,2048,2048,128,16,8,128,adapted_te_userbuffers_backward_formal_10w50i,per_sample_local_cuda_event_then_dist_max,separately timed full DGrad GEMM -> pack dA -> Userbuffers A2A -> unpack final head shard and beta=1 WGrad GEMM,MAX,2.9.0+cu128,2.19.0.dev0+a7aec214,/tmp/TransformerEngine-v10-clean/transformer_engine/__init__.py,12.8,2.27.5,NVIDIA L20X|NVIDIA L20X|NVIDIA L20X|NVIDIA L20X|NVIDIA L20X|NVIDIA L20X|NVIDIA L20X|NVIDIA L20X,132|132|132|132|132|132|132|132,:4096:8,20,2,True,False,512,4,False,True,0,0.21955199912190437,0.23684319555759428,9.781207443288313,0.17897599935531616,0.19434719905257225,0.04100799933075905,0.05017600134015082,66,13,35,0,0.006625066511332989,0.9696969985961914,False,exact,,0.0,,0.0,0.0009765625,0.001953125,0,,0
oproj,production_qwen_dense,model,current production Qwen dense,1024,8,graph,immediate,single,v10_backward_te_userbuffers_v3,complete_route_then_single_full_gemm,recreate_per_entry,reuse_adjacent_same_shape_v1,not_applicable,branch_masked_v1,0,128,2048,2048,2048,2048,128,16,8,128,adapted_te_userbuffers_backward_formal_10w50i,per_sample_local_cuda_event_then_dist_max,full DGrad GEMM -> pack dA -> Userbuffers A2A -> unpack final head shard -> adjacent beta=0 WGrad GEMM,MAX,2.9.0+cu128,2.19.0.dev0+a7aec214,/tmp/TransformerEngine-v10-clean/transformer_engine/__init__.py,12.8,2.27.5,NVIDIA L20X|NVIDIA L20X|NVIDIA L20X|NVIDIA L20X|NVIDIA L20X|NVIDIA L20X|NVIDIA L20X|NVIDIA L20X,132|132|132|132|132|132|132|132,:4096:8,4,3,True,False,1024,4,False,True,0,0.04022400081157684,0.04218399878591299,53.38811666347059,,,,,66,13,35,0,0.0067263999953866005,0.9696969985961914,True,exact,,0.0,,0.0,0.0009765625,0.001953125,0,,0
oproj,production_qwen_dense,model,current production Qwen dense,1024,8,graph,deferred,single,v10_backward_te_userbuffers_v3,complete_route_then_single_full_gemm,recreate_per_entry,reuse_adjacent_same_shape_v1,not_applicable,branch_masked_v1,1,128,2048,2048,2048,2048,128,16,8,128,adapted_te_userbuffers_backward_formal_10w50i,per_sample_local_cuda_event_then_dist_max,separately timed full DGrad GEMM -> pack dA -> Userbuffers A2A -> unpack final head shard and beta=1 WGrad GEMM,MAX,2.9.0+cu128,2.19.0.dev0+a7aec214,/tmp/TransformerEngine-v10-clean/transformer_engine/__init__.py,12.8,2.27.5,NVIDIA L20X|NVIDIA L20X|NVIDIA L20X|NVIDIA L20X|NVIDIA L20X|NVIDIA L20X|NVIDIA L20X|NVIDIA L20X,132|132|132|132|132|132|132|132,:4096:8,4,3,True,False,1024,4,False,True,0,0.04836799995973706,0.05226400084793567,44.39885150900654,0.033535998314619064,0.03581760041415691,0.014864000026136637,0.017425600253045556,66,13,35,0,0.0067263999953866005,0.9696969985961914,True,exact,,0.0,,0.0,0.0009765625,0.001953125,0,,0
oproj,production_qwen_dense,model,current production Qwen dense,4096,4,eager,immediate,single,v10_backward_te_userbuffers_v3,complete_route_then_single_full_gemm,recreate_per_entry,reuse_adjacent_same_shape_v1,not_applicable,branch_masked_v1,0,1024,2048,2048,2048,2048,1024,16,8,128,adapted_te_userbuffers_backward_formal_10w50i,per_sample_local_cuda_event_then_dist_max,full DGrad GEMM -> pack dA -> Userbuffers A2A -> unpack final head shard -> adjacent beta=0 WGrad GEMM,MAX,2.9.0+cu128,2.19.0.dev0+a7aec214,/tmp/TransformerEngine-v10-clean/transformer_engine/__init__.py,12.8,2.27.5,NVIDIA L20X|NVIDIA L20X|NVIDIA L20X|NVIDIA L20X,132|132|132|132,:4096:8,8,1,True,False,256,8,True,True,0,0.17187200486660004,0.18675839826464652,99.95734440483373,,,,,66,20,35,0,0.014145066030323505,0.9696969985961914,True,same_geometry_s1k,,,,,,,,,
oproj,production_qwen_dense,model,current production Qwen dense,4096,4,eager,deferred,single,v10_backward_te_userbuffers_v3,complete_route_then_single_full_gemm,recreate_per_entry,reuse_adjacent_same_shape_v1,not_applicable,branch_masked_v1,1,1024,2048,2048,2048,2048,1024,16,8,128,adapted_te_userbuffers_backward_formal_10w50i,per_sample_local_cuda_event_then_dist_max,separately timed full DGrad GEMM -> pack dA -> Userbuffers A2A -> unpack final head shard and beta=1 WGrad GEMM,MAX,2.9.0+cu128,2.19.0.dev0+a7aec214,/tmp/TransformerEngine-v10-clean/transformer_engine/__init__.py,12.8,2.27.5,NVIDIA L20X|NVIDIA L20X|NVIDIA L20X|NVIDIA L20X,132|132|132|132,:4096:8,8,1,True,False,256,8,True,True,0,0.17694399878382683,0.19957919903099536,97.09212689936273,0.13288000226020813,0.1484208069741726,0.042208001017570496,0.060326397977769335,66,20,35,0,0.014145066030323505,0.9696969985961914,True,same_geometry_s1k,,,,,,,,,
oproj,production_qwen_dense,model,current production Qwen dense,4096,4,graph,immediate,single,v10_backward_te_userbuffers_v3,complete_route_then_single_full_gemm,recreate_per_entry,reuse_adjacent_same_shape_v1,not_applicable,branch_masked_v1,0,1024,2048,2048,2048,2048,1024,16,8,128,adapted_te_userbuffers_backward_formal_10w50i,per_sample_local_cuda_event_then_dist_max,full DGrad GEMM -> pack dA -> Userbuffers A2A -> unpack final head shard -> adjacent beta=0 WGrad GEMM,MAX,2.9.0+cu128,2.19.0.dev0+a7aec214,/tmp/TransformerEngine-v10-clean/transformer_engine/__init__.py,12.8,2.27.5,NVIDIA L20X|NVIDIA L20X|NVIDIA L20X|NVIDIA L20X,132|132|132|132,:4096:8,12,3,True,False,1024,4,False,True,0,0.0586559996008873,0.05993599817156792,292.8919343442596,,,,,66,20,35,0,0.014059733599424362,0.9696969985961914,True,same_geometry_s1k,,,,,,,,,
oproj,production_qwen_dense,model,current production Qwen dense,4096,4,graph,deferred,single,v10_backward_te_userbuffers_v3,complete_route_then_single_full_gemm,recreate_per_entry,reuse_adjacent_same_shape_v1,not_applicable,branch_masked_v1,1,1024,2048,2048,2048,2048,1024,16,8,128,adapted_te_userbuffers_backward_formal_10w50i,per_sample_local_cuda_event_then_dist_max,separately timed full DGrad GEMM -> pack dA -> Userbuffers A2A -> unpack final head shard and beta=1 WGrad GEMM,MAX,2.9.0+cu128,2.19.0.dev0+a7aec214,/tmp/TransformerEngine-v10-clean/transformer_engine/__init__.py,12.8,2.27.5,NVIDIA L20X|NVIDIA L20X|NVIDIA L20X|NVIDIA L20X,132|132|132|132,:4096:8,12,3,True,False,1024,4,False,True,0,0.06211200077086687,0.06368319876492023,276.59500532557433,0.04198399931192398,0.043031999841332436,0.020175999961793423,0.021043199859559533,66,20,35,0,0.014059733599424362,0.9696969985961914,False,same_geometry_s1k,,,,,,,,,
oproj,production_qwen_dense,model,current production Qwen dense,4096,8,eager,immediate,single,v10_backward_te_userbuffers_v3,complete_route_then_single_full_gemm,recreate_per_entry,reuse_adjacent_same_shape_v1,not_applicable,branch_masked_v1,0,512,2048,2048,2048,2048,512,16,8,128,adapted_te_userbuffers_backward_formal_10w50i,per_sample_local_cuda_event_then_dist_max,full DGrad GEMM -> pack dA -> Userbuffers A2A -> unpack final head shard -> adjacent beta=0 WGrad GEMM,MAX,2.9.0+cu128,2.19.0.dev0+a7aec214,/tmp/TransformerEngine-v10-clean/transformer_engine/__init__.py,12.8,2.27.5,NVIDIA L20X|NVIDIA L20X|NVIDIA L20X|NVIDIA L20X|NVIDIA L20X|NVIDIA L20X|NVIDIA L20X|NVIDIA L20X,132|132|132|132|132|132|132|132,:4096:8,20,3,True,False,512,4,False,True,0,0.2093920037150383,0.2306303948163986,41.0232217066419,,,,,66,17,35,0,0.009342934004962444,0.9696969985961914,True,same_geometry_s1k,,,,,,,,,
oproj,production_qwen_dense,model,current production Qwen dense,4096,8,eager,deferred,single,v10_backward_te_userbuffers_v3,complete_route_then_single_full_gemm,recreate_per_entry,reuse_adjacent_same_shape_v1,not_applicable,branch_masked_v1,1,512,2048,2048,2048,2048,512,16,8,128,adapted_te_userbuffers_backward_formal_10w50i,per_sample_local_cuda_event_then_dist_max,separately timed full DGrad GEMM -> pack dA -> Userbuffers A2A -> unpack final head shard and beta=1 WGrad GEMM,MAX,2.9.0+cu128,2.19.0.dev0+a7aec214,/tmp/TransformerEngine-v10-clean/transformer_engine/__init__.py,12.8,2.27.5,NVIDIA L20X|NVIDIA L20X|NVIDIA L20X|NVIDIA L20X|NVIDIA L20X|NVIDIA L20X|NVIDIA L20X|NVIDIA L20X,132|132|132|132|132|132|132|132,:4096:8,20,3,True,False,512,4,False,True,0,0.21012799628078938,0.22883040104061364,40.87953411272937,0.1698560044169426,0.18346080034971235,0.039264000952243805,0.04425759930163621,66,17,35,0,0.009342934004962444,0.9696969985961914,False,same_geometry_s1k,,,,,,,,,
oproj,production_qwen_dense,model,current production Qwen dense,4096,8,graph,immediate,single,v10_backward_te_userbuffers_v3,complete_route_then_single_full_gemm,recreate_per_entry,reuse_adjacent_same_shape_v1,not_applicable,branch_masked_v1,0,512,2048,2048,2048,2048,512,16,8,128,adapted_te_userbuffers_backward_formal_10w50i,per_sample_local_cuda_event_then_dist_max,full DGrad GEMM -> pack dA -> Userbuffers A2A -> unpack final head shard -> adjacent beta=0 WGrad GEMM,MAX,2.9.0+cu128,2.19.0.dev0+a7aec214,/tmp/TransformerEngine-v10-clean/transformer_engine/__init__.py,12.8,2.27.5,NVIDIA L20X|NVIDIA L20X|NVIDIA L20X|NVIDIA L20X|NVIDIA L20X|NVIDIA L20X|NVIDIA L20X|NVIDIA L20X,132|132|132|132|132|132|132|132,:4096:8,8,3,True,False,512,4,False,True,0,0.05411199852824211,0.05520319938659668,158.74362111236283,,,,,66,17,35,0,0.00933119934052229,0.9696969985961914,True,same_geometry_s1k,,,,,,,,,
oproj,production_qwen_dense,model,current production Qwen dense,4096,8,graph,deferred,single,v10_backward_te_userbuffers_v3,complete_route_then_single_full_gemm,recreate_per_entry,reuse_adjacent_same_shape_v1,not_applicable,branch_masked_v1,1,512,2048,2048,2048,2048,512,16,8,128,adapted_te_userbuffers_backward_formal_10w50i,per_sample_local_cuda_event_then_dist_max,separately timed full DGrad GEMM -> pack dA -> Userbuffers A2A -> unpack final head shard and beta=1 WGrad GEMM,MAX,2.9.0+cu128,2.19.0.dev0+a7aec214,/tmp/TransformerEngine-v10-clean/transformer_engine/__init__.py,12.8,2.27.5,NVIDIA L20X|NVIDIA L20X|NVIDIA L20X|NVIDIA L20X|NVIDIA L20X|NVIDIA L20X|NVIDIA L20X|NVIDIA L20X,132|132|132|132|132|132|132|132,:4096:8,8,3,True,False,512,4,False,True,0,0.06155200023204088,0.06384000014513731,139.55573433222906,0.043535999953746796,0.045900799334049225,0.018160000443458557,0.018903999496251343,66,17,35,0,0.00933119934052229,0.9696969985961914,False,same_geometry_s1k,,,,,,,,,
oproj,production_qwen_dense,model,current production Qwen dense,16384,4,eager,immediate,single,v10_backward_te_userbuffers_v3,complete_route_then_single_full_gemm,recreate_per_entry,reuse_adjacent_same_shape_v1,not_applicable,branch_masked_v1,0,4096,2048,2048,2048,2048,4096,16,8,128,adapted_te_userbuffers_backward_formal_10w50i,per_sample_local_cuda_event_then_dist_max,full DGrad GEMM -> pack dA -> Userbuffers A2A -> unpack final head shard -> adjacent beta=0 WGrad GEMM,MAX,2.9.0+cu128,2.19.0.dev0+a7aec214,/tmp/TransformerEngine-v10-clean/transformer_engine/__init__.py,12.8,2.27.5,NVIDIA L20X|NVIDIA L20X|NVIDIA L20X|NVIDIA L20X,132|132|132|132,:4096:8,8,3,True,False,512,4,False,True,0,0.20476800203323364,0.2161680020391941,335.59675366098895,,,,,66,24,35,0,0.045817602425813675,1.9393939971923828,True,same_geometry_s1k,,,,,,,,,
oproj,production_qwen_dense,model,current production Qwen dense,16384,4,eager,deferred,single,v10_backward_te_userbuffers_v3,complete_route_then_single_full_gemm,recreate_per_entry,reuse_adjacent_same_shape_v1,not_applicable,branch_masked_v1,1,4096,2048,2048,2048,2048,4096,16,8,128,adapted_te_userbuffers_backward_formal_10w50i,per_sample_local_cuda_event_then_dist_max,separately timed full DGrad GEMM -> pack dA -> Userbuffers A2A -> unpack final head shard and beta=1 WGrad GEMM,MAX,2.9.0+cu128,2.19.0.dev0+a7aec214,/tmp/TransformerEngine-v10-clean/transformer_engine/__init__.py,12.8,2.27.5,NVIDIA L20X|NVIDIA L20X|NVIDIA L20X|NVIDIA L20X,132|132|132|132,:4096:8,8,3,True,False,1024,4,False,True,0,0.22569599747657776,0.2354976002126932,304.47804792431714,0.15371199697256088,0.1639488026499748,0.07142399996519089,0.07406240105628967,66,24,35,0,0.045817602425813675,1.9393939971923828,True,same_geometry_s1k,,,,,,,,,
oproj,production_qwen_dense,model,current production Qwen dense,16384,4,graph,immediate,single,v10_backward_te_userbuffers_v3,complete_route_then_single_full_gemm,recreate_per_entry,reuse_adjacent_same_shape_v1,not_applicable,branch_masked_v1,0,4096,2048,2048,2048,2048,4096,16,8,128,adapted_te_userbuffers_backward_formal_10w50i,per_sample_local_cuda_event_then_dist_max,full DGrad GEMM -> pack dA -> Userbuffers A2A -> unpack final head shard -> adjacent beta=0 WGrad GEMM,MAX,2.9.0+cu128,2.19.0.dev0+a7aec214,/tmp/TransformerEngine-v10-clean/transformer_engine/__init__.py,12.8,2.27.5,NVIDIA L20X|NVIDIA L20X|NVIDIA L20X|NVIDIA L20X,132|132|132|132,:4096:8,24,3,True,False,1024,4,False,True,0,0.15803200006484985,0.1596176043152809,434.8453269451779,,,,,66,24,35,0,0.046266667544841766,1.9393939971923828,True,same_geometry_s1k,,,,,,,,,
oproj,production_qwen_dense,model,current production Qwen dense,16384,4,graph,deferred,single,v10_backward_te_userbuffers_v3,complete_route_then_single_full_gemm,recreate_per_entry,reuse_adjacent_same_shape_v1,not_applicable,branch_masked_v1,1,4096,2048,2048,2048,2048,4096,16,8,128,adapted_te_userbuffers_backward_formal_10w50i,per_sample_local_cuda_event_then_dist_max,separately timed full DGrad GEMM -> pack dA -> Userbuffers A2A -> unpack final head shard and beta=1 WGrad GEMM,MAX,2.9.0+cu128,2.19.0.dev0+a7aec214,/tmp/TransformerEngine-v10-clean/transformer_engine/__init__.py,12.8,2.27.5,NVIDIA L20X|NVIDIA L20X|NVIDIA L20X|NVIDIA L20X,132|132|132|132,:4096:8,24,3,True,False,1024,4,False,True,0,0.16499200090765953,0.16744480095803738,416.50186892672434,0.11369600147008896,0.11557120084762573,0.051311999559402466,0.05206720158457756,66,24,35,0,0.046266667544841766,1.9393939971923828,False,same_geometry_s1k,,,,,,,,,
oproj,production_qwen_dense,model,current production Qwen dense,16384,8,eager,immediate,single,v10_backward_te_userbuffers_v3,complete_route_then_single_full_gemm,recreate_per_entry,reuse_adjacent_same_shape_v1,not_applicable,branch_masked_v1,0,2048,2048,2048,2048,2048,2048,16,8,128,adapted_te_userbuffers_backward_formal_10w50i,per_sample_local_cuda_event_then_dist_max,full DGrad GEMM -> pack dA -> Userbuffers A2A -> unpack final head shard -> adjacent beta=0 WGrad GEMM,MAX,2.9.0+cu128,2.19.0.dev0+a7aec214,/tmp/TransformerEngine-v10-clean/transformer_engine/__init__.py,12.8,2.27.5,NVIDIA L20X|NVIDIA L20X|NVIDIA L20X|NVIDIA L20X|NVIDIA L20X|NVIDIA L20X|NVIDIA L20X|NVIDIA L20X,132|132|132|132|132|132|132|132,:4096:8,20,3,True,False,512,4,False,True,0,0.2231680005788803,0.2534639954566955,153.9635533717806,,,,,66,20,35,0,0.023792000487446785,1.9393939971923828,True,same_geometry_s1k,,,,,,,,,
oproj,production_qwen_dense,model,current production Qwen dense,16384,8,eager,deferred,single,v10_backward_te_userbuffers_v3,complete_route_then_single_full_gemm,recreate_per_entry,reuse_adjacent_same_shape_v1,not_applicable,branch_masked_v1,1,2048,2048,2048,2048,2048,2048,16,8,128,adapted_te_userbuffers_backward_formal_10w50i,per_sample_local_cuda_event_then_dist_max,separately timed full DGrad GEMM -> pack dA -> Userbuffers A2A -> unpack final head shard and beta=1 WGrad GEMM,MAX,2.9.0+cu128,2.19.0.dev0+a7aec214,/tmp/TransformerEngine-v10-clean/transformer_engine/__init__.py,12.8,2.27.5,NVIDIA L20X|NVIDIA L20X|NVIDIA L20X|NVIDIA L20X|NVIDIA L20X|NVIDIA L20X|NVIDIA L20X|NVIDIA L20X,132|132|132|132|132|132|132|132,:4096:8,20,3,True,False,512,4,False,True,0,0.227936003357172,0.2389135980978608,150.7429184592609,0.16871999949216843,0.1770768031477928,0.058400001376867294,0.062118399888277054,66,20,35,0,0.023792000487446785,1.9393939971923828,False,same_geometry_s1k,,,,,,,,,
oproj,production_qwen_dense,model,current production Qwen dense,16384,8,graph,immediate,single,v10_backward_te_userbuffers_v3,complete_route_then_single_full_gemm,recreate_per_entry,reuse_adjacent_same_shape_v1,not_applicable,branch_masked_v1,0,2048,2048,2048,2048,2048,2048,16,8,128,adapted_te_userbuffers_backward_formal_10w50i,per_sample_local_cuda_event_then_dist_max,full DGrad GEMM -> pack dA -> Userbuffers A2A -> unpack final head shard -> adjacent beta=0 WGrad GEMM,MAX,2.9.0+cu128,2.19.0.dev0+a7aec214,/tmp/TransformerEngine-v10-clean/transformer_engine/__init__.py,12.8,2.27.5,NVIDIA L20X|NVIDIA L20X|NVIDIA L20X|NVIDIA L20X|NVIDIA L20X|NVIDIA L20X|NVIDIA L20X|NVIDIA L20X,132|132|132|132|132|132|132|132,:4096:8,16,3,True,False,1024,4,False,True,0,0.11695999652147293,0.11845280043780804,293.773421596262,,,,,66,20,35,0,0.02375360019505024,1.9393939971923828,True,same_geometry_s1k,,,,,,,,,
oproj,production_qwen_dense,model,current production Qwen dense,16384,8,graph,deferred,single,v10_backward_te_userbuffers_v3,complete_route_then_single_full_gemm,recreate_per_entry,reuse_adjacent_same_shape_v1,not_applicable,branch_masked_v1,1,2048,2048,2048,2048,2048,2048,16,8,128,adapted_te_userbuffers_backward_formal_10w50i,per_sample_local_cuda_event_then_dist_max,separately timed full DGrad GEMM -> pack dA -> Userbuffers A2A -> unpack final head shard and beta=1 WGrad GEMM,MAX,2.9.0+cu128,2.19.0.dev0+a7aec214,/tmp/TransformerEngine-v10-clean/transformer_engine/__init__.py,12.8,2.27.5,NVIDIA L20X|NVIDIA L20X|NVIDIA L20X|NVIDIA L20X|NVIDIA L20X|NVIDIA L20X|NVIDIA L20X|NVIDIA L20X,132|132|132|132|132|132|132|132,:4096:8,16,3,True,False,1024,4,False,True,0,0.12443200126290321,0.16651839688420295,276.13265091994975,0.0862560011446476,0.12834079638123513,0.038176000118255615,0.0405775986611843,66,20,35,0,0.02375360019505024,1.9393939971923828,True,same_geometry_s1k,,,,,,,,,
oproj,production_qwen_dense,model,current production Qwen dense,131072,4,eager,immediate,single,v10_backward_te_userbuffers_v3,complete_route_then_single_full_gemm,recreate_per_entry,reuse_adjacent_same_shape_v1,not_applicable,branch_masked_v1,0,32768,2048,2048,2048,2048,32768,16,8,128,adapted_te_userbuffers_backward_formal_10w50i,per_sample_local_cuda_event_then_dist_max,full DGrad GEMM -> pack dA -> Userbuffers A2A -> unpack final head shard -> adjacent beta=0 WGrad GEMM,MAX,2.9.0+cu128,2.19.0.dev0+a7aec214,/tmp/TransformerEngine-v10-clean/transformer_engine/__init__.py,12.8,2.27.5,NVIDIA L20X|NVIDIA L20X|NVIDIA L20X|NVIDIA L20X,132|132|132|132,:4096:8,24,2,True,False,1024,4,True,True,0,1.1414719820022583,1.1483487606048584,481.62006825929467,,,,,66,29,35,4,0.3397546708583832,24.84848403930664,True,same_geometry_s1k,,,,,,,,,
oproj,production_qwen_dense,model,current production Qwen dense,131072,4,eager,deferred,single,v10_backward_te_userbuffers_v3,complete_route_then_single_full_gemm,recreate_per_entry,reuse_adjacent_same_shape_v1,not_applicable,branch_masked_v1,1,32768,2048,2048,2048,2048,32768,16,8,128,adapted_te_userbuffers_backward_formal_10w50i,per_sample_local_cuda_event_then_dist_max,separately timed full DGrad GEMM -> pack dA -> Userbuffers A2A -> unpack final head shard and beta=1 WGrad GEMM,MAX,2.9.0+cu128,2.19.0.dev0+a7aec214,/tmp/TransformerEngine-v10-clean/transformer_engine/__init__.py,12.8,2.27.5,NVIDIA L20X|NVIDIA L20X|NVIDIA L20X|NVIDIA L20X,132|132|132|132,:4096:8,24,2,False,True,1024,4,True,True,0,1.2058719992637634,1.3606031939387317,455.89897951328953,0.8424479961395264,0.9888767987489695,0.3612159937620163,0.39778559952974313,66,24,35,4,0.3447647988796234,15.515151977539062,False,same_geometry_s1k,,,,,,,,,
oproj,production_qwen_dense,model,current production Qwen dense,131072,4,graph,immediate,single,v10_backward_te_userbuffers_v3,complete_route_then_single_full_gemm,recreate_per_entry,reuse_adjacent_same_shape_v1,not_applicable,branch_masked_v1,0,32768,2048,2048,2048,2048,32768,16,8,128,adapted_te_userbuffers_backward_formal_10w50i,per_sample_local_cuda_event_then_dist_max,full DGrad GEMM -> pack dA -> Userbuffers A2A -> unpack final head shard -> adjacent beta=0 WGrad GEMM,MAX,2.9.0+cu128,2.19.0.dev0+a7aec214,/tmp/TransformerEngine-v10-clean/transformer_engine/__init__.py,12.8,2.27.5,NVIDIA L20X|NVIDIA L20X|NVIDIA L20X|NVIDIA L20X,132|132|132|132,:4096:8,20,3,True,False,1024,4,True,True,0,1.1047999858856201,1.1145823895931244,497.60664456137687,,,,,66,24,35,4,0.3449215888977051,15.515151977539062,True,same_geometry_s1k,,,,,,,,,
oproj,production_qwen_dense,model,current production Qwen dense,131072,4,graph,deferred,single,v10_backward_te_userbuffers_v3,complete_route_then_single_full_gemm,recreate_per_entry,reuse_adjacent_same_shape_v1,not_applicable,branch_masked_v1,1,32768,2048,2048,2048,2048,32768,16,8,128,adapted_te_userbuffers_backward_formal_10w50i,per_sample_local_cuda_event_then_dist_max,separately timed full DGrad GEMM -> pack dA -> Userbuffers A2A -> unpack final head shard and beta=1 WGrad GEMM,MAX,2.9.0+cu128,2.19.0.dev0+a7aec214,/tmp/TransformerEngine-v10-clean/transformer_engine/__init__.py,12.8,2.27.5,NVIDIA L20X|NVIDIA L20X|NVIDIA L20X|NVIDIA L20X,132|132|132|132,:4096:8,20,3,True,False,1024,4,True,True,0,1.121327981352806,1.1259967967867852,490.2720907978743,0.7753759920597076,0.7784415811300278,0.3471360057592392,0.34886398911476135,66,24,35,4,0.3449215888977051,15.515151977539062,True,same_geometry_s1k,,,,,,,,,
oproj,production_qwen_dense,model,current production Qwen dense,131072,8,eager,immediate,single,v10_backward_te_userbuffers_v3,complete_route_then_single_full_gemm,recreate_per_entry,reuse_adjacent_same_shape_v1,not_applicable,branch_masked_v1,0,16384,2048,2048,2048,2048,16384,16,8,128,adapted_te_userbuffers_backward_formal_10w50i,per_sample_local_cuda_event_then_dist_max,full DGrad GEMM -> pack dA -> Userbuffers A2A -> unpack final head shard -> adjacent beta=0 WGrad GEMM,MAX,2.9.0+cu128,2.19.0.dev0+a7aec214,/tmp/TransformerEngine-v10-clean/transformer_engine/__init__.py,12.8,2.27.5,NVIDIA L20X|NVIDIA L20X|NVIDIA L20X|NVIDIA L20X|NVIDIA L20X|NVIDIA L20X|NVIDIA L20X|NVIDIA L20X,132|132|132|132|132|132|132|132,:4096:8,24,3,True,False,1024,4,False,True,0,0.7424319982528687,0.7516319930553437,370.2398436366666,,,,,66,29,35,4,0.17273493111133575,12.484848022460938,True,same_geometry_s1k,,,,,,,,,
oproj,production_qwen_dense,model,current production Qwen dense,131072,8,eager,deferred,single,v10_backward_te_userbuffers_v3,complete_route_then_single_full_gemm,recreate_per_entry,reuse_adjacent_same_shape_v1,not_applicable,branch_masked_v1,1,16384,2048,2048,2048,2048,16384,16,8,128,adapted_te_userbuffers_backward_formal_10w50i,per_sample_local_cuda_event_then_dist_max,separately timed full DGrad GEMM -> pack dA -> Userbuffers A2A -> unpack final head shard and beta=1 WGrad GEMM,MAX,2.9.0+cu128,2.19.0.dev0+a7aec214,/tmp/TransformerEngine-v10-clean/transformer_engine/__init__.py,12.8,2.27.5,NVIDIA L20X|NVIDIA L20X|NVIDIA L20X|NVIDIA L20X|NVIDIA L20X|NVIDIA L20X|NVIDIA L20X|NVIDIA L20X,132|132|132|132|132|132|132|132,:4096:8,24,3,True,False,1024,4,False,True,0,0.7756159901618958,0.8006063893437385,354.39948432035834,0.5345599949359894,0.5583391875028609,0.24089600145816803,0.2449760027229786,66,29,35,4,0.17273493111133575,12.484848022460938,True,same_geometry_s1k,,,,,,,,,
oproj,production_qwen_dense,model,current production Qwen dense,131072,8,graph,immediate,single,v10_backward_te_userbuffers_v3,complete_route_then_single_full_gemm,recreate_per_entry,reuse_adjacent_same_shape_v1,not_applicable,branch_masked_v1,0,16384,2048,2048,2048,2048,16384,16,8,128,adapted_te_userbuffers_backward_formal_10w50i,per_sample_local_cuda_event_then_dist_max,full DGrad GEMM -> pack dA -> Userbuffers A2A -> unpack final head shard -> adjacent beta=0 WGrad GEMM,MAX,2.9.0+cu128,2.19.0.dev0+a7aec214,/tmp/TransformerEngine-v10-clean/transformer_engine/__init__.py,12.8,2.27.5,NVIDIA L20X|NVIDIA L20X|NVIDIA L20X|NVIDIA L20X|NVIDIA L20X|NVIDIA L20X|NVIDIA L20X|NVIDIA L20X,132|132|132|132|132|132|132|132,:4096:8,24,3,True,False,1024,4,True,True,0,0.7003360092639923,0.7060224264860153,392.4943217369029,,,,,66,29,35,4,0.17273493111133575,12.484848022460938,True,same_geometry_s1k,,,,,,,,,
oproj,production_qwen_dense,model,current production Qwen dense,131072,8,graph,deferred,single,v10_backward_te_userbuffers_v3,complete_route_then_single_full_gemm,recreate_per_entry,reuse_adjacent_same_shape_v1,not_applicable,branch_masked_v1,1,16384,2048,2048,2048,2048,16384,16,8,128,adapted_te_userbuffers_backward_formal_10w50i,per_sample_local_cuda_event_then_dist_max,separately timed full DGrad GEMM -> pack dA -> Userbuffers A2A -> unpack final head shard and beta=1 WGrad GEMM,MAX,2.9.0+cu128,2.19.0.dev0+a7aec214,/tmp/TransformerEngine-v10-clean/transformer_engine/__init__.py,12.8,2.27.5,NVIDIA L20X|NVIDIA L20X|NVIDIA L20X|NVIDIA L20X|NVIDIA L20X|NVIDIA L20X|NVIDIA L20X|NVIDIA L20X,132|132|132|132|132|132|132|132,:4096:8,24,3,True,False,1024,4,False,True,0,0.714031994342804,0.7212895706295968,384.96581262720304,0.4946240037679672,0.5001535847783088,0.22006400674581528,0.22183040529489517,66,29,35,4,0.17273493111133575,12.484848022460938,True,same_geometry_s1k,,,,,,,,,
oproj,production_qwen_dense,model,current production Qwen dense,262144,4,eager,immediate,single,v10_backward_te_userbuffers_v3,complete_route_then_single_full_gemm,recreate_per_entry,reuse_adjacent_same_shape_v1,not_applicable,branch_masked_v1,0,65536,2048,2048,2048,2048,65536,16,8,128,adapted_te_userbuffers_backward_formal_10w50i,per_sample_local_cuda_event_then_dist_max,full DGrad GEMM -> pack dA -> Userbuffers A2A -> unpack final head shard -> adjacent beta=0 WGrad GEMM,MAX,2.9.0+cu128,2.19.0.dev0+a7aec214,/tmp/TransformerEngine-v10-clean/transformer_engine/__init__.py,12.8,2.27.5,NVIDIA L20X|NVIDIA L20X|NVIDIA L20X|NVIDIA L20X,132|132|132|132,:4096:8,20,3,True,False,1024,4,False,True,0,2.273375988006592,2.3157936334609985,483.6470665550163,,,,,66,29,35,4,0.6634613275527954,49.69696807861328,True,same_geometry_s1k,,,,,,,,,
oproj,production_qwen_dense,model,current production Qwen dense,262144,4,eager,deferred,single,v10_backward_te_userbuffers_v3,complete_route_then_single_full_gemm,recreate_per_entry,reuse_adjacent_same_shape_v1,not_applicable,branch_masked_v1,1,65536,2048,2048,2048,2048,65536,16,8,128,adapted_te_userbuffers_backward_formal_10w50i,per_sample_local_cuda_event_then_dist_max,separately timed full DGrad GEMM -> pack dA -> Userbuffers A2A -> unpack final head shard and beta=1 WGrad GEMM,MAX,2.9.0+cu128,2.19.0.dev0+a7aec214,/tmp/TransformerEngine-v10-clean/transformer_engine/__init__.py,12.8,2.27.5,NVIDIA L20X|NVIDIA L20X|NVIDIA L20X|NVIDIA L20X,132|132|132|132,:4096:8,20,2,False,True,1024,4,False,True,0,2.3684319853782654,2.5354848355054855,464.2360999023561,1.620639979839325,1.8323807656764985,0.747791975736618,0.7526592075824737,66,209,35,4,0.7113162279129028,28.5,False,same_geometry_s1k,,,,,,,,,
oproj,production_qwen_dense,model,current production Qwen dense,262144,4,graph,immediate,single,v10_backward_te_userbuffers_v3,complete_route_then_single_full_gemm,recreate_per_entry,reuse_adjacent_same_shape_v1,not_applicable,branch_masked_v1,0,65536,2048,2048,2048,2048,65536,16,8,128,adapted_te_userbuffers_backward_formal_10w50i,per_sample_local_cuda_event_then_dist_max,full DGrad GEMM -> pack dA -> Userbuffers A2A -> unpack final head shard -> adjacent beta=0 WGrad GEMM,MAX,2.9.0+cu128,2.19.0.dev0+a7aec214,/tmp/TransformerEngine-v10-clean/transformer_engine/__init__.py,12.8,2.27.5,NVIDIA L20X|NVIDIA L20X|NVIDIA L20X|NVIDIA L20X,132|132|132|132,:4096:8,24,3,True,False,1024,4,False,True,0,2.254688024520874,2.262990343570709,487.65577136093964,,,,,66,24,35,4,0.6775999665260315,31.030303955078125,True,same_geometry_s1k,,,,,,,,,
oproj,production_qwen_dense,model,current production Qwen dense,262144,4,graph,deferred,single,v10_backward_te_userbuffers_v3,complete_route_then_single_full_gemm,recreate_per_entry,reuse_adjacent_same_shape_v1,not_applicable,branch_masked_v1,1,65536,2048,2048,2048,2048,65536,16,8,128,adapted_te_userbuffers_backward_formal_10w50i,per_sample_local_cuda_event_then_dist_max,separately timed full DGrad GEMM -> pack dA -> Userbuffers A2A -> unpack final head shard and beta=1 WGrad GEMM,MAX,2.9.0+cu128,2.19.0.dev0+a7aec214,/tmp/TransformerEngine-v10-clean/transformer_engine/__init__.py,12.8,2.27.5,NVIDIA L20X|NVIDIA L20X|NVIDIA L20X|NVIDIA L20X,132|132|132|132,:4096:8,24,3,True,False,1024,4,False,True,0,2.280111998319626,2.3236319750547407,482.2182544481618,1.5933279991149902,1.6540367901325226,0.6736000180244446,0.7082159966230392,66,24,35,4,0.6775999665260315,31.030303955078125,False,same_geometry_s1k,,,,,,,,,
oproj,production_qwen_dense,model,current production Qwen dense,262144,8,eager,immediate,single,v10_backward_te_userbuffers_v3,complete_route_then_single_full_gemm,recreate_per_entry,reuse_adjacent_same_shape_v1,not_applicable,branch_masked_v1,0,32768,2048,2048,2048,2048,32768,16,8,128,adapted_te_userbuffers_backward_formal_10w50i,per_sample_local_cuda_event_then_dist_max,full DGrad GEMM -> pack dA -> Userbuffers A2A -> unpack final head shard -> adjacent beta=0 WGrad GEMM,MAX,2.9.0+cu128,2.19.0.dev0+a7aec214,/tmp/TransformerEngine-v10-clean/transformer_engine/__init__.py,12.8,2.27.5,NVIDIA L20X|NVIDIA L20X|NVIDIA L20X|NVIDIA L20X|NVIDIA L20X|NVIDIA L20X|NVIDIA L20X|NVIDIA L20X,132|132|132|132|132|132|132|132,:4096:8,24,3,True,False,1024,4,False,True,0,1.3729119896888733,1.3873248100280762,400.43048499604447,,,,,66,29,35,4,0.3340544104576111,24.84848403930664,True,same_geometry_s1k,,,,,,,,,
oproj,production_qwen_dense,model,current production Qwen dense,262144,8,eager,deferred,single,v10_backward_te_userbuffers_v3,complete_route_then_single_full_gemm,recreate_per_entry,reuse_adjacent_same_shape_v1,not_applicable,branch_masked_v1,1,32768,2048,2048,2048,2048,32768,16,8,128,adapted_te_userbuffers_backward_formal_10w50i,per_sample_local_cuda_event_then_dist_max,separately timed full DGrad GEMM -> pack dA -> Userbuffers A2A -> unpack final head shard and beta=1 WGrad GEMM,MAX,2.9.0+cu128,2.19.0.dev0+a7aec214,/tmp/TransformerEngine-v10-clean/transformer_engine/__init__.py,12.8,2.27.5,NVIDIA L20X|NVIDIA L20X|NVIDIA L20X|NVIDIA L20X|NVIDIA L20X|NVIDIA L20X|NVIDIA L20X|NVIDIA L20X,132|132|132|132|132|132|132|132,:4096:8,24,3,True,False,1024,4,False,True,0,1.4226720035076141,1.4523008033633231,386.4248488285218,0.9783680140972137,0.9965232104063033,0.4423519968986511,0.45908320695161814,66,29,35,4,0.3340544104576111,24.84848403930664,False,same_geometry_s1k,,,,,,,,,
oproj,production_qwen_dense,model,current production Qwen dense,262144,8,graph,immediate,single,v10_backward_te_userbuffers_v3,complete_route_then_single_full_gemm,recreate_per_entry,reuse_adjacent_same_shape_v1,not_applicable,branch_masked_v1,0,32768,2048,2048,2048,2048,32768,16,8,128,adapted_te_userbuffers_backward_formal_10w50i,per_sample_local_cuda_event_then_dist_max,full DGrad GEMM -> pack dA -> Userbuffers A2A -> unpack final head shard -> adjacent beta=0 WGrad GEMM,MAX,2.9.0+cu128,2.19.0.dev0+a7aec214,/tmp/TransformerEngine-v10-clean/transformer_engine/__init__.py,12.8,2.27.5,NVIDIA L20X|NVIDIA L20X|NVIDIA L20X|NVIDIA L20X|NVIDIA L20X|NVIDIA L20X|NVIDIA L20X|NVIDIA L20X,132|132|132|132|132|132|132|132,:4096:8,20,3,True,False,1024,4,True,True,0,1.3200479745864868,1.3353776037693024,416.46654096811477,,,,,66,29,35,4,0.33486613631248474,24.84848403930664,True,same_geometry_s1k,,,,,,,,,
oproj,production_qwen_dense,model,current production Qwen dense,262144,8,graph,deferred,single,v10_backward_te_userbuffers_v3,complete_route_then_single_full_gemm,recreate_per_entry,reuse_adjacent_same_shape_v1,not_applicable,branch_masked_v1,1,32768,2048,2048,2048,2048,32768,16,8,128,adapted_te_userbuffers_backward_formal_10w50i,per_sample_local_cuda_event_then_dist_max,separately timed full DGrad GEMM -> pack dA -> Userbuffers A2A -> unpack final head shard and beta=1 WGrad GEMM,MAX,2.9.0+cu128,2.19.0.dev0+a7aec214,/tmp/TransformerEngine-v10-clean/transformer_engine/__init__.py,12.8,2.27.5,NVIDIA L20X|NVIDIA L20X|NVIDIA L20X|NVIDIA L20X|NVIDIA L20X|NVIDIA L20X|NVIDIA L20X|NVIDIA L20X,132|132|132|132|132|132|132|132,:4096:8,20,3,True,False,1024,4,True,True,0,1.3303519934415817,1.344374381005764,413.24086903181,0.9188480079174042,0.9306895941495895,0.41196800768375397,0.41358559429645536,66,29,35,4,0.33486613631248474,24.84848403930664,True,same_geometry_s1k,,,,,,,,,
oproj,production_qwen_dense,model,current production Qwen dense,524288,4,eager,immediate,single,v10_backward_te_userbuffers_v3,complete_route_then_single_full_gemm,recreate_per_entry,reuse_adjacent_same_shape_v1,not_applicable,branch_masked_v1,0,131072,2048,2048,2048,2048,131072,16,8,128,adapted_te_userbuffers_backward_formal_10w50i,per_sample_local_cuda_event_then_dist_max,full DGrad GEMM -> pack dA -> Userbuffers A2A -> unpack final head shard -> adjacent beta=0 WGrad GEMM,MAX,2.9.0+cu128,2.19.0.dev0+a7aec214,/tmp/TransformerEngine-v10-clean/transformer_engine/__init__.py,12.8,2.27.5,NVIDIA L20X|NVIDIA L20X|NVIDIA L20X|NVIDIA L20X,132|132|132|132,:4096:8,24,2,True,False,1024,4,False,True,0,4.541007995605469,4.563115429878235,484.2588380553592,,,,,66,201,35,4,1.5123136043548584,93.09091186523438,True,same_geometry_s1k,,,,,,,,,
oproj,production_qwen_dense,model,current production Qwen dense,524288,4,eager,deferred,single,v10_backward_te_userbuffers_v3,complete_route_then_single_full_gemm,recreate_per_entry,reuse_adjacent_same_shape_v1,not_applicable,branch_masked_v1,1,131072,2048,2048,2048,2048,131072,16,8,128,adapted_te_userbuffers_backward_formal_10w50i,per_sample_local_cuda_event_then_dist_max,separately timed full DGrad GEMM -> pack dA -> Userbuffers A2A -> unpack final head shard and beta=1 WGrad GEMM,MAX,2.9.0+cu128,2.19.0.dev0+a7aec214,/tmp/TransformerEngine-v10-clean/transformer_engine/__init__.py,12.8,2.27.5,NVIDIA L20X|NVIDIA L20X|NVIDIA L20X|NVIDIA L20X,132|132|132|132,:4096:8,24,2,True,False,1024,4,False,True,0,4.713312029838562,4.735542386770248,466.5558404855534,3.1776479482650757,3.2115456461906433,1.5350880026817322,1.557943993806839,66,201,35,4,1.5123136043548584,93.09091186523438,False,same_geometry_s1k,,,,,,,,,
oproj,production_qwen_dense,model,current production Qwen dense,524288,4,graph,immediate,single,v10_backward_te_userbuffers_v3,complete_route_then_single_full_gemm,recreate_per_entry,reuse_adjacent_same_shape_v1,not_applicable,branch_masked_v1,0,131072,2048,2048,2048,2048,131072,16,8,128,adapted_te_userbuffers_backward_formal_10w50i,per_sample_local_cuda_event_then_dist_max,full DGrad GEMM -> pack dA -> Userbuffers A2A -> unpack final head shard -> adjacent beta=0 WGrad GEMM,MAX,2.9.0+cu128,2.19.0.dev0+a7aec214,/tmp/TransformerEngine-v10-clean/transformer_engine/__init__.py,12.8,2.27.5,NVIDIA L20X|NVIDIA L20X|NVIDIA L20X|NVIDIA L20X,132|132|132|132,:4096:8,24,3,True,False,1024,4,False,True,0,4.484815835952759,4.493467140197754,490.32632241516274,,,,,66,29,35,4,1.5158368349075317,99.39393615722656,True,same_geometry_s1k,,,,,,,,,
oproj,production_qwen_dense,model,current production Qwen dense,524288,4,graph,deferred,single,v10_backward_te_userbuffers_v3,complete_route_then_single_full_gemm,recreate_per_entry,reuse_adjacent_same_shape_v1,not_applicable,branch_masked_v1,1,131072,2048,2048,2048,2048,131072,16,8,128,adapted_te_userbuffers_backward_formal_10w50i,per_sample_local_cuda_event_then_dist_max,separately timed full DGrad GEMM -> pack dA -> Userbuffers A2A -> unpack final head shard and beta=1 WGrad GEMM,MAX,2.9.0+cu128,2.19.0.dev0+a7aec214,/tmp/TransformerEngine-v10-clean/transformer_engine/__init__.py,12.8,2.27.5,NVIDIA L20X|NVIDIA L20X|NVIDIA L20X|NVIDIA L20X,132|132|132|132,:4096:8,20,3,True,False,1024,4,False,True,0,4.655759930610657,4.795454400777817,472.3231627760439,3.1251360177993774,3.1338128447532654,1.5293119549751282,1.667604774236679,66,24,35,4,1.4341108798980713,62.06060791015625,False,same_geometry_s1k,,,,,,,,,
oproj,production_qwen_dense,model,current production Qwen dense,524288,8,eager,immediate,single,v10_backward_te_userbuffers_v3,complete_route_then_single_full_gemm,recreate_per_entry,reuse_adjacent_same_shape_v1,not_applicable,branch_masked_v1,0,65536,2048,2048,2048,2048,65536,16,8,128,adapted_te_userbuffers_backward_formal_10w50i,per_sample_local_cuda_event_then_dist_max,full DGrad GEMM -> pack dA -> Userbuffers A2A -> unpack final head shard -> adjacent beta=0 WGrad GEMM,MAX,2.9.0+cu128,2.19.0.dev0+a7aec214,/tmp/TransformerEngine-v10-clean/transformer_engine/__init__.py,12.8,2.27.5,NVIDIA L20X|NVIDIA L20X|NVIDIA L20X|NVIDIA L20X|NVIDIA L20X|NVIDIA L20X|NVIDIA L20X|NVIDIA L20X,132|132|132|132|132|132|132|132,:4096:8,24,3,True,False,1024,4,False,True,0,2.599743962287903,2.6285438895225526,422.93073615156146,,,,,66,209,35,4,0.7175167798995972,28.5,True,same_geometry_s1k,,,,,,,,,
oproj,production_qwen_dense,model,current production Qwen dense,524288,8,eager,deferred,single,v10_backward_te_userbuffers_v3,complete_route_then_single_full_gemm,recreate_per_entry,reuse_adjacent_same_shape_v1,not_applicable,branch_masked_v1,1,65536,2048,2048,2048,2048,65536,16,8,128,adapted_te_userbuffers_backward_formal_10w50i,per_sample_local_cuda_event_then_dist_max,separately timed full DGrad GEMM -> pack dA -> Userbuffers A2A -> unpack final head shard and beta=1 WGrad GEMM,MAX,2.9.0+cu128,2.19.0.dev0+a7aec214,/tmp/TransformerEngine-v10-clean/transformer_engine/__init__.py,12.8,2.27.5,NVIDIA L20X|NVIDIA L20X|NVIDIA L20X|NVIDIA L20X|NVIDIA L20X|NVIDIA L20X|NVIDIA L20X|NVIDIA L20X,132|132|132|132|132|132|132|132,:4096:8,24,3,True,False,1024,4,False,True,0,2.6872800290584564,2.785840001702309,409.1540948046402,1.8599039912223816,1.959964817762375,0.82915198802948,0.8458624124526977,66,209,35,4,0.7175167798995972,28.5,False,same_geometry_s1k,,,,,,,,,
oproj,production_qwen_dense,model,current production Qwen dense,524288,8,graph,immediate,single,v10_backward_te_userbuffers_v3,complete_route_then_single_full_gemm,recreate_per_entry,reuse_adjacent_same_shape_v1,not_applicable,branch_masked_v1,0,65536,2048,2048,2048,2048,65536,16,8,128,adapted_te_userbuffers_backward_formal_10w50i,per_sample_local_cuda_event_then_dist_max,full DGrad GEMM -> pack dA -> Userbuffers A2A -> unpack final head shard -> adjacent beta=0 WGrad GEMM,MAX,2.9.0+cu128,2.19.0.dev0+a7aec214,/tmp/TransformerEngine-v10-clean/transformer_engine/__init__.py,12.8,2.27.5,NVIDIA L20X|NVIDIA L20X|NVIDIA L20X|NVIDIA L20X|NVIDIA L20X|NVIDIA L20X|NVIDIA L20X|NVIDIA L20X,132|132|132|132|132|132|132|132,:4096:8,24,3,True,False,1024,4,False,True,0,2.5906240940093994,2.6246863961219784,424.41959461371806,,,,,66,209,35,4,0.7175167798995972,28.5,True,same_geometry_s1k,,,,,,,,,
oproj,production_qwen_dense,model,current production Qwen dense,524288,8,graph,deferred,single,v10_backward_te_userbuffers_v3,complete_route_then_single_full_gemm,recreate_per_entry,reuse_adjacent_same_shape_v1,not_applicable,branch_masked_v1,1,65536,2048,2048,2048,2048,65536,16,8,128,adapted_te_userbuffers_backward_formal_10w50i,per_sample_local_cuda_event_then_dist_max,separately timed full DGrad GEMM -> pack dA -> Userbuffers A2A -> unpack final head shard and beta=1 WGrad GEMM,MAX,2.9.0+cu128,2.19.0.dev0+a7aec214,/tmp/TransformerEngine-v10-clean/transformer_engine/__init__.py,12.8,2.27.5,NVIDIA L20X|NVIDIA L20X|NVIDIA L20X|NVIDIA L20X|NVIDIA L20X|NVIDIA L20X|NVIDIA L20X|NVIDIA L20X,132|132|132|132|132|132|132|132,:4096:8,24,3,True,False,1024,4,False,True,0,2.5941599905490875,2.6127983570098876,423.8411014670202,1.7905920147895813,1.807027167081833,0.8038240075111389,0.810164812207222,66,209,35,4,0.7175167798995972,28.5,True,same_geometry_s1k,,,,,,,,,
oproj,llama3_8b,model,Llama 3/3.1 8B,1024,4,eager,immediate,single,v10_backward_te_userbuffers_v3,complete_route_then_single_full_gemm,recreate_per_entry,reuse_adjacent_same_shape_v1,not_applicable,branch_masked_v1,0,256,4096,4096,4096,4096,256,32,8,128,adapted_te_userbuffers_backward_formal_10w50i,per_sample_local_cuda_event_then_dist_max,full DGrad GEMM -> pack dA -> Userbuffers A2A -> unpack final head shard -> adjacent beta=0 WGrad GEMM,MAX,2.9.0+cu128,2.19.0.dev0+a7aec214,/tmp/TransformerEngine-v10-clean/transformer_engine/__init__.py,12.8,2.27.5,NVIDIA L20X|NVIDIA L20X|NVIDIA L20X|NVIDIA L20X,132|132|132|132,:4096:8,8,1,True,False,512,8,True,True,0,0.18404800444841385,0.22459040284156795,93.3445012646974,,,,,66,135,35,0,0.01640320010483265,0.7878788113594055,True,exact,,0.0,,0.0,0.0009765625,0.0029296875,0,,0
oproj,llama3_8b,model,Llama 3/3.1 8B,1024,4,eager,deferred,single,v10_backward_te_userbuffers_v3,complete_route_then_single_full_gemm,recreate_per_entry,reuse_adjacent_same_shape_v1,not_applicable,branch_masked_v1,1,256,4096,4096,4096,4096,256,32,8,128,adapted_te_userbuffers_backward_formal_10w50i,per_sample_local_cuda_event_then_dist_max,separately timed full DGrad GEMM -> pack dA -> Userbuffers A2A -> unpack final head shard and beta=1 WGrad GEMM,MAX,2.9.0+cu128,2.19.0.dev0+a7aec214,/tmp/TransformerEngine-v10-clean/transformer_engine/__init__.py,12.8,2.27.5,NVIDIA L20X|NVIDIA L20X|NVIDIA L20X|NVIDIA L20X,132|132|132|132,:4096:8,8,1,True,False,512,8,True,True,0,0.18502400442957878,0.20820000059902666,92.8521098490156,0.13345599919557571,0.15182879641652108,0.051183998584747314,0.06050720047205686,66,135,35,0,0.01640320010483265,0.7878788113594055,True,exact,,0.0,,0.0,0.0009765625,0.0029296875,0,,0
oproj,llama3_8b,model,Llama 3/3.1 8B,1024,4,graph,immediate,single,v10_backward_te_userbuffers_v3,complete_route_then_single_full_gemm,recreate_per_entry,reuse_adjacent_same_shape_v1,not_applicable,branch_masked_v1,0,256,4096,4096,4096,4096,256,32,8,128,adapted_te_userbuffers_backward_formal_10w50i,per_sample_local_cuda_event_then_dist_max,full DGrad GEMM -> pack dA -> Userbuffers A2A -> unpack final head shard -> adjacent beta=0 WGrad GEMM,MAX,2.9.0+cu128,2.19.0.dev0+a7aec214,/tmp/TransformerEngine-v10-clean/transformer_engine/__init__.py,12.8,2.27.5,NVIDIA L20X|NVIDIA L20X|NVIDIA L20X|NVIDIA L20X,132|132|132|132,:4096:8,12,3,True,False,1024,4,False,True,0,0.06758400052785873,0.06930079869925976,254.20024043883438,,,,,66,135,35,0,0.016360532492399216,0.7878788113594055,True,exact,,0.0,,0.0,0.0009765625,0.0029296875,0,,0
oproj,llama3_8b,model,Llama 3/3.1 8B,1024,4,graph,deferred,single,v10_backward_te_userbuffers_v3,complete_route_then_single_full_gemm,recreate_per_entry,reuse_adjacent_same_shape_v1,not_applicable,branch_masked_v1,1,256,4096,4096,4096,4096,256,32,8,128,adapted_te_userbuffers_backward_formal_10w50i,per_sample_local_cuda_event_then_dist_max,separately timed full DGrad GEMM -> pack dA -> Userbuffers A2A -> unpack final head shard and beta=1 WGrad GEMM,MAX,2.9.0+cu128,2.19.0.dev0+a7aec214,/tmp/TransformerEngine-v10-clean/transformer_engine/__init__.py,12.8,2.27.5,NVIDIA L20X|NVIDIA L20X|NVIDIA L20X|NVIDIA L20X,132|132|132|132,:4096:8,12,3,True,False,512,4,False,True,0,0.06764800008386374,0.07368639940395952,253.95974992168266,0.039264000952243805,0.043236798606812954,0.028416000306606293,0.02916960045695305,66,135,35,0,0.016360532492399216,0.7878788113594055,True,exact,,0.0,,0.0,0.0009765625,0.0029296875,0,,0
oproj,llama3_8b,model,Llama 3/3.1 8B,1024,8,eager,immediate,single,v10_backward_te_userbuffers_v3,complete_route_then_single_full_gemm,recreate_per_entry,reuse_adjacent_same_shape_v1,not_applicable,branch_masked_v1,0,128,4096,4096,4096,4096,128,32,8,128,adapted_te_userbuffers_backward_formal_10w50i,per_sample_local_cuda_event_then_dist_max,full DGrad GEMM -> pack dA -> Userbuffers A2A -> unpack final head shard -> adjacent beta=0 WGrad GEMM,MAX,2.9.0+cu128,2.19.0.dev0+a7aec214,/tmp/TransformerEngine-v10-clean/transformer_engine/__init__.py,12.8,2.27.5,NVIDIA L20X|NVIDIA L20X|NVIDIA L20X|NVIDIA L20X|NVIDIA L20X|NVIDIA L20X|NVIDIA L20X|NVIDIA L20X,132|132|132|132|132|132|132|132,:4096:8,16,1,True,False,512,4,False,True,0,0.22580800205469131,0.2785279959440231,38.04087770954855,,,,,66,27,35,0,0.012332799844443798,0.6515151262283325,True,exact,,0.0,,0.0,0.0009765625,0.001953125,0,,0
oproj,llama3_8b,model,Llama 3/3.1 8B,1024,8,eager,deferred,single,v10_backward_te_userbuffers_v3,complete_route_then_single_full_gemm,recreate_per_entry,reuse_adjacent_same_shape_v1,not_applicable,branch_masked_v1,1,128,4096,4096,4096,4096,128,32,8,128,adapted_te_userbuffers_backward_formal_10w50i,per_sample_local_cuda_event_then_dist_max,separately timed full DGrad GEMM -> pack dA -> Userbuffers A2A -> unpack final head shard and beta=1 WGrad GEMM,MAX,2.9.0+cu128,2.19.0.dev0+a7aec214,/tmp/TransformerEngine-v10-clean/transformer_engine/__init__.py,12.8,2.27.5,NVIDIA L20X|NVIDIA L20X|NVIDIA L20X|NVIDIA L20X|NVIDIA L20X|NVIDIA L20X|NVIDIA L20X|NVIDIA L20X,132|132|132|132|132|132|132|132,:4096:8,16,1,True,False,512,4,False,True,0,0.22163199819624424,0.25047039818018674,38.75764628713059,0.1722400039434433,0.19854720011353488,0.04806400090456009,0.056382400169968594,66,27,35,0,0.012332799844443798,0.6515151262283325,False,exact,,0.0,,0.0,0.0009765625,0.001953125,0,,0
oproj,llama3_8b,model,Llama 3/3.1 8B,1024,8,graph,immediate,single,v10_backward_te_userbuffers_v3,complete_route_then_single_full_gemm,recreate_per_entry,reuse_adjacent_same_shape_v1,not_applicable,branch_masked_v1,0,128,4096,4096,4096,4096,128,32,8,128,adapted_te_userbuffers_backward_formal_10w50i,per_sample_local_cuda_event_then_dist_max,full DGrad GEMM -> pack dA -> Userbuffers A2A -> unpack final head shard -> adjacent beta=0 WGrad GEMM,MAX,2.9.0+cu128,2.19.0.dev0+a7aec214,/tmp/TransformerEngine-v10-clean/transformer_engine/__init__.py,12.8,2.27.5,NVIDIA L20X|NVIDIA L20X|NVIDIA L20X|NVIDIA L20X|NVIDIA L20X|NVIDIA L20X|NVIDIA L20X|NVIDIA L20X,132|132|132|132|132|132|132|132,:4096:8,4,3,True,False,512,4,False,True,0,0.06984000280499458,0.07209920100867748,122.99447661800056,,,,,66,27,35,0,0.012517333030700684,0.6515151262283325,True,exact,,0.0,,0.0,0.0009765625,0.001953125,0,,0
oproj,llama3_8b,model,Llama 3/3.1 8B,1024,8,graph,deferred,single,v10_backward_te_userbuffers_v3,complete_route_then_single_full_gemm,recreate_per_entry,reuse_adjacent_same_shape_v1,not_applicable,branch_masked_v1,1,128,4096,4096,4096,4096,128,32,8,128,adapted_te_userbuffers_backward_formal_10w50i,per_sample_local_cuda_event_then_dist_max,separately timed full DGrad GEMM -> pack dA -> Userbuffers A2A -> unpack final head shard and beta=1 WGrad GEMM,MAX,2.9.0+cu128,2.19.0.dev0+a7aec214,/tmp/TransformerEngine-v10-clean/transformer_engine/__init__.py,12.8,2.27.5,NVIDIA L20X|NVIDIA L20X|NVIDIA L20X|NVIDIA L20X|NVIDIA L20X|NVIDIA L20X|NVIDIA L20X|NVIDIA L20X,132|132|132|132|132|132|132|132,:4096:8,4,3,True,False,512,4,False,True,0,0.07075200043618679,0.07375520020723342,121.40907026010525,0.04366400092840195,0.04540640097111463,0.02703999914228916,0.028208000212907786,66,27,35,0,0.012517333030700684,0.6515151262283325,True,exact,,0.0,,0.0,0.0009765625,0.001953125,0,,0
oproj,llama3_8b,model,Llama 3/3.1 8B,4096,4,eager,immediate,single,v10_backward_te_userbuffers_v3,complete_route_then_single_full_gemm,recreate_per_entry,reuse_adjacent_same_shape_v1,not_applicable,branch_masked_v1,0,1024,4096,4096,4096,4096,1024,32,8,128,adapted_te_userbuffers_backward_formal_10w50i,per_sample_local_cuda_event_then_dist_max,full DGrad GEMM -> pack dA -> Userbuffers A2A -> unpack final head shard -> adjacent beta=0 WGrad GEMM,MAX,2.9.0+cu128,2.19.0.dev0+a7aec214,/tmp/TransformerEngine-v10-clean/transformer_engine/__init__.py,12.8,2.27.5,NVIDIA L20X|NVIDIA L20X|NVIDIA L20X|NVIDIA L20X,132|132|132|132,:4096:8,24,1,True,False,512,4,False,True,0,0.20387199521064758,0.22587839439511298,337.0716839504938,,,,,66,23,35,0,0.04461546614766121,0.9696969985961914,True,same_geometry_s1k,,,,,,,,,
oproj,llama3_8b,model,Llama 3/3.1 8B,4096,4,eager,deferred,single,v10_backward_te_userbuffers_v3,complete_route_then_single_full_gemm,recreate_per_entry,reuse_adjacent_same_shape_v1,not_applicable,branch_masked_v1,1,1024,4096,4096,4096,4096,1024,32,8,128,adapted_te_userbuffers_backward_formal_10w50i,per_sample_local_cuda_event_then_dist_max,separately timed full DGrad GEMM -> pack dA -> Userbuffers A2A -> unpack final head shard and beta=1 WGrad GEMM,MAX,2.9.0+cu128,2.19.0.dev0+a7aec214,/tmp/TransformerEngine-v10-clean/transformer_engine/__init__.py,12.8,2.27.5,NVIDIA L20X|NVIDIA L20X|NVIDIA L20X|NVIDIA L20X,132|132|132|132,:4096:8,24,1,True,False,512,4,False,True,0,0.21371200308203697,0.23055680729448794,321.551788130594,0.12996800243854523,0.13960479870438575,0.08340800181031227,0.09026080034673213,66,23,35,0,0.04461546614766121,0.9696969985961914,False,same_geometry_s1k,,,,,,,,,
oproj,llama3_8b,model,Llama 3/3.1 8B,4096,4,graph,immediate,single,v10_backward_te_userbuffers_v3,complete_route_then_single_full_gemm,recreate_per_entry,reuse_adjacent_same_shape_v1,not_applicable,branch_masked_v1,0,1024,4096,4096,4096,4096,1024,32,8,128,adapted_te_userbuffers_backward_formal_10w50i,per_sample_local_cuda_event_then_dist_max,full DGrad GEMM -> pack dA -> Userbuffers A2A -> unpack final head shard -> adjacent beta=0 WGrad GEMM,MAX,2.9.0+cu128,2.19.0.dev0+a7aec214,/tmp/TransformerEngine-v10-clean/transformer_engine/__init__.py,12.8,2.27.5,NVIDIA L20X|NVIDIA L20X|NVIDIA L20X|NVIDIA L20X,132|132|132|132,:4096:8,12,3,True,False,1024,4,False,True,0,0.13947200030088425,0.17003200277686115,492.7116309205491,,,,,66,23,35,0,0.04485973343253136,0.9696969985961914,True,same_geometry_s1k,,,,,,,,,
oproj,llama3_8b,model,Llama 3/3.1 8B,4096,4,graph,deferred,single,v10_backward_te_userbuffers_v3,complete_route_then_single_full_gemm,recreate_per_entry,reuse_adjacent_same_shape_v1,not_applicable,branch_masked_v1,1,1024,4096,4096,4096,4096,1024,32,8,128,adapted_te_userbuffers_backward_formal_10w50i,per_sample_local_cuda_event_then_dist_max,separately timed full DGrad GEMM -> pack dA -> Userbuffers A2A -> unpack final head shard and beta=1 WGrad GEMM,MAX,2.9.0+cu128,2.19.0.dev0+a7aec214,/tmp/TransformerEngine-v10-clean/transformer_engine/__init__.py,12.8,2.27.5,NVIDIA L20X|NVIDIA L20X|NVIDIA L20X|NVIDIA L20X,132|132|132|132,:4096:8,12,3,True,False,1024,4,False,True,0,0.14988800138235092,0.15849120151251556,458.4721665659064,0.08734400197863579,0.0958336029201746,0.06255999952554703,0.06337759830057621,66,23,35,0,0.04485973343253136,0.9696969985961914,True,same_geometry_s1k,,,,,,,,,
oproj,llama3_8b,model,Llama 3/3.1 8B,4096,8,eager,immediate,single,v10_backward_te_userbuffers_v3,complete_route_then_single_full_gemm,recreate_per_entry,reuse_adjacent_same_shape_v1,not_applicable,branch_masked_v1,0,512,4096,4096,4096,4096,512,32,8,128,adapted_te_userbuffers_backward_formal_10w50i,per_sample_local_cuda_event_then_dist_max,full DGrad GEMM -> pack dA -> Userbuffers A2A -> unpack final head shard -> adjacent beta=0 WGrad GEMM,MAX,2.9.0+cu128,2.19.0.dev0+a7aec214,/tmp/TransformerEngine-v10-clean/transformer_engine/__init__.py,12.8,2.27.5,NVIDIA L20X|NVIDIA L20X|NVIDIA L20X|NVIDIA L20X|NVIDIA L20X|NVIDIA L20X|NVIDIA L20X|NVIDIA L20X,132|132|132|132|132|132|132|132,:4096:8,16,1,True,False,512,4,False,True,0,0.239376001060009,0.29367361068725584,143.538776718834,,,,,66,20,35,0,0.024165334179997444,0.9696969985961914,True,same_geometry_s1k,,,,,,,,,
oproj,llama3_8b,model,Llama 3/3.1 8B,4096,8,eager,deferred,single,v10_backward_te_userbuffers_v3,complete_route_then_single_full_gemm,recreate_per_entry,reuse_adjacent_same_shape_v1,not_applicable,branch_masked_v1,1,512,4096,4096,4096,4096,512,32,8,128,adapted_te_userbuffers_backward_formal_10w50i,per_sample_local_cuda_event_then_dist_max,separately timed full DGrad GEMM -> pack dA -> Userbuffers A2A -> unpack final head shard and beta=1 WGrad GEMM,MAX,2.9.0+cu128,2.19.0.dev0+a7aec214,/tmp/TransformerEngine-v10-clean/transformer_engine/__init__.py,12.8,2.27.5,NVIDIA L20X|NVIDIA L20X|NVIDIA L20X|NVIDIA L20X|NVIDIA L20X|NVIDIA L20X|NVIDIA L20X|NVIDIA L20X,132|132|132|132|132|132|132|132,:4096:8,16,1,True,False,512,4,False,True,0,0.24590400233864784,0.2656319994479418,139.72825997635178,0.17663999646902084,0.19504320174455642,0.06830399855971336,0.07313599810004234,66,20,35,0,0.024165334179997444,0.9696969985961914,True,same_geometry_s1k,,,,,,,,,
oproj,llama3_8b,model,Llama 3/3.1 8B,4096,8,graph,immediate,single,v10_backward_te_userbuffers_v3,complete_route_then_single_full_gemm,recreate_per_entry,reuse_adjacent_same_shape_v1,not_applicable,branch_masked_v1,0,512,4096,4096,4096,4096,512,32,8,128,adapted_te_userbuffers_backward_formal_10w50i,per_sample_local_cuda_event_then_dist_max,full DGrad GEMM -> pack dA -> Userbuffers A2A -> unpack final head shard -> adjacent beta=0 WGrad GEMM,MAX,2.9.0+cu128,2.19.0.dev0+a7aec214,/tmp/TransformerEngine-v10-clean/transformer_engine/__init__.py,12.8,2.27.5,NVIDIA L20X|NVIDIA L20X|NVIDIA L20X|NVIDIA L20X|NVIDIA L20X|NVIDIA L20X|NVIDIA L20X|NVIDIA L20X,132|132|132|132|132|132|132|132,:4096:8,16,3,True,False,1024,4,False,True,0,0.11256000027060509,0.11509760059416294,305.2570920877388,,,,,66,20,35,0,0.02442026697099209,0.9696969985961914,True,same_geometry_s1k,,,,,,,,,
oproj,llama3_8b,model,Llama 3/3.1 8B,4096,8,graph,deferred,single,v10_backward_te_userbuffers_v3,complete_route_then_single_full_gemm,recreate_per_entry,reuse_adjacent_same_shape_v1,not_applicable,branch_masked_v1,1,512,4096,4096,4096,4096,512,32,8,128,adapted_te_userbuffers_backward_formal_10w50i,per_sample_local_cuda_event_then_dist_max,separately timed full DGrad GEMM -> pack dA -> Userbuffers A2A -> unpack final head shard and beta=1 WGrad GEMM,MAX,2.9.0+cu128,2.19.0.dev0+a7aec214,/tmp/TransformerEngine-v10-clean/transformer_engine/__init__.py,12.8,2.27.5,NVIDIA L20X|NVIDIA L20X|NVIDIA L20X|NVIDIA L20X|NVIDIA L20X|NVIDIA L20X|NVIDIA L20X|NVIDIA L20X,132|132|132|132|132|132|132|132,:4096:8,16,3,True,False,1024,4,False,True,0,0.11934399791061878,0.12126399911940097,287.90503895917163,0.0719200000166893,0.07394560016691684,0.04737599939107895,0.04803520068526268,66,20,35,0,0.02442026697099209,0.9696969985961914,True,same_geometry_s1k,,,,,,,,,
oproj,llama3_8b,model,Llama 3/3.1 8B,16384,4,eager,immediate,single,v10_backward_te_userbuffers_v3,complete_route_then_single_full_gemm,recreate_per_entry,reuse_adjacent_same_shape_v1,not_applicable,branch_masked_v1,0,4096,4096,4096,4096,4096,4096,32,8,128,adapted_te_userbuffers_backward_formal_10w50i,per_sample_local_cuda_event_then_dist_max,full DGrad GEMM -> pack dA -> Userbuffers A2A -> unpack final head shard -> adjacent beta=0 WGrad GEMM,MAX,2.9.0+cu128,2.19.0.dev0+a7aec214,/tmp/TransformerEngine-v10-clean/transformer_engine/__init__.py,12.8,2.27.5,NVIDIA L20X|NVIDIA L20X|NVIDIA L20X|NVIDIA L20X,132|132|132|132,:4096:8,8,3,True,False,1024,4,False,True,0,0.5216320157051086,0.5289264023303986,526.9575077220628,,,,,66,24,35,4,0.17157652974128723,3.8787879943847656,True,same_geometry_s1k,,,,,,,,,
oproj,llama3_8b,model,Llama 3/3.1 8B,16384,4,eager,deferred,single,v10_backward_te_userbuffers_v3,complete_route_then_single_full_gemm,recreate_per_entry,reuse_adjacent_same_shape_v1,not_applicable,branch_masked_v1,1,4096,4096,4096,4096,4096,4096,32,8,128,adapted_te_userbuffers_backward_formal_10w50i,per_sample_local_cuda_event_then_dist_max,separately timed full DGrad GEMM -> pack dA -> Userbuffers A2A -> unpack final head shard and beta=1 WGrad GEMM,MAX,2.9.0+cu128,2.19.0.dev0+a7aec214,/tmp/TransformerEngine-v10-clean/transformer_engine/__init__.py,12.8,2.27.5,NVIDIA L20X|NVIDIA L20X|NVIDIA L20X|NVIDIA L20X,132|132|132|132,:4096:8,8,3,True,False,1024,4,False,True,0,0.5563359931111336,0.5983711957931518,494.08614640737517,0.3457439988851547,0.38308799713850017,0.2107039988040924,0.21696800142526626,66,24,35,4,0.17157652974128723,3.8787879943847656,True,same_geometry_s1k,,,,,,,,,
oproj,llama3_8b,model,Llama 3/3.1 8B,16384,4,graph,immediate,single,v10_backward_te_userbuffers_v3,complete_route_then_single_full_gemm,recreate_per_entry,reuse_adjacent_same_shape_v1,not_applicable,branch_masked_v1,0,4096,4096,4096,4096,4096,4096,32,8,128,adapted_te_userbuffers_backward_formal_10w50i,per_sample_local_cuda_event_then_dist_max,full DGrad GEMM -> pack dA -> Userbuffers A2A -> unpack final head shard -> adjacent beta=0 WGrad GEMM,MAX,2.9.0+cu128,2.19.0.dev0+a7aec214,/tmp/TransformerEngine-v10-clean/transformer_engine/__init__.py,12.8,2.27.5,NVIDIA L20X|NVIDIA L20X|NVIDIA L20X|NVIDIA L20X,132|132|132|132,:4096:8,20,3,True,False,1024,4,False,True,0,0.4768799990415573,0.4790544077754021,576.4089655604239,,,,,66,24,35,4,0.1720447987318039,3.8787879943847656,True,same_geometry_s1k,,,,,,,,,
oproj,llama3_8b,model,Llama 3/3.1 8B,16384,4,graph,deferred,single,v10_backward_te_userbuffers_v3,complete_route_then_single_full_gemm,recreate_per_entry,reuse_adjacent_same_shape_v1,not_applicable,branch_masked_v1,1,4096,4096,4096,4096,4096,4096,32,8,128,adapted_te_userbuffers_backward_formal_10w50i,per_sample_local_cuda_event_then_dist_max,separately timed full DGrad GEMM -> pack dA -> Userbuffers A2A -> unpack final head shard and beta=1 WGrad GEMM,MAX,2.9.0+cu128,2.19.0.dev0+a7aec214,/tmp/TransformerEngine-v10-clean/transformer_engine/__init__.py,12.8,2.27.5,NVIDIA L20X|NVIDIA L20X|NVIDIA L20X|NVIDIA L20X,132|132|132|132,:4096:8,20,3,True,False,1024,4,False,True,0,0.4883039966225624,0.5034128077328205,562.9237295726429,0.30035200715065,0.31600640714168543,0.18732799589633942,0.1886144056916237,66,24,35,4,0.1720447987318039,3.8787879943847656,True,same_geometry_s1k,,,,,,,,,
oproj,llama3_8b,model,Llama 3/3.1 8B,16384,8,eager,immediate,single,v10_backward_te_userbuffers_v3,complete_route_then_single_full_gemm,recreate_per_entry,reuse_adjacent_same_shape_v1,not_applicable,branch_masked_v1,0,2048,4096,4096,4096,4096,2048,32,8,128,adapted_te_userbuffers_backward_formal_10w50i,per_sample_local_cuda_event_then_dist_max,full DGrad GEMM -> pack dA -> Userbuffers A2A -> unpack final head shard -> adjacent beta=0 WGrad GEMM,MAX,2.9.0+cu128,2.19.0.dev0+a7aec214,/tmp/TransformerEngine-v10-clean/transformer_engine/__init__.py,12.8,2.27.5,NVIDIA L20X|NVIDIA L20X|NVIDIA L20X|NVIDIA L20X|NVIDIA L20X|NVIDIA L20X|NVIDIA L20X|NVIDIA L20X,132|132|132|132|132|132|132|132,:4096:8,8,3,True,False,512,4,False,True,0,0.3664639890193939,0.37423681020736693,375.0408159878609,,,,,66,23,35,0,0.08691199868917465,1.9393939971923828,True,same_geometry_s1k,,,,,,,,,
oproj,llama3_8b,model,Llama 3/3.1 8B,16384,8,eager,deferred,single,v10_backward_te_userbuffers_v3,complete_route_then_single_full_gemm,recreate_per_entry,reuse_adjacent_same_shape_v1,not_applicable,branch_masked_v1,1,2048,4096,4096,4096,4096,2048,32,8,128,adapted_te_userbuffers_backward_formal_10w50i,per_sample_local_cuda_event_then_dist_max,separately timed full DGrad GEMM -> pack dA -> Userbuffers A2A -> unpack final head shard and beta=1 WGrad GEMM,MAX,2.9.0+cu128,2.19.0.dev0+a7aec214,/tmp/TransformerEngine-v10-clean/transformer_engine/__init__.py,12.8,2.27.5,NVIDIA L20X|NVIDIA L20X|NVIDIA L20X|NVIDIA L20X|NVIDIA L20X|NVIDIA L20X|NVIDIA L20X|NVIDIA L20X,132|132|132|132|132|132|132|132,:4096:8,24,3,True,False,512,4,False,True,0,0.4014720022678375,0.408460795879364,342.33757944672107,0.24908799678087234,0.2536511942744255,0.1518079936504364,0.15697919577360153,66,23,35,0,0.0870613306760788,1.9393939971923828,True,same_geometry_s1k,,,,,,,,,
oproj,llama3_8b,model,Llama 3/3.1 8B,16384,8,graph,immediate,single,v10_backward_te_userbuffers_v3,complete_route_then_single_full_gemm,recreate_per_entry,reuse_adjacent_same_shape_v1,not_applicable,branch_masked_v1,0,2048,4096,4096,4096,4096,2048,32,8,128,adapted_te_userbuffers_backward_formal_10w50i,per_sample_local_cuda_event_then_dist_max,full DGrad GEMM -> pack dA -> Userbuffers A2A -> unpack final head shard -> adjacent beta=0 WGrad GEMM,MAX,2.9.0+cu128,2.19.0.dev0+a7aec214,/tmp/TransformerEngine-v10-clean/transformer_engine/__init__.py,12.8,2.27.5,NVIDIA L20X|NVIDIA L20X|NVIDIA L20X|NVIDIA L20X|NVIDIA L20X|NVIDIA L20X|NVIDIA L20X|NVIDIA L20X,132|132|132|132|132|132|132|132,:4096:8,16,3,True,False,1024,4,False,True,0,0.3187360018491745,0.32188319563865664,431.1999669777999,,,,,66,23,35,0,0.08681280165910721,1.9393939971923828,True,same_geometry_s1k,,,,,,,,,
oproj,llama3_8b,model,Llama 3/3.1 8B,16384,8,graph,deferred,single,v10_backward_te_userbuffers_v3,complete_route_then_single_full_gemm,recreate_per_entry,reuse_adjacent_same_shape_v1,not_applicable,branch_masked_v1,1,2048,4096,4096,4096,4096,2048,32,8,128,adapted_te_userbuffers_backward_formal_10w50i,per_sample_local_cuda_event_then_dist_max,separately timed full DGrad GEMM -> pack dA -> Userbuffers A2A -> unpack final head shard and beta=1 WGrad GEMM,MAX,2.9.0+cu128,2.19.0.dev0+a7aec214,/tmp/TransformerEngine-v10-clean/transformer_engine/__init__.py,12.8,2.27.5,NVIDIA L20X|NVIDIA L20X|NVIDIA L20X|NVIDIA L20X|NVIDIA L20X|NVIDIA L20X|NVIDIA L20X|NVIDIA L20X,132|132|132|132|132|132|132|132,:4096:8,16,3,True,False,1024,4,False,True,0,0.3319520056247711,0.33496159836649897,414.0326045427091,0.20308800041675568,0.20546720325946807,0.1287360042333603,0.13007200285792353,66,23,35,0,0.08681280165910721,1.9393939971923828,True,same_geometry_s1k,,,,,,,,,
oproj,llama3_8b,model,Llama 3/3.1 8B,131072,4,eager,immediate,single,v10_backward_te_userbuffers_v3,complete_route_then_single_full_gemm,recreate_per_entry,reuse_adjacent_same_shape_v1,not_applicable,branch_masked_v1,0,32768,4096,4096,4096,4096,32768,32,8,128,adapted_te_userbuffers_backward_formal_10w50i,per_sample_local_cuda_event_then_dist_max,full DGrad GEMM -> pack dA -> Userbuffers A2A -> unpack final head shard -> adjacent beta=0 WGrad GEMM,MAX,2.9.0+cu128,2.19.0.dev0+a7aec214,/tmp/TransformerEngine-v10-clean/transformer_engine/__init__.py,12.8,2.27.5,NVIDIA L20X|NVIDIA L20X|NVIDIA L20X|NVIDIA L20X,132|132|132|132,:4096:8,24,2,False,True,1024,4,False,True,0,3.8046079874038696,3.893854463100433,577.9894440721437,,,,,66,209,35,4,1.3833611011505127,28.5,True,same_geometry_s1k,,,,,,,,,
oproj,llama3_8b,model,Llama 3/3.1 8B,131072,4,eager,deferred,single,v10_backward_te_userbuffers_v3,complete_route_then_single_full_gemm,recreate_per_entry,reuse_adjacent_same_shape_v1,not_applicable,branch_masked_v1,1,32768,4096,4096,4096,4096,32768,32,8,128,adapted_te_userbuffers_backward_formal_10w50i,per_sample_local_cuda_event_then_dist_max,separately timed full DGrad GEMM -> pack dA -> Userbuffers A2A -> unpack final head shard and beta=1 WGrad GEMM,MAX,2.9.0+cu128,2.19.0.dev0+a7aec214,/tmp/TransformerEngine-v10-clean/transformer_engine/__init__.py,12.8,2.27.5,NVIDIA L20X|NVIDIA L20X|NVIDIA L20X|NVIDIA L20X,132|132|132|132,:4096:8,24,2,False,True,1024,4,False,True,0,3.8666719794273376,3.8960127949714662,568.7121295139393,2.3100160360336304,2.3258224368095397,1.555247962474823,1.5801599740982055,66,209,35,4,1.3833611011505127,28.5,True,same_geometry_s1k,,,,,,,,,
oproj,llama3_8b,model,Llama 3/3.1 8B,131072,4,graph,immediate,single,v10_backward_te_userbuffers_v3,complete_route_then_single_full_gemm,recreate_per_entry,reuse_adjacent_same_shape_v1,not_applicable,branch_masked_v1,0,32768,4096,4096,4096,4096,32768,32,8,128,adapted_te_userbuffers_backward_formal_10w50i,per_sample_local_cuda_event_then_dist_max,full DGrad GEMM -> pack dA -> Userbuffers A2A -> unpack final head shard -> adjacent beta=0 WGrad GEMM,MAX,2.9.0+cu128,2.19.0.dev0+a7aec214,/tmp/TransformerEngine-v10-clean/transformer_engine/__init__.py,12.8,2.27.5,NVIDIA L20X|NVIDIA L20X|NVIDIA L20X|NVIDIA L20X,132|132|132|132,:4096:8,24,3,True,False,1024,4,False,True,0,3.788432002067566,3.8135679244995115,580.4573645117205,,,,,66,209,35,4,1.3791552782058716,28.5,True,same_geometry_s1k,,,,,,,,,
oproj,llama3_8b,model,Llama 3/3.1 8B,131072,4,graph,deferred,single,v10_backward_te_userbuffers_v3,complete_route_then_single_full_gemm,recreate_per_entry,reuse_adjacent_same_shape_v1,not_applicable,branch_masked_v1,1,32768,4096,4096,4096,4096,32768,32,8,128,adapted_te_userbuffers_backward_formal_10w50i,per_sample_local_cuda_event_then_dist_max,separately timed full DGrad GEMM -> pack dA -> Userbuffers A2A -> unpack final head shard and beta=1 WGrad GEMM,MAX,2.9.0+cu128,2.19.0.dev0+a7aec214,/tmp/TransformerEngine-v10-clean/transformer_engine/__init__.py,12.8,2.27.5,NVIDIA L20X|NVIDIA L20X|NVIDIA L20X|NVIDIA L20X,132|132|132|132,:4096:8,20,3,True,False,1024,4,False,True,0,3.759072005748749,3.8609472930431368,584.9909903798155,2.2859359979629517,2.291291284561157,1.4707040190696716,1.5740416049957275,66,209,35,4,1.4418132305145264,28.5,True,same_geometry_s1k,,,,,,,,,
oproj,llama3_8b,model,Llama 3/3.1 8B,131072,8,eager,immediate,single,v10_backward_te_userbuffers_v3,complete_route_then_single_full_gemm,recreate_per_entry,reuse_adjacent_same_shape_v1,not_applicable,branch_masked_v1,0,16384,4096,4096,4096,4096,16384,32,8,128,adapted_te_userbuffers_backward_formal_10w50i,per_sample_local_cuda_event_then_dist_max,full DGrad GEMM -> pack dA -> Userbuffers A2A -> unpack final head shard -> adjacent beta=0 WGrad GEMM,MAX,2.9.0+cu128,2.19.0.dev0+a7aec214,/tmp/TransformerEngine-v10-clean/transformer_engine/__init__.py,12.8,2.27.5,NVIDIA L20X|NVIDIA L20X|NVIDIA L20X|NVIDIA L20X|NVIDIA L20X|NVIDIA L20X|NVIDIA L20X|NVIDIA L20X,132|132|132|132|132|132|132|132,:4096:8,24,3,True,False,1024,4,False,True,0,2.1515039205551147,2.173150396347046,511.04328338491354,,,,,66,24,35,4,0.6773013472557068,15.515151977539062,True,same_geometry_s1k,,,,,,,,,
oproj,llama3_8b,model,Llama 3/3.1 8B,131072,8,eager,deferred,single,v10_backward_te_userbuffers_v3,complete_route_then_single_full_gemm,recreate_per_entry,reuse_adjacent_same_shape_v1,not_applicable,branch_masked_v1,1,16384,4096,4096,4096,4096,16384,32,8,128,adapted_te_userbuffers_backward_formal_10w50i,per_sample_local_cuda_event_then_dist_max,separately timed full DGrad GEMM -> pack dA -> Userbuffers A2A -> unpack final head shard and beta=1 WGrad GEMM,MAX,2.9.0+cu128,2.19.0.dev0+a7aec214,/tmp/TransformerEngine-v10-clean/transformer_engine/__init__.py,12.8,2.27.5,NVIDIA L20X|NVIDIA L20X|NVIDIA L20X|NVIDIA L20X|NVIDIA L20X|NVIDIA L20X|NVIDIA L20X|NVIDIA L20X,132|132|132|132|132|132|132|132,:4096:8,24,3,True,False,1024,4,False,True,0,2.2091679871082306,2.274524819850922,497.70394745546037,1.3709920048713684,1.4112463891506195,0.8389440178871155,0.8531247824430466,66,24,35,4,0.6773013472557068,15.515151977539062,True,same_geometry_s1k,,,,,,,,,
oproj,llama3_8b,model,Llama 3/3.1 8B,131072,8,graph,immediate,single,v10_backward_te_userbuffers_v3,complete_route_then_single_full_gemm,recreate_per_entry,reuse_adjacent_same_shape_v1,not_applicable,branch_masked_v1,0,16384,4096,4096,4096,4096,16384,32,8,128,adapted_te_userbuffers_backward_formal_10w50i,per_sample_local_cuda_event_then_dist_max,full DGrad GEMM -> pack dA -> Userbuffers A2A -> unpack final head shard -> adjacent beta=0 WGrad GEMM,MAX,2.9.0+cu128,2.19.0.dev0+a7aec214,/tmp/TransformerEngine-v10-clean/transformer_engine/__init__.py,12.8,2.27.5,NVIDIA L20X|NVIDIA L20X|NVIDIA L20X|NVIDIA L20X|NVIDIA L20X|NVIDIA L20X|NVIDIA L20X|NVIDIA L20X,132|132|132|132|132|132|132|132,:4096:8,24,3,True,False,1024,4,False,True,0,2.1333919763565063,2.149739158153534,515.3819082294435,,,,,66,24,35,4,0.6773013472557068,15.515151977539062,True,same_geometry_s1k,,,,,,,,,
oproj,llama3_8b,model,Llama 3/3.1 8B,131072,8,graph,deferred,single,v10_backward_te_userbuffers_v3,complete_route_then_single_full_gemm,recreate_per_entry,reuse_adjacent_same_shape_v1,not_applicable,branch_masked_v1,1,16384,4096,4096,4096,4096,16384,32,8,128,adapted_te_userbuffers_backward_formal_10w50i,per_sample_local_cuda_event_then_dist_max,separately timed full DGrad GEMM -> pack dA -> Userbuffers A2A -> unpack final head shard and beta=1 WGrad GEMM,MAX,2.9.0+cu128,2.19.0.dev0+a7aec214,/tmp/TransformerEngine-v10-clean/transformer_engine/__init__.py,12.8,2.27.5,NVIDIA L20X|NVIDIA L20X|NVIDIA L20X|NVIDIA L20X|NVIDIA L20X|NVIDIA L20X|NVIDIA L20X|NVIDIA L20X,132|132|132|132|132|132|132|132,:4096:8,24,3,True,False,1024,4,False,True,0,2.151695966720581,2.163615956902504,510.99767103796523,1.3300960063934326,1.3396015524864198,0.8234719932079315,0.8259439915418625,66,24,35,4,0.6773013472557068,15.515151977539062,True,same_geometry_s1k,,,,,,,,,
oproj,llama3_8b,model,Llama 3/3.1 8B,262144,4,eager,immediate,single,v10_backward_te_userbuffers_v3,complete_route_then_single_full_gemm,recreate_per_entry,reuse_adjacent_same_shape_v1,not_applicable,branch_masked_v1,0,65536,4096,4096,4096,4096,65536,32,8,128,adapted_te_userbuffers_backward_formal_10w50i,per_sample_local_cuda_event_then_dist_max,full DGrad GEMM -> pack dA -> Userbuffers A2A -> unpack final head shard -> adjacent beta=0 WGrad GEMM,MAX,2.9.0+cu128,2.19.0.dev0+a7aec214,/tmp/TransformerEngine-v10-clean/transformer_engine/__init__.py,12.8,2.27.5,NVIDIA L20X|NVIDIA L20X|NVIDIA L20X|NVIDIA L20X,132|132|132|132,:4096:8,24,2,False,True,1024,4,False,True,0,7.638927936553955,7.75955216884613,575.7413275308407,,,,,66,32,35,4,3.0519957542419434,82.90908813476562,True,same_geometry_s1k,,,,,,,,,
oproj,llama3_8b,model,Llama 3/3.1 8B,262144,4,eager,deferred,single,v10_backward_te_userbuffers_v3,complete_route_then_single_full_gemm,recreate_per_entry,reuse_adjacent_same_shape_v1,not_applicable,branch_masked_v1,1,65536,4096,4096,4096,4096,65536,32,8,128,adapted_te_userbuffers_backward_formal_10w50i,per_sample_local_cuda_event_then_dist_max,separately timed full DGrad GEMM -> pack dA -> Userbuffers A2A -> unpack final head shard and beta=1 WGrad GEMM,MAX,2.9.0+cu128,2.19.0.dev0+a7aec214,/tmp/TransformerEngine-v10-clean/transformer_engine/__init__.py,12.8,2.27.5,NVIDIA L20X|NVIDIA L20X|NVIDIA L20X|NVIDIA L20X,132|132|132|132,:4096:8,24,2,True,False,1024,4,False,True,0,7.724944114685059,7.835863888263702,569.330527937846,4.559280157089233,4.741913437843323,3.166991949081421,3.1883055806159977,66,209,35,4,2.977187156677246,57.0,False,same_geometry_s1k,,,,,,,,,
oproj,llama3_8b,model,Llama 3/3.1 8B,262144,4,graph,immediate,single,v10_backward_te_userbuffers_v3,complete_route_then_single_full_gemm,recreate_per_entry,reuse_adjacent_same_shape_v1,not_applicable,branch_masked_v1,0,65536,4096,4096,4096,4096,65536,32,8,128,adapted_te_userbuffers_backward_formal_10w50i,per_sample_local_cuda_event_then_dist_max,full DGrad GEMM -> pack dA -> Userbuffers A2A -> unpack final head shard -> adjacent beta=0 WGrad GEMM,MAX,2.9.0+cu128,2.19.0.dev0+a7aec214,/tmp/TransformerEngine-v10-clean/transformer_engine/__init__.py,12.8,2.27.5,NVIDIA L20X|NVIDIA L20X|NVIDIA L20X|NVIDIA L20X,132|132|132|132,:4096:8,20,3,False,True,1024,4,False,True,0,7.582079887390137,7.721824026107788,580.0580548377567,,,,,66,209,35,4,3.012540578842163,57.0,True,same_geometry_s1k,,,,,,,,,
oproj,llama3_8b,model,Llama 3/3.1 8B,262144,4,graph,deferred,single,v10_backward_te_userbuffers_v3,complete_route_then_single_full_gemm,recreate_per_entry,reuse_adjacent_same_shape_v1,not_applicable,branch_masked_v1,1,65536,4096,4096,4096,4096,65536,32,8,128,adapted_te_userbuffers_backward_formal_10w50i,per_sample_local_cuda_event_then_dist_max,separately timed full DGrad GEMM -> pack dA -> Userbuffers A2A -> unpack final head shard and beta=1 WGrad GEMM,MAX,2.9.0+cu128,2.19.0.dev0+a7aec214,/tmp/TransformerEngine-v10-clean/transformer_engine/__init__.py,12.8,2.27.5,NVIDIA L20X|NVIDIA L20X|NVIDIA L20X|NVIDIA L20X,132|132|132|132,:4096:8,20,3,False,True,1024,4,False,True,0,7.61188805103302,7.689956724643707,577.7865467302997,4.478224039077759,4.5029823780059814,3.1201919317245483,3.1794111728668213,66,209,35,4,3.012540578842163,57.0,True,same_geometry_s1k,,,,,,,,,
oproj,llama3_8b,model,Llama 3/3.1 8B,262144,8,eager,immediate,single,v10_backward_te_userbuffers_v3,complete_route_then_single_full_gemm,recreate_per_entry,reuse_adjacent_same_shape_v1,not_applicable,branch_masked_v1,0,32768,4096,4096,4096,4096,32768,32,8,128,adapted_te_userbuffers_backward_formal_10w50i,per_sample_local_cuda_event_then_dist_max,full DGrad GEMM -> pack dA -> Userbuffers A2A -> unpack final head shard -> adjacent beta=0 WGrad GEMM,MAX,2.9.0+cu128,2.19.0.dev0+a7aec214,/tmp/TransformerEngine-v10-clean/transformer_engine/__init__.py,12.8,2.27.5,NVIDIA L20X|NVIDIA L20X|NVIDIA L20X|NVIDIA L20X|NVIDIA L20X|NVIDIA L20X|NVIDIA L20X|NVIDIA L20X,132|132|132|132|132|132|132|132,:4096:8,24,3,True,False,1024,4,False,True,0,4.163919925689697,4.287425684928894,528.1137233175207,,,,,66,209,35,4,1.4763776063919067,28.5,True,same_geometry_s1k,,,,,,,,,
oproj,llama3_8b,model,Llama 3/3.1 8B,262144,8,eager,deferred,single,v10_backward_te_userbuffers_v3,complete_route_then_single_full_gemm,recreate_per_entry,reuse_adjacent_same_shape_v1,not_applicable,branch_masked_v1,1,32768,4096,4096,4096,4096,32768,32,8,128,adapted_te_userbuffers_backward_formal_10w50i,per_sample_local_cuda_event_then_dist_max,separately timed full DGrad GEMM -> pack dA -> Userbuffers A2A -> unpack final head shard and beta=1 WGrad GEMM,MAX,2.9.0+cu128,2.19.0.dev0+a7aec214,/tmp/TransformerEngine-v10-clean/transformer_engine/__init__.py,12.8,2.27.5,NVIDIA L20X|NVIDIA L20X|NVIDIA L20X|NVIDIA L20X|NVIDIA L20X|NVIDIA L20X|NVIDIA L20X|NVIDIA L20X,132|132|132|132|132|132|132|132,:4096:8,24,3,True,False,1024,4,False,True,0,4.233039975166321,4.335647964477539,519.4903115616332,2.6112639904022217,2.7176671743392946,1.6238719820976257,1.6405567944049837,66,209,35,4,1.4763776063919067,28.5,True,same_geometry_s1k,,,,,,,,,
oproj,llama3_8b,model,Llama 3/3.1 8B,262144,8,graph,immediate,single,v10_backward_te_userbuffers_v3,complete_route_then_single_full_gemm,recreate_per_entry,reuse_adjacent_same_shape_v1,not_applicable,branch_masked_v1,0,32768,4096,4096,4096,4096,32768,32,8,128,adapted_te_userbuffers_backward_formal_10w50i,per_sample_local_cuda_event_then_dist_max,full DGrad GEMM -> pack dA -> Userbuffers A2A -> unpack final head shard -> adjacent beta=0 WGrad GEMM,MAX,2.9.0+cu128,2.19.0.dev0+a7aec214,/tmp/TransformerEngine-v10-clean/transformer_engine/__init__.py,12.8,2.27.5,NVIDIA L20X|NVIDIA L20X|NVIDIA L20X|NVIDIA L20X|NVIDIA L20X|NVIDIA L20X|NVIDIA L20X|NVIDIA L20X,132|132|132|132|132|132|132|132,:4096:8,24,3,True,False,1024,4,False,True,0,4.143728017807007,4.220315217971802,530.6871604753136,,,,,66,209,35,4,1.4763776063919067,28.5,True,same_geometry_s1k,,,,,,,,,
oproj,llama3_8b,model,Llama 3/3.1 8B,262144,8,graph,deferred,single,v10_backward_te_userbuffers_v3,complete_route_then_single_full_gemm,recreate_per_entry,reuse_adjacent_same_shape_v1,not_applicable,branch_masked_v1,1,32768,4096,4096,4096,4096,32768,32,8,128,adapted_te_userbuffers_backward_formal_10w50i,per_sample_local_cuda_event_then_dist_max,separately timed full DGrad GEMM -> pack dA -> Userbuffers A2A -> unpack final head shard and beta=1 WGrad GEMM,MAX,2.9.0+cu128,2.19.0.dev0+a7aec214,/tmp/TransformerEngine-v10-clean/transformer_engine/__init__.py,12.8,2.27.5,NVIDIA L20X|NVIDIA L20X|NVIDIA L20X|NVIDIA L20X|NVIDIA L20X|NVIDIA L20X|NVIDIA L20X|NVIDIA L20X,132|132|132|132|132|132|132|132,:4096:8,24,3,True,False,1024,4,False,True,0,4.158735990524292,4.188721716403961,528.7720260585162,2.569775938987732,2.5926016807556156,1.592032015323639,1.6177552163600921,66,209,35,4,1.4763776063919067,28.5,True,same_geometry_s1k,,,,,,,,,
oproj,llama3_8b,model,Llama 3/3.1 8B,524288,4,eager,immediate,single,v10_backward_te_userbuffers_v3,complete_route_then_single_full_gemm,recreate_per_entry,reuse_adjacent_same_shape_v1,not_applicable,branch_masked_v1,0,131072,4096,4096,4096,4096,131072,32,8,128,adapted_te_userbuffers_backward_formal_10w50i,per_sample_local_cuda_event_then_dist_max,full DGrad GEMM -> pack dA -> Userbuffers A2A -> unpack final head shard -> adjacent beta=0 WGrad GEMM,MAX,2.9.0+cu128,2.19.0.dev0+a7aec214,/tmp/TransformerEngine-v10-clean/transformer_engine/__init__.py,12.8,2.27.5,NVIDIA L20X|NVIDIA L20X|NVIDIA L20X|NVIDIA L20X,132|132|132|132,:4096:8,20,3,False,True,1024,4,False,True,0,15.105871677398682,18.37838916778564,582.2962891554722,,,,,66,24,35,4,6.244842529296875,124.1212158203125,True,same_geometry_s1k,,,,,,,,,
oproj,llama3_8b,model,Llama 3/3.1 8B,524288,4,eager,deferred,single,v10_backward_te_userbuffers_v3,complete_route_then_single_full_gemm,recreate_per_entry,reuse_adjacent_same_shape_v1,not_applicable,branch_masked_v1,1,131072,4096,4096,4096,4096,131072,32,8,128,adapted_te_userbuffers_backward_formal_10w50i,per_sample_local_cuda_event_then_dist_max,separately timed full DGrad GEMM -> pack dA -> Userbuffers A2A -> unpack final head shard and beta=1 WGrad GEMM,MAX,2.9.0+cu128,2.19.0.dev0+a7aec214,/tmp/TransformerEngine-v10-clean/transformer_engine/__init__.py,12.8,2.27.5,NVIDIA L20X|NVIDIA L20X|NVIDIA L20X|NVIDIA L20X,132|132|132|132,:4096:8,20,3,False,False,1024,4,False,True,0,15.363759994506836,16.012379217147828,572.5221576848999,9.081679821014404,9.14947052001953,6.290127992630005,6.910737538337708,66,29,35,4,6.183165073394775,198.78787231445312,False,same_geometry_s1k,,,,,,,,,
oproj,llama3_8b,model,Llama 3/3.1 8B,524288,4,graph,immediate,single,v10_backward_te_userbuffers_v3,complete_route_then_single_full_gemm,recreate_per_entry,reuse_adjacent_same_shape_v1,not_applicable,branch_masked_v1,0,131072,4096,4096,4096,4096,131072,32,8,128,adapted_te_userbuffers_backward_formal_10w50i,per_sample_local_cuda_event_then_dist_max,full DGrad GEMM -> pack dA -> Userbuffers A2A -> unpack final head shard -> adjacent beta=0 WGrad GEMM,MAX,2.9.0+cu128,2.19.0.dev0+a7aec214,/tmp/TransformerEngine-v10-clean/transformer_engine/__init__.py,12.8,2.27.5,NVIDIA L20X|NVIDIA L20X|NVIDIA L20X|NVIDIA L20X,132|132|132|132,:4096:8,20,3,False,True,1024,4,False,True,0,15.219648361206055,18.30550880432129,577.9432489799633,,,,,66,24,35,4,6.244842529296875,124.1212158203125,True,same_geometry_s1k,,,,,,,,,
oproj,llama3_8b,model,Llama 3/3.1 8B,524288,4,graph,deferred,single,v10_backward_te_userbuffers_v3,complete_route_then_single_full_gemm,recreate_per_entry,reuse_adjacent_same_shape_v1,not_applicable,branch_masked_v1,1,131072,4096,4096,4096,4096,131072,32,8,128,adapted_te_userbuffers_backward_formal_10w50i,per_sample_local_cuda_event_then_dist_max,separately timed full DGrad GEMM -> pack dA -> Userbuffers A2A -> unpack final head shard and beta=1 WGrad GEMM,MAX,2.9.0+cu128,2.19.0.dev0+a7aec214,/tmp/TransformerEngine-v10-clean/transformer_engine/__init__.py,12.8,2.27.5,NVIDIA L20X|NVIDIA L20X|NVIDIA L20X|NVIDIA L20X,132|132|132|132,:4096:8,20,3,True,False,1024,4,False,True,0,15.529680252075195,16.763163089752197,566.4052884174869,8.832224369049072,8.953233575820924,6.663071870803833,7.948739361763,66,29,35,4,6.101560592651367,198.78787231445312,True,same_geometry_s1k,,,,,,,,,
oproj,llama3_8b,model,Llama 3/3.1 8B,524288,8,eager,immediate,single,v10_backward_te_userbuffers_v3,complete_route_then_single_full_gemm,recreate_per_entry,reuse_adjacent_same_shape_v1,not_applicable,branch_masked_v1,0,65536,4096,4096,4096,4096,65536,32,8,128,adapted_te_userbuffers_backward_formal_10w50i,per_sample_local_cuda_event_then_dist_max,full DGrad GEMM -> pack dA -> Userbuffers A2A -> unpack final head shard -> adjacent beta=0 WGrad GEMM,MAX,2.9.0+cu128,2.19.0.dev0+a7aec214,/tmp/TransformerEngine-v10-clean/transformer_engine/__init__.py,12.8,2.27.5,NVIDIA L20X|NVIDIA L20X|NVIDIA L20X|NVIDIA L20X|NVIDIA L20X|NVIDIA L20X|NVIDIA L20X|NVIDIA L20X,132|132|132|132|132|132|132|132,:4096:8,24,3,True,False,1024,4,False,True,0,8.345136165618896,8.417150449752807,527.0191431055972,,,,,66,209,35,4,2.9829580783843994,57.0,True,same_geometry_s1k,,,,,,,,,
oproj,llama3_8b,model,Llama 3/3.1 8B,524288,8,eager,deferred,single,v10_backward_te_userbuffers_v3,complete_route_then_single_full_gemm,recreate_per_entry,reuse_adjacent_same_shape_v1,not_applicable,branch_masked_v1,1,65536,4096,4096,4096,4096,65536,32,8,128,adapted_te_userbuffers_backward_formal_10w50i,per_sample_local_cuda_event_then_dist_max,separately timed full DGrad GEMM -> pack dA -> Userbuffers A2A -> unpack final head shard and beta=1 WGrad GEMM,MAX,2.9.0+cu128,2.19.0.dev0+a7aec214,/tmp/TransformerEngine-v10-clean/transformer_engine/__init__.py,12.8,2.27.5,NVIDIA L20X|NVIDIA L20X|NVIDIA L20X|NVIDIA L20X|NVIDIA L20X|NVIDIA L20X|NVIDIA L20X|NVIDIA L20X,132|132|132|132|132|132|132|132,:4096:8,24,3,True,False,1024,4,False,True,0,8.445152044296265,8.50008978843689,520.7776589498324,5.260848045349121,5.303686356544494,3.17468798160553,3.211886429786682,66,209,35,4,2.9829580783843994,57.0,True,same_geometry_s1k,,,,,,,,,
oproj,llama3_8b,model,Llama 3/3.1 8B,524288,8,graph,immediate,single,v10_backward_te_userbuffers_v3,complete_route_then_single_full_gemm,recreate_per_entry,reuse_adjacent_same_shape_v1,not_applicable,branch_masked_v1,0,65536,4096,4096,4096,4096,65536,32,8,128,adapted_te_userbuffers_backward_formal_10w50i,per_sample_local_cuda_event_then_dist_max,full DGrad GEMM -> pack dA -> Userbuffers A2A -> unpack final head shard -> adjacent beta=0 WGrad GEMM,MAX,2.9.0+cu128,2.19.0.dev0+a7aec214,/tmp/TransformerEngine-v10-clean/transformer_engine/__init__.py,12.8,2.27.5,NVIDIA L20X|NVIDIA L20X|NVIDIA L20X|NVIDIA L20X|NVIDIA L20X|NVIDIA L20X|NVIDIA L20X|NVIDIA L20X,132|132|132|132|132|132|132|132,:4096:8,24,3,True,False,1024,4,True,True,0,8.30289602279663,8.340193843841552,529.7002996338408,,,,,66,209,35,4,2.9829580783843994,57.0,True,same_geometry_s1k,,,,,,,,,
oproj,llama3_8b,model,Llama 3/3.1 8B,524288,8,graph,deferred,single,v10_backward_te_userbuffers_v3,complete_route_then_single_full_gemm,recreate_per_entry,reuse_adjacent_same_shape_v1,not_applicable,branch_masked_v1,1,65536,4096,4096,4096,4096,65536,32,8,128,adapted_te_userbuffers_backward_formal_10w50i,per_sample_local_cuda_event_then_dist_max,separately timed full DGrad GEMM -> pack dA -> Userbuffers A2A -> unpack final head shard and beta=1 WGrad GEMM,MAX,2.9.0+cu128,2.19.0.dev0+a7aec214,/tmp/TransformerEngine-v10-clean/transformer_engine/__init__.py,12.8,2.27.5,NVIDIA L20X|NVIDIA L20X|NVIDIA L20X|NVIDIA L20X|NVIDIA L20X|NVIDIA L20X|NVIDIA L20X|NVIDIA L20X,132|132|132|132|132|132|132|132,:4096:8,24,3,True,False,1024,4,True,True,0,8.344895958900452,8.384492540359497,527.0343132814204,5.197200059890747,5.218196678161621,3.148352026939392,3.1773425102233883,66,209,35,4,2.9829580783843994,57.0,True,same_geometry_s1k,,,,,,,,,
oproj,qwen25_14b_32b,model,Qwen2.5 14B/32B,1024,4,eager,immediate,single,v10_backward_te_userbuffers_v3,complete_route_then_single_full_gemm,recreate_per_entry,reuse_adjacent_same_shape_v1,not_applicable,branch_masked_v1,0,256,5120,5120,5120,5120,256,40,8,128,adapted_te_userbuffers_backward_formal_10w50i,per_sample_local_cuda_event_then_dist_max,full DGrad GEMM -> pack dA -> Userbuffers A2A -> unpack final head shard -> adjacent beta=0 WGrad GEMM,MAX,2.9.0+cu128,2.19.0.dev0+a7aec214,/tmp/TransformerEngine-v10-clean/transformer_engine/__init__.py,12.8,2.27.5,NVIDIA L20X|NVIDIA L20X|NVIDIA L20X|NVIDIA L20X,132|132|132|132,:4096:8,24,1,True,False,512,4,False,True,0,0.18664000183343887,0.19971199333667755,143.82525362358118,,,,,66,28,35,0,0.024553600698709488,0.8181818127632141,True,exact,,0.0,,0.0,0.0009765625,0.0029296875,0,,0
oproj,qwen25_14b_32b,model,Qwen2.5 14B/32B,1024,4,eager,deferred,single,v10_backward_te_userbuffers_v3,complete_route_then_single_full_gemm,recreate_per_entry,reuse_adjacent_same_shape_v1,not_applicable,branch_masked_v1,1,256,5120,5120,5120,5120,256,40,8,128,adapted_te_userbuffers_backward_formal_10w50i,per_sample_local_cuda_event_then_dist_max,separately timed full DGrad GEMM -> pack dA -> Userbuffers A2A -> unpack final head shard and beta=1 WGrad GEMM,MAX,2.9.0+cu128,2.19.0.dev0+a7aec214,/tmp/TransformerEngine-v10-clean/transformer_engine/__init__.py,12.8,2.27.5,NVIDIA L20X|NVIDIA L20X|NVIDIA L20X|NVIDIA L20X,132|132|132|132,:4096:8,24,1,True,False,512,4,False,True,0,0.19392000138759613,0.2094048034399748,138.4258735969513,0.12753599882125854,0.13959040269255638,0.06630399823188782,0.06872319765388965,66,28,35,0,0.024553600698709488,0.8181818127632141,True,exact,,0.0,,0.0,0.0009765625,0.0029296875,0,,0
oproj,qwen25_14b_32b,model,Qwen2.5 14B/32B,1024,4,graph,immediate,single,v10_backward_te_userbuffers_v3,complete_route_then_single_full_gemm,recreate_per_entry,reuse_adjacent_same_shape_v1,not_applicable,branch_masked_v1,0,256,5120,5120,5120,5120,256,40,8,128,adapted_te_userbuffers_backward_formal_10w50i,per_sample_local_cuda_event_then_dist_max,full DGrad GEMM -> pack dA -> Userbuffers A2A -> unpack final head shard -> adjacent beta=0 WGrad GEMM,MAX,2.9.0+cu128,2.19.0.dev0+a7aec214,/tmp/TransformerEngine-v10-clean/transformer_engine/__init__.py,12.8,2.27.5,NVIDIA L20X|NVIDIA L20X|NVIDIA L20X|NVIDIA L20X,132|132|132|132,:4096:8,12,3,True,False,1024,4,False,True,0,0.08684799820184708,0.0888815987855196,309.0865207694458,,,,,66,28,35,0,0.024899201467633247,0.8181818127632141,True,exact,,0.0,,0.0,0.0009765625,0.0029296875,0,,0
oproj,qwen25_14b_32b,model,Qwen2.5 14B/32B,1024,4,graph,deferred,single,v10_backward_te_userbuffers_v3,complete_route_then_single_full_gemm,recreate_per_entry,reuse_adjacent_same_shape_v1,not_applicable,branch_masked_v1,1,256,5120,5120,5120,5120,256,40,8,128,adapted_te_userbuffers_backward_formal_10w50i,per_sample_local_cuda_event_then_dist_max,separately timed full DGrad GEMM -> pack dA -> Userbuffers A2A -> unpack final head shard and beta=1 WGrad GEMM,MAX,2.9.0+cu128,2.19.0.dev0+a7aec214,/tmp/TransformerEngine-v10-clean/transformer_engine/__init__.py,12.8,2.27.5,NVIDIA L20X|NVIDIA L20X|NVIDIA L20X|NVIDIA L20X,132|132|132|132,:4096:8,12,3,True,False,1024,4,False,True,0,0.09639999829232693,0.09933599811047315,278.4600215302768,0.05008000135421753,0.051929598487913606,0.04630399867892265,0.047334399074316025,66,28,35,0,0.024899201467633247,0.8181818127632141,False,exact,,0.0,,0.0,0.0009765625,0.0029296875,0,,0
oproj,qwen25_14b_32b,model,Qwen2.5 14B/32B,1024,8,eager,immediate,single,v10_backward_te_userbuffers_v3,complete_route_then_single_full_gemm,recreate_per_entry,reuse_adjacent_same_shape_v1,not_applicable,branch_masked_v1,0,128,5120,5120,5120,5120,128,40,8,128,adapted_te_userbuffers_backward_formal_10w50i,per_sample_local_cuda_event_then_dist_max,full DGrad GEMM -> pack dA -> Userbuffers A2A -> unpack final head shard -> adjacent beta=0 WGrad GEMM,MAX,2.9.0+cu128,2.19.0.dev0+a7aec214,/tmp/TransformerEngine-v10-clean/transformer_engine/__init__.py,12.8,2.27.5,NVIDIA L20X|NVIDIA L20X|NVIDIA L20X|NVIDIA L20X|NVIDIA L20X|NVIDIA L20X|NVIDIA L20X|NVIDIA L20X,132|132|132|132|132|132|132|132,:4096:8,24,1,True,False,512,4,False,True,0,0.23003199696540833,0.2580735981464386,58.34741678140687,,,,,66,27,35,0,0.01924053393304348,0.8181818127632141,True,exact,,0.0,,0.0,0.0009765625,0.001953125,0,,0
oproj,qwen25_14b_32b,model,Qwen2.5 14B/32B,1024,8,eager,deferred,single,v10_backward_te_userbuffers_v3,complete_route_then_single_full_gemm,recreate_per_entry,reuse_adjacent_same_shape_v1,not_applicable,branch_masked_v1,1,128,5120,5120,5120,5120,128,40,8,128,adapted_te_userbuffers_backward_formal_10w50i,per_sample_local_cuda_event_then_dist_max,separately timed full DGrad GEMM -> pack dA -> Userbuffers A2A -> unpack final head shard and beta=1 WGrad GEMM,MAX,2.9.0+cu128,2.19.0.dev0+a7aec214,/tmp/TransformerEngine-v10-clean/transformer_engine/__init__.py,12.8,2.27.5,NVIDIA L20X|NVIDIA L20X|NVIDIA L20X|NVIDIA L20X|NVIDIA L20X|NVIDIA L20X|NVIDIA L20X|NVIDIA L20X,132|132|132|132|132|132|132|132,:4096:8,24,1,True,False,512,4,False,True,0,0.24238400533795357,0.2603760041296482,55.37400366532502,0.1775839999318123,0.19383679926395414,0.06444799900054932,0.06897759959101676,66,27,35,0,0.01924053393304348,0.8181818127632141,True,exact,,0.0,,0.0,0.0009765625,0.001953125,0,,0
oproj,qwen25_14b_32b,model,Qwen2.5 14B/32B,1024,8,graph,immediate,single,v10_backward_te_userbuffers_v3,complete_route_then_single_full_gemm,recreate_per_entry,reuse_adjacent_same_shape_v1,not_applicable,branch_masked_v1,0,128,5120,5120,5120,5120,128,40,8,128,adapted_te_userbuffers_backward_formal_10w50i,per_sample_local_cuda_event_then_dist_max,full DGrad GEMM -> pack dA -> Userbuffers A2A -> unpack final head shard -> adjacent beta=0 WGrad GEMM,MAX,2.9.0+cu128,2.19.0.dev0+a7aec214,/tmp/TransformerEngine-v10-clean/transformer_engine/__init__.py,12.8,2.27.5,NVIDIA L20X|NVIDIA L20X|NVIDIA L20X|NVIDIA L20X|NVIDIA L20X|NVIDIA L20X|NVIDIA L20X|NVIDIA L20X,132|132|132|132|132|132|132|132,:4096:8,16,3,True,False,1024,4,False,True,0,0.08435200154781342,0.08630720153450966,159.11623380261,,,,,66,27,35,0,0.0183872003108263,0.8181818127632141,True,exact,,0.0,,0.0,0.0009765625,0.001953125,0,,0
oproj,qwen25_14b_32b,model,Qwen2.5 14B/32B,1024,8,graph,deferred,single,v10_backward_te_userbuffers_v3,complete_route_then_single_full_gemm,recreate_per_entry,reuse_adjacent_same_shape_v1,not_applicable,branch_masked_v1,1,128,5120,5120,5120,5120,128,40,8,128,adapted_te_userbuffers_backward_formal_10w50i,per_sample_local_cuda_event_then_dist_max,separately timed full DGrad GEMM -> pack dA -> Userbuffers A2A -> unpack final head shard and beta=1 WGrad GEMM,MAX,2.9.0+cu128,2.19.0.dev0+a7aec214,/tmp/TransformerEngine-v10-clean/transformer_engine/__init__.py,12.8,2.27.5,NVIDIA L20X|NVIDIA L20X|NVIDIA L20X|NVIDIA L20X|NVIDIA L20X|NVIDIA L20X|NVIDIA L20X|NVIDIA L20X,132|132|132|132|132|132|132|132,:4096:8,16,3,True,False,512,4,False,True,0,0.09481599926948547,0.09808639977127313,141.55599164074323,0.052639998495578766,0.055460799299180505,0.042080000042915344,0.04327039960771799,66,27,35,0,0.0183872003108263,0.8181818127632141,False,exact,,0.0,,0.0,0.0009765625,0.001953125,0,,0
oproj,qwen25_14b_32b,model,Qwen2.5 14B/32B,4096,4,eager,immediate,single,v10_backward_te_userbuffers_v3,complete_route_then_single_full_gemm,recreate_per_entry,reuse_adjacent_same_shape_v1,not_applicable,branch_masked_v1,0,1024,5120,5120,5120,5120,1024,40,8,128,adapted_te_userbuffers_backward_formal_10w50i,per_sample_local_cuda_event_then_dist_max,full DGrad GEMM -> pack dA -> Userbuffers A2A -> unpack final head shard -> adjacent beta=0 WGrad GEMM,MAX,2.9.0+cu128,2.19.0.dev0+a7aec214,/tmp/TransformerEngine-v10-clean/transformer_engine/__init__.py,12.8,2.27.5,NVIDIA L20X|NVIDIA L20X|NVIDIA L20X|NVIDIA L20X,132|132|132|132,:4096:8,8,1,True,False,1024,4,True,True,0,0.24030400067567825,0.2553295955061913,446.8264452447279,,,,,66,248,35,0,0.0690922662615776,0.9696969985961914,True,same_geometry_s1k,,,,,,,,,
oproj,qwen25_14b_32b,model,Qwen2.5 14B/32B,4096,4,eager,deferred,single,v10_backward_te_userbuffers_v3,complete_route_then_single_full_gemm,recreate_per_entry,reuse_adjacent_same_shape_v1,not_applicable,branch_masked_v1,1,1024,5120,5120,5120,5120,1024,40,8,128,adapted_te_userbuffers_backward_formal_10w50i,per_sample_local_cuda_event_then_dist_max,separately timed full DGrad GEMM -> pack dA -> Userbuffers A2A -> unpack final head shard and beta=1 WGrad GEMM,MAX,2.9.0+cu128,2.19.0.dev0+a7aec214,/tmp/TransformerEngine-v10-clean/transformer_engine/__init__.py,12.8,2.27.5,NVIDIA L20X|NVIDIA L20X|NVIDIA L20X|NVIDIA L20X,132|132|132|132,:4096:8,8,1,True,False,1024,4,True,True,0,0.2794720008969307,0.28522719964385035,384.20372006997445,0.15964799374341965,0.16372800171375274,0.11961600184440613,0.12241280004382132,66,248,35,0,0.0690922662615776,0.9696969985961914,True,same_geometry_s1k,,,,,,,,,
oproj,qwen25_14b_32b,model,Qwen2.5 14B/32B,4096,4,graph,immediate,single,v10_backward_te_userbuffers_v3,complete_route_then_single_full_gemm,recreate_per_entry,reuse_adjacent_same_shape_v1,not_applicable,branch_masked_v1,0,1024,5120,5120,5120,5120,1024,40,8,128,adapted_te_userbuffers_backward_formal_10w50i,per_sample_local_cuda_event_then_dist_max,full DGrad GEMM -> pack dA -> Userbuffers A2A -> unpack final head shard -> adjacent beta=0 WGrad GEMM,MAX,2.9.0+cu128,2.19.0.dev0+a7aec214,/tmp/TransformerEngine-v10-clean/transformer_engine/__init__.py,12.8,2.27.5,NVIDIA L20X|NVIDIA L20X|NVIDIA L20X|NVIDIA L20X,132|132|132|132,:4096:8,20,3,True,False,1024,4,False,True,0,0.1977439969778061,0.20159040614962576,542.995914116428,,,,,66,248,35,0,0.06867093592882156,0.9696969985961914,True,same_geometry_s1k,,,,,,,,,
oproj,qwen25_14b_32b,model,Qwen2.5 14B/32B,4096,4,graph,deferred,single,v10_backward_te_userbuffers_v3,complete_route_then_single_full_gemm,recreate_per_entry,reuse_adjacent_same_shape_v1,not_applicable,branch_masked_v1,1,1024,5120,5120,5120,5120,1024,40,8,128,adapted_te_userbuffers_backward_formal_10w50i,per_sample_local_cuda_event_then_dist_max,separately timed full DGrad GEMM -> pack dA -> Userbuffers A2A -> unpack final head shard and beta=1 WGrad GEMM,MAX,2.9.0+cu128,2.19.0.dev0+a7aec214,/tmp/TransformerEngine-v10-clean/transformer_engine/__init__.py,12.8,2.27.5,NVIDIA L20X|NVIDIA L20X|NVIDIA L20X|NVIDIA L20X,132|132|132|132,:4096:8,20,3,True,False,1024,4,False,True,0,0.21697600185871124,0.23108479641377927,494.8666280150147,0.1199679970741272,0.13431519716978074,0.0968639999628067,0.09773279912769794,66,248,35,0,0.06867093592882156,0.9696969985961914,False,same_geometry_s1k,,,,,,,,,
oproj,qwen25_14b_32b,model,Qwen2.5 14B/32B,4096,8,eager,immediate,single,v10_backward_te_userbuffers_v3,complete_route_then_single_full_gemm,recreate_per_entry,reuse_adjacent_same_shape_v1,not_applicable,branch_masked_v1,0,512,5120,5120,5120,5120,512,40,8,128,adapted_te_userbuffers_backward_formal_10w50i,per_sample_local_cuda_event_then_dist_max,full DGrad GEMM -> pack dA -> Userbuffers A2A -> unpack final head shard -> adjacent beta=0 WGrad GEMM,MAX,2.9.0+cu128,2.19.0.dev0+a7aec214,/tmp/TransformerEngine-v10-clean/transformer_engine/__init__.py,12.8,2.27.5,NVIDIA L20X|NVIDIA L20X|NVIDIA L20X|NVIDIA L20X|NVIDIA L20X|NVIDIA L20X|NVIDIA L20X|NVIDIA L20X,132|132|132|132|132|132|132|132,:4096:8,20,3,True,False,512,4,False,True,0,0.24857600033283234,0.26664001047611235,215.97857849557218,,,,,66,197,35,0,0.03856106474995613,0.939393937587738,True,same_geometry_s1k,,,,,,,,,
oproj,qwen25_14b_32b,model,Qwen2.5 14B/32B,4096,8,eager,deferred,single,v10_backward_te_userbuffers_v3,complete_route_then_single_full_gemm,recreate_per_entry,reuse_adjacent_same_shape_v1,not_applicable,branch_masked_v1,1,512,5120,5120,5120,5120,512,40,8,128,adapted_te_userbuffers_backward_formal_10w50i,per_sample_local_cuda_event_then_dist_max,separately timed full DGrad GEMM -> pack dA -> Userbuffers A2A -> unpack final head shard and beta=1 WGrad GEMM,MAX,2.9.0+cu128,2.19.0.dev0+a7aec214,/tmp/TransformerEngine-v10-clean/transformer_engine/__init__.py,12.8,2.27.5,NVIDIA L20X|NVIDIA L20X|NVIDIA L20X|NVIDIA L20X|NVIDIA L20X|NVIDIA L20X|NVIDIA L20X|NVIDIA L20X,132|132|132|132|132|132|132|132,:4096:8,20,3,True,False,512,4,False,True,0,0.26340800523757935,0.4743871908634898,203.81723460369867,0.16736000031232834,0.3761151894927021,0.0958079993724823,0.10179199948906897,66,197,35,0,0.03856106474995613,0.939393937587738,False,same_geometry_s1k,,,,,,,,,
oproj,qwen25_14b_32b,model,Qwen2.5 14B/32B,4096,8,graph,immediate,single,v10_backward_te_userbuffers_v3,complete_route_then_single_full_gemm,recreate_per_entry,reuse_adjacent_same_shape_v1,not_applicable,branch_masked_v1,0,512,5120,5120,5120,5120,512,40,8,128,adapted_te_userbuffers_backward_formal_10w50i,per_sample_local_cuda_event_then_dist_max,full DGrad GEMM -> pack dA -> Userbuffers A2A -> unpack final head shard -> adjacent beta=0 WGrad GEMM,MAX,2.9.0+cu128,2.19.0.dev0+a7aec214,/tmp/TransformerEngine-v10-clean/transformer_engine/__init__.py,12.8,2.27.5,NVIDIA L20X|NVIDIA L20X|NVIDIA L20X|NVIDIA L20X|NVIDIA L20X|NVIDIA L20X|NVIDIA L20X|NVIDIA L20X,132|132|132|132|132|132|132|132,:4096:8,16,3,True,False,1024,4,False,True,0,0.14963200688362122,0.15153760313987732,358.794166556598,,,,,66,197,35,0,0.03856533393263817,0.939393937587738,True,same_geometry_s1k,,,,,,,,,
oproj,qwen25_14b_32b,model,Qwen2.5 14B/32B,4096,8,graph,deferred,single,v10_backward_te_userbuffers_v3,complete_route_then_single_full_gemm,recreate_per_entry,reuse_adjacent_same_shape_v1,not_applicable,branch_masked_v1,1,512,5120,5120,5120,5120,512,40,8,128,adapted_te_userbuffers_backward_formal_10w50i,per_sample_local_cuda_event_then_dist_max,separately timed full DGrad GEMM -> pack dA -> Userbuffers A2A -> unpack final head shard and beta=1 WGrad GEMM,MAX,2.9.0+cu128,2.19.0.dev0+a7aec214,/tmp/TransformerEngine-v10-clean/transformer_engine/__init__.py,12.8,2.27.5,NVIDIA L20X|NVIDIA L20X|NVIDIA L20X|NVIDIA L20X|NVIDIA L20X|NVIDIA L20X|NVIDIA L20X|NVIDIA L20X,132|132|132|132|132|132|132|132,:4096:8,16,3,True,False,1024,4,False,True,0,0.1669600009918213,0.17021119967103004,321.55660566047743,0.0907839983701706,0.09396160021424294,0.07580800354480743,0.07676800340414047,66,197,35,0,0.03856533393263817,0.939393937587738,True,same_geometry_s1k,,,,,,,,,
oproj,qwen25_14b_32b,model,Qwen2.5 14B/32B,16384,4,eager,immediate,single,v10_backward_te_userbuffers_v3,complete_route_then_single_full_gemm,recreate_per_entry,reuse_adjacent_same_shape_v1,not_applicable,branch_masked_v1,0,4096,5120,5120,5120,5120,4096,40,8,128,adapted_te_userbuffers_backward_formal_10w50i,per_sample_local_cuda_event_then_dist_max,full DGrad GEMM -> pack dA -> Userbuffers A2A -> unpack final head shard -> adjacent beta=0 WGrad GEMM,MAX,2.9.0+cu128,2.19.0.dev0+a7aec214,/tmp/TransformerEngine-v10-clean/transformer_engine/__init__.py,12.8,2.27.5,NVIDIA L20X|NVIDIA L20X|NVIDIA L20X|NVIDIA L20X,132|132|132|132,:4096:8,8,3,True,False,1024,4,False,True,0,0.7364320158958435,0.7461440086364746,583.2130058570748,,,,,66,24,35,4,0.26413974165916443,4.848484992980957,True,same_geometry_s1k,,,,,,,,,
oproj,qwen25_14b_32b,model,Qwen2.5 14B/32B,16384,4,eager,deferred,single,v10_backward_te_userbuffers_v3,complete_route_then_single_full_gemm,recreate_per_entry,reuse_adjacent_same_shape_v1,not_applicable,branch_masked_v1,1,4096,5120,5120,5120,5120,4096,40,8,128,adapted_te_userbuffers_backward_formal_10w50i,per_sample_local_cuda_event_then_dist_max,separately timed full DGrad GEMM -> pack dA -> Userbuffers A2A -> unpack final head shard and beta=1 WGrad GEMM,MAX,2.9.0+cu128,2.19.0.dev0+a7aec214,/tmp/TransformerEngine-v10-clean/transformer_engine/__init__.py,12.8,2.27.5,NVIDIA L20X|NVIDIA L20X|NVIDIA L20X|NVIDIA L20X,132|132|132|132,:4096:8,8,3,True,False,512,4,False,True,0,0.7825440019369125,0.7953760117292403,548.8467466838055,0.4750079959630966,0.4828576102852821,0.3075519949197769,0.3107072040438652,66,24,35,4,0.26413974165916443,4.848484992980957,True,same_geometry_s1k,,,,,,,,,
oproj,qwen25_14b_32b,model,Qwen2.5 14B/32B,16384,4,graph,immediate,single,v10_backward_te_userbuffers_v3,complete_route_then_single_full_gemm,recreate_per_entry,reuse_adjacent_same_shape_v1,not_applicable,branch_masked_v1,0,4096,5120,5120,5120,5120,4096,40,8,128,adapted_te_userbuffers_backward_formal_10w50i,per_sample_local_cuda_event_then_dist_max,full DGrad GEMM -> pack dA -> Userbuffers A2A -> unpack final head shard -> adjacent beta=0 WGrad GEMM,MAX,2.9.0+cu128,2.19.0.dev0+a7aec214,/tmp/TransformerEngine-v10-clean/transformer_engine/__init__.py,12.8,2.27.5,NVIDIA L20X|NVIDIA L20X|NVIDIA L20X|NVIDIA L20X,132|132|132|132,:4096:8,24,3,True,False,1024,4,False,True,0,0.7029759883880615,0.7057967990636825,610.969274476707,,,,,66,24,35,4,0.26566827297210693,4.848484992980957,True,same_geometry_s1k,,,,,,,,,
oproj,qwen25_14b_32b,model,Qwen2.5 14B/32B,16384,4,graph,deferred,single,v10_backward_te_userbuffers_v3,complete_route_then_single_full_gemm,recreate_per_entry,reuse_adjacent_same_shape_v1,not_applicable,branch_masked_v1,1,4096,5120,5120,5120,5120,4096,40,8,128,adapted_te_userbuffers_backward_formal_10w50i,per_sample_local_cuda_event_then_dist_max,separately timed full DGrad GEMM -> pack dA -> Userbuffers A2A -> unpack final head shard and beta=1 WGrad GEMM,MAX,2.9.0+cu128,2.19.0.dev0+a7aec214,/tmp/TransformerEngine-v10-clean/transformer_engine/__init__.py,12.8,2.27.5,NVIDIA L20X|NVIDIA L20X|NVIDIA L20X|NVIDIA L20X,132|132|132|132,:4096:8,24,3,True,False,1024,4,False,True,0,0.7105440050363541,0.7145824179053306,604.4618300284236,0.42049600183963776,0.42315360009670255,0.29049600660800934,0.29233760088682176,66,24,35,4,0.26566827297210693,4.848484992980957,True,same_geometry_s1k,,,,,,,,,
oproj,qwen25_14b_32b,model,Qwen2.5 14B/32B,16384,8,eager,immediate,single,v10_backward_te_userbuffers_v3,complete_route_then_single_full_gemm,recreate_per_entry,reuse_adjacent_same_shape_v1,not_applicable,branch_masked_v1,0,2048,5120,5120,5120,5120,2048,40,8,128,adapted_te_userbuffers_backward_formal_10w50i,per_sample_local_cuda_event_then_dist_max,full DGrad GEMM -> pack dA -> Userbuffers A2A -> unpack final head shard -> adjacent beta=0 WGrad GEMM,MAX,2.9.0+cu128,2.19.0.dev0+a7aec214,/tmp/TransformerEngine-v10-clean/transformer_engine/__init__.py,12.8,2.27.5,NVIDIA L20X|NVIDIA L20X|NVIDIA L20X|NVIDIA L20X|NVIDIA L20X|NVIDIA L20X|NVIDIA L20X|NVIDIA L20X,132|132|132|132|132|132|132|132,:4096:8,20,3,True,False,512,4,False,True,0,0.5015040040016174,0.5057599902153015,428.20867448010927,,,,,66,248,35,0,0.13586987555027008,1.9393939971923828,True,same_geometry_s1k,,,,,,,,,
oproj,qwen25_14b_32b,model,Qwen2.5 14B/32B,16384,8,eager,deferred,single,v10_backward_te_userbuffers_v3,complete_route_then_single_full_gemm,recreate_per_entry,reuse_adjacent_same_shape_v1,not_applicable,branch_masked_v1,1,2048,5120,5120,5120,5120,2048,40,8,128,adapted_te_userbuffers_backward_formal_10w50i,per_sample_local_cuda_event_then_dist_max,separately timed full DGrad GEMM -> pack dA -> Userbuffers A2A -> unpack final head shard and beta=1 WGrad GEMM,MAX,2.9.0+cu128,2.19.0.dev0+a7aec214,/tmp/TransformerEngine-v10-clean/transformer_engine/__init__.py,12.8,2.27.5,NVIDIA L20X|NVIDIA L20X|NVIDIA L20X|NVIDIA L20X|NVIDIA L20X|NVIDIA L20X|NVIDIA L20X|NVIDIA L20X,132|132|132|132|132|132|132|132,:4096:8,20,3,True,False,512,4,False,True,0,0.5375680029392242,0.6044624060392378,399.48130027426276,0.3216160088777542,0.3401952087879181,0.2152319997549057,0.26026400923728943,66,248,35,0,0.13586987555027008,1.9393939971923828,False,same_geometry_s1k,,,,,,,,,
oproj,qwen25_14b_32b,model,Qwen2.5 14B/32B,16384,8,graph,immediate,single,v10_backward_te_userbuffers_v3,complete_route_then_single_full_gemm,recreate_per_entry,reuse_adjacent_same_shape_v1,not_applicable,branch_masked_v1,0,2048,5120,5120,5120,5120,2048,40,8,128,adapted_te_userbuffers_backward_formal_10w50i,per_sample_local_cuda_event_then_dist_max,full DGrad GEMM -> pack dA -> Userbuffers A2A -> unpack final head shard -> adjacent beta=0 WGrad GEMM,MAX,2.9.0+cu128,2.19.0.dev0+a7aec214,/tmp/TransformerEngine-v10-clean/transformer_engine/__init__.py,12.8,2.27.5,NVIDIA L20X|NVIDIA L20X|NVIDIA L20X|NVIDIA L20X|NVIDIA L20X|NVIDIA L20X|NVIDIA L20X|NVIDIA L20X,132|132|132|132|132|132|132|132,:4096:8,20,3,True,False,1024,4,False,True,0,0.45129600167274475,0.4647535964846611,475.8481440208367,,,,,66,248,35,0,0.13586987555027008,1.9393939971923828,True,same_geometry_s1k,,,,,,,,,
oproj,qwen25_14b_32b,model,Qwen2.5 14B/32B,16384,8,graph,deferred,single,v10_backward_te_userbuffers_v3,complete_route_then_single_full_gemm,recreate_per_entry,reuse_adjacent_same_shape_v1,not_applicable,branch_masked_v1,1,2048,5120,5120,5120,5120,2048,40,8,128,adapted_te_userbuffers_backward_formal_10w50i,per_sample_local_cuda_event_then_dist_max,separately timed full DGrad GEMM -> pack dA -> Userbuffers A2A -> unpack final head shard and beta=1 WGrad GEMM,MAX,2.9.0+cu128,2.19.0.dev0+a7aec214,/tmp/TransformerEngine-v10-clean/transformer_engine/__init__.py,12.8,2.27.5,NVIDIA L20X|NVIDIA L20X|NVIDIA L20X|NVIDIA L20X|NVIDIA L20X|NVIDIA L20X|NVIDIA L20X|NVIDIA L20X,132|132|132|132|132|132|132|132,:4096:8,20,3,True,False,1024,4,False,True,0,0.4687040001153946,0.5350672081112862,458.17480701493713,0.27454400062561035,0.33938400745391845,0.19457600265741348,0.19668960347771644,66,248,35,0,0.13586987555027008,1.9393939971923828,True,same_geometry_s1k,,,,,,,,,
oproj,qwen25_14b_32b,model,Qwen2.5 14B/32B,131072,4,eager,immediate,single,v10_backward_te_userbuffers_v3,complete_route_then_single_full_gemm,recreate_per_entry,reuse_adjacent_same_shape_v1,not_applicable,branch_masked_v1,0,32768,5120,5120,5120,5120,32768,40,8,128,adapted_te_userbuffers_backward_formal_10w50i,per_sample_local_cuda_event_then_dist_max,full DGrad GEMM -> pack dA -> Userbuffers A2A -> unpack final head shard -> adjacent beta=0 WGrad GEMM,MAX,2.9.0+cu128,2.19.0.dev0+a7aec214,/tmp/TransformerEngine-v10-clean/transformer_engine/__init__.py,12.8,2.27.5,NVIDIA L20X|NVIDIA L20X|NVIDIA L20X|NVIDIA L20X,132|132|132|132,:4096:8,20,2,False,True,1024,4,False,True,0,5.709344148635864,5.758609700202942,601.81585613839,,,,,66,23,35,4,2.1115286350250244,38.787879943847656,True,same_geometry_s1k,,,,,,,,,
oproj,qwen25_14b_32b,model,Qwen2.5 14B/32B,131072,4,eager,deferred,single,v10_backward_te_userbuffers_v3,complete_route_then_single_full_gemm,recreate_per_entry,reuse_adjacent_same_shape_v1,not_applicable,branch_masked_v1,1,32768,5120,5120,5120,5120,32768,40,8,128,adapted_te_userbuffers_backward_formal_10w50i,per_sample_local_cuda_event_then_dist_max,separately timed full DGrad GEMM -> pack dA -> Userbuffers A2A -> unpack final head shard and beta=1 WGrad GEMM,MAX,2.9.0+cu128,2.19.0.dev0+a7aec214,/tmp/TransformerEngine-v10-clean/transformer_engine/__init__.py,12.8,2.27.5,NVIDIA L20X|NVIDIA L20X|NVIDIA L20X|NVIDIA L20X,132|132|132|132,:4096:8,20,2,False,True,1024,4,False,True,0,5.648224115371704,5.677020812034607,608.3281694593101,3.224592089653015,3.2494319558143614,2.4221280813217163,2.4422975897789003,66,23,35,4,2.1115286350250244,38.787879943847656,False,same_geometry_s1k,,,,,,,,,
oproj,qwen25_14b_32b,model,Qwen2.5 14B/32B,131072,4,graph,immediate,single,v10_backward_te_userbuffers_v3,complete_route_then_single_full_gemm,recreate_per_entry,reuse_adjacent_same_shape_v1,not_applicable,branch_masked_v1,0,32768,5120,5120,5120,5120,32768,40,8,128,adapted_te_userbuffers_backward_formal_10w50i,per_sample_local_cuda_event_then_dist_max,full DGrad GEMM -> pack dA -> Userbuffers A2A -> unpack final head shard -> adjacent beta=0 WGrad GEMM,MAX,2.9.0+cu128,2.19.0.dev0+a7aec214,/tmp/TransformerEngine-v10-clean/transformer_engine/__init__.py,12.8,2.27.5,NVIDIA L20X|NVIDIA L20X|NVIDIA L20X|NVIDIA L20X,132|132|132|132,:4096:8,24,3,True,False,1024,4,False,True,0,5.724528074264526,5.766142344474792,600.2195800640642,,,,,66,24,35,4,2.2714548110961914,38.787879943847656,True,same_geometry_s1k,,,,,,,,,
oproj,qwen25_14b_32b,model,Qwen2.5 14B/32B,131072,4,graph,deferred,single,v10_backward_te_userbuffers_v3,complete_route_then_single_full_gemm,recreate_per_entry,reuse_adjacent_same_shape_v1,not_applicable,branch_masked_v1,1,32768,5120,5120,5120,5120,32768,40,8,128,adapted_te_userbuffers_backward_formal_10w50i,per_sample_local_cuda_event_then_dist_max,separately timed full DGrad GEMM -> pack dA -> Userbuffers A2A -> unpack final head shard and beta=1 WGrad GEMM,MAX,2.9.0+cu128,2.19.0.dev0+a7aec214,/tmp/TransformerEngine-v10-clean/transformer_engine/__init__.py,12.8,2.27.5,NVIDIA L20X|NVIDIA L20X|NVIDIA L20X|NVIDIA L20X,132|132|132|132,:4096:8,24,3,False,True,1024,4,False,True,0,5.682751893997192,5.712755239009857,604.63203407305,3.216655969619751,3.2488704323768616,2.461184024810791,2.4720975875854494,66,24,35,4,2.155289649963379,38.787879943847656,True,same_geometry_s1k,,,,,,,,,
oproj,qwen25_14b_32b,model,Qwen2.5 14B/32B,131072,8,eager,immediate,single,v10_backward_te_userbuffers_v3,complete_route_then_single_full_gemm,recreate_per_entry,reuse_adjacent_same_shape_v1,not_applicable,branch_masked_v1,0,16384,5120,5120,5120,5120,16384,40,8,128,adapted_te_userbuffers_backward_formal_10w50i,per_sample_local_cuda_event_then_dist_max,full DGrad GEMM -> pack dA -> Userbuffers A2A -> unpack final head shard -> adjacent beta=0 WGrad GEMM,MAX,2.9.0+cu128,2.19.0.dev0+a7aec214,/tmp/TransformerEngine-v10-clean/transformer_engine/__init__.py,12.8,2.27.5,NVIDIA L20X|NVIDIA L20X|NVIDIA L20X|NVIDIA L20X|NVIDIA L20X|NVIDIA L20X|NVIDIA L20X|NVIDIA L20X,132|132|132|132|132|132|132|132,:4096:8,24,3,True,False,1024,4,False,True,0,3.2150559425354004,3.2413888216018676,534.356772978946,,,,,66,248,35,4,1.1099584102630615,15.515151977539062,True,same_geometry_s1k,,,,,,,,,
oproj,qwen25_14b_32b,model,Qwen2.5 14B/32B,131072,8,eager,deferred,single,v10_backward_te_userbuffers_v3,complete_route_then_single_full_gemm,recreate_per_entry,reuse_adjacent_same_shape_v1,not_applicable,branch_masked_v1,1,16384,5120,5120,5120,5120,16384,40,8,128,adapted_te_userbuffers_backward_formal_10w50i,per_sample_local_cuda_event_then_dist_max,separately timed full DGrad GEMM -> pack dA -> Userbuffers A2A -> unpack final head shard and beta=1 WGrad GEMM,MAX,2.9.0+cu128,2.19.0.dev0+a7aec214,/tmp/TransformerEngine-v10-clean/transformer_engine/__init__.py,12.8,2.27.5,NVIDIA L20X|NVIDIA L20X|NVIDIA L20X|NVIDIA L20X|NVIDIA L20X|NVIDIA L20X|NVIDIA L20X|NVIDIA L20X,132|132|132|132|132|132|132|132,:4096:8,24,3,True,False,1024,4,False,True,0,3.253920018672943,3.3461599230766295,527.9745379545783,1.9652640223503113,2.0540607571601868,1.2840319871902466,1.2921695768833161,66,248,35,4,1.1099584102630615,15.515151977539062,False,same_geometry_s1k,,,,,,,,,
oproj,qwen25_14b_32b,model,Qwen2.5 14B/32B,131072,8,graph,immediate,single,v10_backward_te_userbuffers_v3,complete_route_then_single_full_gemm,recreate_per_entry,reuse_adjacent_same_shape_v1,not_applicable,branch_masked_v1,0,16384,5120,5120,5120,5120,16384,40,8,128,adapted_te_userbuffers_backward_formal_10w50i,per_sample_local_cuda_event_then_dist_max,full DGrad GEMM -> pack dA -> Userbuffers A2A -> unpack final head shard -> adjacent beta=0 WGrad GEMM,MAX,2.9.0+cu128,2.19.0.dev0+a7aec214,/tmp/TransformerEngine-v10-clean/transformer_engine/__init__.py,12.8,2.27.5,NVIDIA L20X|NVIDIA L20X|NVIDIA L20X|NVIDIA L20X|NVIDIA L20X|NVIDIA L20X|NVIDIA L20X|NVIDIA L20X,132|132|132|132|132|132|132|132,:4096:8,24,3,True,False,1024,4,True,True,0,3.154784083366394,3.181727957725525,544.5656098805905,,,,,66,248,35,4,1.1099584102630615,15.515151977539062,True,same_geometry_s1k,,,,,,,,,
oproj,qwen25_14b_32b,model,Qwen2.5 14B/32B,131072,8,graph,deferred,single,v10_backward_te_userbuffers_v3,complete_route_then_single_full_gemm,recreate_per_entry,reuse_adjacent_same_shape_v1,not_applicable,branch_masked_v1,1,16384,5120,5120,5120,5120,16384,40,8,128,adapted_te_userbuffers_backward_formal_10w50i,per_sample_local_cuda_event_then_dist_max,separately timed full DGrad GEMM -> pack dA -> Userbuffers A2A -> unpack final head shard and beta=1 WGrad GEMM,MAX,2.9.0+cu128,2.19.0.dev0+a7aec214,/tmp/TransformerEngine-v10-clean/transformer_engine/__init__.py,12.8,2.27.5,NVIDIA L20X|NVIDIA L20X|NVIDIA L20X|NVIDIA L20X|NVIDIA L20X|NVIDIA L20X|NVIDIA L20X|NVIDIA L20X,132|132|132|132|132|132|132|132,:4096:8,24,3,True,False,1024,4,False,True,0,3.1881920099258423,3.2109903693199158,538.8593011497951,1.9132000207901,1.933217614889145,1.2771360278129578,1.283427208662033,66,248,35,4,1.1099584102630615,15.515151977539062,True,same_geometry_s1k,,,,,,,,,
oproj,qwen25_14b_32b,model,Qwen2.5 14B/32B,262144,4,eager,immediate,single,v10_backward_te_userbuffers_v3,complete_route_then_single_full_gemm,recreate_per_entry,reuse_adjacent_same_shape_v1,not_applicable,branch_masked_v1,0,65536,5120,5120,5120,5120,65536,40,8,128,adapted_te_userbuffers_backward_formal_10w50i,per_sample_local_cuda_event_then_dist_max,full DGrad GEMM -> pack dA -> Userbuffers A2A -> unpack final head shard -> adjacent beta=0 WGrad GEMM,MAX,2.9.0+cu128,2.19.0.dev0+a7aec214,/tmp/TransformerEngine-v10-clean/transformer_engine/__init__.py,12.8,2.27.5,NVIDIA L20X|NVIDIA L20X|NVIDIA L20X|NVIDIA L20X,132|132|132|132,:4096:8,24,2,False,True,1024,4,False,True,0,11.45470380783081,11.61016149520874,599.9236461183842,,,,,66,209,35,4,4.789788722991943,69.95454406738281,True,same_geometry_s1k,,,,,,,,,
oproj,qwen25_14b_32b,model,Qwen2.5 14B/32B,262144,4,eager,deferred,single,v10_backward_te_userbuffers_v3,complete_route_then_single_full_gemm,recreate_per_entry,reuse_adjacent_same_shape_v1,not_applicable,branch_masked_v1,1,65536,5120,5120,5120,5120,65536,40,8,128,adapted_te_userbuffers_backward_formal_10w50i,per_sample_local_cuda_event_then_dist_max,separately timed full DGrad GEMM -> pack dA -> Userbuffers A2A -> unpack final head shard and beta=1 WGrad GEMM,MAX,2.9.0+cu128,2.19.0.dev0+a7aec214,/tmp/TransformerEngine-v10-clean/transformer_engine/__init__.py,12.8,2.27.5,NVIDIA L20X|NVIDIA L20X|NVIDIA L20X|NVIDIA L20X,132|132|132|132,:4096:8,24,2,False,True,1024,4,False,True,0,11.360080003738403,11.48972806930542,604.920711063528,6.417072057723999,6.54053111076355,4.9254560470581055,4.985971164703368,66,209,35,4,4.789788722991943,69.95454406738281,True,same_geometry_s1k,,,,,,,,,
oproj,qwen25_14b_32b,model,Qwen2.5 14B/32B,262144,4,graph,immediate,single,v10_backward_te_userbuffers_v3,complete_route_then_single_full_gemm,recreate_per_entry,reuse_adjacent_same_shape_v1,not_applicable,branch_masked_v1,0,65536,5120,5120,5120,5120,65536,40,8,128,adapted_te_userbuffers_backward_formal_10w50i,per_sample_local_cuda_event_then_dist_max,full DGrad GEMM -> pack dA -> Userbuffers A2A -> unpack final head shard -> adjacent beta=0 WGrad GEMM,MAX,2.9.0+cu128,2.19.0.dev0+a7aec214,/tmp/TransformerEngine-v10-clean/transformer_engine/__init__.py,12.8,2.27.5,NVIDIA L20X|NVIDIA L20X|NVIDIA L20X|NVIDIA L20X,132|132|132|132,:4096:8,24,3,True,False,1024,4,False,True,0,11.490927696228027,11.595719957351685,598.0324526674867,,,,,66,24,35,4,4.8413920402526855,77.57575988769531,True,same_geometry_s1k,,,,,,,,,
oproj,qwen25_14b_32b,model,Qwen2.5 14B/32B,262144,4,graph,deferred,single,v10_backward_te_userbuffers_v3,complete_route_then_single_full_gemm,recreate_per_entry,reuse_adjacent_same_shape_v1,not_applicable,branch_masked_v1,1,65536,5120,5120,5120,5120,65536,40,8,128,adapted_te_userbuffers_backward_formal_10w50i,per_sample_local_cuda_event_then_dist_max,separately timed full DGrad GEMM -> pack dA -> Userbuffers A2A -> unpack final head shard and beta=1 WGrad GEMM,MAX,2.9.0+cu128,2.19.0.dev0+a7aec214,/tmp/TransformerEngine-v10-clean/transformer_engine/__init__.py,12.8,2.27.5,NVIDIA L20X|NVIDIA L20X|NVIDIA L20X|NVIDIA L20X,132|132|132|132,:4096:8,24,3,True,False,1024,4,False,True,0,11.447823762893677,11.546128058433531,600.2841951388472,6.54256010055542,6.665455985069275,4.890575885772705,4.941395211219787,66,24,35,4,4.8413920402526855,77.57575988769531,True,same_geometry_s1k,,,,,,,,,
oproj,qwen25_14b_32b,model,Qwen2.5 14B/32B,262144,8,eager,immediate,single,v10_backward_te_userbuffers_v3,complete_route_then_single_full_gemm,recreate_per_entry,reuse_adjacent_same_shape_v1,not_applicable,branch_masked_v1,0,32768,5120,5120,5120,5120,32768,40,8,128,adapted_te_userbuffers_backward_formal_10w50i,per_sample_local_cuda_event_then_dist_max,full DGrad GEMM -> pack dA -> Userbuffers A2A -> unpack final head shard -> adjacent beta=0 WGrad GEMM,MAX,2.9.0+cu128,2.19.0.dev0+a7aec214,/tmp/TransformerEngine-v10-clean/transformer_engine/__init__.py,12.8,2.27.5,NVIDIA L20X|NVIDIA L20X|NVIDIA L20X|NVIDIA L20X|NVIDIA L20X|NVIDIA L20X|NVIDIA L20X|NVIDIA L20X,132|132|132|132|132|132|132|132,:4096:8,24,3,True,False,1024,4,False,True,0,6.240336179733276,6.302689480781556,550.6071688828245,,,,,66,24,35,4,2.197802782058716,38.787879943847656,True,same_geometry_s1k,,,,,,,,,
oproj,qwen25_14b_32b,model,Qwen2.5 14B/32B,262144,8,eager,deferred,single,v10_backward_te_userbuffers_v3,complete_route_then_single_full_gemm,recreate_per_entry,reuse_adjacent_same_shape_v1,not_applicable,branch_masked_v1,1,32768,5120,5120,5120,5120,32768,40,8,128,adapted_te_userbuffers_backward_formal_10w50i,per_sample_local_cuda_event_then_dist_max,separately timed full DGrad GEMM -> pack dA -> Userbuffers A2A -> unpack final head shard and beta=1 WGrad GEMM,MAX,2.9.0+cu128,2.19.0.dev0+a7aec214,/tmp/TransformerEngine-v10-clean/transformer_engine/__init__.py,12.8,2.27.5,NVIDIA L20X|NVIDIA L20X|NVIDIA L20X|NVIDIA L20X|NVIDIA L20X|NVIDIA L20X|NVIDIA L20X|NVIDIA L20X,132|132|132|132|132|132|132|132,:4096:8,24,3,True,False,1024,4,False,True,0,6.325184106826782,6.395812702178954,543.2211582729343,3.8087520599365234,3.8661616444587708,2.516816020011902,2.5415136218070984,66,24,35,4,2.197802782058716,38.787879943847656,True,same_geometry_s1k,,,,,,,,,
oproj,qwen25_14b_32b,model,Qwen2.5 14B/32B,262144,8,graph,immediate,single,v10_backward_te_userbuffers_v3,complete_route_then_single_full_gemm,recreate_per_entry,reuse_adjacent_same_shape_v1,not_applicable,branch_masked_v1,0,32768,5120,5120,5120,5120,32768,40,8,128,adapted_te_userbuffers_backward_formal_10w50i,per_sample_local_cuda_event_then_dist_max,full DGrad GEMM -> pack dA -> Userbuffers A2A -> unpack final head shard -> adjacent beta=0 WGrad GEMM,MAX,2.9.0+cu128,2.19.0.dev0+a7aec214,/tmp/TransformerEngine-v10-clean/transformer_engine/__init__.py,12.8,2.27.5,NVIDIA L20X|NVIDIA L20X|NVIDIA L20X|NVIDIA L20X|NVIDIA L20X|NVIDIA L20X|NVIDIA L20X|NVIDIA L20X,132|132|132|132|132|132|132|132,:4096:8,24,3,True,False,1024,4,True,True,0,6.161823987960815,6.200686526298523,557.6228473116604,,,,,66,24,35,4,2.197802782058716,38.787879943847656,True,same_geometry_s1k,,,,,,,,,
oproj,qwen25_14b_32b,model,Qwen2.5 14B/32B,262144,8,graph,deferred,single,v10_backward_te_userbuffers_v3,complete_route_then_single_full_gemm,recreate_per_entry,reuse_adjacent_same_shape_v1,not_applicable,branch_masked_v1,1,32768,5120,5120,5120,5120,32768,40,8,128,adapted_te_userbuffers_backward_formal_10w50i,per_sample_local_cuda_event_then_dist_max,separately timed full DGrad GEMM -> pack dA -> Userbuffers A2A -> unpack final head shard and beta=1 WGrad GEMM,MAX,2.9.0+cu128,2.19.0.dev0+a7aec214,/tmp/TransformerEngine-v10-clean/transformer_engine/__init__.py,12.8,2.27.5,NVIDIA L20X|NVIDIA L20X|NVIDIA L20X|NVIDIA L20X|NVIDIA L20X|NVIDIA L20X|NVIDIA L20X|NVIDIA L20X,132|132|132|132|132|132|132|132,:4096:8,24,3,True,False,1024,4,True,True,0,6.225632071495056,6.266798377037048,551.9076291919171,3.7321919202804565,3.7706784248352045,2.494207978248596,2.515431976318359,66,24,35,4,2.197802782058716,38.787879943847656,True,same_geometry_s1k,,,,,,,,,
oproj,qwen25_14b_32b,model,Qwen2.5 14B/32B,524288,4,eager,immediate,single,v10_backward_te_userbuffers_v3,complete_route_then_single_full_gemm,recreate_per_entry,reuse_adjacent_same_shape_v1,not_applicable,branch_masked_v1,0,131072,5120,5120,5120,5120,131072,40,8,128,adapted_te_userbuffers_backward_formal_10w50i,per_sample_local_cuda_event_then_dist_max,full DGrad GEMM -> pack dA -> Userbuffers A2A -> unpack final head shard -> adjacent beta=0 WGrad GEMM,MAX,2.9.0+cu128,2.19.0.dev0+a7aec214,/tmp/TransformerEngine-v10-clean/transformer_engine/__init__.py,12.8,2.27.5,NVIDIA L20X|NVIDIA L20X|NVIDIA L20X|NVIDIA L20X,132|132|132|132,:4096:8,24,2,False,True,1024,4,True,True,0,23.401103973388672,27.113541984558104,587.3182463027949,,,,,66,24,35,4,9.633101463317871,155.15151977539062,True,same_geometry_s1k,,,,,,,,,
oproj,qwen25_14b_32b,model,Qwen2.5 14B/32B,524288,4,eager,deferred,single,v10_backward_te_userbuffers_v3,complete_route_then_single_full_gemm,recreate_per_entry,reuse_adjacent_same_shape_v1,not_applicable,branch_masked_v1,1,131072,5120,5120,5120,5120,131072,40,8,128,adapted_te_userbuffers_backward_formal_10w50i,per_sample_local_cuda_event_then_dist_max,separately timed full DGrad GEMM -> pack dA -> Userbuffers A2A -> unpack final head shard and beta=1 WGrad GEMM,MAX,2.9.0+cu128,2.19.0.dev0+a7aec214,/tmp/TransformerEngine-v10-clean/transformer_engine/__init__.py,12.8,2.27.5,NVIDIA L20X|NVIDIA L20X|NVIDIA L20X|NVIDIA L20X,132|132|132|132,:4096:8,24,2,False,True,1024,4,True,True,0,23.336416244506836,25.561654567718506,588.9462719210443,13.093999862670898,13.388069009780883,10.179759979248047,12.513902711868287,66,24,35,4,9.633101463317871,155.15151977539062,True,same_geometry_s1k,,,,,,,,,
oproj,qwen25_14b_32b,model,Qwen2.5 14B/32B,524288,4,graph,immediate,single,v10_backward_te_userbuffers_v3,complete_route_then_single_full_gemm,recreate_per_entry,reuse_adjacent_same_shape_v1,not_applicable,branch_masked_v1,0,131072,5120,5120,5120,5120,131072,40,8,128,adapted_te_userbuffers_backward_formal_10w50i,per_sample_local_cuda_event_then_dist_max,full DGrad GEMM -> pack dA -> Userbuffers A2A -> unpack final head shard -> adjacent beta=0 WGrad GEMM,MAX,2.9.0+cu128,2.19.0.dev0+a7aec214,/tmp/TransformerEngine-v10-clean/transformer_engine/__init__.py,12.8,2.27.5,NVIDIA L20X|NVIDIA L20X|NVIDIA L20X|NVIDIA L20X,132|132|132|132,:4096:8,20,3,True,False,1024,4,False,True,0,23.43879985809326,27.295272064208984,586.3736808373455,,,,,66,23,35,4,9.83108139038086,155.15151977539062,True,same_geometry_s1k,,,,,,,,,
oproj,qwen25_14b_32b,model,Qwen2.5 14B/32B,524288,4,graph,deferred,single,v10_backward_te_userbuffers_v3,complete_route_then_single_full_gemm,recreate_per_entry,reuse_adjacent_same_shape_v1,not_applicable,branch_masked_v1,1,131072,5120,5120,5120,5120,131072,40,8,128,adapted_te_userbuffers_backward_formal_10w50i,per_sample_local_cuda_event_then_dist_max,separately timed full DGrad GEMM -> pack dA -> Userbuffers A2A -> unpack final head shard and beta=1 WGrad GEMM,MAX,2.9.0+cu128,2.19.0.dev0+a7aec214,/tmp/TransformerEngine-v10-clean/transformer_engine/__init__.py,12.8,2.27.5,NVIDIA L20X|NVIDIA L20X|NVIDIA L20X|NVIDIA L20X,132|132|132|132,:4096:8,24,3,True,False,1024,4,False,True,0,23.223056316375732,25.203009366989136,591.821126382426,13.247744083404541,15.158489561080932,10.031328201293945,10.274476957321166,66,24,35,4,9.655349731445312,155.15151977539062,True,same_geometry_s1k,,,,,,,,,
oproj,qwen25_14b_32b,model,Qwen2.5 14B/32B,524288,8,eager,immediate,single,v10_backward_te_userbuffers_v3,complete_route_then_single_full_gemm,recreate_per_entry,reuse_adjacent_same_shape_v1,not_applicable,branch_masked_v1,0,65536,5120,5120,5120,5120,65536,40,8,128,adapted_te_userbuffers_backward_formal_10w50i,per_sample_local_cuda_event_then_dist_max,full DGrad GEMM -> pack dA -> Userbuffers A2A -> unpack final head shard -> adjacent beta=0 WGrad GEMM,MAX,2.9.0+cu128,2.19.0.dev0+a7aec214,/tmp/TransformerEngine-v10-clean/transformer_engine/__init__.py,12.8,2.27.5,NVIDIA L20X|NVIDIA L20X|NVIDIA L20X|NVIDIA L20X|NVIDIA L20X|NVIDIA L20X|NVIDIA L20X|NVIDIA L20X,132|132|132|132|132|132|132|132,:4096:8,24,3,True,False,1024,4,False,True,0,12.385680198669434,12.458686637878419,554.830058856052,,,,,66,24,35,4,4.8152384757995605,77.57575988769531,True,same_geometry_s1k,,,,,,,,,
oproj,qwen25_14b_32b,model,Qwen2.5 14B/32B,524288,8,eager,deferred,single,v10_backward_te_userbuffers_v3,complete_route_then_single_full_gemm,recreate_per_entry,reuse_adjacent_same_shape_v1,not_applicable,branch_masked_v1,1,65536,5120,5120,5120,5120,65536,40,8,128,adapted_te_userbuffers_backward_formal_10w50i,per_sample_local_cuda_event_then_dist_max,separately timed full DGrad GEMM -> pack dA -> Userbuffers A2A -> unpack final head shard and beta=1 WGrad GEMM,MAX,2.9.0+cu128,2.19.0.dev0+a7aec214,/tmp/TransformerEngine-v10-clean/transformer_engine/__init__.py,12.8,2.27.5,NVIDIA L20X|NVIDIA L20X|NVIDIA L20X|NVIDIA L20X|NVIDIA L20X|NVIDIA L20X|NVIDIA L20X|NVIDIA L20X,132|132|132|132|132|132|132|132,:4096:8,24,3,True,False,1024,4,False,True,0,12.508528232574463,12.62074568271637,549.3809939769101,7.520319938659668,7.623035287857055,4.980783939361572,5.043150591850281,66,24,35,4,4.8152384757995605,77.57575988769531,True,same_geometry_s1k,,,,,,,,,
oproj,qwen25_14b_32b,model,Qwen2.5 14B/32B,524288,8,graph,immediate,single,v10_backward_te_userbuffers_v3,complete_route_then_single_full_gemm,recreate_per_entry,reuse_adjacent_same_shape_v1,not_applicable,branch_masked_v1,0,65536,5120,5120,5120,5120,65536,40,8,128,adapted_te_userbuffers_backward_formal_10w50i,per_sample_local_cuda_event_then_dist_max,full DGrad GEMM -> pack dA -> Userbuffers A2A -> unpack final head shard -> adjacent beta=0 WGrad GEMM,MAX,2.9.0+cu128,2.19.0.dev0+a7aec214,/tmp/TransformerEngine-v10-clean/transformer_engine/__init__.py,12.8,2.27.5,NVIDIA L20X|NVIDIA L20X|NVIDIA L20X|NVIDIA L20X|NVIDIA L20X|NVIDIA L20X|NVIDIA L20X|NVIDIA L20X,132|132|132|132|132|132|132|132,:4096:8,20,3,True,False,1024,4,False,True,0,12.354799747467041,12.903422498703003,556.2168399377638,,,,,66,29,35,4,4.8087263107299805,124.24242401123047,True,same_geometry_s1k,,,,,,,,,
oproj,qwen25_14b_32b,model,Qwen2.5 14B/32B,524288,8,graph,deferred,single,v10_backward_te_userbuffers_v3,complete_route_then_single_full_gemm,recreate_per_entry,reuse_adjacent_same_shape_v1,not_applicable,branch_masked_v1,1,65536,5120,5120,5120,5120,65536,40,8,128,adapted_te_userbuffers_backward_formal_10w50i,per_sample_local_cuda_event_then_dist_max,separately timed full DGrad GEMM -> pack dA -> Userbuffers A2A -> unpack final head shard and beta=1 WGrad GEMM,MAX,2.9.0+cu128,2.19.0.dev0+a7aec214,/tmp/TransformerEngine-v10-clean/transformer_engine/__init__.py,12.8,2.27.5,NVIDIA L20X|NVIDIA L20X|NVIDIA L20X|NVIDIA L20X|NVIDIA L20X|NVIDIA L20X|NVIDIA L20X|NVIDIA L20X,132|132|132|132|132|132|132|132,:4096:8,20,3,True,False,1024,4,False,True,0,12.395519971847534,12.546968078613281,554.3896253813825,7.443055868148804,7.498755025863647,4.945327997207642,5.112576055526733,66,29,35,4,4.8087263107299805,124.24242401123047,True,same_geometry_s1k,,,,,,,,,
oproj,llama31_405b,model,Llama 3.1 405B,1024,4,eager,immediate,single,v10_backward_te_userbuffers_v3,complete_route_then_single_full_gemm,recreate_per_entry,reuse_adjacent_same_shape_v1,not_applicable,branch_masked_v1,0,256,16384,16384,16384,16384,256,128,8,128,adapted_te_userbuffers_backward_formal_10w50i,per_sample_local_cuda_event_then_dist_max,full DGrad GEMM -> pack dA -> Userbuffers A2A -> unpack final head shard -> adjacent beta=0 WGrad GEMM,MAX,2.9.0+cu128,2.19.0.dev0+a7aec214,/tmp/TransformerEngine-v10-clean/transformer_engine/__init__.py,12.8,2.27.5,NVIDIA L20X|NVIDIA L20X|NVIDIA L20X|NVIDIA L20X,132|132|132|132,:4096:8,24,3,True,False,512,4,False,True,0,0.5337920188903809,0.5386512219905853,514.9531975307573,,,,,66,24,35,0,0.18431146442890167,0.9696969985961914,True,exact,,0.0,,0.0,0.0009765625,0.0029296875,0,,0
oproj,llama31_405b,model,Llama 3.1 405B,1024,4,eager,deferred,single,v10_backward_te_userbuffers_v3,complete_route_then_single_full_gemm,recreate_per_entry,reuse_adjacent_same_shape_v1,not_applicable,branch_masked_v1,1,256,16384,16384,16384,16384,256,128,8,128,adapted_te_userbuffers_backward_formal_10w50i,per_sample_local_cuda_event_then_dist_max,separately timed full DGrad GEMM -> pack dA -> Userbuffers A2A -> unpack final head shard and beta=1 WGrad GEMM,MAX,2.9.0+cu128,2.19.0.dev0+a7aec214,/tmp/TransformerEngine-v10-clean/transformer_engine/__init__.py,12.8,2.27.5,NVIDIA L20X|NVIDIA L20X|NVIDIA L20X|NVIDIA L20X,132|132|132|132,:4096:8,8,3,True,False,512,4,False,True,0,0.7400799989700317,0.7693376138806343,371.4164783895622,0.2794720083475113,0.28316479474306105,0.45895999670028687,0.48323680758476256,66,24,35,0,0.18370772898197174,0.9696969985961914,False,exact,,0.0,,0.0,0.0009765625,0.0029296875,0,,0
oproj,llama31_405b,model,Llama 3.1 405B,1024,4,graph,immediate,single,v10_backward_te_userbuffers_v3,complete_route_then_single_full_gemm,recreate_per_entry,reuse_adjacent_same_shape_v1,not_applicable,branch_masked_v1,0,256,16384,16384,16384,16384,256,128,8,128,adapted_te_userbuffers_backward_formal_10w50i,per_sample_local_cuda_event_then_dist_max,full DGrad GEMM -> pack dA -> Userbuffers A2A -> unpack final head shard -> adjacent beta=0 WGrad GEMM,MAX,2.9.0+cu128,2.19.0.dev0+a7aec214,/tmp/TransformerEngine-v10-clean/transformer_engine/__init__.py,12.8,2.27.5,NVIDIA L20X|NVIDIA L20X|NVIDIA L20X|NVIDIA L20X,132|132|132|132,:4096:8,24,3,True,False,1024,4,False,True,0,0.4896959960460663,0.5216624110937117,561.323574551224,,,,,66,24,35,0,0.18431146442890167,0.9696969985961914,True,exact,,0.0,,0.0,0.0009765625,0.0029296875,0,,0
oproj,llama31_405b,model,Llama 3.1 405B,1024,4,graph,deferred,single,v10_backward_te_userbuffers_v3,complete_route_then_single_full_gemm,recreate_per_entry,reuse_adjacent_same_shape_v1,not_applicable,branch_masked_v1,1,256,16384,16384,16384,16384,256,128,8,128,adapted_te_userbuffers_backward_formal_10w50i,per_sample_local_cuda_event_then_dist_max,separately timed full DGrad GEMM -> pack dA -> Userbuffers A2A -> unpack final head shard and beta=1 WGrad GEMM,MAX,2.9.0+cu128,2.19.0.dev0+a7aec214,/tmp/TransformerEngine-v10-clean/transformer_engine/__init__.py,12.8,2.27.5,NVIDIA L20X|NVIDIA L20X|NVIDIA L20X|NVIDIA L20X,132|132|132|132,:4096:8,24,3,True,False,1024,4,False,True,0,0.6739360019564629,0.6778191938996315,407.8694507282866,0.23582399636507034,0.23765600249171256,0.43827199935913086,0.4397615998983383,66,24,35,0,0.18431146442890167,0.9696969985961914,True,exact,,0.0,,0.0,0.0009765625,0.0029296875,0,,0
oproj,llama31_405b,model,Llama 3.1 405B,1024,8,eager,immediate,single,v10_backward_te_userbuffers_v3,complete_route_then_single_full_gemm,recreate_per_entry,reuse_adjacent_same_shape_v1,not_applicable,branch_masked_v1,0,128,16384,16384,16384,16384,128,128,8,128,adapted_te_userbuffers_backward_formal_10w50i,per_sample_local_cuda_event_then_dist_max,full DGrad GEMM -> pack dA -> Userbuffers A2A -> unpack final head shard -> adjacent beta=0 WGrad GEMM,MAX,2.9.0+cu128,2.19.0.dev0+a7aec214,/tmp/TransformerEngine-v10-clean/transformer_engine/__init__.py,12.8,2.27.5,NVIDIA L20X|NVIDIA L20X|NVIDIA L20X|NVIDIA L20X|NVIDIA L20X|NVIDIA L20X|NVIDIA L20X|NVIDIA L20X,132|132|132|132|132|132|132|132,:4096:8,8,3,True,False,512,4,False,True,0,0.47655999660491943,0.5736176192760464,288.3980074935674,,,,,66,21,35,0,0.13390293717384338,0.9696969985961914,True,exact,,0.0,,0.0,0.0009765625,0.001953125,0,,0
oproj,llama31_405b,model,Llama 3.1 405B,1024,8,eager,deferred,single,v10_backward_te_userbuffers_v3,complete_route_then_single_full_gemm,recreate_per_entry,reuse_adjacent_same_shape_v1,not_applicable,branch_masked_v1,1,128,16384,16384,16384,16384,128,128,8,128,adapted_te_userbuffers_backward_formal_10w50i,per_sample_local_cuda_event_then_dist_max,separately timed full DGrad GEMM -> pack dA -> Userbuffers A2A -> unpack final head shard and beta=1 WGrad GEMM,MAX,2.9.0+cu128,2.19.0.dev0+a7aec214,/tmp/TransformerEngine-v10-clean/transformer_engine/__init__.py,12.8,2.27.5,NVIDIA L20X|NVIDIA L20X|NVIDIA L20X|NVIDIA L20X|NVIDIA L20X|NVIDIA L20X|NVIDIA L20X|NVIDIA L20X,132|132|132|132|132|132|132|132,:4096:8,16,3,True,False,512,4,False,True,0,0.6946719959378242,0.8938863798975942,197.84726356566892,0.2335520014166832,0.4343327865004537,0.46091198921203613,0.4660495981574058,66,21,35,0,0.13285332918167114,0.9696969985961914,False,exact,,0.0,,0.0,0.0009765625,0.001953125,0,,0
oproj,llama31_405b,model,Llama 3.1 405B,1024,8,graph,immediate,single,v10_backward_te_userbuffers_v3,complete_route_then_single_full_gemm,recreate_per_entry,reuse_adjacent_same_shape_v1,not_applicable,branch_masked_v1,0,128,16384,16384,16384,16384,128,128,8,128,adapted_te_userbuffers_backward_formal_10w50i,per_sample_local_cuda_event_then_dist_max,full DGrad GEMM -> pack dA -> Userbuffers A2A -> unpack final head shard -> adjacent beta=0 WGrad GEMM,MAX,2.9.0+cu128,2.19.0.dev0+a7aec214,/tmp/TransformerEngine-v10-clean/transformer_engine/__init__.py,12.8,2.27.5,NVIDIA L20X|NVIDIA L20X|NVIDIA L20X|NVIDIA L20X|NVIDIA L20X|NVIDIA L20X|NVIDIA L20X|NVIDIA L20X,132|132|132|132|132|132|132|132,:4096:8,16,3,True,False,1024,4,False,True,0,0.42766399681568146,0.43348638862371447,321.37134408168265,,,,,66,21,35,0,0.13285332918167114,0.9696969985961914,True,exact,,0.0,,0.0,0.0009765625,0.001953125,0,,0
oproj,llama31_405b,model,Llama 3.1 405B,1024,8,graph,deferred,single,v10_backward_te_userbuffers_v3,complete_route_then_single_full_gemm,recreate_per_entry,reuse_adjacent_same_shape_v1,not_applicable,branch_masked_v1,1,128,16384,16384,16384,16384,128,128,8,128,adapted_te_userbuffers_backward_formal_10w50i,per_sample_local_cuda_event_then_dist_max,separately timed full DGrad GEMM -> pack dA -> Userbuffers A2A -> unpack final head shard and beta=1 WGrad GEMM,MAX,2.9.0+cu128,2.19.0.dev0+a7aec214,/tmp/TransformerEngine-v10-clean/transformer_engine/__init__.py,12.8,2.27.5,NVIDIA L20X|NVIDIA L20X|NVIDIA L20X|NVIDIA L20X|NVIDIA L20X|NVIDIA L20X|NVIDIA L20X|NVIDIA L20X,132|132|132|132|132|132|132|132,:4096:8,16,3,True,False,1024,4,False,True,0,0.6282080039381981,0.6778111837804315,218.77937340881283,0.18884800374507904,0.2359551921486852,0.43884798884391785,0.4417647987604141,66,21,35,0,0.13285332918167114,0.9696969985961914,True,exact,,0.0,,0.0,0.0009765625,0.001953125,0,,0
oproj,llama31_405b,model,Llama 3.1 405B,4096,4,eager,immediate,single,v10_backward_te_userbuffers_v3,complete_route_then_single_full_gemm,recreate_per_entry,reuse_adjacent_same_shape_v1,not_applicable,branch_masked_v1,0,1024,16384,16384,16384,16384,1024,128,8,128,adapted_te_userbuffers_backward_formal_10w50i,per_sample_local_cuda_event_then_dist_max,full DGrad GEMM -> pack dA -> Userbuffers A2A -> unpack final head shard -> adjacent beta=0 WGrad GEMM,MAX,2.9.0+cu128,2.19.0.dev0+a7aec214,/tmp/TransformerEngine-v10-clean/transformer_engine/__init__.py,12.8,2.27.5,NVIDIA L20X|NVIDIA L20X|NVIDIA L20X|NVIDIA L20X,132|132|132|132,:4096:8,24,3,True,False,1024,4,False,True,0,1.735376000404358,1.748163205385208,633.5869733820244,,,,,66,24,35,4,0.6705237030982971,3.8787879943847656,True,same_geometry_s1k,,,,,,,,,
oproj,llama31_405b,model,Llama 3.1 405B,4096,4,eager,deferred,single,v10_backward_te_userbuffers_v3,complete_route_then_single_full_gemm,recreate_per_entry,reuse_adjacent_same_shape_v1,not_applicable,branch_masked_v1,1,1024,16384,16384,16384,16384,1024,128,8,128,adapted_te_userbuffers_backward_formal_10w50i,per_sample_local_cuda_event_then_dist_max,separately timed full DGrad GEMM -> pack dA -> Userbuffers A2A -> unpack final head shard and beta=1 WGrad GEMM,MAX,2.9.0+cu128,2.19.0.dev0+a7aec214,/tmp/TransformerEngine-v10-clean/transformer_engine/__init__.py,12.8,2.27.5,NVIDIA L20X|NVIDIA L20X|NVIDIA L20X|NVIDIA L20X,132|132|132|132,:4096:8,24,2,True,False,1024,4,False,True,0,1.8109280169010162,1.8239360064268113,607.1536899945695,0.8634559810161591,0.8703856021165848,0.9486719965934753,0.9567247927188873,66,23,35,4,0.6629962921142578,3.8787879943847656,True,same_geometry_s1k,,,,,,,,,
oproj,llama31_405b,model,Llama 3.1 405B,4096,4,graph,immediate,single,v10_backward_te_userbuffers_v3,complete_route_then_single_full_gemm,recreate_per_entry,reuse_adjacent_same_shape_v1,not_applicable,branch_masked_v1,0,1024,16384,16384,16384,16384,1024,128,8,128,adapted_te_userbuffers_backward_formal_10w50i,per_sample_local_cuda_event_then_dist_max,full DGrad GEMM -> pack dA -> Userbuffers A2A -> unpack final head shard -> adjacent beta=0 WGrad GEMM,MAX,2.9.0+cu128,2.19.0.dev0+a7aec214,/tmp/TransformerEngine-v10-clean/transformer_engine/__init__.py,12.8,2.27.5,NVIDIA L20X|NVIDIA L20X|NVIDIA L20X|NVIDIA L20X,132|132|132|132,:4096:8,24,3,True,False,512,4,True,True,0,1.740447998046875,1.7519200086593627,631.7405800172531,,,,,66,24,35,4,0.6705237030982971,3.8787879943847656,True,same_geometry_s1k,,,,,,,,,
oproj,llama31_405b,model,Llama 3.1 405B,4096,4,graph,deferred,single,v10_backward_te_userbuffers_v3,complete_route_then_single_full_gemm,recreate_per_entry,reuse_adjacent_same_shape_v1,not_applicable,branch_masked_v1,1,1024,16384,16384,16384,16384,1024,128,8,128,adapted_te_userbuffers_backward_formal_10w50i,per_sample_local_cuda_event_then_dist_max,separately timed full DGrad GEMM -> pack dA -> Userbuffers A2A -> unpack final head shard and beta=1 WGrad GEMM,MAX,2.9.0+cu128,2.19.0.dev0+a7aec214,/tmp/TransformerEngine-v10-clean/transformer_engine/__init__.py,12.8,2.27.5,NVIDIA L20X|NVIDIA L20X|NVIDIA L20X|NVIDIA L20X,132|132|132|132,:4096:8,24,3,True,False,1024,4,False,True,0,1.7399519681930542,1.7682975858449936,631.9206782000117,0.8301439881324768,0.8332000017166138,0.9160640239715576,0.934931194782257,66,24,35,4,0.6705237030982971,3.8787879943847656,True,same_geometry_s1k,,,,,,,,,
oproj,llama31_405b,model,Llama 3.1 405B,4096,8,eager,immediate,single,v10_backward_te_userbuffers_v3,complete_route_then_single_full_gemm,recreate_per_entry,reuse_adjacent_same_shape_v1,not_applicable,branch_masked_v1,0,512,16384,16384,16384,16384,512,128,8,128,adapted_te_userbuffers_backward_formal_10w50i,per_sample_local_cuda_event_then_dist_max,full DGrad GEMM -> pack dA -> Userbuffers A2A -> unpack final head shard -> adjacent beta=0 WGrad GEMM,MAX,2.9.0+cu128,2.19.0.dev0+a7aec214,/tmp/TransformerEngine-v10-clean/transformer_engine/__init__.py,12.8,2.27.5,NVIDIA L20X|NVIDIA L20X|NVIDIA L20X|NVIDIA L20X|NVIDIA L20X|NVIDIA L20X|NVIDIA L20X|NVIDIA L20X,132|132|132|132|132|132|132|132,:4096:8,16,3,True,False,512,4,False,True,0,1.0878880023956299,1.0962959706783293,505.3422895347562,,,,,66,23,35,0,0.34014827013015747,1.9393939971923828,True,same_geometry_s1k,,,,,,,,,
oproj,llama31_405b,model,Llama 3.1 405B,4096,8,eager,deferred,single,v10_backward_te_userbuffers_v3,complete_route_then_single_full_gemm,recreate_per_entry,reuse_adjacent_same_shape_v1,not_applicable,branch_masked_v1,1,512,16384,16384,16384,16384,512,128,8,128,adapted_te_userbuffers_backward_formal_10w50i,per_sample_local_cuda_event_then_dist_max,separately timed full DGrad GEMM -> pack dA -> Userbuffers A2A -> unpack final head shard and beta=1 WGrad GEMM,MAX,2.9.0+cu128,2.19.0.dev0+a7aec214,/tmp/TransformerEngine-v10-clean/transformer_engine/__init__.py,12.8,2.27.5,NVIDIA L20X|NVIDIA L20X|NVIDIA L20X|NVIDIA L20X|NVIDIA L20X|NVIDIA L20X|NVIDIA L20X|NVIDIA L20X,132|132|132|132|132|132|132|132,:4096:8,8,3,True,False,512,4,False,True,0,1.204607993364334,1.22292001247406,456.37735837414965,0.5445919930934906,0.5541520208120346,0.6616480052471161,0.6688768118619919,66,23,35,0,0.34162455797195435,1.9393939971923828,False,same_geometry_s1k,,,,,,,,,
oproj,llama31_405b,model,Llama 3.1 405B,4096,8,graph,immediate,single,v10_backward_te_userbuffers_v3,complete_route_then_single_full_gemm,recreate_per_entry,reuse_adjacent_same_shape_v1,not_applicable,branch_masked_v1,0,512,16384,16384,16384,16384,512,128,8,128,adapted_te_userbuffers_backward_formal_10w50i,per_sample_local_cuda_event_then_dist_max,full DGrad GEMM -> pack dA -> Userbuffers A2A -> unpack final head shard -> adjacent beta=0 WGrad GEMM,MAX,2.9.0+cu128,2.19.0.dev0+a7aec214,/tmp/TransformerEngine-v10-clean/transformer_engine/__init__.py,12.8,2.27.5,NVIDIA L20X|NVIDIA L20X|NVIDIA L20X|NVIDIA L20X|NVIDIA L20X|NVIDIA L20X|NVIDIA L20X|NVIDIA L20X,132|132|132|132|132|132|132|132,:4096:8,16,3,True,False,1024,4,False,True,0,1.0408480167388916,1.0487887978553774,528.1806806054686,,,,,66,23,35,0,0.34014827013015747,1.9393939971923828,True,same_geometry_s1k,,,,,,,,,
oproj,llama31_405b,model,Llama 3.1 405B,4096,8,graph,deferred,single,v10_backward_te_userbuffers_v3,complete_route_then_single_full_gemm,recreate_per_entry,reuse_adjacent_same_shape_v1,not_applicable,branch_masked_v1,1,512,16384,16384,16384,16384,512,128,8,128,adapted_te_userbuffers_backward_formal_10w50i,per_sample_local_cuda_event_then_dist_max,separately timed full DGrad GEMM -> pack dA -> Userbuffers A2A -> unpack final head shard and beta=1 WGrad GEMM,MAX,2.9.0+cu128,2.19.0.dev0+a7aec214,/tmp/TransformerEngine-v10-clean/transformer_engine/__init__.py,12.8,2.27.5,NVIDIA L20X|NVIDIA L20X|NVIDIA L20X|NVIDIA L20X|NVIDIA L20X|NVIDIA L20X|NVIDIA L20X|NVIDIA L20X,132|132|132|132|132|132|132|132,:4096:8,16,3,True,False,1024,4,False,True,0,1.13824000954628,1.1491263955831528,482.9876030338638,0.4997600018978119,0.5060848027467728,0.6383039951324463,0.6454959958791733,66,23,35,0,0.34014827013015747,1.9393939971923828,True,same_geometry_s1k,,,,,,,,,
oproj,llama31_405b,model,Llama 3.1 405B,16384,4,eager,immediate,single,v10_backward_te_userbuffers_v3,complete_route_then_single_full_gemm,recreate_per_entry,reuse_adjacent_same_shape_v1,not_applicable,branch_masked_v1,0,4096,16384,16384,16384,16384,4096,128,8,128,adapted_te_userbuffers_backward_formal_10w50i,per_sample_local_cuda_event_then_dist_max,full DGrad GEMM -> pack dA -> Userbuffers A2A -> unpack final head shard -> adjacent beta=0 WGrad GEMM,MAX,2.9.0+cu128,2.19.0.dev0+a7aec214,/tmp/TransformerEngine-v10-clean/transformer_engine/__init__.py,12.8,2.27.5,NVIDIA L20X|NVIDIA L20X|NVIDIA L20X|NVIDIA L20X,132|132|132|132,:4096:8,24,3,True,False,1024,4,False,True,0,6.8394880294799805,6.893812918663025,643.0373870306184,,,,,66,201,35,4,3.0694656372070312,22.787878036499023,True,same_geometry_s1k,,,,,,,,,
oproj,llama31_405b,model,Llama 3.1 405B,16384,4,eager,deferred,single,v10_backward_te_userbuffers_v3,complete_route_then_single_full_gemm,recreate_per_entry,reuse_adjacent_same_shape_v1,not_applicable,branch_masked_v1,1,4096,16384,16384,16384,16384,4096,128,8,128,adapted_te_userbuffers_backward_formal_10w50i,per_sample_local_cuda_event_then_dist_max,separately timed full DGrad GEMM -> pack dA -> Userbuffers A2A -> unpack final head shard and beta=1 WGrad GEMM,MAX,2.9.0+cu128,2.19.0.dev0+a7aec214,/tmp/TransformerEngine-v10-clean/transformer_engine/__init__.py,12.8,2.27.5,NVIDIA L20X|NVIDIA L20X|NVIDIA L20X|NVIDIA L20X,132|132|132|132,:4096:8,24,2,True,False,1024,4,True,True,0,6.881919980049133,7.129465579986572,639.0726023920727,3.560368061065674,3.75567364692688,3.3372960090637207,3.361548829078674,66,248,35,4,3.044241189956665,12.606060981750488,False,same_geometry_s1k,,,,,,,,,
oproj,llama31_405b,model,Llama 3.1 405B,16384,4,graph,immediate,single,v10_backward_te_userbuffers_v3,complete_route_then_single_full_gemm,recreate_per_entry,reuse_adjacent_same_shape_v1,not_applicable,branch_masked_v1,0,4096,16384,16384,16384,16384,4096,128,8,128,adapted_te_userbuffers_backward_formal_10w50i,per_sample_local_cuda_event_then_dist_max,full DGrad GEMM -> pack dA -> Userbuffers A2A -> unpack final head shard -> adjacent beta=0 WGrad GEMM,MAX,2.9.0+cu128,2.19.0.dev0+a7aec214,/tmp/TransformerEngine-v10-clean/transformer_engine/__init__.py,12.8,2.27.5,NVIDIA L20X|NVIDIA L20X|NVIDIA L20X|NVIDIA L20X,132|132|132|132,:4096:8,24,3,True,False,1024,4,False,True,0,6.871440172195435,6.904633593559265,640.0472682422873,,,,,66,201,35,4,3.0694656372070312,22.787878036499023,True,same_geometry_s1k,,,,,,,,,
oproj,llama31_405b,model,Llama 3.1 405B,16384,4,graph,deferred,single,v10_backward_te_userbuffers_v3,complete_route_then_single_full_gemm,recreate_per_entry,reuse_adjacent_same_shape_v1,not_applicable,branch_masked_v1,1,4096,16384,16384,16384,16384,4096,128,8,128,adapted_te_userbuffers_backward_formal_10w50i,per_sample_local_cuda_event_then_dist_max,separately timed full DGrad GEMM -> pack dA -> Userbuffers A2A -> unpack final head shard and beta=1 WGrad GEMM,MAX,2.9.0+cu128,2.19.0.dev0+a7aec214,/tmp/TransformerEngine-v10-clean/transformer_engine/__init__.py,12.8,2.27.5,NVIDIA L20X|NVIDIA L20X|NVIDIA L20X|NVIDIA L20X,132|132|132|132,:4096:8,24,3,True,False,1024,4,False,True,0,6.84663999080658,6.924611353874207,642.36567382096,3.562432050704956,3.607737636566162,3.2830400466918945,3.3178128361701966,66,201,35,4,3.0694656372070312,22.787878036499023,True,same_geometry_s1k,,,,,,,,,
oproj,llama31_405b,model,Llama 3.1 405B,16384,8,eager,immediate,single,v10_backward_te_userbuffers_v3,complete_route_then_single_full_gemm,recreate_per_entry,reuse_adjacent_same_shape_v1,not_applicable,branch_masked_v1,0,2048,16384,16384,16384,16384,2048,128,8,128,adapted_te_userbuffers_backward_formal_10w50i,per_sample_local_cuda_event_then_dist_max,full DGrad GEMM -> pack dA -> Userbuffers A2A -> unpack final head shard -> adjacent beta=0 WGrad GEMM,MAX,2.9.0+cu128,2.19.0.dev0+a7aec214,/tmp/TransformerEngine-v10-clean/transformer_engine/__init__.py,12.8,2.27.5,NVIDIA L20X|NVIDIA L20X|NVIDIA L20X|NVIDIA L20X|NVIDIA L20X|NVIDIA L20X|NVIDIA L20X|NVIDIA L20X,132|132|132|132|132|132|132|132,:4096:8,24,3,True,False,1024,4,False,True,0,3.5344959497451782,3.5507168889045717,622.1603552015783,,,,,66,197,35,4,1.4050122499465942,11.878787994384766,True,same_geometry_s1k,,,,,,,,,
oproj,llama31_405b,model,Llama 3.1 405B,16384,8,eager,deferred,single,v10_backward_te_userbuffers_v3,complete_route_then_single_full_gemm,recreate_per_entry,reuse_adjacent_same_shape_v1,not_applicable,branch_masked_v1,1,2048,16384,16384,16384,16384,2048,128,8,128,adapted_te_userbuffers_backward_formal_10w50i,per_sample_local_cuda_event_then_dist_max,separately timed full DGrad GEMM -> pack dA -> Userbuffers A2A -> unpack final head shard and beta=1 WGrad GEMM,MAX,2.9.0+cu128,2.19.0.dev0+a7aec214,/tmp/TransformerEngine-v10-clean/transformer_engine/__init__.py,12.8,2.27.5,NVIDIA L20X|NVIDIA L20X|NVIDIA L20X|NVIDIA L20X|NVIDIA L20X|NVIDIA L20X|NVIDIA L20X|NVIDIA L20X,132|132|132|132|132|132|132|132,:4096:8,24,3,True,False,1024,4,False,True,0,3.629487991333008,3.670358419418335,605.8769889315329,1.8576639890670776,1.890886402130127,1.768447995185852,1.7856304168701171,66,197,35,4,1.4050122499465942,11.878787994384766,True,same_geometry_s1k,,,,,,,,,
oproj,llama31_405b,model,Llama 3.1 405B,16384,8,graph,immediate,single,v10_backward_te_userbuffers_v3,complete_route_then_single_full_gemm,recreate_per_entry,reuse_adjacent_same_shape_v1,not_applicable,branch_masked_v1,0,2048,16384,16384,16384,16384,2048,128,8,128,adapted_te_userbuffers_backward_formal_10w50i,per_sample_local_cuda_event_then_dist_max,full DGrad GEMM -> pack dA -> Userbuffers A2A -> unpack final head shard -> adjacent beta=0 WGrad GEMM,MAX,2.9.0+cu128,2.19.0.dev0+a7aec214,/tmp/TransformerEngine-v10-clean/transformer_engine/__init__.py,12.8,2.27.5,NVIDIA L20X|NVIDIA L20X|NVIDIA L20X|NVIDIA L20X|NVIDIA L20X|NVIDIA L20X|NVIDIA L20X|NVIDIA L20X,132|132|132|132|132|132|132|132,:4096:8,24,3,True,False,1024,4,False,True,0,3.5136959552764893,3.5381231904029846,625.8433522825856,,,,,66,197,35,4,1.4050122499465942,11.878787994384766,True,same_geometry_s1k,,,,,,,,,
oproj,llama31_405b,model,Llama 3.1 405B,16384,8,graph,deferred,single,v10_backward_te_userbuffers_v3,complete_route_then_single_full_gemm,recreate_per_entry,reuse_adjacent_same_shape_v1,not_applicable,branch_masked_v1,1,2048,16384,16384,16384,16384,2048,128,8,128,adapted_te_userbuffers_backward_formal_10w50i,per_sample_local_cuda_event_then_dist_max,separately timed full DGrad GEMM -> pack dA -> Userbuffers A2A -> unpack final head shard and beta=1 WGrad GEMM,MAX,2.9.0+cu128,2.19.0.dev0+a7aec214,/tmp/TransformerEngine-v10-clean/transformer_engine/__init__.py,12.8,2.27.5,NVIDIA L20X|NVIDIA L20X|NVIDIA L20X|NVIDIA L20X|NVIDIA L20X|NVIDIA L20X|NVIDIA L20X|NVIDIA L20X,132|132|132|132|132|132|132|132,:4096:8,24,3,True,False,1024,4,False,True,0,3.555504024028778,3.565979170799255,618.4842544659151,1.8072640299797058,1.8131983935832978,1.7466239929199219,1.7562255978584291,66,197,35,4,1.4050122499465942,11.878787994384766,True,same_geometry_s1k,,,,,,,,,
oproj,llama31_405b,model,Llama 3.1 405B,131072,4,eager,immediate,single,v10_backward_te_userbuffers_v3,complete_route_then_single_full_gemm,recreate_per_entry,reuse_adjacent_same_shape_v1,not_applicable,branch_masked_v1,0,32768,16384,16384,16384,16384,32768,128,8,128,adapted_te_userbuffers_backward_formal_10w50i,per_sample_local_cuda_event_then_dist_max,full DGrad GEMM -> pack dA -> Userbuffers A2A -> unpack final head shard -> adjacent beta=0 WGrad GEMM,MAX,2.9.0+cu128,2.19.0.dev0+a7aec214,/tmp/TransformerEngine-v10-clean/transformer_engine/__init__.py,12.8,2.27.5,NVIDIA L20X|NVIDIA L20X|NVIDIA L20X|NVIDIA L20X,132|132|132|132,:4096:8,20,2,True,False,1024,4,False,True,0,55.5972785949707,59.706403732299805,632.8434228796003,,,,,66,24,35,4,25.614084243774414,124.1212158203125,True,same_geometry_s1k,,,,,,,,,
oproj,llama31_405b,model,Llama 3.1 405B,131072,4,eager,deferred,single,v10_backward_te_userbuffers_v3,complete_route_then_single_full_gemm,recreate_per_entry,reuse_adjacent_same_shape_v1,not_applicable,branch_masked_v1,1,32768,16384,16384,16384,16384,32768,128,8,128,adapted_te_userbuffers_backward_formal_10w50i,per_sample_local_cuda_event_then_dist_max,separately timed full DGrad GEMM -> pack dA -> Userbuffers A2A -> unpack final head shard and beta=1 WGrad GEMM,MAX,2.9.0+cu128,2.19.0.dev0+a7aec214,/tmp/TransformerEngine-v10-clean/transformer_engine/__init__.py,12.8,2.27.5,NVIDIA L20X|NVIDIA L20X|NVIDIA L20X|NVIDIA L20X,132|132|132|132,:4096:8,20,3,True,False,1024,4,False,True,0,55.45622444152832,59.318341636657706,634.4530743510953,29.194239616394043,33.27252130508422,26.12836742401123,26.762940692901612,66,24,35,4,25.521793365478516,124.1212158203125,False,same_geometry_s1k,,,,,,,,,
oproj,llama31_405b,model,Llama 3.1 405B,131072,4,graph,immediate,single,v10_backward_te_userbuffers_v3,complete_route_then_single_full_gemm,recreate_per_entry,reuse_adjacent_same_shape_v1,not_applicable,branch_masked_v1,0,32768,16384,16384,16384,16384,32768,128,8,128,adapted_te_userbuffers_backward_formal_10w50i,per_sample_local_cuda_event_then_dist_max,full DGrad GEMM -> pack dA -> Userbuffers A2A -> unpack final head shard -> adjacent beta=0 WGrad GEMM,MAX,2.9.0+cu128,2.19.0.dev0+a7aec214,/tmp/TransformerEngine-v10-clean/transformer_engine/__init__.py,12.8,2.27.5,NVIDIA L20X|NVIDIA L20X|NVIDIA L20X|NVIDIA L20X,132|132|132|132,:4096:8,20,3,True,False,1024,4,True,True,0,55.814992904663086,58.257317543029785,630.3749271979663,,,,,66,24,35,4,25.521793365478516,124.1212158203125,True,same_geometry_s1k,,,,,,,,,
oproj,llama31_405b,model,Llama 3.1 405B,131072,4,graph,deferred,single,v10_backward_te_userbuffers_v3,complete_route_then_single_full_gemm,recreate_per_entry,reuse_adjacent_same_shape_v1,not_applicable,branch_masked_v1,1,32768,16384,16384,16384,16384,32768,128,8,128,adapted_te_userbuffers_backward_formal_10w50i,per_sample_local_cuda_event_then_dist_max,separately timed full DGrad GEMM -> pack dA -> Userbuffers A2A -> unpack final head shard and beta=1 WGrad GEMM,MAX,2.9.0+cu128,2.19.0.dev0+a7aec214,/tmp/TransformerEngine-v10-clean/transformer_engine/__init__.py,12.8,2.27.5,NVIDIA L20X|NVIDIA L20X|NVIDIA L20X|NVIDIA L20X,132|132|132|132,:4096:8,20,3,True,False,1024,4,True,True,0,55.745598793029785,61.085884952545165,631.1596404132862,29.297391891479492,34.24066104888915,26.261727333068848,27.183735370635986,66,24,35,4,25.521793365478516,124.1212158203125,True,same_geometry_s1k,,,,,,,,,
oproj,llama31_405b,model,Llama 3.1 405B,131072,8,eager,immediate,single,v10_backward_te_userbuffers_v3,complete_route_then_single_full_gemm,recreate_per_entry,reuse_adjacent_same_shape_v1,not_applicable,branch_masked_v1,0,16384,16384,16384,16384,16384,16384,128,8,128,adapted_te_userbuffers_backward_formal_10w50i,per_sample_local_cuda_event_then_dist_max,full DGrad GEMM -> pack dA -> Userbuffers A2A -> unpack final head shard -> adjacent beta=0 WGrad GEMM,MAX,2.9.0+cu128,2.19.0.dev0+a7aec214,/tmp/TransformerEngine-v10-clean/transformer_engine/__init__.py,12.8,2.27.5,NVIDIA L20X|NVIDIA L20X|NVIDIA L20X|NVIDIA L20X|NVIDIA L20X|NVIDIA L20X|NVIDIA L20X|NVIDIA L20X,132|132|132|132|132|132|132|132,:4096:8,24,3,True,False,1024,4,False,True,0,27.701760292053223,31.824980354309076,635.0566122493902,,,,,66,24,35,4,12.500853538513184,62.06060791015625,True,same_geometry_s1k,,,,,,,,,
oproj,llama31_405b,model,Llama 3.1 405B,131072,8,eager,deferred,single,v10_backward_te_userbuffers_v3,complete_route_then_single_full_gemm,recreate_per_entry,reuse_adjacent_same_shape_v1,not_applicable,branch_masked_v1,1,16384,16384,16384,16384,16384,16384,128,8,128,adapted_te_userbuffers_backward_formal_10w50i,per_sample_local_cuda_event_then_dist_max,separately timed full DGrad GEMM -> pack dA -> Userbuffers A2A -> unpack final head shard and beta=1 WGrad GEMM,MAX,2.9.0+cu128,2.19.0.dev0+a7aec214,/tmp/TransformerEngine-v10-clean/transformer_engine/__init__.py,12.8,2.27.5,NVIDIA L20X|NVIDIA L20X|NVIDIA L20X|NVIDIA L20X|NVIDIA L20X|NVIDIA L20X|NVIDIA L20X|NVIDIA L20X,132|132|132|132|132|132|132|132,:4096:8,24,3,True,False,1024,4,False,True,0,27.874800205230713,28.640496301651,631.114336780603,14.77129602432251,15.363846349716187,13.123615741729736,13.42179536819458,66,24,35,4,12.500853538513184,62.06060791015625,False,same_geometry_s1k,,,,,,,,,
oproj,llama31_405b,model,Llama 3.1 405B,131072,8,graph,immediate,single,v10_backward_te_userbuffers_v3,complete_route_then_single_full_gemm,recreate_per_entry,reuse_adjacent_same_shape_v1,not_applicable,branch_masked_v1,0,16384,16384,16384,16384,16384,16384,128,8,128,adapted_te_userbuffers_backward_formal_10w50i,per_sample_local_cuda_event_then_dist_max,full DGrad GEMM -> pack dA -> Userbuffers A2A -> unpack final head shard -> adjacent beta=0 WGrad GEMM,MAX,2.9.0+cu128,2.19.0.dev0+a7aec214,/tmp/TransformerEngine-v10-clean/transformer_engine/__init__.py,12.8,2.27.5,NVIDIA L20X|NVIDIA L20X|NVIDIA L20X|NVIDIA L20X|NVIDIA L20X|NVIDIA L20X|NVIDIA L20X|NVIDIA L20X,132|132|132|132|132|132|132|132,:4096:8,24,2,True,False,1024,4,True,True,0,27.811391830444336,30.90887508392334,632.5532411922778,,,,,66,24,35,4,12.544001579284668,62.06060791015625,True,same_geometry_s1k,,,,,,,,,
oproj,llama31_405b,model,Llama 3.1 405B,131072,8,graph,deferred,single,v10_backward_te_userbuffers_v3,complete_route_then_single_full_gemm,recreate_per_entry,reuse_adjacent_same_shape_v1,not_applicable,branch_masked_v1,1,16384,16384,16384,16384,16384,16384,128,8,128,adapted_te_userbuffers_backward_formal_10w50i,per_sample_local_cuda_event_then_dist_max,separately timed full DGrad GEMM -> pack dA -> Userbuffers A2A -> unpack final head shard and beta=1 WGrad GEMM,MAX,2.9.0+cu128,2.19.0.dev0+a7aec214,/tmp/TransformerEngine-v10-clean/transformer_engine/__init__.py,12.8,2.27.5,NVIDIA L20X|NVIDIA L20X|NVIDIA L20X|NVIDIA L20X|NVIDIA L20X|NVIDIA L20X|NVIDIA L20X|NVIDIA L20X,132|132|132|132|132|132|132|132,:4096:8,24,3,True,False,1024,4,False,True,0,27.442896366119385,31.110248804092407,641.0469875233384,14.56601619720459,17.21047792434692,12.899392127990723,13.898417329788208,66,24,35,4,12.500853538513184,62.06060791015625,True,same_geometry_s1k,,,,,,,,,
oproj,llama31_405b,model,Llama 3.1 405B,262144,4,eager,immediate,single,v10_backward_te_userbuffers_v3,complete_route_then_single_full_gemm,recreate_per_entry,reuse_adjacent_same_shape_v1,not_applicable,branch_masked_v1,0,65536,16384,16384,16384,16384,65536,128,8,128,adapted_te_userbuffers_backward_formal_10w50i,per_sample_local_cuda_event_then_dist_max,full DGrad GEMM -> pack dA -> Userbuffers A2A -> unpack final head shard -> adjacent beta=0 WGrad GEMM,MAX,2.9.0+cu128,2.19.0.dev0+a7aec214,/tmp/TransformerEngine-v10-clean/transformer_engine/__init__.py,12.8,2.27.5,NVIDIA L20X|NVIDIA L20X|NVIDIA L20X|NVIDIA L20X,132|132|132|132,:4096:8,20,2,True,False,1024,4,True,True,0,111.16876602172852,114.4923641204834,632.990242636228,,,,,66,24,35,4,50.97266387939453,248.242431640625,True,same_geometry_s1k,,,,,,,,,
oproj,llama31_405b,model,Llama 3.1 405B,262144,4,eager,deferred,single,v10_backward_te_userbuffers_v3,complete_route_then_single_full_gemm,recreate_per_entry,reuse_adjacent_same_shape_v1,not_applicable,branch_masked_v1,1,65536,16384,16384,16384,16384,65536,128,8,128,adapted_te_userbuffers_backward_formal_10w50i,per_sample_local_cuda_event_then_dist_max,separately timed full DGrad GEMM -> pack dA -> Userbuffers A2A -> unpack final head shard and beta=1 WGrad GEMM,MAX,2.9.0+cu128,2.19.0.dev0+a7aec214,/tmp/TransformerEngine-v10-clean/transformer_engine/__init__.py,12.8,2.27.5,NVIDIA L20X|NVIDIA L20X|NVIDIA L20X|NVIDIA L20X,132|132|132|132,:4096:8,20,2,True,True,1024,4,True,True,0,112.14225769042969,114.80256500244141,627.4953405336099,59.79230499267578,62.65034790039063,52.27905464172363,53.28510646820068,66,24,35,4,51.81051254272461,248.242431640625,False,same_geometry_s1k,,,,,,,,,
oproj,llama31_405b,model,Llama 3.1 405B,262144,4,graph,immediate,single,v10_backward_te_userbuffers_v3,complete_route_then_single_full_gemm,recreate_per_entry,reuse_adjacent_same_shape_v1,not_applicable,branch_masked_v1,0,65536,16384,16384,16384,16384,65536,128,8,128,adapted_te_userbuffers_backward_formal_10w50i,per_sample_local_cuda_event_then_dist_max,full DGrad GEMM -> pack dA -> Userbuffers A2A -> unpack final head shard -> adjacent beta=0 WGrad GEMM,MAX,2.9.0+cu128,2.19.0.dev0+a7aec214,/tmp/TransformerEngine-v10-clean/transformer_engine/__init__.py,12.8,2.27.5,NVIDIA L20X|NVIDIA L20X|NVIDIA L20X|NVIDIA L20X,132|132|132|132,:4096:8,24,3,True,False,1024,4,False,True,0,110.90233612060547,113.75421752929688,634.5109277151612,,,,,66,24,35,4,51.53264617919922,248.242431640625,True,same_geometry_s1k,,,,,,,,,
oproj,llama31_405b,model,Llama 3.1 405B,262144,4,graph,deferred,single,v10_backward_te_userbuffers_v3,complete_route_then_single_full_gemm,recreate_per_entry,reuse_adjacent_same_shape_v1,not_applicable,branch_masked_v1,1,65536,16384,16384,16384,16384,65536,128,8,128,adapted_te_userbuffers_backward_formal_10w50i,per_sample_local_cuda_event_then_dist_max,separately timed full DGrad GEMM -> pack dA -> Userbuffers A2A -> unpack final head shard and beta=1 WGrad GEMM,MAX,2.9.0+cu128,2.19.0.dev0+a7aec214,/tmp/TransformerEngine-v10-clean/transformer_engine/__init__.py,12.8,2.27.5,NVIDIA L20X|NVIDIA L20X|NVIDIA L20X|NVIDIA L20X,132|132|132|132,:4096:8,24,3,True,False,1024,4,False,True,0,110.82865524291992,113.54235134124755,634.9327619596771,58.77396774291992,61.32802276611328,52.057024002075195,52.848303985595706,66,24,35,4,51.53264617919922,248.242431640625,False,same_geometry_s1k,,,,,,,,,
oproj,llama31_405b,model,Llama 3.1 405B,262144,8,eager,immediate,single,v10_backward_te_userbuffers_v3,complete_route_then_single_full_gemm,recreate_per_entry,reuse_adjacent_same_shape_v1,not_applicable,branch_masked_v1,0,32768,16384,16384,16384,16384,32768,128,8,128,adapted_te_userbuffers_backward_formal_10w50i,per_sample_local_cuda_event_then_dist_max,full DGrad GEMM -> pack dA -> Userbuffers A2A -> unpack final head shard -> adjacent beta=0 WGrad GEMM,MAX,2.9.0+cu128,2.19.0.dev0+a7aec214,/tmp/TransformerEngine-v10-clean/transformer_engine/__init__.py,12.8,2.27.5,NVIDIA L20X|NVIDIA L20X|NVIDIA L20X|NVIDIA L20X|NVIDIA L20X|NVIDIA L20X|NVIDIA L20X|NVIDIA L20X,132|132|132|132|132|132|132|132,:4096:8,24,3,True,False,1024,4,False,True,0,56.781503677368164,60.32030353546142,619.6449514396306,,,,,66,24,35,4,25.602998733520508,124.1212158203125,True,same_geometry_s1k,,,,,,,,,
oproj,llama31_405b,model,Llama 3.1 405B,262144,8,eager,deferred,single,v10_backward_te_userbuffers_v3,complete_route_then_single_full_gemm,recreate_per_entry,reuse_adjacent_same_shape_v1,not_applicable,branch_masked_v1,1,32768,16384,16384,16384,16384,32768,128,8,128,adapted_te_userbuffers_backward_formal_10w50i,per_sample_local_cuda_event_then_dist_max,separately timed full DGrad GEMM -> pack dA -> Userbuffers A2A -> unpack final head shard and beta=1 WGrad GEMM,MAX,2.9.0+cu128,2.19.0.dev0+a7aec214,/tmp/TransformerEngine-v10-clean/transformer_engine/__init__.py,12.8,2.27.5,NVIDIA L20X|NVIDIA L20X|NVIDIA L20X|NVIDIA L20X|NVIDIA L20X|NVIDIA L20X|NVIDIA L20X|NVIDIA L20X,132|132|132|132|132|132|132|132,:4096:8,24,3,True,False,1024,4,False,True,0,56.41440010070801,58.1696798324585,623.6771467218072,30.165823936462402,31.81808452606201,26.18980884552002,26.868617630004884,66,24,35,4,25.602998733520508,124.1212158203125,False,same_geometry_s1k,,,,,,,,,
oproj,llama31_405b,model,Llama 3.1 405B,262144,8,graph,immediate,single,v10_backward_te_userbuffers_v3,complete_route_then_single_full_gemm,recreate_per_entry,reuse_adjacent_same_shape_v1,not_applicable,branch_masked_v1,0,32768,16384,16384,16384,16384,32768,128,8,128,adapted_te_userbuffers_backward_formal_10w50i,per_sample_local_cuda_event_then_dist_max,full DGrad GEMM -> pack dA -> Userbuffers A2A -> unpack final head shard -> adjacent beta=0 WGrad GEMM,MAX,2.9.0+cu128,2.19.0.dev0+a7aec214,/tmp/TransformerEngine-v10-clean/transformer_engine/__init__.py,12.8,2.27.5,NVIDIA L20X|NVIDIA L20X|NVIDIA L20X|NVIDIA L20X|NVIDIA L20X|NVIDIA L20X|NVIDIA L20X|NVIDIA L20X,132|132|132|132|132|132|132|132,:4096:8,24,3,True,False,1024,4,True,True,0,56.41438293457031,59.54373950958252,623.6773364983716,,,,,66,24,35,4,25.602998733520508,124.1212158203125,True,same_geometry_s1k,,,,,,,,,
oproj,llama31_405b,model,Llama 3.1 405B,262144,8,graph,deferred,single,v10_backward_te_userbuffers_v3,complete_route_then_single_full_gemm,recreate_per_entry,reuse_adjacent_same_shape_v1,not_applicable,branch_masked_v1,1,32768,16384,16384,16384,16384,32768,128,8,128,adapted_te_userbuffers_backward_formal_10w50i,per_sample_local_cuda_event_then_dist_max,separately timed full DGrad GEMM -> pack dA -> Userbuffers A2A -> unpack final head shard and beta=1 WGrad GEMM,MAX,2.9.0+cu128,2.19.0.dev0+a7aec214,/tmp/TransformerEngine-v10-clean/transformer_engine/__init__.py,12.8,2.27.5,NVIDIA L20X|NVIDIA L20X|NVIDIA L20X|NVIDIA L20X|NVIDIA L20X|NVIDIA L20X|NVIDIA L20X|NVIDIA L20X,132|132|132|132|132|132|132|132,:4096:8,24,3,True,False,1024,4,False,True,0,55.94808006286621,59.8430869102478,628.875415372556,30.00166416168213,33.30798072814942,26.141392707824707,27.062663650512697,66,24,35,4,25.602998733520508,124.1212158203125,True,same_geometry_s1k,,,,,,,,,
oproj,llama31_405b,model,Llama 3.1 405B,524288,4,eager,immediate,single,v10_backward_te_userbuffers_v3,complete_route_then_single_full_gemm,recreate_per_entry,reuse_adjacent_same_shape_v1,not_applicable,branch_masked_v1,0,131072,16384,16384,16384,16384,131072,128,8,128,adapted_te_userbuffers_backward_formal_10w50i,per_sample_local_cuda_event_then_dist_max,full DGrad GEMM -> pack dA -> Userbuffers A2A -> unpack final head shard -> adjacent beta=0 WGrad GEMM,MAX,2.9.0+cu128,2.19.0.dev0+a7aec214,/tmp/TransformerEngine-v10-clean/transformer_engine/__init__.py,12.8,2.27.5,NVIDIA L20X|NVIDIA L20X|NVIDIA L20X|NVIDIA L20X,132|132|132|132,:4096:8,24,2,False,True,1024,4,False,True,0,221.41604614257812,227.58024139404296,635.6246117081407,,,,,66,24,35,4,103.55280303955078,496.48486328125,True,same_geometry_s1k,,,,,,,,,
oproj,llama31_405b,model,Llama 3.1 405B,524288,4,eager,deferred,single,v10_backward_te_userbuffers_v3,complete_route_then_single_full_gemm,recreate_per_entry,reuse_adjacent_same_shape_v1,not_applicable,branch_masked_v1,1,131072,16384,16384,16384,16384,131072,128,8,128,adapted_te_userbuffers_backward_formal_10w50i,per_sample_local_cuda_event_then_dist_max,separately timed full DGrad GEMM -> pack dA -> Userbuffers A2A -> unpack final head shard and beta=1 WGrad GEMM,MAX,2.9.0+cu128,2.19.0.dev0+a7aec214,/tmp/TransformerEngine-v10-clean/transformer_engine/__init__.py,12.8,2.27.5,NVIDIA L20X|NVIDIA L20X|NVIDIA L20X|NVIDIA L20X,132|132|132|132,:4096:8,24,2,True,False,1024,4,False,True,0,222.9110107421875,226.34365844726562,631.361761299898,118.07622528076172,120.49430541992187,104.86044692993164,106.70565872192384,66,209,35,4,103.71574401855469,444.98486328125,False,same_geometry_s1k,,,,,,,,,
oproj,llama31_405b,model,Llama 3.1 405B,524288,4,graph,immediate,single,v10_backward_te_userbuffers_v3,complete_route_then_single_full_gemm,recreate_per_entry,reuse_adjacent_same_shape_v1,not_applicable,branch_masked_v1,0,131072,16384,16384,16384,16384,131072,128,8,128,adapted_te_userbuffers_backward_formal_10w50i,per_sample_local_cuda_event_then_dist_max,full DGrad GEMM -> pack dA -> Userbuffers A2A -> unpack final head shard -> adjacent beta=0 WGrad GEMM,MAX,2.9.0+cu128,2.19.0.dev0+a7aec214,/tmp/TransformerEngine-v10-clean/transformer_engine/__init__.py,12.8,2.27.5,NVIDIA L20X|NVIDIA L20X|NVIDIA L20X|NVIDIA L20X,132|132|132|132,:4096:8,20,3,True,False,1024,4,False,True,0,221.3168487548828,225.04898071289062,635.9095077808574,,,,,66,24,35,4,102.01744842529297,496.48486328125,True,same_geometry_s1k,,,,,,,,,
oproj,llama31_405b,model,Llama 3.1 405B,524288,4,graph,deferred,single,v10_backward_te_userbuffers_v3,complete_route_then_single_full_gemm,recreate_per_entry,reuse_adjacent_same_shape_v1,not_applicable,branch_masked_v1,1,131072,16384,16384,16384,16384,131072,128,8,128,adapted_te_userbuffers_backward_formal_10w50i,per_sample_local_cuda_event_then_dist_max,separately timed full DGrad GEMM -> pack dA -> Userbuffers A2A -> unpack final head shard and beta=1 WGrad GEMM,MAX,2.9.0+cu128,2.19.0.dev0+a7aec214,/tmp/TransformerEngine-v10-clean/transformer_engine/__init__.py,12.8,2.27.5,NVIDIA L20X|NVIDIA L20X|NVIDIA L20X|NVIDIA L20X,132|132|132|132,:4096:8,20,3,True,False,1024,4,False,True,0,221.9945297241211,225.93552246093748,633.9682717868159,117.37749099731445,120.15909423828126,105.29647827148438,106.57860870361328,66,24,35,4,102.01744842529297,496.48486328125,False,same_geometry_s1k,,,,,,,,,
oproj,llama31_405b,model,Llama 3.1 405B,524288,8,eager,immediate,single,v10_backward_te_userbuffers_v3,complete_route_then_single_full_gemm,recreate_per_entry,reuse_adjacent_same_shape_v1,not_applicable,branch_masked_v1,0,65536,16384,16384,16384,16384,65536,128,8,128,adapted_te_userbuffers_backward_formal_10w50i,per_sample_local_cuda_event_then_dist_max,full DGrad GEMM -> pack dA -> Userbuffers A2A -> unpack final head shard -> adjacent beta=0 WGrad GEMM,MAX,2.9.0+cu128,2.19.0.dev0+a7aec214,/tmp/TransformerEngine-v10-clean/transformer_engine/__init__.py,12.8,2.27.5,NVIDIA L20X|NVIDIA L20X|NVIDIA L20X|NVIDIA L20X|NVIDIA L20X|NVIDIA L20X|NVIDIA L20X|NVIDIA L20X,132|132|132|132|132|132|132|132,:4096:8,24,2,True,False,1024,4,True,True,0,113.16817855834961,118.24018707275391,621.8068106608415,,,,,66,24,35,4,51.30310821533203,248.242431640625,True,same_geometry_s1k,,,,,,,,,
oproj,llama31_405b,model,Llama 3.1 405B,524288,8,eager,deferred,single,v10_backward_te_userbuffers_v3,complete_route_then_single_full_gemm,recreate_per_entry,reuse_adjacent_same_shape_v1,not_applicable,branch_masked_v1,1,65536,16384,16384,16384,16384,65536,128,8,128,adapted_te_userbuffers_backward_formal_10w50i,per_sample_local_cuda_event_then_dist_max,separately timed full DGrad GEMM -> pack dA -> Userbuffers A2A -> unpack final head shard and beta=1 WGrad GEMM,MAX,2.9.0+cu128,2.19.0.dev0+a7aec214,/tmp/TransformerEngine-v10-clean/transformer_engine/__init__.py,12.8,2.27.5,NVIDIA L20X|NVIDIA L20X|NVIDIA L20X|NVIDIA L20X|NVIDIA L20X|NVIDIA L20X|NVIDIA L20X|NVIDIA L20X,132|132|132|132|132|132|132|132,:4096:8,24,2,True,False,1024,4,True,True,0,113.3553295135498,117.18277854919432,620.780200451471,60.760480880737305,63.645904731750484,52.59208106994629,54.34789237976074,66,24,35,4,51.30310821533203,248.242431640625,False,same_geometry_s1k,,,,,,,,,
oproj,llama31_405b,model,Llama 3.1 405B,524288,8,graph,immediate,single,v10_backward_te_userbuffers_v3,complete_route_then_single_full_gemm,recreate_per_entry,reuse_adjacent_same_shape_v1,not_applicable,branch_masked_v1,0,65536,16384,16384,16384,16384,65536,128,8,128,adapted_te_userbuffers_backward_formal_10w50i,per_sample_local_cuda_event_then_dist_max,full DGrad GEMM -> pack dA -> Userbuffers A2A -> unpack final head shard -> adjacent beta=0 WGrad GEMM,MAX,2.9.0+cu128,2.19.0.dev0+a7aec214,/tmp/TransformerEngine-v10-clean/transformer_engine/__init__.py,12.8,2.27.5,NVIDIA L20X|NVIDIA L20X|NVIDIA L20X|NVIDIA L20X|NVIDIA L20X|NVIDIA L20X|NVIDIA L20X|NVIDIA L20X,132|132|132|132|132|132|132|132,:4096:8,20,3,True,False,1024,4,False,True,0,112.96806335449219,114.84088516235352,622.9082989308923,,,,,66,24,35,4,51.07188034057617,248.242431640625,True,same_geometry_s1k,,,,,,,,,
oproj,llama31_405b,model,Llama 3.1 405B,524288,8,graph,deferred,single,v10_backward_te_userbuffers_v3,complete_route_then_single_full_gemm,recreate_per_entry,reuse_adjacent_same_shape_v1,not_applicable,branch_masked_v1,1,65536,16384,16384,16384,16384,65536,128,8,128,adapted_te_userbuffers_backward_formal_10w50i,per_sample_local_cuda_event_then_dist_max,separately timed full DGrad GEMM -> pack dA -> Userbuffers A2A -> unpack final head shard and beta=1 WGrad GEMM,MAX,2.9.0+cu128,2.19.0.dev0+a7aec214,/tmp/TransformerEngine-v10-clean/transformer_engine/__init__.py,12.8,2.27.5,NVIDIA L20X|NVIDIA L20X|NVIDIA L20X|NVIDIA L20X|NVIDIA L20X|NVIDIA L20X|NVIDIA L20X|NVIDIA L20X,132|132|132|132|132|132|132|132,:4096:8,20,3,True,False,1024,4,False,True,0,113.12259101867676,116.04665203094481,622.0573940535537,60.685808181762695,62.759586334228516,52.54473686218262,54.2846004486084,66,24,35,4,51.07188034057617,248.242431640625,False,same_geometry_s1k,,,,,,,,,
oproj,nanbeige42_3b,model,Nanbeige4.2-3B,1024,4,eager,immediate,single,v10_backward_te_userbuffers_v3,complete_route_then_single_full_gemm,recreate_per_entry,reuse_adjacent_same_shape_v1,not_applicable,branch_masked_v1,0,256,6144,3072,3072,6144,256,48,8,128,adapted_te_userbuffers_backward_formal_10w50i,per_sample_local_cuda_event_then_dist_max,full DGrad GEMM -> pack dA -> Userbuffers A2A -> unpack final head shard -> adjacent beta=0 WGrad GEMM,MAX,2.9.0+cu128,2.19.0.dev0+a7aec214,/tmp/TransformerEngine-v10-clean/transformer_engine/__init__.py,12.8,2.27.5,NVIDIA L20X|NVIDIA L20X|NVIDIA L20X|NVIDIA L20X,132|132|132|132,:4096:8,24,1,True,False,512,4,False,True,0,0.17875199764966965,0.18902400135993958,108.1238424528215,,,,,66,165,35,0,0.01759679988026619,0.8333333134651184,True,exact,,0.0,,0.0,0.0009765625,0.0029296875,0,,0
oproj,nanbeige42_3b,model,Nanbeige4.2-3B,1024,4,eager,deferred,single,v10_backward_te_userbuffers_v3,complete_route_then_single_full_gemm,recreate_per_entry,reuse_adjacent_same_shape_v1,not_applicable,branch_masked_v1,1,256,6144,3072,3072,6144,256,48,8,128,adapted_te_userbuffers_backward_formal_10w50i,per_sample_local_cuda_event_then_dist_max,separately timed full DGrad GEMM -> pack dA -> Userbuffers A2A -> unpack final head shard and beta=1 WGrad GEMM,MAX,2.9.0+cu128,2.19.0.dev0+a7aec214,/tmp/TransformerEngine-v10-clean/transformer_engine/__init__.py,12.8,2.27.5,NVIDIA L20X|NVIDIA L20X|NVIDIA L20X|NVIDIA L20X,132|132|132|132,:4096:8,24,1,True,False,512,4,False,True,0,0.18534399569034576,0.2016016053035855,104.27827866779246,0.1292480006814003,0.14193120300769804,0.055984001606702805,0.0637616004794836,66,165,35,0,0.01759679988026619,0.8333333134651184,False,exact,,0.0,,0.0,0.0009765625,0.0029296875,0,,0
oproj,nanbeige42_3b,model,Nanbeige4.2-3B,1024,4,graph,immediate,single,v10_backward_te_userbuffers_v3,complete_route_then_single_full_gemm,recreate_per_entry,reuse_adjacent_same_shape_v1,not_applicable,branch_masked_v1,0,256,6144,3072,3072,6144,256,48,8,128,adapted_te_userbuffers_backward_formal_10w50i,per_sample_local_cuda_event_then_dist_max,full DGrad GEMM -> pack dA -> Userbuffers A2A -> unpack final head shard -> adjacent beta=0 WGrad GEMM,MAX,2.9.0+cu128,2.19.0.dev0+a7aec214,/tmp/TransformerEngine-v10-clean/transformer_engine/__init__.py,12.8,2.27.5,NVIDIA L20X|NVIDIA L20X|NVIDIA L20X|NVIDIA L20X,132|132|132|132,:4096:8,8,3,True,False,1024,4,False,True,0,0.07448000088334084,0.0757216028869152,259.4972153970933,,,,,66,28,35,0,0.01748693361878395,0.9696969985961914,True,exact,,0.0,,0.0,0.0009765625,0.0029296875,0,,0
oproj,nanbeige42_3b,model,Nanbeige4.2-3B,1024,4,graph,deferred,single,v10_backward_te_userbuffers_v3,complete_route_then_single_full_gemm,recreate_per_entry,reuse_adjacent_same_shape_v1,not_applicable,branch_masked_v1,1,256,6144,3072,3072,6144,256,48,8,128,adapted_te_userbuffers_backward_formal_10w50i,per_sample_local_cuda_event_then_dist_max,separately timed full DGrad GEMM -> pack dA -> Userbuffers A2A -> unpack final head shard and beta=1 WGrad GEMM,MAX,2.9.0+cu128,2.19.0.dev0+a7aec214,/tmp/TransformerEngine-v10-clean/transformer_engine/__init__.py,12.8,2.27.5,NVIDIA L20X|NVIDIA L20X|NVIDIA L20X|NVIDIA L20X,132|132|132|132,:4096:8,12,3,True,False,512,4,False,True,0,0.07830399926751852,0.08110719984397291,246.82459405387266,0.047231998294591904,0.04985919930040836,0.031120000407099724,0.031671999022364616,66,208,35,0,0.016779731959104538,0.9696969985961914,False,exact,,0.0,,0.0,0.0009765625,0.0029296875,0,,0
oproj,nanbeige42_3b,model,Nanbeige4.2-3B,1024,8,eager,immediate,single,v10_backward_te_userbuffers_v3,complete_route_then_single_full_gemm,recreate_per_entry,reuse_adjacent_same_shape_v1,not_applicable,branch_masked_v1,0,128,6144,3072,3072,6144,128,48,8,128,adapted_te_userbuffers_backward_formal_10w50i,per_sample_local_cuda_event_then_dist_max,full DGrad GEMM -> pack dA -> Userbuffers A2A -> unpack final head shard -> adjacent beta=0 WGrad GEMM,MAX,2.9.0+cu128,2.19.0.dev0+a7aec214,/tmp/TransformerEngine-v10-clean/transformer_engine/__init__.py,12.8,2.27.5,NVIDIA L20X|NVIDIA L20X|NVIDIA L20X|NVIDIA L20X|NVIDIA L20X|NVIDIA L20X|NVIDIA L20X|NVIDIA L20X,132|132|132|132|132|132|132|132,:4096:8,16,1,True,False,512,4,False,True,0,0.22276799380779266,0.24104320183396338,43.38000379146906,,,,,66,27,35,0,0.01017600018531084,0.9696969985961914,True,exact,,0.0,,0.0,0.0009765625,0.00146484375,0,,0
oproj,nanbeige42_3b,model,Nanbeige4.2-3B,1024,8,eager,deferred,single,v10_backward_te_userbuffers_v3,complete_route_then_single_full_gemm,recreate_per_entry,reuse_adjacent_same_shape_v1,not_applicable,branch_masked_v1,1,128,6144,3072,3072,6144,128,48,8,128,adapted_te_userbuffers_backward_formal_10w50i,per_sample_local_cuda_event_then_dist_max,separately timed full DGrad GEMM -> pack dA -> Userbuffers A2A -> unpack final head shard and beta=1 WGrad GEMM,MAX,2.9.0+cu128,2.19.0.dev0+a7aec214,/tmp/TransformerEngine-v10-clean/transformer_engine/__init__.py,12.8,2.27.5,NVIDIA L20X|NVIDIA L20X|NVIDIA L20X|NVIDIA L20X|NVIDIA L20X|NVIDIA L20X|NVIDIA L20X|NVIDIA L20X,132|132|132|132|132|132|132|132,:4096:8,16,1,True,False,512,4,False,True,0,0.23131200298666954,0.2979519981890917,41.777669516600554,0.177824005484581,0.24315999671816824,0.05286400020122528,0.06510719992220401,66,27,35,0,0.01017600018531084,0.9696969985961914,False,exact,,0.0,,0.0,0.0009765625,0.00146484375,0,,0
oproj,nanbeige42_3b,model,Nanbeige4.2-3B,1024,8,graph,immediate,single,v10_backward_te_userbuffers_v3,complete_route_then_single_full_gemm,recreate_per_entry,reuse_adjacent_same_shape_v1,not_applicable,branch_masked_v1,0,128,6144,3072,3072,6144,128,48,8,128,adapted_te_userbuffers_backward_formal_10w50i,per_sample_local_cuda_event_then_dist_max,full DGrad GEMM -> pack dA -> Userbuffers A2A -> unpack final head shard -> adjacent beta=0 WGrad GEMM,MAX,2.9.0+cu128,2.19.0.dev0+a7aec214,/tmp/TransformerEngine-v10-clean/transformer_engine/__init__.py,12.8,2.27.5,NVIDIA L20X|NVIDIA L20X|NVIDIA L20X|NVIDIA L20X|NVIDIA L20X|NVIDIA L20X|NVIDIA L20X|NVIDIA L20X,132|132|132|132|132|132|132|132,:4096:8,4,3,True,False,512,4,False,True,0,0.07207999750971794,0.07407360114157199,134.0687673400256,,,,,66,27,35,0,0.010500267148017883,0.9696969985961914,True,exact,,0.0,,0.0,0.0009765625,0.00146484375,0,,0
oproj,nanbeige42_3b,model,Nanbeige4.2-3B,1024,8,graph,deferred,single,v10_backward_te_userbuffers_v3,complete_route_then_single_full_gemm,recreate_per_entry,reuse_adjacent_same_shape_v1,not_applicable,branch_masked_v1,1,128,6144,3072,3072,6144,128,48,8,128,adapted_te_userbuffers_backward_formal_10w50i,per_sample_local_cuda_event_then_dist_max,separately timed full DGrad GEMM -> pack dA -> Userbuffers A2A -> unpack final head shard and beta=1 WGrad GEMM,MAX,2.9.0+cu128,2.19.0.dev0+a7aec214,/tmp/TransformerEngine-v10-clean/transformer_engine/__init__.py,12.8,2.27.5,NVIDIA L20X|NVIDIA L20X|NVIDIA L20X|NVIDIA L20X|NVIDIA L20X|NVIDIA L20X|NVIDIA L20X|NVIDIA L20X,132|132|132|132|132|132|132|132,:4096:8,20,3,True,False,512,4,False,True,0,0.07294400222599506,0.08091840045526624,132.48075401813028,0.04366400092840195,0.05005280096083878,0.029120000079274178,0.032598399557173245,66,27,35,0,0.010248532518744469,0.9696969985961914,True,exact,,0.0,,0.0,0.0009765625,0.00146484375,0,,0
oproj,nanbeige42_3b,model,Nanbeige4.2-3B,4096,4,eager,immediate,single,v10_backward_te_userbuffers_v3,complete_route_then_single_full_gemm,recreate_per_entry,reuse_adjacent_same_shape_v1,not_applicable,branch_masked_v1,0,1024,6144,3072,3072,6144,1024,48,8,128,adapted_te_userbuffers_backward_formal_10w50i,per_sample_local_cuda_event_then_dist_max,full DGrad GEMM -> pack dA -> Userbuffers A2A -> unpack final head shard -> adjacent beta=0 WGrad GEMM,MAX,2.9.0+cu128,2.19.0.dev0+a7aec214,/tmp/TransformerEngine-v10-clean/transformer_engine/__init__.py,12.8,2.27.5,NVIDIA L20X|NVIDIA L20X|NVIDIA L20X|NVIDIA L20X,132|132|132|132,:4096:8,12,3,True,False,512,4,False,True,0,0.22207999974489212,0.26698078960180277,348.115145068475,,,,,66,20,35,4,0.051450666040182114,2.909090995788574,True,same_geometry_s1k,,,,,,,,,
oproj,nanbeige42_3b,model,Nanbeige4.2-3B,4096,4,eager,deferred,single,v10_backward_te_userbuffers_v3,complete_route_then_single_full_gemm,recreate_per_entry,reuse_adjacent_same_shape_v1,not_applicable,branch_masked_v1,1,1024,6144,3072,3072,6144,1024,48,8,128,adapted_te_userbuffers_backward_formal_10w50i,per_sample_local_cuda_event_then_dist_max,separately timed full DGrad GEMM -> pack dA -> Userbuffers A2A -> unpack final head shard and beta=1 WGrad GEMM,MAX,2.9.0+cu128,2.19.0.dev0+a7aec214,/tmp/TransformerEngine-v10-clean/transformer_engine/__init__.py,12.8,2.27.5,NVIDIA L20X|NVIDIA L20X|NVIDIA L20X|NVIDIA L20X,132|132|132|132,:4096:8,12,3,True,False,512,4,False,True,0,0.24772800132632256,0.27513920292258254,312.0737700788345,0.15134400129318237,0.17687519639730442,0.09575999900698662,0.10074079968035221,66,20,35,4,0.051450666040182114,2.909090995788574,False,same_geometry_s1k,,,,,,,,,
oproj,nanbeige42_3b,model,Nanbeige4.2-3B,4096,4,graph,immediate,single,v10_backward_te_userbuffers_v3,complete_route_then_single_full_gemm,recreate_per_entry,reuse_adjacent_same_shape_v1,not_applicable,branch_masked_v1,0,1024,6144,3072,3072,6144,1024,48,8,128,adapted_te_userbuffers_backward_formal_10w50i,per_sample_local_cuda_event_then_dist_max,full DGrad GEMM -> pack dA -> Userbuffers A2A -> unpack final head shard -> adjacent beta=0 WGrad GEMM,MAX,2.9.0+cu128,2.19.0.dev0+a7aec214,/tmp/TransformerEngine-v10-clean/transformer_engine/__init__.py,12.8,2.27.5,NVIDIA L20X|NVIDIA L20X|NVIDIA L20X|NVIDIA L20X,132|132|132|132,:4096:8,24,3,True,False,1024,4,True,True,0,0.1653439998626709,0.16735520362854003,467.5670807057442,,,,,66,20,35,4,0.051369599997997284,2.909090995788574,True,same_geometry_s1k,,,,,,,,,
oproj,nanbeige42_3b,model,Nanbeige4.2-3B,4096,4,graph,deferred,single,v10_backward_te_userbuffers_v3,complete_route_then_single_full_gemm,recreate_per_entry,reuse_adjacent_same_shape_v1,not_applicable,branch_masked_v1,1,1024,6144,3072,3072,6144,1024,48,8,128,adapted_te_userbuffers_backward_formal_10w50i,per_sample_local_cuda_event_then_dist_max,separately timed full DGrad GEMM -> pack dA -> Userbuffers A2A -> unpack final head shard and beta=1 WGrad GEMM,MAX,2.9.0+cu128,2.19.0.dev0+a7aec214,/tmp/TransformerEngine-v10-clean/transformer_engine/__init__.py,12.8,2.27.5,NVIDIA L20X|NVIDIA L20X|NVIDIA L20X|NVIDIA L20X,132|132|132|132,:4096:8,24,3,True,False,1024,4,True,True,0,0.1825600005686283,0.18720320239663124,423.47398711218614,0.10772800073027611,0.1126496009528637,0.07470400258898735,0.07547680102288723,66,20,35,4,0.051369599997997284,2.909090995788574,True,same_geometry_s1k,,,,,,,,,
oproj,nanbeige42_3b,model,Nanbeige4.2-3B,4096,8,eager,immediate,single,v10_backward_te_userbuffers_v3,complete_route_then_single_full_gemm,recreate_per_entry,reuse_adjacent_same_shape_v1,not_applicable,branch_masked_v1,0,512,6144,3072,3072,6144,512,48,8,128,adapted_te_userbuffers_backward_formal_10w50i,per_sample_local_cuda_event_then_dist_max,full DGrad GEMM -> pack dA -> Userbuffers A2A -> unpack final head shard -> adjacent beta=0 WGrad GEMM,MAX,2.9.0+cu128,2.19.0.dev0+a7aec214,/tmp/TransformerEngine-v10-clean/transformer_engine/__init__.py,12.8,2.27.5,NVIDIA L20X|NVIDIA L20X|NVIDIA L20X|NVIDIA L20X|NVIDIA L20X|NVIDIA L20X|NVIDIA L20X|NVIDIA L20X,132|132|132|132|132|132|132|132,:4096:8,20,3,True,False,512,4,False,True,0,0.23945600539445877,0.2617264062166214,161.4271715604862,,,,,66,28,35,0,0.028168532997369766,1.9393939971923828,True,same_geometry_s1k,,,,,,,,,
oproj,nanbeige42_3b,model,Nanbeige4.2-3B,4096,8,eager,deferred,single,v10_backward_te_userbuffers_v3,complete_route_then_single_full_gemm,recreate_per_entry,reuse_adjacent_same_shape_v1,not_applicable,branch_masked_v1,1,512,6144,3072,3072,6144,512,48,8,128,adapted_te_userbuffers_backward_formal_10w50i,per_sample_local_cuda_event_then_dist_max,separately timed full DGrad GEMM -> pack dA -> Userbuffers A2A -> unpack final head shard and beta=1 WGrad GEMM,MAX,2.9.0+cu128,2.19.0.dev0+a7aec214,/tmp/TransformerEngine-v10-clean/transformer_engine/__init__.py,12.8,2.27.5,NVIDIA L20X|NVIDIA L20X|NVIDIA L20X|NVIDIA L20X|NVIDIA L20X|NVIDIA L20X|NVIDIA L20X|NVIDIA L20X,132|132|132|132|132|132|132|132,:4096:8,20,3,True,False,512,4,False,True,0,0.24219200387597084,0.2554032001644373,159.60355852126108,0.16788800060749054,0.17723999693989753,0.0740479975938797,0.0786048024892807,66,28,35,0,0.028168532997369766,1.9393939971923828,False,same_geometry_s1k,,,,,,,,,
oproj,nanbeige42_3b,model,Nanbeige4.2-3B,4096,8,graph,immediate,single,v10_backward_te_userbuffers_v3,complete_route_then_single_full_gemm,recreate_per_entry,reuse_adjacent_same_shape_v1,not_applicable,branch_masked_v1,0,512,6144,3072,3072,6144,512,48,8,128,adapted_te_userbuffers_backward_formal_10w50i,per_sample_local_cuda_event_then_dist_max,full DGrad GEMM -> pack dA -> Userbuffers A2A -> unpack final head shard -> adjacent beta=0 WGrad GEMM,MAX,2.9.0+cu128,2.19.0.dev0+a7aec214,/tmp/TransformerEngine-v10-clean/transformer_engine/__init__.py,12.8,2.27.5,NVIDIA L20X|NVIDIA L20X|NVIDIA L20X|NVIDIA L20X|NVIDIA L20X|NVIDIA L20X|NVIDIA L20X|NVIDIA L20X,132|132|132|132|132|132|132|132,:4096:8,16,3,True,False,1024,4,False,True,0,0.1265759989619255,0.12808319851756095,305.38732446131013,,,,,66,28,35,0,0.028068266808986664,1.9393939971923828,True,same_geometry_s1k,,,,,,,,,
oproj,nanbeige42_3b,model,Nanbeige4.2-3B,4096,8,graph,deferred,single,v10_backward_te_userbuffers_v3,complete_route_then_single_full_gemm,recreate_per_entry,reuse_adjacent_same_shape_v1,not_applicable,branch_masked_v1,1,512,6144,3072,3072,6144,512,48,8,128,adapted_te_userbuffers_backward_formal_10w50i,per_sample_local_cuda_event_then_dist_max,separately timed full DGrad GEMM -> pack dA -> Userbuffers A2A -> unpack final head shard and beta=1 WGrad GEMM,MAX,2.9.0+cu128,2.19.0.dev0+a7aec214,/tmp/TransformerEngine-v10-clean/transformer_engine/__init__.py,12.8,2.27.5,NVIDIA L20X|NVIDIA L20X|NVIDIA L20X|NVIDIA L20X|NVIDIA L20X|NVIDIA L20X|NVIDIA L20X|NVIDIA L20X,132|132|132|132|132|132|132|132,:4096:8,16,3,True,False,1024,4,False,True,0,0.1368000004440546,0.13988319933414461,282.56363697753153,0.08262399956583977,0.08552319891750812,0.05384000018239021,0.05491039883345365,66,28,35,0,0.028068266808986664,1.9393939971923828,True,same_geometry_s1k,,,,,,,,,
oproj,nanbeige42_3b,model,Nanbeige4.2-3B,16384,4,eager,immediate,single,v10_backward_te_userbuffers_v3,complete_route_then_single_full_gemm,recreate_per_entry,reuse_adjacent_same_shape_v1,not_applicable,branch_masked_v1,0,4096,6144,3072,3072,6144,4096,48,8,128,adapted_te_userbuffers_backward_formal_10w50i,per_sample_local_cuda_event_then_dist_max,full DGrad GEMM -> pack dA -> Userbuffers A2A -> unpack final head shard -> adjacent beta=0 WGrad GEMM,MAX,2.9.0+cu128,2.19.0.dev0+a7aec214,/tmp/TransformerEngine-v10-clean/transformer_engine/__init__.py,12.8,2.27.5,NVIDIA L20X|NVIDIA L20X|NVIDIA L20X|NVIDIA L20X,132|132|132|132,:4096:8,24,2,True,False,1024,4,False,True,0,0.6084159910678864,0.6262527853250504,508.26679418670244,,,,,66,197,35,4,0.19338665902614594,8.969696998596191,True,same_geometry_s1k,,,,,,,,,
oproj,nanbeige42_3b,model,Nanbeige4.2-3B,16384,4,eager,deferred,single,v10_backward_te_userbuffers_v3,complete_route_then_single_full_gemm,recreate_per_entry,reuse_adjacent_same_shape_v1,not_applicable,branch_masked_v1,1,4096,6144,3072,3072,6144,4096,48,8,128,adapted_te_userbuffers_backward_formal_10w50i,per_sample_local_cuda_event_then_dist_max,separately timed full DGrad GEMM -> pack dA -> Userbuffers A2A -> unpack final head shard and beta=1 WGrad GEMM,MAX,2.9.0+cu128,2.19.0.dev0+a7aec214,/tmp/TransformerEngine-v10-clean/transformer_engine/__init__.py,12.8,2.27.5,NVIDIA L20X|NVIDIA L20X|NVIDIA L20X|NVIDIA L20X,132|132|132|132,:4096:8,24,2,True,False,1024,4,False,True,0,0.6407679915428162,0.6919680051505566,482.60470153546476,0.40699198842048645,0.4432688087224959,0.23342400044202805,0.2406288035213947,66,197,35,4,0.19338665902614594,8.969696998596191,True,same_geometry_s1k,,,,,,,,,
oproj,nanbeige42_3b,model,Nanbeige4.2-3B,16384,4,graph,immediate,single,v10_backward_te_userbuffers_v3,complete_route_then_single_full_gemm,recreate_per_entry,reuse_adjacent_same_shape_v1,not_applicable,branch_masked_v1,0,4096,6144,3072,3072,6144,4096,48,8,128,adapted_te_userbuffers_backward_formal_10w50i,per_sample_local_cuda_event_then_dist_max,full DGrad GEMM -> pack dA -> Userbuffers A2A -> unpack final head shard -> adjacent beta=0 WGrad GEMM,MAX,2.9.0+cu128,2.19.0.dev0+a7aec214,/tmp/TransformerEngine-v10-clean/transformer_engine/__init__.py,12.8,2.27.5,NVIDIA L20X|NVIDIA L20X|NVIDIA L20X|NVIDIA L20X,132|132|132|132,:4096:8,24,3,True,False,1024,4,False,True,0,0.5734560191631317,0.5764831930398941,539.252593011899,,,,,66,197,35,4,0.19103465974330902,8.969696998596191,True,same_geometry_s1k,,,,,,,,,
oproj,nanbeige42_3b,model,Nanbeige4.2-3B,16384,4,graph,deferred,single,v10_backward_te_userbuffers_v3,complete_route_then_single_full_gemm,recreate_per_entry,reuse_adjacent_same_shape_v1,not_applicable,branch_masked_v1,1,4096,6144,3072,3072,6144,4096,48,8,128,adapted_te_userbuffers_backward_formal_10w50i,per_sample_local_cuda_event_then_dist_max,separately timed full DGrad GEMM -> pack dA -> Userbuffers A2A -> unpack final head shard and beta=1 WGrad GEMM,MAX,2.9.0+cu128,2.19.0.dev0+a7aec214,/tmp/TransformerEngine-v10-clean/transformer_engine/__init__.py,12.8,2.27.5,NVIDIA L20X|NVIDIA L20X|NVIDIA L20X|NVIDIA L20X,132|132|132|132,:4096:8,24,3,True,False,1024,4,False,True,0,0.5878720134496689,0.5907568030059338,526.0288604272461,0.37560001015663147,0.3779360026121139,0.21214400231838226,0.21306560561060905,66,197,35,4,0.19103465974330902,8.969696998596191,True,same_geometry_s1k,,,,,,,,,
oproj,nanbeige42_3b,model,Nanbeige4.2-3B,16384,8,eager,immediate,single,v10_backward_te_userbuffers_v3,complete_route_then_single_full_gemm,recreate_per_entry,reuse_adjacent_same_shape_v1,not_applicable,branch_masked_v1,0,2048,6144,3072,3072,6144,2048,48,8,128,adapted_te_userbuffers_backward_formal_10w50i,per_sample_local_cuda_event_then_dist_max,full DGrad GEMM -> pack dA -> Userbuffers A2A -> unpack final head shard -> adjacent beta=0 WGrad GEMM,MAX,2.9.0+cu128,2.19.0.dev0+a7aec214,/tmp/TransformerEngine-v10-clean/transformer_engine/__init__.py,12.8,2.27.5,NVIDIA L20X|NVIDIA L20X|NVIDIA L20X|NVIDIA L20X|NVIDIA L20X|NVIDIA L20X|NVIDIA L20X|NVIDIA L20X,132|132|132|132|132|132|132|132,:4096:8,24,3,True,False,1024,4,False,True,0,0.42268800735473633,0.4368687987327575,365.7989343573636,,,,,66,23,35,4,0.09905066341161728,2.909090995788574,True,same_geometry_s1k,,,,,,,,,
oproj,nanbeige42_3b,model,Nanbeige4.2-3B,16384,8,eager,deferred,single,v10_backward_te_userbuffers_v3,complete_route_then_single_full_gemm,recreate_per_entry,reuse_adjacent_same_shape_v1,not_applicable,branch_masked_v1,1,2048,6144,3072,3072,6144,2048,48,8,128,adapted_te_userbuffers_backward_formal_10w50i,per_sample_local_cuda_event_then_dist_max,separately timed full DGrad GEMM -> pack dA -> Userbuffers A2A -> unpack final head shard and beta=1 WGrad GEMM,MAX,2.9.0+cu128,2.19.0.dev0+a7aec214,/tmp/TransformerEngine-v10-clean/transformer_engine/__init__.py,12.8,2.27.5,NVIDIA L20X|NVIDIA L20X|NVIDIA L20X|NVIDIA L20X|NVIDIA L20X|NVIDIA L20X|NVIDIA L20X|NVIDIA L20X,132|132|132|132|132|132|132|132,:4096:8,24,3,True,False,1024,4,False,True,0,0.4585280045866966,0.47398880943655963,337.2069341661449,0.28995199501514435,0.2975264072418213,0.16820800304412842,0.1727023996412754,66,23,35,4,0.09905066341161728,2.909090995788574,True,same_geometry_s1k,,,,,,,,,
oproj,nanbeige42_3b,model,Nanbeige4.2-3B,16384,8,graph,immediate,single,v10_backward_te_userbuffers_v3,complete_route_then_single_full_gemm,recreate_per_entry,reuse_adjacent_same_shape_v1,not_applicable,branch_masked_v1,0,2048,6144,3072,3072,6144,2048,48,8,128,adapted_te_userbuffers_backward_formal_10w50i,per_sample_local_cuda_event_then_dist_max,full DGrad GEMM -> pack dA -> Userbuffers A2A -> unpack final head shard -> adjacent beta=0 WGrad GEMM,MAX,2.9.0+cu128,2.19.0.dev0+a7aec214,/tmp/TransformerEngine-v10-clean/transformer_engine/__init__.py,12.8,2.27.5,NVIDIA L20X|NVIDIA L20X|NVIDIA L20X|NVIDIA L20X|NVIDIA L20X|NVIDIA L20X|NVIDIA L20X|NVIDIA L20X,132|132|132|132|132|132|132|132,:4096:8,20,3,True,False,1024,4,False,True,0,0.3760800063610077,0.38001279532909393,411.1327910039916,,,,,66,23,35,4,0.0988021269440651,2.909090995788574,True,same_geometry_s1k,,,,,,,,,
oproj,nanbeige42_3b,model,Nanbeige4.2-3B,16384,8,graph,deferred,single,v10_backward_te_userbuffers_v3,complete_route_then_single_full_gemm,recreate_per_entry,reuse_adjacent_same_shape_v1,not_applicable,branch_masked_v1,1,2048,6144,3072,3072,6144,2048,48,8,128,adapted_te_userbuffers_backward_formal_10w50i,per_sample_local_cuda_event_then_dist_max,separately timed full DGrad GEMM -> pack dA -> Userbuffers A2A -> unpack final head shard and beta=1 WGrad GEMM,MAX,2.9.0+cu128,2.19.0.dev0+a7aec214,/tmp/TransformerEngine-v10-clean/transformer_engine/__init__.py,12.8,2.27.5,NVIDIA L20X|NVIDIA L20X|NVIDIA L20X|NVIDIA L20X|NVIDIA L20X|NVIDIA L20X|NVIDIA L20X|NVIDIA L20X,132|132|132|132|132|132|132|132,:4096:8,20,3,True,False,1024,4,False,True,0,0.39137600362300873,0.39524799957871437,395.0646468477304,0.24516800045967102,0.24867520108819008,0.14608000218868256,0.14728799983859062,66,23,35,4,0.0988021269440651,2.909090995788574,True,same_geometry_s1k,,,,,,,,,
oproj,nanbeige42_3b,model,Nanbeige4.2-3B,131072,4,eager,immediate,single,v10_backward_te_userbuffers_v3,complete_route_then_single_full_gemm,recreate_per_entry,reuse_adjacent_same_shape_v1,not_applicable,branch_masked_v1,0,32768,6144,3072,3072,6144,32768,48,8,128,adapted_te_userbuffers_backward_formal_10w50i,per_sample_local_cuda_event_then_dist_max,full DGrad GEMM -> pack dA -> Userbuffers A2A -> unpack final head shard -> adjacent beta=0 WGrad GEMM,MAX,2.9.0+cu128,2.19.0.dev0+a7aec214,/tmp/TransformerEngine-v10-clean/transformer_engine/__init__.py,12.8,2.27.5,NVIDIA L20X|NVIDIA L20X|NVIDIA L20X|NVIDIA L20X,132|132|132|132,:4096:8,24,2,True,True,1024,4,True,True,0,4.409183979034424,4.768428802490234,561.0791416868399,,,,,66,201,35,4,1.536453366279602,67.8787841796875,True,same_geometry_s1k,,,,,,,,,
oproj,nanbeige42_3b,model,Nanbeige4.2-3B,131072,4,eager,deferred,single,v10_backward_te_userbuffers_v3,complete_route_then_single_full_gemm,recreate_per_entry,reuse_adjacent_same_shape_v1,not_applicable,branch_masked_v1,1,32768,6144,3072,3072,6144,32768,48,8,128,adapted_te_userbuffers_backward_formal_10w50i,per_sample_local_cuda_event_then_dist_max,separately timed full DGrad GEMM -> pack dA -> Userbuffers A2A -> unpack final head shard and beta=1 WGrad GEMM,MAX,2.9.0+cu128,2.19.0.dev0+a7aec214,/tmp/TransformerEngine-v10-clean/transformer_engine/__init__.py,12.8,2.27.5,NVIDIA L20X|NVIDIA L20X|NVIDIA L20X|NVIDIA L20X,132|132|132|132,:4096:8,24,2,True,False,1024,4,True,True,0,4.621520042419434,4.774009615182877,535.3003210607903,2.875216007232666,3.045166397094726,1.7465919852256775,1.8514671504497522,66,209,35,4,1.6775743961334229,41.45454406738281,False,same_geometry_s1k,,,,,,,,,
oproj,nanbeige42_3b,model,Nanbeige4.2-3B,131072,4,graph,immediate,single,v10_backward_te_userbuffers_v3,complete_route_then_single_full_gemm,recreate_per_entry,reuse_adjacent_same_shape_v1,not_applicable,branch_masked_v1,0,32768,6144,3072,3072,6144,32768,48,8,128,adapted_te_userbuffers_backward_formal_10w50i,per_sample_local_cuda_event_then_dist_max,full DGrad GEMM -> pack dA -> Userbuffers A2A -> unpack final head shard -> adjacent beta=0 WGrad GEMM,MAX,2.9.0+cu128,2.19.0.dev0+a7aec214,/tmp/TransformerEngine-v10-clean/transformer_engine/__init__.py,12.8,2.27.5,NVIDIA L20X|NVIDIA L20X|NVIDIA L20X|NVIDIA L20X,132|132|132|132,:4096:8,20,3,False,True,1024,4,True,True,0,4.450608015060425,4.5436159610748295,555.8568973328047,,,,,66,209,35,4,1.6113439798355103,41.45454406738281,True,same_geometry_s1k,,,,,,,,,
oproj,nanbeige42_3b,model,Nanbeige4.2-3B,131072,4,graph,deferred,single,v10_backward_te_userbuffers_v3,complete_route_then_single_full_gemm,recreate_per_entry,reuse_adjacent_same_shape_v1,not_applicable,branch_masked_v1,1,32768,6144,3072,3072,6144,32768,48,8,128,adapted_te_userbuffers_backward_formal_10w50i,per_sample_local_cuda_event_then_dist_max,separately timed full DGrad GEMM -> pack dA -> Userbuffers A2A -> unpack final head shard and beta=1 WGrad GEMM,MAX,2.9.0+cu128,2.19.0.dev0+a7aec214,/tmp/TransformerEngine-v10-clean/transformer_engine/__init__.py,12.8,2.27.5,NVIDIA L20X|NVIDIA L20X|NVIDIA L20X|NVIDIA L20X,132|132|132|132,:4096:8,20,3,False,True,1024,4,True,True,0,4.486191987991333,4.530171287059784,551.4479026127625,2.816223978996277,2.853052866458893,1.6610719561576843,1.6938944041728972,66,209,35,4,1.6113439798355103,41.45454406738281,False,same_geometry_s1k,,,,,,,,,
oproj,nanbeige42_3b,model,Nanbeige4.2-3B,131072,8,eager,immediate,single,v10_backward_te_userbuffers_v3,complete_route_then_single_full_gemm,recreate_per_entry,reuse_adjacent_same_shape_v1,not_applicable,branch_masked_v1,0,16384,6144,3072,3072,6144,16384,48,8,128,adapted_te_userbuffers_backward_formal_10w50i,per_sample_local_cuda_event_then_dist_max,full DGrad GEMM -> pack dA -> Userbuffers A2A -> unpack final head shard -> adjacent beta=0 WGrad GEMM,MAX,2.9.0+cu128,2.19.0.dev0+a7aec214,/tmp/TransformerEngine-v10-clean/transformer_engine/__init__.py,12.8,2.27.5,NVIDIA L20X|NVIDIA L20X|NVIDIA L20X|NVIDIA L20X|NVIDIA L20X|NVIDIA L20X|NVIDIA L20X|NVIDIA L20X,132|132|132|132|132|132|132|132,:4096:8,24,3,True,False,1024,4,False,True,0,2.5899839401245117,2.632451128959656,477.5900584111477,,,,,66,24,35,4,0.7625237107276917,23.272727966308594,True,same_geometry_s1k,,,,,,,,,
oproj,nanbeige42_3b,model,Nanbeige4.2-3B,131072,8,eager,deferred,single,v10_backward_te_userbuffers_v3,complete_route_then_single_full_gemm,recreate_per_entry,reuse_adjacent_same_shape_v1,not_applicable,branch_masked_v1,1,16384,6144,3072,3072,6144,16384,48,8,128,adapted_te_userbuffers_backward_formal_10w50i,per_sample_local_cuda_event_then_dist_max,separately timed full DGrad GEMM -> pack dA -> Userbuffers A2A -> unpack final head shard and beta=1 WGrad GEMM,MAX,2.9.0+cu128,2.19.0.dev0+a7aec214,/tmp/TransformerEngine-v10-clean/transformer_engine/__init__.py,12.8,2.27.5,NVIDIA L20X|NVIDIA L20X|NVIDIA L20X|NVIDIA L20X|NVIDIA L20X|NVIDIA L20X|NVIDIA L20X|NVIDIA L20X,132|132|132|132|132|132|132|132,:4096:8,24,3,True,False,1024,4,False,True,0,2.641600012779236,2.671249583363533,468.2580917868032,1.694927990436554,1.7202735662460327,0.9448480010032654,0.9962288081645965,66,24,35,4,0.7625237107276917,23.272727966308594,False,same_geometry_s1k,,,,,,,,,
oproj,nanbeige42_3b,model,Nanbeige4.2-3B,131072,8,graph,immediate,single,v10_backward_te_userbuffers_v3,complete_route_then_single_full_gemm,recreate_per_entry,reuse_adjacent_same_shape_v1,not_applicable,branch_masked_v1,0,16384,6144,3072,3072,6144,16384,48,8,128,adapted_te_userbuffers_backward_formal_10w50i,per_sample_local_cuda_event_then_dist_max,full DGrad GEMM -> pack dA -> Userbuffers A2A -> unpack final head shard -> adjacent beta=0 WGrad GEMM,MAX,2.9.0+cu128,2.19.0.dev0+a7aec214,/tmp/TransformerEngine-v10-clean/transformer_engine/__init__.py,12.8,2.27.5,NVIDIA L20X|NVIDIA L20X|NVIDIA L20X|NVIDIA L20X|NVIDIA L20X|NVIDIA L20X|NVIDIA L20X|NVIDIA L20X,132|132|132|132|132|132|132|132,:4096:8,24,3,True,False,1024,4,False,True,0,2.531407952308655,2.552868831157684,488.64134290164327,,,,,66,24,35,4,0.7625237107276917,23.272727966308594,True,same_geometry_s1k,,,,,,,,,
oproj,nanbeige42_3b,model,Nanbeige4.2-3B,131072,8,graph,deferred,single,v10_backward_te_userbuffers_v3,complete_route_then_single_full_gemm,recreate_per_entry,reuse_adjacent_same_shape_v1,not_applicable,branch_masked_v1,1,16384,6144,3072,3072,6144,16384,48,8,128,adapted_te_userbuffers_backward_formal_10w50i,per_sample_local_cuda_event_then_dist_max,separately timed full DGrad GEMM -> pack dA -> Userbuffers A2A -> unpack final head shard and beta=1 WGrad GEMM,MAX,2.9.0+cu128,2.19.0.dev0+a7aec214,/tmp/TransformerEngine-v10-clean/transformer_engine/__init__.py,12.8,2.27.5,NVIDIA L20X|NVIDIA L20X|NVIDIA L20X|NVIDIA L20X|NVIDIA L20X|NVIDIA L20X|NVIDIA L20X|NVIDIA L20X,132|132|132|132|132|132|132|132,:4096:8,20,3,True,False,1024,4,False,True,0,2.56454399228096,2.6246256470680236,482.32769060351734,1.65283203125,1.7142352283000943,0.9100480079650879,0.9180975764989853,66,209,35,4,0.7687135934829712,20.84848403930664,False,same_geometry_s1k,,,,,,,,,
oproj,nanbeige42_3b,model,Nanbeige4.2-3B,262144,4,eager,immediate,single,v10_backward_te_userbuffers_v3,complete_route_then_single_full_gemm,recreate_per_entry,reuse_adjacent_same_shape_v1,not_applicable,branch_masked_v1,0,65536,6144,3072,3072,6144,65536,48,8,128,adapted_te_userbuffers_backward_formal_10w50i,per_sample_local_cuda_event_then_dist_max,full DGrad GEMM -> pack dA -> Userbuffers A2A -> unpack final head shard -> adjacent beta=0 WGrad GEMM,MAX,2.9.0+cu128,2.19.0.dev0+a7aec214,/tmp/TransformerEngine-v10-clean/transformer_engine/__init__.py,12.8,2.27.5,NVIDIA L20X|NVIDIA L20X|NVIDIA L20X|NVIDIA L20X,132|132|132|132,:4096:8,24,2,False,True,1024,4,True,True,0,8.940656185150146,9.099838399887084,553.4048309798536,,,,,66,209,35,4,3.4526987075805664,82.90908813476562,True,same_geometry_s1k,,,,,,,,,
oproj,nanbeige42_3b,model,Nanbeige4.2-3B,262144,4,eager,deferred,single,v10_backward_te_userbuffers_v3,complete_route_then_single_full_gemm,recreate_per_entry,reuse_adjacent_same_shape_v1,not_applicable,branch_masked_v1,1,65536,6144,3072,3072,6144,65536,48,8,128,adapted_te_userbuffers_backward_formal_10w50i,per_sample_local_cuda_event_then_dist_max,separately timed full DGrad GEMM -> pack dA -> Userbuffers A2A -> unpack final head shard and beta=1 WGrad GEMM,MAX,2.9.0+cu128,2.19.0.dev0+a7aec214,/tmp/TransformerEngine-v10-clean/transformer_engine/__init__.py,12.8,2.27.5,NVIDIA L20X|NVIDIA L20X|NVIDIA L20X|NVIDIA L20X,132|132|132|132,:4096:8,24,2,False,True,1024,4,True,True,0,9.198815941810608,9.288801646232605,537.8738259674452,5.671184062957764,5.725748825073243,3.5567840337753296,3.570883178710938,66,209,35,4,3.4526987075805664,82.90908813476562,False,same_geometry_s1k,,,,,,,,,
oproj,nanbeige42_3b,model,Nanbeige4.2-3B,262144,4,graph,immediate,single,v10_backward_te_userbuffers_v3,complete_route_then_single_full_gemm,recreate_per_entry,reuse_adjacent_same_shape_v1,not_applicable,branch_masked_v1,0,65536,6144,3072,3072,6144,65536,48,8,128,adapted_te_userbuffers_backward_formal_10w50i,per_sample_local_cuda_event_then_dist_max,full DGrad GEMM -> pack dA -> Userbuffers A2A -> unpack final head shard -> adjacent beta=0 WGrad GEMM,MAX,2.9.0+cu128,2.19.0.dev0+a7aec214,/tmp/TransformerEngine-v10-clean/transformer_engine/__init__.py,12.8,2.27.5,NVIDIA L20X|NVIDIA L20X|NVIDIA L20X|NVIDIA L20X,132|132|132|132,:4096:8,20,3,False,True,1024,4,False,True,0,8.932912349700928,9.044956827163697,553.8845710444759,,,,,66,29,35,4,3.3636832237243652,149.09091186523438,True,same_geometry_s1k,,,,,,,,,
oproj,nanbeige42_3b,model,Nanbeige4.2-3B,262144,4,graph,deferred,single,v10_backward_te_userbuffers_v3,complete_route_then_single_full_gemm,recreate_per_entry,reuse_adjacent_same_shape_v1,not_applicable,branch_masked_v1,1,65536,6144,3072,3072,6144,65536,48,8,128,adapted_te_userbuffers_backward_formal_10w50i,per_sample_local_cuda_event_then_dist_max,separately timed full DGrad GEMM -> pack dA -> Userbuffers A2A -> unpack final head shard and beta=1 WGrad GEMM,MAX,2.9.0+cu128,2.19.0.dev0+a7aec214,/tmp/TransformerEngine-v10-clean/transformer_engine/__init__.py,12.8,2.27.5,NVIDIA L20X|NVIDIA L20X|NVIDIA L20X|NVIDIA L20X,132|132|132|132,:4096:8,20,3,False,True,1024,4,False,True,0,9.09118378162384,9.148571062088013,544.2418109501949,5.556687831878662,5.577401494979858,3.5296640396118164,3.5892016172409056,66,29,35,4,3.3636832237243652,149.09091186523438,False,same_geometry_s1k,,,,,,,,,
oproj,nanbeige42_3b,model,Nanbeige4.2-3B,262144,8,eager,immediate,single,v10_backward_te_userbuffers_v3,complete_route_then_single_full_gemm,recreate_per_entry,reuse_adjacent_same_shape_v1,not_applicable,branch_masked_v1,0,32768,6144,3072,3072,6144,32768,48,8,128,adapted_te_userbuffers_backward_formal_10w50i,per_sample_local_cuda_event_then_dist_max,full DGrad GEMM -> pack dA -> Userbuffers A2A -> unpack final head shard -> adjacent beta=0 WGrad GEMM,MAX,2.9.0+cu128,2.19.0.dev0+a7aec214,/tmp/TransformerEngine-v10-clean/transformer_engine/__init__.py,12.8,2.27.5,NVIDIA L20X|NVIDIA L20X|NVIDIA L20X|NVIDIA L20X|NVIDIA L20X|NVIDIA L20X|NVIDIA L20X|NVIDIA L20X,132|132|132|132|132|132|132|132,:4096:8,24,3,True,False,1024,4,False,True,0,5.056607961654663,5.113427186012268,489.2412425990151,,,,,66,209,35,4,1.5184330940246582,41.45454406738281,True,same_geometry_s1k,,,,,,,,,
oproj,nanbeige42_3b,model,Nanbeige4.2-3B,262144,8,eager,deferred,single,v10_backward_te_userbuffers_v3,complete_route_then_single_full_gemm,recreate_per_entry,reuse_adjacent_same_shape_v1,not_applicable,branch_masked_v1,1,32768,6144,3072,3072,6144,32768,48,8,128,adapted_te_userbuffers_backward_formal_10w50i,per_sample_local_cuda_event_then_dist_max,separately timed full DGrad GEMM -> pack dA -> Userbuffers A2A -> unpack final head shard and beta=1 WGrad GEMM,MAX,2.9.0+cu128,2.19.0.dev0+a7aec214,/tmp/TransformerEngine-v10-clean/transformer_engine/__init__.py,12.8,2.27.5,NVIDIA L20X|NVIDIA L20X|NVIDIA L20X|NVIDIA L20X|NVIDIA L20X|NVIDIA L20X|NVIDIA L20X|NVIDIA L20X,132|132|132|132|132|132|132|132,:4096:8,24,3,True,False,1024,4,False,True,0,5.10916805267334,5.175124740600586,484.20821883154673,3.293471932411194,3.35709753036499,1.8114559650421143,1.8497471928596498,66,209,35,4,1.5184330940246582,41.45454406738281,False,same_geometry_s1k,,,,,,,,,
oproj,nanbeige42_3b,model,Nanbeige4.2-3B,262144,8,graph,immediate,single,v10_backward_te_userbuffers_v3,complete_route_then_single_full_gemm,recreate_per_entry,reuse_adjacent_same_shape_v1,not_applicable,branch_masked_v1,0,32768,6144,3072,3072,6144,32768,48,8,128,adapted_te_userbuffers_backward_formal_10w50i,per_sample_local_cuda_event_then_dist_max,full DGrad GEMM -> pack dA -> Userbuffers A2A -> unpack final head shard -> adjacent beta=0 WGrad GEMM,MAX,2.9.0+cu128,2.19.0.dev0+a7aec214,/tmp/TransformerEngine-v10-clean/transformer_engine/__init__.py,12.8,2.27.5,NVIDIA L20X|NVIDIA L20X|NVIDIA L20X|NVIDIA L20X|NVIDIA L20X|NVIDIA L20X|NVIDIA L20X|NVIDIA L20X,132|132|132|132|132|132|132|132,:4096:8,24,3,True,False,1024,4,False,True,0,5.012063980102539,5.040012788772583,493.58930219509847,,,,,66,209,35,4,1.5184330940246582,41.45454406738281,True,same_geometry_s1k,,,,,,,,,
oproj,nanbeige42_3b,model,Nanbeige4.2-3B,262144,8,graph,deferred,single,v10_backward_te_userbuffers_v3,complete_route_then_single_full_gemm,recreate_per_entry,reuse_adjacent_same_shape_v1,not_applicable,branch_masked_v1,1,32768,6144,3072,3072,6144,32768,48,8,128,adapted_te_userbuffers_backward_formal_10w50i,per_sample_local_cuda_event_then_dist_max,separately timed full DGrad GEMM -> pack dA -> Userbuffers A2A -> unpack final head shard and beta=1 WGrad GEMM,MAX,2.9.0+cu128,2.19.0.dev0+a7aec214,/tmp/TransformerEngine-v10-clean/transformer_engine/__init__.py,12.8,2.27.5,NVIDIA L20X|NVIDIA L20X|NVIDIA L20X|NVIDIA L20X|NVIDIA L20X|NVIDIA L20X|NVIDIA L20X|NVIDIA L20X,132|132|132|132|132|132|132|132,:4096:8,24,3,True,False,1024,4,False,True,0,5.062831997871399,5.102255916595459,488.6397896545094,3.2608799934387207,3.2945855617523194,1.8006240129470825,1.8213568210601807,66,209,35,4,1.5184330940246582,41.45454406738281,True,same_geometry_s1k,,,,,,,,,
oproj,nanbeige42_3b,model,Nanbeige4.2-3B,524288,4,eager,immediate,single,v10_backward_te_userbuffers_v3,complete_route_then_single_full_gemm,recreate_per_entry,reuse_adjacent_same_shape_v1,not_applicable,branch_masked_v1,0,131072,6144,3072,3072,6144,131072,48,8,128,adapted_te_userbuffers_backward_formal_10w50i,per_sample_local_cuda_event_then_dist_max,full DGrad GEMM -> pack dA -> Userbuffers A2A -> unpack final head shard -> adjacent beta=0 WGrad GEMM,MAX,2.9.0+cu128,2.19.0.dev0+a7aec214,/tmp/TransformerEngine-v10-clean/transformer_engine/__init__.py,12.8,2.27.5,NVIDIA L20X|NVIDIA L20X|NVIDIA L20X|NVIDIA L20X,132|132|132|132,:4096:8,20,2,False,True,1024,4,True,True,0,18.098400115966797,21.463380622863767,546.7668184246786,,,,,66,29,35,4,6.921984672546387,298.18182373046875,True,same_geometry_s1k,,,,,,,,,
oproj,nanbeige42_3b,model,Nanbeige4.2-3B,524288,4,eager,deferred,single,v10_backward_te_userbuffers_v3,complete_route_then_single_full_gemm,recreate_per_entry,reuse_adjacent_same_shape_v1,not_applicable,branch_masked_v1,1,131072,6144,3072,3072,6144,131072,48,8,128,adapted_te_userbuffers_backward_formal_10w50i,per_sample_local_cuda_event_then_dist_max,separately timed full DGrad GEMM -> pack dA -> Userbuffers A2A -> unpack final head shard and beta=1 WGrad GEMM,MAX,2.9.0+cu128,2.19.0.dev0+a7aec214,/tmp/TransformerEngine-v10-clean/transformer_engine/__init__.py,12.8,2.27.5,NVIDIA L20X|NVIDIA L20X|NVIDIA L20X|NVIDIA L20X,132|132|132|132,:4096:8,20,2,True,True,1024,4,True,True,0,18.32368016242981,20.035188698768614,540.044606883806,11.109936237335205,12.662511920928955,7.165839910507202,7.488244748115539,66,201,35,4,6.875292778015137,271.51513671875,False,same_geometry_s1k,,,,,,,,,
oproj,nanbeige42_3b,model,Nanbeige4.2-3B,524288,4,graph,immediate,single,v10_backward_te_userbuffers_v3,complete_route_then_single_full_gemm,recreate_per_entry,reuse_adjacent_same_shape_v1,not_applicable,branch_masked_v1,0,131072,6144,3072,3072,6144,131072,48,8,128,adapted_te_userbuffers_backward_formal_10w50i,per_sample_local_cuda_event_then_dist_max,full DGrad GEMM -> pack dA -> Userbuffers A2A -> unpack final head shard -> adjacent beta=0 WGrad GEMM,MAX,2.9.0+cu128,2.19.0.dev0+a7aec214,/tmp/TransformerEngine-v10-clean/transformer_engine/__init__.py,12.8,2.27.5,NVIDIA L20X|NVIDIA L20X|NVIDIA L20X|NVIDIA L20X,132|132|132|132,:4096:8,20,3,False,True,1024,4,False,True,0,18.18932819366455,20.74285125732422,544.0335423399913,,,,,66,24,35,4,6.9315900802612305,186.18182373046875,True,same_geometry_s1k,,,,,,,,,
oproj,nanbeige42_3b,model,Nanbeige4.2-3B,524288,4,graph,deferred,single,v10_backward_te_userbuffers_v3,complete_route_then_single_full_gemm,recreate_per_entry,reuse_adjacent_same_shape_v1,not_applicable,branch_masked_v1,1,131072,6144,3072,3072,6144,131072,48,8,128,adapted_te_userbuffers_backward_formal_10w50i,per_sample_local_cuda_event_then_dist_max,separately timed full DGrad GEMM -> pack dA -> Userbuffers A2A -> unpack final head shard and beta=1 WGrad GEMM,MAX,2.9.0+cu128,2.19.0.dev0+a7aec214,/tmp/TransformerEngine-v10-clean/transformer_engine/__init__.py,12.8,2.27.5,NVIDIA L20X|NVIDIA L20X|NVIDIA L20X|NVIDIA L20X,132|132|132|132,:4096:8,20,3,False,True,1024,4,False,True,0,18.34552025794983,18.67092318534851,539.4016910311306,10.973696231842041,11.3398286819458,7.380720138549805,7.442604684829712,66,24,35,4,6.9315900802612305,186.18182373046875,False,same_geometry_s1k,,,,,,,,,
oproj,nanbeige42_3b,model,Nanbeige4.2-3B,524288,8,eager,immediate,single,v10_backward_te_userbuffers_v3,complete_route_then_single_full_gemm,recreate_per_entry,reuse_adjacent_same_shape_v1,not_applicable,branch_masked_v1,0,65536,6144,3072,3072,6144,65536,48,8,128,adapted_te_userbuffers_backward_formal_10w50i,per_sample_local_cuda_event_then_dist_max,full DGrad GEMM -> pack dA -> Userbuffers A2A -> unpack final head shard -> adjacent beta=0 WGrad GEMM,MAX,2.9.0+cu128,2.19.0.dev0+a7aec214,/tmp/TransformerEngine-v10-clean/transformer_engine/__init__.py,12.8,2.27.5,NVIDIA L20X|NVIDIA L20X|NVIDIA L20X|NVIDIA L20X|NVIDIA L20X|NVIDIA L20X|NVIDIA L20X|NVIDIA L20X,132|132|132|132|132|132|132|132,:4096:8,24,3,True,False,1024,4,False,True,0,10.00758409500122,10.081515550613403,494.4052708448808,,,,,66,201,35,4,3.422799825668335,135.757568359375,True,same_geometry_s1k,,,,,,,,,
oproj,nanbeige42_3b,model,Nanbeige4.2-3B,524288,8,eager,deferred,single,v10_backward_te_userbuffers_v3,complete_route_then_single_full_gemm,recreate_per_entry,reuse_adjacent_same_shape_v1,not_applicable,branch_masked_v1,1,65536,6144,3072,3072,6144,65536,48,8,128,adapted_te_userbuffers_backward_formal_10w50i,per_sample_local_cuda_event_then_dist_max,separately timed full DGrad GEMM -> pack dA -> Userbuffers A2A -> unpack final head shard and beta=1 WGrad GEMM,MAX,2.9.0+cu128,2.19.0.dev0+a7aec214,/tmp/TransformerEngine-v10-clean/transformer_engine/__init__.py,12.8,2.27.5,NVIDIA L20X|NVIDIA L20X|NVIDIA L20X|NVIDIA L20X|NVIDIA L20X|NVIDIA L20X|NVIDIA L20X|NVIDIA L20X,132|132|132|132|132|132|132|132,:4096:8,24,3,True,False,1024,4,False,True,0,10.096976161003113,10.186299335956573,490.02812783708174,6.527904033660889,6.613455963134766,3.563920021057129,3.5894464254379272,66,201,35,4,3.422799825668335,135.757568359375,False,same_geometry_s1k,,,,,,,,,
oproj,nanbeige42_3b,model,Nanbeige4.2-3B,524288,8,graph,immediate,single,v10_backward_te_userbuffers_v3,complete_route_then_single_full_gemm,recreate_per_entry,reuse_adjacent_same_shape_v1,not_applicable,branch_masked_v1,0,65536,6144,3072,3072,6144,65536,48,8,128,adapted_te_userbuffers_backward_formal_10w50i,per_sample_local_cuda_event_then_dist_max,full DGrad GEMM -> pack dA -> Userbuffers A2A -> unpack final head shard -> adjacent beta=0 WGrad GEMM,MAX,2.9.0+cu128,2.19.0.dev0+a7aec214,/tmp/TransformerEngine-v10-clean/transformer_engine/__init__.py,12.8,2.27.5,NVIDIA L20X|NVIDIA L20X|NVIDIA L20X|NVIDIA L20X|NVIDIA L20X|NVIDIA L20X|NVIDIA L20X|NVIDIA L20X,132|132|132|132|132|132|132|132,:4096:8,24,3,True,False,1024,4,False,True,0,9.98078441619873,10.064268493652344,495.7328120384764,,,,,66,201,35,4,3.422799825668335,135.757568359375,True,same_geometry_s1k,,,,,,,,,
oproj,nanbeige42_3b,model,Nanbeige4.2-3B,524288,8,graph,deferred,single,v10_backward_te_userbuffers_v3,complete_route_then_single_full_gemm,recreate_per_entry,reuse_adjacent_same_shape_v1,not_applicable,branch_masked_v1,1,65536,6144,3072,3072,6144,65536,48,8,128,adapted_te_userbuffers_backward_formal_10w50i,per_sample_local_cuda_event_then_dist_max,separately timed full DGrad GEMM -> pack dA -> Userbuffers A2A -> unpack final head shard and beta=1 WGrad GEMM,MAX,2.9.0+cu128,2.19.0.dev0+a7aec214,/tmp/TransformerEngine-v10-clean/transformer_engine/__init__.py,12.8,2.27.5,NVIDIA L20X|NVIDIA L20X|NVIDIA L20X|NVIDIA L20X|NVIDIA L20X|NVIDIA L20X|NVIDIA L20X|NVIDIA L20X,132|132|132|132|132|132|132|132,:4096:8,24,3,True,False,1024,4,False,True,0,10.059104084968567,10.102511906623839,491.87306177550715,6.513216018676758,6.542449593544006,3.5432640314102173,3.567201566696167,66,201,35,4,3.422799825668335,135.757568359375,True,same_geometry_s1k,,,,,,,,,
