models,ep,h,f,experts,topk,target_rows,copy_method,status,fused_pflops,fused_ms,reference_backend,reference_pflops,reference_ms,strong_retention_pct,matched_gemm_pflops,matched_gemm_ms,transport_ms,ideal_overlap_ms,overlap_attainment_pct,ideal_strong_retention_pct,v25_1_gain_pct,tile_n,tile_k,along_n,swizzle,comm,compute,run,case_index
deepseek_v41_flash,4,5120,2304,384,6,1,cp.async,valid,0.005946555792917645,0.7617599965,cutlass_stock,0.006757498019561628,0.67034401,87.9993715973506,0.006384024425097519,0.709559992,0.09827199955,0.709559992,93.14744739290073,94.47319713031396,5.8076031759696,256,64,1,2,40,108,20260921-091009-fb0e1a,0
deepseek_v41_flash,4,5120,2304,384,6,8,cp.async,valid,0.04536244543883294,0.7988719790000001,cutlass_stock,0.052929300735083014,0.68466399625,85.70384420129973,0.04798720588061479,0.75517600775,0.12904800449999998,0.75517600775,94.53029116070674,90.66283743440337,6.1366548131236875,256,64,1,2,40,108,20260921-091009-fb0e1a,1
deepseek_v41_flash,4,5120,2304,384,6,16,cp.async,valid,0.09286091534192184,0.7804960015,cutlass_stock,0.10608544047767926,0.6832000017500001,87.53408094813925,0.09981816825292081,0.72609600425,0.15264,0.72609600425,93.0300735499668,94.0922409366089,6.157111139281057,256,64,1,2,40,108,20260921-091009-fb0e1a,2
deepseek_v41_flash,4,5120,2304,384,6,32,cp.async,valid,0.18287639552452792,0.7926400005,cutlass_stock,0.21000687758610187,0.6902399955,87.08114592558971,0.19716209332624504,0.7352079895000001,0.14752800375,0.7352079895000001,92.75433854413458,93.88363638015116,8.462857187081884,256,64,1,2,40,108,20260921-091009-fb0e1a,3
deepseek_v41_flash,4,5120,2304,384,6,64,cp.async,valid,0.3629286322107892,0.7988079935,cutlass_stock,0.41268134410065715,0.702503994,87.94403657904807,0.3975643710934585,0.72921598,0.23410399975,0.72921598,91.2880173876227,96.33688965510602,14.486587445497312,256,64,1,2,40,108,20260921-091009-fb0e1a,4
deepseek_v41_flash,4,5120,2304,384,6,96,cp.async,valid,0.5255196823203523,0.827496007,deepgemm_m128,0.6083463696415663,0.714831978,86.3849459034308,0.5858004539585562,0.742343977,0.320528008,0.742343977,89.709674816594,96.29390149952008,18.904260736813463,256,64,1,2,40,108,20260921-091009-fb0e1a,5
deepseek_v41_flash,4,5120,2304,384,6,128,cp.async,valid,0.6788768714379544,0.8540879935000001,deepgemm_m128,0.8123284883081225,0.71377600725,83.57171774830715,0.7681533379516879,0.75482401275,0.411767997,0.75482401275,88.37778056764122,94.56191048421306,24.389056289900868,256,64,1,2,40,108,20260921-091009-fb0e1a,6
deepseek_v41_flash,4,5120,2304,384,6,192,tma,valid,0.5444502007236716,1.5974479874999998,deepgemm_m256,1.0233283719955475,0.84990400075,53.20386062021942,0.758683844309523,1.146367995,0.284751996,1.146367995,71.76246137403582,74.13884585551432,0.13822046271787514,256,64,1,2,40,108,20260921-091009-fb0e1a,7
deepseek_v41_flash,4,5120,2304,384,6,256,tma,valid,0.884315020657776,1.31134397,deepgemm_m256,1.3861755425838576,0.836575985,63.795312605890885,0.9711977682540333,1.1940319549999998,0.34627199924999996,1.1940319549999998,91.05406226865098,70.06311527064618,-0.4264321663827064,256,64,1,2,40,108,20260921-091009-fb0e1a,8
deepseek_v41_flash,4,5120,2304,384,6,384,tma,valid,0.9612197810018556,1.80963999,cutlass_stock,1.2327305642975153,1.4110640275000002,77.97484777621433,1.0408409725684684,1.671207995,0.47776799675,1.671207995,92.35030195149479,84.43377674841724,-0.8554176568567051,256,64,0,1,40,108,20260921-091009-fb0e1a,9
deepseek_v41_flash,4,5120,2304,384,6,512,tma,valid,1.004091363541615,2.3098319775,deepgemm_m256,1.4076458413054436,1.6476320050000002,71.3312492445135,1.093856617880159,2.1202800274999998,0.6379999965,2.1202800274999998,91.79369097638184,77.70822644321684,-0.35465793961628744,256,64,0,1,40,108,20260921-091009-fb0e1a,10
deepseek_v41_flash,4,5120,2304,384,6,1024,tma,valid,1.080458678578155,4.2931439875,deepgemm_m256,1.317669241192697,3.5202800025,81.99771572418057,1.1760064775313341,3.944335995,1.19916001,3.944335995,91.87523191591998,89.24898910646682,-1.6573395326866969,256,64,0,1,40,108,20260921-091009-fb0e1a,11
deepseek_v41_flash,4,5120,2304,384,6,2048,tma,valid,1.08703995842501,8.5343039025,deepgemm_m256,1.371226974408002,6.7655680149999995,79.27498355218081,1.1829258848864261,7.8425279875,2.3739279525,7.8425279875,91.89417294130628,86.26769360317823,-1.7781414481331859,256,64,0,1,40,108,20260921-091009-fb0e1a,12
deepseek_v41_flash,4,5120,2304,384,6,4096,tma,valid,1.1122306676284743,16.682024025,cutlass_stock,1.3313202544999085,13.93673585,83.54343471220363,1.212662410384005,15.300431975,4.654656055,15.300431975,91.71807900570387,91.08720507219536,-0.8658892337256585,256,64,0,1,40,108,20260921-091009-fb0e1a,13
deepseek_v41_flash,4,5120,2304,384,6,8192,tma,insufficient_memory,,,,,,,,,,,,,,,,,,,,20260921-091009-fb0e1a,14
deepseek_v41_flash,8,5120,2304,384,6,1,cp.async,valid,0.005313231031565381,0.42628000675,cutlass_stock,0.006580868086839257,0.34416799275,80.73754041949329,0.0062124884211727195,0.364575997,0.057368001,0.364575997,85.52500497960546,94.40226333660688,5.729565922223512,256,64,1,2,40,108,20260921-091950-ab6869,0
deepseek_v41_flash,8,5120,2304,384,6,8,cp.async,valid,0.040668752880449084,0.445535995,deepgemm_m128,0.05005467853544916,0.36199200175,81.24865461207011,0.04729035372654319,0.383151993,0.07184000315,0.383151993,85.9979883331312,94.47738974699786,5.860808676075635,256,64,1,2,40,108,20260921-091950-ab6869,1
deepseek_v41_flash,8,5120,2304,384,6,16,cp.async,valid,0.08423236833289507,0.43022400149999995,cutlass_stock,0.10338579071448101,0.35051999224999997,81.4738347995213,0.09617920652479503,0.37678400425,0.0840959996,0.37678400425,87.57856440745323,93.02942489496618,4.905351671784874,256,64,1,2,40,108,20260921-091950-ab6869,2
deepseek_v41_flash,8,5120,2304,384,6,32,cp.async,valid,0.16935278491447922,0.42796800275,cutlass_stock,0.20450782829302191,0.354399994,82.80992778028427,0.19656960723197292,0.36871200049999997,0.08507999964999999,0.36871200049999997,86.15410454304109,96.1183778991213,10.11290504708182,256,64,1,2,40,108,20260921-091950-ab6869,3
deepseek_v41_flash,8,5120,2304,384,6,64,cp.async,valid,0.3335184971877143,0.43462400875,cutlass_stock,0.4042883146121718,0.358543992,82.49521075266645,0.38876977682371033,0.372856006,0.132263996,0.372856006,85.78817517981857,96.16151710856441,19.21292820204792,256,64,1,2,40,108,20260921-091950-ab6869,4
deepseek_v41_flash,8,5120,2304,384,6,96,cp.async,valid,0.47900265822222027,0.4539280015,deepgemm_m128,0.6031219966299957,0.3605120035,79.42052534954709,0.5738222473317741,0.3789199885,0.17831999799999998,0.3789199885,83.4757907086285,95.14198628769354,24.546622180566224,256,64,1,2,40,108,20260921-091950-ab6869,5
deepseek_v41_flash,8,5120,2304,384,6,128,cp.async,valid,0.6153535590263572,0.4711280015,deepgemm_m128,0.8041983624841862,0.3604959995,76.51763392373951,0.7507828544394133,0.38614399725000004,0.223215997,0.38614399725000004,81.9615892115468,93.3579188249313,30.887572281139384,256,64,1,2,40,108,20260921-091950-ab6869,6
deepseek_v41_flash,8,5120,2304,384,6,192,tma,valid,0.5131131372627299,0.84750400475,deepgemm_m256,1.0775732013691637,0.40355999775,47.61747383943556,0.7478287974586335,0.58150400225,0.1686400025,0.58150400225,68.61371733830735,69.39934999389766,0.29262227506896554,256,64,1,2,40,108,20260921-091950-ab6869,7
deepseek_v41_flash,8,5120,2304,384,6,256,tma,valid,0.8123285050946849,0.7137759925,deepgemm_m256,1.4084801495483663,0.411664009,57.674118116266,0.9554878474473418,0.6068319827499999,0.202879995,0.6068319827499999,85.01714671357485,67.8382189307902,-0.6926537950209921,256,64,1,2,40,108,20260921-091950-ab6869,8
deepseek_v41_flash,8,5120,2304,384,6,384,tma,valid,0.9097679465985614,0.9559919984999999,deepgemm_m128,1.4250594069535558,0.6103120145,63.84070321274766,1.028877675213082,0.8453200009999999,0.292975992,0.8453200009999999,88.4233343298218,72.19893221241787,-0.26778359588958134,256,64,0,1,40,108,20260921-091950-ab6869,9
deepseek_v41_flash,8,5120,2304,384,6,512,tma,valid,0.9703265476346721,1.1951040325,deepgemm_m256,1.610469551277121,0.72006401425,60.25115761208847,1.0769647582087167,1.0767679824999998,0.38301599799999997,1.0767679824999998,90.09826368400275,66.87271779554423,-1.8508871946258831,256,64,0,1,40,108,20260921-091950-ab6869,10
deepseek_v41_flash,8,5120,2304,384,6,1024,tma,valid,1.0632510666060588,2.1813120275,deepgemm_m256,1.5070295555190962,1.538976015,70.55276804042653,1.1765362078040116,1.9712800375000001,0.7208880035,1.9712800375000001,90.37130005464108,78.06988280324428,-0.6139439168338034,256,64,0,1,40,108,20260921-091950-ab6869,11
deepseek_v41_flash,8,5120,2304,384,6,2048,tma,valid,1.1221566573539248,4.133615969999999,deepgemm_m256,1.4032444025957633,3.3055999875,79.96872499745061,1.1998654681224108,3.8659039725,1.3773280075,3.8659039725,93.52353969398857,85.50652088138487,0.27694946949805566,256,64,0,1,40,108,20260921-091950-ab6869,12
deepseek_v41_flash,8,5120,2304,384,6,4096,tma,valid,1.1017800731382104,8.420128105,deepgemm_m256,1.3962630829307774,6.644255995,78.90920318723583,1.234409345931857,7.515439987500001,2.7066640875,7.515439987500001,89.25564900891732,88.40807731883974,0.7430759867281145,256,64,0,1,40,108,20260921-091950-ab6869,13
deepseek_v41_flash,8,5120,2304,384,6,8192,tma,valid,1.0257350663175133,18.0887437,cutlass_stock,1.3031316145505336,14.2382078,78.71308276649418,1.0793474286121891,17.1902561,5.376103994999999,17.1902561,95.03289109016455,82.82719999732873,-1.2351993798220273,256,64,0,1,40,108,20260921-091950-ab6869,14
deepseek_v4_flash,4,4096,2048,256,6,1,cp.async,valid,0.005473752111591022,0.40458399775,cutlass_stock,0.006609934897368229,0.3350399885,82.81098371741027,0.006072967152724422,0.364664003,0.04916000085,0.364664003,90.1330762037041,91.87635350451632,5.580053678729557,256,64,0,2,40,108,20260921-091009-fb0e1a,15
deepseek_v4_flash,4,4096,2048,256,6,8,cp.async,valid,0.04259182324933725,0.406511992,cutlass_stock,0.05121904641766827,0.338040009,83.15622064108751,0.04734660898439891,0.36568800349999997,0.0661520008,0.36568800349999997,89.9574946610677,92.43945816231842,5.45125585126649,256,64,0,2,40,108,20260921-091009-fb0e1a,16
deepseek_v4_flash,4,4096,2048,256,6,16,cp.async,valid,0.08219256032399379,0.41885600224999997,cutlass_stock,0.10094902350343526,0.3410319985,81.41986665299125,0.09385727092119003,0.36680000275,0.07376800289999999,0.36680000275,87.57186259230694,92.97491710555882,5.615291442322912,256,64,0,2,40,108,20260921-091009-fb0e1a,17
deepseek_v4_flash,4,4096,2048,256,6,32,cp.async,valid,0.16478798688090912,0.41783200200000004,cutlass_stock,0.200035135917613,0.344208002,82.37952104013326,0.1846181096168616,0.37295200675,0.0819039978,0.37295200675,89.25884206207833,92.29284084017065,9.444943616358014,256,64,0,2,40,108,20260921-091009-fb0e1a,18
deepseek_v4_flash,4,4096,2048,256,6,64,cp.async,valid,0.31960909764329576,0.43023200325,cutlass_stock,0.39242597586636424,0.350400001,81.44442959915953,0.36469113982526885,0.377047993,0.11896000074999999,0.377047993,87.63829518765583,92.9324668225989,16.287021820941217,256,64,0,2,40,108,20260921-091009-fb0e1a,19
deepseek_v4_flash,4,4096,2048,256,6,96,cp.async,valid,0.4616837794274661,0.44653600449999997,deepgemm_m128,0.5849329080356939,0.35244799425,78.92935635607857,0.537969264514088,0.383216001,0.15056800475,0.383216001,85.81973169870113,91.97110593771893,20.425672304325904,256,64,0,2,40,108,20260921-091009-fb0e1a,20
deepseek_v4_flash,4,4096,2048,256,6,128,cp.async,valid,0.5775721260002764,0.476152003,deepgemm_m128,0.7583110520035697,0.362664007,76.16559517024652,0.677984311222555,0.405631989,0.192400001,0.405631989,85.18960047302375,89.4071515153604,26.69567705252307,256,64,0,2,40,108,20260921-091009-fb0e1a,21
deepseek_v4_flash,4,4096,2048,256,6,192,tma,valid,0.5076793492527091,0.81216000025,deepgemm_m256,1.0240742145915835,0.40262400374999996,49.574468531577985,0.7267697981685748,0.567328006,0.15970399950000003,0.567328006,69.85421663531378,70.96846964928433,0.25216530601970266,256,64,0,2,40,108,20260921-091009-fb0e1a,22
deepseek_v4_flash,4,4096,2048,256,6,256,tma,valid,0.7883082300437488,0.6974720062499999,deepgemm_m256,1.3078566154071818,0.42040000125,60.27482070718592,0.9037788743074141,0.6083600075,0.1925920025,0.6083600075,87.22357342639226,69.10381946005877,0.002292350066634974,256,64,0,2,40,108,20260921-091009-fb0e1a,23
deepseek_v4_flash,4,4096,2048,256,6,384,tma,valid,0.9008137310331271,0.915432006,deepgemm_m128,1.4028963941249402,0.5878079979999999,64.21099482510337,1.0016540476281885,0.82327198975,0.2929600035,0.82327198975,89.93262026606486,71.3990036486602,0.1302105172407586,256,64,0,2,40,108,20260921-091009-fb0e1a,24
deepseek_v4_flash,4,4096,2048,256,6,512,tma,valid,0.9493979046044723,1.1582560275,deepgemm_m256,1.3723752221283383,0.8012720047499999,69.17917849989344,1.0507321317832616,1.04655203,0.362535998,1.04655203,90.35584578470929,76.56303573841427,-0.5808756734486331,256,64,0,2,40,108,20260921-091009-fb0e1a,25
deepseek_v4_flash,4,4096,2048,256,6,1024,tma,valid,1.0437504787933216,2.1069119575000004,deepgemm_m256,1.4322141416396081,1.5354480174999998,72.87670526688345,1.1531384521156418,1.9070479875,0.694296017,1.9070479875,90.51389075426042,80.5143880785538,-1.2966828017065057,256,64,0,2,40,108,20260921-091009-fb0e1a,26
deepseek_v4_flash,4,4096,2048,256,6,2048,tma,valid,1.1242747190917382,3.9120160349999997,deepgemm_m256,1.3893952439131085,3.1655360475,80.91827894309743,1.2253548054302024,3.5893120175,1.31484002,3.5893120175,91.75095361029113,88.19339283032949,-0.11043110409949541,256,64,0,2,40,108,20260921-091009-fb0e1a,27
deepseek_v4_flash,4,4096,2048,256,6,4096,tma,valid,1.0871084969754243,8.091336012500001,deepgemm_m256,1.4039801077280853,6.265160085,77.43047718351073,1.1846182464421326,7.4253120425,2.5549200175,7.4253120425,91.76867739800836,84.37571443651555,-0.8914203709816548,256,64,0,2,40,108,20260921-091009-fb0e1a,28
deepseek_v4_flash,4,4096,2048,256,6,8192,tma,valid,1.0199984021153172,17.247399825,cutlass_stock,1.2945292020455557,13.589743850000001,78.79300061393458,1.102954074234323,15.95018385,5.0527919525,15.95018385,92.47877368089019,85.2011737156246,-1.0262862912438941,256,64,0,2,40,108,20260921-091009-fb0e1a,29
deepseek_v4_flash,8,4096,2048,256,6,1,cp.async,valid,0.0050587961073848605,0.23878399649999998,deepgemm_m128,0.006629272696455406,0.18221599975,76.30997153111139,0.006113650559410861,0.19758400325,0.0247360002,0.19758400325,82.74591519788052,92.22204062716803,2.5361832613435054,256,64,0,2,40,108,20260921-091950-ab6869,15
deepseek_v4_flash,8,4096,2048,256,6,8,cp.async,valid,0.03689374483291197,0.2346480005,deepgemm_m128,0.047721398680273475,0.18140799924999998,77.31069468456859,0.044729070790537125,0.193544004,0.0308320001,0.193544004,82.48269901622281,93.72958887943642,4.779925559178144,256,64,0,2,40,108,20260921-091950-ab6869,16
deepseek_v4_flash,8,4096,2048,256,6,16,cp.async,valid,0.07190713321348165,0.24078399649999999,deepgemm_m128,0.09494454483896488,0.182359997,75.73592915258386,0.08667791712749122,0.1997519955,0.03601599855,0.1997519955,82.95899993503099,91.29320412721484,6.774538169940203,256,64,0,2,40,108,20260921-091950-ab6869,17
deepseek_v4_flash,8,4096,2048,256,6,32,cp.async,valid,0.1400011689195855,0.2459039985,deepgemm_m128,0.18907539432791182,0.182079997,74.04515506485349,0.17859954134259745,0.192759998,0.0471759997,0.192759998,78.38831380368953,94.45943084103996,10.241397416724007,256,64,0,2,40,108,20260921-091950-ab6869,18
deepseek_v4_flash,8,4096,2048,256,6,64,cp.async,valid,0.2645451351729381,0.2602720115,deepgemm_m128,0.37776902989070804,0.18226399999999998,70.02827501488763,0.3500228510540282,0.19671199825,0.070728002125,0.19671199825,75.57938985306532,92.65525317289587,18.085691476664966,256,64,0,2,40,108,20260921-091950-ab6869,19
deepseek_v4_flash,8,4096,2048,256,6,96,cp.async,valid,0.37260061593487087,0.27664799975,deepgemm_m128,0.5693977408964326,0.18103200575,65.43767022121764,0.5183819516737764,0.19884800149999998,0.093696001925,0.19884800149999998,71.87762126590253,91.04039486662883,23.674854800752996,256,64,0,2,40,108,20260921-091950-ab6869,20
deepseek_v4_flash,8,4096,2048,256,6,128,cp.async,valid,0.44160778779120413,0.3113759905,deepgemm_m128,0.7294596408968568,0.18850400299999998,60.539029581986995,0.6299757276288857,0.2182720005,0.118808003,0.2182720005,70.09917500366812,86.36197156217477,27.994453862684708,256,64,0,2,40,108,20260921-091950-ab6869,21
deepseek_v4_flash,8,4096,2048,256,6,192,tma,valid,0.4543336369813718,0.453759998,deepgemm_m256,0.9960114414641851,0.206983998,45.61530300429876,0.6936690067989975,0.29720000199999996,0.110568,0.29720000199999996,65.49717985497698,69.6446825730506,0.6822988504156413,256,64,0,2,40,108,20260921-091950-ab6869,22
deepseek_v4_flash,8,4096,2048,256,6,256,tma,valid,0.6243804666047428,0.440456003,deepgemm_m256,1.2149325135218263,0.22636000075,51.392193365111204,0.8442999223098719,0.3257279995,0.13752800225,0.3257279995,73.95244866261932,69.49356552014805,0.7083579242306071,256,64,0,2,40,108,20260921-091950-ab6869,23
deepseek_v4_flash,8,4096,2048,256,6,384,tma,valid,0.8051176787652599,0.5121199935,deepgemm_m128,1.4371649450290938,0.28689599050000003,56.02124387670485,0.9701573089243094,0.42500000424999995,0.17207200475,0.42500000424999995,82.98836398583215,67.5049382661271,0.5904889553975279,256,64,0,2,40,108,20260921-091950-ab6869,24
deepseek_v4_flash,8,4096,2048,256,6,512,tma,valid,0.8698738774177455,0.6320720015,deepgemm_m256,1.5466708920846446,0.3554879875,56.24169187313702,1.016579095798137,0.540856019,0.215080004,0.540856019,85.56873547894371,65.72691714835108,-0.3467967644189329,256,64,0,2,40,108,20260921-091950-ab6869,25
deepseek_v4_flash,8,4096,2048,256,6,1024,tma,valid,0.9946793008863812,1.1055280275000001,deepgemm_m256,1.6496733648708948,0.666583985,60.295530137520636,1.1036100121157146,0.9964080005,0.408687994,0.9964080005,90.12960103356583,66.89869859189274,-1.5681230659708278,256,64,0,2,40,108,20260921-091950-ab6869,26
deepseek_v4_flash,8,4096,2048,256,6,2048,tma,valid,1.1051727328152225,1.98981598,deepgemm_m256,1.441285520122955,1.525783985,76.67965280889945,1.2194622139012057,1.8033280075,0.7792239935,1.8033280075,90.62787843828654,84.60934331715025,-0.208259584888848,256,64,0,2,40,108,20260921-091950-ab6869,27
deepseek_v4_flash,8,4096,2048,256,6,4096,tma,valid,1.083784769192364,4.058168054999999,deepgemm_m256,1.4342205351126611,3.066600025,75.56611711093863,1.2461073196929444,3.5295360675,1.4930880075,3.5295360675,86.97362996466642,86.8839407319642,2.7322648051351095,256,64,0,2,40,108,20260921-091950-ab6869,28
deepseek_v4_flash,8,4096,2048,256,6,8192,tma,valid,1.0370873519622559,8.481600045,deepgemm_m256,1.4037650128437074,6.2661200775,73.87898561892162,1.1322359810720815,7.7688399575,2.8989999275000002,7.7688399575,91.59639591918531,80.65708795366184,-0.4224694315917765,256,64,0,2,40,108,20260921-091950-ab6869,29
deepseek_v4_pro,4,7168,3072,384,6,1,cp.async,valid,0.006506840167899258,1.2995119975,cutlass_stock,0.006858463038223432,1.2328880125000001,94.87315352777266,0.006779499426964387,1.2472479650000001,0.0667200014,1.2472479650000001,95.97818007063071,98.84866899742747,4.578333067679119,256,64,0,4,20,128,20260921-091009-fb0e1a,30
deepseek_v4_pro,4,7168,3072,384,6,8,cp.async,valid,0.05106571769181991,1.32468,cutlass_stock,0.05441329262278695,1.2431840025,93.84787288250747,0.053618663465952454,1.2616080025,0.08302399885,1.2616080025,95.2386993462572,98.53964147631507,4.898993530513018,256,64,0,4,20,128,20260921-091009-fb0e1a,31
deepseek_v4_pro,4,7168,3072,384,6,16,cp.async,valid,0.10031577349895007,1.348656,cutlass_stock,0.10794164662821992,1.253376005,92.93518918093272,0.10568655392408392,1.280119985,0.15163199975000002,1.280119985,94.91819893286353,97.9108223984176,6.081310578828125,256,64,0,4,20,128,20260921-091009-fb0e1a,32
deepseek_v4_pro,4,7168,3072,384,6,32,cp.async,valid,0.19499617818200887,1.3876320149999999,cutlass_stock,0.21257002896574956,1.2729119949999999,91.7326770527127,0.2095138434977164,1.291480005,0.26835199425,1.291480005,93.07078469215054,98.56226887538998,6.011392905200452,256,64,0,4,20,128,20260921-091009-fb0e1a,33
deepseek_v4_pro,4,7168,3072,384,6,64,cp.async,valid,0.38998561482171085,1.3876560025,cutlass_stock,0.42379764683814963,1.27694404,92.02165649840153,0.4204444831304,1.28712803,0.457880005,1.28712803,92.75555524431928,99.20878189561297,11.365929287651365,256,64,0,4,20,128,20260921-091009-fb0e1a,34
deepseek_v4_pro,4,7168,3072,384,6,96,cp.async,valid,0.5666515987689754,1.4325360075,cutlass_stock,0.6286349948503743,1.2912879899999998,90.1400022924031,0.6232102665432538,1.302527995,0.6620239915,1.302527995,90.92462515292132,99.13706230935941,14.370041934181522,256,64,0,4,20,128,20260921-091009-fb0e1a,35
deepseek_v4_pro,4,7168,3072,384,6,128,cp.async,valid,0.7298888596708506,1.4828720075,deepgemm_m128,0.8361751485700886,1.29438403,87.2889921350815,0.8143073895570783,1.3291439725,0.8704159855,1.3291439725,89.6330880735167,97.38478726013258,17.884214966543578,256,64,0,4,20,128,20260921-091009-fb0e1a,36
deepseek_v4_pro,4,7168,3072,384,6,192,tma,valid,0.586918940359169,2.7661360475,deepgemm_m256,0.9750268185017953,1.6650799825,60.19515865840652,0.8289444382258344,1.9585120100000002,0.5335359875,1.9585120100000002,70.80317006714401,85.0176038746885,0.5136414028818814,256,64,0,4,20,128,20260921-091009-fb0e1a,37
deepseek_v4_pro,4,7168,3072,384,6,256,tma,valid,0.9899098194465772,2.1867279975,deepgemm_m256,1.173254281164534,1.845007985,84.37299870442622,1.0638212711338244,2.034799995,0.56941600125,2.034799995,93.05226792387106,90.67269459080178,0.1071926870959583,256,64,0,4,20,128,20260921-091009-fb0e1a,38
deepseek_v4_pro,4,7168,3072,384,6,384,tma,valid,1.0741993560195267,3.0227119925,cutlass_stock,1.1974497829419044,2.71159202,89.70725714947517,1.146644758330811,2.83173603,0.8335520030000001,2.83173603,93.68196629470977,95.75723129814469,-1.697283188980503,256,64,1,8,20,128,20260921-091009-fb0e1a,39
deepseek_v4_pro,4,7168,3072,384,6,512,tma,valid,1.1269077335791697,3.841775955,deepgemm_m256,1.2973834414597571,3.336968005,86.86003671445229,1.1955028492827762,3.62134397,1.0865039825,3.62134397,94.2622373719344,92.14722579915545,-1.113024171655519,256,64,1,8,20,128,20260921-091009-fb0e1a,40
deepseek_v4_pro,4,7168,3072,384,6,1024,tma,valid,1.1411067391249592,7.587944029999999,deepgemm_m256,1.3502092344189993,6.412823915,84.5133265301642,1.2175107801190874,7.1117678875,2.175071955,7.1117678875,93.72456965131306,90.17200809198934,-0.5838753201767855,256,64,1,8,20,128,20260921-091009-fb0e1a,41
deepseek_v4_pro,4,7168,3072,384,6,2048,tma,valid,1.1265593540321992,15.371855975,cutlass_stock,1.3316621941081963,13.004280075,84.59798280799336,1.191259311313857,14.5369761,4.348199845,14.5369761,94.56877636403954,89.45656913475975,-0.9295928561417477,256,64,1,8,20,128,20260921-091009-fb0e1a,42
deepseek_v4_pro,4,7168,3072,384,6,4096,tma,insufficient_memory,,,,,,,,,,,,,,,,,,,,20260921-091009-fb0e1a,43
deepseek_v4_pro,4,7168,3072,384,6,8192,tma,insufficient_memory,,,,,,,,,,,,,,,,,,,,20260921-091009-fb0e1a,44
deepseek_v4_pro,8,7168,3072,384,6,1,cp.async,valid,0.006156884185266028,0.6866879909999999,cutlass_stock,0.006799911177126499,0.6217520085,90.54359718662971,0.00669974134040083,0.63104800875,0.0441760011,0.63104800875,91.89734159046917,98.5268949238246,6.019618923261483,256,64,0,4,20,128,20260921-091950-ab6869,30
deepseek_v4_pro,8,7168,3072,384,6,8,cp.async,valid,0.047722801382396825,0.708736002,cutlass_stock,0.053605406558239005,0.6309600025,89.02609726604518,0.0528046671065613,0.6405279932500001,0.05543200115000001,0.6405279932500001,90.3761049872559,98.5062337866839,3.176357548716724,256,64,0,4,20,128,20260921-091950-ab6869,31
deepseek_v4_pro,8,7168,3072,384,6,16,cp.async,valid,0.09531004741496187,0.7097440065,cutlass_stock,0.10660124041034497,0.6345679905,89.40800974555324,0.10451156073521552,0.6472560015,0.10039199695,0.6472560015,91.19569810696245,98.03972292715775,7.925110107992173,256,64,0,4,20,128,20260921-091950-ab6869,32
deepseek_v4_pro,8,7168,3072,384,6,32,cp.async,valid,0.1839679115148245,0.735407978,cutlass_stock,0.2107054913951296,0.64208801075,87.31044943192063,0.2077035939763431,0.651367977,0.1638399995,0.651367977,88.57232943970048,98.57531125605212,8.081506698041284,256,64,0,4,20,128,20260921-091950-ab6869,33
deepseek_v4_pro,8,7168,3072,384,6,64,cp.async,valid,0.3658899484915698,0.7395200135,cutlass_stock,0.42066674368079304,0.643223986,86.97857722007411,0.41670197675969384,0.649344027,0.27244798800000003,0.649344027,87.80614657428741,99.05750407403069,14.521849448229961,256,64,0,4,20,128,20260921-091950-ab6869,34
deepseek_v4_pro,8,7168,3072,384,6,96,cp.async,valid,0.5304715725698164,0.76511999975,deepgemm_m128,0.6271701607920762,0.647151977,84.58176197347534,0.6144845349740167,0.6605120005,0.37740000325,0.6605120005,86.32789637126461,97.97732312359403,20.86888420145494,256,64,0,4,20,128,20260921-091950-ab6869,35
deepseek_v4_pro,8,7168,3072,384,6,128,cp.async,valid,0.6766197414524909,0.79980799575,deepgemm_m128,0.836113158902766,0.647239998,80.92442204120088,0.8067950720898716,0.67076002075,0.490607992,0.67076002075,83.86513067064446,96.49352644427117,28.115746897370286,256,64,0,4,20,128,20260921-091950-ab6869,36
deepseek_v4_pro,8,7168,3072,384,6,192,tma,valid,0.5689360220290105,1.42678401,deepgemm_m256,1.114757857444503,0.728183985,51.03673575652141,0.8209965208817239,0.9887360035,0.299136013,0.9887360035,69.29822569990814,73.64796896464992,0.6212560862663308,256,64,0,4,20,128,20260921-091950-ab6869,37
deepseek_v4_pro,8,7168,3072,384,6,256,tma,valid,0.9587320364384991,1.1289199875,deepgemm_m256,1.460873234368541,0.74087999775,65.62732575854938,1.0475043572896807,1.0332479775,0.32994400700000004,1.0332479775,91.52535068389868,71.70398722120895,1.0133563606517404,256,64,0,4,20,128,20260921-091950-ab6869,38
deepseek_v4_pro,8,7168,3072,384,6,384,tma,valid,1.0568490099791379,1.5361680075,cutlass_stock,1.345799897176096,1.206344005,78.52943161882638,1.1593231758537432,1.40038401,0.4526240005,1.40038401,91.16086281988268,86.14380029946214,-0.9373976303174825,256,64,1,8,20,128,20260921-091950-ab6869,39
deepseek_v4_pro,8,7168,3072,384,6,512,tma,valid,1.1293346880729533,1.916759965,deepgemm_m256,1.4129510086760027,1.5320159750000002,79.92737760463399,1.2156059423208396,1.7807279825,0.6083680095,1.7807279825,92.9030246361599,86.03312746560943,1.6214885049521621,256,64,1,8,20,128,20260921-091950-ab6869,40
deepseek_v4_pro,8,7168,3072,384,6,1024,tma,valid,1.1963009715087007,3.6189279599999997,cutlass_stock,1.348669744414731,3.2100720375,88.70229175548441,1.2793005153533155,3.3841360825,1.1684799775,3.3841360825,93.51211518728326,94.85647028498299,1.978266237717552,256,64,1,8,20,128,20260921-091950-ab6869,41
deepseek_v4_pro,8,7168,3072,384,6,2048,tma,valid,1.145093175076721,7.5615279675,cutlass_stock,1.3868189557440038,6.243535995,82.56976661112904,1.2295982778304584,7.0418560475000005,2.32912004,7.0418560475000005,93.12742183545988,88.66321539214907,0.7728593050396526,256,64,1,8,20,128,20260921-091950-ab6869,42
deepseek_v4_pro,8,7168,3072,384,6,4096,tma,valid,1.1246681989084335,15.397704099999999,cutlass_stock,1.30819248995496,13.237584125,85.97115543349089,1.1990934951794316,14.441999899999999,4.62669599,14.441999899999999,93.79320323476018,91.66032555505004,0.46401641787623404,256,64,1,8,20,128,20260921-091950-ab6869,43
deepseek_v4_pro,8,7168,3072,384,6,8192,tma,valid,1.0884756594517755,31.819376000000002,,,,,1.1411476496000355,30.350688,9.252904175,30.350688,95.38429666251155,,,256,64,1,8,20,128,20260921-091950-ab6869,44
deepseek_v32,4,7168,2048,256,8,1,cp.async,valid,0.005815542232392344,0.6462159905,cutlass_stock,0.006822086244367761,0.55087201325,85.24580346948255,0.0062951373836955034,0.596984014,0.08398399875,0.596984014,92.38149825696708,92.27583994401566,7.812866826606291,256,64,1,1,40,108,20260921-091009-fb0e1a,45
deepseek_v32,4,7168,2048,256,8,8,cp.async,valid,0.04516834150770106,0.665616006,cutlass_stock,0.054067107707702185,0.5560639795,83.54125719446715,0.049882482549853974,0.602712005,0.10864,0.602712005,90.54950595644179,92.26031253517175,7.718564312890042,256,64,1,1,40,108,20260921-091009-fb0e1a,46
deepseek_v32,4,7168,2048,256,8,16,cp.async,valid,0.08922991310290691,0.673872024,cutlass_stock,0.10664140285579515,0.563848004,83.67286130281616,0.09769155429871237,0.615503997,0.1199039965,0.615503997,91.33841071876876,91.60752923591492,10.037512923967306,256,64,1,1,40,108,20260921-091009-fb0e1a,47
deepseek_v32,4,7168,2048,256,8,32,cp.async,valid,0.17955977862852057,0.6697439995,cutlass_stock,0.2110015762758899,0.5699440090000001,85.09878542032389,0.19576732309005868,0.6142960040000001,0.129072003,0.6142960040000001,91.72101645682606,92.78002873025363,12.239900142621597,256,64,1,1,40,108,20260921-091009-fb0e1a,48
deepseek_v32,4,7168,2048,256,8,64,cp.async,valid,0.34850029025834617,0.69015198925,cutlass_stock,0.4215652781280881,0.5705360024999999,82.66816750322073,0.3882180491521067,0.6195440142499999,0.20571999625,0.6195440142499999,89.76921372396087,92.0896642332462,19.16215584536911,256,64,1,1,40,108,20260921-091009-fb0e1a,49
deepseek_v32,4,7168,2048,256,8,96,cp.async,valid,0.5047417031910407,0.7147759945000001,deepgemm_m128,0.6235779454815131,0.57855999475,80.94284072238801,0.5747130364163194,0.627751991,0.283688009,0.627751991,87.82499633876554,92.16378490944523,25.65391100302261,256,64,1,1,40,108,20260921-091009-fb0e1a,50
deepseek_v32,4,7168,2048,256,8,128,cp.async,valid,0.6487446059757178,0.741487995,deepgemm_m128,0.8297621145368598,0.57972800725,78.18440907462029,0.7540416201883848,0.637944013,0.3614960015,0.637944013,86.03564957245196,90.87443340423667,29.263319832979917,256,64,1,1,40,108,20260921-091009-fb0e1a,51
deepseek_v32,4,7168,2048,256,8,192,tma,valid,0.5293932335606897,1.3629839975,deepgemm_m256,1.0594891891553815,0.6810399890000001,49.96683675297516,0.7241440417436632,0.9964240042499999,0.249896001,0.9964240042499999,73.10606772182591,68.34841253273632,0.07336751582074363,256,64,1,1,40,108,20260921-091009-fb0e1a,52
deepseek_v32,4,7168,2048,256,8,256,tma,valid,0.8418085704693334,1.1428639575,deepgemm_m256,1.342012531954159,0.7168879957500001,62.727325596843855,0.9358101406288485,1.028063955,0.30722399075,1.028063955,89.95505967734572,69.7318481270944,-0.20789526035953632,256,64,1,1,40,108,20260921-091009-fb0e1a,53
deepseek_v32,4,7168,2048,256,8,384,tma,valid,0.9411907972280744,1.533279985,deepgemm_m128,1.293952502422363,1.1152720125,72.73766196719772,1.0400875340563072,1.3874880375,0.45284799475,1.3874880375,90.49149868737118,80.38065787648276,-0.5452361983320331,256,64,1,8,40,108,20260921-091009-fb0e1a,54
deepseek_v32,4,7168,2048,256,8,512,tma,valid,0.9954727833527567,1.9328959874999998,deepgemm_m256,1.4453782553168475,1.33124,68.872821331779,1.0975398378765209,1.75314397,0.58584801825,1.75314397,90.70037815472469,75.93443680498186,-0.87371307660703,256,64,1,8,40,108,20260921-091009-fb0e1a,55
deepseek_v32,4,7168,2048,256,8,1024,tma,valid,1.0739671593304894,3.5832480199999996,deepgemm_m256,1.3582803180207708,2.8332080250000002,79.06815294912242,1.1725386417657568,3.2820160975,1.1386799825000002,3.2820160975,91.59332759500137,86.32523244350114,-1.5811371326732715,256,64,1,8,40,108,20260921-091009-fb0e1a,56
deepseek_v32,4,7168,2048,256,8,2048,tma,valid,1.0609278104694848,7.254575965,deepgemm_m256,1.3680515430816762,5.6259440175,77.55028060416761,1.145137839347828,6.721096037500001,2.2127439399999997,6.721096037500001,92.64629759101297,83.70575254557207,-1.5319444656197834,256,64,1,8,40,108,20260921-091009-fb0e1a,57
deepseek_v32,4,7168,2048,256,8,4096,tma,valid,1.0670933397368887,14.4253199,cutlass_stock,1.2985417378962556,11.854191775,82.17628348748093,1.1370686751479326,13.537584075,4.346768020000001,13.537584075,93.84598864251184,87.5650463873481,-1.6376752934262329,256,64,1,8,40,108,20260921-091009-fb0e1a,58
deepseek_v32,4,7168,2048,256,8,8192,tma,valid,1.0508170795545653,29.2975116,cutlass_stock,1.2853655727742301,23.951416025,81.75239027808765,1.1353939815226726,27.115103725,8.6264319425,27.115103725,92.5508763174276,88.33237839660892,,256,64,1,8,40,108,20260921-091009-fb0e1a,59
deepseek_v32,8,7168,2048,256,8,1,cp.async,valid,0.005315613732545772,0.353496,deepgemm_m128,0.006372592788423615,0.29486399875,83.41367335132506,0.006036055492901632,0.3113039955,0.03104799985,0.3113039955,88.06436154864554,94.71898948049319,6.309545511123171,256,64,1,1,40,108,20260921-091950-ab6869,45
deepseek_v32,8,7168,2048,256,8,8,cp.async,valid,0.04032724977662923,0.37275999775,deepgemm_m128,0.05095723884598014,0.2950000015,79.1393935187886,0.04768310799357763,0.3152559925,0.03905599935,0.3152559925,84.57345058560539,93.57474830553775,4.154953882789569,256,64,1,1,40,108,20260921-091950-ab6869,46
deepseek_v32,8,7168,2048,256,8,16,cp.async,valid,0.07966456881042297,0.3773920015,deepgemm_m128,0.10190618494666065,0.2950240075,78.17441978827948,0.09407470318634087,0.319584012,0.04417600115,0.319584012,84.68224306020433,92.3150083928479,7.942931323625313,256,64,1,1,40,108,20260921-091950-ab6869,47
deepseek_v32,8,7168,2048,256,8,32,cp.async,valid,0.15529323690266142,0.38720000525,deepgemm_m128,0.20451668606713072,0.2940080015,75.93181753966415,0.18875421049286178,0.3185600045,0.06560000029999999,0.3185600045,82.27272731939097,92.29281684669239,11.349171785683998,256,64,1,1,40,108,20260921-091950-ab6869,48
deepseek_v32,8,7168,2048,256,8,64,cp.async,valid,0.2995931525597671,0.401407987,deepgemm_m128,0.4078238138400811,0.29487999524999997,73.4614170121134,0.3812810313273245,0.3154079915,0.109712001,0.3154079915,78.57541496801358,93.49160553847285,20.6951553507579,256,64,1,1,40,108,20260921-091950-ab6869,49
deepseek_v32,8,7168,2048,256,8,96,cp.async,valid,0.42027470430432873,0.4292159975,deepgemm_m128,0.6117688926467343,0.294864006,68.69827958823926,0.5644058627187881,0.31960799549999996,0.151679993,0.31960799549999996,74.46320672145961,92.2580192459547,27.441663157021523,256,64,1,1,40,108,20260921-091950-ab6869,50
deepseek_v32,8,7168,2048,256,8,128,cp.async,valid,0.526426971038559,0.45688800500000004,deepgemm_m128,0.8180222168305423,0.29402400525,64.3536275919522,0.7388010911439838,0.32555199425000003,0.1946800015,0.32555199425000003,71.25422219171634,90.31552883814041,33.15823710451753,256,64,1,1,40,108,20260921-091950-ab6869,51
deepseek_v32,8,7168,2048,256,8,192,tma,valid,0.47805327958813504,0.754680008,deepgemm_m256,1.090304094842612,0.33089599000000003,43.84586665770004,0.6995820250890198,0.515704006,0.15584799649999997,0.515704006,68.33412844295194,64.16393631815225,-0.13144846020619605,256,64,1,1,40,108,20260921-091950-ab6869,52
deepseek_v32,8,7168,2048,256,8,256,tma,valid,0.7408582924489155,0.64929601525,deepgemm_m256,1.431996723326968,0.3359199985,51.73603265848781,0.9049111993244258,0.5315840245000001,0.18636000125,0.5315840245000001,81.87082809915644,63.19226745310137,-0.15032061295250365,256,64,1,1,40,108,20260921-091950-ab6869,53
deepseek_v32,8,7168,2048,256,8,384,tma,valid,0.8529335760753383,0.8459679932499999,deepgemm_m128,1.4149015816312531,0.509967983,60.28218408604668,1.0167436532866048,0.70967200375,0.26538400325,0.70967200375,83.88875340586061,71.85967324415537,0.6118443654251182,256,64,1,8,40,108,20260921-091950-ab6869,54
deepseek_v32,8,7168,2048,256,8,512,tma,valid,0.9384023844076304,1.02522403,deepgemm_m256,1.5907707199203553,0.604783997,58.99042348822042,1.07926341452576,0.8914159985000001,0.34517600400000004,0.8914159985000001,86.94841053423222,67.84531554489483,-0.08739602016547554,256,64,1,8,40,108,20260921-091950-ab6869,55
deepseek_v32,8,7168,2048,256,8,1024,tma,valid,1.0450087670755788,1.8412719675,deepgemm_m256,1.4877473983435312,1.2933279875,70.24100786458098,1.1686190824997962,1.646512005,0.6666559875,1.646512005,89.42253149248577,78.54956317187617,-0.5244175043358945,256,64,1,8,40,108,20260921-091950-ab6869,56
deepseek_v32,8,7168,2048,256,8,2048,tma,valid,1.0922912835719027,3.5231359575,deepgemm_m256,1.3947286787386126,2.75916797,78.31568248526781,1.2063032448858337,3.19015199,1.297456025,3.19015199,90.54864837699071,86.49017283969596,-0.08674062076697853,256,64,1,8,40,108,20260921-091950-ab6869,57
deepseek_v32,8,7168,2048,256,8,4096,tma,valid,1.0595898941445956,7.2637361275,deepgemm_m256,1.3895093686375093,5.539064052500001,76.25640517872738,1.1548313484735833,6.6646800025,2.547912,6.6646800025,91.75278239070367,83.11072775320395,-0.15253895936627737,256,64,1,8,40,108,20260921-091950-ab6869,58
deepseek_v32,8,7168,2048,256,8,8192,tma,valid,1.0654253158327651,14.447904099999999,cutlass_stock,1.3052167859112422,11.7935679,81.62822661592834,1.1446425939252813,13.448008025,5.03064811,13.448008025,93.07930016645113,87.69750789912992,-0.23366935969624247,256,64,1,8,40,108,20260921-091950-ab6869,59
glm5;glm52;glm53,4,6144,2048,256,8,1,cp.async,valid,0.005739724975925557,0.5612159965,cutlass_stock,0.006765233767360452,0.47614400074999996,84.84148771942569,0.006192092233656256,0.520216003,0.068648001175,0.520216003,92.69443605390889,91.52813408356451,7.107422988432233,256,64,1,1,40,108,20260921-091009-fb0e1a,60
glm5;glm52;glm53,4,6144,2048,256,8,8,cp.async,valid,0.04567235609902343,0.5642319769999999,cutlass_stock,0.05375787144544086,0.4793680085,84.9593833814208,0.04953978311040982,0.520184025,0.0922880024,0.520184025,92.19329038488723,92.15354287360131,6.369016417869555,256,64,1,1,40,108,20260921-091009-fb0e1a,61
glm5;glm52;glm53,4,6144,2048,256,8,16,cp.async,valid,0.08985788740843541,0.5735679865,cutlass_stock,0.10728120546701318,0.4804159995,83.75920741873554,0.09916345284300061,0.519743979,0.10963200000000001,0.519743979,90.61593241484024,92.43320152055094,7.311427936538073,256,64,1,1,40,108,20260921-091009-fb0e1a,62
glm5;glm52;glm53,4,6144,2048,256,8,32,cp.async,valid,0.17971076058800042,0.5735839899999999,cutlass_stock,0.21240483324325637,0.48529599599999995,84.60766068453201,0.19527016641229597,0.52787999825,0.1096,0.52787999825,92.03185713917853,91.93301462620818,12.494073622940572,256,64,1,1,40,108,20260921-091009-fb0e1a,63
glm5;glm52;glm53,4,6144,2048,256,8,64,cp.async,valid,0.3471148183225684,0.59391999225,cutlass_stock,0.41761556503469793,0.49365600200000004,83.11826650755417,0.3879417081719643,0.5314159985,0.17924799749999998,0.5314159985,89.47602462190058,92.89445620632742,18.375541642663062,256,64,1,1,40,108,20260921-091314-709a61,0
glm5;glm52;glm53,4,6144,2048,256,8,96,cp.async,valid,0.5014946443952751,0.6166319995,cutlass_stock,0.6161094488238,0.501919985,81.39700589768046,0.5740485366114411,0.538695991,0.2391839995,0.538695991,87.36101782534884,93.17314280885377,25.562089078706652,256,64,1,1,40,108,20260921-091314-709a61,1
glm5;glm52;glm53,4,6144,2048,256,8,128,cp.async,valid,0.644760906399296,0.63948799675,deepgemm_m128,0.8183098139971767,0.5038640052500001,78.79178464814555,0.7483499142449753,0.5509680065,0.302143991,0.5509680065,86.15767759522063,91.45068303525898,30.211670622729336,256,64,1,1,40,108,20260921-091314-709a61,2
glm5;glm52;glm53,4,6144,2048,256,8,192,tma,valid,0.52882833280075,1.1695199600000001,deepgemm_m256,1.0586414550993817,0.5842160135,49.9534880533377,0.7181285683663055,0.8612319825,0.21511999874999999,0.8612319825,73.63978486523649,67.8349185087306,0.3591253372024372,256,64,1,1,40,108,20260921-091314-709a61,3
glm5;glm52;glm53,4,6144,2048,256,8,256,tma,valid,0.8339337367295516,0.98884801575,deepgemm_m256,1.3624724328564362,0.6052480042499999,61.207384209690154,0.9165285511724985,0.8997359872499999,0.269431993,0.8997359872499999,90.9882988001536,67.26951159305203,-2.0994126164327054,256,64,1,1,40,108,20260921-091314-709a61,4
glm5;glm52;glm53,4,6144,2048,256,8,384,tma,valid,0.9370780890872742,1.3200080074999998,deepgemm_m128,1.3029419499496155,0.949352027,71.92017181759408,1.035493286244997,1.194552005,0.40557599825,1.194552005,90.49581504148566,79.47347817644824,-0.15212180445803858,256,64,1,4,40,108,20260921-091314-709a61,5
glm5;glm52;glm53,4,6144,2048,256,8,512,tma,valid,0.9856022935794023,1.6733599875,deepgemm_m256,1.3865448680671952,1.1894800375,71.08333212132575,1.0945089956416174,1.506855995,0.5253600030000001,1.506855995,90.04972069705353,78.9378707352855,-0.7362438502193536,256,64,1,4,40,108,20260921-091314-709a61,6
glm5;glm52;glm53,4,6144,2048,256,8,1024,tma,valid,1.0329846480431635,3.19320804,deepgemm_m256,1.3509151465947051,2.4417039750000002,76.46554638513312,1.1358121969485993,2.90411997,1.0671119674999998,2.90411997,90.94678247146089,84.0772419949304,-1.3092811986030184,256,64,1,4,40,108,20260921-091314-709a61,7
glm5;glm52;glm53,4,6144,2048,256,8,2048,tma,valid,1.0519078861477555,6.271528005,deepgemm_m256,1.3758525568519973,4.794895887499999,76.45498646704996,1.1357777676629337,5.8084160075,2.08319199,5.8084160075,92.61564331482244,82.55083453576133,-0.4773329956612282,256,64,1,4,40,108,20260921-091314-709a61,8
glm5;glm52;glm53,4,6144,2048,256,8,4096,tma,valid,1.0755968061472945,12.266808025,cutlass_stock,1.339247686924267,9.8519039175,80.31350859507724,1.156527678537757,11.408407925,4.2215839625000005,11.408407925,93.00225373829474,86.35651865069507,-0.3198886370441856,256,64,1,4,40,108,20260921-091314-709a61,9
glm5;glm52;glm53,4,6144,2048,256,8,8192,tma,valid,1.0731039644276386,24.590608125,cutlass_stock,1.290054362391893,20.455168275,83.18284839082237,1.1293907651534774,23.365056525,9.113071917500001,23.365056525,95.01618018647517,87.54598240801815,,256,64,1,4,40,108,20260921-091314-709a61,10
glm5;glm52;glm53,8,6144,2048,256,8,1,cp.async,valid,0.005072093142607522,0.31754399825,deepgemm_m128,0.006291259238409796,0.2560080065,80.62127072496165,0.005978340697860712,0.2694079875,0.0287520001,0.2694079875,84.84115240241358,95.02613819124423,5.489629735113399,256,64,1,1,40,108,20260921-091950-ab6869,60
glm5;glm52;glm53,8,6144,2048,256,8,8,cp.async,valid,0.04032580748928838,0.319519997,deepgemm_m128,0.050330073907278366,0.2560080065,80.12268681261912,0.048024951651462214,0.26829598875,0.03499200005,0.26829598875,83.96844994649896,95.41999032216243,3.888334569557461,256,64,1,1,40,108,20260921-091950-ab6869,61
glm5;glm52;glm53,8,6144,2048,256,8,16,cp.async,valid,0.08025376007378046,0.321104005,deepgemm_m128,0.10066014781455673,0.2560080065,79.72744111366657,0.09532509020385677,0.27033600199999996,0.0390719995,0.27033600199999996,84.18954537798429,94.69993068107888,9.111062317643803,256,64,1,1,40,108,20260921-091950-ab6869,62
glm5;glm52;glm53,8,6144,2048,256,8,32,cp.async,valid,0.1581707048341519,0.32584799825,deepgemm_m128,0.20133916940623883,0.255984008,78.55933115280385,0.19205972025092552,0.268351987,0.057519998399999994,0.268351987,82.35495950296206,95.39113567286535,13.139870731122416,256,64,1,1,40,108,20260921-091950-ab6869,63
glm5;glm52;glm53,8,6144,2048,256,8,64,cp.async,valid,0.2942766268975099,0.350279994,deepgemm_m128,0.4030688471741607,0.255736001,73.00902289041377,0.38090583761394525,0.2706160025,0.09432000295,0.2706160025,77.25705353871852,94.50143326243243,20.452210082543274,256,64,1,1,40,108,20260921-092312-4aee80,0
glm5;glm52;glm53,8,6144,2048,256,8,96,cp.async,valid,0.4135166190641437,0.37391199175,deepgemm_m128,0.6062341940163333,0.2550480065,68.21070522673334,0.5629052740855961,0.2746800035,0.13005599774999999,0.2746800035,73.46113779727419,92.85277532042845,27.356172042321237,256,64,1,1,40,108,20260921-092312-4aee80,1
glm5;glm52;glm53,8,6144,2048,256,8,128,cp.async,valid,0.5162840783265257,0.39931200450000004,deepgemm_m128,0.8051553746335818,0.2560480085,64.12229174542634,0.7344335530789317,0.280703992,0.16586399824999998,0.280703992,70.29690789073184,91.21637589678453,32.620109283491374,256,64,1,1,40,108,20260921-092312-4aee80,2
glm5;glm52;glm53,8,6144,2048,256,8,192,tma,valid,0.47624843712148196,0.6493200212500001,deepgemm_m256,1.078565442983657,0.28671199075000003,44.15572928092581,0.6957290404979793,0.44448000200000004,0.13839999925,0.44448000200000004,68.45314905650616,64.5050372254993,0.1761807679667271,256,64,1,1,40,108,20260921-092312-4aee80,3
glm5;glm52;glm53,8,6144,2048,256,8,256,tma,valid,0.7297127036515529,0.56503999225,deepgemm_m256,1.4217823177438074,0.28999999175,51.323799328825295,0.896824518969704,0.4597519935,0.1680160015,0.4597519935,81.36627491963159,63.07748435026633,0.058052395316954275,256,64,1,1,40,108,20260921-092312-4aee80,4
glm5;glm52;glm53,8,6144,2048,256,8,384,tma,valid,0.8456602147194643,0.7313520015,deepgemm_m128,1.4201107946489155,0.43551199875,59.548889981399746,1.0260994591728396,0.60274399825,0.237663999,0.60274399825,82.41503366556384,72.25488764955944,0.27346869166939847,256,64,1,4,40,108,20260921-092312-4aee80,5
glm5;glm52;glm53,8,6144,2048,256,8,512,tma,valid,0.9362666671538172,0.880768001,deepgemm_m256,1.6232180633433457,0.5080239922500001,57.679660441024595,1.0905545528023048,0.7561599910000001,0.30625600375,0.7561599910000001,85.85234592327113,67.18472258472083,1.8047893976566032,256,64,1,4,40,108,20260921-092312-4aee80,6
glm5;glm52;glm53,8,6144,2048,256,8,1024,tma,valid,1.012580874518833,1.6287760150000001,deepgemm_m256,1.4342952358564538,1.149880025,70.59779947705087,1.1390094770484163,1.44798395,0.6001760065,1.44798395,88.90012725291758,79.41248416462075,0.3796722166245825,256,64,1,4,40,108,20260921-092312-4aee80,7
glm5;glm52;glm53,8,6144,2048,256,8,2048,tma,valid,1.079988317170424,3.054232005,deepgemm_m256,1.4149369313505664,2.331223965,76.32766473482096,1.1893915710048544,2.7732959975,1.2066159825,2.7732959975,90.80174632968003,84.05968807878756,0.5508423221437742,256,64,1,4,40,108,20260921-092312-4aee80,8
glm5;glm52;glm53,8,6144,2048,256,8,4096,tma,valid,1.0789906604714121,6.11411202,deepgemm_m256,1.3867290841861821,4.7572880975,77.80832411866734,1.1808991954027437,5.586480025,2.3893439775000003,5.586480025,91.37025960149157,85.1571665200754,0.9173526313637881,256,64,1,4,40,108,20260921-092312-4aee80,9
glm5;glm52;glm53,8,6144,2048,256,8,8192,tma,valid,1.073497227289844,12.290799825,deepgemm_m256,1.31387777298328,10.04213619,81.70449712779372,1.1680744722652696,11.295632125000001,4.768936035,11.295632125000001,91.90314939491743,88.90282614440225,-0.5058718788465866,256,64,1,4,40,108,20260921-092312-4aee80,10
glm53_flash,4,4096,2048,288,8,1,cp.async,valid,0.005670852157612818,0.42602399725,cutlass_stock,0.006412764248958772,0.3767359925,88.43069755033618,0.006274202123889053,0.385055989,0.05230399965,0.385055989,90.3836383597051,97.83927617341904,2.630835427663225,256,64,1,4,20,128,20260921-091314-709a61,11
glm53_flash,4,4096,2048,288,8,8,cp.async,valid,0.04487803257929996,0.43066399575,cutlass_stock,0.05098058766698698,0.3791120055,88.02964938821451,0.04993425546055297,0.387055993,0.07076000235,0.387055993,89.87423996889807,97.94758700455002,2.5040402974062737,256,64,1,4,20,128,20260921-091314-709a61,12
glm53_flash,4,4096,2048,288,8,16,cp.async,valid,0.08859905470540952,0.4362880145,cutlass_stock,0.10065281179080934,0.38403999825,88.02442090693738,0.09931427566639471,0.3892160055,0.082087999175,0.3892160055,89.21079483378749,98.6701453237128,4.217395421940928,256,64,1,4,20,128,20260921-091314-709a61,13
glm53_flash,4,4096,2048,288,8,32,cp.async,valid,0.17395104983559906,0.44443199050000004,cutlass_stock,0.20017973104277298,0.386199996,86.89743408558705,0.1965400187640328,0.3933520095,0.12607200424999998,0.3933520095,88.50668221643238,98.181777815476,5.792563665598682,256,64,1,4,20,128,20260921-091314-709a61,14
glm53_flash,4,4096,2048,288,8,64,cp.async,valid,0.3293237558786666,0.469504006,cutlass_stock,0.3932079991627978,0.393224001,83.75306620919439,0.38322069525686003,0.403472006,0.20804000275,0.403472006,85.93579625388756,97.46004559235764,9.322177380952933,256,64,1,4,20,128,20260921-091314-709a61,15
glm53_flash,4,4096,2048,288,8,96,cp.async,valid,0.4708093830556074,0.49261599775000003,deepgemm_m128,0.5828396953102567,0.3979279995,80.77853770838078,0.5619505640476663,0.412719995,0.295479998,0.412719995,83.78128133984256,96.41597313452188,15.078683820515405,256,64,1,4,20,128,20260921-091314-709a61,16
glm53_flash,4,4096,2048,288,8,128,cp.async,valid,0.5839696945671438,0.5295439955000001,deepgemm_m128,0.782088121298072,0.39540000275,74.66801740932966,0.7418617440558478,0.4168399945,0.385031998,0.4168399945,78.71678237167357,94.85654159080458,26.29583753820508,256,64,1,4,20,128,20260921-091314-709a61,17
glm53_flash,4,4096,2048,288,8,192,tma,valid,0.5956713974967366,0.7787120045,deepgemm_m256,1.0131763759196972,0.45782400675,58.792468088887674,0.7920721693891968,0.5856239947499999,0.26331199699999996,0.5856239947499999,75.20418220931637,78.17712574182396,6.075672517772279,256,64,1,4,20,128,20260921-091314-709a61,18
glm53_flash,4,4096,2048,288,8,256,tma,valid,0.9012942269329534,0.68620797975,deepgemm_m256,1.3539775639636031,0.45678400225,66.56640781362175,1.0115987681159255,0.6113839895,0.2719999925,0.6113839895,89.09601863311761,74.71311157879119,-0.422024529801468,256,64,1,4,20,128,20260921-091314-709a61,19
glm53_flash,4,4096,2048,288,8,384,tma,valid,0.9867690881285488,0.94015200425,deepgemm_m128,1.402345033660233,0.6615439949999999,70.36564215248814,1.0979578953587457,0.844944,0.42295199625,0.844944,89.87312649235359,78.29441892007043,-1.6397360139967954,256,64,1,8,20,128,20260921-091314-709a61,20
glm53_flash,4,4096,2048,288,8,512,tma,valid,1.0485190897555716,1.1797120275,deepgemm_m256,1.4378598810917929,0.86027199,72.92220219395873,1.1536393584538018,1.0722160025,0.5305119902500001,1.0722160025,90.88794362571674,80.23308624327306,-0.21293671179428708,256,64,1,8,20,128,20260921-091314-709a61,21
glm53_flash,4,4096,2048,288,8,1024,tma,valid,1.1251346786048149,2.1987600325,deepgemm_m256,1.3638725656136916,1.813879995,82.49558697579246,1.2300720322817906,2.0111839775,1.0546959674999998,2.0111839775,91.46900743021396,90.18966018487983,-0.7113136389975683,256,64,1,8,20,128,20260921-091314-709a61,22
glm53_flash,4,4096,2048,288,8,2048,tma,valid,1.15873374538194,4.2700079675,deepgemm_m256,1.3951493492865543,3.54643202,83.05445907812584,1.297287413158363,3.8139600175000004,2.101152065,3.8139600175000004,89.31974006907987,92.98555841507323,-1.992128659886394,256,64,1,8,20,128,20260921-091314-709a61,23
glm53_flash,4,4096,2048,288,8,4096,tma,valid,1.1260616500539988,8.7878000725,deepgemm_m256,1.4035729221513196,7.050296065,80.22822557220849,1.2652944485156719,7.82079196,4.0842961075,7.82079196,88.9960160162713,90.14810905416284,-1.8608521319429472,256,64,1,8,20,128,20260921-091314-709a61,24
glm53_flash,4,4096,2048,288,8,8192,tma,valid,1.1102041177382491,17.82664015,cutlass_stock,1.2818426122646354,15.439656249999999,86.61001804089258,1.2607484693555555,15.697984,8.406816245,15.697984,88.05912874165467,98.35438900944223,-2.4484734438306344,256,64,1,8,20,128,20260921-091314-709a61,25
glm53_flash,8,4096,2048,288,8,1,cp.async,valid,0.005281999743543985,0.25410400325,cutlass_stock,0.006720564230910848,0.19971199350000002,78.59458762777285,0.006330069483191872,0.212031998,0.0349440016,0.212031998,83.44299786233297,94.18955411626128,3.1860949243033954,256,64,1,4,20,128,20260921-092312-4aee80,11
glm53_flash,8,4096,2048,288,8,8,cp.async,valid,0.03672167688646965,0.263159998,cutlass_stock,0.04862178267242545,0.19875199724999998,75.52515532774855,0.04494231498507584,0.21502400175000003,0.045007999975000004,0.21502400175000003,81.70846761824342,92.43247062301498,0.383038458603413,256,64,1,4,20,128,20260921-092312-4aee80,12
glm53_flash,8,4096,2048,288,8,16,cp.async,valid,0.073112188630883,0.26435199374999996,cutlass_stock,0.09477165816425658,0.2039359995,77.1456256512535,0.09009581004036588,0.21451999625,0.0513279997,0.21451999625,81.14937708881949,95.06619572300127,7.680671880690171,256,64,1,4,20,128,20260921-092312-4aee80,13
glm53_flash,8,4096,2048,288,8,32,cp.async,valid,0.14277638186520558,0.270735994,cutlass_stock,0.19154958208126857,0.2018,74.53755853386824,0.18053498117652783,0.21411199875,0.0738560036,0.21411199875,79.08516174247596,94.24973900487676,6.704686078793043,256,64,1,4,20,128,20260921-092312-4aee80,14
glm53_flash,8,4096,2048,288,8,64,cp.async,valid,0.27351834087556204,0.2826479975,deepgemm_m128,0.3793098312240303,0.20381599675,72.10947841581647,0.3535534459686161,0.21866400175,0.12100799749999999,0.21866400175,77.3626573278659,93.20967105642939,15.20194911340209,256,64,1,4,20,128,20260921-092312-4aee80,15
glm53_flash,8,4096,2048,288,8,96,cp.async,valid,0.38373300913677927,0.30220000425000004,deepgemm_m128,0.5710042676474382,0.203088004,67.20317708268198,0.5218343500280089,0.22222400074999998,0.167984001,0.22222400074999998,73.53540622923401,91.38887038059951,20.336199250731802,256,64,1,4,20,128,20260921-092312-4aee80,16
glm53_flash,8,4096,2048,288,8,128,cp.async,valid,0.4744887990994226,0.32586400974999996,deepgemm_m128,0.7619393234889698,0.2029279995,62.27383001138561,0.6922900265708282,0.2233439985,0.215088002,0.2233439985,68.53901990322514,90.858944436781,26.666336846056126,256,64,1,4,20,128,20260921-092312-4aee80,17
glm53_flash,8,4096,2048,288,8,192,tma,valid,0.5074483084740514,0.45704799900000004,deepgemm_m256,0.9956052544236863,0.23295199875,50.968825869424705,0.7728880065912089,0.30008000125,0.16401600475,0.30008000125,65.6561240628033,77.62996460264777,3.332690775001046,256,64,1,4,20,128,20260921-092312-4aee80,18
glm53_flash,8,4096,2048,288,8,256,tma,valid,0.8224930379419814,0.3759760035,deepgemm_m256,1.324426283096235,0.233488001,62.10183597528452,0.9866935204119429,0.3134080025,0.1762719975,0.3134080025,83.35851213440542,74.49969341481636,1.7703274113343825,256,64,1,4,20,128,20260921-092312-4aee80,19
glm53_flash,8,4096,2048,288,8,384,tma,valid,0.9183239782665057,0.5051120072499999,deepgemm_m128,1.4067169467572096,0.32974399649999997,65.28136171128409,1.0459845041580331,0.44346399599999997,0.23252000325,0.44346399599999997,87.7951800065826,74.35643016665551,0.9835446749816068,256,64,1,8,20,128,20260921-092312-4aee80,20
glm53_flash,8,4096,2048,288,8,512,tma,valid,0.995652256997176,0.6211760042500001,deepgemm_m256,1.6015041830442278,0.3861839995,62.1698193197713,1.1248441151099897,0.549832001,0.28888799225,0.549832001,88.51468782408297,70.23672663606933,1.900911765620572,256,64,1,8,20,128,20260921-092312-4aee80,21
glm53_flash,8,4096,2048,288,8,1024,tma,valid,1.107616453647895,1.1167679725,deepgemm_m128,1.5477359649432807,0.79919999875,71.56365676935637,1.207818040311146,1.024119975,0.55555199075,1.024119975,91.7039170372519,78.03773173645988,0.5537421516625729,256,64,1,8,20,128,20260921-092312-4aee80,22
glm53_flash,8,4096,2048,288,8,2048,tma,valid,1.1932951174208428,2.073167925,deepgemm_m256,1.5024664413778843,1.6465600125000002,79.42241400922698,1.2815856361727314,1.9303440150000002,1.1191280175,1.9303440150000002,93.1108373674072,85.29878610782234,1.3938105134440493,256,64,1,8,20,128,20260921-092312-4aee80,23
glm53_flash,8,4096,2048,288,8,4096,tma,valid,1.1888360088132646,4.161888005,deepgemm_m256,1.4261624175540593,3.469311955,83.35908969275592,1.3344537758284822,3.707736015,2.1878879675,3.707736015,89.08783731195093,93.5695513640822,0.4059697781319871,256,64,1,8,20,128,20260921-092312-4aee80,24
glm53_flash,8,4096,2048,288,8,8192,tma,valid,1.129621830718141,8.76010394,deepgemm_m256,1.3957759088281567,7.089680075,80.93146067168696,1.299873544906501,7.6127440925,4.3906878225,7.6127440925,86.90244025232421,93.12910021479223,-0.3807249061019813,256,64,1,8,20,128,20260921-092312-4aee80,25
glm47;glm45,4,5120,1536,160,8,1,cp.async,valid,0.005248828749127765,0.23972799649999998,deepgemm_m128,0.006079641238455789,0.20696800199999998,86.33451454219282,0.006200189237672175,0.20294399925,0.02475200035,0.20294399925,84.65594432563492,101.98281435512806,2.5395447502519986,256,64,0,1,20,128,20260921-091314-709a61,26
glm47;glm45,4,5120,1536,160,8,8,cp.async,valid,0.04062542279768545,0.247783996,deepgemm_m128,0.048410710987996305,0.207936,83.91825273493451,0.04816978780297789,0.20897600049999998,0.0308480002,0.20897600049999998,84.33797334513888,99.502334958315,2.5086414378433064,256,64,0,1,20,128,20260921-091314-709a61,27
glm47;glm45,4,5120,1536,160,8,16,cp.async,valid,0.07954554485209718,0.25309599974999997,deepgemm_m128,0.09723291839591,0.2070560005,81.80927422974808,0.0977845216386486,0.20588799600000002,0.046208000725000004,0.20588799600000002,81.34778748118087,100.56730092219655,2.8289660868099364,256,64,0,1,20,128,20260921-091314-709a61,28
glm47;glm45,4,5120,1536,160,8,32,cp.async,valid,0.14955621045127973,0.269232005,deepgemm_m128,0.19443578298994185,0.20708800500000002,76.91804880329886,0.19454100561496995,0.206975996,0.07591999695,0.206975996,76.87644565140018,100.05411690348866,5.752653181036171,256,64,0,1,20,128,20260921-091314-709a61,29
glm47;glm45,4,5120,1536,160,8,64,cp.async,valid,0.2673517847521025,0.301216006,deepgemm_m128,0.38891665034069567,0.20706399875,68.74269448682618,0.38512240905155515,0.2091040015,0.1332639975,0.2091040015,69.41995024660143,99.02440759843614,9.468286854583695,256,64,0,1,20,128,20260921-091314-709a61,30
glm47;glm45,4,5120,1536,160,8,96,cp.async,valid,0.35852157432035286,0.33692799500000004,deepgemm_m128,0.5835553334922189,0.20700000200000002,61.43745995342417,0.565502954283661,0.21360800025,0.19043200075,0.21360800025,63.398709344410506,96.90648372614031,15.219871236879534,256,64,0,1,20,128,20260921-091314-709a61,31
glm47;glm45,4,5120,1536,160,8,128,cp.async,valid,0.4064412125445546,0.3962720035,deepgemm_m128,0.7781339236063278,0.206984002,52.232809830583946,0.7412068155613718,0.2172959965,0.24574399375,0.24574399375,62.01396807735876,84.22749172481046,18.112811936258822,256,64,0,1,20,128,20260921-091314-709a61,32
glm47;glm45,4,5120,1536,160,8,192,tma,valid,0.5019111293606143,0.4813439995,deepgemm_m256,1.0074725424905373,0.23979999475,49.81883954076382,0.7655391858844601,0.3155839895,0.16294400025,0.3155839895,65.56308790133781,75.9861091590643,-0.10636660071215998,256,64,0,1,20,128,20260921-091314-709a61,33
glm47;glm45,4,5120,1536,160,8,256,tma,valid,0.8146916143792848,0.3953920005,deepgemm_m256,1.327180173076304,0.24271199475,61.385155603318786,0.9709037241883863,0.331775993,0.16697600475000002,0.331775993,83.91064881951247,73.15538190552564,-0.2832615476751399,256,64,0,1,20,128,20260921-091314-709a61,34
glm47;glm45,4,5120,1536,160,8,384,tma,valid,0.8971107241939885,0.5385999830000001,deepgemm_m128,1.3592739597871721,0.355471991,65.99925774598474,1.0324264043996991,0.468008004,0.24366399649999998,0.468008004,86.89343088969237,75.95425461997013,-0.3742997704476281,256,64,0,8,20,128,20260921-091314-709a61,35
glm47;glm45,4,5120,1536,160,8,512,tma,valid,0.9708451642065091,0.6635920104999999,deepgemm_m256,1.4943798731985656,0.43111199899999997,64.96642397414759,1.1191961552879406,0.5756319759999999,0.3185280115,0.5756319759999999,86.74486233887531,74.8936850235019,-1.5407055597755681,256,64,0,8,20,128,20260921-091314-709a61,36
glm47;glm45,4,5120,1536,160,8,1024,tma,valid,1.0006167478946244,1.287696005,deepgemm_m128,1.5458864616386674,0.8334960042499999,64.72769978423595,1.1109436275708544,1.159815995,0.5150800047499999,1.159815995,90.06908389065012,71.86450332149454,-0.5796393303247105,256,64,0,8,40,108,20260921-091314-709a61,37
glm47;glm45,4,5120,1536,160,8,2048,tma,valid,1.1611199409265256,2.21939206,deepgemm_m256,1.386899003134533,1.8580879874999998,83.72058371246041,1.290555093080868,1.996799975,1.251944005,1.996799975,89.97058298027794,93.05328579543877,-1.0283918696185612,256,64,0,8,20,128,20260921-091314-709a61,38
glm47;glm45,4,5120,1536,160,8,4096,tma,valid,1.0951036533460343,4.7063679675,deepgemm_m256,1.4035504597970936,3.6720879675,78.02381779023104,1.2258026300416438,4.2045600400000005,1.9613759825,4.2045600400000005,89.33768181822474,87.33584328837411,-1.4179906981529489,256,64,0,8,40,108,20260921-091314-709a61,39
glm47;glm45,4,5120,1536,160,8,8192,tma,valid,1.1120817697468302,9.269032,deepgemm_m256,1.3681725536197193,7.5340800275,81.28227443275631,1.2630956453247033,8.160840035,4.95647192,8.160840035,88.04414565620229,92.31990818577539,-2.5658755952077783,256,64,0,8,20,128,20260921-091314-709a61,40
glm47;glm45,8,5120,1536,160,8,1,cp.async,valid,0.004977417590257976,0.15168000399999998,deepgemm_m128,0.006578726967955264,0.114760002,75.65928202375312,0.006874906279311885,0.10981600175,0.018624000274999997,0.10981600175,72.39978827400348,104.50207635609898,2.594934332939536,256,64,0,1,20,128,20260921-092312-4aee80,26
glm47;glm45,8,5120,1536,160,8,8,cp.async,valid,0.03190070013057373,0.15777599799999997,deepgemm_m128,0.04383373405783836,0.11482400275,72.77659733136343,0.04309216346121225,0.1168000025,0.02268799955,0.1168000025,74.02900566662872,98.30821942833434,2.5098888932396646,256,64,0,1,20,128,20260921-092312-4aee80,27
glm47;glm45,8,5120,1536,160,8,16,cp.async,valid,0.06225158210955471,0.16170399624999998,cutlass_stock,0.09043346249633136,0.11131200024999999,68.83688890279977,0.0925758673063579,0.108736001,0.030840000149999998,0.108736001,67.24385514374696,102.36903990059372,2.666601846582406,256,64,0,1,20,128,20260921-092312-4aee80,28
glm47;glm45,8,5120,1536,160,8,32,cp.async,valid,0.11256854645841698,0.17884799824999997,cutlass_stock,0.178531665392103,0.112768002,63.05242614030768,0.18149303495504324,0.110927999,0.047112001075,0.110927999,62.02361786847676,101.65873631237142,5.367687977463875,256,64,0,1,20,128,20260921-092312-4aee80,29
glm47;glm45,8,5120,1536,160,8,64,cp.async,valid,0.19168119293395447,0.21006400149999999,deepgemm_m128,0.3562798109343776,0.113015998,53.800745102915705,0.3571646844331267,0.1127360015,0.077911997225,0.1127360015,53.667454059233464,100.24836476039111,8.763043700279116,256,64,0,1,20,128,20260921-092312-4aee80,30
glm47;glm45,8,5120,1536,160,8,96,cp.async,valid,0.2478333507087495,0.24370399474999999,deepgemm_m128,0.5266653006482013,0.11468000175,47.05708737669349,0.526518381223963,0.11471200200000001,0.1085599995,0.11471200200000001,47.07021816268362,99.97210383443573,11.78807297741269,256,64,0,1,20,128,20260921-092312-4aee80,31
glm47;glm45,8,5120,1536,160,8,128,cp.async,valid,0.29123739860201747,0.27651200425,deepgemm_m128,0.7021714163265308,0.114688002,41.4766810255038,0.689097025026603,0.116864003,0.13932799925,0.13932799925,50.38768556464941,82.31511441875527,13.375186676004835,256,64,0,1,20,128,20260921-092312-4aee80,32
glm47;glm45,8,5120,1536,160,8,192,tma,valid,0.43039348292328355,0.280663997,deepgemm_m256,0.8805397166086301,0.137183994,48.878372525992354,0.737280001125,0.16383999975,0.09632000325000001,0.16383999975,58.37585208693511,83.73046521565318,1.125901445777533,256,64,0,1,20,128,20260921-092312-4aee80,33
glm47;glm45,8,5120,1536,160,8,256,tma,valid,0.6780956224478307,0.237520002,deepgemm_m256,1.1735738663226103,0.13723999675,57.780395585378955,0.9466173768906242,0.170144007,0.0983999968,0.170144007,71.63354899264442,80.66108185050561,0.9194997185963283,256,64,0,1,20,128,20260921-092312-4aee80,34
glm47;glm45,8,5120,1536,160,8,384,tma,valid,0.7970804676829941,0.30309601124999996,deepgemm_m128,1.3548223032169395,0.17831999799999998,58.83284219564272,0.9992386068001613,0.24177599700000002,0.13927200025,0.24177599700000002,79.76878217660808,73.75421886896405,1.6918694273974966,256,64,0,8,20,128,20260921-092312-4aee80,35
glm47;glm45,8,5120,1536,160,8,512,tma,valid,0.875923285781216,0.36775200799999996,deepgemm_m256,1.5569899909794793,0.20688800125,56.25747698160768,1.0735700223786022,0.3000480085,0.18019999575,0.3000480085,81.58976755335624,68.95163286844478,0.6982963231026096,256,64,0,8,20,128,20260921-092312-4aee80,36
glm47;glm45,8,5120,1536,160,8,1024,tma,valid,0.9347072441359028,0.6892479954999999,deepgemm_m256,1.6641655716132737,0.38712800299999994,56.16672163394053,1.1095278124059607,0.5806479902499999,0.30545599775,0.5806479902499999,84.24369661442127,66.67172013000867,0.5292721957578905,256,64,0,8,40,108,20260921-092312-4aee80,37
glm47;glm45,8,5120,1536,160,8,2048,tma,valid,1.1249495264437177,1.1453760000000002,deepgemm_m256,1.58956687896705,0.8105919957500001,70.77082073921576,1.257034165834166,1.025024,0.668704003,1.025024,89.49235884111417,79.08029429067028,0.9771454963260595,256,64,0,8,20,128,20260921-092312-4aee80,38
glm47;glm45,8,5120,1536,160,8,4096,tma,valid,0.9133538549298091,2.8214479675,cutlass_stock,1.432687302180747,1.7987039975,63.75109582806794,1.061835134809897,2.42691195,1.1714880175000002,2.42691195,86.01654107945195,74.11492606890828,-0.21974585643320665,256,64,0,8,64,84,20260921-092312-4aee80,39
glm47;glm45,8,5120,1536,160,8,8192,tma,valid,1.1733558247824376,4.3924959900000005,deepgemm_m256,1.426015087393242,3.61423999,82.28214660248328,1.3246014971684568,3.8909519325,2.9004559524999998,3.8909519325,88.58179817029269,92.88832277292596,-0.23148473039356077,256,64,0,8,20,128,20260921-092312-4aee80,40
glm45_air,4,4096,1408,128,8,1,cp.async,valid,0.003918412193074113,0.1883919985,deepgemm_m128,0.0056337192209372595,0.13103200125,69.55284847195887,0.00467663523895814,0.15784799675,0.02472800015,0.15784799675,83.78699626672308,83.01150723979652,1.6646170086676904,128,64,0,8,20,128,20260921-091314-709a61,41
glm45_air,4,4096,1408,128,8,8,cp.async,valid,0.030179783483237934,0.19568000000000002,deepgemm_m128,0.04572864362242824,0.12914400175000001,65.99754790985281,0.03945681204777635,0.14967200149999998,0.028992000025,0.14967200149999998,76.48814467497954,86.28467612895524,2.653311784546153,128,64,0,8,20,128,20260921-091314-709a61,42
glm45_air,4,4096,1408,128,8,16,cp.async,valid,0.05624361915151088,0.21000000075,deepgemm_m128,0.09144029778305031,0.1291679965,61.50856954223129,0.07126834401821815,0.16572799925,0.048160001650000006,0.16572799925,78.91809459910205,77.93975495061073,1.4476196376870698,128,64,0,8,20,128,20260921-091314-709a61,43
glm45_air,4,4096,1408,128,8,32,cp.async,valid,0.10928164053325932,0.2161600065,deepgemm_m128,0.18282397686084426,0.1292079985,59.77423881137791,0.15855608741878321,0.148984,0.067656001075,0.148984,68.92301791265906,86.72609038554475,1.3915587571931232,128,64,0,8,20,128,20260921-091314-709a61,44
glm45_air,4,4096,1408,128,8,64,cp.async,valid,0.2402791133134285,0.19662399949999998,deepgemm_m128,0.3658744894927328,0.12912799775,65.67255171208132,0.3245894234989273,0.1455520015,0.10451999875,0.1455520015,74.02555225716483,88.71605777952837,22.943282033076564,128,64,0,8,20,128,20260921-091314-709a61,45
glm45_air,4,4096,1408,128,8,96,cp.async,valid,0.3357605302272309,0.2110639995,deepgemm_m128,0.5483021944548975,0.129247997,61.23640095240401,0.4740391622943299,0.14949600375,0.138431996,0.14949600375,70.82970288829384,86.45582072958923,37.85012967121377,128,64,0,8,20,128,20260921-091314-709a61,46
glm45_air,4,4096,1408,128,8,128,cp.async,valid,0.37493364513574867,0.252016008,deepgemm_m128,0.7316129871159565,0.129152,51.2475382119377,0.6229515089178571,0.151679993,0.17523200049999998,0.17523200049999998,69.53209119160397,73.70343295259019,38.96577613434778,128,64,0,8,20,128,20260921-091314-709a61,47
glm45_air,4,4096,1408,128,8,192,tma,valid,0.4855497803194251,0.29190399525,deepgemm_m256,0.9596327660052283,0.14769599975,50.5974574357937,0.6192499180026103,0.22887999925,0.13015199825,0.22887999925,78.40934107598515,64.52988475794047,3.694365245245823,128,64,0,8,20,128,20260921-091314-709a61,48
glm45_air,4,4096,1408,128,8,256,tma,valid,0.6833185039975782,0.27655999350000005,deepgemm_m256,1.2459030178357142,0.151679993,54.84524029683997,0.8465264221663713,0.223240003,0.13524799399999998,0.223240003,80.72028067935283,67.94480870885852,-0.5438229625934654,128,64,0,8,20,128,20260921-091314-709a61,49
glm45_air,4,4096,1408,128,8,384,tma,valid,0.8416903698871044,0.33678399049999996,deepgemm_m128,1.3498468580293006,0.210000001,62.3545082081329,1.0065471604331,0.281624004,0.21915199999999999,0.281624004,83.62155326382712,74.56750774696039,-0.26604367347441427,256,64,1,4,20,128,20260921-091314-709a61,50
glm45_air,4,4096,1408,128,8,512,tma,valid,0.9367617157690291,0.40347199899999997,deepgemm_m256,1.5061893514088696,0.250935994,62.19415340393919,1.115154614440691,0.33892799900000004,0.25414399075,0.33892799900000004,84.00285517707017,74.03814224271272,0.5631128072409286,256,64,1,4,20,128,20260921-091314-709a61,51
glm45_air,4,4096,1408,128,8,1024,tma,valid,0.9452141882822962,0.79972799125,deepgemm_m256,1.5923370460559128,0.474720001,59.36018323655243,1.121774170317904,0.6738559900000001,0.35749600075,0.6738559900000001,84.26064829202014,70.4482868809996,0.7212490763246038,256,64,1,4,40,108,20260921-091314-709a61,52
glm45_air,4,4096,1408,128,8,2048,tma,valid,1.133481425155692,1.3337920275,deepgemm_m256,1.5079079727002187,1.00259997,75.16913801615897,1.2660522814108772,1.1941280075,0.9212000069999999,1.1941280075,89.52880080849037,83.96084537863081,1.4934835858433582,256,64,1,4,20,128,20260921-091314-709a61,53
glm45_air,4,4096,1408,128,8,4096,tma,valid,1.0647819073396958,2.83969605,deepgemm_m256,1.4308102526743136,2.1132480499999997,74.41810717735089,1.197662499800763,2.52463192,1.3010320050000002,2.52463192,88.90500516771857,83.7051941417266,-1.1902725469509323,256,64,1,4,40,108,20260921-091314-709a61,54
glm45_air,4,4096,1408,128,8,8192,tma,valid,1.1303086275218972,5.3501440275,deepgemm_m256,1.399709002081369,4.320407987499999,80.75311552909403,1.2900639518332921,4.687607885,3.611199975,4.687607885,87.61648024624138,92.16658247642656,-1.1823237313773327,256,64,1,4,20,128,20260921-091314-709a61,55
glm45_air,8,4096,1408,128,8,1,cp.async,valid,0.0029055572711884463,0.12703200025,deepgemm_m128,0.004999711956829088,0.0738240033,58.11449332035531,0.0042846716046921265,0.0861440003,0.024631999449999997,0.0861440003,67.81283466407513,85.69836905983573,-0.7116354526582991,128,64,0,8,20,128,20260921-092312-4aee80,41
glm45_air,8,4096,1408,128,8,8,cp.async,valid,0.022506021291874834,0.131200001,deepgemm_m128,0.03998036546889466,0.0738560036,56.292685241671606,0.03272442107924922,0.090232001625,0.0288159996,0.090232001625,68.77439095827445,81.85123046138565,-4.682928317965507,128,64,0,8,20,128,20260921-092312-4aee80,42
glm45_air,8,4096,1408,128,8,16,cp.async,valid,0.044003188990200365,0.13420800100000002,deepgemm_m128,0.07996939524496936,0.07384800165,55.02503658481582,0.06263873427633987,0.094280002625,0.03107200005,0.094280002625,70.24916690697151,78.32838310763677,3.880541183233932,128,64,0,8,20,128,20260921-092312-4aee80,43
glm45_air,8,4096,1408,128,8,32,cp.async,valid,0.08741755116697213,0.13511199875000002,deepgemm_m128,0.15992146187557865,0.0738560036,54.66280144123764,0.13731352492698415,0.0860159993,0.044599999675,0.0860159993,63.6627391318197,85.86310012211878,15.17555912109545,128,64,0,8,20,128,20260921-092312-4aee80,44
glm45_air,8,4096,1408,128,8,64,cp.async,valid,0.1669752321626356,0.1414720005,deepgemm_m128,0.3198429237511573,0.0738560036,52.20538575758671,0.2879085467616444,0.0820479989,0.0676800013,0.0820479989,57.995927540446424,90.01560621852046,26.685135480218225,128,64,0,8,20,128,20260921-092312-4aee80,45
glm45_air,8,4096,1408,128,8,96,cp.async,valid,0.21739398270439356,0.16299200075,deepgemm_m128,0.47976438562673596,0.0738560036,45.31265538195438,0.44282994554425875,0.08001599835,0.09039200285,0.09039200285,55.45793807920969,81.70634710081546,28.879945355232415,128,64,0,8,20,128,20260921-092312-4aee80,46
glm45_air,8,4096,1408,128,8,128,cp.async,valid,0.25602965403608313,0.184528001,deepgemm_m128,0.6396858475023146,0.0738560036,40.02427989235086,0.5759294049531315,0.0820319988,0.1146480015,0.1146480015,62.13040886949185,64.41979156522845,31.596286842125387,128,64,0,8,20,128,20260921-092312-4aee80,47
glm45_air,8,4096,1408,128,8,192,tma,valid,0.36220181585251904,0.19565600525,deepgemm_m128,0.8029704403048443,0.0882560015,45.107739671588746,0.5763415893368085,0.1229599975,0.0942880027,0.1229599975,62.844990289404876,71.77619005725826,5.278651548059243,128,64,0,8,20,128,20260921-092312-4aee80,48
glm45_air,8,4096,1408,128,8,256,tma,valid,0.5122369690339661,0.1844640005,deepgemm_m128,1.0710155878987724,0.0882240012,47.82721883991668,0.7810064376696034,0.12098399700000001,0.104567999,0.12098399700000001,65.58677935644143,72.92204207801134,1.652354248925647,128,64,0,8,20,128,20260921-092312-4aee80,49
glm45_air,8,4096,1408,128,8,384,tma,valid,0.6555200451356055,0.21621599800000002,deepgemm_m128,1.2442404812590453,0.11391199925,52.68435282480809,0.921978558532092,0.153728001,0.12299199799999999,0.153728001,71.09927221944048,74.09970760629353,1.3948990953019047,256,64,1,4,20,128,20260921-092312-4aee80,50
glm45_air,8,4096,1408,128,8,512,tma,valid,0.774781739872315,0.2439119965,deepgemm_m256,1.536910904898156,0.1229599975,50.41162356276314,1.0307321839785655,0.1833439995,0.142496001,0.1833439995,75.1680942843662,67.06518775379938,1.5677797955296668,256,64,1,4,20,128,20260921-092312-4aee80,51
glm45_air,8,4096,1408,128,8,1024,tma,valid,0.8378937668976953,0.45108000200000004,deepgemm_m256,1.6403249863203944,0.230416,51.080961022076075,1.073278372032063,0.352151997,0.2120160015,0.352151997,78.06863426412771,65.4308372415676,-1.028643695004694,256,64,1,4,40,108,20260921-092312-4aee80,52
glm45_air,8,4096,1408,128,8,2048,tma,valid,1.0790882052158344,0.70051200675,deepgemm_m256,1.6621097812410435,0.4547920075,64.92279976898483,1.257442808972896,0.60115198775,0.515055984,0.60115198775,85.81608622798956,75.6534149046403,3.6556080771273702,256,64,1,4,20,128,20260921-092312-4aee80,53
glm45_air,8,4096,1408,128,8,4096,tma,valid,0.8761581871259837,1.7255200149999999,deepgemm_m256,1.7388371736689439,0.8694479915,50.38759237458048,1.070596953054075,1.4121359900000001,0.73631198725,1.4121359900000001,81.8382851386398,61.56970700109413,0.24062123092789545,256,64,1,4,64,84,20260921-092312-4aee80,54
glm45_air,8,4096,1408,128,8,8192,tma,valid,1.1899963530223232,2.5408960025,deepgemm_m256,1.4389650212029481,2.1012720475,82.69807364931695,1.329921793578363,2.2735599874999997,1.9016799925,2.2735599874999997,89.47867151048422,92.42210713826616,3.2848263926535948,256,64,1,4,20,128,20260921-092312-4aee80,55
glm47_flash,4,2048,1536,64,4,1,cp.async,valid,0.002517337663445807,0.079975998025,deepgemm_m128,0.004670717111294752,0.043104000350000005,53.8961706192475,0.004085361121862036,0.049279999,0.0185599998,0.049279999,61.61848581695145,87.46753495266914,-2.520756820527348,256,64,1,4,20,128,20260921-091314-709a61,56
glm47_flash,4,2048,1536,64,4,8,cp.async,valid,0.02014474658934367,0.07995199785,deepgemm_m128,0.03726889784834038,0.04321600125,54.05243447584468,0.03272007117349471,0.049223998549999995,0.0206080005,0.049223998549999995,61.566940006115175,87.79457687920804,-0.7504490708608702,256,64,1,4,20,128,20260921-091314-709a61,57
glm47_flash,4,2048,1536,64,4,16,cp.async,valid,0.04022509390946694,0.0800799988,deepgemm_m128,0.07462067746574755,0.0431680009,53.90609583775369,0.06536577794979258,0.049279999,0.0246399995,0.049279999,61.538461211865055,87.59740620124607,4.855144709367809,256,64,1,4,20,128,20260921-091314-709a61,58
glm47_flash,4,2048,1536,64,4,32,cp.async,valid,0.07487043252244903,0.08604799955,deepgemm_m128,0.14308926178341796,0.04502400015,52.32428456844933,0.13098672671351325,0.0491839983,0.0307679996,0.0491839983,57.158793414390296,91.54196833566498,10.74748942260566,256,64,1,4,20,128,20260921-091314-709a61,59
glm47_flash,4,2048,1536,64,4,64,cp.async,valid,0.14306384168955028,0.09006400035,deepgemm_m128,0.29793058655133725,0.0432479996,48.01918572563161,0.2614631117991703,0.049279999,0.04107999984999999,0.049279999,54.716644617707125,87.75974122889086,20.47432778728444,256,64,1,4,20,128,20260921-091314-709a61,60
glm47_flash,4,2048,1536,64,4,96,cp.async,valid,0.20017558737697205,0.09655199760000001,deepgemm_m128,0.43814274025573063,0.044112000624999995,45.68729981926339,0.39194015950584293,0.0493119992,0.0532479994,0.0532479994,55.14955746498196,82.84255018414831,28.345348185732398,256,64,1,4,20,128,20260921-091314-709a61,61
glm47_flash,4,2048,1536,64,4,128,cp.async,valid,0.23718617715926663,0.108648,deepgemm_m128,0.5969654197259804,0.0431680009,39.731979327737285,0.5020613296177213,0.0513279997,0.0635599997,0.0635599997,58.50084649510345,67.91693062264127,28.282161659671612,256,64,1,4,20,128,20260921-091314-709a61,62
glm47_flash,4,2048,1536,64,4,192,tma,valid,0.35575307082903845,0.108656,deepgemm_m256,0.7532093910064989,0.051319999625,47.23162975353409,0.6281641022806079,0.06153599915,0.07571999912499999,0.07571999912499999,69.6878213122147,67.7760171923404,-1.7523185558091514,256,64,1,4,20,128,20260921-091314-709a61,63
glm47_flash,4,2048,1536,64,4,256,tma,valid,0.43162609037450705,0.1194079985,deepgemm_m256,1.0034970337295503,0.0513599999,43.01219394444502,0.7969385052892521,0.064672000675,0.0859999992,0.0859999992,72.02197531181297,59.720930671822614,0.6230738387261514,256,64,1,4,20,128,20260921-091534-e5fc1d,0
glm47_flash,4,2048,1536,64,4,384,tma,valid,0.6078548327505376,0.12718400375,deepgemm_m128,1.214945483785888,0.06363200025,50.03144921831414,0.8663089424981688,0.0892400015,0.08915200085,0.0892400015,70.16605773428485,71.30434690770372,-0.16354120319160836,256,64,1,4,20,128,20260921-091534-e5fc1d,1
glm47_flash,4,2048,1536,64,4,512,tma,valid,0.6991644653371197,0.1474319995,deepgemm_m256,1.3222064940648484,0.0779599976,52.87861377746559,0.9668268843700759,0.10661599999999999,0.09318400175,0.10661599999999999,72.31537275596672,73.12223080963459,-1.405392999502797,256,64,1,4,20,128,20260921-091534-e5fc1d,2
glm47_flash,4,2048,1536,64,4,1024,tma,valid,0.8049541722504704,0.256112009,deepgemm_m256,1.5978301076220711,0.129023999,50.377957481876614,0.9962809779633496,0.206928,0.112640001,0.206928,80.79589895372693,62.35212199412356,0.05622432566214641,256,64,1,4,40,108,20260921-091534-e5fc1d,3
glm47_flash,4,2048,1536,64,4,2048,tma,valid,0.9961076761532386,0.41392800225,deepgemm_m256,1.6304842661785912,0.2528799995,61.09274997714896,1.1502066099071053,0.358471997,0.31456799825000004,0.358471997,86.6024997225227,70.54386440679214,0.6088003194521852,256,64,1,4,20,128,20260921-091534-e5fc1d,4
glm47_flash,4,2048,1536,64,4,4096,tma,valid,1.002803874837216,0.8223280159999999,deepgemm_m256,1.6989025899246541,0.485391997,59.02656696059837,1.1326888039900744,0.7280320225,0.39629599425,0.7280320225,88.53304378966945,66.67179217381197,-2.9983202591020386,256,64,1,4,40,108,20260921-091534-e5fc1d,5
glm47_flash,4,2048,1536,64,4,8192,tma,valid,1.140149595974972,1.446536005,deepgemm_m256,1.5666725215529353,1.05271996475,72.77523415326257,1.2412452876158158,1.3287200024999999,1.0813840025,1.3287200024999999,91.85530107147247,79.22812652547542,-2.094936966328753,256,64,1,4,20,128,20260921-091534-e5fc1d,6
glm47_flash,8,2048,1536,64,4,1,cp.async,valid,0.0016213003811873148,0.062087998724999996,cutlass_stock,0.003758336791274525,0.0267840009,43.13877311238784,0.0035098777691964784,0.02868000045,0.016495999900000002,0.02868000045,46.19250263972815,93.38912301167694,-2.7316051166537125,256,64,1,4,20,128,20260921-092312-4aee80,56
glm47_flash,8,2048,1536,64,4,8,cp.async,valid,0.012486144506884053,0.06449599935,cutlass_stock,0.030129689976369247,0.026728000475,41.441330848996294,0.026105626386763316,0.0308480002,0.01854399965,0.0308480002,47.82932354082517,86.64419184942822,-4.825104667519198,256,64,1,4,20,128,20260921-092312-4aee80,57
glm47_flash,8,2048,1536,64,4,16,cp.async,valid,0.0245730004130298,0.065543999875,cutlass_stock,0.06020531899881417,0.0267520007,40.815331305717024,0.0561110890303718,0.02870400065,0.0186400004,0.02870400065,43.79348331615686,93.19955439730664,-2.965946354673865,256,64,1,4,20,128,20260921-092312-4aee80,58
glm47_flash,8,2048,1536,64,4,32,cp.async,valid,0.048694301503273654,0.0661520008,cutlass_stock,0.12019497985001873,0.0268000001,40.51275815681753,0.11634012681598366,0.02768800035,0.0226479997,0.02768800035,41.855121561190934,96.79283357853613,5.357360105727915,256,64,1,4,20,128,20260921-092312-4aee80,59
glm47_flash,8,2048,1536,64,4,64,cp.async,valid,0.0872676996101077,0.0738240033,deepgemm_m128,0.2236962172169482,0.0287999995,39.01170108990824,0.22400733696808767,0.0287599997,0.0287999995,0.0287999995,39.01170108990824,100.0,2.589943127616867,256,64,1,4,20,128,20260921-092312-4aee80,60
glm47_flash,8,2048,1536,64,4,96,cp.async,valid,0.12074765847609545,0.08003199845,deepgemm_m128,0.334429552502564,0.0288960002,36.105558726054774,0.31424546634296535,0.030751999475,0.03492800145,0.03492800145,43.642545639818394,82.73018495308153,5.037986028199692,256,64,1,4,20,128,20260921-092312-4aee80,61
glm47_flash,8,2048,1536,64,4,128,cp.async,valid,0.14714167152017338,0.087567999975,deepgemm_m128,0.44689588034367245,0.0288319997,32.92526917165096,0.40528755373252323,0.03179199995,0.0410319995,0.0410319995,46.857298912518644,70.26710872327828,7.582681032906624,256,64,1,4,20,128,20260921-092312-4aee80,62
glm47_flash,8,2048,1536,64,4,192,tma,valid,0.21931001182762566,0.0881280005,deepgemm_m128,0.5869579745610491,0.0329280011,37.36383545885624,0.47020613099673253,0.04110400005,0.0349440016,0.04110400005,46.64124888434295,80.10899440430495,-2.2603489114677022,256,64,1,4,20,128,20260921-092312-4aee80,63
glm47_flash,8,2048,1536,64,4,256,tma,valid,0.27920823328118266,0.092296002425,deepgemm_m128,0.7818508106948241,0.032960001350000004,35.71119060848101,0.5995208467280948,0.042983999499999995,0.035000000125,0.042983999499999995,46.57189734184741,76.67969880280687,-1.1008063711378857,256,64,1,4,20,128,20260921-092602-dafbf8,0
glm47_flash,8,2048,1536,64,4,384,tma,valid,0.3733744129516809,0.1035279985,deepgemm_m128,1.0406716017715238,0.0371439997,35.878216751191225,0.7244135210437898,0.05336000025,0.0563760009,0.0563760009,54.45483513331904,65.88619112215176,1.0509241613513964,256,64,1,4,20,128,20260921-092602-dafbf8,1
glm47_flash,8,2048,1536,64,4,512,tma,valid,0.4087330789699971,0.126096003,deepgemm_m256,1.1380411420031507,0.045288000275000004,35.91549232135455,0.8965281016416226,0.05748800005,0.08609599995,0.08609599995,68.27813562813724,52.601747237154896,-0.05075537564819266,256,64,1,4,20,128,20260921-092602-dafbf8,2
glm47_flash,8,2048,1536,64,4,1024,tma,valid,0.6060346103251416,0.1700880005,deepgemm_m128,1.3688411370218878,0.07530400155,44.27355329513677,0.9316631836421584,0.1106400005,0.0957280006,0.1106400005,65.0486807856854,68.06218475206894,1.1899737159882573,256,64,1,4,40,108,20260921-092602-dafbf8,3
glm47_flash,8,2048,1536,64,4,2048,tma,valid,0.8905178004680411,0.23150399700000002,deepgemm_m256,1.5980282324579052,0.1290080025,55.726036773352114,1.1061425972057604,0.18637599775000002,0.16908000425,0.18637599775000002,80.50660038927967,69.2192149511913,1.3442561641819006,256,64,1,4,20,128,20260921-092602-dafbf8,4
glm47_flash,8,2048,1536,64,4,4096,tma,valid,0.8018109580857341,0.5142320097499999,deepgemm_m256,1.7349897967204884,0.237648003,46.214159852774515,0.9939752889429843,0.414816007,0.202784002,0.414816007,80.66709172804465,57.28997892793467,-0.8089795405817557,256,64,1,4,64,84,20260921-092602-dafbf8,5
glm47_flash,8,2048,1536,64,4,8192,tma,valid,1.0822760061074475,0.76194401075,deepgemm_m256,1.7282411591791782,0.47715199725,62.62297367234736,1.2284057864515732,0.6713040022500001,0.580719978,0.6713040022500001,88.1041116904665,71.0783781492046,0.7192118348179122,256,64,1,4,20,128,20260921-092602-dafbf8,6
qwen35_397b,4,4096,1024,512,10,1,cp.async,valid,0.005388472438600965,0.40475999549999997,cutlass_stock,0.006533496756370211,0.333824009,82.47455596189224,0.006065852969318526,0.35955999775,0.05124799905,0.35955999775,88.83288905709064,92.84236597200834,3.5003464170164422,256,64,0,2,40,108,20260921-091534-e5fc1d,7
qwen35_397b,4,4096,1024,512,10,8,cp.async,valid,0.0418641881665127,0.41277600825,cutlass_stock,0.05111615580667812,0.3380640075,81.90011065159817,0.04727657164636916,0.36552000025,0.067640000975,0.36552000025,88.55165827094797,92.488511509296,3.949842268963799,256,64,0,2,40,108,20260921-091534-e5fc1d,8
qwen35_397b,4,4096,1024,512,10,16,cp.async,valid,0.08192312128965355,0.419824004,cutlass_stock,0.10055577489825514,0.342032,81.47032964794457,0.0933200548271615,0.3685519995,0.07886400069999999,0.3685519995,87.78726227859997,92.80427197899384,4.44567302540424,256,64,0,2,40,108,20260921-091534-e5fc1d,9
qwen35_397b,4,4096,1024,512,10,32,cp.async,valid,0.15893388457116162,0.43280000225000004,cutlass_stock,0.19927973934538612,0.3451760115,79.75416120737785,0.18458863447961218,0.37264800075,0.11871200225,0.37264800075,86.10166331162489,92.62789839346803,7.295748633513299,256,64,0,2,40,108,20260921-091534-e5fc1d,10
qwen35_397b,4,4096,1024,512,10,64,cp.async,valid,0.30042008053160196,0.457936004,cutlass_stock,0.38604243161503793,0.356368005,77.82048187676459,0.3592138888523574,0.38298399774999997,0.193728,0.38298399774999997,83.63264613498265,93.05036426942985,12.597396141841678,256,64,0,2,40,108,20260921-091534-e5fc1d,11
qwen35_397b,4,4096,1024,512,10,96,cp.async,valid,0.4246967769636395,0.4855040015,cutlass_stock,0.5624808609333921,0.366576001,75.50421826955838,0.5283722463933948,0.3902399985,0.27144800125,0.3902399985,80.37832794257619,93.93603997771642,15.37536400716979,256,64,0,2,40,108,20260921-091534-e5fc1d,12
qwen35_397b,4,4096,1024,512,10,128,cp.async,valid,0.5254019389128098,0.52336801575,deepgemm_m128,0.7316528958539085,0.37583199875,71.81027258829008,0.671426199009482,0.4095439985,0.350328006,0.4095439985,78.25162909756966,91.76840586762988,22.39188620115824,256,64,0,2,40,108,20260921-091534-e5fc1d,13
qwen35_397b,4,4096,1024,512,10,192,tma,valid,0.48338331039406335,0.853119999,deepgemm_m256,0.977472635260628,0.421887994,49.45236244543835,0.7202659763402275,0.5725440085,0.29995200050000004,0.5725440085,67.11177901949523,73.6865616855023,0.2494362460725874,256,64,0,2,40,108,20260921-091534-e5fc1d,14
qwen35_397b,4,4096,1024,512,10,256,tma,valid,0.7551056086397762,0.7280959935,deepgemm_m256,1.2718127048302803,0.43228799825,59.372390743693884,0.8975273679402975,0.61256000425,0.3624879945,0.61256000425,84.13176417925173,70.57071882766496,0.27798463637611626,256,64,0,2,40,108,20260921-091534-e5fc1d,15
qwen35_397b,4,4096,1024,512,10,384,tma,valid,0.8142157151054688,1.0129599850000002,deepgemm_m128,1.345531808491547,0.61296799775,60.51255793189105,0.9846799733750355,0.83759999275,0.54058399825,0.83759999275,82.68835937778923,73.18147123396092,-0.008684696464122954,256,64,0,1,40,108,20260921-091534-e5fc1d,16
qwen35_397b,4,4096,1024,512,10,512,tma,valid,0.8925789494610176,1.23191202,deepgemm_m128,1.3258543620597438,0.8293359874999999,67.32104030448538,1.0285357367985644,1.06907198,0.69733600325,1.06907198,86.78152032318022,77.57531794070593,-0.24222427832143456,256,64,0,1,40,108,20260921-091534-e5fc1d,17
qwen35_397b,4,4096,1024,512,10,1024,tma,valid,0.9821806251007198,2.2390560525,deepgemm_m256,1.3167472048237683,1.6701440225000002,74.59143421779076,1.1279303704634491,1.9497280424999999,1.3260799950000002,1.9497280424999999,87.0781256379467,85.66035806504026,-0.5713146388504509,256,64,0,1,40,108,20260921-091534-e5fc1d,18
qwen35_397b,4,4096,1024,512,10,2048,tma,valid,1.0219655403845083,4.303615925,deepgemm_m256,1.364402880902013,3.22349596,74.90203624525347,1.1696553044094278,3.76020795,2.5576879975,3.76020795,87.37322325063197,85.72653435297376,-1.7644659473184832,256,64,0,1,40,108,20260921-091534-e5fc1d,19
qwen35_397b,4,4096,1024,512,10,4096,tma,valid,0.9905485588399988,8.8800559025,deepgemm_m256,1.3678836455694645,6.430464027499999,72.41467957076297,1.1556722490912865,7.6112639925,5.0611600875,7.6112639925,85.71189276361652,84.48615149647235,-1.8556634587582943,256,64,0,1,40,108,20260921-091534-e5fc1d,20
qwen35_397b,4,4096,1024,512,10,8192,tma,insufficient_memory,,,,,,,,,,,,,,,,,,,,20260921-091534-e5fc1d,21
qwen35_397b,8,4096,1024,512,10,1,cp.async,valid,0.0050499015842154615,0.2325600015,cutlass_stock,0.0064442773656247,0.182240002,78.36257345397377,0.006194642528691111,0.18958400175,0.034936001525,0.18958400175,81.52046806294848,96.12625554782605,3.089091612342476,256,64,0,2,40,108,20260921-092602-dafbf8,7
qwen35_397b,8,4096,1024,512,10,8,cp.async,valid,0.036250342354904284,0.240663998,cutlass_stock,0.047041628849969805,0.185456,77.06013427068557,0.04530803173917105,0.19255200425000002,0.0472319983,0.19255200425000002,80.0086451858911,96.31475960084688,2.995048931248956,256,64,0,2,40,108,20260921-092602-dafbf8,8
qwen35_397b,8,4096,1024,512,10,16,cp.async,valid,0.0711320377752253,0.2429359965,cutlass_stock,0.09268285409990601,0.18644799675,76.74778519287898,0.08979325690307584,0.19244799750000002,0.05638400095,0.19244799750000002,79.21757181834518,96.88227426216788,6.6815962779727345,256,64,0,2,40,108,20260921-092602-dafbf8,9
qwen35_397b,8,4096,1024,512,10,32,cp.async,valid,0.13652466179739597,0.25192000000000003,cutlass_stock,0.18249263847476102,0.188464001,74.81105152429342,0.17668755548249218,0.194656,0.07691199705,0.194656,77.26897427754842,96.81900429475587,9.336294260082557,256,64,0,2,40,108,20260921-092602-dafbf8,10
qwen35_397b,8,4096,1024,512,10,64,cp.async,valid,0.25524158896262034,0.2694959935,deepgemm_m128,0.36481492858389986,0.18855200325,69.96467769380772,0.3465109578315217,0.19851200675,0.125008002,0.19851200675,73.6604667742491,94.9826694802681,16.534571691137234,256,64,0,2,40,108,20260921-092602-dafbf8,11
qwen35_397b,8,4096,1024,512,10,96,cp.async,valid,0.354657771930008,0.290928006,deepgemm_m128,0.5472456066688517,0.188544005,64.80778787587744,0.5088367387028504,0.20277599975,0.173087999,0.20277599975,69.69971799483613,92.98142049969105,22.705273087390566,256,64,0,2,40,108,20260921-092602-dafbf8,12
qwen35_397b,8,4096,1024,512,10,128,cp.async,valid,0.4197272828325357,0.327767998,deepgemm_m128,0.6998757198533041,0.196568001,59.97168796204442,0.6190074780674455,0.22224799550000002,0.218159996,0.22224799550000002,67.80649631938748,88.44534258127875,32.52056565937227,256,64,0,2,40,108,20260921-092602-dafbf8,13
qwen35_397b,8,4096,1024,512,10,192,tma,valid,0.4237680781085692,0.48656799625,deepgemm_m256,0.9582836927344386,0.215167999,44.22156834364545,0.6891627512879656,0.299192004,0.175168,0.299192004,61.490276036624955,71.91636010432953,-0.21702886505865493,256,64,0,2,40,108,20260921-092602-dafbf8,14
qwen35_397b,8,4096,1024,512,10,256,tma,valid,0.6242702717571618,0.4404800015,deepgemm_m256,1.1776585942510536,0.23349599924999997,53.009443891858496,0.8366555700225338,0.32866400475,0.22341599675,0.32866400475,74.61496631646737,71.04398287473248,-0.44678623167866416,256,64,0,2,40,108,20260921-092602-dafbf8,15
qwen35_397b,8,4096,1024,512,10,384,tma,valid,0.7470615970384011,0.55200798825,deepgemm_m128,1.346463174171978,0.306272,55.483255046898314,0.9452104349081578,0.43628799900000004,0.32977598900000005,0.43628799900000004,79.03653720359002,70.19950140778454,-0.25506804792151394,256,64,0,1,40,108,20260921-092602-dafbf8,16
qwen35_397b,8,4096,1024,512,10,512,tma,valid,0.822752237630813,0.668231994,deepgemm_m256,1.5380960970640103,0.3574479965,53.49160167568989,1.0082550355938378,0.5452879965,0.40581599625,0.5452879965,81.60159965342815,65.55214836826138,-0.14126661974823707,256,64,0,1,40,108,20260921-092602-dafbf8,17
qwen35_397b,8,4096,1024,512,10,1024,tma,valid,0.9406148323280898,1.1689999975,deepgemm_m256,1.622122892362121,0.6778640149999999,57.986656668063844,1.1059401174669514,0.994247988,0.786551997,0.994247988,85.05115398856107,68.17856542647587,-0.1731387942111584,256,64,0,1,40,108,20260921-092602-dafbf8,18
qwen35_397b,8,4096,1024,512,10,2048,tma,valid,1.0174011946298434,2.161544025,cutlass_stock,1.4090732067876401,1.5607120074999998,72.20357251340278,1.1703572686719939,1.8790479900000001,1.503328025,1.8790479900000001,86.93082205438772,83.05865607509043,0.6043811668374532,256,64,0,1,40,108,20260921-092602-dafbf8,19
qwen35_397b,8,4096,1024,512,10,4096,tma,valid,1.029987903895923,4.2700959475,deepgemm_m256,1.4231459918086986,3.0904399125,72.37401572461974,1.2360762411719552,3.55815202,2.9101920100000003,3.55815202,83.32721474521388,86.85519604359119,0.2847725238380061,256,64,0,1,40,108,20260921-092602-dafbf8,20
qwen35_397b,8,4096,1024,512,10,8192,tma,valid,0.9560832668521644,9.200167895,deepgemm_m256,1.3969574271721006,6.2966318125,68.44040113574471,1.080058569647939,8.14411998,5.75650406,8.14411998,88.52142779292181,77.31506691899203,0.04261136910479468,256,64,0,1,40,108,20260921-092602-dafbf8,21
qwen35_122b,4,3072,1024,256,8,1,cp.async,valid,0.004542567470589738,0.1772800015,cutlass_stock,0.005952533617172254,0.13528800000000002,76.31317624960649,0.0056994279646941735,0.141295999,0.032872000675,0.141295999,79.70216482652727,95.74793409401494,2.8294196793539506,256,64,0,2,40,108,20260921-091534-e5fc1d,22
qwen35_122b,4,3072,1024,256,8,8,cp.async,valid,0.03532665181402463,0.182368003,cutlass_stock,0.046934746287461526,0.1372639985,75.26758874472075,0.04369066518518524,0.147456005,0.041967999199999995,0.147456005,80.85629198889676,93.08810346516577,1.92138996005784,256,64,0,2,40,108,20260921-091534-e5fc1d,23
qwen35_122b,4,3072,1024,256,8,16,cp.async,valid,0.07059446487597226,0.18252000224999998,cutlass_stock,0.09256927058410193,0.13919199975000002,76.26123056877184,0.0897877533261677,0.1435040015,0.047104001,0.1435040015,78.62371232246686,96.99520452048162,6.600921461472331,256,64,0,2,40,108,20260921-091534-e5fc1d,24
qwen35_122b,4,3072,1024,256,8,32,cp.async,valid,0.1344698584593384,0.19164000074999998,cutlass_stock,0.1829617969823793,0.14084800325,73.4961400014501,0.17712666061031387,0.14548800099999998,0.065728001275,0.14548800099999998,75.91734524661861,96.81073509972828,9.041952584108426,256,64,0,2,40,108,20260921-091534-e5fc1d,25
qwen35_122b,4,3072,1024,256,8,64,cp.async,valid,0.2490702399771254,0.20692800374999998,deepgemm_m128,0.35965225745572127,0.14330400125,69.25307288187669,0.34466353714383935,0.1495360025,0.10241599725,0.1495360025,72.26474899002162,95.83244092003865,13.867625444581734,256,64,0,2,40,108,20260921-091534-e5fc1d,26
qwen35_122b,4,3072,1024,256,8,96,cp.async,valid,0.3463062694307906,0.22323999925000002,deepgemm_m128,0.5394181587976051,0.1433200015,64.19996505173792,0.5096338276007172,0.1516959965,0.13832800075,0.1516959965,67.9519785923848,94.47843371397082,18.831748069897003,256,64,0,2,40,108,20260921-091534-e5fc1d,27
qwen35_122b,4,3072,1024,256,8,128,cp.async,valid,0.42172297556717186,0.2444239965,deepgemm_m128,0.7285367998680566,0.1414880005,57.88629697821015,0.6617823366618891,0.1557599975,0.17216,0.17216,70.43498284342962,82.18401516031597,22.33496333491136,256,64,0,2,40,108,20260921-091534-e5fc1d,28
qwen35_122b,4,3072,1024,256,8,192,tma,valid,0.4374782873267184,0.35343199225,deepgemm_m256,0.9551918993624342,0.1618719995,45.80004160616561,0.6678883388110428,0.23150400100000001,0.1271679995,0.23150400100000001,65.50171067599499,69.92190147936147,-0.4617592735763343,256,64,0,2,40,108,20260921-091534-e5fc1d,29
qwen35_122b,4,3072,1024,256,8,256,tma,valid,0.6558703971901962,0.314328,deepgemm_m256,1.2655831340732737,0.16289599999999999,51.82357282838309,0.8530222907250165,0.2416800035,0.1577279975,0.2416800035,76.8878380227024,67.40152169850494,0.04071972589143602,256,64,0,2,40,108,20260921-091534-e5fc1d,30
qwen35_122b,4,3072,1024,256,8,384,tma,valid,0.7566742684136246,0.408680007,deepgemm_m128,1.4108586410230435,0.2191840035,53.63218159580779,0.9150342339434419,0.3379519955,0.2457679995,0.3379519955,82.69354744823619,64.85654957465698,0.3151583703481675,256,64,0,8,40,108,20260921-091534-e5fc1d,31
qwen35_122b,4,3072,1024,256,8,512,tma,valid,0.8299988366319844,0.49676799800000004,deepgemm_m256,1.5362487590191738,0.26839198925,54.02763268377847,0.9725922445021357,0.42393599449999997,0.29799200575,0.42393599449999997,85.33882943482199,63.309554445016595,-1.3479130654467042,256,64,0,8,40,108,20260921-091534-e5fc1d,32
qwen35_122b,4,3072,1024,256,8,1024,tma,valid,0.9395522277443269,0.8776880055,deepgemm_m256,1.620385697523842,0.50891199675,57.983246160471765,1.0853528407170556,0.7597839982500001,0.561087981,0.7597839982500001,86.56652403688341,66.98114173530502,-0.35365488425829206,256,64,0,8,40,108,20260921-091534-e5fc1d,33
qwen35_122b,4,3072,1024,256,8,2048,tma,valid,1.014534238286253,1.6256400025,deepgemm_m256,1.6795120595628548,0.9819920209999999,60.40648725977693,1.1553893189476525,1.4274560225,1.1007679700000002,1.4274560225,87.80886421992436,68.79315408121444,-0.715039921638494,256,64,0,8,40,108,20260921-091534-e5fc1d,34
qwen35_122b,4,3072,1024,256,8,4096,tma,valid,1.0480402913289573,3.1473359475000002,deepgemm_m256,1.4017898403237488,2.3530880224999997,74.76443766256064,1.1873297016941624,2.7781119925,2.10184002,2.7781119925,88.26868306533075,84.70097781704169,-0.9948708375053461,256,64,0,8,40,108,20260921-091534-e5fc1d,35
qwen35_122b,4,3072,1024,256,8,8192,tma,valid,1.03317748260239,6.385224105000001,deepgemm_m256,1.4119618498397921,4.672271965,73.17318684776217,1.1969514380515691,5.5115600825,4.426815984999999,5.5115600825,86.31741019370219,84.77222229392254,-1.0268721805497316,256,64,0,8,40,108,20260921-091534-e5fc1d,36
qwen35_122b,8,3072,1024,256,8,1,cp.async,valid,0.0031944431076521753,0.126048006,cutlass_stock,0.005448917442671551,0.07389599645,58.62527999847932,0.00478710749282067,0.0841119997,0.024704,0.0841119997,66.73013113749693,87.85428561152138,2.3356152893049265,256,64,0,2,40,108,20260921-092602-dafbf8,22
qwen35_122b,8,3072,1024,256,8,8,cp.async,valid,0.02494444140049603,0.12913600349999999,cutlass_stock,0.041323193443503485,0.0779519975,60.364263557219346,0.03740391859259993,0.086120000075,0.0287999995,0.086120000075,66.68937998766549,90.5155567024075,0.030971029702042685,256,64,0,2,40,108,20260921-092602-dafbf8,23
qwen35_122b,8,3072,1024,256,8,16,cp.async,valid,0.04987961467396505,0.12915999825,cutlass_stock,0.08460878149587435,0.07614399864999999,58.95323604961414,0.07477310717375532,0.08616000039999999,0.03089600055,0.08616000039999999,66.70796033399606,88.37511408600224,6.33013538307321,256,64,0,2,40,108,20260921-092602-dafbf8,24
qwen35_122b,8,3072,1024,256,8,32,cp.async,valid,0.09371110470118718,0.13749599825,cutlass_stock,0.16525885332903634,0.07796799765,56.705648631486625,0.14946294747474467,0.08620800075,0.0410879999,0.08620800075,62.69855257405646,90.44171883315599,10.286844657313509,256,64,0,2,40,108,20260921-092602-dafbf8,25
qwen35_122b,8,3072,1024,256,8,64,cp.async,valid,0.172248829994506,0.14960800475000002,deepgemm_m128,0.3305855475480279,0.0779519975,52.10416222732225,0.29209516033602884,0.0882240012,0.06155199929999999,0.0882240012,58.9701074801614,88.35690564893581,19.207525224347965,256,64,0,2,40,108,20260921-092602-dafbf8,26
qwen35_122b,8,3072,1024,256,8,96,cp.async,valid,0.23872719008713414,0.161919996,deepgemm_m128,0.495776559987109,0.07796799765,48.15217365123946,0.4283544429942093,0.0902400017,0.08003199845,0.0902400017,55.73122772310345,86.40070498801863,26.561265478292118,256,64,0,2,40,108,20260921-092602-dafbf8,27
qwen35_122b,8,3072,1024,256,8,128,cp.async,valid,0.29590534645035727,0.174175993,deepgemm_m128,0.6610354133161453,0.07796799765,44.76391740737772,0.5598723299087489,0.092056000625,0.10041599749999999,0.10041599749999999,57.65203101210395,77.64499640607563,31.7655780495536,256,64,0,2,40,108,20260921-092602-dafbf8,28
qwen35_122b,8,3072,1024,256,8,192,tma,valid,0.40026825025748536,0.193144001,deepgemm_m128,0.8564051943108619,0.0902720019,46.738185722889725,0.6388362937552946,0.1210159975,0.0974240005,0.1210159975,62.65584065435198,74.5950979745467,7.650249903438633,256,64,0,2,40,108,20260921-092602-dafbf8,29
qwen35_122b,8,3072,1024,256,8,256,tma,valid,0.5073994569078851,0.20315200125,deepgemm_m128,1.1411656672762769,0.090328002375,44.463259933059604,0.8173624708303928,0.12611199899999997,0.116784003,0.12611199899999997,62.07765526503765,71.62522447606275,1.3782794325290837,256,64,0,2,40,108,20260921-092602-dafbf8,30
qwen35_122b,8,3072,1024,256,8,384,tma,valid,0.5943403252346163,0.26015199725,deepgemm_m128,1.3230662880510777,0.116864003,44.92143217631976,0.8724091859089946,0.17723199750000002,0.14642400325,0.17723199750000002,68.12632590695978,65.93843360592942,-2.690734387586946,256,64,0,8,40,108,20260921-092602-dafbf8,31
qwen35_122b,8,3072,1024,256,8,512,tma,valid,0.6973292880902346,0.29563999925,deepgemm_m256,1.5697023680331361,0.131336,44.42429993680904,0.9363006783847772,0.22018400175000002,0.17321599999999998,0.22018400175000002,74.47706748362131,59.64829367990174,4.6624268654337,256,64,0,8,40,108,20260921-092602-dafbf8,32
qwen35_122b,8,3072,1024,256,8,1024,tma,valid,0.8601833772985354,0.47933600125,deepgemm_m256,1.6836956761044182,0.24488799625000002,51.08900554337406,1.0510136457006787,0.392304003,0.3256560045,0.392304003,81.84321686185886,62.42301745006665,0.04506374431227922,256,64,0,8,40,108,20260921-092602-dafbf8,33
qwen35_122b,8,3072,1024,256,8,2048,tma,valid,0.9730145414852641,0.847504005,deepgemm_m256,1.7060163631435414,0.48336800199999996,57.03430298243841,1.1198298333367434,0.73639199125,0.628752008,0.73639199125,86.88949986141952,65.64004059570222,2.8337337768686854,256,64,0,8,40,108,20260921-092602-dafbf8,34
qwen35_122b,8,3072,1024,256,8,4096,tma,valid,1.0349526607361594,1.593568,deepgemm_m256,1.5697980133312361,1.05062398325,65.92903366847224,1.192218541568355,1.3833600000000001,1.2330719824999998,1.3833600000000001,86.8089720677122,75.94725763720216,-0.5793281177834841,256,64,0,8,40,108,20260921-092602-dafbf8,35
qwen35_122b,8,3072,1024,256,8,8192,tma,valid,1.067896208992929,3.0888159875,deepgemm_m256,1.447563871855633,2.2786800275,73.77195782207471,1.213706878541354,2.717736005,2.4451599699999997,2.717736005,87.98633573506133,83.84478931389071,0.5358697334831186,256,64,0,8,40,108,20260921-092602-dafbf8,36
qwen3_235b,4,4096,1536,128,8,1,cp.async,valid,0.004073293349484414,0.19770399500000002,cutlass_stock,0.0057007190446674225,0.14126399875,71.45227325831225,0.005041230706114399,0.159744002,0.02468799985,0.159744002,80.79958222392015,88.43148849494831,0.9832888050643529,128,64,0,4,20,128,20260921-091534-e5fc1d,37
qwen3_235b,4,4096,1536,128,8,8,cp.async,valid,0.032767998833333374,0.196608007,cutlass_stock,0.0455850996744633,0.1413279995,71.88313520720445,0.03881368710860215,0.16598399749999998,0.0307199992,0.16598399749999998,84.42382384762183,85.14555717939015,14.115393199626913,128,64,0,4,20,128,20260921-091534-e5fc1d,38
qwen3_235b,4,4096,1536,128,8,16,cp.async,valid,0.05850603890957058,0.22023199875,deepgemm_m128,0.08970773937953663,0.14363199850000002,65.21849654692835,0.07858947648522288,0.1639520005,0.04821599835,0.1639520005,74.44513123913153,87.60612744093964,-0.9444573276389256,128,64,0,4,20,128,20260921-091534-e5fc1d,39
qwen3_235b,4,4096,1536,128,8,32,cp.async,valid,0.12330993505591414,0.2089840025,cutlass_stock,0.1796957191101761,0.14340800050000002,68.62152068314417,0.16556463902493107,0.155647993,0.06764800105,0.155647993,74.47842473014174,92.13610643858415,7.384295599372481,128,64,0,4,20,128,20260921-091534-e5fc1d,40
qwen3_235b,4,4096,1536,128,8,64,cp.async,valid,0.25150105736529293,0.20492799550000002,cutlass_stock,0.35421436599153316,0.14550400125000001,71.00250060758536,0.33121438571040807,0.15560799825,0.10451199850000001,0.15560799825,75.93301143181289,93.50676243275947,20.96346226155319,128,64,0,4,20,128,20260921-091534-e5fc1d,41
qwen3_235b,4,4096,1536,128,8,96,cp.async,valid,0.35609390089412585,0.217104003,deepgemm_m128,0.5331389329899514,0.14500800175,66.79195212720238,0.5030806666692121,0.15367199825,0.138351999,0.15367199825,70.78266458771836,94.36202001752783,35.901685101587,128,64,0,4,20,128,20260921-091534-e5fc1d,42
qwen3_235b,4,4096,1536,128,8,128,cp.async,valid,0.41059563325649795,0.25104800625,deepgemm_m128,0.7177818256108166,0.14360800375,57.203403402850164,0.6529290549111245,0.15787199899999999,0.173208002,0.173208002,68.99397632639037,82.91072126679228,40.72208669452439,128,64,0,4,20,128,20260921-091534-e5fc1d,43
qwen3_235b,4,4096,1536,128,8,192,tma,valid,0.4837885432504701,0.31960000875,deepgemm_m256,0.8988630164261359,0.17201600225000002,53.82227707776933,0.6263523059931015,0.2468559965,0.130112,0.2468559965,77.2390456012464,69.68273191208463,2.770960734524719,128,64,0,4,20,128,20260921-091534-e5fc1d,44
qwen3_235b,4,4096,1536,128,8,256,tma,valid,0.7013909255378097,0.2939279975,deepgemm_m256,1.1973702839954699,0.1721760035,58.577612532470646,0.8712490196678166,0.23662400249999999,0.13615999750000002,0.23662400249999999,80.50407055898103,72.76354117964006,-0.7484827130154414,128,64,0,4,20,128,20260921-091534-e5fc1d,45
qwen3_235b,4,4096,1536,128,8,384,tma,valid,0.8775188635238285,0.3523999975,deepgemm_m128,1.383787013760299,0.22347199550000002,63.41430110254187,1.0447782492026596,0.295984,0.21775999675,0.295984,83.99092000561096,75.50137693253689,-1.1055592445059381,256,64,1,4,20,128,20260921-091534-e5fc1d,46
qwen3_235b,4,4096,1536,128,8,512,tma,valid,0.9472799364493284,0.43526400649999997,deepgemm_m128,1.5074909025853611,0.27351200575,62.838185943592386,1.1122535743218331,0.37070401025,0.25303199175,0.37070401025,85.16762349151423,73.78177688597046,-0.9630958883341534,256,64,1,4,20,128,20260921-091534-e5fc1d,47
qwen3_235b,4,4096,1536,128,8,1024,tma,valid,0.9517669314218145,0.8664240095,deepgemm_m128,1.52522401531994,0.5406640025,62.40177979509235,1.0781442498631921,0.7648639975,0.356480002,0.7648639975,88.27825511684415,70.68759992197175,-0.13573207079967675,256,64,1,4,40,108,20260921-091534-e5fc1d,48
qwen3_235b,4,4096,1536,128,8,2048,tma,valid,1.1234669177779124,1.4680160275,cutlass_stock,1.4470507999931468,1.1397439825,77.63838821575808,1.2466269157298735,1.3229839825,0.920800015,1.3229839825,90.12054076500878,86.14949217648596,-0.9138898859876288,256,64,1,4,20,128,20260921-091534-e5fc1d,49
qwen3_235b,4,4096,1536,128,8,4096,tma,valid,1.0651953038559419,3.0966479775,deepgemm_m256,1.4316905680284238,2.3039439925000003,74.40122381492102,1.209817984241775,2.72647202,1.3091760300000002,2.72647202,88.04591415654382,84.50275578107713,-1.885391653304258,256,64,1,4,40,108,20260921-091534-e5fc1d,50
qwen3_235b,4,4096,1536,128,8,8192,tma,valid,1.1573010933211472,5.70039189,deepgemm_m256,1.4034789606923785,4.7005120499999995,82.45945437972335,1.2970690586540397,5.086136102499999,3.6127280600000002,5.086136102499999,89.22432353155284,92.41813343708098,-1.5576446183597215,256,64,1,4,20,128,20260921-091534-e5fc1d,51
qwen3_235b,8,4096,1536,128,8,1,cp.async,valid,0.0030954273181712307,0.1300799995,deepgemm_m128,0.005167520510917369,0.07791999725,59.901597132155594,0.004565642909043418,0.088192001,0.0246239994,0.088192001,67.79827901213977,88.35268093077964,2.373921826468006,128,64,0,4,20,128,20260921-092602-dafbf8,37
qwen3_235b,8,4096,1536,128,8,8,cp.async,valid,0.024558014484524434,0.131167993,deepgemm_m128,0.041323193443503485,0.0779519975,59.429130321449676,0.03396484001472572,0.094840001325,0.0287999995,0.094840001325,72.30422541038651,82.19316365556787,1.591856520973045,128,64,0,4,20,128,20260921-092602-dafbf8,38
qwen3_235b,8,4096,1536,128,8,16,cp.async,valid,0.04728196209152942,0.13625599825,deepgemm_m128,0.0826718402261982,0.077927997325,57.19234259472316,0.07067810754768157,0.0911520012,0.032719999550000003,0.0911520012,66.89760624905186,85.49236034216658,1.6146076343468208,128,64,0,4,20,128,20260921-092602-dafbf8,39
qwen3_235b,8,4096,1536,128,8,32,cp.async,valid,0.09252672678281955,0.13925600025,deepgemm_m128,0.16525885332903634,0.07796799765,55.98896816656199,0.14133140690010937,0.0911680013,0.04417599925,0.0911680013,65.46791602252699,85.52123172409615,9.69150106693517,128,64,0,4,20,128,20260921-092602-dafbf8,40
qwen3_235b,8,4096,1536,128,8,64,cp.async,valid,0.1794454607761311,0.14360800025,deepgemm_m128,0.3305855475480279,0.0779519975,54.28109671069665,0.30646232415930985,0.08408799955,0.06768800135,0.08408799955,58.55384059635633,92.70288021734726,25.486043386360713,128,64,0,4,20,128,20260921-092602-dafbf8,41
qwen3_235b,8,4096,1536,128,8,96,cp.async,valid,0.23430502272873013,0.16497600099999998,deepgemm_m128,0.495776559987109,0.07796799765,47.26020583442316,0.45964975561096727,0.0840959996,0.091312002375,0.091312002375,55.34865787842682,85.38636282424422,31.61672102841193,128,64,0,4,20,128,20260921-092602-dafbf8,42
qwen3_235b,8,4096,1536,128,8,128,cp.async,valid,0.27629845048260837,0.18653599925,deepgemm_m128,0.6611710950960558,0.0779519975,41.789251304530694,0.5984071087478977,0.08612800015,0.11469600175,0.11469600175,61.48732802845293,67.96400599029599,32.33692021514716,128,64,0,4,20,128,20260921-092602-dafbf8,43
qwen3_235b,8,4096,1536,128,8,192,tma,valid,0.3772810348945901,0.20491199975000002,deepgemm_m256,0.8567088859884185,0.0902400017,44.038417374334365,0.6285318096346636,0.122999998,0.0942480024,0.122999998,60.02576625579,73.36585623359116,4.489733403228846,128,64,0,4,20,128,20260921-092602-dafbf8,44
qwen3_235b,8,4096,1536,128,8,256,tma,valid,0.5472922638695076,0.18834400175,deepgemm_m256,1.1412667457826227,0.09032000230000001,47.95480687507481,0.8230534696929382,0.12523999824999998,0.10575200074999999,0.12523999824999998,66.49534738899642,72.11753717826326,2.2894284978205004,128,64,0,4,20,128,20260921-092602-dafbf8,45
qwen3_235b,8,4096,1536,128,8,384,tma,valid,0.7085066521809817,0.21823199849999997,deepgemm_m128,1.320084229442913,0.11712799775,53.671321600438915,0.961225081406817,0.16085600099999997,0.123999998,0.16085600099999997,73.7087146273831,72.81543555841601,0.9531143527515384,256,64,1,4,20,128,20260921-092602-dafbf8,46
qwen3_235b,8,4096,1536,128,8,512,tma,valid,0.8050547600847671,0.256080009,deepgemm_m256,1.4369244784423125,0.14347200100000002,56.02624022088347,1.0708416056754289,0.19252000400000002,0.1434560045,0.19252000400000002,75.17963028500206,74.52316539532173,0.8028722187369164,256,64,1,4,20,128,20260921-092602-dafbf8,47
qwen3_235b,8,4096,1536,128,8,1024,tma,valid,0.849129412492041,0.48557599625000003,deepgemm_m256,1.6460543567281016,0.250487998,51.585745575247834,1.0595918393530022,0.38912800675000003,0.21117600425,0.38912800675000003,80.13740583454552,64.37161901865599,-0.7315002239466684,256,64,1,4,40,108,20260921-092602-dafbf8,48
qwen3_235b,8,4096,1536,128,8,2048,tma,valid,1.0793295972964845,0.7640240042499999,deepgemm_m256,1.728009352846402,0.4772160055,62.46086547613861,1.2256598459516037,0.6728079764999999,0.51497598,0.6728079764999999,88.06110446234713,70.9290053281644,0.5319196749570043,256,64,1,4,20,128,20260921-092602-dafbf8,49
qwen3_235b,8,4096,1536,128,8,4096,tma,valid,1.0560042508797474,1.5618000025,deepgemm_m256,1.5825958268656029,1.04212801125,66.72608589972133,1.2178330202289507,1.35426402,0.77828800675,1.35426402,86.71174400257436,76.95161326445046,-0.12805592885122286,256,64,1,4,40,108,20260921-092602-dafbf8,50
qwen3_235b,8,4096,1536,128,8,8192,tma,valid,1.18012518556796,2.7950720175,deepgemm_m256,1.4446171949676463,2.283327995,81.6912044020347,1.3437169707315253,2.4547839725,1.9006719875,2.4547839725,87.82542836572904,93.01543519019371,-0.0543826774581313,256,64,1,4,20,128,20260921-092602-dafbf8,51
kimi_k25,4,7168,2048,384,8,1,cp.async,valid,0.005982858083387618,0.9422159940000001,cutlass_stock,0.006795080650634176,0.82959200425,88.04690320826796,0.0063409379569636,0.8890080007500001,0.1189120005,0.8890080007500001,94.3528879164834,93.3165959755284,6.305986247140671,256,64,0,8,40,108,20260921-091534-e5fc1d,52
kimi_k25,4,7168,2048,384,8,8,cp.async,valid,0.04692458805863412,0.9610559937500001,cutlass_stock,0.05356414839129738,0.84192800525,87.60446953406246,0.050320864999621344,0.89619199925,0.1567360015,0.89619199925,93.2507580284783,93.94504815425576,7.629111022335788,256,64,0,8,40,108,20260921-091534-e5fc1d,53
kimi_k25,4,7168,2048,384,8,16,cp.async,valid,0.09269637592703929,0.973007977,cutlass_stock,0.10560207949833433,0.8540959955,87.77893045988873,0.09896672088069695,0.911360025,0.1853440035,0.911360025,93.66418842833393,93.7166401938685,9.303112116212354,256,64,0,8,40,108,20260921-091534-e5fc1d,54
kimi_k25,4,7168,2048,384,8,32,cp.async,valid,0.18310145502624853,0.985184014,cutlass_stock,0.21068121449263016,0.8562159985,86.9092460223375,0.19659428699223538,0.9175679985,0.1833759995,0.9175679985,93.13671207214696,93.31362906070224,10.813814423099256,256,64,0,8,40,108,20260921-091534-e5fc1d,55
kimi_k25,4,7168,2048,384,8,64,cp.async,valid,0.35803327687916614,1.007664025,cutlass_stock,0.4173382738110576,0.8644720015,85.78970570076669,0.39139023182338306,0.9217839985,0.302327998,0.9217839985,91.47731541770582,93.78249165821248,16.61268025322231,256,64,0,8,40,108,20260921-091534-e5fc1d,56
kimi_k25,4,7168,2048,384,8,96,cp.async,valid,0.5186402952876669,1.0434319975,deepgemm_m128,0.6202161555039671,0.8725439905,83.62250655438616,0.5775762996204463,0.936959982,0.42194399974999997,0.936959982,89.79597944522494,93.12500077511314,21.11723409172146,256,64,0,8,40,108,20260921-091534-e5fc1d,57
kimi_k25,4,7168,2048,384,8,128,cp.async,valid,0.6692114697733509,1.0782159875000001,deepgemm_m128,0.8284664337912258,0.87095201,80.7771374285989,0.7575916304667767,0.952431992,0.53913599275,0.952431992,88.33406321569683,91.44506036290306,31.203397918452747,256,64,0,8,40,108,20260921-091534-e5fc1d,58
kimi_k25,4,7168,2048,384,8,192,tma,valid,0.5369050005405788,2.0158720025,deepgemm_m256,1.0236403149357434,1.0573360025,52.45055247499525,0.7474997072847201,1.4479360300000002,0.38403199600000004,1.4479360300000002,71.82678405198001,73.02366821412683,0.08135238735229589,256,64,0,8,40,108,20260921-091534-e5fc1d,59
kimi_k25,4,7168,2048,384,8,256,tma,valid,0.8726314354265878,1.6537440125,deepgemm_m256,1.3144888655090083,1.0978480300000002,66.38560875817532,0.9554634296055601,1.5103759774999999,0.46692000349999996,1.5103759774999999,91.33069967804342,72.68706907118431,-1.047321101034071,256,64,0,8,40,108,20260921-091534-e5fc1d,60
kimi_k25,4,7168,2048,384,8,384,tma,valid,0.9600041831573475,2.2548480050000004,cutlass_stock,1.2568066687180086,1.7223520300000001,76.38439602939002,1.0575222844762835,2.0469200025000003,0.6799360215,2.0469200025000003,90.77862445544305,84.14359270984748,-1.158390607352744,256,64,1,8,40,108,20260921-091534-e5fc1d,61
kimi_k25,4,7168,2048,384,8,512,tma,valid,1.0029474734628387,2.8777359725,deepgemm_m256,1.2786899465637696,2.2571679949999996,78.43554852042631,1.0974346344837105,2.6299680475000002,0.9002159985,2.6299680475000002,91.39017869020297,85.82492084440428,-0.7675495671276233,256,64,1,8,40,108,20260921-091534-e5fc1d,62
kimi_k25,4,7168,2048,384,8,1024,tma,valid,1.0642302532442622,5.424048065,deepgemm_m256,1.3480297832116985,4.282127975,78.94708755682828,1.1724491191176403,4.923400045,1.7735199925,4.923400045,90.7698454364637,86.975015961759,-2.6122185552572175,256,64,1,8,40,108,20260921-091534-e5fc1d,63
kimi_k25,4,7168,2048,384,8,2048,tma,valid,1.0700182485684706,10.789416074999998,deepgemm_m256,1.350732406553933,8.5471200925,79.21763358727458,1.1482106134443089,10.05466415,3.563440025,10.05466415,93.19006774887029,85.0065200089254,-1.2690214099468577,256,64,1,8,40,108,20260921-091730-70b6a7,0
kimi_k25,4,7168,2048,384,8,4096,tma,valid,1.0683796551282236,21.611928,cutlass_stock,1.293250412993495,17.854039675000003,82.61197092179839,1.1392670359105919,20.267192375,7.697591900000001,20.267192375,93.77780813909801,88.09330540042303,-1.2966542133584613,256,64,1,8,40,108,20260921-091730-70b6a7,1
kimi_k25,4,7168,2048,384,8,8192,tma,insufficient_memory,,,,,,,,,,,,,,,,,,,,20260921-091730-70b6a7,2
kimi_k25,8,7168,2048,384,8,1,cp.async,valid,0.005402627297839614,0.521704003,cutlass_stock,0.006431337552284103,0.43825600275,84.00472302874012,0.006007904344900907,0.469144002,0.0677920021,0.469144002,89.92532150457738,93.41609418039624,7.579777282253297,256,64,0,8,40,108,20260921-092602-dafbf8,52
kimi_k25,8,7168,2048,384,8,8,cp.async,valid,0.04169485594586857,0.540800005,deepgemm_m128,0.050958621033790744,0.442488,81.82100516067857,0.04684893140607096,0.48130400475,0.0891040005,0.48130400475,88.99852076554622,91.93524168365025,6.449706393771204,256,64,0,8,40,108,20260921-092602-dafbf8,53
kimi_k25,8,7168,2048,384,8,16,cp.async,valid,0.08321736800097265,0.5419200065,deepgemm_m128,0.10165992617751496,0.44360800075,81.85857606827437,0.09331939208494677,0.483256005,0.10336799899999999,0.483256005,89.17478579931334,91.79565202712794,9.272213868708668,256,64,0,8,40,108,20260921-092602-dafbf8,54
kimi_k25,8,7168,2048,384,8,32,cp.async,valid,0.16432907253107598,0.548864007,deepgemm_m128,0.20383079815251684,0.44249600175000003,80.6203351115352,0.18741441502378087,0.481256008,0.1054719985,0.481256008,87.68219483555968,91.94607327374914,12.915402922385466,256,64,0,8,40,108,20260921-092602-dafbf8,55
kimi_k25,8,7168,2048,384,8,64,cp.async,valid,0.32253723332088063,0.559280008,deepgemm_m128,0.4077721786684325,0.44237600275,79.09741031723058,0.3715492063395486,0.4855040015,0.17092800149999998,0.4855040015,86.8087531389107,91.11686029018239,21.406092750949888,256,64,0,8,40,108,20260921-092602-dafbf8,56
kimi_k25,8,7168,2048,384,8,96,cp.async,valid,0.465155709730988,0.58170400575,deepgemm_m128,0.6128330245148664,0.44152800000000003,75.90252011944307,0.5501173855427295,0.49186400350000004,0.23150400100000001,0.49186400350000004,84.55571882573373,89.76627621825959,28.15864845022169,256,64,0,8,40,108,20260921-092602-dafbf8,57
kimi_k25,8,7168,2048,384,8,128,cp.async,valid,0.5969417232384134,0.6043760032500001,deepgemm_m128,0.8156033696444777,0.442343995,73.19019825759436,0.7190235342591254,0.501760006,0.29394400125,0.501760006,83.02116617830822,88.15848009217378,35.73801778007637,256,64,0,8,40,108,20260921-092602-dafbf8,58
kimi_k25,8,7168,2048,384,8,192,tma,valid,0.49993522284718506,1.0824719975,deepgemm_m256,1.0757225327970268,0.50307199375,46.47436561055244,0.7199571770568658,0.751663983,0.226367999,0.751663983,69.4395776275035,66.9277769226306,-0.0827714252257028,256,64,0,8,40,108,20260921-092602-dafbf8,59
kimi_k25,8,7168,2048,384,8,256,tma,valid,0.7961436047878231,0.90631200375,deepgemm_m256,1.4147461904406426,0.51002399625,56.27465973524573,0.9275910260596548,0.77787999825,0.2715680005,0.77787999825,85.82916203596625,65.56589671895449,-0.3875072530727164,256,64,0,8,40,108,20260921-092602-dafbf8,60
kimi_k25,8,7168,2048,384,8,384,tma,valid,0.9047418095820344,1.1962879874999999,deepgemm_m128,1.3897571449522144,0.77879200875,65.1007129460121,1.0366685983151163,1.0440479825,0.403528005,1.0440479825,87.27396692178188,74.59350736784744,-0.14578178651145635,256,64,1,8,40,108,20260921-092602-dafbf8,61
kimi_k25,8,7168,2048,384,8,512,tma,valid,0.9624936096550906,1.4993439925,deepgemm_m256,1.5934123938319609,0.9056720137500001,60.4045514758682,1.0899153898747485,1.3240560000000001,0.52453599875,1.3240560000000001,88.30902092002746,68.40133753783829,-0.4247179120904776,256,64,1,8,40,108,20260921-092602-dafbf8,62
kimi_k25,8,7168,2048,384,8,1024,tma,valid,1.0615810263088825,2.71879202,deepgemm_m256,1.380505847800628,2.0906959775,76.89797388400456,1.1817487464647332,2.442327975,1.0404880025,2.442327975,89.83136470291684,85.60258896023167,-0.3854669619046458,256,64,1,8,40,108,20260921-092602-dafbf8,63
kimi_k25,8,7168,2048,384,8,2048,tma,valid,1.0897919338728863,5.296823977500001,deepgemm_m256,1.3895662198195466,4.154128075,78.42677220625083,1.1990038467687014,4.814359905,2.06724006,4.814359905,90.89144599576227,86.28619706403109,-0.47469913304291067,256,64,1,8,40,108,20260921-092807-f797f6,0
kimi_k25,8,7168,2048,384,8,4096,tma,valid,1.0638034931517757,10.852447999999999,cutlass_stock,1.335219279270712,8.6464240525,79.67256836890627,1.146139636369149,10.072832075,4.148568035,10.072832075,92.81622058912424,85.83905686226781,-0.403816493753284,256,64,1,8,40,108,20260921-092807-f797f6,1
kimi_k25,8,7168,2048,384,8,8192,tma,valid,1.0655763632190416,21.668784125000002,,,,,1.1453232118590688,20.16002465,9.4167838125,20.16002465,93.03717519960294,,-0.0386904495962237,256,64,1,8,40,108,20260921-092807-f797f6,2
mimo_v2_flash;mimo_v25,4,4096,2048,256,8,1,cp.async,valid,0.005320188943632185,0.403648004,cutlass_stock,0.006471754963104243,0.33182400450000005,82.20627903810967,0.005889842300486302,0.36460800449999997,0.04719999995,0.36460800449999997,90.328206974114,91.0084255980727,4.290865389736953,256,64,0,4,40,108,20260921-091730-70b6a7,3
mimo_v2_flash;mimo_v25,4,4096,2048,256,8,8,cp.async,valid,0.04256826096924329,0.4035840035,cutlass_stock,0.05081598953790785,0.338079989,83.76942249149377,0.04711253650928874,0.3646560015,0.065744001425,0.3646560015,90.35442394584402,92.71203205468154,5.581983503962129,256,64,0,4,40,108,20260921-091730-70b6a7,4
mimo_v2_flash;mimo_v25,4,4096,2048,256,8,16,cp.async,valid,0.08302180968498658,0.4138640015,cutlass_stock,0.1010532963451728,0.34001600750000005,82.15645870809087,0.09345418339026396,0.3676639945,0.07691199705,0.3676639945,88.83691095805537,92.48009394077343,5.170781928952106,256,64,0,4,40,108,20260921-091730-70b6a7,5
mimo_v2_flash;mimo_v25,4,4096,2048,256,8,32,cp.async,valid,0.16528004699318868,0.4157759995,cutlass_stock,0.1990345829232516,0.3452640025,83.04086886092617,0.184325451110304,0.37281599649999997,0.07475200295000001,0.37281599649999997,89.66751254241167,92.60976077779432,9.370430784088569,256,64,0,4,40,108,20260921-091730-70b6a7,6
mimo_v2_flash;mimo_v25,4,4096,2048,256,8,64,cp.async,valid,0.3194709398963801,0.430207998,cutlass_stock,0.39130533000311096,0.3512319995,81.64236860608064,0.36273529991731407,0.37889599799999996,0.116848003,0.37889599799999996,88.07274615103738,92.69878841528435,15.94949485341739,256,64,0,4,40,108,20260921-091730-70b6a7,7
mimo_v2_flash;mimo_v25,4,4096,2048,256,8,96,cp.async,valid,0.46171687508544296,0.446503997,deepgemm_m128,0.5849992920152199,0.3524079995,78.92605707178026,0.5381602563831065,0.38307999849999996,0.14959200075,0.38307999849999996,85.79542424566469,91.9933175524433,20.54897786278942,256,64,0,4,40,108,20260921-091730-70b6a7,8
mimo_v2_flash;mimo_v25,4,4096,2048,256,8,128,cp.async,valid,0.5963989857668541,0.460896,deepgemm_m128,0.7802293009106497,0.35230400424999997,76.43893725482538,0.702638753100371,0.391208008,0.194504004,0.391208008,84.87988787058252,90.0554173344018,27.308546722037065,256,64,0,4,40,108,20260921-091730-70b6a7,9
mimo_v2_flash;mimo_v25,4,4096,2048,256,8,192,tma,valid,0.5108950847147126,0.807048008,deepgemm_m256,1.02182058292649,0.4035119935,49.99851179856948,0.717661896611581,0.57452800875,0.159736,0.57452800875,71.18882681759868,70.23365046691468,-0.11498693272283811,256,64,0,4,40,108,20260921-091730-70b6a7,10
mimo_v2_flash;mimo_v25,4,4096,2048,256,8,256,tma,valid,0.807277284048729,0.6809999794999999,deepgemm_m256,1.320893338812486,0.41620000475,61.11600841098117,0.9222234011407099,0.59612,0.19052000349999998,0.59612,87.53597914021671,69.81815821478897,-0.738911696252087,256,64,0,4,40,108,20260921-091730-70b6a7,11
mimo_v2_flash;mimo_v25,4,4096,2048,256,8,384,tma,valid,0.8986618958614702,0.917623997,deepgemm_m128,1.3882909670846197,0.5939919947500001,64.7315236624092,1.0040541779274825,0.82130400825,0.29096800075,0.82130400825,89.50332717268728,72.32303614536755,0.053180578493527975,256,64,0,2,40,108,20260921-091730-70b6a7,12
mimo_v2_flash;mimo_v25,4,4096,2048,256,8,512,tma,valid,0.9646531129404008,1.13980001,deepgemm_m128,1.4666099960186998,0.7496959864999999,65.77434461506978,1.05831356554698,1.0389280300000001,0.3565599995,1.0389280300000001,91.15002815274586,72.16053132188568,-0.2793487868104183,256,64,0,2,40,108,20260921-091730-70b6a7,13
mimo_v2_flash;mimo_v25,4,4096,2048,256,8,1024,tma,valid,1.043964407429216,2.1064159275,cutlass_stock,1.3855221925478514,1.587144015,75.34808269721461,1.1440518486264664,1.92213601,0.6891519875000001,1.92213601,91.25149429919509,82.57188912453704,-1.5115680423946065,256,64,0,2,40,108,20260921-091730-70b6a7,14
mimo_v2_flash;mimo_v25,4,4096,2048,256,8,2048,tma,valid,1.0986151715287222,4.00326395,deepgemm_m256,1.4081463325787735,3.1232879775,78.01853728630608,1.1996958072526143,3.66596806,1.297480015,3.66596806,91.57447787073845,85.19681367600349,-2.910422194369666,256,64,0,2,40,108,20260921-091730-70b6a7,15
mimo_v2_flash;mimo_v25,4,4096,2048,256,8,4096,tma,valid,1.0718242973608638,8.20665574,deepgemm_m256,1.4021485453517446,6.273296114999999,76.44156540432631,1.1829765580527831,7.43555987,2.545007945,7.43555987,90.60401831842893,84.3688467940478,-2.2548481788758346,256,64,0,2,40,108,20260921-091730-70b6a7,16
mimo_v2_flash;mimo_v25,4,4096,2048,256,8,8192,tma,valid,1.0209362947620022,17.231423874999997,cutlass_stock,1.2885911234568779,13.652263875,79.22887843765031,1.1026669246872463,15.954215775,5.050415995,15.954215775,92.58791316802892,85.5715133074286,-0.5115295499629524,256,64,0,2,40,108,20260921-091730-70b6a7,17
mimo_v2_flash;mimo_v25,8,4096,2048,256,8,1,cp.async,valid,0.004597127243265462,0.23356800174999998,deepgemm_m128,0.005888550320183758,0.18234400075,78.0689132859784,0.005574057249728569,0.192632005,0.024704,0.192632005,82.47362804695486,94.65924457880196,3.5587041836735667,256,64,0,4,40,108,20260921-092807-f797f6,3
mimo_v2_flash;mimo_v25,8,4096,2048,256,8,8,cp.async,valid,0.035847554555312605,0.23962400499999997,deepgemm_m128,0.04708774350616358,0.1824240015,76.12926822586077,0.045056515453650775,0.19064800075,0.0288319997,0.19064800075,79.56131137612861,95.68629137591415,0.47741272832828585,256,64,0,4,40,108,20260921-092807-f797f6,4
mimo_v2_flash;mimo_v25,8,4096,2048,256,8,16,cp.async,valid,0.06930943797898272,0.24787200250000002,deepgemm_m128,0.0942250731477747,0.18232800049999998,73.55731936687765,0.08830113729595569,0.19455999899999998,0.032912000999999996,0.19455999899999998,78.49212377263139,93.71299415970905,3.308160831919693,256,64,0,4,40,108,20260921-092807-f797f6,5
mimo_v2_flash;mimo_v25,8,4096,2048,256,8,32,cp.async,valid,0.139728262157559,0.2459039985,deepgemm_m128,0.18849150054165525,0.1822879985,74.12974153000607,0.176471658262538,0.1947040035,0.0451840013,0.1947040035,79.17886845585393,93.62313831415388,8.75138128345645,256,64,0,4,40,108,20260921-092807-f797f6,6
mimo_v2_flash;mimo_v25,8,4096,2048,256,8,64,cp.async,valid,0.26404568868981826,0.2602560075,deepgemm_m128,0.37881172285736464,0.18140799924999998,69.7036740832966,0.3495964504670997,0.19656800475000002,0.0697600022,0.19656800475000002,75.52870984159703,92.28765356840198,17.272219931368937,256,64,0,4,40,108,20260921-092807-f797f6,7
mimo_v2_flash;mimo_v25,8,4096,2048,256,8,96,cp.async,valid,0.37109823569634287,0.277768001,deepgemm_m128,0.5712152236001073,0.18045600125,64.96644703505643,0.518444530004482,0.19882399975,0.09425600245,0.19882399975,71.57915923872024,90.7616794134029,23.150255345647253,256,64,0,4,40,108,20260921-092807-f797f6,8
mimo_v2_flash;mimo_v25,8,4096,2048,256,8,128,cp.async,valid,0.46739039809203964,0.2940560055,deepgemm_m128,0.7574898260588481,0.18143999924999998,61.70253144175285,0.677439653288635,0.202879995,0.11722400024999999,0.202879995,68.99365808055228,89.43217849054066,28.527894493214156,256,64,0,4,40,108,20260921-092807-f797f6,9
mimo_v2_flash;mimo_v25,8,4096,2048,256,8,192,tma,valid,0.4542455363114855,0.4538480045,deepgemm_m256,0.9959344358267203,0.20700000200000002,45.60998394783071,0.6915097675643083,0.298128009,0.1106,0.298128009,65.68895446140493,69.43326213941877,1.0858260807886655,256,64,0,4,40,108,20260921-092807-f797f6,10
mimo_v2_flash;mimo_v25,8,4096,2048,256,8,256,tma,valid,0.6952597931273233,0.395359993,deepgemm_m256,1.3271944791340748,0.20711200300000002,52.38567550257925,0.8814031663806546,0.31186398849999997,0.1291280015,0.31186398849999997,78.88101831790551,66.41100307738803,0.18413686586644662,256,64,0,4,40,108,20260921-092807-f797f6,11
mimo_v2_flash;mimo_v25,8,4096,2048,256,8,384,tma,valid,0.8002796225621047,0.515215993,deepgemm_m128,1.4276503979565969,0.288808003,56.055713899393645,0.9679890186688217,0.425952002,0.17204000074999998,0.425952002,82.67445261544898,67.80294531870751,-0.3943971125911827,256,64,0,2,40,108,20260921-092807-f797f6,12
mimo_v2_flash;mimo_v25,8,4096,2048,256,8,512,tma,valid,0.8871952019819261,0.61965598175,deepgemm_m256,1.599727111666633,0.343655996,55.45915897228406,1.043259096262279,0.5269600004999999,0.2140799985,0.5269600004999999,85.04073486255825,65.21481624296455,-0.5073752763785078,256,64,0,2,40,108,20260921-092807-f797f6,13
mimo_v2_flash;mimo_v25,8,4096,2048,256,8,1024,tma,valid,1.0081490894119165,1.0906240349999998,deepgemm_m256,1.6828366391754677,0.653368011,59.90772163754855,1.118417367539076,0.9830959887499999,0.40346400425,0.9830959887499999,90.140686176057,66.46024584341485,-0.27654121889951755,256,64,0,2,40,108,20260921-092807-f797f6,14
mimo_v2_flash;mimo_v25,8,4096,2048,256,8,2048,tma,valid,1.1043353882188671,1.9912639575,deepgemm_m256,1.465319957834748,1.5007120075,75.36479540282143,1.216677697665415,1.8073999875,0.777735993,1.8073999875,90.76646924143405,83.03153800370379,0.057454964505887496,256,64,0,2,40,108,20260921-092807-f797f6,15
mimo_v2_flash;mimo_v25,8,4096,2048,256,8,4096,tma,valid,1.0608684265152426,4.14570403,deepgemm_m256,1.440150413083482,3.0538799775000003,73.66372407197626,1.239668572025004,3.54775995,1.4941280199999998,3.54775995,85.57677837894279,86.0791040132239,-1.0356737284981432,256,64,0,2,40,108,20260921-092807-f797f6,16
mimo_v2_flash;mimo_v25,8,4096,2048,256,8,8192,tma,valid,1.0385556872618076,8.469543935,deepgemm_m256,1.4034532886924018,6.2674640425,74.00001807181133,1.1243565412962517,7.82322395,2.896423935,7.82322395,92.36889270590932,80.1135706015421,-0.3733830326957399,256,64,0,2,40,108,20260921-092807-f797f6,17
mimo_v25_pro,4,6144,2048,384,8,1,cp.async,valid,0.005999063950799811,0.805432022,cutlass_stock,0.006758950139309396,0.71487999,88.75733401123702,0.006299067438770467,0.767071992,0.09732799980000001,0.767071992,95.2373348771574,93.19594476863654,7.30738018757342,256,64,1,8,40,108,20260921-091730-70b6a7,18
mimo_v25_pro,4,6144,2048,384,8,8,cp.async,valid,0.047127010244834434,0.8202240172499999,cutlass_stock,0.053687091274565404,0.719999999,87.78089690838056,0.050267766815409405,0.76897598825,0.131183997,0.76897598825,93.75194728242397,93.63101189135212,6.876166701274444,256,64,1,8,40,108,20260921-091730-70b6a7,19
mimo_v25_pro,4,6144,2048,384,8,16,cp.async,valid,0.09261895260663969,0.834704012,cutlass_stock,0.10632276652954865,0.7271200125,87.11111987562845,0.0989562994163083,0.78124800325,0.156808,0.78124800325,93.59581264957427,93.0715994761168,8.231897716097247,256,64,1,8,40,108,20260921-091730-70b6a7,20
mimo_v25_pro,4,6144,2048,384,8,32,cp.async,valid,0.18436325008141125,0.83866401025,cutlass_stock,0.21058808271862361,0.7342239915,87.54685816089005,0.1983900070990598,0.7793679979999999,0.159847997,0.7793679979999999,92.92970587442707,94.20761352585073,11.00702928965347,256,64,1,8,40,108,20260921-091730-70b6a7,21
mimo_v25_pro,4,6144,2048,384,8,64,cp.async,valid,0.35772183146088204,0.8644640000000001,cutlass_stock,0.41369805535911564,0.747496009,86.46930456329007,0.390593613185934,0.7917119862499999,0.25305600500000003,0.7917119862499999,91.58414766259784,94.41514363582746,16.110794665827612,256,64,1,8,40,108,20260921-091730-70b6a7,22
mimo_v25_pro,4,6144,2048,384,8,96,cp.async,valid,0.515932634281112,0.8990640194999999,deepgemm_m128,0.6145878110957498,0.75474400825,83.94774920141269,0.5761161496560059,0.80514401175,0.34815999875000003,0.80514401175,89.55357953238614,93.74024984791795,20.04929449854378,256,64,1,8,40,108,20260921-091730-70b6a7,23
mimo_v25_pro,4,6144,2048,384,8,128,cp.async,valid,0.6673752100154396,0.9267279955000001,deepgemm_m128,0.8206246937466919,0.75366400175,81.32526538635251,0.7548420200260351,0.819344014,0.452664003,0.819344014,88.41256743926648,91.9838296090853,21.840279238656034,256,64,1,8,40,108,20260921-091730-70b6a7,24
mimo_v25_pro,4,6144,2048,384,8,192,tma,valid,0.5398676814146268,1.7184079875,deepgemm_m256,1.0633349445905487,0.8724559845,50.77117837244689,0.755186120489686,1.2284560199999999,0.330959998,1.2284560199999999,71.48803013812805,71.02053067394306,0.05493573161128307,256,64,1,8,40,108,20260921-091730-70b6a7,25
mimo_v25_pro,4,6144,2048,384,8,256,tma,valid,0.8763848214945967,1.4114240125,deepgemm_m128,1.2925509550701229,0.9569839985,67.80272901868318,0.9656916517854007,1.2808960075,0.4117439985,1.2808960075,90.75203455205492,74.71207599185213,-0.3004063599917006,256,64,1,8,40,108,20260921-091730-70b6a7,26
mimo_v25_pro,4,6144,2048,384,8,384,tma,valid,0.9500583146213311,1.9529599850000001,deepgemm_m128,1.3720641324788203,1.3522880075,69.24299616410215,1.0389141611828685,1.7859279824999998,0.5852879879999999,1.7859279824999998,91.44723886905443,75.71906710409586,-1.210468989716662,256,64,0,2,40,108,20260921-091730-70b6a7,27
mimo_v25_pro,4,6144,2048,384,8,512,tma,valid,1.001511300041041,2.4701679975,deepgemm_m256,1.3144449745199551,1.8820880375,76.19271399373719,1.0965212644299933,2.2561360575,0.7875280085,2.2561360575,91.3353286004589,83.42085714394022,-0.602385951686657,256,64,0,2,40,108,20260921-091730-70b6a7,28
mimo_v25_pro,4,6144,2048,384,8,1024,tma,valid,1.0659654608042906,4.6416159875,cutlass_stock,1.3147635470145065,3.763264,81.07659078507515,1.1626284187502542,4.255703925,1.6005839975,4.255703925,91.6858252914659,88.42870806619848,-1.638911538672394,256,64,0,2,40,108,20260921-091730-70b6a7,29
mimo_v25_pro,4,6144,2048,384,8,2048,tma,valid,0.8909481687093945,11.106824165,cutlass_stock,1.3518851882936203,7.31985581,65.90412976075055,1.1521757909048063,8.588624,3.1549440025,8.588624,77.32745087533308,85.22734037489592,-18.395756132869323,256,64,0,2,40,108,20260921-091730-70b6a7,30
mimo_v25_pro,4,6144,2048,384,8,4096,tma,valid,1.0508690172986817,18.83318375,cutlass_stock,1.3024220259293025,15.1956961,80.6857528802054,1.1155245944449894,17.741616275,6.80282402,17.741616275,94.20402046998558,85.65000992278536,-1.972177035653877,256,64,0,2,40,108,20260921-091730-70b6a7,31
mimo_v25_pro,4,6144,2048,384,8,8192,tma,insufficient_memory,,,,,,,,,,,,,,,,,,,,20260921-091730-70b6a7,32
mimo_v25_pro,8,6144,2048,384,8,1,cp.async,valid,0.005287215484766735,0.45693600175,cutlass_stock,0.0064109944126213335,0.37683999525,82.47106680295629,0.005956642913244058,0.4055840075,0.056432001300000006,0.4055840075,88.76166595467875,92.91293253223255,8.265491470436537,256,64,1,8,40,108,20260921-092807-f797f6,18
mimo_v25_pro,8,6144,2048,384,8,8,cp.async,valid,0.04175312223568098,0.4628959895,cutlass_stock,0.05072476452881106,0.381024003,82.3130922805284,0.04742303471043661,0.407552004,0.07597599737499999,0.407552004,88.04396954059158,93.49089177831647,6.218245005987466,256,64,1,8,40,108,20260921-092807-f797f6,19
mimo_v25_pro,8,6144,2048,384,8,16,cp.async,valid,0.08312124941992624,0.465039998,cutlass_stock,0.10144526809228199,0.38104000699999996,81.93703953181247,0.09436262501508962,0.4096399995,0.088752001525,0.4096399995,88.087046546908,93.01826175790725,9.454668993870063,256,64,1,8,40,108,20260921-092807-f797f6,20
mimo_v25_pro,8,6144,2048,384,8,32,cp.async,valid,0.1649344882584578,0.46872799099999995,deepgemm_m128,0.20130142932133482,0.384048,81.93408701295162,0.18780830511520502,0.41164000325000005,0.09219200165,0.41164000325000005,87.82065742901197,93.29705494311672,12.780118778952998,256,64,1,8,40,108,20260921-092807-f797f6,21
mimo_v25_pro,8,6144,2048,384,8,64,cp.async,valid,0.31980397421668894,0.48347999125,deepgemm_m128,0.40360333878196775,0.38309599499999997,79.23719738836243,0.37090239167291067,0.41687200225,0.144832,0.41687200225,86.22321705024643,91.89775109201399,21.19136683094329,256,64,1,8,40,108,20260921-092807-f797f6,22
mimo_v25_pro,8,6144,2048,384,8,96,cp.async,valid,0.46008744404871393,0.5040959865,deepgemm_m128,0.6053670862137916,0.38311999324999996,76.00139725571887,0.5470108818399313,0.423991993,0.1966320015,0.423991993,84.10937685575087,90.36019537519897,28.407293121743592,256,64,1,8,40,108,20260921-092807-f797f6,23
mimo_v25_pro,8,6144,2048,384,8,128,cp.async,valid,0.5908246683752775,0.5234000235,deepgemm_m128,0.8073246870761185,0.3830399965,73.18303005387618,0.7156290802455549,0.43212001,0.2478719945,0.43212001,82.56018161986192,88.64204101541144,34.576992811311904,256,64,1,8,40,108,20260921-092807-f797f6,24
mimo_v25_pro,8,6144,2048,384,8,192,tma,valid,0.5009638729851023,0.925927982,deepgemm_m256,1.065866246862385,0.435192004,47.000632064276466,0.7318287392506462,0.6338319925,0.1946720035,0.6338319925,68.45370318444486,68.66046667721652,0.001728374162057733,256,64,1,8,40,108,20260921-092807-f797f6,25
mimo_v25_pro,8,6144,2048,384,8,256,tma,valid,0.7904605134696036,0.7824240174999999,deepgemm_m256,1.4080064794653144,0.4392559975,56.14040311588467,0.9436607919968167,0.655400008,0.238640003,0.655400008,83.76532332099585,67.02105464423491,-0.25459360339739057,256,64,1,8,40,108,20260921-092807-f797f6,26
mimo_v25_pro,8,6144,2048,384,8,384,tma,valid,0.8898481230530856,1.0425519950000002,deepgemm_m128,1.397680083241393,0.6637519894999999,63.6660802226943,1.0213593552229252,0.9083119777499999,0.34564000375000004,0.9083119777499999,87.12390193546172,73.07533157761443,-0.09975329815565814,256,64,0,2,40,108,20260921-092807-f797f6,27
mimo_v25_pro,8,6144,2048,384,8,512,tma,valid,0.9593464212321602,1.289368005,deepgemm_m256,1.4773722524339616,0.83726398625,64.93599833431573,1.0708712870503938,1.1550880075,0.46491999900000003,1.1550880075,89.58559565777344,72.4848652928292,-1.3488765373854572,256,64,0,2,40,108,20260921-092807-f797f6,28
mimo_v25_pro,8,6144,2048,384,8,1024,tma,valid,1.029309956496821,2.4034559725,deepgemm_m256,1.3872508743746776,1.7833120225,74.19782358838279,1.1703705584731385,2.11377597,0.892944008,2.11377597,87.94735556571547,84.36617918880023,-2.5569832858671204,256,64,0,2,40,108,20260921-092807-f797f6,29
mimo_v25_pro,8,6144,2048,384,8,2048,tma,valid,1.1110168204802506,4.453400015,deepgemm_m256,1.3978706257308045,3.5395280749999998,79.47923076925754,1.1905867412100477,4.1557680375,1.767504005,4.1557680375,93.31674728303067,85.17145430304831,0.661066261751464,256,64,0,2,40,108,20260921-092807-f797f6,30
mimo_v25_pro,8,6144,2048,384,8,4096,tma,valid,1.047204467973079,9.449543955,deepgemm_m256,1.378489756773066,7.1785841,75.96751900605346,1.1542809591168472,8.5729601375,3.5907120125,8.5729601375,90.72353309668267,83.73518580355115,-0.43473000068181555,256,64,0,2,40,108,20260921-092807-f797f6,31
mimo_v25_pro,8,6144,2048,384,8,8192,tma,valid,1.002123490940848,19.749271900000004,,,,,1.08566765077841,18.229528425,7.988816025,18.229528425,92.3048126397004,,-0.5574300437881319,256,64,0,2,40,108,20260921-092807-f797f6,32
mixtral_8x7b,4,4096,14336,8,2,1,cp.async,valid,0.003077904187870033,0.15262399975000002,deepgemm_m128,0.005210315468715913,0.09016000102499999,59.073278889744195,0.0038825877714870677,0.120991997,0.015407999950000001,0.120991997,79.27455524569294,74.51732615422489,8.061642349927967,256,64,0,8,20,128,20260921-091730-70b6a7,33
mixtral_8x7b,4,4096,14336,8,2,8,cp.async,valid,0.024750371705007483,0.15183999775,deepgemm_m128,0.04163080803371948,0.09027200195,59.45205695974135,0.032182094672310375,0.11677600299999999,0.0184320007,0.11677600299999999,76.907273926774,77.30355520902698,5.289776981704408,256,64,0,8,20,128,20260921-091730-70b6a7,34
mixtral_8x7b,4,4096,14336,8,2,16,cp.async,valid,0.04767221889795883,0.157664001,deepgemm_m128,0.08329114169331847,0.0902400017,57.23564106431627,0.06320802796044228,0.118911996,0.020552000025,0.118911996,75.42114575666515,75.88805565083611,1.390297078659053,256,64,0,8,20,128,20260921-091730-70b6a7,35
mixtral_8x7b,4,4096,14336,8,2,32,cp.async,valid,0.10331252075157657,0.145504005,deepgemm_m128,0.1665675166708054,0.09024800175,62.02441077137362,0.13099889508246274,0.1147520025,0.0204799995,0.1147520025,78.86518484491201,78.64612362647004,1.5064815569853174,256,64,0,8,20,128,20260921-091730-70b6a7,36
mixtral_8x7b,4,4096,14336,8,2,64,cp.async,valid,0.2126341735883218,0.14139200000000002,deepgemm_m128,0.3333418777569581,0.09019200129999999,63.788616965599175,0.31192700267814066,0.0963839963,0.025768000625000002,0.0963839963,68.16792767624759,93.57570215212169,-2.9252006832069744,256,64,0,8,20,128,20260921-091730-70b6a7,37
mixtral_8x7b,4,4096,14336,8,2,96,cp.async,valid,0.33332218573551337,0.13529599450000002,deepgemm_m128,0.500456723385124,0.0901120007,66.60359830534375,0.4786570813756398,0.09421600215,0.0308320001,0.09421600215,69.63694860160845,95.64405052608146,0.06504460854530603,256,64,0,8,20,128,20260921-091730-70b6a7,38
mixtral_8x7b,4,4096,14336,8,2,128,cp.async,valid,0.4222580199328335,0.14240000025,deepgemm_m128,0.6669203798107098,0.09016000105,63.31460736777632,0.6377220900024432,0.0942880027,0.036808000874999997,0.0942880027,66.21348492588925,95.62192269239785,-2.6179791035498723,256,64,0,8,20,128,20260921-091730-70b6a7,39
mixtral_8x7b,4,4096,14336,8,2,192,tma,valid,0.539956372162748,0.1670400015,deepgemm_m256,0.8303350384445426,0.108624,65.02873504823333,0.6983578513379585,0.129152,0.02871199975,0.129152,77.31800696852842,84.10555004955403,-2.9837177952851124,256,64,0,8,20,128,20260921-091730-70b6a7,40
mixtral_8x7b,4,4096,14336,8,2,256,tma,valid,0.7247317252631633,0.165936001,deepgemm_m256,1.1064614652470306,0.10868800049999999,65.49995169523218,0.9019792214761254,0.1333279985,0.0287999995,0.1333279985,80.34904884805557,81.5192620625742,-1.17635714265526,256,64,0,8,20,128,20260921-091730-70b6a7,41
mixtral_8x7b,4,4096,14336,8,2,384,tma,valid,0.8311614079572306,0.2170320045,deepgemm_m128,1.3339197016966355,0.135231998,62.30970326775008,1.000025675404295,0.180383995,0.0349440016,0.180383995,83.11400680999562,74.96895608726261,-0.9104659492743084,256,64,1,8,20,128,20260921-091730-70b6a7,42
mixtral_8x7b,4,4096,14336,8,2,512,tma,valid,0.9552559791002128,0.251783997,deepgemm_m128,1.484826729988642,0.161983997,64.33450851922095,1.1235806409711055,0.21406400199999998,0.0421520006,0.21406400199999998,85.01890690058431,75.67082530765728,-0.31137602442620205,256,64,1,8,20,128,20260921-091730-70b6a7,43
mixtral_8x7b,4,4096,14336,8,2,1024,tma,valid,1.148430852489812,0.418863997,deepgemm_m256,1.5555839712466495,0.3092319965,73.82634905716186,1.1984442378016487,0.401383996,0.048272000625000006,0.401383996,95.82680747803684,77.04143652503774,4.167464887176742,256,64,1,8,20,128,20260921-091730-70b6a7,44
mixtral_8x7b,4,4096,14336,8,2,2048,tma,valid,1.1541843470370738,0.833552003,deepgemm_m256,1.574855072649282,0.61089600625,73.28828963896089,1.2280482555872376,0.783416018,0.09708800167500001,0.783416018,93.98526008940561,77.97849319057451,-2.1930245124730408,256,64,1,8,20,128,20260921-091730-70b6a7,45
mixtral_8x7b,4,4096,14336,8,2,4096,tma,valid,1.189977071052134,1.61696002,deepgemm_m256,1.5822314461898452,1.2160960099999998,75.2087865474868,1.2589476234062527,1.5283760125,0.1342399975,1.5283760125,94.5215709476849,79.56785503397187,-6.138928840058766,256,64,1,8,20,128,20260921-091730-70b6a7,46
mixtral_8x7b,4,4096,14336,8,2,8192,tma,valid,1.2112665499533628,3.1770799725,deepgemm_m256,1.4399569416608256,2.6725040075,84.11824790790658,1.2568457473910761,3.06186396,0.257079996,3.06186396,96.37352495066915,87.28356460030314,-2.1219487102476564,256,64,1,8,20,128,20260921-091730-70b6a7,47
mixtral_8x7b,8,4096,14336,8,2,1,cp.async,valid,0.004673691274150177,0.10051199799999999,deepgemm_m128,0.009518602134084456,0.049351999524999995,49.1006054073266,0.006943390690195326,0.067656001075,0.0145119997,0.067656001075,67.31136821596164,72.94548708294315,7.020058938635376,256,64,0,8,20,128,20260921-092807-f797f6,33
mixtral_8x7b,8,4096,14336,8,2,8,cp.async,valid,0.018310026905548542,0.10262399950000001,deepgemm_m128,0.038086756422329615,0.0493359994,48.07452412727297,0.027789993066101297,0.06761600075,0.01655999945,0.06761600075,65.8871229726337,72.96497700657044,5.8309952147207245,256,64,0,8,20,128,20260921-092807-f797f6,34
mixtral_8x7b,8,4096,14336,8,2,16,cp.async,valid,0.03593650952356668,0.104575999,deepgemm_m128,0.07613647513272241,0.049359999625,47.200122491777485,0.057498416007460584,0.0653599985,0.01864799995,0.0653599985,62.49999916328793,75.52019699786253,-0.08414980573123731,256,64,0,8,20,128,20260921-092807-f797f6,35
mixtral_8x7b,8,4096,14336,8,2,32,cp.async,valid,0.07337166098622758,0.1024399975,deepgemm_m128,0.15222360688729508,0.0493759997,48.19992278894774,0.11814940826498144,0.0636160001,0.020584000275,0.0636160001,62.10074351085375,77.6156935714039,2.0616961651136245,256,64,0,8,20,128,20260921-092807-f797f6,36
mixtral_8x7b,8,4096,14336,8,2,64,cp.async,valid,0.14933229044476964,0.100663999,deepgemm_m128,0.30449654907959367,0.049367999674999996,49.04235890231223,0.27146029590396187,0.0553760007,0.0256960001,0.0553760007,55.01073000288812,89.15053281375734,-3.2265741548773375,256,64,0,8,20,128,20260921-092807-f797f6,37
mixtral_8x7b,8,4096,14336,8,2,96,cp.async,valid,0.21576761298755473,0.1045039985,deepgemm_m128,0.4567448238506865,0.049367999649999994,47.240297365272575,0.4221315339797292,0.053416000675,0.031767999750000005,0.053416000675,51.113834342903154,92.42174447010862,-9.791009025362795,256,64,0,8,20,128,20260921-092807-f797f6,38
mixtral_8x7b,8,4096,14336,8,2,128,cp.async,valid,0.276533948985771,0.1087200005,deepgemm_m128,0.6087957879831355,0.049383999799999995,45.42310483157144,0.544414952386591,0.055223999525,0.037079999225,0.055223999525,50.79470131624954,89.42488813698432,-11.920529401579627,256,64,0,8,20,128,20260921-092807-f797f6,39
mixtral_8x7b,8,4096,14336,8,2,192,tma,valid,0.40766159607471436,0.1106240005,deepgemm_m256,0.7564606317775991,0.05961599945,53.89065589794866,0.6334582056456778,0.07119200005,0.02271999975,0.07119200005,64.35493177631014,83.73974520750946,-2.2707556575844445,256,64,0,8,20,128,20260921-092807-f797f6,40
mixtral_8x7b,8,4096,14336,8,2,256,tma,valid,0.5385249493095426,0.11165600075,deepgemm_m256,1.0086141757034655,0.05961599945,53.392562020451905,0.8358755285061537,0.07193600015,0.0226879995,0.07193600015,64.42645237766139,82.87366454305146,-4.5138646522766335,256,64,0,8,20,128,20260921-092807-f797f6,41
mixtral_8x7b,8,4096,14336,8,2,384,tma,valid,0.6718484898944943,0.13424799575000002,deepgemm_m128,1.2540922304783093,0.07192,53.57249439606624,0.9346173820041519,0.0965039972,0.0267520007,0.0965039972,71.88486998324515,74.52541043553789,-3.7959566707349013,256,64,1,8,20,128,20260921-092807-f797f6,42
mixtral_8x7b,8,4096,14336,8,2,512,tma,valid,0.7619436284423743,0.15783199674999998,deepgemm_m128,1.3318317698586126,0.0902960021,57.21020069398571,1.0033630756047385,0.1198559995,0.0289440006,0.1198559995,75.9389743322119,75.33707321843325,-1.3381325038580694,256,64,1,8,20,128,20260921-092807-f797f6,43
mixtral_8x7b,8,4096,14336,8,2,1024,tma,valid,0.9659364277424612,0.248999998,deepgemm_m256,1.555262082406999,0.15464799875000002,62.107630518936794,1.1734425404430178,0.20496799825,0.0431680009,0.20496799825,82.31646582181901,75.44982634868465,-0.7967873557975014,256,64,1,8,20,128,20260921-092807-f797f6,44
mixtral_8x7b,8,4096,14336,8,2,2048,tma,valid,1.0848029311262826,0.4434320035,deepgemm_m256,1.6895067284931653,0.284719989,64.20826344348419,1.2044215591333018,0.3993920015,0.05131199955,0.3993920015,90.0683753873439,71.28835528269838,0.94354770674554,256,64,1,8,20,128,20260921-092807-f797f6,45
mixtral_8x7b,8,4096,14336,8,2,4096,tma,valid,1.1460668378956547,0.839455992,deepgemm_m256,1.7329897066003326,0.55515198425,66.13235113461432,1.2329965501363274,0.780271992,0.11055999999999999,0.780271992,92.94971975136012,71.1485212774368,-0.8729449274096135,256,64,1,8,20,128,20260921-092807-f797f6,46
mixtral_8x7b,8,4096,14336,8,2,8192,tma,valid,1.2184551093655787,1.579168025,deepgemm_m256,1.4760968260932126,1.3035359975,82.54574414271084,1.2627945534862943,1.5237200249999998,0.141440004,1.5237200249999998,96.48878402284011,85.5495744698899,-1.463051723074249,256,64,1,8,20,128,20260921-092807-f797f6,47
mixtral_8x22b,4,6144,16384,8,2,1,cp.async,valid,0.0038912712889101943,0.206951998,deepgemm_m128,0.006133891868278239,0.1312879955,63.43886348949383,0.00462182277521097,0.174239993,0.0174479997,0.174239993,84.19343359033432,75.34894442976704,12.304303532261617,256,64,0,1,20,128,20260921-091730-70b6a7,48
mixtral_8x22b,4,6144,16384,8,2,8,cp.async,valid,0.03143394992343359,0.20495200125000002,deepgemm_m128,0.04905618797496668,0.13132799774999998,64.07744103450172,0.03741782137485843,0.1721760035,0.0205600001,0.1721760035,84.0079640354329,76.27543622825463,8.00577532784641,256,64,0,1,20,128,20260921-091730-70b6a7,49
mixtral_8x22b,4,6144,16384,8,2,16,cp.async,valid,0.06417550990551557,0.2007759955,deepgemm_m128,0.0975006235235053,0.13215199475,65.8206148702672,0.07533620532512014,0.17103200025,0.021600000549999998,0.17103200025,85.18548237007747,77.26740876375851,9.200303778346841,256,64,0,1,20,128,20260921-091730-70b6a7,50
mixtral_8x22b,4,6144,16384,8,2,32,cp.async,valid,0.13148395721829978,0.19599200025,deepgemm_m128,0.19357163117263354,0.13312799825,67.92522045807327,0.16236833898250974,0.15871199975,0.022624,0.15871199975,80.97881523100584,83.88023492848718,5.604310245310629,256,64,0,1,20,128,20260921-091730-70b6a7,51
mixtral_8x22b,4,6144,16384,8,2,64,cp.async,valid,0.27788349931876777,0.185471997,deepgemm_m128,0.39252124171453245,0.13130399599999998,70.79451244599473,0.35923111961057813,0.14347200100000002,0.03183200025,0.14347200100000002,77.3550742541474,91.51889921713712,3.7741546554670435e-06,256,64,0,1,20,128,20260921-091730-70b6a7,52
mixtral_8x22b,4,6144,16384,8,2,96,cp.async,valid,0.4339324911865597,0.17815999700000001,deepgemm_m128,0.5891767246031747,0.131215997,73.65065065644337,0.5710380318084455,0.13538399725,0.032824000325,0.13538399725,75.99012097536125,96.92134939530307,5.204313766350133,256,64,0,1,20,128,20260921-091730-70b6a7,53
mixtral_8x22b,4,6144,16384,8,2,128,cp.async,valid,0.5497909873162046,0.1874880045,deepgemm_m128,0.7855689661375663,0.131215997,69.98634251291527,0.750168972000727,0.137407996,0.04003199935,0.137407996,73.28895326740758,95.49371275307735,1.6385053583521492,256,64,0,1,20,128,20260921-091730-70b6a7,54
mixtral_8x22b,4,6144,16384,8,2,192,tma,valid,0.6110449818120307,0.25304000075,deepgemm_m256,1.0068951870377323,0.15355999775,60.68605647125141,0.7900324081098757,0.195712,0.02979999965,0.195712,77.34429316310379,78.46222906617888,-0.4268065312989844,256,64,0,1,20,128,20260921-091730-70b6a7,55
mixtral_8x22b,4,6144,16384,8,2,256,tma,valid,0.8827693604102516,0.2335360055,deepgemm_m256,1.3403622257867929,0.15380799774999998,65.86050721416487,1.0010023413805613,0.205951996,0.030783999725,0.205951996,88.18854101707242,74.68147953759087,-0.8221446392770448,256,64,0,1,20,128,20260921-091730-70b6a7,56
mixtral_8x22b,4,6144,16384,8,2,384,tma,valid,0.9832800718957961,0.31449599575,deepgemm_m128,1.3964850406734446,0.2214399985,70.41107088562988,1.1012109048550005,0.2808160035,0.037047998974999996,0.2808160035,89.29080411034138,78.85590412940977,-0.3256005684771912,256,64,1,8,20,128,20260921-091730-70b6a7,57
mixtral_8x22b,4,6144,16384,8,2,512,tma,valid,1.0453221412161045,0.39443999524999995,deepgemm_m256,1.6102101991749151,0.25606399750000003,64.91836542531752,1.1662655747853907,0.353535995,0.045040000250000004,0.353535995,89.6298547960192,72.42939930345707,-1.573875703467953,256,64,1,8,20,128,20260921-091730-70b6a7,58
mixtral_8x22b,4,6144,16384,8,2,1024,tma,valid,1.1569584464906348,0.712760016,cutlass_stock,1.5276199855851995,0.539816007,75.736011403872,1.2503695510206627,0.6595119979999999,0.055360000575,0.6595119979999999,92.52932027545158,81.85082434239507,-1.4467731450300558,256,64,1,8,20,128,20260921-091730-70b6a7,59
mixtral_8x22b,4,6144,16384,8,2,2048,tma,valid,1.1904148869513536,1.385455995,deepgemm_m256,1.5531931250055677,1.06185600175,76.64306954404569,1.267871400434695,1.30081603,0.111664001,1.30081603,93.8908225663277,81.62999050296143,-3.86529580825844,256,64,1,8,20,128,20260921-091730-70b6a7,60
mixtral_8x22b,4,6144,16384,8,2,4096,tma,valid,1.2318593055831568,2.6776880025,deepgemm_m256,1.3989409157320345,2.357880055,88.05656420010793,1.2722844776900757,2.592607975,0.169072002,2.592607975,96.82263103765017,90.94626251776457,-2.069247796915419,256,64,1,8,20,128,20260921-091730-70b6a7,61
mixtral_8x22b,4,6144,16384,8,2,8192,tma,valid,1.2092520421580781,5.4554960725,deepgemm_m256,1.400656493867777,4.709984065,86.33466145713187,1.2737544709953426,5.1792318825,0.31904000050000003,5.1792318825,94.93603906356766,90.93981833318698,-1.962500267201872,256,64,1,8,20,128,20260921-091730-70b6a7,62
mixtral_8x22b,8,6144,16384,8,2,1,cp.async,valid,0.006043665660695353,0.133248001,deepgemm_m128,0.011214716124628498,0.0718080029,53.89049168550003,0.008730554537498818,0.092240002,0.0165279992,0.092240002,69.22430453572058,77.84909078818103,8.453407867634732,256,64,0,1,20,128,20260921-092807-f797f6,48
mixtral_8x22b,8,6144,16384,8,2,8,cp.async,valid,0.02310646077379512,0.1394079995,deepgemm_m128,0.044848871372429634,0.071824003,51.52071850797917,0.03415209257051873,0.09432000295,0.0204799995,0.09432000295,67.65752559988496,76.14927984902062,6.513256256862077,256,64,0,1,20,128,20260921-092807-f797f6,49
mixtral_8x22b,8,6144,16384,8,2,16,cp.async,valid,0.04690740624474154,0.137344003,deepgemm_m128,0.08971772899702798,0.0718080029,52.28331877002304,0.07145575495990532,0.090160001075,0.0226559993,0.090160001075,65.64538611489283,79.64507768834895,2.9822933004217234,256,64,0,1,20,128,20260921-092807-f797f6,50
mixtral_8x22b,8,6144,16384,8,2,32,cp.async,valid,0.09672768891303592,0.133207999,deepgemm_m128,0.17943545799405597,0.0718080029,53.90667485366251,0.1428988303035588,0.09016800109999999,0.02363999935,0.09016800109999999,67.68962958448164,79.63801129445245,2.366225582294046,256,64,0,1,20,128,20260921-092807-f797f6,51
mixtral_8x22b,8,6144,16384,8,2,64,cp.async,valid,0.1964760851931138,0.13116000225000002,deepgemm_m128,0.3587909709794371,0.071824003,54.760599091099806,0.33918348765237794,0.0759759974,0.03091200065,0.0759759974,57.92619403527037,94.53512353626569,-2.7081436330182784,256,64,0,1,20,128,20260921-092807-f797f6,52
mixtral_8x22b,8,6144,16384,8,2,96,cp.async,valid,0.3090991713560259,0.125055999,deepgemm_m128,0.5381864564691555,0.071824003,57.43347266371443,0.5098489202869755,0.07581599985000001,0.03184800035,0.07581599985000001,60.62564007825008,94.73462480492498,-3.3009228129871726,256,64,0,1,20,128,20260921-092807-f797f6,53
mixtral_8x22b,8,6144,16384,8,2,128,cp.async,valid,0.3815261609165533,0.135088004,deepgemm_m128,0.717422123162464,0.0718400031,53.180149956172265,0.6784384128825531,0.07596799735,0.040991999249999994,0.07596799735,56.23593146731222,94.56614048810383,-10.600497694821243,256,64,0,1,20,128,20260921-092807-f797f6,54
mixtral_8x22b,8,6144,16384,8,2,192,tma,valid,0.49697486794994844,0.15556000175,deepgemm_m256,0.9420624423628198,0.082063999,52.75392008023039,0.746575753706965,0.10355199849999999,0.0246239994,0.10355199849999999,66.56723922285504,79.24907311180479,-5.142711275393797,256,64,0,1,20,128,20260921-092807-f797f6,55
mixtral_8x22b,8,6144,16384,8,2,256,tma,valid,0.7238708925842696,0.1424,deepgemm_m256,1.2555936470192852,0.08209599925,57.65168486657303,0.9659571053023226,0.1067120005,0.0247200001,0.1067120005,74.9382025983146,76.9323027076041,-2.9269685744382046,256,64,0,1,20,128,20260921-092807-f797f6,56
mixtral_8x22b,8,6144,16384,8,2,384,tma,valid,0.8620970252539117,0.1793519965,deepgemm_m128,1.2791947231351517,0.12087199850000001,67.39372901265696,1.073861132581909,0.14398400125,0.0287199998,0.14398400125,80.28012180505613,83.94821469791597,1.0883646617226184,256,64,1,8,20,128,20260921-092807-f797f6,57
mixtral_8x22b,8,6144,16384,8,2,512,tma,valid,0.9492339695617931,0.21718399975000002,deepgemm_m128,1.511336786103667,0.13640800125,62.80757394974717,1.1304032826555945,0.182376001,0.030944,0.182376001,83.9730372448857,74.79492943262858,0.6998676245716151,256,64,1,8,20,128,20260921-092807-f797f6,58
mixtral_8x22b,8,6144,16384,8,2,1024,tma,valid,1.085364293494295,0.3798879905,deepgemm_m256,1.7273722970847505,0.23869600149999998,62.83325808374034,1.2351620415997322,0.33381600675,0.047104001,0.33381600675,87.87221894291497,71.50525938642694,0.41907168423636065,256,64,1,8,20,128,20260921-092807-f797f6,59
mixtral_8x22b,8,6144,16384,8,2,2048,tma,valid,1.1729007944330607,0.7030720115,deepgemm_m256,1.731288947905993,0.47631201125,67.7472582408438,1.271907672644342,0.64834401,0.059431999925,0.64834401,92.21587538618724,73.46593843752794,3.024437241447475,256,64,1,8,20,128,20260921-092807-f797f6,60
mixtral_8x22b,8,6144,16384,8,2,4096,tma,valid,1.2158937582209386,1.3564239725,deepgemm_m256,1.569762102443713,1.050648018,77.45719917228902,1.292577953956556,1.2759520125,0.1252719985,1.2759520125,94.06734460379053,82.34228307234243,-2.457048693895736,256,64,1,8,20,128,20260921-092807-f797f6,61
mixtral_8x22b,8,6144,16384,8,2,8192,tma,valid,1.2505174343419347,2.6377360225,deepgemm_m256,1.497156327023809,2.2032000425,83.5261763765066,1.2944121001407316,2.5482880475000003,0.183327995,2.5482880475000003,96.60891104200707,86.4580456146412,,256,64,1,8,20,128,20260921-092807-f797f6,62
