id,model,global_seq,cp,backend,launch,weight_mode,mnk,b_mnk,w_mnk,p50_ms,p95_ms,b_ms,w_ms,tflops_per_gpu,p50_us,p95_us,b_us,w_us,config,gemm_plan,source
gemm_a2a/artificial_small/s1024/cp4,artificial_small,1024,4,cublaslt_nccl,eager,,"[256, 4096, 4096]",,,0.145456001162529,0.16118560060858728,,,59.05520929591496,145.456001162529,161.18560060858727,,,"{""nccl_environment"": {""NCCL_GRAPH_REGISTER"": ""1"", ""NCCL_IB_DISABLE"": ""1"", ""NCCL_LOCAL_REGISTER"": ""1""}, ""operator"": {""chunks"": 1, ""local_first"": false, ""math_sms"": 0, ""pack_block"": 1024, ""pack_warps"": 4, ""push"": true, ""reverse"": false, ""schedule"": ""full"", ""sms"": 0, ""streams"": 3, ""use_ce"": false}}","{""algo_id"": 66, ""cluster_shape"": 5, ""cta_swizzle"": 0, ""custom"": 3, ""inner_shape"": 0, ""reduction"": 0, ""returned"": 8, ""split_k"": 1, ""stages_id"": 35, ""tile_id"": 18, ""tune_ms"": 0.016528001055121422, ""valid"": 8, ""waves"": 0.9696969985961914, ""workspace_bytes"": 0}",full_v2/cublaslt_nccl_formal_auto_cp4.json
gemm_a2a/artificial_small/s1024/cp4,artificial_small,1024,4,cublaslt_nccl,graph,,"[256, 4096, 4096]",,,0.06886399909853935,0.0761088017374277,,,124.7376670603813,68.86399909853935,76.10880173742771,,,"{""nccl_environment"": {""NCCL_GRAPH_REGISTER"": ""1"", ""NCCL_IB_DISABLE"": ""1"", ""NCCL_LOCAL_REGISTER"": ""1"", ""NCCL_MAX_P2P_NCHANNELS"": ""32"", ""NCCL_MIN_P2P_NCHANNELS"": ""32"", ""NCCL_P2P_LL_THRESHOLD"": ""65536"", ""NCCL_P2P_NVL_CHUNKSIZE"": ""524288""}, ""operator"": {""chunks"": 1, ""local_first"": false, ""math_sms"": 0, ""pack_block"": 1024, ""pack_warps"": 4, ""push"": true, ""reverse"": false, ""schedule"": ""full"", ""sms"": 0, ""streams"": 3, ""use_ce"": false}}","{""algo_id"": 66, ""cluster_shape"": 5, ""cta_swizzle"": 0, ""custom"": 3, ""inner_shape"": 0, ""reduction"": 0, ""returned"": 8, ""split_k"": 1, ""stages_id"": 35, ""tile_id"": 18, ""tune_ms"": 0.01659199967980385, ""valid"": 8, ""waves"": 0.9696969985961914, ""workspace_bytes"": 0}",full_v2/cublaslt_nccl_formal_ch32_chunk512_ll64_cp4.json
gemm_a2a/artificial_small/s1024/cp4,artificial_small,1024,4,teub,eager,,"[256, 4096, 4096]",,,0.16364800184965134,0.16963199526071548,,,52.49031149119589,163.64800184965134,169.63199526071548,,,"{""nccl_environment"": {""NCCL_GRAPH_REGISTER"": ""1"", ""NCCL_IB_DISABLE"": ""1"", ""NCCL_LOCAL_REGISTER"": ""1""}, ""operator"": {""chunks"": 1, ""local_first"": false, ""math_sms"": 0, ""pack_block"": 1024, ""pack_warps"": 4, ""push"": true, ""reverse"": false, ""schedule"": ""full"", ""sms"": 8, ""streams"": 3, ""use_ce"": false}}","{""algo_id"": 66, ""cluster_shape"": 5, ""cta_swizzle"": 0, ""custom"": 3, ""inner_shape"": 0, ""reduction"": 0, ""returned"": 8, ""split_k"": 1, ""stages_id"": 35, ""tile_id"": 18, ""tune_ms"": 0.016202667728066444, ""valid"": 8, ""waves"": 0.9696969985961914, ""workspace_bytes"": 0}",full_v2/teub_formal_auto_cp4.json
gemm_a2a/artificial_small/s1024/cp4,artificial_small,1024,4,teub,graph,,"[256, 4096, 4096]",,,0.07129599899053574,0.08023680001497269,,,120.4827018854211,71.29599899053574,80.23680001497269,,,"{""nccl_environment"": {""NCCL_GRAPH_REGISTER"": ""1"", ""NCCL_IB_DISABLE"": ""1"", ""NCCL_LOCAL_REGISTER"": ""1""}, ""operator"": {""chunks"": 1, ""local_first"": false, ""math_sms"": 0, ""pack_block"": 1024, ""pack_warps"": 4, ""push"": true, ""reverse"": false, ""schedule"": ""full"", ""sms"": 16, ""streams"": 3, ""use_ce"": false}}","{""algo_id"": 66, ""cluster_shape"": 5, ""cta_swizzle"": 0, ""custom"": 3, ""inner_shape"": 0, ""reduction"": 0, ""returned"": 8, ""split_k"": 1, ""stages_id"": 35, ""tile_id"": 18, ""tune_ms"": 0.016202667728066444, ""valid"": 8, ""waves"": 0.9696969985961914, ""workspace_bytes"": 0}",full_v2/teub_formal_auto_cp4.json
gemm_a2a/artificial_small/s1024/cp8,artificial_small,1024,8,cublaslt_nccl,eager,,"[128, 4096, 4096]",,,0.1531039997935295,0.20139040574431416,,,28.052613268053328,153.1039997935295,201.39040574431417,,,"{""nccl_environment"": {""NCCL_GRAPH_REGISTER"": ""1"", ""NCCL_IB_DISABLE"": ""1"", ""NCCL_LOCAL_REGISTER"": ""1"", ""NCCL_MAX_P2P_NCHANNELS"": ""24"", ""NCCL_MIN_P2P_NCHANNELS"": ""24"", ""NCCL_P2P_LL_THRESHOLD"": ""65536"", ""NCCL_P2P_NVL_CHUNKSIZE"": ""131072""}, ""operator"": {""chunks"": 1, ""local_first"": false, ""math_sms"": 0, ""pack_block"": 1024, ""pack_warps"": 4, ""push"": true, ""reverse"": false, ""schedule"": ""full"", ""sms"": 0, ""streams"": 3, ""use_ce"": false}}","{""algo_id"": 66, ""cluster_shape"": 7, ""cta_swizzle"": 0, ""custom"": 0, ""inner_shape"": 0, ""reduction"": 0, ""returned"": 8, ""split_k"": 1, ""stages_id"": 35, ""tile_id"": 27, ""tune_ms"": 0.01299199927598238, ""valid"": 8, ""waves"": 0.6515151262283325, ""workspace_bytes"": 0}",full_v2/cublaslt_nccl_formal_ch24_chunk128_ll64_cp8.json
gemm_a2a/artificial_small/s1024/cp8,artificial_small,1024,8,cublaslt_nccl,graph,,"[128, 4096, 4096]",,,0.07852800190448761,0.09457600004971026,,,54.69344936630251,78.52800190448761,94.57600004971026,,,"{""nccl_environment"": {""NCCL_GRAPH_REGISTER"": ""1"", ""NCCL_IB_DISABLE"": ""1"", ""NCCL_LOCAL_REGISTER"": ""1""}, ""operator"": {""chunks"": 1, ""local_first"": false, ""math_sms"": 0, ""pack_block"": 1024, ""pack_warps"": 4, ""push"": true, ""reverse"": false, ""schedule"": ""full"", ""sms"": 0, ""streams"": 3, ""use_ce"": false}}","{""algo_id"": 66, ""cluster_shape"": 7, ""cta_swizzle"": 0, ""custom"": 0, ""inner_shape"": 0, ""reduction"": 0, ""returned"": 8, ""split_k"": 1, ""stages_id"": 35, ""tile_id"": 27, ""tune_ms"": 0.01302933320403099, ""valid"": 8, ""waves"": 0.6515151262283325, ""workspace_bytes"": 0}",full_v2/cublaslt_nccl_formal_auto_cp8.json
gemm_a2a/artificial_small/s1024/cp8,artificial_small,1024,8,teub,eager,,"[128, 4096, 4096]",,,0.2340800017118454,0.2501679942011833,,,18.348288040800444,234.0800017118454,250.16799420118332,,,"{""nccl_environment"": {""NCCL_GRAPH_REGISTER"": ""1"", ""NCCL_IB_DISABLE"": ""1"", ""NCCL_LOCAL_REGISTER"": ""1""}, ""operator"": {""chunks"": 1, ""local_first"": false, ""math_sms"": 0, ""pack_block"": 1024, ""pack_warps"": 4, ""push"": true, ""reverse"": false, ""schedule"": ""full"", ""sms"": 8, ""streams"": 3, ""use_ce"": false}}","{""algo_id"": 66, ""cluster_shape"": 7, ""cta_swizzle"": 0, ""custom"": 0, ""inner_shape"": 0, ""reduction"": 0, ""returned"": 8, ""split_k"": 1, ""stages_id"": 35, ""tile_id"": 27, ""tune_ms"": 0.013162666000425816, ""valid"": 8, ""waves"": 0.6515151262283325, ""workspace_bytes"": 0}",full_v2/teub_formal_auto_cp8.json
gemm_a2a/artificial_small/s1024/cp8,artificial_small,1024,8,teub,graph,,"[128, 4096, 4096]",,,0.08238400146365166,0.10571519881486892,,,52.133511600489165,82.38400146365166,105.71519881486891,,,"{""nccl_environment"": {""NCCL_GRAPH_REGISTER"": ""1"", ""NCCL_IB_DISABLE"": ""1"", ""NCCL_LOCAL_REGISTER"": ""1""}, ""operator"": {""chunks"": 1, ""local_first"": false, ""math_sms"": 0, ""pack_block"": 1024, ""pack_warps"": 4, ""push"": true, ""reverse"": false, ""schedule"": ""full"", ""sms"": 16, ""streams"": 3, ""use_ce"": false}}","{""algo_id"": 66, ""cluster_shape"": 7, ""cta_swizzle"": 0, ""custom"": 0, ""inner_shape"": 0, ""reduction"": 0, ""returned"": 8, ""split_k"": 1, ""stages_id"": 35, ""tile_id"": 27, ""tune_ms"": 0.013162666000425816, ""valid"": 8, ""waves"": 0.6515151262283325, ""workspace_bytes"": 0}",full_v2/teub_formal_auto_cp8.json
gemm_a2a/artificial_small/s4096/cp4,artificial_small,4096,4,cublaslt_nccl,eager,,"[1024, 4096, 4096]",,,0.14401599764823914,0.17717599421739574,,,238.58278891990935,144.01599764823914,177.17599421739575,,,"{""nccl_environment"": {""NCCL_GRAPH_REGISTER"": ""1"", ""NCCL_IB_DISABLE"": ""1"", ""NCCL_LOCAL_REGISTER"": ""1""}, ""operator"": {""chunks"": 1, ""local_first"": false, ""math_sms"": 0, ""pack_block"": 1024, ""pack_warps"": 4, ""push"": true, ""reverse"": false, ""schedule"": ""full"", ""sms"": 0, ""streams"": 3, ""use_ce"": false}}","{""algo_id"": 66, ""cluster_shape"": 3, ""cta_swizzle"": 0, ""custom"": 1, ""inner_shape"": 0, ""reduction"": 0, ""returned"": 8, ""split_k"": 1, ""stages_id"": 35, ""tile_id"": 20, ""tune_ms"": 0.044917333871126175, ""valid"": 8, ""waves"": 1.9393939971923828, ""workspace_bytes"": 0}",full_v2/cublaslt_nccl_formal_auto_cp4.json
gemm_a2a/artificial_small/s4096/cp4,artificial_small,4096,4,cublaslt_nccl,graph,,"[1024, 4096, 4096]",,,0.11721599847078323,0.12267679870128631,,,293.13181490805084,117.21599847078323,122.67679870128632,,,"{""nccl_environment"": {""NCCL_GRAPH_REGISTER"": ""1"", ""NCCL_IB_DISABLE"": ""1"", ""NCCL_LOCAL_REGISTER"": ""1""}, ""operator"": {""chunks"": 1, ""local_first"": false, ""math_sms"": 0, ""pack_block"": 1024, ""pack_warps"": 4, ""push"": true, ""reverse"": false, ""schedule"": ""full"", ""sms"": 0, ""streams"": 3, ""use_ce"": false}}","{""algo_id"": 66, ""cluster_shape"": 3, ""cta_swizzle"": 0, ""custom"": 1, ""inner_shape"": 0, ""reduction"": 0, ""returned"": 8, ""split_k"": 1, ""stages_id"": 35, ""tile_id"": 20, ""tune_ms"": 0.044917333871126175, ""valid"": 8, ""waves"": 1.9393939971923828, ""workspace_bytes"": 0}",full_v2/cublaslt_nccl_formal_auto_cp4.json
gemm_a2a/artificial_small/s4096/cp4,artificial_small,4096,4,teub,eager,,"[1024, 4096, 4096]",,,0.1725120022892952,0.18453279957175256,,,199.1730309313795,172.5120022892952,184.53279957175255,,,"{""nccl_environment"": {""NCCL_GRAPH_REGISTER"": ""1"", ""NCCL_IB_DISABLE"": ""1"", ""NCCL_LOCAL_REGISTER"": ""1""}, ""operator"": {""chunks"": 1, ""local_first"": false, ""math_sms"": 0, ""pack_block"": 1024, ""pack_warps"": 4, ""push"": true, ""reverse"": false, ""schedule"": ""full"", ""sms"": 8, ""streams"": 3, ""use_ce"": false}}","{""algo_id"": 66, ""cluster_shape"": 3, ""cta_swizzle"": 0, ""custom"": 4, ""inner_shape"": 0, ""reduction"": 0, ""returned"": 8, ""split_k"": 1, ""stages_id"": 35, ""tile_id"": 23, ""tune_ms"": 0.04471466317772865, ""valid"": 8, ""waves"": 0.9696969985961914, ""workspace_bytes"": 0}",full_v2/teub_formal_auto_cp4.json
gemm_a2a/artificial_small/s4096/cp4,artificial_small,4096,4,teub,graph,,"[1024, 4096, 4096]",,,0.12508799880743027,0.13730399832129478,,,274.684531654359,125.08799880743027,137.30399832129478,,,"{""nccl_environment"": {""NCCL_GRAPH_REGISTER"": ""1"", ""NCCL_IB_DISABLE"": ""1"", ""NCCL_LOCAL_REGISTER"": ""1""}, ""operator"": {""chunks"": 1, ""local_first"": false, ""math_sms"": 124, ""pack_block"": 1024, ""pack_warps"": 4, ""push"": true, ""reverse"": false, ""schedule"": ""peer_gemm"", ""sms"": 8, ""streams"": 1, ""use_ce"": false}}","{""algo_id"": 66, ""cluster_shape"": 9, ""cta_swizzle"": 0, ""custom"": 0, ""inner_shape"": 0, ""reduction"": 0, ""returned"": 8, ""split_k"": 1, ""stages_id"": 35, ""tile_id"": 135, ""tune_ms"": 0.01720000058412552, ""valid"": 8, ""waves"": 0.8387096524238586, ""workspace_bytes"": 0}",full_v2/teub_formal_auto_cp4.json
gemm_a2a/artificial_small/s4096/cp8,artificial_small,4096,8,cublaslt_nccl,eager,,"[512, 4096, 4096]",,,0.19038400053977966,0.38358080238103853,,,90.23798814654262,190.38400053977966,383.58080238103855,,,"{""nccl_environment"": {""NCCL_GRAPH_REGISTER"": ""1"", ""NCCL_IB_DISABLE"": ""1"", ""NCCL_LOCAL_REGISTER"": ""1"", ""NCCL_MAX_P2P_NCHANNELS"": ""32"", ""NCCL_MIN_P2P_NCHANNELS"": ""32"", ""NCCL_P2P_LL_THRESHOLD"": ""65536"", ""NCCL_P2P_NVL_CHUNKSIZE"": ""524288""}, ""operator"": {""chunks"": 1, ""local_first"": false, ""math_sms"": 0, ""pack_block"": 1024, ""pack_warps"": 4, ""push"": true, ""reverse"": false, ""schedule"": ""full"", ""sms"": 0, ""streams"": 3, ""use_ce"": false}}","{""algo_id"": 66, ""cluster_shape"": 3, ""cta_swizzle"": 0, ""custom"": 1, ""inner_shape"": 0, ""reduction"": 0, ""returned"": 8, ""split_k"": 1, ""stages_id"": 35, ""tile_id"": 20, ""tune_ms"": 0.025418667122721672, ""valid"": 8, ""waves"": 0.9696969985961914, ""workspace_bytes"": 0}",full_v2/cublaslt_nccl_formal_ch32_chunk512_ll64_cp8.json
gemm_a2a/artificial_small/s4096/cp8,artificial_small,4096,8,cublaslt_nccl,graph,,"[512, 4096, 4096]",,,0.10892800241708755,0.12340640090405941,,,157.7176557247229,108.92800241708755,123.40640090405941,,,"{""nccl_environment"": {""NCCL_GRAPH_REGISTER"": ""1"", ""NCCL_IB_DISABLE"": ""1"", ""NCCL_LOCAL_REGISTER"": ""1"", ""NCCL_MAX_P2P_NCHANNELS"": ""32"", ""NCCL_MIN_P2P_NCHANNELS"": ""32"", ""NCCL_P2P_LL_THRESHOLD"": ""65536"", ""NCCL_P2P_NVL_CHUNKSIZE"": ""524288""}, ""operator"": {""chunks"": 1, ""local_first"": false, ""math_sms"": 0, ""pack_block"": 1024, ""pack_warps"": 4, ""push"": true, ""reverse"": false, ""schedule"": ""full"", ""sms"": 0, ""streams"": 3, ""use_ce"": false}}","{""algo_id"": 66, ""cluster_shape"": 3, ""cta_swizzle"": 0, ""custom"": 1, ""inner_shape"": 0, ""reduction"": 0, ""returned"": 8, ""split_k"": 1, ""stages_id"": 35, ""tile_id"": 20, ""tune_ms"": 0.025418667122721672, ""valid"": 8, ""waves"": 0.9696969985961914, ""workspace_bytes"": 0}",full_v2/cublaslt_nccl_formal_ch32_chunk512_ll64_cp8.json
gemm_a2a/artificial_small/s4096/cp8,artificial_small,4096,8,teub,eager,,"[512, 4096, 4096]",,,0.23393599689006805,0.2552016079425811,,,73.43833104946742,233.93599689006805,255.20160794258115,,,"{""nccl_environment"": {""NCCL_GRAPH_REGISTER"": ""1"", ""NCCL_IB_DISABLE"": ""1"", ""NCCL_LOCAL_REGISTER"": ""1""}, ""operator"": {""chunks"": 1, ""local_first"": false, ""math_sms"": 0, ""pack_block"": 1024, ""pack_warps"": 4, ""push"": true, ""reverse"": false, ""schedule"": ""full"", ""sms"": 16, ""streams"": 3, ""use_ce"": false}}","{""algo_id"": 66, ""cluster_shape"": 3, ""cta_swizzle"": 0, ""custom"": 1, ""inner_shape"": 0, ""reduction"": 0, ""returned"": 8, ""split_k"": 1, ""stages_id"": 35, ""tile_id"": 20, ""tune_ms"": 0.02566399984061718, ""valid"": 8, ""waves"": 0.9696969985961914, ""workspace_bytes"": 0}",full_v2/teub_formal_auto_cp8.json
gemm_a2a/artificial_small/s4096/cp8,artificial_small,4096,8,teub,graph,,"[512, 4096, 4096]",,,0.10822400078177452,0.12028800211846827,,,158.7436156480844,108.22400078177452,120.28800211846827,,,"{""nccl_environment"": {""NCCL_GRAPH_REGISTER"": ""1"", ""NCCL_IB_DISABLE"": ""1"", ""NCCL_LOCAL_REGISTER"": ""1""}, ""operator"": {""chunks"": 1, ""local_first"": false, ""math_sms"": 0, ""pack_block"": 1024, ""pack_warps"": 4, ""push"": true, ""reverse"": false, ""schedule"": ""full"", ""sms"": 16, ""streams"": 3, ""use_ce"": false}}","{""algo_id"": 66, ""cluster_shape"": 3, ""cta_swizzle"": 0, ""custom"": 1, ""inner_shape"": 0, ""reduction"": 0, ""returned"": 8, ""split_k"": 1, ""stages_id"": 35, ""tile_id"": 20, ""tune_ms"": 0.02566399984061718, ""valid"": 8, ""waves"": 0.9696969985961914, ""workspace_bytes"": 0}",full_v2/teub_formal_auto_cp8.json
gemm_a2a/artificial_small/s16384/cp4,artificial_small,16384,4,cublaslt_nccl,eager,,"[4096, 4096, 4096]",,,0.36767999827861786,0.3773615941405296,,,373.8004626725779,367.67999827861786,377.36159414052963,,,"{""nccl_environment"": {""NCCL_GRAPH_REGISTER"": ""1"", ""NCCL_IB_DISABLE"": ""1"", ""NCCL_LOCAL_REGISTER"": ""1"", ""NCCL_MAX_P2P_NCHANNELS"": ""24"", ""NCCL_MIN_P2P_NCHANNELS"": ""24"", ""NCCL_P2P_LL_THRESHOLD"": ""65536"", ""NCCL_P2P_NVL_CHUNKSIZE"": ""131072""}, ""operator"": {""chunks"": 1, ""local_first"": false, ""math_sms"": 0, ""pack_block"": 1024, ""pack_warps"": 4, ""push"": true, ""reverse"": false, ""schedule"": ""full"", ""sms"": 0, ""streams"": 3, ""use_ce"": false}}","{""algo_id"": 66, ""cluster_shape"": 3, ""cta_swizzle"": 0, ""custom"": 4, ""inner_shape"": 0, ""reduction"": 0, ""returned"": 8, ""split_k"": 1, ""stages_id"": 35, ""tile_id"": 23, ""tune_ms"": 0.16662399470806122, ""valid"": 8, ""waves"": 3.8787879943847656, ""workspace_bytes"": 4}",full_v2/cublaslt_nccl_formal_ch24_chunk128_ll64_cp4.json
gemm_a2a/artificial_small/s16384/cp4,artificial_small,16384,4,cublaslt_nccl,graph,,"[4096, 4096, 4096]",,,0.342303991317749,0.3792960047721863,,,401.5113961800701,342.303991317749,379.2960047721863,,,"{""nccl_environment"": {""NCCL_GRAPH_REGISTER"": ""1"", ""NCCL_IB_DISABLE"": ""1"", ""NCCL_LOCAL_REGISTER"": ""1"", ""NCCL_MAX_P2P_NCHANNELS"": ""24"", ""NCCL_MIN_P2P_NCHANNELS"": ""24"", ""NCCL_P2P_LL_THRESHOLD"": ""65536"", ""NCCL_P2P_NVL_CHUNKSIZE"": ""131072""}, ""operator"": {""chunks"": 1, ""local_first"": false, ""math_sms"": 0, ""pack_block"": 1024, ""pack_warps"": 4, ""push"": true, ""reverse"": false, ""schedule"": ""full"", ""sms"": 0, ""streams"": 3, ""use_ce"": false}}","{""algo_id"": 66, ""cluster_shape"": 3, ""cta_swizzle"": 0, ""custom"": 4, ""inner_shape"": 0, ""reduction"": 0, ""returned"": 8, ""split_k"": 1, ""stages_id"": 35, ""tile_id"": 23, ""tune_ms"": 0.16662399470806122, ""valid"": 8, ""waves"": 3.8787879943847656, ""workspace_bytes"": 4}",full_v2/cublaslt_nccl_formal_ch24_chunk128_ll64_cp4.json
gemm_a2a/artificial_small/s16384/cp4,artificial_small,16384,4,teub,eager,,"[4096, 4096, 4096]",,,0.3379199951887131,0.37123519629240026,,,406.7203936696511,337.9199951887131,371.23519629240025,,,"{""nccl_environment"": {""NCCL_GRAPH_REGISTER"": ""1"", ""NCCL_IB_DISABLE"": ""1"", ""NCCL_LOCAL_REGISTER"": ""1""}, ""operator"": {""chunks"": 1, ""local_first"": false, ""math_sms"": 124, ""pack_block"": 1024, ""pack_warps"": 4, ""push"": true, ""reverse"": false, ""schedule"": ""peer_gemm"", ""sms"": 8, ""streams"": 1, ""use_ce"": false}}","{""algo_id"": 66, ""cluster_shape"": 7, ""cta_swizzle"": 0, ""custom"": 3, ""inner_shape"": 0, ""reduction"": 0, ""returned"": 8, ""split_k"": 1, ""stages_id"": 35, ""tile_id"": 29, ""tune_ms"": 0.05323199927806854, ""valid"": 8, ""waves"": 1.6774193048477173, ""workspace_bytes"": 0}",full_v2/teub_formal_auto_cp4.json
gemm_a2a/artificial_small/s16384/cp4,artificial_small,16384,4,teub,graph,,"[4096, 4096, 4096]",,,0.30748799443244934,0.3097567975521088,,,446.97339720752365,307.48799443244934,309.75679755210876,,,"{""nccl_environment"": {""NCCL_GRAPH_REGISTER"": ""1"", ""NCCL_IB_DISABLE"": ""1"", ""NCCL_LOCAL_REGISTER"": ""1""}, ""operator"": {""chunks"": 1, ""local_first"": false, ""math_sms"": 124, ""pack_block"": 1024, ""pack_warps"": 4, ""push"": true, ""reverse"": false, ""schedule"": ""peer_gemm"", ""sms"": 8, ""streams"": 1, ""use_ce"": false}}","{""algo_id"": 66, ""cluster_shape"": 7, ""cta_swizzle"": 0, ""custom"": 3, ""inner_shape"": 0, ""reduction"": 0, ""returned"": 8, ""split_k"": 1, ""stages_id"": 35, ""tile_id"": 29, ""tune_ms"": 0.05323199927806854, ""valid"": 8, ""waves"": 1.6774193048477173, ""workspace_bytes"": 0}",full_v2/teub_formal_auto_cp4.json
gemm_a2a/artificial_small/s16384/cp8,artificial_small,16384,8,cublaslt_nccl,eager,,"[2048, 4096, 4096]",,,0.26971200108528137,0.2875551998615265,,,254.78835372353825,269.7120010852814,287.5551998615265,,,"{""nccl_environment"": {""NCCL_GRAPH_REGISTER"": ""1"", ""NCCL_IB_DISABLE"": ""1"", ""NCCL_LOCAL_REGISTER"": ""1""}, ""operator"": {""chunks"": 1, ""local_first"": false, ""math_sms"": 0, ""pack_block"": 1024, ""pack_warps"": 4, ""push"": true, ""reverse"": false, ""schedule"": ""full"", ""sms"": 0, ""streams"": 3, ""use_ce"": false}}","{""algo_id"": 66, ""cluster_shape"": 3, ""cta_swizzle"": 0, ""custom"": 4, ""inner_shape"": 0, ""reduction"": 0, ""returned"": 8, ""split_k"": 1, ""stages_id"": 35, ""tile_id"": 23, ""tune_ms"": 0.084906667470932, ""valid"": 8, ""waves"": 1.9393939971923828, ""workspace_bytes"": 0}",full_v2/cublaslt_nccl_formal_auto_cp8.json
gemm_a2a/artificial_small/s16384/cp8,artificial_small,16384,8,cublaslt_nccl,graph,,"[2048, 4096, 4096]",,,0.24883199483156204,0.2631455987691879,,,276.1681703452854,248.83199483156204,263.1455987691879,,,"{""nccl_environment"": {""NCCL_GRAPH_REGISTER"": ""1"", ""NCCL_IB_DISABLE"": ""1"", ""NCCL_LOCAL_REGISTER"": ""1""}, ""operator"": {""chunks"": 1, ""local_first"": false, ""math_sms"": 0, ""pack_block"": 1024, ""pack_warps"": 4, ""push"": true, ""reverse"": false, ""schedule"": ""full"", ""sms"": 0, ""streams"": 3, ""use_ce"": false}}","{""algo_id"": 66, ""cluster_shape"": 3, ""cta_swizzle"": 0, ""custom"": 4, ""inner_shape"": 0, ""reduction"": 0, ""returned"": 8, ""split_k"": 1, ""stages_id"": 35, ""tile_id"": 23, ""tune_ms"": 0.084906667470932, ""valid"": 8, ""waves"": 1.9393939971923828, ""workspace_bytes"": 0}",full_v2/cublaslt_nccl_formal_auto_cp8.json
gemm_a2a/artificial_small/s16384/cp8,artificial_small,16384,8,teub,eager,,"[2048, 4096, 4096]",,,0.3465439975261688,0.3596432074904442,,,198.29942872062222,346.5439975261688,359.6432074904442,,,"{""nccl_environment"": {""NCCL_GRAPH_REGISTER"": ""1"", ""NCCL_IB_DISABLE"": ""1"", ""NCCL_LOCAL_REGISTER"": ""1""}, ""operator"": {""chunks"": 1, ""local_first"": false, ""math_sms"": 0, ""pack_block"": 1024, ""pack_warps"": 4, ""push"": true, ""reverse"": false, ""schedule"": ""full"", ""sms"": 16, ""streams"": 3, ""use_ce"": false}}","{""algo_id"": 66, ""cluster_shape"": 3, ""cta_swizzle"": 0, ""custom"": 4, ""inner_shape"": 0, ""reduction"": 0, ""returned"": 8, ""split_k"": 1, ""stages_id"": 35, ""tile_id"": 23, ""tune_ms"": 0.08451199531555176, ""valid"": 8, ""waves"": 1.9393939971923828, ""workspace_bytes"": 0}",full_v2/teub_formal_auto_cp8.json
gemm_a2a/artificial_small/s16384/cp8,artificial_small,16384,8,teub,graph,,"[2048, 4096, 4096]",,,0.23553600162267685,0.23771199882030486,,,291.75784704916146,235.53600162267685,237.71199882030487,,,"{""nccl_environment"": {""NCCL_GRAPH_REGISTER"": ""1"", ""NCCL_IB_DISABLE"": ""1"", ""NCCL_LOCAL_REGISTER"": ""1""}, ""operator"": {""chunks"": 1, ""local_first"": false, ""math_sms"": 124, ""pack_block"": 1024, ""pack_warps"": 4, ""push"": true, ""reverse"": false, ""schedule"": ""peer_gemm"", ""sms"": 8, ""streams"": 1, ""use_ce"": false}}","{""algo_id"": 66, ""cluster_shape"": 9, ""cta_swizzle"": 0, ""custom"": 3, ""inner_shape"": 0, ""reduction"": 0, ""returned"": 8, ""split_k"": 1, ""stages_id"": 35, ""tile_id"": 400, ""tune_ms"": 0.017450666055083275, ""valid"": 8, ""waves"": 0.8387096524238586, ""workspace_bytes"": 0}",full_v2/teub_formal_auto_cp8.json
gemm_a2a/artificial_small/s131072/cp4,artificial_small,131072,4,cublaslt_nccl,eager,,"[32768, 4096, 4096]",,,2.3656479120254517,2.4604143619537355,,,464.7824480501858,2365.6479120254517,2460.4143619537354,,,"{""nccl_environment"": {""NCCL_GRAPH_REGISTER"": ""1"", ""NCCL_IB_DISABLE"": ""1"", ""NCCL_LOCAL_REGISTER"": ""1""}, ""operator"": {""chunks"": 1, ""local_first"": false, ""math_sms"": 0, ""pack_block"": 1024, ""pack_warps"": 4, ""push"": true, ""reverse"": false, ""schedule"": ""full"", ""sms"": 0, ""streams"": 3, ""use_ce"": false}}","{""algo_id"": 66, ""cluster_shape"": 5, ""cta_swizzle"": 0, ""custom"": 6, ""inner_shape"": 0, ""reduction"": 0, ""returned"": 8, ""split_k"": 1, ""stages_id"": 35, ""tile_id"": 209, ""tune_ms"": 1.3455252647399902, ""valid"": 8, ""waves"": 28.5, ""workspace_bytes"": 4}",full_v2/cublaslt_nccl_formal_auto_cp4.json
gemm_a2a/artificial_small/s131072/cp4,artificial_small,131072,4,cublaslt_nccl,graph,,"[32768, 4096, 4096]",,,2.309791922569275,2.3361407279968263,,,476.02193818089415,2309.791922569275,2336.140727996826,,,"{""nccl_environment"": {""NCCL_GRAPH_REGISTER"": ""1"", ""NCCL_IB_DISABLE"": ""1"", ""NCCL_LOCAL_REGISTER"": ""1"", ""NCCL_MAX_P2P_NCHANNELS"": ""24"", ""NCCL_MIN_P2P_NCHANNELS"": ""24"", ""NCCL_P2P_LL_THRESHOLD"": ""65536"", ""NCCL_P2P_NVL_CHUNKSIZE"": ""131072""}, ""operator"": {""chunks"": 1, ""local_first"": false, ""math_sms"": 0, ""pack_block"": 1024, ""pack_warps"": 4, ""push"": true, ""reverse"": false, ""schedule"": ""full"", ""sms"": 0, ""streams"": 3, ""use_ce"": false}}","{""algo_id"": 66, ""cluster_shape"": 3, ""cta_swizzle"": 0, ""custom"": 4, ""inner_shape"": 0, ""reduction"": 0, ""returned"": 8, ""split_k"": 1, ""stages_id"": 35, ""tile_id"": 23, ""tune_ms"": 1.3015092611312866, ""valid"": 8, ""waves"": 31.030303955078125, ""workspace_bytes"": 4}",full_v2/cublaslt_nccl_formal_ch24_chunk128_ll64_cp4.json
gemm_a2a/artificial_small/s131072/cp4,artificial_small,131072,4,teub,eager,,"[32768, 4096, 4096]",,,2.1227359771728516,2.1867760896682737,,,517.9690925295267,2122.7359771728516,2186.776089668274,,,"{""nccl_environment"": {""NCCL_GRAPH_REGISTER"": ""1"", ""NCCL_IB_DISABLE"": ""1"", ""NCCL_LOCAL_REGISTER"": ""1""}, ""operator"": {""chunks"": 1, ""local_first"": false, ""math_sms"": 124, ""pack_block"": 1024, ""pack_warps"": 4, ""push"": true, ""reverse"": false, ""schedule"": ""peer_gemm"", ""sms"": 8, ""streams"": 1, ""use_ce"": false}}","{""algo_id"": 66, ""cluster_shape"": 7, ""cta_swizzle"": 0, ""custom"": 1, ""inner_shape"": 0, ""reduction"": 0, ""returned"": 8, ""split_k"": 1, ""stages_id"": 35, ""tile_id"": 29, ""tune_ms"": 0.34694933891296387, ""valid"": 8, ""waves"": 13.22580623626709, ""workspace_bytes"": 4}",full_v2/teub_formal_auto_cp4.json
gemm_a2a/artificial_small/s131072/cp4,artificial_small,131072,4,teub,graph,,"[32768, 4096, 4096]",,,2.1282238960266113,2.149400007724762,,,516.6334377829257,2128.2238960266113,2149.400007724762,,,"{""nccl_environment"": {""NCCL_GRAPH_REGISTER"": ""1"", ""NCCL_IB_DISABLE"": ""1"", ""NCCL_LOCAL_REGISTER"": ""1""}, ""operator"": {""chunks"": 1, ""local_first"": false, ""math_sms"": 124, ""pack_block"": 512, ""pack_warps"": 4, ""push"": true, ""reverse"": false, ""schedule"": ""peer_gemm"", ""sms"": 8, ""streams"": 1, ""use_ce"": true}}","{""algo_id"": 66, ""cluster_shape"": 7, ""cta_swizzle"": 0, ""custom"": 1, ""inner_shape"": 0, ""reduction"": 0, ""returned"": 8, ""split_k"": 1, ""stages_id"": 35, ""tile_id"": 29, ""tune_ms"": 0.34694933891296387, ""valid"": 8, ""waves"": 13.22580623626709, ""workspace_bytes"": 4}",full_v2/teub_formal_auto_cp4.json
gemm_a2a/artificial_small/s131072/cp8,artificial_small,131072,8,cublaslt_nccl,eager,,"[16384, 4096, 4096]",,,1.3548479676246643,1.3803232073783875,,,405.76937562362696,1354.8479676246643,1380.3232073783875,,,"{""nccl_environment"": {""NCCL_GRAPH_REGISTER"": ""1"", ""NCCL_IB_DISABLE"": ""1"", ""NCCL_LOCAL_REGISTER"": ""1"", ""NCCL_MAX_P2P_NCHANNELS"": ""24"", ""NCCL_MIN_P2P_NCHANNELS"": ""24"", ""NCCL_P2P_LL_THRESHOLD"": ""65536"", ""NCCL_P2P_NVL_CHUNKSIZE"": ""131072""}, ""operator"": {""chunks"": 1, ""local_first"": false, ""math_sms"": 0, ""pack_block"": 1024, ""pack_warps"": 4, ""push"": true, ""reverse"": false, ""schedule"": ""full"", ""sms"": 0, ""streams"": 3, ""use_ce"": false}}","{""algo_id"": 66, ""cluster_shape"": 3, ""cta_swizzle"": 0, ""custom"": 1, ""inner_shape"": 0, ""reduction"": 0, ""returned"": 8, ""split_k"": 1, ""stages_id"": 35, ""tile_id"": 29, ""tune_ms"": 0.6487413048744202, ""valid"": 8, ""waves"": 24.969696044921875, ""workspace_bytes"": 4}",full_v2/cublaslt_nccl_formal_ch24_chunk128_ll64_cp8.json
gemm_a2a/artificial_small/s131072/cp8,artificial_small,131072,8,cublaslt_nccl,graph,,"[16384, 4096, 4096]",,,1.3226079940795898,1.3436656415462493,,,415.6604347991848,1322.6079940795898,1343.6656415462494,,,"{""nccl_environment"": {""NCCL_GRAPH_REGISTER"": ""1"", ""NCCL_IB_DISABLE"": ""1"", ""NCCL_LOCAL_REGISTER"": ""1"", ""NCCL_MAX_P2P_NCHANNELS"": ""24"", ""NCCL_MIN_P2P_NCHANNELS"": ""24"", ""NCCL_P2P_LL_THRESHOLD"": ""65536"", ""NCCL_P2P_NVL_CHUNKSIZE"": ""131072""}, ""operator"": {""chunks"": 1, ""local_first"": false, ""math_sms"": 0, ""pack_block"": 1024, ""pack_warps"": 4, ""push"": true, ""reverse"": false, ""schedule"": ""full"", ""sms"": 0, ""streams"": 3, ""use_ce"": false}}","{""algo_id"": 66, ""cluster_shape"": 3, ""cta_swizzle"": 0, ""custom"": 1, ""inner_shape"": 0, ""reduction"": 0, ""returned"": 8, ""split_k"": 1, ""stages_id"": 35, ""tile_id"": 29, ""tune_ms"": 0.6487413048744202, ""valid"": 8, ""waves"": 24.969696044921875, ""workspace_bytes"": 4}",full_v2/cublaslt_nccl_formal_ch24_chunk128_ll64_cp8.json
gemm_a2a/artificial_small/s131072/cp8,artificial_small,131072,8,teub,eager,,"[16384, 4096, 4096]",,,1.3722719550132751,1.3836111783981324,,,400.6172478272951,1372.2719550132751,1383.6111783981323,,,"{""nccl_environment"": {""NCCL_GRAPH_REGISTER"": ""1"", ""NCCL_IB_DISABLE"": ""1"", ""NCCL_LOCAL_REGISTER"": ""1""}, ""operator"": {""chunks"": 1, ""local_first"": false, ""math_sms"": 124, ""pack_block"": 1024, ""pack_warps"": 4, ""push"": true, ""reverse"": false, ""schedule"": ""peer_gemm"", ""sms"": 8, ""streams"": 1, ""use_ce"": false}}","{""algo_id"": 66, ""cluster_shape"": 5, ""cta_swizzle"": 0, ""custom"": 7, ""inner_shape"": 0, ""reduction"": 0, ""returned"": 8, ""split_k"": 1, ""stages_id"": 35, ""tile_id"": 495, ""tune_ms"": 0.0987306609749794, ""valid"": 8, ""waves"": 2.7580645084381104, ""workspace_bytes"": 4}",full_v2/teub_formal_auto_cp8.json
gemm_a2a/artificial_small/s131072/cp8,artificial_small,131072,8,teub,graph,,"[16384, 4096, 4096]",,,1.3427200317382812,1.353520005941391,,,409.43443226678295,1342.7200317382812,1353.520005941391,,,"{""nccl_environment"": {""NCCL_GRAPH_REGISTER"": ""1"", ""NCCL_IB_DISABLE"": ""1"", ""NCCL_LOCAL_REGISTER"": ""1""}, ""operator"": {""chunks"": 1, ""local_first"": false, ""math_sms"": 124, ""pack_block"": 512, ""pack_warps"": 4, ""push"": true, ""reverse"": false, ""schedule"": ""peer_gemm"", ""sms"": 8, ""streams"": 1, ""use_ce"": true}}","{""algo_id"": 66, ""cluster_shape"": 5, ""cta_swizzle"": 0, ""custom"": 7, ""inner_shape"": 0, ""reduction"": 0, ""returned"": 8, ""split_k"": 1, ""stages_id"": 35, ""tile_id"": 495, ""tune_ms"": 0.0987306609749794, ""valid"": 8, ""waves"": 2.7580645084381104, ""workspace_bytes"": 4}",full_v2/teub_formal_auto_cp8.json
gemm_a2a/artificial_small/s262144/cp4,artificial_small,262144,4,cublaslt_nccl,eager,,"[65536, 4096, 4096]",,,4.860527992248535,5.080843377113342,,,452.4247692964539,4860.527992248535,5080.843377113342,,,"{""nccl_environment"": {""NCCL_GRAPH_REGISTER"": ""1"", ""NCCL_IB_DISABLE"": ""1"", ""NCCL_LOCAL_REGISTER"": ""1""}, ""operator"": {""chunks"": 1, ""local_first"": false, ""math_sms"": 0, ""pack_block"": 1024, ""pack_warps"": 4, ""push"": true, ""reverse"": false, ""schedule"": ""full"", ""sms"": 0, ""streams"": 3, ""use_ce"": false}}","{""algo_id"": 66, ""cluster_shape"": 3, ""cta_swizzle"": 0, ""custom"": 4, ""inner_shape"": 0, ""reduction"": 0, ""returned"": 8, ""split_k"": 1, ""stages_id"": 35, ""tile_id"": 209, ""tune_ms"": 2.6569812297821045, ""valid"": 8, ""waves"": 57.0, ""workspace_bytes"": 4}",full_v2/cublaslt_nccl_formal_auto_cp4.json
gemm_a2a/artificial_small/s262144/cp4,artificial_small,262144,4,cublaslt_nccl,graph,,"[65536, 4096, 4096]",,,4.708431959152222,4.942539238929749,,,467.03940390973514,4708.431959152222,4942.5392389297485,,,"{""nccl_environment"": {""NCCL_GRAPH_REGISTER"": ""1"", ""NCCL_IB_DISABLE"": ""1"", ""NCCL_LOCAL_REGISTER"": ""1"", ""NCCL_MAX_P2P_NCHANNELS"": ""24"", ""NCCL_MIN_P2P_NCHANNELS"": ""24"", ""NCCL_P2P_LL_THRESHOLD"": ""65536"", ""NCCL_P2P_NVL_CHUNKSIZE"": ""131072""}, ""operator"": {""chunks"": 1, ""local_first"": false, ""math_sms"": 0, ""pack_block"": 1024, ""pack_warps"": 4, ""push"": true, ""reverse"": false, ""schedule"": ""full"", ""sms"": 0, ""streams"": 3, ""use_ce"": false}}","{""algo_id"": 66, ""cluster_shape"": 3, ""cta_swizzle"": 0, ""custom"": 4, ""inner_shape"": 0, ""reduction"": 0, ""returned"": 8, ""split_k"": 1, ""stages_id"": 35, ""tile_id"": 209, ""tune_ms"": 2.6573920249938965, ""valid"": 8, ""waves"": 57.0, ""workspace_bytes"": 4}",full_v2/cublaslt_nccl_formal_ch24_chunk128_ll64_cp4.json
gemm_a2a/artificial_small/s262144/cp4,artificial_small,262144,4,teub,eager,,"[65536, 4096, 4096]",,,4.312831878662109,4.387040138244629,,,509.8791971075308,4312.831878662109,4387.040138244629,,,"{""nccl_environment"": {""NCCL_GRAPH_REGISTER"": ""1"", ""NCCL_IB_DISABLE"": ""1"", ""NCCL_LOCAL_REGISTER"": ""1""}, ""operator"": {""chunks"": 1, ""local_first"": false, ""math_sms"": 120, ""pack_block"": 512, ""pack_warps"": 4, ""push"": true, ""reverse"": false, ""schedule"": ""peer_gemm"", ""sms"": 12, ""streams"": 1, ""use_ce"": true}}","{""algo_id"": 66, ""cluster_shape"": 7, ""cta_swizzle"": 0, ""custom"": 1, ""inner_shape"": 0, ""reduction"": 0, ""returned"": 8, ""split_k"": 1, ""stages_id"": 35, ""tile_id"": 20, ""tune_ms"": 0.6836960315704346, ""valid"": 8, ""waves"": 34.13333511352539, ""workspace_bytes"": 4}",full_v2/teub_formal_auto_cp4.json
gemm_a2a/artificial_small/s262144/cp4,artificial_small,262144,4,teub,graph,,"[65536, 4096, 4096]",,,4.338383913040161,4.42316951751709,,,506.87613167249987,4338.383913040161,4423.16951751709,,,"{""nccl_environment"": {""NCCL_GRAPH_REGISTER"": ""1"", ""NCCL_IB_DISABLE"": ""1"", ""NCCL_LOCAL_REGISTER"": ""1""}, ""operator"": {""chunks"": 1, ""local_first"": false, ""math_sms"": 120, ""pack_block"": 512, ""pack_warps"": 4, ""push"": true, ""reverse"": false, ""schedule"": ""peer_gemm"", ""sms"": 12, ""streams"": 1, ""use_ce"": true}}","{""algo_id"": 66, ""cluster_shape"": 7, ""cta_swizzle"": 0, ""custom"": 1, ""inner_shape"": 0, ""reduction"": 0, ""returned"": 8, ""split_k"": 1, ""stages_id"": 35, ""tile_id"": 20, ""tune_ms"": 0.6836960315704346, ""valid"": 8, ""waves"": 34.13333511352539, ""workspace_bytes"": 4}",full_v2/teub_formal_auto_cp4.json
gemm_a2a/artificial_small/s262144/cp8,artificial_small,262144,8,cublaslt_nccl,eager,,"[32768, 4096, 4096]",,,2.6255199909210205,2.711031949520111,,,418.7786158848847,2625.5199909210205,2711.031949520111,,,"{""nccl_environment"": {""NCCL_GRAPH_REGISTER"": ""1"", ""NCCL_IB_DISABLE"": ""1"", ""NCCL_LOCAL_REGISTER"": ""1""}, ""operator"": {""chunks"": 1, ""local_first"": false, ""math_sms"": 0, ""pack_block"": 1024, ""pack_warps"": 4, ""push"": true, ""reverse"": false, ""schedule"": ""full"", ""sms"": 0, ""streams"": 3, ""use_ce"": false}}","{""algo_id"": 66, ""cluster_shape"": 3, ""cta_swizzle"": 0, ""custom"": 1, ""inner_shape"": 0, ""reduction"": 0, ""returned"": 8, ""split_k"": 1, ""stages_id"": 35, ""tile_id"": 29, ""tune_ms"": 1.3260160684585571, ""valid"": 8, ""waves"": 49.69696807861328, ""workspace_bytes"": 4}",full_v2/cublaslt_nccl_formal_auto_cp8.json
gemm_a2a/artificial_small/s262144/cp8,artificial_small,262144,8,cublaslt_nccl,graph,,"[32768, 4096, 4096]",,,2.5887999534606934,2.6169776201248167,,,424.71865248072913,2588.7999534606934,2616.977620124817,,,"{""nccl_environment"": {""NCCL_GRAPH_REGISTER"": ""1"", ""NCCL_IB_DISABLE"": ""1"", ""NCCL_LOCAL_REGISTER"": ""1""}, ""operator"": {""chunks"": 1, ""local_first"": false, ""math_sms"": 0, ""pack_block"": 1024, ""pack_warps"": 4, ""push"": true, ""reverse"": false, ""schedule"": ""full"", ""sms"": 0, ""streams"": 3, ""use_ce"": false}}","{""algo_id"": 66, ""cluster_shape"": 3, ""cta_swizzle"": 0, ""custom"": 1, ""inner_shape"": 0, ""reduction"": 0, ""returned"": 8, ""split_k"": 1, ""stages_id"": 35, ""tile_id"": 29, ""tune_ms"": 1.3260160684585571, ""valid"": 8, ""waves"": 49.69696807861328, ""workspace_bytes"": 4}",full_v2/cublaslt_nccl_formal_auto_cp8.json
gemm_a2a/artificial_small/s262144/cp8,artificial_small,262144,8,teub,eager,,"[32768, 4096, 4096]",,,2.539471983909607,2.557512104511261,,,432.96859927679253,2539.471983909607,2557.512104511261,,,"{""nccl_environment"": {""NCCL_GRAPH_REGISTER"": ""1"", ""NCCL_IB_DISABLE"": ""1"", ""NCCL_LOCAL_REGISTER"": ""1""}, ""operator"": {""chunks"": 1, ""local_first"": false, ""math_sms"": 124, ""pack_block"": 1024, ""pack_warps"": 4, ""push"": true, ""reverse"": false, ""schedule"": ""peer_gemm"", ""sms"": 8, ""streams"": 1, ""use_ce"": false}}","{""algo_id"": 66, ""cluster_shape"": 3, ""cta_swizzle"": 0, ""custom"": 1, ""inner_shape"": 0, ""reduction"": 0, ""returned"": 8, ""split_k"": 1, ""stages_id"": 35, ""tile_id"": 29, ""tune_ms"": 0.18718399107456207, ""valid"": 8, ""waves"": 6.612903118133545, ""workspace_bytes"": 4}",full_v2/teub_formal_auto_cp8.json
gemm_a2a/artificial_small/s262144/cp8,artificial_small,262144,8,teub,graph,,"[32768, 4096, 4096]",,,2.5236960649490356,2.532369589805603,,,435.67513657719473,2523.6960649490356,2532.369589805603,,,"{""nccl_environment"": {""NCCL_GRAPH_REGISTER"": ""1"", ""NCCL_IB_DISABLE"": ""1"", ""NCCL_LOCAL_REGISTER"": ""1""}, ""operator"": {""chunks"": 1, ""local_first"": false, ""math_sms"": 124, ""pack_block"": 1024, ""pack_warps"": 4, ""push"": true, ""reverse"": false, ""schedule"": ""peer_gemm"", ""sms"": 8, ""streams"": 1, ""use_ce"": false}}","{""algo_id"": 66, ""cluster_shape"": 3, ""cta_swizzle"": 0, ""custom"": 1, ""inner_shape"": 0, ""reduction"": 0, ""returned"": 8, ""split_k"": 1, ""stages_id"": 35, ""tile_id"": 29, ""tune_ms"": 0.18718399107456207, ""valid"": 8, ""waves"": 6.612903118133545, ""workspace_bytes"": 4}",full_v2/teub_formal_auto_cp8.json
gemm_a2a/artificial_small/s524288/cp4,artificial_small,524288,4,cublaslt_nccl,eager,,"[131072, 4096, 4096]",,,9.49502420425415,10.267425394058227,,,463.19487096552103,9495.02420425415,10267.425394058228,,,"{""nccl_environment"": {""NCCL_GRAPH_REGISTER"": ""1"", ""NCCL_IB_DISABLE"": ""1"", ""NCCL_LOCAL_REGISTER"": ""1""}, ""operator"": {""chunks"": 1, ""local_first"": false, ""math_sms"": 0, ""pack_block"": 1024, ""pack_warps"": 4, ""push"": true, ""reverse"": false, ""schedule"": ""full"", ""sms"": 0, ""streams"": 3, ""use_ce"": false}}","{""algo_id"": 66, ""cluster_shape"": 5, ""cta_swizzle"": 0, ""custom"": 7, ""inner_shape"": 0, ""reduction"": 0, ""returned"": 8, ""split_k"": 1, ""stages_id"": 35, ""tile_id"": 24, ""tune_ms"": 5.479055881500244, ""valid"": 8, ""waves"": 124.1212158203125, ""workspace_bytes"": 4}",full_v2/cublaslt_nccl_formal_auto_cp4.json
gemm_a2a/artificial_small/s524288/cp4,artificial_small,524288,4,cublaslt_nccl,graph,,"[131072, 4096, 4096]",,,9.560096263885498,9.989036798477173,,,460.04207381448555,9560.096263885498,9989.036798477173,,,"{""nccl_environment"": {""NCCL_GRAPH_REGISTER"": ""1"", ""NCCL_IB_DISABLE"": ""1"", ""NCCL_LOCAL_REGISTER"": ""1"", ""NCCL_MAX_P2P_NCHANNELS"": ""24"", ""NCCL_MIN_P2P_NCHANNELS"": ""24"", ""NCCL_P2P_LL_THRESHOLD"": ""65536"", ""NCCL_P2P_NVL_CHUNKSIZE"": ""131072""}, ""operator"": {""chunks"": 1, ""local_first"": false, ""math_sms"": 0, ""pack_block"": 1024, ""pack_warps"": 4, ""push"": true, ""reverse"": false, ""schedule"": ""full"", ""sms"": 0, ""streams"": 3, ""use_ce"": false}}","{""algo_id"": 66, ""cluster_shape"": 5, ""cta_swizzle"": 0, ""custom"": 7, ""inner_shape"": 0, ""reduction"": 0, ""returned"": 8, ""split_k"": 1, ""stages_id"": 35, ""tile_id"": 248, ""tune_ms"": 5.361610412597656, ""valid"": 8, ""waves"": 100.8484878540039, ""workspace_bytes"": 4}",full_v2/cublaslt_nccl_formal_ch24_chunk128_ll64_cp4.json
gemm_a2a/artificial_small/s524288/cp4,artificial_small,524288,4,teub,eager,,"[131072, 4096, 4096]",,,8.721263885498047,8.967166233062745,,,504.29003970596403,8721.263885498047,8967.166233062744,,,"{""nccl_environment"": {""NCCL_GRAPH_REGISTER"": ""1"", ""NCCL_IB_DISABLE"": ""1"", ""NCCL_LOCAL_REGISTER"": ""1""}, ""operator"": {""chunks"": 1, ""local_first"": false, ""math_sms"": 124, ""pack_block"": 1024, ""pack_warps"": 4, ""push"": true, ""reverse"": false, ""schedule"": ""peer_gemm"", ""sms"": 8, ""streams"": 1, ""use_ce"": false}}","{""algo_id"": 66, ""cluster_shape"": 5, ""cta_swizzle"": 0, ""custom"": 7, ""inner_shape"": 0, ""reduction"": 0, ""returned"": 8, ""split_k"": 1, ""stages_id"": 35, ""tile_id"": 24, ""tune_ms"": 1.3684478998184204, ""valid"": 8, ""waves"": 33.032257080078125, ""workspace_bytes"": 4}",full_v2/teub_formal_auto_cp4.json
gemm_a2a/artificial_small/s524288/cp4,artificial_small,524288,4,teub,graph,,"[131072, 4096, 4096]",,,9.36575984954834,11.13384313583374,,,469.58779445066534,9365.75984954834,11133.84313583374,,,"{""nccl_environment"": {""NCCL_GRAPH_REGISTER"": ""1"", ""NCCL_IB_DISABLE"": ""1"", ""NCCL_LOCAL_REGISTER"": ""1""}, ""operator"": {""chunks"": 1, ""local_first"": false, ""math_sms"": 124, ""pack_block"": 1024, ""pack_warps"": 4, ""push"": true, ""reverse"": false, ""schedule"": ""peer_gemm"", ""sms"": 8, ""streams"": 1, ""use_ce"": false}}","{""algo_id"": 66, ""cluster_shape"": 5, ""cta_swizzle"": 0, ""custom"": 7, ""inner_shape"": 0, ""reduction"": 0, ""returned"": 8, ""split_k"": 1, ""stages_id"": 35, ""tile_id"": 24, ""tune_ms"": 1.3684478998184204, ""valid"": 8, ""waves"": 33.032257080078125, ""workspace_bytes"": 4}",full_v2/teub_formal_auto_cp4.json
gemm_a2a/artificial_small/s524288/cp8,artificial_small,524288,8,cublaslt_nccl,eager,,"[65536, 4096, 4096]",,,5.091856002807617,5.18143515586853,,,431.8706684437801,5091.856002807617,5181.43515586853,,,"{""nccl_environment"": {""NCCL_GRAPH_REGISTER"": ""1"", ""NCCL_IB_DISABLE"": ""1"", ""NCCL_LOCAL_REGISTER"": ""1"", ""NCCL_MAX_P2P_NCHANNELS"": ""32"", ""NCCL_MIN_P2P_NCHANNELS"": ""32"", ""NCCL_P2P_LL_THRESHOLD"": ""65536"", ""NCCL_P2P_NVL_CHUNKSIZE"": ""524288""}, ""operator"": {""chunks"": 1, ""local_first"": false, ""math_sms"": 0, ""pack_block"": 1024, ""pack_warps"": 4, ""push"": true, ""reverse"": false, ""schedule"": ""full"", ""sms"": 0, ""streams"": 3, ""use_ce"": false}}","{""algo_id"": 66, ""cluster_shape"": 3, ""cta_swizzle"": 0, ""custom"": 4, ""inner_shape"": 0, ""reduction"": 0, ""returned"": 8, ""split_k"": 1, ""stages_id"": 35, ""tile_id"": 209, ""tune_ms"": 2.665877342224121, ""valid"": 8, ""waves"": 57.0, ""workspace_bytes"": 4}",full_v2/cublaslt_nccl_formal_ch32_chunk512_ll64_cp8.json
gemm_a2a/artificial_small/s524288/cp8,artificial_small,524288,8,cublaslt_nccl,graph,,"[65536, 4096, 4096]",,,5.0551838874816895,5.089918231964111,,,435.0036130233581,5055.183887481689,5089.918231964111,,,"{""nccl_environment"": {""NCCL_GRAPH_REGISTER"": ""1"", ""NCCL_IB_DISABLE"": ""1"", ""NCCL_LOCAL_REGISTER"": ""1""}, ""operator"": {""chunks"": 1, ""local_first"": false, ""math_sms"": 0, ""pack_block"": 1024, ""pack_warps"": 4, ""push"": true, ""reverse"": false, ""schedule"": ""full"", ""sms"": 0, ""streams"": 3, ""use_ce"": false}}","{""algo_id"": 66, ""cluster_shape"": 3, ""cta_swizzle"": 0, ""custom"": 4, ""inner_shape"": 0, ""reduction"": 0, ""returned"": 8, ""split_k"": 1, ""stages_id"": 35, ""tile_id"": 209, ""tune_ms"": 2.7047574520111084, ""valid"": 8, ""waves"": 57.0, ""workspace_bytes"": 4}",full_v2/cublaslt_nccl_formal_auto_cp8.json
gemm_a2a/artificial_small/s524288/cp8,artificial_small,524288,8,teub,eager,,"[65536, 4096, 4096]",,,4.82204794883728,4.860726523399353,,,456.0351284109983,4822.04794883728,4860.726523399353,,,"{""nccl_environment"": {""NCCL_GRAPH_REGISTER"": ""1"", ""NCCL_IB_DISABLE"": ""1"", ""NCCL_LOCAL_REGISTER"": ""1""}, ""operator"": {""chunks"": 1, ""local_first"": false, ""math_sms"": 124, ""pack_block"": 1024, ""pack_warps"": 4, ""push"": true, ""reverse"": false, ""schedule"": ""peer_gemm"", ""sms"": 8, ""streams"": 1, ""use_ce"": false}}","{""algo_id"": 66, ""cluster_shape"": 7, ""cta_swizzle"": 0, ""custom"": 6, ""inner_shape"": 0, ""reduction"": 0, ""returned"": 8, ""split_k"": 1, ""stages_id"": 35, ""tile_id"": 23, ""tune_ms"": 0.36203733086586, ""valid"": 8, ""waves"": 8.258064270019531, ""workspace_bytes"": 4}",full_v2/teub_formal_auto_cp8.json
gemm_a2a/artificial_small/s524288/cp8,artificial_small,524288,8,teub,graph,,"[65536, 4096, 4096]",,,4.826463937759399,4.881073546409607,,,455.61787758282884,4826.463937759399,4881.073546409607,,,"{""nccl_environment"": {""NCCL_GRAPH_REGISTER"": ""1"", ""NCCL_IB_DISABLE"": ""1"", ""NCCL_LOCAL_REGISTER"": ""1""}, ""operator"": {""chunks"": 1, ""local_first"": false, ""math_sms"": 124, ""pack_block"": 1024, ""pack_warps"": 4, ""push"": true, ""reverse"": false, ""schedule"": ""peer_gemm"", ""sms"": 8, ""streams"": 1, ""use_ce"": false}}","{""algo_id"": 66, ""cluster_shape"": 7, ""cta_swizzle"": 0, ""custom"": 6, ""inner_shape"": 0, ""reduction"": 0, ""returned"": 8, ""split_k"": 1, ""stages_id"": 35, ""tile_id"": 23, ""tune_ms"": 0.36203733086586, ""valid"": 8, ""waves"": 8.258064270019531, ""workspace_bytes"": 4}",full_v2/teub_formal_auto_cp8.json
gemm_a2a/artificial_medium/s1024/cp4,artificial_medium,1024,4,cublaslt_nccl,eager,,"[256, 5120, 5120]",,,0.1226239986717701,0.1496479980647564,,,109.45469847159613,122.6239986717701,149.6479980647564,,,"{""nccl_environment"": {""NCCL_GRAPH_REGISTER"": ""1"", ""NCCL_IB_DISABLE"": ""1"", ""NCCL_LOCAL_REGISTER"": ""1""}, ""operator"": {""chunks"": 1, ""local_first"": false, ""math_sms"": 0, ""pack_block"": 1024, ""pack_warps"": 4, ""push"": true, ""reverse"": false, ""schedule"": ""full"", ""sms"": 0, ""streams"": 3, ""use_ce"": false}}","{""algo_id"": 66, ""cluster_shape"": 3, ""cta_swizzle"": 0, ""custom"": 0, ""inner_shape"": 0, ""reduction"": 0, ""returned"": 8, ""split_k"": 1, ""stages_id"": 35, ""tile_id"": 135, ""tune_ms"": 0.024938667193055153, ""valid"": 8, ""waves"": 0.9696969985961914, ""workspace_bytes"": 0}",full_v2/cublaslt_nccl_formal_auto_cp4.json
gemm_a2a/artificial_medium/s1024/cp4,artificial_medium,1024,4,cublaslt_nccl,graph,,"[256, 5120, 5120]",,,0.09684799984097481,0.10591839775443077,,,138.58595760406678,96.84799984097481,105.91839775443077,,,"{""nccl_environment"": {""NCCL_GRAPH_REGISTER"": ""1"", ""NCCL_IB_DISABLE"": ""1"", ""NCCL_LOCAL_REGISTER"": ""1"", ""NCCL_MAX_P2P_NCHANNELS"": ""24"", ""NCCL_MIN_P2P_NCHANNELS"": ""24"", ""NCCL_P2P_LL_THRESHOLD"": ""65536"", ""NCCL_P2P_NVL_CHUNKSIZE"": ""131072""}, ""operator"": {""chunks"": 1, ""local_first"": false, ""math_sms"": 0, ""pack_block"": 1024, ""pack_warps"": 4, ""push"": true, ""reverse"": false, ""schedule"": ""full"", ""sms"": 0, ""streams"": 3, ""use_ce"": false}}","{""algo_id"": 66, ""cluster_shape"": 3, ""cta_swizzle"": 0, ""custom"": 0, ""inner_shape"": 0, ""reduction"": 0, ""returned"": 8, ""split_k"": 1, ""stages_id"": 35, ""tile_id"": 135, ""tune_ms"": 0.025146665051579475, ""valid"": 8, ""waves"": 0.9696969985961914, ""workspace_bytes"": 0}",full_v2/cublaslt_nccl_formal_ch24_chunk128_ll64_cp4.json
gemm_a2a/artificial_medium/s1024/cp4,artificial_medium,1024,4,teub,eager,,"[256, 5120, 5120]",,,0.2229440063238144,0.2360463969409466,,,60.2024383669933,222.9440063238144,236.04639694094658,,,"{""nccl_environment"": {""NCCL_GRAPH_REGISTER"": ""1"", ""NCCL_IB_DISABLE"": ""1"", ""NCCL_LOCAL_REGISTER"": ""1""}, ""operator"": {""chunks"": 1, ""local_first"": false, ""math_sms"": 0, ""pack_block"": 1024, ""pack_warps"": 4, ""push"": true, ""reverse"": false, ""schedule"": ""full"", ""sms"": 16, ""streams"": 3, ""use_ce"": false}}","{""algo_id"": 66, ""cluster_shape"": 3, ""cta_swizzle"": 0, ""custom"": 0, ""inner_shape"": 0, ""reduction"": 0, ""returned"": 8, ""split_k"": 1, ""stages_id"": 35, ""tile_id"": 135, ""tune_ms"": 0.024634666740894318, ""valid"": 8, ""waves"": 0.9696969985961914, ""workspace_bytes"": 0}",full_v2/teub_formal_auto_cp4.json
gemm_a2a/artificial_medium/s1024/cp4,artificial_medium,1024,4,teub,graph,,"[256, 5120, 5120]",,,0.0931360013782978,0.145371200889349,,,144.10939487818177,93.1360013782978,145.37120088934898,,,"{""nccl_environment"": {""NCCL_GRAPH_REGISTER"": ""1"", ""NCCL_IB_DISABLE"": ""1"", ""NCCL_LOCAL_REGISTER"": ""1""}, ""operator"": {""chunks"": 1, ""local_first"": false, ""math_sms"": 0, ""pack_block"": 1024, ""pack_warps"": 4, ""push"": true, ""reverse"": false, ""schedule"": ""full"", ""sms"": 16, ""streams"": 3, ""use_ce"": false}}","{""algo_id"": 66, ""cluster_shape"": 3, ""cta_swizzle"": 0, ""custom"": 0, ""inner_shape"": 0, ""reduction"": 0, ""returned"": 8, ""split_k"": 1, ""stages_id"": 35, ""tile_id"": 135, ""tune_ms"": 0.024634666740894318, ""valid"": 8, ""waves"": 0.9696969985961914, ""workspace_bytes"": 0}",full_v2/teub_formal_auto_cp4.json
gemm_a2a/artificial_medium/s1024/cp8,artificial_medium,1024,8,cublaslt_nccl,eager,,"[128, 5120, 5120]",,,0.25068800151348114,0.3167503982782362,,,26.769874742645438,250.68800151348114,316.7503982782362,,,"{""nccl_environment"": {""NCCL_GRAPH_REGISTER"": ""1"", ""NCCL_IB_DISABLE"": ""1"", ""NCCL_LOCAL_REGISTER"": ""1""}, ""operator"": {""chunks"": 1, ""local_first"": false, ""math_sms"": 0, ""pack_block"": 1024, ""pack_warps"": 4, ""push"": true, ""reverse"": false, ""schedule"": ""full"", ""sms"": 0, ""streams"": 3, ""use_ce"": false}}","{""algo_id"": 66, ""cluster_shape"": 7, ""cta_swizzle"": 0, ""custom"": 0, ""inner_shape"": 0, ""reduction"": 0, ""returned"": 8, ""split_k"": 1, ""stages_id"": 35, ""tile_id"": 27, ""tune_ms"": 0.019941333681344986, ""valid"": 8, ""waves"": 0.8181818127632141, ""workspace_bytes"": 0}",full_v2/cublaslt_nccl_formal_auto_cp8.json
gemm_a2a/artificial_medium/s1024/cp8,artificial_medium,1024,8,cublaslt_nccl,graph,,"[128, 5120, 5120]",,,0.09256000071763992,0.12316799834370613,,,72.50309364702771,92.56000071763992,123.16799834370613,,,"{""nccl_environment"": {""NCCL_GRAPH_REGISTER"": ""1"", ""NCCL_IB_DISABLE"": ""1"", ""NCCL_LOCAL_REGISTER"": ""1""}, ""operator"": {""chunks"": 1, ""local_first"": false, ""math_sms"": 0, ""pack_block"": 1024, ""pack_warps"": 4, ""push"": true, ""reverse"": false, ""schedule"": ""full"", ""sms"": 0, ""streams"": 3, ""use_ce"": false}}","{""algo_id"": 66, ""cluster_shape"": 7, ""cta_swizzle"": 0, ""custom"": 0, ""inner_shape"": 0, ""reduction"": 0, ""returned"": 8, ""split_k"": 1, ""stages_id"": 35, ""tile_id"": 27, ""tune_ms"": 0.019941333681344986, ""valid"": 8, ""waves"": 0.8181818127632141, ""workspace_bytes"": 0}",full_v2/cublaslt_nccl_formal_auto_cp8.json
gemm_a2a/artificial_medium/s1024/cp8,artificial_medium,1024,8,teub,eager,,"[128, 5120, 5120]",,,0.22788800299167633,0.23535199984908103,,,29.448177665785753,227.88800299167633,235.35199984908104,,,"{""nccl_environment"": {""NCCL_GRAPH_REGISTER"": ""1"", ""NCCL_IB_DISABLE"": ""1"", ""NCCL_LOCAL_REGISTER"": ""1""}, ""operator"": {""chunks"": 1, ""local_first"": false, ""math_sms"": 0, ""pack_block"": 1024, ""pack_warps"": 4, ""push"": true, ""reverse"": false, ""schedule"": ""full"", ""sms"": 16, ""streams"": 3, ""use_ce"": false}}","{""algo_id"": 66, ""cluster_shape"": 7, ""cta_swizzle"": 0, ""custom"": 0, ""inner_shape"": 0, ""reduction"": 0, ""returned"": 8, ""split_k"": 1, ""stages_id"": 35, ""tile_id"": 27, ""tune_ms"": 0.019807999953627586, ""valid"": 8, ""waves"": 0.8181818127632141, ""workspace_bytes"": 0}",full_v2/teub_formal_auto_cp8.json
gemm_a2a/artificial_medium/s1024/cp8,artificial_medium,1024,8,teub,graph,,"[128, 5120, 5120]",,,0.08924800157546997,0.10064479894936085,,,75.19368816706931,89.24800157546997,100.64479894936085,,,"{""nccl_environment"": {""NCCL_GRAPH_REGISTER"": ""1"", ""NCCL_IB_DISABLE"": ""1"", ""NCCL_LOCAL_REGISTER"": ""1""}, ""operator"": {""chunks"": 1, ""local_first"": false, ""math_sms"": 0, ""pack_block"": 1024, ""pack_warps"": 4, ""push"": true, ""reverse"": false, ""schedule"": ""full"", ""sms"": 4, ""streams"": 3, ""use_ce"": false}}","{""algo_id"": 66, ""cluster_shape"": 7, ""cta_swizzle"": 0, ""custom"": 0, ""inner_shape"": 0, ""reduction"": 0, ""returned"": 8, ""split_k"": 1, ""stages_id"": 35, ""tile_id"": 27, ""tune_ms"": 0.019807999953627586, ""valid"": 8, ""waves"": 0.8181818127632141, ""workspace_bytes"": 0}",full_v2/teub_formal_auto_cp8.json
gemm_a2a/artificial_medium/s4096/cp4,artificial_medium,4096,4,cublaslt_nccl,eager,,"[1024, 5120, 5120]",,,0.18774399906396866,0.1988847978413105,,,285.95902648109455,187.74399906396866,198.8847978413105,,,"{""nccl_environment"": {""NCCL_GRAPH_REGISTER"": ""1"", ""NCCL_IB_DISABLE"": ""1"", ""NCCL_LOCAL_REGISTER"": ""1"", ""NCCL_MAX_P2P_NCHANNELS"": ""24"", ""NCCL_MIN_P2P_NCHANNELS"": ""24"", ""NCCL_P2P_LL_THRESHOLD"": ""65536"", ""NCCL_P2P_NVL_CHUNKSIZE"": ""131072""}, ""operator"": {""chunks"": 1, ""local_first"": false, ""math_sms"": 0, ""pack_block"": 1024, ""pack_warps"": 4, ""push"": true, ""reverse"": false, ""schedule"": ""full"", ""sms"": 0, ""streams"": 3, ""use_ce"": false}}","{""algo_id"": 66, ""cluster_shape"": 5, ""cta_swizzle"": 0, ""custom"": 7, ""inner_shape"": 0, ""reduction"": 0, ""returned"": 8, ""split_k"": 1, ""stages_id"": 35, ""tile_id"": 248, ""tune_ms"": 0.06858133524656296, ""valid"": 8, ""waves"": 0.9696969985961914, ""workspace_bytes"": 0}",full_v2/cublaslt_nccl_formal_ch24_chunk128_ll64_cp4.json
gemm_a2a/artificial_medium/s4096/cp4,artificial_medium,4096,4,cublaslt_nccl,graph,,"[1024, 5120, 5120]",,,0.16569600254297256,0.17228319644927978,,,324.00957401538085,165.69600254297256,172.28319644927979,,,"{""nccl_environment"": {""NCCL_GRAPH_REGISTER"": ""1"", ""NCCL_IB_DISABLE"": ""1"", ""NCCL_LOCAL_REGISTER"": ""1"", ""NCCL_MAX_P2P_NCHANNELS"": ""24"", ""NCCL_MIN_P2P_NCHANNELS"": ""24"", ""NCCL_P2P_LL_THRESHOLD"": ""65536"", ""NCCL_P2P_NVL_CHUNKSIZE"": ""131072""}, ""operator"": {""chunks"": 1, ""local_first"": false, ""math_sms"": 0, ""pack_block"": 1024, ""pack_warps"": 4, ""push"": true, ""reverse"": false, ""schedule"": ""full"", ""sms"": 0, ""streams"": 3, ""use_ce"": false}}","{""algo_id"": 66, ""cluster_shape"": 5, ""cta_swizzle"": 0, ""custom"": 7, ""inner_shape"": 0, ""reduction"": 0, ""returned"": 8, ""split_k"": 1, ""stages_id"": 35, ""tile_id"": 248, ""tune_ms"": 0.06858133524656296, ""valid"": 8, ""waves"": 0.9696969985961914, ""workspace_bytes"": 0}",full_v2/cublaslt_nccl_formal_ch24_chunk128_ll64_cp4.json
gemm_a2a/artificial_medium/s4096/cp4,artificial_medium,4096,4,teub,eager,,"[1024, 5120, 5120]",,,0.1879359930753708,0.19838240072131158,,,285.6668928685154,187.9359930753708,198.38240072131157,,,"{""nccl_environment"": {""NCCL_GRAPH_REGISTER"": ""1"", ""NCCL_IB_DISABLE"": ""1"", ""NCCL_LOCAL_REGISTER"": ""1""}, ""operator"": {""chunks"": 1, ""local_first"": false, ""math_sms"": 116, ""pack_block"": 1024, ""pack_warps"": 4, ""push"": true, ""reverse"": false, ""schedule"": ""peer_gemm"", ""sms"": 16, ""streams"": 1, ""use_ce"": false}}","{""algo_id"": 66, ""cluster_shape"": 9, ""cta_swizzle"": 0, ""custom"": 0, ""inner_shape"": 0, ""reduction"": 0, ""returned"": 8, ""split_k"": 1, ""stages_id"": 35, ""tile_id"": 28, ""tune_ms"": 0.023215999826788902, ""valid"": 8, ""waves"": 0.9655172228813171, ""workspace_bytes"": 0}",full_v2/teub_formal_auto_cp4.json
gemm_a2a/artificial_medium/s4096/cp4,artificial_medium,4096,4,teub,graph,,"[1024, 5120, 5120]",,,0.1693119928240776,0.17137760445475578,,,317.08971292886014,169.3119928240776,171.37760445475578,,,"{""nccl_environment"": {""NCCL_GRAPH_REGISTER"": ""1"", ""NCCL_IB_DISABLE"": ""1"", ""NCCL_LOCAL_REGISTER"": ""1""}, ""operator"": {""chunks"": 1, ""local_first"": false, ""math_sms"": 116, ""pack_block"": 1024, ""pack_warps"": 4, ""push"": true, ""reverse"": false, ""schedule"": ""peer_gemm"", ""sms"": 16, ""streams"": 1, ""use_ce"": false}}","{""algo_id"": 66, ""cluster_shape"": 9, ""cta_swizzle"": 0, ""custom"": 0, ""inner_shape"": 0, ""reduction"": 0, ""returned"": 8, ""split_k"": 1, ""stages_id"": 35, ""tile_id"": 28, ""tune_ms"": 0.023215999826788902, ""valid"": 8, ""waves"": 0.9655172228813171, ""workspace_bytes"": 0}",full_v2/teub_formal_auto_cp4.json
gemm_a2a/artificial_medium/s4096/cp8,artificial_medium,4096,8,cublaslt_nccl,eager,,"[512, 5120, 5120]",,,0.16129600256681442,0.18034400194883343,,,166.42412194239265,161.29600256681442,180.34400194883344,,,"{""nccl_environment"": {""NCCL_GRAPH_REGISTER"": ""1"", ""NCCL_IB_DISABLE"": ""1"", ""NCCL_LOCAL_REGISTER"": ""1"", ""NCCL_MAX_P2P_NCHANNELS"": ""32"", ""NCCL_MIN_P2P_NCHANNELS"": ""32"", ""NCCL_P2P_LL_THRESHOLD"": ""65536"", ""NCCL_P2P_NVL_CHUNKSIZE"": ""524288""}, ""operator"": {""chunks"": 1, ""local_first"": false, ""math_sms"": 0, ""pack_block"": 1024, ""pack_warps"": 4, ""push"": true, ""reverse"": false, ""schedule"": ""full"", ""sms"": 0, ""streams"": 3, ""use_ce"": false}}","{""algo_id"": 66, ""cluster_shape"": 5, ""cta_swizzle"": 0, ""custom"": 2, ""inner_shape"": 0, ""reduction"": 0, ""returned"": 8, ""split_k"": 1, ""stages_id"": 35, ""tile_id"": 197, ""tune_ms"": 0.038816001266241074, ""valid"": 8, ""waves"": 0.939393937587738, ""workspace_bytes"": 0}",full_v2/cublaslt_nccl_formal_ch32_chunk512_ll64_cp8.json
gemm_a2a/artificial_medium/s4096/cp8,artificial_medium,4096,8,cublaslt_nccl,graph,,"[512, 5120, 5120]",,,0.14502400159835815,0.1698512002825737,,,185.09726186112837,145.02400159835815,169.8512002825737,,,"{""nccl_environment"": {""NCCL_GRAPH_REGISTER"": ""1"", ""NCCL_IB_DISABLE"": ""1"", ""NCCL_LOCAL_REGISTER"": ""1""}, ""operator"": {""chunks"": 1, ""local_first"": false, ""math_sms"": 0, ""pack_block"": 1024, ""pack_warps"": 4, ""push"": true, ""reverse"": false, ""schedule"": ""full"", ""sms"": 0, ""streams"": 3, ""use_ce"": false}}","{""algo_id"": 66, ""cluster_shape"": 5, ""cta_swizzle"": 0, ""custom"": 2, ""inner_shape"": 0, ""reduction"": 0, ""returned"": 8, ""split_k"": 1, ""stages_id"": 35, ""tile_id"": 197, ""tune_ms"": 0.039018664509058, ""valid"": 8, ""waves"": 0.939393937587738, ""workspace_bytes"": 0}",full_v2/cublaslt_nccl_formal_auto_cp8.json
gemm_a2a/artificial_medium/s4096/cp8,artificial_medium,4096,8,teub,eager,,"[512, 5120, 5120]",,,0.23430399596691132,0.24555360153317451,,,114.5671694126415,234.30399596691132,245.55360153317451,,,"{""nccl_environment"": {""NCCL_GRAPH_REGISTER"": ""1"", ""NCCL_IB_DISABLE"": ""1"", ""NCCL_LOCAL_REGISTER"": ""1""}, ""operator"": {""chunks"": 1, ""local_first"": false, ""math_sms"": 0, ""pack_block"": 1024, ""pack_warps"": 4, ""push"": true, ""reverse"": false, ""schedule"": ""full"", ""sms"": 8, ""streams"": 3, ""use_ce"": false}}","{""algo_id"": 66, ""cluster_shape"": 5, ""cta_swizzle"": 0, ""custom"": 2, ""inner_shape"": 0, ""reduction"": 0, ""returned"": 8, ""split_k"": 1, ""stages_id"": 35, ""tile_id"": 197, ""tune_ms"": 0.03866666555404663, ""valid"": 8, ""waves"": 0.939393937587738, ""workspace_bytes"": 0}",full_v2/teub_formal_auto_cp8.json
gemm_a2a/artificial_medium/s4096/cp8,artificial_medium,4096,8,teub,graph,,"[512, 5120, 5120]",,,0.13864000141620636,0.153793603181839,,,193.6204942714471,138.64000141620636,153.793603181839,,,"{""nccl_environment"": {""NCCL_GRAPH_REGISTER"": ""1"", ""NCCL_IB_DISABLE"": ""1"", ""NCCL_LOCAL_REGISTER"": ""1""}, ""operator"": {""chunks"": 1, ""local_first"": false, ""math_sms"": 0, ""pack_block"": 1024, ""pack_warps"": 4, ""push"": true, ""reverse"": false, ""schedule"": ""full"", ""sms"": 16, ""streams"": 3, ""use_ce"": false}}","{""algo_id"": 66, ""cluster_shape"": 5, ""cta_swizzle"": 0, ""custom"": 2, ""inner_shape"": 0, ""reduction"": 0, ""returned"": 8, ""split_k"": 1, ""stages_id"": 35, ""tile_id"": 197, ""tune_ms"": 0.03866666555404663, ""valid"": 8, ""waves"": 0.939393937587738, ""workspace_bytes"": 0}",full_v2/teub_formal_auto_cp8.json
gemm_a2a/artificial_medium/s16384/cp4,artificial_medium,16384,4,cublaslt_nccl,eager,,"[4096, 5120, 5120]",,,0.4799039959907532,0.49225920140743257,,,447.48192678966103,479.9039959907532,492.25920140743256,,,"{""nccl_environment"": {""NCCL_GRAPH_REGISTER"": ""1"", ""NCCL_IB_DISABLE"": ""1"", ""NCCL_LOCAL_REGISTER"": ""1"", ""NCCL_MAX_P2P_NCHANNELS"": ""24"", ""NCCL_MIN_P2P_NCHANNELS"": ""24"", ""NCCL_P2P_LL_THRESHOLD"": ""65536"", ""NCCL_P2P_NVL_CHUNKSIZE"": ""131072""}, ""operator"": {""chunks"": 1, ""local_first"": false, ""math_sms"": 0, ""pack_block"": 1024, ""pack_warps"": 4, ""push"": true, ""reverse"": false, ""schedule"": ""full"", ""sms"": 0, ""streams"": 3, ""use_ce"": false}}","{""algo_id"": 66, ""cluster_shape"": 3, ""cta_swizzle"": 0, ""custom"": 4, ""inner_shape"": 0, ""reduction"": 0, ""returned"": 8, ""split_k"": 1, ""stages_id"": 35, ""tile_id"": 23, ""tune_ms"": 0.2612319886684418, ""valid"": 8, ""waves"": 4.848484992980957, ""workspace_bytes"": 4}",full_v2/cublaslt_nccl_formal_ch24_chunk128_ll64_cp4.json
gemm_a2a/artificial_medium/s16384/cp4,artificial_medium,16384,4,cublaslt_nccl,graph,,"[4096, 5120, 5120]",,,0.45686399936676025,0.4620079979300499,,,470.0487784059448,456.86399936676025,462.0079979300499,,,"{""nccl_environment"": {""NCCL_GRAPH_REGISTER"": ""1"", ""NCCL_IB_DISABLE"": ""1"", ""NCCL_LOCAL_REGISTER"": ""1"", ""NCCL_MAX_P2P_NCHANNELS"": ""24"", ""NCCL_MIN_P2P_NCHANNELS"": ""24"", ""NCCL_P2P_LL_THRESHOLD"": ""65536"", ""NCCL_P2P_NVL_CHUNKSIZE"": ""131072""}, ""operator"": {""chunks"": 1, ""local_first"": false, ""math_sms"": 0, ""pack_block"": 1024, ""pack_warps"": 4, ""push"": true, ""reverse"": false, ""schedule"": ""full"", ""sms"": 0, ""streams"": 3, ""use_ce"": false}}","{""algo_id"": 66, ""cluster_shape"": 3, ""cta_swizzle"": 0, ""custom"": 4, ""inner_shape"": 0, ""reduction"": 0, ""returned"": 8, ""split_k"": 1, ""stages_id"": 35, ""tile_id"": 23, ""tune_ms"": 0.2612319886684418, ""valid"": 8, ""waves"": 4.848484992980957, ""workspace_bytes"": 4}",full_v2/cublaslt_nccl_formal_ch24_chunk128_ll64_cp4.json
gemm_a2a/artificial_medium/s16384/cp4,artificial_medium,16384,4,teub,eager,,"[4096, 5120, 5120]",,,0.45718398690223694,0.4657311990857124,,,469.7197866773082,457.18398690223694,465.73119908571243,,,"{""nccl_environment"": {""NCCL_GRAPH_REGISTER"": ""1"", ""NCCL_IB_DISABLE"": ""1"", ""NCCL_LOCAL_REGISTER"": ""1""}, ""operator"": {""chunks"": 1, ""local_first"": false, ""math_sms"": 128, ""pack_block"": 1024, ""pack_warps"": 4, ""push"": true, ""reverse"": false, ""schedule"": ""peer_gemm"", ""sms"": 4, ""streams"": 1, ""use_ce"": false}}","{""algo_id"": 66, ""cluster_shape"": 5, ""cta_swizzle"": 0, ""custom"": 7, ""inner_shape"": 0, ""reduction"": 0, ""returned"": 8, ""split_k"": 1, ""stages_id"": 35, ""tile_id"": 248, ""tune_ms"": 0.06765333563089371, ""valid"": 8, ""waves"": 1.0, ""workspace_bytes"": 0}",full_v2/teub_formal_auto_cp4.json
gemm_a2a/artificial_medium/s16384/cp4,artificial_medium,16384,4,teub,graph,,"[4096, 5120, 5120]",,,0.43619200587272644,0.45381438881158825,,,492.32531066298355,436.19200587272644,453.81438881158823,,,"{""nccl_environment"": {""NCCL_GRAPH_REGISTER"": ""1"", ""NCCL_IB_DISABLE"": ""1"", ""NCCL_LOCAL_REGISTER"": ""1""}, ""operator"": {""chunks"": 1, ""local_first"": false, ""math_sms"": 124, ""pack_block"": 1024, ""pack_warps"": 4, ""push"": true, ""reverse"": false, ""schedule"": ""peer_gemm"", ""sms"": 8, ""streams"": 1, ""use_ce"": false}}","{""algo_id"": 66, ""cluster_shape"": 8, ""cta_swizzle"": 0, ""custom"": 7, ""inner_shape"": 0, ""reduction"": 0, ""returned"": 8, ""split_k"": 1, ""stages_id"": 35, ""tile_id"": 495, ""tune_ms"": 0.07841599732637405, ""valid"": 8, ""waves"": 1.7338709831237793, ""workspace_bytes"": 0}",full_v2/teub_formal_auto_cp4.json
gemm_a2a/artificial_medium/s16384/cp8,artificial_medium,16384,8,cublaslt_nccl,eager,,"[2048, 5120, 5120]",,,0.3440160006284714,0.36871839463710787,,,312.1197333956609,344.0160006284714,368.71839463710785,,,"{""nccl_environment"": {""NCCL_GRAPH_REGISTER"": ""1"", ""NCCL_IB_DISABLE"": ""1"", ""NCCL_LOCAL_REGISTER"": ""1""}, ""operator"": {""chunks"": 1, ""local_first"": false, ""math_sms"": 0, ""pack_block"": 1024, ""pack_warps"": 4, ""push"": true, ""reverse"": false, ""schedule"": ""full"", ""sms"": 0, ""streams"": 3, ""use_ce"": false}}","{""algo_id"": 66, ""cluster_shape"": 5, ""cta_swizzle"": 0, ""custom"": 7, ""inner_shape"": 0, ""reduction"": 0, ""returned"": 8, ""split_k"": 1, ""stages_id"": 35, ""tile_id"": 248, ""tune_ms"": 0.1342986673116684, ""valid"": 8, ""waves"": 1.9393939971923828, ""workspace_bytes"": 0}",full_v2/cublaslt_nccl_formal_auto_cp8.json
gemm_a2a/artificial_medium/s16384/cp8,artificial_medium,16384,8,cublaslt_nccl,graph,,"[2048, 5120, 5120]",,,0.3255839943885803,0.3416496112942696,,,329.7894990250973,325.5839943885803,341.64961129426956,,,"{""nccl_environment"": {""NCCL_GRAPH_REGISTER"": ""1"", ""NCCL_IB_DISABLE"": ""1"", ""NCCL_LOCAL_REGISTER"": ""1"", ""NCCL_MAX_P2P_NCHANNELS"": ""32"", ""NCCL_MIN_P2P_NCHANNELS"": ""32"", ""NCCL_P2P_LL_THRESHOLD"": ""65536"", ""NCCL_P2P_NVL_CHUNKSIZE"": ""524288""}, ""operator"": {""chunks"": 1, ""local_first"": false, ""math_sms"": 0, ""pack_block"": 1024, ""pack_warps"": 4, ""push"": true, ""reverse"": false, ""schedule"": ""full"", ""sms"": 0, ""streams"": 3, ""use_ce"": false}}","{""algo_id"": 66, ""cluster_shape"": 5, ""cta_swizzle"": 0, ""custom"": 7, ""inner_shape"": 0, ""reduction"": 0, ""returned"": 8, ""split_k"": 1, ""stages_id"": 35, ""tile_id"": 248, ""tune_ms"": 0.13446933031082153, ""valid"": 8, ""waves"": 1.9393939971923828, ""workspace_bytes"": 0}",full_v2/cublaslt_nccl_formal_ch32_chunk512_ll64_cp8.json
gemm_a2a/artificial_medium/s16384/cp8,artificial_medium,16384,8,teub,eager,,"[2048, 5120, 5120]",,,0.3521600067615509,0.3565439939498901,,,304.901693373443,352.1600067615509,356.54399394989014,,,"{""nccl_environment"": {""NCCL_GRAPH_REGISTER"": ""1"", ""NCCL_IB_DISABLE"": ""1"", ""NCCL_LOCAL_REGISTER"": ""1""}, ""operator"": {""chunks"": 1, ""local_first"": false, ""math_sms"": 112, ""pack_block"": 1024, ""pack_warps"": 4, ""push"": true, ""reverse"": false, ""schedule"": ""peer_gemm"", ""sms"": 20, ""streams"": 1, ""use_ce"": false}}","{""algo_id"": 66, ""cluster_shape"": 5, ""cta_swizzle"": 0, ""custom"": 3, ""inner_shape"": 0, ""reduction"": 0, ""returned"": 8, ""split_k"": 1, ""stages_id"": 35, ""tile_id"": 33, ""tune_ms"": 0.023605333641171455, ""valid"": 8, ""waves"": 0.9821428656578064, ""workspace_bytes"": 0}",full_v2/teub_formal_auto_cp8.json
gemm_a2a/artificial_medium/s16384/cp8,artificial_medium,16384,8,teub,graph,,"[2048, 5120, 5120]",,,0.32150399684906006,0.3425552025437355,,,333.97464246893986,321.50399684906006,342.5552025437355,,,"{""nccl_environment"": {""NCCL_GRAPH_REGISTER"": ""1"", ""NCCL_IB_DISABLE"": ""1"", ""NCCL_LOCAL_REGISTER"": ""1""}, ""operator"": {""chunks"": 1, ""local_first"": false, ""math_sms"": 116, ""pack_block"": 1024, ""pack_warps"": 4, ""push"": true, ""reverse"": false, ""schedule"": ""peer_gemm"", ""sms"": 16, ""streams"": 1, ""use_ce"": false}}","{""algo_id"": 66, ""cluster_shape"": 5, ""cta_swizzle"": 0, ""custom"": 3, ""inner_shape"": 0, ""reduction"": 0, ""returned"": 8, ""split_k"": 1, ""stages_id"": 35, ""tile_id"": 33, ""tune_ms"": 0.023584000766277313, ""valid"": 8, ""waves"": 0.9482758641242981, ""workspace_bytes"": 0}",full_v2/teub_formal_auto_cp8.json
gemm_a2a/artificial_medium/s131072/cp4,artificial_medium,131072,4,cublaslt_nccl,eager,,"[32768, 5120, 5120]",,,3.346832036972046,3.6256864070892334,,,513.3173399267151,3346.832036972046,3625.6864070892334,,,"{""nccl_environment"": {""NCCL_GRAPH_REGISTER"": ""1"", ""NCCL_IB_DISABLE"": ""1"", ""NCCL_LOCAL_REGISTER"": ""1""}, ""operator"": {""chunks"": 1, ""local_first"": false, ""math_sms"": 0, ""pack_block"": 1024, ""pack_warps"": 4, ""push"": true, ""reverse"": false, ""schedule"": ""full"", ""sms"": 0, ""streams"": 3, ""use_ce"": false}}","{""algo_id"": 66, ""cluster_shape"": 5, ""cta_swizzle"": 0, ""custom"": 7, ""inner_shape"": 0, ""reduction"": 0, ""returned"": 8, ""split_k"": 1, ""stages_id"": 35, ""tile_id"": 24, ""tune_ms"": 2.049738645553589, ""valid"": 8, ""waves"": 38.787879943847656, ""workspace_bytes"": 4}",full_v2/cublaslt_nccl_formal_auto_cp4.json
gemm_a2a/artificial_medium/s131072/cp4,artificial_medium,131072,4,cublaslt_nccl,graph,,"[32768, 5120, 5120]",,,3.2701600790023804,3.2983503937721252,,,525.3525444919816,3270.1600790023804,3298.3503937721252,,,"{""nccl_environment"": {""NCCL_GRAPH_REGISTER"": ""1"", ""NCCL_IB_DISABLE"": ""1"", ""NCCL_LOCAL_REGISTER"": ""1"", ""NCCL_MAX_P2P_NCHANNELS"": ""24"", ""NCCL_MIN_P2P_NCHANNELS"": ""24"", ""NCCL_P2P_LL_THRESHOLD"": ""65536"", ""NCCL_P2P_NVL_CHUNKSIZE"": ""131072""}, ""operator"": {""chunks"": 1, ""local_first"": false, ""math_sms"": 0, ""pack_block"": 1024, ""pack_warps"": 4, ""push"": true, ""reverse"": false, ""schedule"": ""full"", ""sms"": 0, ""streams"": 3, ""use_ce"": false}}","{""algo_id"": 66, ""cluster_shape"": 3, ""cta_swizzle"": 0, ""custom"": 4, ""inner_shape"": 0, ""reduction"": 0, ""returned"": 8, ""split_k"": 1, ""stages_id"": 35, ""tile_id"": 23, ""tune_ms"": 2.0394506454467773, ""valid"": 8, ""waves"": 38.787879943847656, ""workspace_bytes"": 4}",full_v2/cublaslt_nccl_formal_ch24_chunk128_ll64_cp4.json
gemm_a2a/artificial_medium/s131072/cp4,artificial_medium,131072,4,teub,eager,,"[32768, 5120, 5120]",,,3.196992039680481,3.247831928730011,,,537.3760388129405,3196.992039680481,3247.831928730011,,,"{""nccl_environment"": {""NCCL_GRAPH_REGISTER"": ""1"", ""NCCL_IB_DISABLE"": ""1"", ""NCCL_LOCAL_REGISTER"": ""1""}, ""operator"": {""chunks"": 1, ""local_first"": false, ""math_sms"": 128, ""pack_block"": 512, ""pack_warps"": 4, ""push"": true, ""reverse"": false, ""schedule"": ""peer_gemm"", ""sms"": 4, ""streams"": 1, ""use_ce"": true}}","{""algo_id"": 66, ""cluster_shape"": 5, ""cta_swizzle"": 0, ""custom"": 2, ""inner_shape"": 0, ""reduction"": 0, ""returned"": 8, ""split_k"": 1, ""stages_id"": 35, ""tile_id"": 184, ""tune_ms"": 0.5113279819488525, ""valid"": 8, ""waves"": 18.0, ""workspace_bytes"": 4}",full_v2/teub_formal_auto_cp4.json
gemm_a2a/artificial_medium/s131072/cp4,artificial_medium,131072,4,teub,graph,,"[32768, 5120, 5120]",,,3.232367992401123,3.275774335861206,,,531.4948429259181,3232.367992401123,3275.774335861206,,,"{""nccl_environment"": {""NCCL_GRAPH_REGISTER"": ""1"", ""NCCL_IB_DISABLE"": ""1"", ""NCCL_LOCAL_REGISTER"": ""1""}, ""operator"": {""chunks"": 1, ""local_first"": false, ""math_sms"": 128, ""pack_block"": 512, ""pack_warps"": 4, ""push"": true, ""reverse"": false, ""schedule"": ""peer_gemm"", ""sms"": 4, ""streams"": 1, ""use_ce"": true}}","{""algo_id"": 66, ""cluster_shape"": 5, ""cta_swizzle"": 0, ""custom"": 2, ""inner_shape"": 0, ""reduction"": 0, ""returned"": 8, ""split_k"": 1, ""stages_id"": 35, ""tile_id"": 184, ""tune_ms"": 0.5113279819488525, ""valid"": 8, ""waves"": 18.0, ""workspace_bytes"": 4}",full_v2/teub_formal_auto_cp4.json
gemm_a2a/artificial_medium/s131072/cp8,artificial_medium,131072,8,cublaslt_nccl,eager,,"[16384, 5120, 5120]",,,1.9212160110473633,1.9499439895153046,,,447.10925489930423,1921.2160110473633,1949.9439895153046,,,"{""nccl_environment"": {""NCCL_GRAPH_REGISTER"": ""1"", ""NCCL_IB_DISABLE"": ""1"", ""NCCL_LOCAL_REGISTER"": ""1"", ""NCCL_MAX_P2P_NCHANNELS"": ""24"", ""NCCL_MIN_P2P_NCHANNELS"": ""24"", ""NCCL_P2P_LL_THRESHOLD"": ""65536"", ""NCCL_P2P_NVL_CHUNKSIZE"": ""131072""}, ""operator"": {""chunks"": 1, ""local_first"": false, ""math_sms"": 0, ""pack_block"": 1024, ""pack_warps"": 4, ""push"": true, ""reverse"": false, ""schedule"": ""full"", ""sms"": 0, ""streams"": 3, ""use_ce"": false}}","{""algo_id"": 66, ""cluster_shape"": 5, ""cta_swizzle"": 0, ""custom"": 6, ""inner_shape"": 0, ""reduction"": 0, ""returned"": 8, ""split_k"": 1, ""stages_id"": 35, ""tile_id"": 209, ""tune_ms"": 1.0452853441238403, ""valid"": 8, ""waves"": 17.590909957885742, ""workspace_bytes"": 4}",full_v2/cublaslt_nccl_formal_ch24_chunk128_ll64_cp8.json
gemm_a2a/artificial_medium/s131072/cp8,artificial_medium,131072,8,cublaslt_nccl,graph,,"[16384, 5120, 5120]",,,1.9098560214042664,1.9214384257793427,,,449.7686996155893,1909.8560214042664,1921.4384257793427,,,"{""nccl_environment"": {""NCCL_GRAPH_REGISTER"": ""1"", ""NCCL_IB_DISABLE"": ""1"", ""NCCL_LOCAL_REGISTER"": ""1"", ""NCCL_MAX_P2P_NCHANNELS"": ""32"", ""NCCL_MIN_P2P_NCHANNELS"": ""32"", ""NCCL_P2P_LL_THRESHOLD"": ""65536"", ""NCCL_P2P_NVL_CHUNKSIZE"": ""524288""}, ""operator"": {""chunks"": 1, ""local_first"": false, ""math_sms"": 0, ""pack_block"": 1024, ""pack_warps"": 4, ""push"": true, ""reverse"": false, ""schedule"": ""full"", ""sms"": 0, ""streams"": 3, ""use_ce"": false}}","{""algo_id"": 66, ""cluster_shape"": 3, ""cta_swizzle"": 0, ""custom"": 4, ""inner_shape"": 0, ""reduction"": 0, ""returned"": 8, ""split_k"": 1, ""stages_id"": 35, ""tile_id"": 23, ""tune_ms"": 1.038650631904602, ""valid"": 8, ""waves"": 19.393939971923828, ""workspace_bytes"": 4}",full_v2/cublaslt_nccl_formal_ch32_chunk512_ll64_cp8.json
gemm_a2a/artificial_medium/s131072/cp8,artificial_medium,131072,8,teub,eager,,"[16384, 5120, 5120]",,,1.9735360145568848,2.059566307067871,,,435.2560342775749,1973.5360145568848,2059.566307067871,,,"{""nccl_environment"": {""NCCL_GRAPH_REGISTER"": ""1"", ""NCCL_IB_DISABLE"": ""1"", ""NCCL_LOCAL_REGISTER"": ""1""}, ""operator"": {""chunks"": 1, ""local_first"": false, ""math_sms"": 124, ""pack_block"": 1024, ""pack_warps"": 4, ""push"": true, ""reverse"": false, ""schedule"": ""peer_gemm"", ""sms"": 8, ""streams"": 1, ""use_ce"": false}}","{""algo_id"": 66, ""cluster_shape"": 8, ""cta_swizzle"": 0, ""custom"": 3, ""inner_shape"": 0, ""reduction"": 0, ""returned"": 8, ""split_k"": 1, ""stages_id"": 35, ""tile_id"": 20, ""tune_ms"": 0.15531733632087708, ""valid"": 8, ""waves"": 5.161290168762207, ""workspace_bytes"": 4}",full_v2/teub_formal_auto_cp8.json
gemm_a2a/artificial_medium/s131072/cp8,artificial_medium,131072,8,teub,graph,,"[16384, 5120, 5120]",,,1.941536009311676,1.951942402124405,,,442.42983652130926,1941.536009311676,1951.942402124405,,,"{""nccl_environment"": {""NCCL_GRAPH_REGISTER"": ""1"", ""NCCL_IB_DISABLE"": ""1"", ""NCCL_LOCAL_REGISTER"": ""1""}, ""operator"": {""chunks"": 1, ""local_first"": false, ""math_sms"": 124, ""pack_block"": 512, ""pack_warps"": 4, ""push"": true, ""reverse"": false, ""schedule"": ""peer_gemm"", ""sms"": 8, ""streams"": 1, ""use_ce"": true}}","{""algo_id"": 66, ""cluster_shape"": 8, ""cta_swizzle"": 0, ""custom"": 3, ""inner_shape"": 0, ""reduction"": 0, ""returned"": 8, ""split_k"": 1, ""stages_id"": 35, ""tile_id"": 20, ""tune_ms"": 0.15531733632087708, ""valid"": 8, ""waves"": 5.161290168762207, ""workspace_bytes"": 4}",full_v2/teub_formal_auto_cp8.json
gemm_a2a/artificial_medium/s262144/cp4,artificial_medium,262144,4,cublaslt_nccl,eager,,"[65536, 5120, 5120]",,,6.674224138259888,6.88083028793335,,,514.81247342344,6674.224138259888,6880.83028793335,,,"{""nccl_environment"": {""NCCL_GRAPH_REGISTER"": ""1"", ""NCCL_IB_DISABLE"": ""1"", ""NCCL_LOCAL_REGISTER"": ""1""}, ""operator"": {""chunks"": 1, ""local_first"": false, ""math_sms"": 0, ""pack_block"": 1024, ""pack_warps"": 4, ""push"": true, ""reverse"": false, ""schedule"": ""full"", ""sms"": 0, ""streams"": 3, ""use_ce"": false}}","{""algo_id"": 66, ""cluster_shape"": 5, ""cta_swizzle"": 0, ""custom"": 6, ""inner_shape"": 0, ""reduction"": 0, ""returned"": 8, ""split_k"": 1, ""stages_id"": 35, ""tile_id"": 209, ""tune_ms"": 4.27462911605835, ""valid"": 8, ""waves"": 69.95454406738281, ""workspace_bytes"": 4}",full_v2/cublaslt_nccl_formal_auto_cp4.json
gemm_a2a/artificial_medium/s262144/cp4,artificial_medium,262144,4,cublaslt_nccl,graph,,"[65536, 5120, 5120]",,,7.017808198928833,7.303438496589661,,,489.6078290262267,7017.808198928833,7303.438496589661,,,"{""nccl_environment"": {""NCCL_GRAPH_REGISTER"": ""1"", ""NCCL_IB_DISABLE"": ""1"", ""NCCL_LOCAL_REGISTER"": ""1""}, ""operator"": {""chunks"": 1, ""local_first"": false, ""math_sms"": 0, ""pack_block"": 1024, ""pack_warps"": 4, ""push"": true, ""reverse"": false, ""schedule"": ""full"", ""sms"": 0, ""streams"": 3, ""use_ce"": false}}","{""algo_id"": 66, ""cluster_shape"": 5, ""cta_swizzle"": 0, ""custom"": 6, ""inner_shape"": 0, ""reduction"": 0, ""returned"": 8, ""split_k"": 1, ""stages_id"": 35, ""tile_id"": 209, ""tune_ms"": 4.27462911605835, ""valid"": 8, ""waves"": 69.95454406738281, ""workspace_bytes"": 4}",full_v2/cublaslt_nccl_formal_auto_cp4.json
gemm_a2a/artificial_medium/s262144/cp4,artificial_medium,262144,4,teub,eager,,"[65536, 5120, 5120]",,,6.369904041290283,6.450515079498291,,,539.4074721577771,6369.904041290283,6450.515079498291,,,"{""nccl_environment"": {""NCCL_GRAPH_REGISTER"": ""1"", ""NCCL_IB_DISABLE"": ""1"", ""NCCL_LOCAL_REGISTER"": ""1""}, ""operator"": {""chunks"": 1, ""local_first"": false, ""math_sms"": 128, ""pack_block"": 512, ""pack_warps"": 4, ""push"": true, ""reverse"": false, ""schedule"": ""peer_gemm"", ""sms"": 4, ""streams"": 1, ""use_ce"": true}}","{""algo_id"": 66, ""cluster_shape"": 5, ""cta_swizzle"": 0, ""custom"": 7, ""inner_shape"": 0, ""reduction"": 0, ""returned"": 8, ""split_k"": 1, ""stages_id"": 35, ""tile_id"": 24, ""tune_ms"": 1.0314666032791138, ""valid"": 8, ""waves"": 20.0, ""workspace_bytes"": 4}",full_v2/teub_formal_auto_cp4.json
gemm_a2a/artificial_medium/s262144/cp4,artificial_medium,262144,4,teub,graph,,"[65536, 5120, 5120]",,,6.4068639278411865,6.743940758705138,,,536.2957408645578,6406.8639278411865,6743.940758705138,,,"{""nccl_environment"": {""NCCL_GRAPH_REGISTER"": ""1"", ""NCCL_IB_DISABLE"": ""1"", ""NCCL_LOCAL_REGISTER"": ""1""}, ""operator"": {""chunks"": 1, ""local_first"": false, ""math_sms"": 128, ""pack_block"": 512, ""pack_warps"": 4, ""push"": true, ""reverse"": false, ""schedule"": ""peer_gemm"", ""sms"": 4, ""streams"": 1, ""use_ce"": true}}","{""algo_id"": 66, ""cluster_shape"": 5, ""cta_swizzle"": 0, ""custom"": 7, ""inner_shape"": 0, ""reduction"": 0, ""returned"": 8, ""split_k"": 1, ""stages_id"": 35, ""tile_id"": 24, ""tune_ms"": 1.0314666032791138, ""valid"": 8, ""waves"": 20.0, ""workspace_bytes"": 4}",full_v2/teub_formal_auto_cp4.json
gemm_a2a/artificial_medium/s262144/cp8,artificial_medium,262144,8,cublaslt_nccl,eager,,"[32768, 5120, 5120]",,,3.718575954437256,3.825217616558075,,,462.00129819857034,3718.575954437256,3825.217616558075,,,"{""nccl_environment"": {""NCCL_GRAPH_REGISTER"": ""1"", ""NCCL_IB_DISABLE"": ""1"", ""NCCL_LOCAL_REGISTER"": ""1""}, ""operator"": {""chunks"": 1, ""local_first"": false, ""math_sms"": 0, ""pack_block"": 1024, ""pack_warps"": 4, ""push"": true, ""reverse"": false, ""schedule"": ""full"", ""sms"": 0, ""streams"": 3, ""use_ce"": false}}","{""algo_id"": 66, ""cluster_shape"": 3, ""cta_swizzle"": 0, ""custom"": 1, ""inner_shape"": 0, ""reduction"": 0, ""returned"": 8, ""split_k"": 1, ""stages_id"": 35, ""tile_id"": 29, ""tune_ms"": 2.0381174087524414, ""valid"": 8, ""waves"": 62.121212005615234, ""workspace_bytes"": 4}",full_v2/cublaslt_nccl_formal_auto_cp8.json
gemm_a2a/artificial_medium/s262144/cp8,artificial_medium,262144,8,cublaslt_nccl,graph,,"[32768, 5120, 5120]",,,3.684000015258789,3.724659287929535,,,466.3373809132075,3684.000015258789,3724.659287929535,,,"{""nccl_environment"": {""NCCL_GRAPH_REGISTER"": ""1"", ""NCCL_IB_DISABLE"": ""1"", ""NCCL_LOCAL_REGISTER"": ""1"", ""NCCL_MAX_P2P_NCHANNELS"": ""32"", ""NCCL_MIN_P2P_NCHANNELS"": ""32"", ""NCCL_P2P_LL_THRESHOLD"": ""65536"", ""NCCL_P2P_NVL_CHUNKSIZE"": ""524288""}, ""operator"": {""chunks"": 1, ""local_first"": false, ""math_sms"": 0, ""pack_block"": 1024, ""pack_warps"": 4, ""push"": true, ""reverse"": false, ""schedule"": ""full"", ""sms"": 0, ""streams"": 3, ""use_ce"": false}}","{""algo_id"": 66, ""cluster_shape"": 5, ""cta_swizzle"": 0, ""custom"": 7, ""inner_shape"": 0, ""reduction"": 0, ""returned"": 8, ""split_k"": 1, ""stages_id"": 35, ""tile_id"": 24, ""tune_ms"": 2.046544075012207, ""valid"": 8, ""waves"": 38.787879943847656, ""workspace_bytes"": 4}",full_v2/cublaslt_nccl_formal_ch32_chunk512_ll64_cp8.json
gemm_a2a/artificial_medium/s262144/cp8,artificial_medium,262144,8,teub,eager,,"[32768, 5120, 5120]",,,3.736176013946533,3.7669599413871766,,,459.8249418622239,3736.176013946533,3766.9599413871765,,,"{""nccl_environment"": {""NCCL_GRAPH_REGISTER"": ""1"", ""NCCL_IB_DISABLE"": ""1"", ""NCCL_LOCAL_REGISTER"": ""1""}, ""operator"": {""chunks"": 1, ""local_first"": false, ""math_sms"": 124, ""pack_block"": 1024, ""pack_warps"": 4, ""push"": true, ""reverse"": false, ""schedule"": ""peer_gemm"", ""sms"": 8, ""streams"": 1, ""use_ce"": false}}","{""algo_id"": 66, ""cluster_shape"": 8, ""cta_swizzle"": 0, ""custom"": 3, ""inner_shape"": 0, ""reduction"": 0, ""returned"": 8, ""split_k"": 1, ""stages_id"": 35, ""tile_id"": 20, ""tune_ms"": 0.2819306552410126, ""valid"": 8, ""waves"": 10.322580337524414, ""workspace_bytes"": 4}",full_v2/teub_formal_auto_cp8.json
gemm_a2a/artificial_medium/s262144/cp8,artificial_medium,262144,8,teub,graph,,"[32768, 5120, 5120]",,,3.732448101043701,3.782185637950897,,,460.28420808305435,3732.448101043701,3782.185637950897,,,"{""nccl_environment"": {""NCCL_GRAPH_REGISTER"": ""1"", ""NCCL_IB_DISABLE"": ""1"", ""NCCL_LOCAL_REGISTER"": ""1""}, ""operator"": {""chunks"": 1, ""local_first"": false, ""math_sms"": 124, ""pack_block"": 1024, ""pack_warps"": 4, ""push"": true, ""reverse"": false, ""schedule"": ""peer_gemm"", ""sms"": 8, ""streams"": 1, ""use_ce"": false}}","{""algo_id"": 66, ""cluster_shape"": 8, ""cta_swizzle"": 0, ""custom"": 3, ""inner_shape"": 0, ""reduction"": 0, ""returned"": 8, ""split_k"": 1, ""stages_id"": 35, ""tile_id"": 20, ""tune_ms"": 0.2819306552410126, ""valid"": 8, ""waves"": 10.322580337524414, ""workspace_bytes"": 4}",full_v2/teub_formal_auto_cp8.json
gemm_a2a/artificial_medium/s524288/cp4,artificial_medium,524288,4,cublaslt_nccl,eager,,"[131072, 5120, 5120]",,,13.415200233459473,14.819406414031983,,,512.2508463541496,13415.200233459473,14819.406414031982,,,"{""nccl_environment"": {""NCCL_GRAPH_REGISTER"": ""1"", ""NCCL_IB_DISABLE"": ""1"", ""NCCL_LOCAL_REGISTER"": ""1""}, ""operator"": {""chunks"": 1, ""local_first"": false, ""math_sms"": 0, ""pack_block"": 1024, ""pack_warps"": 4, ""push"": true, ""reverse"": false, ""schedule"": ""full"", ""sms"": 0, ""streams"": 3, ""use_ce"": false}}","{""algo_id"": 66, ""cluster_shape"": 5, ""cta_swizzle"": 0, ""custom"": 6, ""inner_shape"": 0, ""reduction"": 0, ""returned"": 8, ""split_k"": 1, ""stages_id"": 35, ""tile_id"": 209, ""tune_ms"": 8.314059257507324, ""valid"": 8, ""waves"": 139.7045440673828, ""workspace_bytes"": 4}",full_v2/cublaslt_nccl_formal_auto_cp4.json
gemm_a2a/artificial_medium/s524288/cp4,artificial_medium,524288,4,cublaslt_nccl,graph,,"[131072, 5120, 5120]",,,13.532032012939453,14.154758405685424,,,507.8282158236827,13532.032012939453,14154.758405685425,,,"{""nccl_environment"": {""NCCL_GRAPH_REGISTER"": ""1"", ""NCCL_IB_DISABLE"": ""1"", ""NCCL_LOCAL_REGISTER"": ""1""}, ""operator"": {""chunks"": 1, ""local_first"": false, ""math_sms"": 0, ""pack_block"": 1024, ""pack_warps"": 4, ""push"": true, ""reverse"": false, ""schedule"": ""full"", ""sms"": 0, ""streams"": 3, ""use_ce"": false}}","{""algo_id"": 66, ""cluster_shape"": 5, ""cta_swizzle"": 0, ""custom"": 6, ""inner_shape"": 0, ""reduction"": 0, ""returned"": 8, ""split_k"": 1, ""stages_id"": 35, ""tile_id"": 209, ""tune_ms"": 8.314059257507324, ""valid"": 8, ""waves"": 139.7045440673828, ""workspace_bytes"": 4}",full_v2/cublaslt_nccl_formal_auto_cp4.json
gemm_a2a/artificial_medium/s524288/cp4,artificial_medium,524288,4,teub,eager,,"[131072, 5120, 5120]",,,12.747151851654053,13.089998722076416,,,539.0967138049983,12747.151851654053,13089.998722076416,,,"{""nccl_environment"": {""NCCL_GRAPH_REGISTER"": ""1"", ""NCCL_IB_DISABLE"": ""1"", ""NCCL_LOCAL_REGISTER"": ""1""}, ""operator"": {""chunks"": 1, ""local_first"": false, ""math_sms"": 128, ""pack_block"": 512, ""pack_warps"": 4, ""push"": true, ""reverse"": false, ""schedule"": ""peer_gemm"", ""sms"": 4, ""streams"": 1, ""use_ce"": true}}","{""algo_id"": 66, ""cluster_shape"": 5, ""cta_swizzle"": 0, ""custom"": 7, ""inner_shape"": 0, ""reduction"": 0, ""returned"": 8, ""split_k"": 1, ""stages_id"": 35, ""tile_id"": 248, ""tune_ms"": 2.0640852451324463, ""valid"": 8, ""waves"": 32.0, ""workspace_bytes"": 4}",full_v2/teub_formal_auto_cp4.json
gemm_a2a/artificial_medium/s524288/cp4,artificial_medium,524288,4,teub,graph,,"[131072, 5120, 5120]",,,12.847599983215332,13.256502771377564,,,534.881820929809,12847.599983215332,13256.502771377563,,,"{""nccl_environment"": {""NCCL_GRAPH_REGISTER"": ""1"", ""NCCL_IB_DISABLE"": ""1"", ""NCCL_LOCAL_REGISTER"": ""1""}, ""operator"": {""chunks"": 1, ""local_first"": false, ""math_sms"": 128, ""pack_block"": 512, ""pack_warps"": 4, ""push"": true, ""reverse"": false, ""schedule"": ""peer_gemm"", ""sms"": 4, ""streams"": 1, ""use_ce"": true}}","{""algo_id"": 66, ""cluster_shape"": 5, ""cta_swizzle"": 0, ""custom"": 7, ""inner_shape"": 0, ""reduction"": 0, ""returned"": 8, ""split_k"": 1, ""stages_id"": 35, ""tile_id"": 248, ""tune_ms"": 2.0640852451324463, ""valid"": 8, ""waves"": 32.0, ""workspace_bytes"": 4}",full_v2/teub_formal_auto_cp4.json
gemm_a2a/artificial_medium/s524288/cp8,artificial_medium,524288,8,cublaslt_nccl,eager,,"[65536, 5120, 5120]",,,7.234463930130005,7.3052528381347654,,,474.9451887499085,7234.463930130005,7305.252838134766,,,"{""nccl_environment"": {""NCCL_GRAPH_REGISTER"": ""1"", ""NCCL_IB_DISABLE"": ""1"", ""NCCL_LOCAL_REGISTER"": ""1"", ""NCCL_MAX_P2P_NCHANNELS"": ""24"", ""NCCL_MIN_P2P_NCHANNELS"": ""24"", ""NCCL_P2P_LL_THRESHOLD"": ""65536"", ""NCCL_P2P_NVL_CHUNKSIZE"": ""131072""}, ""operator"": {""chunks"": 1, ""local_first"": false, ""math_sms"": 0, ""pack_block"": 1024, ""pack_warps"": 4, ""push"": true, ""reverse"": false, ""schedule"": ""full"", ""sms"": 0, ""streams"": 3, ""use_ce"": false}}","{""algo_id"": 66, ""cluster_shape"": 5, ""cta_swizzle"": 0, ""custom"": 6, ""inner_shape"": 0, ""reduction"": 0, ""returned"": 8, ""split_k"": 1, ""stages_id"": 35, ""tile_id"": 209, ""tune_ms"": 4.1012797355651855, ""valid"": 8, ""waves"": 69.95454406738281, ""workspace_bytes"": 4}",full_v2/cublaslt_nccl_formal_ch24_chunk128_ll64_cp8.json
gemm_a2a/artificial_medium/s524288/cp8,artificial_medium,524288,8,cublaslt_nccl,graph,,"[65536, 5120, 5120]",,,7.2488319873809814,7.289600038528443,,,474.0037902356494,7248.831987380981,7289.600038528442,,,"{""nccl_environment"": {""NCCL_GRAPH_REGISTER"": ""1"", ""NCCL_IB_DISABLE"": ""1"", ""NCCL_LOCAL_REGISTER"": ""1"", ""NCCL_MAX_P2P_NCHANNELS"": ""32"", ""NCCL_MIN_P2P_NCHANNELS"": ""32"", ""NCCL_P2P_LL_THRESHOLD"": ""65536"", ""NCCL_P2P_NVL_CHUNKSIZE"": ""524288""}, ""operator"": {""chunks"": 1, ""local_first"": false, ""math_sms"": 0, ""pack_block"": 1024, ""pack_warps"": 4, ""push"": true, ""reverse"": false, ""schedule"": ""full"", ""sms"": 0, ""streams"": 3, ""use_ce"": false}}","{""algo_id"": 66, ""cluster_shape"": 5, ""cta_swizzle"": 0, ""custom"": 6, ""inner_shape"": 0, ""reduction"": 0, ""returned"": 8, ""split_k"": 1, ""stages_id"": 35, ""tile_id"": 209, ""tune_ms"": 4.103701114654541, ""valid"": 8, ""waves"": 69.95454406738281, ""workspace_bytes"": 4}",full_v2/cublaslt_nccl_formal_ch32_chunk512_ll64_cp8.json
gemm_a2a/artificial_medium/s524288/cp8,artificial_medium,524288,8,teub,eager,,"[65536, 5120, 5120]",,,7.059776067733765,7.22305588722229,,,486.6972838563378,7059.776067733765,7223.05588722229,,,"{""nccl_environment"": {""NCCL_GRAPH_REGISTER"": ""1"", ""NCCL_IB_DISABLE"": ""1"", ""NCCL_LOCAL_REGISTER"": ""1""}, ""operator"": {""chunks"": 1, ""local_first"": false, ""math_sms"": 124, ""pack_block"": 1024, ""pack_warps"": 4, ""push"": true, ""reverse"": false, ""schedule"": ""peer_gemm"", ""sms"": 8, ""streams"": 1, ""use_ce"": false}}","{""algo_id"": 66, ""cluster_shape"": 5, ""cta_swizzle"": 0, ""custom"": 3, ""inner_shape"": 0, ""reduction"": 0, ""returned"": 8, ""split_k"": 1, ""stages_id"": 35, ""tile_id"": 29, ""tune_ms"": 0.5542986989021301, ""valid"": 8, ""waves"": 16.532258987426758, ""workspace_bytes"": 4}",full_v2/teub_formal_auto_cp8.json
gemm_a2a/artificial_medium/s524288/cp8,artificial_medium,524288,8,teub,graph,,"[65536, 5120, 5120]",,,7.112879991531372,9.006224012374878,,,483.0636592900325,7112.879991531372,9006.224012374878,,,"{""nccl_environment"": {""NCCL_GRAPH_REGISTER"": ""1"", ""NCCL_IB_DISABLE"": ""1"", ""NCCL_LOCAL_REGISTER"": ""1""}, ""operator"": {""chunks"": 1, ""local_first"": false, ""math_sms"": 124, ""pack_block"": 1024, ""pack_warps"": 4, ""push"": true, ""reverse"": false, ""schedule"": ""peer_gemm"", ""sms"": 8, ""streams"": 1, ""use_ce"": false}}","{""algo_id"": 66, ""cluster_shape"": 5, ""cta_swizzle"": 0, ""custom"": 3, ""inner_shape"": 0, ""reduction"": 0, ""returned"": 8, ""split_k"": 1, ""stages_id"": 35, ""tile_id"": 29, ""tune_ms"": 0.5542986989021301, ""valid"": 8, ""waves"": 16.532258987426758, ""workspace_bytes"": 4}",full_v2/teub_formal_auto_cp8.json
gemm_a2a/artificial_large/s1024/cp4,artificial_large,1024,4,cublaslt_nccl,eager,,"[256, 7168, 16384]",,,0.24030400067567825,0.24871040135622025,,,250.2228093370476,240.30400067567825,248.71040135622025,,,"{""nccl_environment"": {""NCCL_GRAPH_REGISTER"": ""1"", ""NCCL_IB_DISABLE"": ""1"", ""NCCL_LOCAL_REGISTER"": ""1"", ""NCCL_MAX_P2P_NCHANNELS"": ""32"", ""NCCL_MIN_P2P_NCHANNELS"": ""32"", ""NCCL_P2P_LL_THRESHOLD"": ""65536"", ""NCCL_P2P_NVL_CHUNKSIZE"": ""524288""}, ""operator"": {""chunks"": 1, ""local_first"": false, ""math_sms"": 0, ""pack_block"": 1024, ""pack_warps"": 4, ""push"": true, ""reverse"": false, ""schedule"": ""full"", ""sms"": 0, ""streams"": 3, ""use_ce"": false}}","{""algo_id"": 66, ""cluster_shape"": 3, ""cta_swizzle"": 0, ""custom"": 0, ""inner_shape"": 0, ""reduction"": 0, ""returned"": 8, ""split_k"": 1, ""stages_id"": 35, ""tile_id"": 165, ""tune_ms"": 0.08139733225107193, ""valid"": 8, ""waves"": 0.9696969985961914, ""workspace_bytes"": 0}",full_v2/cublaslt_nccl_formal_ch32_chunk512_ll64_cp4.json
gemm_a2a/artificial_large/s1024/cp4,artificial_large,1024,4,cublaslt_nccl,graph,,"[256, 7168, 16384]",,,0.22360000014305115,0.23221439868211743,,,268.91566236820796,223.60000014305115,232.21439868211743,,,"{""nccl_environment"": {""NCCL_GRAPH_REGISTER"": ""1"", ""NCCL_IB_DISABLE"": ""1"", ""NCCL_LOCAL_REGISTER"": ""1"", ""NCCL_MAX_P2P_NCHANNELS"": ""24"", ""NCCL_MIN_P2P_NCHANNELS"": ""24"", ""NCCL_P2P_LL_THRESHOLD"": ""65536"", ""NCCL_P2P_NVL_CHUNKSIZE"": ""131072""}, ""operator"": {""chunks"": 1, ""local_first"": false, ""math_sms"": 0, ""pack_block"": 1024, ""pack_warps"": 4, ""push"": true, ""reverse"": false, ""schedule"": ""full"", ""sms"": 0, ""streams"": 3, ""use_ce"": false}}","{""algo_id"": 66, ""cluster_shape"": 3, ""cta_swizzle"": 0, ""custom"": 0, ""inner_shape"": 0, ""reduction"": 0, ""returned"": 8, ""split_k"": 1, ""stages_id"": 35, ""tile_id"": 165, ""tune_ms"": 0.08741333335638046, ""valid"": 8, ""waves"": 0.9696969985961914, ""workspace_bytes"": 0}",full_v2/cublaslt_nccl_formal_ch24_chunk128_ll64_cp4.json
gemm_a2a/artificial_large/s1024/cp4,artificial_large,1024,4,teub,eager,,"[256, 7168, 16384]",,,0.24825599789619446,0.2642208054661751,,,242.20781231292753,248.25599789619446,264.2208054661751,,,"{""nccl_environment"": {""NCCL_GRAPH_REGISTER"": ""1"", ""NCCL_IB_DISABLE"": ""1"", ""NCCL_LOCAL_REGISTER"": ""1""}, ""operator"": {""chunks"": 1, ""local_first"": false, ""math_sms"": 0, ""pack_block"": 1024, ""pack_warps"": 4, ""push"": true, ""reverse"": false, ""schedule"": ""full"", ""sms"": 16, ""streams"": 3, ""use_ce"": false}}","{""algo_id"": 66, ""cluster_shape"": 3, ""cta_swizzle"": 0, ""custom"": 0, ""inner_shape"": 0, ""reduction"": 0, ""returned"": 8, ""split_k"": 1, ""stages_id"": 35, ""tile_id"": 165, ""tune_ms"": 0.08374399691820145, ""valid"": 8, ""waves"": 0.9696969985961914, ""workspace_bytes"": 0}",full_v2/teub_formal_auto_cp4.json
gemm_a2a/artificial_large/s1024/cp4,artificial_large,1024,4,teub,graph,,"[256, 7168, 16384]",,,0.21264000236988068,0.22078080475330353,,,282.77624846620597,212.64000236988068,220.78080475330353,,,"{""nccl_environment"": {""NCCL_GRAPH_REGISTER"": ""1"", ""NCCL_IB_DISABLE"": ""1"", ""NCCL_LOCAL_REGISTER"": ""1""}, ""operator"": {""chunks"": 1, ""local_first"": false, ""math_sms"": 0, ""pack_block"": 1024, ""pack_warps"": 4, ""push"": true, ""reverse"": false, ""schedule"": ""full"", ""sms"": 16, ""streams"": 3, ""use_ce"": false}}","{""algo_id"": 66, ""cluster_shape"": 3, ""cta_swizzle"": 0, ""custom"": 0, ""inner_shape"": 0, ""reduction"": 0, ""returned"": 8, ""split_k"": 1, ""stages_id"": 35, ""tile_id"": 165, ""tune_ms"": 0.08374399691820145, ""valid"": 8, ""waves"": 0.9696969985961914, ""workspace_bytes"": 0}",full_v2/teub_formal_auto_cp4.json
gemm_a2a/artificial_large/s1024/cp8,artificial_large,1024,8,cublaslt_nccl,eager,,"[128, 7168, 16384]",,,0.2311360016465187,0.256155201792717,,,130.07394286407492,231.1360016465187,256.155201792717,,,"{""nccl_environment"": {""NCCL_GRAPH_REGISTER"": ""1"", ""NCCL_IB_DISABLE"": ""1"", ""NCCL_LOCAL_REGISTER"": ""1"", ""NCCL_MAX_P2P_NCHANNELS"": ""32"", ""NCCL_MIN_P2P_NCHANNELS"": ""32"", ""NCCL_P2P_LL_THRESHOLD"": ""65536"", ""NCCL_P2P_NVL_CHUNKSIZE"": ""524288""}, ""operator"": {""chunks"": 1, ""local_first"": false, ""math_sms"": 0, ""pack_block"": 1024, ""pack_warps"": 4, ""push"": true, ""reverse"": false, ""schedule"": ""full"", ""sms"": 0, ""streams"": 3, ""use_ce"": false}}","{""algo_id"": 66, ""cluster_shape"": 7, ""cta_swizzle"": 0, ""custom"": 1, ""inner_shape"": 0, ""reduction"": 0, ""returned"": 8, ""split_k"": 1, ""stages_id"": 35, ""tile_id"": 18, ""tune_ms"": 0.06523733586072922, ""valid"": 8, ""waves"": 0.8484848737716675, ""workspace_bytes"": 0}",full_v2/cublaslt_nccl_formal_ch32_chunk512_ll64_cp8.json
gemm_a2a/artificial_large/s1024/cp8,artificial_large,1024,8,cublaslt_nccl,graph,,"[128, 7168, 16384]",,,0.2186560034751892,0.23270079791545867,,,137.4980361580213,218.6560034751892,232.70079791545868,,,"{""nccl_environment"": {""NCCL_GRAPH_REGISTER"": ""1"", ""NCCL_IB_DISABLE"": ""1"", ""NCCL_LOCAL_REGISTER"": ""1"", ""NCCL_MAX_P2P_NCHANNELS"": ""32"", ""NCCL_MIN_P2P_NCHANNELS"": ""32"", ""NCCL_P2P_LL_THRESHOLD"": ""65536"", ""NCCL_P2P_NVL_CHUNKSIZE"": ""524288""}, ""operator"": {""chunks"": 1, ""local_first"": false, ""math_sms"": 0, ""pack_block"": 1024, ""pack_warps"": 4, ""push"": true, ""reverse"": false, ""schedule"": ""full"", ""sms"": 0, ""streams"": 3, ""use_ce"": false}}","{""algo_id"": 66, ""cluster_shape"": 7, ""cta_swizzle"": 0, ""custom"": 1, ""inner_shape"": 0, ""reduction"": 0, ""returned"": 8, ""split_k"": 1, ""stages_id"": 35, ""tile_id"": 18, ""tune_ms"": 0.06523733586072922, ""valid"": 8, ""waves"": 0.8484848737716675, ""workspace_bytes"": 0}",full_v2/cublaslt_nccl_formal_ch32_chunk512_ll64_cp8.json
gemm_a2a/artificial_large/s1024/cp8,artificial_large,1024,8,teub,eager,,"[128, 7168, 16384]",,,0.24742399901151657,0.26395840346813204,,,121.51113550872891,247.42399901151657,263.958403468132,,,"{""nccl_environment"": {""NCCL_GRAPH_REGISTER"": ""1"", ""NCCL_IB_DISABLE"": ""1"", ""NCCL_LOCAL_REGISTER"": ""1""}, ""operator"": {""chunks"": 1, ""local_first"": false, ""math_sms"": 0, ""pack_block"": 1024, ""pack_warps"": 4, ""push"": true, ""reverse"": false, ""schedule"": ""full"", ""sms"": 8, ""streams"": 3, ""use_ce"": false}}","{""algo_id"": 66, ""cluster_shape"": 7, ""cta_swizzle"": 0, ""custom"": 1, ""inner_shape"": 0, ""reduction"": 0, ""returned"": 8, ""split_k"": 1, ""stages_id"": 35, ""tile_id"": 18, ""tune_ms"": 0.0647626668214798, ""valid"": 8, ""waves"": 0.8484848737716675, ""workspace_bytes"": 0}",full_v2/teub_formal_auto_cp8.json
gemm_a2a/artificial_large/s1024/cp8,artificial_large,1024,8,teub,graph,,"[128, 7168, 16384]",,,0.2086080014705658,0.2443935982882976,,,144.1208911454055,208.6080014705658,244.3935982882976,,,"{""nccl_environment"": {""NCCL_GRAPH_REGISTER"": ""1"", ""NCCL_IB_DISABLE"": ""1"", ""NCCL_LOCAL_REGISTER"": ""1""}, ""operator"": {""chunks"": 1, ""local_first"": false, ""math_sms"": 0, ""pack_block"": 1024, ""pack_warps"": 4, ""push"": true, ""reverse"": false, ""schedule"": ""full"", ""sms"": 16, ""streams"": 3, ""use_ce"": false}}","{""algo_id"": 66, ""cluster_shape"": 7, ""cta_swizzle"": 0, ""custom"": 1, ""inner_shape"": 0, ""reduction"": 0, ""returned"": 8, ""split_k"": 1, ""stages_id"": 35, ""tile_id"": 18, ""tune_ms"": 0.0647626668214798, ""valid"": 8, ""waves"": 0.8484848737716675, ""workspace_bytes"": 0}",full_v2/teub_formal_auto_cp8.json
gemm_a2a/artificial_large/s4096/cp4,artificial_large,4096,4,cublaslt_nccl,eager,,"[1024, 7168, 16384]",,,0.4960159957408905,0.5056672275066376,,,484.9000246791279,496.0159957408905,505.6672275066376,,,"{""nccl_environment"": {""NCCL_GRAPH_REGISTER"": ""1"", ""NCCL_IB_DISABLE"": ""1"", ""NCCL_LOCAL_REGISTER"": ""1"", ""NCCL_MAX_P2P_NCHANNELS"": ""24"", ""NCCL_MIN_P2P_NCHANNELS"": ""24"", ""NCCL_P2P_LL_THRESHOLD"": ""65536"", ""NCCL_P2P_NVL_CHUNKSIZE"": ""131072""}, ""operator"": {""chunks"": 1, ""local_first"": false, ""math_sms"": 0, ""pack_block"": 1024, ""pack_warps"": 4, ""push"": true, ""reverse"": false, ""schedule"": ""full"", ""sms"": 0, ""streams"": 3, ""use_ce"": false}}","{""algo_id"": 66, ""cluster_shape"": 3, ""cta_swizzle"": 0, ""custom"": 0, ""inner_shape"": 0, ""reduction"": 0, ""returned"": 8, ""split_k"": 1, ""stages_id"": 35, ""tile_id"": 165, ""tune_ms"": 0.30403733253479004, ""valid"": 8, ""waves"": 3.8787879943847656, ""workspace_bytes"": 4}",full_v2/cublaslt_nccl_formal_ch24_chunk128_ll64_cp4.json
gemm_a2a/artificial_large/s4096/cp4,artificial_large,4096,4,cublaslt_nccl,graph,,"[1024, 7168, 16384]",,,0.4859679937362671,0.513259208202362,,,494.9259450747455,485.9679937362671,513.2592082023621,,,"{""nccl_environment"": {""NCCL_GRAPH_REGISTER"": ""1"", ""NCCL_IB_DISABLE"": ""1"", ""NCCL_LOCAL_REGISTER"": ""1"", ""NCCL_MAX_P2P_NCHANNELS"": ""24"", ""NCCL_MIN_P2P_NCHANNELS"": ""24"", ""NCCL_P2P_LL_THRESHOLD"": ""65536"", ""NCCL_P2P_NVL_CHUNKSIZE"": ""131072""}, ""operator"": {""chunks"": 1, ""local_first"": false, ""math_sms"": 0, ""pack_block"": 1024, ""pack_warps"": 4, ""push"": true, ""reverse"": false, ""schedule"": ""full"", ""sms"": 0, ""streams"": 3, ""use_ce"": false}}","{""algo_id"": 66, ""cluster_shape"": 3, ""cta_swizzle"": 0, ""custom"": 0, ""inner_shape"": 0, ""reduction"": 0, ""returned"": 8, ""split_k"": 1, ""stages_id"": 35, ""tile_id"": 165, ""tune_ms"": 0.30403733253479004, ""valid"": 8, ""waves"": 3.8787879943847656, ""workspace_bytes"": 4}",full_v2/cublaslt_nccl_formal_ch24_chunk128_ll64_cp4.json
gemm_a2a/artificial_large/s4096/cp4,artificial_large,4096,4,teub,eager,,"[1024, 7168, 16384]",,,0.46292799711227417,0.49214560240507127,,,519.5584844216432,462.92799711227417,492.14560240507126,,,"{""nccl_environment"": {""NCCL_GRAPH_REGISTER"": ""1"", ""NCCL_IB_DISABLE"": ""1"", ""NCCL_LOCAL_REGISTER"": ""1""}, ""operator"": {""chunks"": 1, ""local_first"": false, ""math_sms"": 128, ""pack_block"": 1024, ""pack_warps"": 4, ""push"": true, ""reverse"": false, ""schedule"": ""peer_gemm"", ""sms"": 4, ""streams"": 1, ""use_ce"": false}}","{""algo_id"": 66, ""cluster_shape"": 3, ""cta_swizzle"": 0, ""custom"": 0, ""inner_shape"": 0, ""reduction"": 0, ""returned"": 8, ""split_k"": 1, ""stages_id"": 35, ""tile_id"": 165, ""tune_ms"": 0.07496000081300735, ""valid"": 8, ""waves"": 1.0, ""workspace_bytes"": 0}",full_v2/teub_formal_auto_cp4.json
gemm_a2a/artificial_large/s4096/cp4,artificial_large,4096,4,teub,graph,,"[1024, 7168, 16384]",,,0.46089598536491394,0.46231041103601456,,,521.8491291165619,460.89598536491394,462.31041103601456,,,"{""nccl_environment"": {""NCCL_GRAPH_REGISTER"": ""1"", ""NCCL_IB_DISABLE"": ""1"", ""NCCL_LOCAL_REGISTER"": ""1""}, ""operator"": {""chunks"": 1, ""local_first"": false, ""math_sms"": 124, ""pack_block"": 1024, ""pack_warps"": 4, ""push"": true, ""reverse"": false, ""schedule"": ""peer_gemm"", ""sms"": 8, ""streams"": 1, ""use_ce"": false}}","{""algo_id"": 66, ""cluster_shape"": 9, ""cta_swizzle"": 0, ""custom"": 1, ""inner_shape"": 0, ""reduction"": 0, ""returned"": 8, ""split_k"": 1, ""stages_id"": 35, ""tile_id"": 20, ""tune_ms"": 0.08169599622488022, ""valid"": 8, ""waves"": 0.9032257795333862, ""workspace_bytes"": 0}",full_v2/teub_formal_auto_cp4.json
gemm_a2a/artificial_large/s4096/cp8,artificial_large,4096,8,cublaslt_nccl,eager,,"[512, 7168, 16384]",,,0.3702720105648041,0.39132159948349,,,324.7857814166393,370.2720105648041,391.32159948349,,,"{""nccl_environment"": {""NCCL_GRAPH_REGISTER"": ""1"", ""NCCL_IB_DISABLE"": ""1"", ""NCCL_LOCAL_REGISTER"": ""1""}, ""operator"": {""chunks"": 1, ""local_first"": false, ""math_sms"": 0, ""pack_block"": 1024, ""pack_warps"": 4, ""push"": true, ""reverse"": false, ""schedule"": ""full"", ""sms"": 0, ""streams"": 3, ""use_ce"": false}}","{""algo_id"": 66, ""cluster_shape"": 3, ""cta_swizzle"": 0, ""custom"": 0, ""inner_shape"": 0, ""reduction"": 0, ""returned"": 8, ""split_k"": 1, ""stages_id"": 35, ""tile_id"": 165, ""tune_ms"": 0.15411199629306793, ""valid"": 8, ""waves"": 1.9393939971923828, ""workspace_bytes"": 0}",full_v2/cublaslt_nccl_formal_auto_cp8.json
gemm_a2a/artificial_large/s4096/cp8,artificial_large,4096,8,cublaslt_nccl,graph,,"[512, 7168, 16384]",,,0.3492799997329712,0.3680288001894951,,,344.30566989217687,349.2799997329712,368.0288001894951,,,"{""nccl_environment"": {""NCCL_GRAPH_REGISTER"": ""1"", ""NCCL_IB_DISABLE"": ""1"", ""NCCL_LOCAL_REGISTER"": ""1""}, ""operator"": {""chunks"": 1, ""local_first"": false, ""math_sms"": 0, ""pack_block"": 1024, ""pack_warps"": 4, ""push"": true, ""reverse"": false, ""schedule"": ""full"", ""sms"": 0, ""streams"": 3, ""use_ce"": false}}","{""algo_id"": 66, ""cluster_shape"": 3, ""cta_swizzle"": 0, ""custom"": 0, ""inner_shape"": 0, ""reduction"": 0, ""returned"": 8, ""split_k"": 1, ""stages_id"": 35, ""tile_id"": 165, ""tune_ms"": 0.15411199629306793, ""valid"": 8, ""waves"": 1.9393939971923828, ""workspace_bytes"": 0}",full_v2/cublaslt_nccl_formal_auto_cp8.json
gemm_a2a/artificial_large/s4096/cp8,artificial_large,4096,8,teub,eager,,"[512, 7168, 16384]",,,0.3813759982585907,0.3970911890268326,,,315.3294513475353,381.3759982585907,397.0911890268326,,,"{""nccl_environment"": {""NCCL_GRAPH_REGISTER"": ""1"", ""NCCL_IB_DISABLE"": ""1"", ""NCCL_LOCAL_REGISTER"": ""1""}, ""operator"": {""chunks"": 1, ""local_first"": false, ""math_sms"": 0, ""pack_block"": 1024, ""pack_warps"": 4, ""push"": true, ""reverse"": false, ""schedule"": ""full"", ""sms"": 8, ""streams"": 3, ""use_ce"": false}}","{""algo_id"": 66, ""cluster_shape"": 3, ""cta_swizzle"": 0, ""custom"": 0, ""inner_shape"": 0, ""reduction"": 0, ""returned"": 8, ""split_k"": 1, ""stages_id"": 35, ""tile_id"": 165, ""tune_ms"": 0.1505119949579239, ""valid"": 8, ""waves"": 1.9393939971923828, ""workspace_bytes"": 0}",full_v2/teub_formal_auto_cp8.json
gemm_a2a/artificial_large/s4096/cp8,artificial_large,4096,8,teub,graph,,"[512, 7168, 16384]",,,0.35387200117111206,0.3695792019367218,,,339.83780544946154,353.87200117111206,369.5792019367218,,,"{""nccl_environment"": {""NCCL_GRAPH_REGISTER"": ""1"", ""NCCL_IB_DISABLE"": ""1"", ""NCCL_LOCAL_REGISTER"": ""1""}, ""operator"": {""chunks"": 1, ""local_first"": false, ""math_sms"": 0, ""pack_block"": 1024, ""pack_warps"": 4, ""push"": true, ""reverse"": false, ""schedule"": ""full"", ""sms"": 16, ""streams"": 3, ""use_ce"": false}}","{""algo_id"": 66, ""cluster_shape"": 3, ""cta_swizzle"": 0, ""custom"": 0, ""inner_shape"": 0, ""reduction"": 0, ""returned"": 8, ""split_k"": 1, ""stages_id"": 35, ""tile_id"": 165, ""tune_ms"": 0.1505119949579239, ""valid"": 8, ""waves"": 1.9393939971923828, ""workspace_bytes"": 0}",full_v2/teub_formal_auto_cp8.json
gemm_a2a/artificial_large/s16384/cp4,artificial_large,16384,4,cublaslt_nccl,eager,,"[4096, 7168, 16384]",,,1.6117119789123535,1.6531504094600677,,,596.9259314888535,1611.7119789123535,1653.1504094600677,,,"{""nccl_environment"": {""NCCL_GRAPH_REGISTER"": ""1"", ""NCCL_IB_DISABLE"": ""1"", ""NCCL_LOCAL_REGISTER"": ""1""}, ""operator"": {""chunks"": 1, ""local_first"": false, ""math_sms"": 0, ""pack_block"": 1024, ""pack_warps"": 4, ""push"": true, ""reverse"": false, ""schedule"": ""full"", ""sms"": 0, ""streams"": 3, ""use_ce"": false}}","{""algo_id"": 66, ""cluster_shape"": 5, ""cta_swizzle"": 0, ""custom"": 2, ""inner_shape"": 0, ""reduction"": 0, ""returned"": 8, ""split_k"": 1, ""stages_id"": 35, ""tile_id"": 201, ""tune_ms"": 1.1367360353469849, ""valid"": 8, ""waves"": 9.939393997192383, ""workspace_bytes"": 4}",full_v2/cublaslt_nccl_formal_auto_cp4.json
gemm_a2a/artificial_large/s16384/cp4,artificial_large,16384,4,cublaslt_nccl,graph,,"[4096, 7168, 16384]",,,1.6435840129852295,1.7055088102817535,,,585.3504698896375,1643.5840129852295,1705.5088102817535,,,"{""nccl_environment"": {""NCCL_GRAPH_REGISTER"": ""1"", ""NCCL_IB_DISABLE"": ""1"", ""NCCL_LOCAL_REGISTER"": ""1""}, ""operator"": {""chunks"": 1, ""local_first"": false, ""math_sms"": 0, ""pack_block"": 1024, ""pack_warps"": 4, ""push"": true, ""reverse"": false, ""schedule"": ""full"", ""sms"": 0, ""streams"": 3, ""use_ce"": false}}","{""algo_id"": 66, ""cluster_shape"": 5, ""cta_swizzle"": 0, ""custom"": 2, ""inner_shape"": 0, ""reduction"": 0, ""returned"": 8, ""split_k"": 1, ""stages_id"": 35, ""tile_id"": 201, ""tune_ms"": 1.1367360353469849, ""valid"": 8, ""waves"": 9.939393997192383, ""workspace_bytes"": 4}",full_v2/cublaslt_nccl_formal_auto_cp4.json
gemm_a2a/artificial_large/s16384/cp4,artificial_large,16384,4,teub,eager,,"[4096, 7168, 16384]",,,1.5914079546928406,1.613502413034439,,,604.5418281761013,1591.4079546928406,1613.502413034439,,,"{""nccl_environment"": {""NCCL_GRAPH_REGISTER"": ""1"", ""NCCL_IB_DISABLE"": ""1"", ""NCCL_LOCAL_REGISTER"": ""1""}, ""operator"": {""chunks"": 1, ""local_first"": false, ""math_sms"": 116, ""pack_block"": 1024, ""pack_warps"": 4, ""push"": true, ""reverse"": false, ""schedule"": ""peer_gemm"", ""sms"": 16, ""streams"": 1, ""use_ce"": false}}","{""algo_id"": 66, ""cluster_shape"": 9, ""cta_swizzle"": 0, ""custom"": 4, ""inner_shape"": 0, ""reduction"": 0, ""returned"": 8, ""split_k"": 1, ""stages_id"": 35, ""tile_id"": 23, ""tune_ms"": 0.3071146607398987, ""valid"": 8, ""waves"": 1.9310344457626343, ""workspace_bytes"": 0}",full_v2/teub_formal_auto_cp4.json
gemm_a2a/artificial_large/s16384/cp4,artificial_large,16384,4,teub,graph,,"[4096, 7168, 16384]",,,1.6367200016975403,1.6492336213588714,,,587.805289424078,1636.7200016975403,1649.2336213588715,,,"{""nccl_environment"": {""NCCL_GRAPH_REGISTER"": ""1"", ""NCCL_IB_DISABLE"": ""1"", ""NCCL_LOCAL_REGISTER"": ""1""}, ""operator"": {""chunks"": 1, ""local_first"": false, ""math_sms"": 0, ""pack_block"": 1024, ""pack_warps"": 4, ""push"": true, ""reverse"": false, ""schedule"": ""full"", ""sms"": 16, ""streams"": 3, ""use_ce"": false}}","{""algo_id"": 66, ""cluster_shape"": 3, ""cta_swizzle"": 0, ""custom"": 4, ""inner_shape"": 0, ""reduction"": 0, ""returned"": 8, ""split_k"": 1, ""stages_id"": 35, ""tile_id"": 23, ""tune_ms"": 1.115104079246521, ""valid"": 8, ""waves"": 6.78787899017334, ""workspace_bytes"": 4}",full_v2/teub_formal_auto_cp4.json
gemm_a2a/artificial_large/s16384/cp8,artificial_large,16384,8,cublaslt_nccl,eager,,"[2048, 7168, 16384]",,,0.9523040056228638,0.9736432045698166,,,505.12896544772326,952.3040056228638,973.6432045698166,,,"{""nccl_environment"": {""NCCL_GRAPH_REGISTER"": ""1"", ""NCCL_IB_DISABLE"": ""1"", ""NCCL_LOCAL_REGISTER"": ""1"", ""NCCL_MAX_P2P_NCHANNELS"": ""32"", ""NCCL_MIN_P2P_NCHANNELS"": ""32"", ""NCCL_P2P_LL_THRESHOLD"": ""65536"", ""NCCL_P2P_NVL_CHUNKSIZE"": ""524288""}, ""operator"": {""chunks"": 1, ""local_first"": false, ""math_sms"": 0, ""pack_block"": 1024, ""pack_warps"": 4, ""push"": true, ""reverse"": false, ""schedule"": ""full"", ""sms"": 0, ""streams"": 3, ""use_ce"": false}}","{""algo_id"": 66, ""cluster_shape"": 5, ""cta_swizzle"": 0, ""custom"": 2, ""inner_shape"": 0, ""reduction"": 0, ""returned"": 8, ""split_k"": 1, ""stages_id"": 35, ""tile_id"": 201, ""tune_ms"": 0.5731253027915955, ""valid"": 8, ""waves"": 4.969696998596191, ""workspace_bytes"": 4}",full_v2/cublaslt_nccl_formal_ch32_chunk512_ll64_cp8.json
gemm_a2a/artificial_large/s16384/cp8,artificial_large,16384,8,cublaslt_nccl,graph,,"[2048, 7168, 16384]",,,0.9265919923782349,0.9465408027172089,,,519.145795677933,926.5919923782349,946.5408027172089,,,"{""nccl_environment"": {""NCCL_GRAPH_REGISTER"": ""1"", ""NCCL_IB_DISABLE"": ""1"", ""NCCL_LOCAL_REGISTER"": ""1"", ""NCCL_MAX_P2P_NCHANNELS"": ""32"", ""NCCL_MIN_P2P_NCHANNELS"": ""32"", ""NCCL_P2P_LL_THRESHOLD"": ""65536"", ""NCCL_P2P_NVL_CHUNKSIZE"": ""524288""}, ""operator"": {""chunks"": 1, ""local_first"": false, ""math_sms"": 0, ""pack_block"": 1024, ""pack_warps"": 4, ""push"": true, ""reverse"": false, ""schedule"": ""full"", ""sms"": 0, ""streams"": 3, ""use_ce"": false}}","{""algo_id"": 66, ""cluster_shape"": 5, ""cta_swizzle"": 0, ""custom"": 2, ""inner_shape"": 0, ""reduction"": 0, ""returned"": 8, ""split_k"": 1, ""stages_id"": 35, ""tile_id"": 201, ""tune_ms"": 0.5731253027915955, ""valid"": 8, ""waves"": 4.969696998596191, ""workspace_bytes"": 4}",full_v2/cublaslt_nccl_formal_ch32_chunk512_ll64_cp8.json
gemm_a2a/artificial_large/s16384/cp8,artificial_large,16384,8,teub,eager,,"[2048, 7168, 16384]",,,0.9563200175762177,0.9707232147455216,,,503.00770485928047,956.3200175762177,970.7232147455215,,,"{""nccl_environment"": {""NCCL_GRAPH_REGISTER"": ""1"", ""NCCL_IB_DISABLE"": ""1"", ""NCCL_LOCAL_REGISTER"": ""1""}, ""operator"": {""chunks"": 1, ""local_first"": false, ""math_sms"": 128, ""pack_block"": 1024, ""pack_warps"": 4, ""push"": true, ""reverse"": false, ""schedule"": ""peer_gemm"", ""sms"": 4, ""streams"": 1, ""use_ce"": false}}","{""algo_id"": 66, ""cluster_shape"": 3, ""cta_swizzle"": 0, ""custom"": 0, ""inner_shape"": 0, ""reduction"": 0, ""returned"": 8, ""split_k"": 1, ""stages_id"": 35, ""tile_id"": 165, ""tune_ms"": 0.07627200335264206, ""valid"": 8, ""waves"": 1.0, ""workspace_bytes"": 0}",full_v2/teub_formal_auto_cp8.json
gemm_a2a/artificial_large/s16384/cp8,artificial_large,16384,8,teub,graph,,"[2048, 7168, 16384]",,,0.9144319891929626,0.930134403705597,,,526.0493320848732,914.4319891929626,930.1344037055969,,,"{""nccl_environment"": {""NCCL_GRAPH_REGISTER"": ""1"", ""NCCL_IB_DISABLE"": ""1"", ""NCCL_LOCAL_REGISTER"": ""1""}, ""operator"": {""chunks"": 1, ""local_first"": false, ""math_sms"": 128, ""pack_block"": 512, ""pack_warps"": 4, ""push"": true, ""reverse"": false, ""schedule"": ""peer_gemm"", ""sms"": 4, ""streams"": 1, ""use_ce"": true}}","{""algo_id"": 66, ""cluster_shape"": 3, ""cta_swizzle"": 0, ""custom"": 0, ""inner_shape"": 0, ""reduction"": 0, ""returned"": 8, ""split_k"": 1, ""stages_id"": 35, ""tile_id"": 165, ""tune_ms"": 0.07627200335264206, ""valid"": 8, ""waves"": 1.0, ""workspace_bytes"": 0}",full_v2/teub_formal_auto_cp8.json
gemm_a2a/artificial_large/s131072/cp4,artificial_large,131072,4,cublaslt_nccl,eager,,"[32768, 7168, 16384]",,,12.418287754058838,13.984471988677978,,,619.7779876631078,12418.287754058838,13984.471988677979,,,"{""nccl_environment"": {""NCCL_GRAPH_REGISTER"": ""1"", ""NCCL_IB_DISABLE"": ""1"", ""NCCL_LOCAL_REGISTER"": ""1""}, ""operator"": {""chunks"": 1, ""local_first"": false, ""math_sms"": 0, ""pack_block"": 1024, ""pack_warps"": 4, ""push"": true, ""reverse"": false, ""schedule"": ""full"", ""sms"": 0, ""streams"": 3, ""use_ce"": false}}","{""algo_id"": 66, ""cluster_shape"": 5, ""cta_swizzle"": 0, ""custom"": 2, ""inner_shape"": 0, ""reduction"": 0, ""returned"": 8, ""split_k"": 1, ""stages_id"": 35, ""tile_id"": 201, ""tune_ms"": 9.337920188903809, ""valid"": 8, ""waves"": 79.51515197753906, ""workspace_bytes"": 4}",full_v2/cublaslt_nccl_formal_auto_cp4.json
gemm_a2a/artificial_large/s131072/cp4,artificial_large,131072,4,cublaslt_nccl,graph,,"[32768, 7168, 16384]",,,12.331024169921875,12.93158540725708,,,624.16400198174,12331.024169921875,12931.58540725708,,,"{""nccl_environment"": {""NCCL_GRAPH_REGISTER"": ""1"", ""NCCL_IB_DISABLE"": ""1"", ""NCCL_LOCAL_REGISTER"": ""1"", ""NCCL_MAX_P2P_NCHANNELS"": ""24"", ""NCCL_MIN_P2P_NCHANNELS"": ""24"", ""NCCL_P2P_LL_THRESHOLD"": ""65536"", ""NCCL_P2P_NVL_CHUNKSIZE"": ""131072""}, ""operator"": {""chunks"": 1, ""local_first"": false, ""math_sms"": 0, ""pack_block"": 1024, ""pack_warps"": 4, ""push"": true, ""reverse"": false, ""schedule"": ""full"", ""sms"": 0, ""streams"": 3, ""use_ce"": false}}","{""algo_id"": 66, ""cluster_shape"": 5, ""cta_swizzle"": 0, ""custom"": 6, ""inner_shape"": 0, ""reduction"": 0, ""returned"": 8, ""split_k"": 1, ""stages_id"": 35, ""tile_id"": 209, ""tune_ms"": 10.247407913208008, ""valid"": 8, ""waves"": 49.227272033691406, ""workspace_bytes"": 4}",full_v2/cublaslt_nccl_formal_ch24_chunk128_ll64_cp4.json
gemm_a2a/artificial_large/s131072/cp4,artificial_large,131072,4,teub,eager,,"[32768, 7168, 16384]",,,11.92039966583252,12.13706078529358,,,645.6647100929624,11920.39966583252,12137.06078529358,,,"{""nccl_environment"": {""NCCL_GRAPH_REGISTER"": ""1"", ""NCCL_IB_DISABLE"": ""1"", ""NCCL_LOCAL_REGISTER"": ""1""}, ""operator"": {""chunks"": 1, ""local_first"": false, ""math_sms"": 128, ""pack_block"": 512, ""pack_warps"": 4, ""push"": false, ""reverse"": false, ""schedule"": ""peer_gemm"", ""sms"": 4, ""streams"": 1, ""use_ce"": false}}","{""algo_id"": 66, ""cluster_shape"": 5, ""cta_swizzle"": 0, ""custom"": 7, ""inner_shape"": 0, ""reduction"": 0, ""returned"": 8, ""split_k"": 1, ""stages_id"": 35, ""tile_id"": 24, ""tune_ms"": 2.254495859146118, ""valid"": 8, ""waves"": 14.0, ""workspace_bytes"": 4}",full_v2/teub_formal_auto_cp4.json
gemm_a2a/artificial_large/s131072/cp4,artificial_large,131072,4,teub,graph,,"[32768, 7168, 16384]",,,12.242224216461182,12.497667360305787,,,628.6914255403848,12242.224216461182,12497.667360305786,,,"{""nccl_environment"": {""NCCL_GRAPH_REGISTER"": ""1"", ""NCCL_IB_DISABLE"": ""1"", ""NCCL_LOCAL_REGISTER"": ""1""}, ""operator"": {""chunks"": 1, ""local_first"": false, ""math_sms"": 128, ""pack_block"": 1024, ""pack_warps"": 4, ""push"": true, ""reverse"": false, ""schedule"": ""peer_gemm"", ""sms"": 4, ""streams"": 1, ""use_ce"": false}}","{""algo_id"": 66, ""cluster_shape"": 5, ""cta_swizzle"": 0, ""custom"": 7, ""inner_shape"": 0, ""reduction"": 0, ""returned"": 8, ""split_k"": 1, ""stages_id"": 35, ""tile_id"": 24, ""tune_ms"": 2.254495859146118, ""valid"": 8, ""waves"": 14.0, ""workspace_bytes"": 4}",full_v2/teub_formal_auto_cp4.json
gemm_a2a/artificial_large/s131072/cp8,artificial_large,131072,8,cublaslt_nccl,eager,,"[16384, 7168, 16384]",,,6.339119911193848,6.512998390197753,,,607.0701849984804,6339.119911193848,6512.998390197753,,,"{""nccl_environment"": {""NCCL_GRAPH_REGISTER"": ""1"", ""NCCL_IB_DISABLE"": ""1"", ""NCCL_LOCAL_REGISTER"": ""1""}, ""operator"": {""chunks"": 1, ""local_first"": false, ""math_sms"": 0, ""pack_block"": 1024, ""pack_warps"": 4, ""push"": true, ""reverse"": false, ""schedule"": ""full"", ""sms"": 0, ""streams"": 3, ""use_ce"": false}}","{""algo_id"": 66, ""cluster_shape"": 3, ""cta_swizzle"": 0, ""custom"": 4, ""inner_shape"": 0, ""reduction"": 0, ""returned"": 8, ""split_k"": 1, ""stages_id"": 35, ""tile_id"": 209, ""tune_ms"": 4.8765387535095215, ""valid"": 8, ""waves"": 24.75757598876953, ""workspace_bytes"": 4}",full_v2/cublaslt_nccl_formal_auto_cp8.json
gemm_a2a/artificial_large/s131072/cp8,artificial_large,131072,8,cublaslt_nccl,graph,,"[16384, 7168, 16384]",,,6.346879959106445,6.418017554283142,,,606.3279472765997,6346.879959106445,6418.017554283142,,,"{""nccl_environment"": {""NCCL_GRAPH_REGISTER"": ""1"", ""NCCL_IB_DISABLE"": ""1"", ""NCCL_LOCAL_REGISTER"": ""1""}, ""operator"": {""chunks"": 1, ""local_first"": false, ""math_sms"": 0, ""pack_block"": 1024, ""pack_warps"": 4, ""push"": true, ""reverse"": false, ""schedule"": ""full"", ""sms"": 0, ""streams"": 3, ""use_ce"": false}}","{""algo_id"": 66, ""cluster_shape"": 3, ""cta_swizzle"": 0, ""custom"": 4, ""inner_shape"": 0, ""reduction"": 0, ""returned"": 8, ""split_k"": 1, ""stages_id"": 35, ""tile_id"": 209, ""tune_ms"": 4.8765387535095215, ""valid"": 8, ""waves"": 24.75757598876953, ""workspace_bytes"": 4}",full_v2/cublaslt_nccl_formal_auto_cp8.json
gemm_a2a/artificial_large/s131072/cp8,artificial_large,131072,8,teub,eager,,"[16384, 7168, 16384]",,,6.411280155181885,6.535417628288269,,,600.2374883127886,6411.280155181885,6535.417628288269,,,"{""nccl_environment"": {""NCCL_GRAPH_REGISTER"": ""1"", ""NCCL_IB_DISABLE"": ""1"", ""NCCL_LOCAL_REGISTER"": ""1""}, ""operator"": {""chunks"": 1, ""local_first"": false, ""math_sms"": 128, ""pack_block"": 1024, ""pack_warps"": 4, ""push"": true, ""reverse"": false, ""schedule"": ""peer_gemm"", ""sms"": 4, ""streams"": 1, ""use_ce"": false}}","{""algo_id"": 66, ""cluster_shape"": 5, ""cta_swizzle"": 0, ""custom"": 3, ""inner_shape"": 0, ""reduction"": 0, ""returned"": 8, ""split_k"": 1, ""stages_id"": 35, ""tile_id"": 20, ""tune_ms"": 0.5916799902915955, ""valid"": 8, ""waves"": 7.0, ""workspace_bytes"": 4}",full_v2/teub_formal_auto_cp8.json
gemm_a2a/artificial_large/s131072/cp8,artificial_large,131072,8,teub,graph,,"[16384, 7168, 16384]",,,6.537744045257568,6.849080038070679,,,588.6266991451771,6537.744045257568,6849.080038070679,,,"{""nccl_environment"": {""NCCL_GRAPH_REGISTER"": ""1"", ""NCCL_IB_DISABLE"": ""1"", ""NCCL_LOCAL_REGISTER"": ""1""}, ""operator"": {""chunks"": 1, ""local_first"": false, ""math_sms"": 128, ""pack_block"": 1024, ""pack_warps"": 4, ""push"": true, ""reverse"": false, ""schedule"": ""peer_gemm"", ""sms"": 4, ""streams"": 1, ""use_ce"": false}}","{""algo_id"": 66, ""cluster_shape"": 5, ""cta_swizzle"": 0, ""custom"": 3, ""inner_shape"": 0, ""reduction"": 0, ""returned"": 8, ""split_k"": 1, ""stages_id"": 35, ""tile_id"": 20, ""tune_ms"": 0.5916799902915955, ""valid"": 8, ""waves"": 7.0, ""workspace_bytes"": 4}",full_v2/teub_formal_auto_cp8.json
gemm_a2a/artificial_large/s262144/cp4,artificial_large,262144,4,cublaslt_nccl,eager,,"[65536, 7168, 16384]",,,25.044479370117188,26.16233777999878,,,614.6329720565468,25044.479370117188,26162.33777999878,,,"{""nccl_environment"": {""NCCL_GRAPH_REGISTER"": ""1"", ""NCCL_IB_DISABLE"": ""1"", ""NCCL_LOCAL_REGISTER"": ""1""}, ""operator"": {""chunks"": 1, ""local_first"": false, ""math_sms"": 0, ""pack_block"": 1024, ""pack_warps"": 4, ""push"": true, ""reverse"": false, ""schedule"": ""full"", ""sms"": 0, ""streams"": 3, ""use_ce"": false}}","{""algo_id"": 66, ""cluster_shape"": 3, ""cta_swizzle"": 0, ""custom"": 4, ""inner_shape"": 0, ""reduction"": 0, ""returned"": 8, ""split_k"": 1, ""stages_id"": 35, ""tile_id"": 209, ""tune_ms"": 21.300453186035156, ""valid"": 8, ""waves"": 98.45454406738281, ""workspace_bytes"": 4}",full_v2/cublaslt_nccl_formal_auto_cp4.json
gemm_a2a/artificial_large/s262144/cp4,artificial_large,262144,4,cublaslt_nccl,graph,,"[65536, 7168, 16384]",,,25.071887969970703,25.910254859924315,,,613.9610549991615,25071.887969970703,25910.254859924316,,,"{""nccl_environment"": {""NCCL_GRAPH_REGISTER"": ""1"", ""NCCL_IB_DISABLE"": ""1"", ""NCCL_LOCAL_REGISTER"": ""1""}, ""operator"": {""chunks"": 1, ""local_first"": false, ""math_sms"": 0, ""pack_block"": 1024, ""pack_warps"": 4, ""push"": true, ""reverse"": false, ""schedule"": ""full"", ""sms"": 0, ""streams"": 3, ""use_ce"": false}}","{""algo_id"": 66, ""cluster_shape"": 3, ""cta_swizzle"": 0, ""custom"": 4, ""inner_shape"": 0, ""reduction"": 0, ""returned"": 8, ""split_k"": 1, ""stages_id"": 35, ""tile_id"": 209, ""tune_ms"": 21.300453186035156, ""valid"": 8, ""waves"": 98.45454406738281, ""workspace_bytes"": 4}",full_v2/cublaslt_nccl_formal_auto_cp4.json
gemm_a2a/artificial_large/s262144/cp4,artificial_large,262144,4,teub,eager,,"[65536, 7168, 16384]",,,24.201600074768066,27.352105140686035,,,636.0390528439685,24201.600074768066,27352.105140686035,,,"{""nccl_environment"": {""NCCL_GRAPH_REGISTER"": ""1"", ""NCCL_IB_DISABLE"": ""1"", ""NCCL_LOCAL_REGISTER"": ""1""}, ""operator"": {""chunks"": 1, ""local_first"": false, ""math_sms"": 128, ""pack_block"": 1024, ""pack_warps"": 4, ""push"": true, ""reverse"": false, ""schedule"": ""peer_gemm"", ""sms"": 4, ""streams"": 1, ""use_ce"": false}}","{""algo_id"": 66, ""cluster_shape"": 5, ""cta_swizzle"": 0, ""custom"": 7, ""inner_shape"": 0, ""reduction"": 0, ""returned"": 8, ""split_k"": 1, ""stages_id"": 35, ""tile_id"": 24, ""tune_ms"": 4.75055456161499, ""valid"": 8, ""waves"": 28.0, ""workspace_bytes"": 4}",full_v2/teub_formal_auto_cp4.json
gemm_a2a/artificial_large/s262144/cp4,artificial_large,262144,4,teub,graph,,"[65536, 7168, 16384]",,,24.227839469909668,27.67602834701538,,,635.3502056170505,24227.839469909668,27676.028347015377,,,"{""nccl_environment"": {""NCCL_GRAPH_REGISTER"": ""1"", ""NCCL_IB_DISABLE"": ""1"", ""NCCL_LOCAL_REGISTER"": ""1""}, ""operator"": {""chunks"": 1, ""local_first"": false, ""math_sms"": 128, ""pack_block"": 512, ""pack_warps"": 4, ""push"": true, ""reverse"": false, ""schedule"": ""peer_gemm"", ""sms"": 4, ""streams"": 1, ""use_ce"": true}}","{""algo_id"": 66, ""cluster_shape"": 5, ""cta_swizzle"": 0, ""custom"": 7, ""inner_shape"": 0, ""reduction"": 0, ""returned"": 8, ""split_k"": 1, ""stages_id"": 35, ""tile_id"": 24, ""tune_ms"": 4.75055456161499, ""valid"": 8, ""waves"": 28.0, ""workspace_bytes"": 4}",full_v2/teub_formal_auto_cp4.json
gemm_a2a/artificial_large/s262144/cp8,artificial_large,262144,8,cublaslt_nccl,eager,,"[32768, 7168, 16384]",,,12.57209587097168,14.39622859954834,,,612.1955697301839,12572.09587097168,14396.22859954834,,,"{""nccl_environment"": {""NCCL_GRAPH_REGISTER"": ""1"", ""NCCL_IB_DISABLE"": ""1"", ""NCCL_LOCAL_REGISTER"": ""1""}, ""operator"": {""chunks"": 1, ""local_first"": false, ""math_sms"": 0, ""pack_block"": 1024, ""pack_warps"": 4, ""push"": true, ""reverse"": false, ""schedule"": ""full"", ""sms"": 0, ""streams"": 3, ""use_ce"": false}}","{""algo_id"": 66, ""cluster_shape"": 5, ""cta_swizzle"": 0, ""custom"": 6, ""inner_shape"": 0, ""reduction"": 0, ""returned"": 8, ""split_k"": 1, ""stages_id"": 35, ""tile_id"": 209, ""tune_ms"": 10.239439964294434, ""valid"": 8, ""waves"": 49.227272033691406, ""workspace_bytes"": 4}",full_v2/cublaslt_nccl_formal_auto_cp8.json
gemm_a2a/artificial_large/s262144/cp8,artificial_large,262144,8,cublaslt_nccl,graph,,"[32768, 7168, 16384]",,,12.543919563293457,12.803503799438477,,,613.5706910106518,12543.919563293457,12803.503799438477,,,"{""nccl_environment"": {""NCCL_GRAPH_REGISTER"": ""1"", ""NCCL_IB_DISABLE"": ""1"", ""NCCL_LOCAL_REGISTER"": ""1""}, ""operator"": {""chunks"": 1, ""local_first"": false, ""math_sms"": 0, ""pack_block"": 1024, ""pack_warps"": 4, ""push"": true, ""reverse"": false, ""schedule"": ""full"", ""sms"": 0, ""streams"": 3, ""use_ce"": false}}","{""algo_id"": 66, ""cluster_shape"": 5, ""cta_swizzle"": 0, ""custom"": 6, ""inner_shape"": 0, ""reduction"": 0, ""returned"": 8, ""split_k"": 1, ""stages_id"": 35, ""tile_id"": 209, ""tune_ms"": 10.239439964294434, ""valid"": 8, ""waves"": 49.227272033691406, ""workspace_bytes"": 4}",full_v2/cublaslt_nccl_formal_auto_cp8.json
gemm_a2a/artificial_large/s262144/cp8,artificial_large,262144,8,teub,eager,,"[32768, 7168, 16384]",,,12.807071685791016,13.126432085037232,,,600.9634039115342,12807.071685791016,13126.432085037231,,,"{""nccl_environment"": {""NCCL_GRAPH_REGISTER"": ""1"", ""NCCL_IB_DISABLE"": ""1"", ""NCCL_LOCAL_REGISTER"": ""1""}, ""operator"": {""chunks"": 1, ""local_first"": false, ""math_sms"": 128, ""pack_block"": 1024, ""pack_warps"": 4, ""push"": true, ""reverse"": false, ""schedule"": ""peer_gemm"", ""sms"": 4, ""streams"": 1, ""use_ce"": false}}","{""algo_id"": 66, ""cluster_shape"": 5, ""cta_swizzle"": 0, ""custom"": 3, ""inner_shape"": 0, ""reduction"": 0, ""returned"": 8, ""split_k"": 1, ""stages_id"": 35, ""tile_id"": 20, ""tune_ms"": 1.1746666431427002, ""valid"": 8, ""waves"": 14.0, ""workspace_bytes"": 4}",full_v2/teub_formal_auto_cp8.json
gemm_a2a/artificial_large/s262144/cp8,artificial_large,262144,8,teub,graph,,"[32768, 7168, 16384]",,,12.83628797531128,16.80371866226196,,,599.595569157941,12836.28797531128,16803.71866226196,,,"{""nccl_environment"": {""NCCL_GRAPH_REGISTER"": ""1"", ""NCCL_IB_DISABLE"": ""1"", ""NCCL_LOCAL_REGISTER"": ""1""}, ""operator"": {""chunks"": 1, ""local_first"": false, ""math_sms"": 128, ""pack_block"": 512, ""pack_warps"": 4, ""push"": true, ""reverse"": false, ""schedule"": ""peer_gemm"", ""sms"": 4, ""streams"": 1, ""use_ce"": true}}","{""algo_id"": 66, ""cluster_shape"": 5, ""cta_swizzle"": 0, ""custom"": 3, ""inner_shape"": 0, ""reduction"": 0, ""returned"": 8, ""split_k"": 1, ""stages_id"": 35, ""tile_id"": 20, ""tune_ms"": 1.1746666431427002, ""valid"": 8, ""waves"": 14.0, ""workspace_bytes"": 4}",full_v2/teub_formal_auto_cp8.json
gemm_a2a/artificial_large/s524288/cp4,artificial_large,524288,4,cublaslt_nccl,eager,,"[131072, 7168, 16384]",,,50.58415985107422,52.01386318206787,,,608.6159317139319,50584.15985107422,52013.86318206787,,,"{""nccl_environment"": {""NCCL_GRAPH_REGISTER"": ""1"", ""NCCL_IB_DISABLE"": ""1"", ""NCCL_LOCAL_REGISTER"": ""1""}, ""operator"": {""chunks"": 1, ""local_first"": false, ""math_sms"": 0, ""pack_block"": 1024, ""pack_warps"": 4, ""push"": true, ""reverse"": false, ""schedule"": ""full"", ""sms"": 0, ""streams"": 3, ""use_ce"": false}}","{""algo_id"": 66, ""cluster_shape"": 3, ""cta_swizzle"": 0, ""custom"": 4, ""inner_shape"": 0, ""reduction"": 0, ""returned"": 8, ""split_k"": 1, ""stages_id"": 35, ""tile_id"": 23, ""tune_ms"": 42.71479415893555, ""valid"": 8, ""waves"": 217.21212768554688, ""workspace_bytes"": 4}",full_v2/cublaslt_nccl_formal_auto_cp4.json
gemm_a2a/artificial_large/s524288/cp4,artificial_large,524288,4,cublaslt_nccl,graph,,"[131072, 7168, 16384]",,,50.674543380737305,52.61522731781006,,,607.5303993647957,50674.543380737305,52615.22731781006,,,"{""nccl_environment"": {""NCCL_GRAPH_REGISTER"": ""1"", ""NCCL_IB_DISABLE"": ""1"", ""NCCL_LOCAL_REGISTER"": ""1""}, ""operator"": {""chunks"": 1, ""local_first"": false, ""math_sms"": 0, ""pack_block"": 1024, ""pack_warps"": 4, ""push"": true, ""reverse"": false, ""schedule"": ""full"", ""sms"": 0, ""streams"": 3, ""use_ce"": false}}","{""algo_id"": 66, ""cluster_shape"": 3, ""cta_swizzle"": 0, ""custom"": 4, ""inner_shape"": 0, ""reduction"": 0, ""returned"": 8, ""split_k"": 1, ""stages_id"": 35, ""tile_id"": 23, ""tune_ms"": 42.71479415893555, ""valid"": 8, ""waves"": 217.21212768554688, ""workspace_bytes"": 4}",full_v2/cublaslt_nccl_formal_auto_cp4.json
gemm_a2a/artificial_large/s524288/cp4,artificial_large,524288,4,teub,eager,,"[131072, 7168, 16384]",,,49.367984771728516,53.66582202911376,,,623.6091207708838,49367.984771728516,53665.82202911376,,,"{""nccl_environment"": {""NCCL_GRAPH_REGISTER"": ""1"", ""NCCL_IB_DISABLE"": ""1"", ""NCCL_LOCAL_REGISTER"": ""1""}, ""operator"": {""chunks"": 1, ""local_first"": false, ""math_sms"": 128, ""pack_block"": 1024, ""pack_warps"": 4, ""push"": true, ""reverse"": false, ""schedule"": ""peer_gemm"", ""sms"": 4, ""streams"": 1, ""use_ce"": false}}","{""algo_id"": 66, ""cluster_shape"": 5, ""cta_swizzle"": 0, ""custom"": 7, ""inner_shape"": 0, ""reduction"": 0, ""returned"": 8, ""split_k"": 1, ""stages_id"": 35, ""tile_id"": 24, ""tune_ms"": 9.797755241394043, ""valid"": 8, ""waves"": 56.0, ""workspace_bytes"": 4}",full_v2/teub_formal_auto_cp4.json
gemm_a2a/artificial_large/s524288/cp4,artificial_large,524288,4,teub,graph,,"[131072, 7168, 16384]",,,50.0305290222168,51.44353885650635,,,615.3507903955378,50030.5290222168,51443.53885650635,,,"{""nccl_environment"": {""NCCL_GRAPH_REGISTER"": ""1"", ""NCCL_IB_DISABLE"": ""1"", ""NCCL_LOCAL_REGISTER"": ""1""}, ""operator"": {""chunks"": 1, ""local_first"": false, ""math_sms"": 128, ""pack_block"": 1024, ""pack_warps"": 4, ""push"": true, ""reverse"": false, ""schedule"": ""peer_gemm"", ""sms"": 4, ""streams"": 1, ""use_ce"": false}}","{""algo_id"": 66, ""cluster_shape"": 5, ""cta_swizzle"": 0, ""custom"": 7, ""inner_shape"": 0, ""reduction"": 0, ""returned"": 8, ""split_k"": 1, ""stages_id"": 35, ""tile_id"": 24, ""tune_ms"": 9.797755241394043, ""valid"": 8, ""waves"": 56.0, ""workspace_bytes"": 4}",full_v2/teub_formal_auto_cp4.json
gemm_a2a/artificial_large/s524288/cp8,artificial_large,524288,8,cublaslt_nccl,eager,,"[65536, 7168, 16384]",,,25.529536247253418,26.75570402145386,,,602.9550493899029,25529.536247253418,26755.704021453857,,,"{""nccl_environment"": {""NCCL_GRAPH_REGISTER"": ""1"", ""NCCL_IB_DISABLE"": ""1"", ""NCCL_LOCAL_REGISTER"": ""1""}, ""operator"": {""chunks"": 1, ""local_first"": false, ""math_sms"": 0, ""pack_block"": 1024, ""pack_warps"": 4, ""push"": true, ""reverse"": false, ""schedule"": ""full"", ""sms"": 0, ""streams"": 3, ""use_ce"": false}}","{""algo_id"": 66, ""cluster_shape"": 3, ""cta_swizzle"": 0, ""custom"": 4, ""inner_shape"": 0, ""reduction"": 0, ""returned"": 8, ""split_k"": 1, ""stages_id"": 35, ""tile_id"": 209, ""tune_ms"": 20.691925048828125, ""valid"": 8, ""waves"": 98.45454406738281, ""workspace_bytes"": 4}",full_v2/cublaslt_nccl_formal_auto_cp8.json
gemm_a2a/artificial_large/s524288/cp8,artificial_large,524288,8,cublaslt_nccl,graph,,"[65536, 7168, 16384]",,,25.26807975769043,29.06275196075439,,,609.1940082696246,25268.07975769043,29062.75196075439,,,"{""nccl_environment"": {""NCCL_GRAPH_REGISTER"": ""1"", ""NCCL_IB_DISABLE"": ""1"", ""NCCL_LOCAL_REGISTER"": ""1"", ""NCCL_MAX_P2P_NCHANNELS"": ""32"", ""NCCL_MIN_P2P_NCHANNELS"": ""32"", ""NCCL_P2P_LL_THRESHOLD"": ""65536"", ""NCCL_P2P_NVL_CHUNKSIZE"": ""524288""}, ""operator"": {""chunks"": 1, ""local_first"": false, ""math_sms"": 0, ""pack_block"": 1024, ""pack_warps"": 4, ""push"": true, ""reverse"": false, ""schedule"": ""full"", ""sms"": 0, ""streams"": 3, ""use_ce"": false}}","{""algo_id"": 66, ""cluster_shape"": 5, ""cta_swizzle"": 0, ""custom"": 7, ""inner_shape"": 0, ""reduction"": 0, ""returned"": 8, ""split_k"": 1, ""stages_id"": 35, ""tile_id"": 24, ""tune_ms"": 20.687414169311523, ""valid"": 8, ""waves"": 108.60606384277344, ""workspace_bytes"": 4}",full_v2/cublaslt_nccl_formal_ch32_chunk512_ll64_cp8.json
gemm_a2a/artificial_large/s524288/cp8,artificial_large,524288,8,teub,eager,,"[65536, 7168, 16384]",,,26.122127532958984,30.384482097625728,,,589.2767642850697,26122.127532958984,30384.48209762573,,,"{""nccl_environment"": {""NCCL_GRAPH_REGISTER"": ""1"", ""NCCL_IB_DISABLE"": ""1"", ""NCCL_LOCAL_REGISTER"": ""1""}, ""operator"": {""chunks"": 1, ""local_first"": false, ""math_sms"": 128, ""pack_block"": 512, ""pack_warps"": 4, ""push"": true, ""reverse"": false, ""schedule"": ""peer_gemm"", ""sms"": 4, ""streams"": 1, ""use_ce"": true}}","{""algo_id"": 66, ""cluster_shape"": 5, ""cta_swizzle"": 0, ""custom"": 6, ""inner_shape"": 0, ""reduction"": 0, ""returned"": 8, ""split_k"": 1, ""stages_id"": 35, ""tile_id"": 23, ""tune_ms"": 2.477381467819214, ""valid"": 8, ""waves"": 14.0, ""workspace_bytes"": 4}",full_v2/teub_formal_auto_cp8.json
gemm_a2a/artificial_large/s524288/cp8,artificial_large,524288,8,teub,graph,,"[65536, 7168, 16384]",,,26.388895988464355,27.772788715362548,,,583.3196961173734,26388.895988464355,27772.78871536255,,,"{""nccl_environment"": {""NCCL_GRAPH_REGISTER"": ""1"", ""NCCL_IB_DISABLE"": ""1"", ""NCCL_LOCAL_REGISTER"": ""1""}, ""operator"": {""chunks"": 1, ""local_first"": false, ""math_sms"": 128, ""pack_block"": 512, ""pack_warps"": 4, ""push"": true, ""reverse"": false, ""schedule"": ""peer_gemm"", ""sms"": 4, ""streams"": 1, ""use_ce"": true}}","{""algo_id"": 66, ""cluster_shape"": 5, ""cta_swizzle"": 0, ""custom"": 6, ""inner_shape"": 0, ""reduction"": 0, ""returned"": 8, ""split_k"": 1, ""stages_id"": 35, ""tile_id"": 23, ""tune_ms"": 2.477381467819214, ""valid"": 8, ""waves"": 14.0, ""workspace_bytes"": 4}",full_v2/teub_formal_auto_cp8.json
gemm_a2a/production_qwen_dense/s1024/cp4,production_qwen_dense,1024,4,cublaslt_nccl,eager,,"[256, 4096, 2048]",,,0.12761599570512772,0.2903392061591146,,,33.65539932724456,127.61599570512772,290.3392061591146,,,"{""nccl_environment"": {""NCCL_GRAPH_REGISTER"": ""1"", ""NCCL_IB_DISABLE"": ""1"", ""NCCL_LOCAL_REGISTER"": ""1""}, ""operator"": {""chunks"": 1, ""local_first"": false, ""math_sms"": 0, ""pack_block"": 1024, ""pack_warps"": 4, ""push"": true, ""reverse"": false, ""schedule"": ""full"", ""sms"": 0, ""streams"": 3, ""use_ce"": false}}","{""algo_id"": 66, ""cluster_shape"": 5, ""cta_swizzle"": 0, ""custom"": 3, ""inner_shape"": 0, ""reduction"": 0, ""returned"": 8, ""split_k"": 1, ""stages_id"": 35, ""tile_id"": 18, ""tune_ms"": 0.011018666438758373, ""valid"": 8, ""waves"": 0.9696969985961914, ""workspace_bytes"": 0}",full_v2/cublaslt_nccl_formal_auto_cp4.json
gemm_a2a/production_qwen_dense/s1024/cp4,production_qwen_dense,1024,4,cublaslt_nccl,graph,,"[256, 4096, 2048]",,,0.054816000163555145,0.05913119949400425,,,78.35243876213251,54.816000163555145,59.13119949400425,,,"{""nccl_environment"": {""NCCL_GRAPH_REGISTER"": ""1"", ""NCCL_IB_DISABLE"": ""1"", ""NCCL_LOCAL_REGISTER"": ""1"", ""NCCL_MAX_P2P_NCHANNELS"": ""24"", ""NCCL_MIN_P2P_NCHANNELS"": ""24"", ""NCCL_P2P_LL_THRESHOLD"": ""65536"", ""NCCL_P2P_NVL_CHUNKSIZE"": ""131072""}, ""operator"": {""chunks"": 1, ""local_first"": false, ""math_sms"": 0, ""pack_block"": 1024, ""pack_warps"": 4, ""push"": true, ""reverse"": false, ""schedule"": ""full"", ""sms"": 0, ""streams"": 3, ""use_ce"": false}}","{""algo_id"": 66, ""cluster_shape"": 5, ""cta_swizzle"": 0, ""custom"": 3, ""inner_shape"": 0, ""reduction"": 0, ""returned"": 8, ""split_k"": 1, ""stages_id"": 35, ""tile_id"": 18, ""tune_ms"": 0.01052266638725996, ""valid"": 8, ""waves"": 0.9696969985961914, ""workspace_bytes"": 0}",full_v2/cublaslt_nccl_formal_ch24_chunk128_ll64_cp4.json
gemm_a2a/production_qwen_dense/s1024/cp4,production_qwen_dense,1024,4,teub,eager,,"[256, 4096, 2048]",,,0.16014400124549866,0.1700688011944294,,,26.81940792409621,160.14400124549866,170.0688011944294,,,"{""nccl_environment"": {""NCCL_GRAPH_REGISTER"": ""1"", ""NCCL_IB_DISABLE"": ""1"", ""NCCL_LOCAL_REGISTER"": ""1""}, ""operator"": {""chunks"": 1, ""local_first"": false, ""math_sms"": 0, ""pack_block"": 1024, ""pack_warps"": 4, ""push"": true, ""reverse"": false, ""schedule"": ""full"", ""sms"": 8, ""streams"": 3, ""use_ce"": false}}","{""algo_id"": 66, ""cluster_shape"": 5, ""cta_swizzle"": 0, ""custom"": 3, ""inner_shape"": 0, ""reduction"": 0, ""returned"": 8, ""split_k"": 1, ""stages_id"": 35, ""tile_id"": 18, ""tune_ms"": 0.010181332938373089, ""valid"": 8, ""waves"": 0.9696969985961914, ""workspace_bytes"": 0}",full_v2/teub_formal_auto_cp4.json
gemm_a2a/production_qwen_dense/s1024/cp4,production_qwen_dense,1024,4,teub,graph,,"[256, 4096, 2048]",,,0.046112000942230225,0.05989920124411583,,,93.14207165680787,46.112000942230225,59.89920124411583,,,"{""nccl_environment"": {""NCCL_GRAPH_REGISTER"": ""1"", ""NCCL_IB_DISABLE"": ""1"", ""NCCL_LOCAL_REGISTER"": ""1""}, ""operator"": {""chunks"": 1, ""local_first"": false, ""math_sms"": 0, ""pack_block"": 1024, ""pack_warps"": 4, ""push"": true, ""reverse"": false, ""schedule"": ""full"", ""sms"": 16, ""streams"": 3, ""use_ce"": false}}","{""algo_id"": 66, ""cluster_shape"": 5, ""cta_swizzle"": 0, ""custom"": 3, ""inner_shape"": 0, ""reduction"": 0, ""returned"": 8, ""split_k"": 1, ""stages_id"": 35, ""tile_id"": 18, ""tune_ms"": 0.010181332938373089, ""valid"": 8, ""waves"": 0.9696969985961914, ""workspace_bytes"": 0}",full_v2/teub_formal_auto_cp4.json
gemm_a2a/production_qwen_dense/s1024/cp8,production_qwen_dense,1024,8,cublaslt_nccl,eager,,"[128, 4096, 2048]",,,0.1449119970202446,0.23239040225744248,,,14.819226096925506,144.9119970202446,232.39040225744247,,,"{""nccl_environment"": {""NCCL_GRAPH_REGISTER"": ""1"", ""NCCL_IB_DISABLE"": ""1"", ""NCCL_LOCAL_REGISTER"": ""1"", ""NCCL_MAX_P2P_NCHANNELS"": ""24"", ""NCCL_MIN_P2P_NCHANNELS"": ""24"", ""NCCL_P2P_LL_THRESHOLD"": ""65536"", ""NCCL_P2P_NVL_CHUNKSIZE"": ""131072""}, ""operator"": {""chunks"": 1, ""local_first"": false, ""math_sms"": 0, ""pack_block"": 1024, ""pack_warps"": 4, ""push"": true, ""reverse"": false, ""schedule"": ""full"", ""sms"": 0, ""streams"": 3, ""use_ce"": false}}","{""algo_id"": 66, ""cluster_shape"": 7, ""cta_swizzle"": 0, ""custom"": 0, ""inner_shape"": 0, ""reduction"": 0, ""returned"": 8, ""split_k"": 1, ""stages_id"": 35, ""tile_id"": 134, ""tune_ms"": 0.008688000030815601, ""valid"": 8, ""waves"": 0.7878788113594055, ""workspace_bytes"": 0}",full_v2/cublaslt_nccl_formal_ch24_chunk128_ll64_cp8.json
gemm_a2a/production_qwen_dense/s1024/cp8,production_qwen_dense,1024,8,cublaslt_nccl,graph,,"[128, 4096, 2048]",,,0.06526399776339531,0.2363471895456309,,,32.90456793323288,65.26399776339531,236.3471895456309,,,"{""nccl_environment"": {""NCCL_GRAPH_REGISTER"": ""1"", ""NCCL_IB_DISABLE"": ""1"", ""NCCL_LOCAL_REGISTER"": ""1""}, ""operator"": {""chunks"": 1, ""local_first"": false, ""math_sms"": 0, ""pack_block"": 1024, ""pack_warps"": 4, ""push"": true, ""reverse"": false, ""schedule"": ""full"", ""sms"": 0, ""streams"": 3, ""use_ce"": false}}","{""algo_id"": 66, ""cluster_shape"": 7, ""cta_swizzle"": 0, ""custom"": 0, ""inner_shape"": 0, ""reduction"": 0, ""returned"": 8, ""split_k"": 1, ""stages_id"": 35, ""tile_id"": 134, ""tune_ms"": 0.008997333236038685, ""valid"": 8, ""waves"": 0.7878788113594055, ""workspace_bytes"": 0}",full_v2/cublaslt_nccl_formal_auto_cp8.json
gemm_a2a/production_qwen_dense/s1024/cp8,production_qwen_dense,1024,8,teub,eager,,"[128, 4096, 2048]",,,0.22467200458049774,0.234391999989748,,,9.558305459595337,224.67200458049774,234.391999989748,,,"{""nccl_environment"": {""NCCL_GRAPH_REGISTER"": ""1"", ""NCCL_IB_DISABLE"": ""1"", ""NCCL_LOCAL_REGISTER"": ""1""}, ""operator"": {""chunks"": 1, ""local_first"": false, ""math_sms"": 0, ""pack_block"": 1024, ""pack_warps"": 4, ""push"": true, ""reverse"": false, ""schedule"": ""full"", ""sms"": 16, ""streams"": 3, ""use_ce"": false}}","{""algo_id"": 66, ""cluster_shape"": 7, ""cta_swizzle"": 0, ""custom"": 0, ""inner_shape"": 0, ""reduction"": 0, ""returned"": 8, ""split_k"": 1, ""stages_id"": 35, ""tile_id"": 134, ""tune_ms"": 0.008645333349704742, ""valid"": 8, ""waves"": 0.7878788113594055, ""workspace_bytes"": 0}",full_v2/teub_formal_auto_cp8.json
gemm_a2a/production_qwen_dense/s1024/cp8,production_qwen_dense,1024,8,teub,graph,,"[128, 4096, 2048]",,,0.05569600127637386,0.0750495996326208,,,38.557232095420794,55.69600127637386,75.0495996326208,,,"{""nccl_environment"": {""NCCL_GRAPH_REGISTER"": ""1"", ""NCCL_IB_DISABLE"": ""1"", ""NCCL_LOCAL_REGISTER"": ""1""}, ""operator"": {""chunks"": 1, ""local_first"": false, ""math_sms"": 0, ""pack_block"": 1024, ""pack_warps"": 4, ""push"": true, ""reverse"": false, ""schedule"": ""full"", ""sms"": 8, ""streams"": 3, ""use_ce"": false}}","{""algo_id"": 66, ""cluster_shape"": 7, ""cta_swizzle"": 0, ""custom"": 0, ""inner_shape"": 0, ""reduction"": 0, ""returned"": 8, ""split_k"": 1, ""stages_id"": 35, ""tile_id"": 134, ""tune_ms"": 0.008645333349704742, ""valid"": 8, ""waves"": 0.7878788113594055, ""workspace_bytes"": 0}",full_v2/teub_formal_auto_cp8.json
gemm_a2a/production_qwen_dense/s4096/cp4,production_qwen_dense,4096,4,cublaslt_nccl,eager,,"[1024, 4096, 2048]",,,0.1313759982585907,0.15134880021214486,,,130.76870517995553,131.3759982585907,151.34880021214485,,,"{""nccl_environment"": {""NCCL_GRAPH_REGISTER"": ""1"", ""NCCL_IB_DISABLE"": ""1"", ""NCCL_LOCAL_REGISTER"": ""1""}, ""operator"": {""chunks"": 1, ""local_first"": false, ""math_sms"": 0, ""pack_block"": 1024, ""pack_warps"": 4, ""push"": true, ""reverse"": false, ""schedule"": ""full"", ""sms"": 0, ""streams"": 3, ""use_ce"": false}}","{""algo_id"": 66, ""cluster_shape"": 3, ""cta_swizzle"": 0, ""custom"": 1, ""inner_shape"": 0, ""reduction"": 0, ""returned"": 8, ""split_k"": 1, ""stages_id"": 35, ""tile_id"": 20, ""tune_ms"": 0.025232000276446342, ""valid"": 8, ""waves"": 1.9393939971923828, ""workspace_bytes"": 0}",full_v2/cublaslt_nccl_formal_auto_cp4.json
gemm_a2a/production_qwen_dense/s4096/cp4,production_qwen_dense,4096,4,cublaslt_nccl,graph,,"[1024, 4096, 2048]",,,0.09564799815416336,0.10414399914443492,,,179.61556452347136,95.64799815416336,104.14399914443493,,,"{""nccl_environment"": {""NCCL_GRAPH_REGISTER"": ""1"", ""NCCL_IB_DISABLE"": ""1"", ""NCCL_LOCAL_REGISTER"": ""1""}, ""operator"": {""chunks"": 1, ""local_first"": false, ""math_sms"": 0, ""pack_block"": 1024, ""pack_warps"": 4, ""push"": true, ""reverse"": false, ""schedule"": ""full"", ""sms"": 0, ""streams"": 3, ""use_ce"": false}}","{""algo_id"": 66, ""cluster_shape"": 3, ""cta_swizzle"": 0, ""custom"": 1, ""inner_shape"": 0, ""reduction"": 0, ""returned"": 8, ""split_k"": 1, ""stages_id"": 35, ""tile_id"": 20, ""tune_ms"": 0.025232000276446342, ""valid"": 8, ""waves"": 1.9393939971923828, ""workspace_bytes"": 0}",full_v2/cublaslt_nccl_formal_auto_cp4.json
gemm_a2a/production_qwen_dense/s4096/cp4,production_qwen_dense,4096,4,teub,eager,,"[1024, 4096, 2048]",,,0.17068800330162048,0.18944159969687463,,,100.6507127137792,170.68800330162048,189.44159969687462,,,"{""nccl_environment"": {""NCCL_GRAPH_REGISTER"": ""1"", ""NCCL_IB_DISABLE"": ""1"", ""NCCL_LOCAL_REGISTER"": ""1""}, ""operator"": {""chunks"": 1, ""local_first"": false, ""math_sms"": 0, ""pack_block"": 1024, ""pack_warps"": 4, ""push"": true, ""reverse"": false, ""schedule"": ""full"", ""sms"": 4, ""streams"": 3, ""use_ce"": false}}","{""algo_id"": 66, ""cluster_shape"": 3, ""cta_swizzle"": 0, ""custom"": 1, ""inner_shape"": 0, ""reduction"": 0, ""returned"": 8, ""split_k"": 1, ""stages_id"": 35, ""tile_id"": 20, ""tune_ms"": 0.025178665295243263, ""valid"": 8, ""waves"": 1.9393939971923828, ""workspace_bytes"": 0}",full_v2/teub_formal_auto_cp4.json
gemm_a2a/production_qwen_dense/s4096/cp4,production_qwen_dense,4096,4,teub,graph,,"[1024, 4096, 2048]",,,0.09675199910998344,0.1052784003317356,,,177.56603834584,96.75199910998344,105.27840033173561,,,"{""nccl_environment"": {""NCCL_GRAPH_REGISTER"": ""1"", ""NCCL_IB_DISABLE"": ""1"", ""NCCL_LOCAL_REGISTER"": ""1""}, ""operator"": {""chunks"": 1, ""local_first"": false, ""math_sms"": 116, ""pack_block"": 1024, ""pack_warps"": 4, ""push"": true, ""reverse"": false, ""schedule"": ""peer_gemm"", ""sms"": 16, ""streams"": 1, ""use_ce"": false}}","{""algo_id"": 66, ""cluster_shape"": 9, ""cta_swizzle"": 0, ""custom"": 0, ""inner_shape"": 0, ""reduction"": 0, ""returned"": 8, ""split_k"": 1, ""stages_id"": 35, ""tile_id"": 135, ""tune_ms"": 0.011157333850860596, ""valid"": 8, ""waves"": 0.8965517282485962, ""workspace_bytes"": 0}",full_v2/teub_formal_auto_cp4.json
gemm_a2a/production_qwen_dense/s4096/cp8,production_qwen_dense,4096,8,cublaslt_nccl,eager,,"[512, 4096, 2048]",,,0.1454240009188652,0.17059199437499045,,,59.06820426975109,145.4240009188652,170.59199437499046,,,"{""nccl_environment"": {""NCCL_GRAPH_REGISTER"": ""1"", ""NCCL_IB_DISABLE"": ""1"", ""NCCL_LOCAL_REGISTER"": ""1""}, ""operator"": {""chunks"": 1, ""local_first"": false, ""math_sms"": 0, ""pack_block"": 1024, ""pack_warps"": 4, ""push"": true, ""reverse"": false, ""schedule"": ""full"", ""sms"": 0, ""streams"": 3, ""use_ce"": false}}","{""algo_id"": 66, ""cluster_shape"": 3, ""cta_swizzle"": 0, ""custom"": 1, ""inner_shape"": 0, ""reduction"": 0, ""returned"": 8, ""split_k"": 1, ""stages_id"": 35, ""tile_id"": 20, ""tune_ms"": 0.015312000177800655, ""valid"": 8, ""waves"": 0.9696969985961914, ""workspace_bytes"": 0}",full_v2/cublaslt_nccl_formal_auto_cp8.json
gemm_a2a/production_qwen_dense/s4096/cp8,production_qwen_dense,4096,8,cublaslt_nccl,graph,,"[512, 4096, 2048]",,,0.0928799994289875,0.1049919981509447,,,92.48422313533212,92.8799994289875,104.99199815094471,,,"{""nccl_environment"": {""NCCL_GRAPH_REGISTER"": ""1"", ""NCCL_IB_DISABLE"": ""1"", ""NCCL_LOCAL_REGISTER"": ""1""}, ""operator"": {""chunks"": 1, ""local_first"": false, ""math_sms"": 0, ""pack_block"": 1024, ""pack_warps"": 4, ""push"": true, ""reverse"": false, ""schedule"": ""full"", ""sms"": 0, ""streams"": 3, ""use_ce"": false}}","{""algo_id"": 66, ""cluster_shape"": 3, ""cta_swizzle"": 0, ""custom"": 1, ""inner_shape"": 0, ""reduction"": 0, ""returned"": 8, ""split_k"": 1, ""stages_id"": 35, ""tile_id"": 20, ""tune_ms"": 0.015312000177800655, ""valid"": 8, ""waves"": 0.9696969985961914, ""workspace_bytes"": 0}",full_v2/cublaslt_nccl_formal_auto_cp8.json
gemm_a2a/production_qwen_dense/s4096/cp8,production_qwen_dense,4096,8,teub,eager,,"[512, 4096, 2048]",,,0.2311680018901825,0.40252959579229347,,,37.158839120306496,231.1680018901825,402.5295957922935,,,"{""nccl_environment"": {""NCCL_GRAPH_REGISTER"": ""1"", ""NCCL_IB_DISABLE"": ""1"", ""NCCL_LOCAL_REGISTER"": ""1""}, ""operator"": {""chunks"": 1, ""local_first"": false, ""math_sms"": 0, ""pack_block"": 1024, ""pack_warps"": 4, ""push"": true, ""reverse"": false, ""schedule"": ""full"", ""sms"": 8, ""streams"": 3, ""use_ce"": false}}","{""algo_id"": 66, ""cluster_shape"": 5, ""cta_swizzle"": 0, ""custom"": 3, ""inner_shape"": 0, ""reduction"": 0, ""returned"": 8, ""split_k"": 1, ""stages_id"": 35, ""tile_id"": 21, ""tune_ms"": 0.015333333052694798, ""valid"": 8, ""waves"": 0.9696969985961914, ""workspace_bytes"": 0}",full_v2/teub_formal_auto_cp8.json
gemm_a2a/production_qwen_dense/s4096/cp8,production_qwen_dense,4096,8,teub,graph,,"[512, 4096, 2048]",,,0.0880960002541542,0.09644640013575553,,,97.50652205796298,88.0960002541542,96.44640013575554,,,"{""nccl_environment"": {""NCCL_GRAPH_REGISTER"": ""1"", ""NCCL_IB_DISABLE"": ""1"", ""NCCL_LOCAL_REGISTER"": ""1""}, ""operator"": {""chunks"": 1, ""local_first"": false, ""math_sms"": 0, ""pack_block"": 1024, ""pack_warps"": 4, ""push"": true, ""reverse"": false, ""schedule"": ""full"", ""sms"": 4, ""streams"": 3, ""use_ce"": false}}","{""algo_id"": 66, ""cluster_shape"": 5, ""cta_swizzle"": 0, ""custom"": 3, ""inner_shape"": 0, ""reduction"": 0, ""returned"": 8, ""split_k"": 1, ""stages_id"": 35, ""tile_id"": 21, ""tune_ms"": 0.015333333052694798, ""valid"": 8, ""waves"": 0.9696969985961914, ""workspace_bytes"": 0}",full_v2/teub_formal_auto_cp8.json
gemm_a2a/production_qwen_dense/s16384/cp4,production_qwen_dense,16384,4,cublaslt_nccl,eager,,"[4096, 4096, 2048]",,,0.2691039890050888,0.2831087976694107,,,255.36402113571233,269.1039890050888,283.1087976694107,,,"{""nccl_environment"": {""NCCL_GRAPH_REGISTER"": ""1"", ""NCCL_IB_DISABLE"": ""1"", ""NCCL_LOCAL_REGISTER"": ""1"", ""NCCL_MAX_P2P_NCHANNELS"": ""24"", ""NCCL_MIN_P2P_NCHANNELS"": ""24"", ""NCCL_P2P_LL_THRESHOLD"": ""65536"", ""NCCL_P2P_NVL_CHUNKSIZE"": ""131072""}, ""operator"": {""chunks"": 1, ""local_first"": false, ""math_sms"": 0, ""pack_block"": 1024, ""pack_warps"": 4, ""push"": true, ""reverse"": false, ""schedule"": ""full"", ""sms"": 0, ""streams"": 3, ""use_ce"": false}}","{""algo_id"": 66, ""cluster_shape"": 3, ""cta_swizzle"": 0, ""custom"": 1, ""inner_shape"": 0, ""reduction"": 0, ""returned"": 8, ""split_k"": 1, ""stages_id"": 35, ""tile_id"": 20, ""tune_ms"": 0.08849066495895386, ""valid"": 8, ""waves"": 7.757575988769531, ""workspace_bytes"": 4}",full_v2/cublaslt_nccl_formal_ch24_chunk128_ll64_cp4.json
gemm_a2a/production_qwen_dense/s16384/cp4,production_qwen_dense,16384,4,cublaslt_nccl,graph,,"[4096, 4096, 2048]",,,0.24438399821519852,0.25089600309729576,,,281.19466592688826,244.38399821519852,250.89600309729576,,,"{""nccl_environment"": {""NCCL_GRAPH_REGISTER"": ""1"", ""NCCL_IB_DISABLE"": ""1"", ""NCCL_LOCAL_REGISTER"": ""1"", ""NCCL_MAX_P2P_NCHANNELS"": ""24"", ""NCCL_MIN_P2P_NCHANNELS"": ""24"", ""NCCL_P2P_LL_THRESHOLD"": ""65536"", ""NCCL_P2P_NVL_CHUNKSIZE"": ""131072""}, ""operator"": {""chunks"": 1, ""local_first"": false, ""math_sms"": 0, ""pack_block"": 1024, ""pack_warps"": 4, ""push"": true, ""reverse"": false, ""schedule"": ""full"", ""sms"": 0, ""streams"": 3, ""use_ce"": false}}","{""algo_id"": 66, ""cluster_shape"": 3, ""cta_swizzle"": 0, ""custom"": 1, ""inner_shape"": 0, ""reduction"": 0, ""returned"": 8, ""split_k"": 1, ""stages_id"": 35, ""tile_id"": 20, ""tune_ms"": 0.08849066495895386, ""valid"": 8, ""waves"": 7.757575988769531, ""workspace_bytes"": 4}",full_v2/cublaslt_nccl_formal_ch24_chunk128_ll64_cp4.json
gemm_a2a/production_qwen_dense/s16384/cp4,production_qwen_dense,16384,4,teub,eager,,"[4096, 4096, 2048]",,,0.25782400369644165,0.30887839496135705,,,266.5363804407806,257.82400369644165,308.87839496135706,,,"{""nccl_environment"": {""NCCL_GRAPH_REGISTER"": ""1"", ""NCCL_IB_DISABLE"": ""1"", ""NCCL_LOCAL_REGISTER"": ""1""}, ""operator"": {""chunks"": 1, ""local_first"": false, ""math_sms"": 124, ""pack_block"": 1024, ""pack_warps"": 4, ""push"": true, ""reverse"": false, ""schedule"": ""peer_gemm"", ""sms"": 8, ""streams"": 1, ""use_ce"": false}}","{""algo_id"": 66, ""cluster_shape"": 7, ""cta_swizzle"": 0, ""custom"": 3, ""inner_shape"": 0, ""reduction"": 0, ""returned"": 8, ""split_k"": 1, ""stages_id"": 35, ""tile_id"": 29, ""tune_ms"": 0.02966933511197567, ""valid"": 8, ""waves"": 1.6774193048477173, ""workspace_bytes"": 0}",full_v2/teub_formal_auto_cp4.json
gemm_a2a/production_qwen_dense/s16384/cp4,production_qwen_dense,16384,4,teub,graph,,"[4096, 4096, 2048]",,,0.2258239984512329,0.24638560190796852,,,304.3054644647969,225.8239984512329,246.38560190796852,,,"{""nccl_environment"": {""NCCL_GRAPH_REGISTER"": ""1"", ""NCCL_IB_DISABLE"": ""1"", ""NCCL_LOCAL_REGISTER"": ""1""}, ""operator"": {""chunks"": 1, ""local_first"": false, ""math_sms"": 124, ""pack_block"": 1024, ""pack_warps"": 4, ""push"": true, ""reverse"": false, ""schedule"": ""peer_gemm"", ""sms"": 8, ""streams"": 1, ""use_ce"": false}}","{""algo_id"": 66, ""cluster_shape"": 7, ""cta_swizzle"": 0, ""custom"": 3, ""inner_shape"": 0, ""reduction"": 0, ""returned"": 8, ""split_k"": 1, ""stages_id"": 35, ""tile_id"": 29, ""tune_ms"": 0.02966933511197567, ""valid"": 8, ""waves"": 1.6774193048477173, ""workspace_bytes"": 0}",full_v2/teub_formal_auto_cp4.json
gemm_a2a/production_qwen_dense/s16384/cp8,production_qwen_dense,16384,8,cublaslt_nccl,eager,,"[2048, 4096, 2048]",,,0.21145600080490112,0.23357919976115227,,,162.49119550738996,211.45600080490112,233.57919976115227,,,"{""nccl_environment"": {""NCCL_GRAPH_REGISTER"": ""1"", ""NCCL_IB_DISABLE"": ""1"", ""NCCL_LOCAL_REGISTER"": ""1""}, ""operator"": {""chunks"": 1, ""local_first"": false, ""math_sms"": 0, ""pack_block"": 1024, ""pack_warps"": 4, ""push"": true, ""reverse"": false, ""schedule"": ""full"", ""sms"": 0, ""streams"": 3, ""use_ce"": false}}","{""algo_id"": 66, ""cluster_shape"": 3, ""cta_swizzle"": 0, ""custom"": 4, ""inner_shape"": 0, ""reduction"": 0, ""returned"": 8, ""split_k"": 1, ""stages_id"": 35, ""tile_id"": 23, ""tune_ms"": 0.04646933451294899, ""valid"": 8, ""waves"": 1.9393939971923828, ""workspace_bytes"": 0}",full_v2/cublaslt_nccl_formal_auto_cp8.json
gemm_a2a/production_qwen_dense/s16384/cp8,production_qwen_dense,16384,8,cublaslt_nccl,graph,,"[2048, 4096, 2048]",,,0.18454399704933167,0.19329280331730841,,,186.1872448704743,184.54399704933167,193.29280331730843,,,"{""nccl_environment"": {""NCCL_GRAPH_REGISTER"": ""1"", ""NCCL_IB_DISABLE"": ""1"", ""NCCL_LOCAL_REGISTER"": ""1""}, ""operator"": {""chunks"": 1, ""local_first"": false, ""math_sms"": 0, ""pack_block"": 1024, ""pack_warps"": 4, ""push"": true, ""reverse"": false, ""schedule"": ""full"", ""sms"": 0, ""streams"": 3, ""use_ce"": false}}","{""algo_id"": 66, ""cluster_shape"": 3, ""cta_swizzle"": 0, ""custom"": 4, ""inner_shape"": 0, ""reduction"": 0, ""returned"": 8, ""split_k"": 1, ""stages_id"": 35, ""tile_id"": 23, ""tune_ms"": 0.04646933451294899, ""valid"": 8, ""waves"": 1.9393939971923828, ""workspace_bytes"": 0}",full_v2/cublaslt_nccl_formal_auto_cp8.json
gemm_a2a/production_qwen_dense/s16384/cp8,production_qwen_dense,16384,8,teub,eager,,"[2048, 4096, 2048]",,,0.27323199808597565,0.5701392129063602,,,125.75298138100321,273.23199808597565,570.1392129063602,,,"{""nccl_environment"": {""NCCL_GRAPH_REGISTER"": ""1"", ""NCCL_IB_DISABLE"": ""1"", ""NCCL_LOCAL_REGISTER"": ""1""}, ""operator"": {""chunks"": 1, ""local_first"": false, ""math_sms"": 0, ""pack_block"": 1024, ""pack_warps"": 4, ""push"": true, ""reverse"": false, ""schedule"": ""full"", ""sms"": 8, ""streams"": 3, ""use_ce"": false}}","{""algo_id"": 66, ""cluster_shape"": 3, ""cta_swizzle"": 0, ""custom"": 4, ""inner_shape"": 0, ""reduction"": 0, ""returned"": 8, ""split_k"": 1, ""stages_id"": 35, ""tile_id"": 23, ""tune_ms"": 0.046458665281534195, ""valid"": 8, ""waves"": 1.9393939971923828, ""workspace_bytes"": 0}",full_v2/teub_formal_auto_cp8.json
gemm_a2a/production_qwen_dense/s16384/cp8,production_qwen_dense,16384,8,teub,graph,,"[2048, 4096, 2048]",,,0.18185600638389587,0.19520160034298897,,,188.93925502502788,181.85600638389587,195.20160034298897,,,"{""nccl_environment"": {""NCCL_GRAPH_REGISTER"": ""1"", ""NCCL_IB_DISABLE"": ""1"", ""NCCL_LOCAL_REGISTER"": ""1""}, ""operator"": {""chunks"": 1, ""local_first"": false, ""math_sms"": 124, ""pack_block"": 512, ""pack_warps"": 4, ""push"": true, ""reverse"": false, ""schedule"": ""peer_gemm"", ""sms"": 8, ""streams"": 3, ""use_ce"": false}}","{""algo_id"": 66, ""cluster_shape"": 9, ""cta_swizzle"": 0, ""custom"": 3, ""inner_shape"": 0, ""reduction"": 0, ""returned"": 8, ""split_k"": 1, ""stages_id"": 35, ""tile_id"": 400, ""tune_ms"": 0.011312000453472137, ""valid"": 8, ""waves"": 0.8387096524238586, ""workspace_bytes"": 0}",full_v2/teub_formal_auto_cp8.json
gemm_a2a/production_qwen_dense/s131072/cp4,production_qwen_dense,131072,4,cublaslt_nccl,eager,,"[32768, 4096, 2048]",,,1.6370079517364502,1.6651552021503448,,,335.8296539151496,1637.0079517364502,1665.1552021503448,,,"{""nccl_environment"": {""NCCL_GRAPH_REGISTER"": ""1"", ""NCCL_IB_DISABLE"": ""1"", ""NCCL_LOCAL_REGISTER"": ""1"", ""NCCL_MAX_P2P_NCHANNELS"": ""24"", ""NCCL_MIN_P2P_NCHANNELS"": ""24"", ""NCCL_P2P_LL_THRESHOLD"": ""65536"", ""NCCL_P2P_NVL_CHUNKSIZE"": ""131072""}, ""operator"": {""chunks"": 1, ""local_first"": false, ""math_sms"": 0, ""pack_block"": 1024, ""pack_warps"": 4, ""push"": true, ""reverse"": false, ""schedule"": ""full"", ""sms"": 0, ""streams"": 3, ""use_ce"": false}}","{""algo_id"": 66, ""cluster_shape"": 3, ""cta_swizzle"": 0, ""custom"": 1, ""inner_shape"": 0, ""reduction"": 0, ""returned"": 8, ""split_k"": 1, ""stages_id"": 35, ""tile_id"": 29, ""tune_ms"": 0.657759964466095, ""valid"": 8, ""waves"": 49.69696807861328, ""workspace_bytes"": 4}",full_v2/cublaslt_nccl_formal_ch24_chunk128_ll64_cp4.json
gemm_a2a/production_qwen_dense/s131072/cp4,production_qwen_dense,131072,4,cublaslt_nccl,graph,,"[32768, 4096, 2048]",,,1.5735040307044983,1.5883327901363373,,,349.3831621402712,1573.5040307044983,1588.3327901363373,,,"{""nccl_environment"": {""NCCL_GRAPH_REGISTER"": ""1"", ""NCCL_IB_DISABLE"": ""1"", ""NCCL_LOCAL_REGISTER"": ""1"", ""NCCL_MAX_P2P_NCHANNELS"": ""24"", ""NCCL_MIN_P2P_NCHANNELS"": ""24"", ""NCCL_P2P_LL_THRESHOLD"": ""65536"", ""NCCL_P2P_NVL_CHUNKSIZE"": ""131072""}, ""operator"": {""chunks"": 1, ""local_first"": false, ""math_sms"": 0, ""pack_block"": 1024, ""pack_warps"": 4, ""push"": true, ""reverse"": false, ""schedule"": ""full"", ""sms"": 0, ""streams"": 3, ""use_ce"": false}}","{""algo_id"": 66, ""cluster_shape"": 3, ""cta_swizzle"": 0, ""custom"": 1, ""inner_shape"": 0, ""reduction"": 0, ""returned"": 8, ""split_k"": 1, ""stages_id"": 35, ""tile_id"": 29, ""tune_ms"": 0.657759964466095, ""valid"": 8, ""waves"": 49.69696807861328, ""workspace_bytes"": 4}",full_v2/cublaslt_nccl_formal_ch24_chunk128_ll64_cp4.json
gemm_a2a/production_qwen_dense/s131072/cp4,production_qwen_dense,131072,4,teub,eager,,"[32768, 4096, 2048]",,,1.3708000183105469,1.3893887639045714,,,401.04742234067874,1370.8000183105469,1389.3887639045715,,,"{""nccl_environment"": {""NCCL_GRAPH_REGISTER"": ""1"", ""NCCL_IB_DISABLE"": ""1"", ""NCCL_LOCAL_REGISTER"": ""1""}, ""operator"": {""chunks"": 1, ""local_first"": false, ""math_sms"": 116, ""pack_block"": 512, ""pack_warps"": 4, ""push"": true, ""reverse"": false, ""schedule"": ""peer_gemm"", ""sms"": 16, ""streams"": 1, ""use_ce"": true}}","{""algo_id"": 66, ""cluster_shape"": 9, ""cta_swizzle"": 0, ""custom"": 1, ""inner_shape"": 0, ""reduction"": 0, ""returned"": 8, ""split_k"": 1, ""stages_id"": 35, ""tile_id"": 29, ""tune_ms"": 0.1855146735906601, ""valid"": 8, ""waves"": 14.137930870056152, ""workspace_bytes"": 4}",full_v2/teub_formal_auto_cp4.json
gemm_a2a/production_qwen_dense/s131072/cp4,production_qwen_dense,131072,4,teub,graph,,"[32768, 4096, 2048]",,,1.3652480244636536,1.3718528032302857,,,402.67834418143553,1365.2480244636536,1371.8528032302856,,,"{""nccl_environment"": {""NCCL_GRAPH_REGISTER"": ""1"", ""NCCL_IB_DISABLE"": ""1"", ""NCCL_LOCAL_REGISTER"": ""1""}, ""operator"": {""chunks"": 1, ""local_first"": false, ""math_sms"": 116, ""pack_block"": 512, ""pack_warps"": 4, ""push"": true, ""reverse"": false, ""schedule"": ""peer_gemm"", ""sms"": 16, ""streams"": 1, ""use_ce"": true}}","{""algo_id"": 66, ""cluster_shape"": 9, ""cta_swizzle"": 0, ""custom"": 1, ""inner_shape"": 0, ""reduction"": 0, ""returned"": 8, ""split_k"": 1, ""stages_id"": 35, ""tile_id"": 29, ""tune_ms"": 0.1855146735906601, ""valid"": 8, ""waves"": 14.137930870056152, ""workspace_bytes"": 4}",full_v2/teub_formal_auto_cp4.json
gemm_a2a/production_qwen_dense/s131072/cp8,production_qwen_dense,131072,8,cublaslt_nccl,eager,,"[16384, 4096, 2048]",,,0.9685280025005341,1.0664927899837493,,,283.8099737274746,968.5280025005341,1066.4927899837494,,,"{""nccl_environment"": {""NCCL_GRAPH_REGISTER"": ""1"", ""NCCL_IB_DISABLE"": ""1"", ""NCCL_LOCAL_REGISTER"": ""1"", ""NCCL_MAX_P2P_NCHANNELS"": ""24"", ""NCCL_MIN_P2P_NCHANNELS"": ""24"", ""NCCL_P2P_LL_THRESHOLD"": ""65536"", ""NCCL_P2P_NVL_CHUNKSIZE"": ""131072""}, ""operator"": {""chunks"": 1, ""local_first"": false, ""math_sms"": 0, ""pack_block"": 1024, ""pack_warps"": 4, ""push"": true, ""reverse"": false, ""schedule"": ""full"", ""sms"": 0, ""streams"": 3, ""use_ce"": false}}","{""algo_id"": 66, ""cluster_shape"": 3, ""cta_swizzle"": 0, ""custom"": 1, ""inner_shape"": 0, ""reduction"": 0, ""returned"": 8, ""split_k"": 1, ""stages_id"": 35, ""tile_id"": 29, ""tune_ms"": 0.3319786489009857, ""valid"": 8, ""waves"": 24.969696044921875, ""workspace_bytes"": 4}",full_v2/cublaslt_nccl_formal_ch24_chunk128_ll64_cp8.json
gemm_a2a/production_qwen_dense/s131072/cp8,production_qwen_dense,131072,8,cublaslt_nccl,graph,,"[16384, 4096, 2048]",,,0.9432480037212372,0.9561088234186172,,,291.4163675508144,943.2480037212372,956.1088234186172,,,"{""nccl_environment"": {""NCCL_GRAPH_REGISTER"": ""1"", ""NCCL_IB_DISABLE"": ""1"", ""NCCL_LOCAL_REGISTER"": ""1"", ""NCCL_MAX_P2P_NCHANNELS"": ""24"", ""NCCL_MIN_P2P_NCHANNELS"": ""24"", ""NCCL_P2P_LL_THRESHOLD"": ""65536"", ""NCCL_P2P_NVL_CHUNKSIZE"": ""131072""}, ""operator"": {""chunks"": 1, ""local_first"": false, ""math_sms"": 0, ""pack_block"": 1024, ""pack_warps"": 4, ""push"": true, ""reverse"": false, ""schedule"": ""full"", ""sms"": 0, ""streams"": 3, ""use_ce"": false}}","{""algo_id"": 66, ""cluster_shape"": 3, ""cta_swizzle"": 0, ""custom"": 1, ""inner_shape"": 0, ""reduction"": 0, ""returned"": 8, ""split_k"": 1, ""stages_id"": 35, ""tile_id"": 29, ""tune_ms"": 0.3319786489009857, ""valid"": 8, ""waves"": 24.969696044921875, ""workspace_bytes"": 4}",full_v2/cublaslt_nccl_formal_ch24_chunk128_ll64_cp8.json
gemm_a2a/production_qwen_dense/s131072/cp8,production_qwen_dense,131072,8,teub,eager,,"[16384, 4096, 2048]",,,0.9686560034751892,1.1346639931201934,,,283.7724702658498,968.6560034751892,1134.6639931201935,,,"{""nccl_environment"": {""NCCL_GRAPH_REGISTER"": ""1"", ""NCCL_IB_DISABLE"": ""1"", ""NCCL_LOCAL_REGISTER"": ""1""}, ""operator"": {""chunks"": 1, ""local_first"": false, ""math_sms"": 120, ""pack_block"": 512, ""pack_warps"": 4, ""push"": true, ""reverse"": false, ""schedule"": ""peer_gemm"", ""sms"": 12, ""streams"": 1, ""use_ce"": true}}","{""algo_id"": 66, ""cluster_shape"": 9, ""cta_swizzle"": 0, ""custom"": 1, ""inner_shape"": 0, ""reduction"": 0, ""returned"": 8, ""split_k"": 1, ""stages_id"": 35, ""tile_id"": 400, ""tune_ms"": 0.05299200117588043, ""valid"": 8, ""waves"": 6.833333492279053, ""workspace_bytes"": 4}",full_v2/teub_formal_auto_cp8.json
gemm_a2a/production_qwen_dense/s131072/cp8,production_qwen_dense,131072,8,teub,graph,,"[16384, 4096, 2048]",,,0.9331679940223694,0.9959072053432465,,,294.5642249892797,933.1679940223694,995.9072053432465,,,"{""nccl_environment"": {""NCCL_GRAPH_REGISTER"": ""1"", ""NCCL_IB_DISABLE"": ""1"", ""NCCL_LOCAL_REGISTER"": ""1""}, ""operator"": {""chunks"": 1, ""local_first"": false, ""math_sms"": 120, ""pack_block"": 512, ""pack_warps"": 4, ""push"": true, ""reverse"": false, ""schedule"": ""peer_gemm"", ""sms"": 12, ""streams"": 1, ""use_ce"": true}}","{""algo_id"": 66, ""cluster_shape"": 9, ""cta_swizzle"": 0, ""custom"": 1, ""inner_shape"": 0, ""reduction"": 0, ""returned"": 8, ""split_k"": 1, ""stages_id"": 35, ""tile_id"": 400, ""tune_ms"": 0.05299200117588043, ""valid"": 8, ""waves"": 6.833333492279053, ""workspace_bytes"": 4}",full_v2/teub_formal_auto_cp8.json
gemm_a2a/production_qwen_dense/s262144/cp4,production_qwen_dense,262144,4,cublaslt_nccl,eager,,"[65536, 4096, 2048]",,,3.1584160327911377,3.2730703592300414,,,348.12121530561814,3158.4160327911377,3273.0703592300415,,,"{""nccl_environment"": {""NCCL_GRAPH_REGISTER"": ""1"", ""NCCL_IB_DISABLE"": ""1"", ""NCCL_LOCAL_REGISTER"": ""1"", ""NCCL_MAX_P2P_NCHANNELS"": ""24"", ""NCCL_MIN_P2P_NCHANNELS"": ""24"", ""NCCL_P2P_LL_THRESHOLD"": ""65536"", ""NCCL_P2P_NVL_CHUNKSIZE"": ""131072""}, ""operator"": {""chunks"": 1, ""local_first"": false, ""math_sms"": 0, ""pack_block"": 1024, ""pack_warps"": 4, ""push"": true, ""reverse"": false, ""schedule"": ""full"", ""sms"": 0, ""streams"": 3, ""use_ce"": false}}","{""algo_id"": 66, ""cluster_shape"": 3, ""cta_swizzle"": 0, ""custom"": 4, ""inner_shape"": 0, ""reduction"": 0, ""returned"": 8, ""split_k"": 1, ""stages_id"": 35, ""tile_id"": 209, ""tune_ms"": 1.366341233253479, ""valid"": 8, ""waves"": 57.0, ""workspace_bytes"": 4}",full_v2/cublaslt_nccl_formal_ch24_chunk128_ll64_cp4.json
gemm_a2a/production_qwen_dense/s262144/cp4,production_qwen_dense,262144,4,cublaslt_nccl,graph,,"[65536, 4096, 2048]",,,3.121232032775879,3.1878416180610656,,,352.26846842211387,3121.232032775879,3187.8416180610657,,,"{""nccl_environment"": {""NCCL_GRAPH_REGISTER"": ""1"", ""NCCL_IB_DISABLE"": ""1"", ""NCCL_LOCAL_REGISTER"": ""1"", ""NCCL_MAX_P2P_NCHANNELS"": ""24"", ""NCCL_MIN_P2P_NCHANNELS"": ""24"", ""NCCL_P2P_LL_THRESHOLD"": ""65536"", ""NCCL_P2P_NVL_CHUNKSIZE"": ""131072""}, ""operator"": {""chunks"": 1, ""local_first"": false, ""math_sms"": 0, ""pack_block"": 1024, ""pack_warps"": 4, ""push"": true, ""reverse"": false, ""schedule"": ""full"", ""sms"": 0, ""streams"": 3, ""use_ce"": false}}","{""algo_id"": 66, ""cluster_shape"": 3, ""cta_swizzle"": 0, ""custom"": 4, ""inner_shape"": 0, ""reduction"": 0, ""returned"": 8, ""split_k"": 1, ""stages_id"": 35, ""tile_id"": 209, ""tune_ms"": 1.366341233253479, ""valid"": 8, ""waves"": 57.0, ""workspace_bytes"": 4}",full_v2/cublaslt_nccl_formal_ch24_chunk128_ll64_cp4.json
gemm_a2a/production_qwen_dense/s262144/cp4,production_qwen_dense,262144,4,teub,eager,,"[65536, 4096, 2048]",,,2.63100802898407,2.6926144480705263,,,417.9050826388251,2631.00802898407,2692.614448070526,,,"{""nccl_environment"": {""NCCL_GRAPH_REGISTER"": ""1"", ""NCCL_IB_DISABLE"": ""1"", ""NCCL_LOCAL_REGISTER"": ""1""}, ""operator"": {""chunks"": 1, ""local_first"": false, ""math_sms"": 120, ""pack_block"": 512, ""pack_warps"": 4, ""push"": true, ""reverse"": false, ""schedule"": ""peer_gemm"", ""sms"": 12, ""streams"": 1, ""use_ce"": true}}","{""algo_id"": 66, ""cluster_shape"": 9, ""cta_swizzle"": 0, ""custom"": 0, ""inner_shape"": 0, ""reduction"": 0, ""returned"": 8, ""split_k"": 1, ""stages_id"": 35, ""tile_id"": 201, ""tune_ms"": 0.34537601470947266, ""valid"": 8, ""waves"": 25.600000381469727, ""workspace_bytes"": 4}",full_v2/teub_formal_auto_cp4.json
gemm_a2a/production_qwen_dense/s262144/cp4,production_qwen_dense,262144,4,teub,graph,,"[65536, 4096, 2048]",,,2.6403039693832397,2.69356164932251,,,416.4337290425086,2640.3039693832397,2693.5616493225098,,,"{""nccl_environment"": {""NCCL_GRAPH_REGISTER"": ""1"", ""NCCL_IB_DISABLE"": ""1"", ""NCCL_LOCAL_REGISTER"": ""1""}, ""operator"": {""chunks"": 1, ""local_first"": false, ""math_sms"": 120, ""pack_block"": 512, ""pack_warps"": 4, ""push"": true, ""reverse"": false, ""schedule"": ""peer_gemm"", ""sms"": 12, ""streams"": 1, ""use_ce"": true}}","{""algo_id"": 66, ""cluster_shape"": 9, ""cta_swizzle"": 0, ""custom"": 0, ""inner_shape"": 0, ""reduction"": 0, ""returned"": 8, ""split_k"": 1, ""stages_id"": 35, ""tile_id"": 201, ""tune_ms"": 0.34537601470947266, ""valid"": 8, ""waves"": 25.600000381469727, ""workspace_bytes"": 4}",full_v2/teub_formal_auto_cp4.json
gemm_a2a/production_qwen_dense/s262144/cp8,production_qwen_dense,262144,8,cublaslt_nccl,eager,,"[32768, 4096, 2048]",,,1.8480479717254639,1.864356815814972,,,297.47919009629953,1848.0479717254639,1864.356815814972,,,"{""nccl_environment"": {""NCCL_GRAPH_REGISTER"": ""1"", ""NCCL_IB_DISABLE"": ""1"", ""NCCL_LOCAL_REGISTER"": ""1"", ""NCCL_MAX_P2P_NCHANNELS"": ""24"", ""NCCL_MIN_P2P_NCHANNELS"": ""24"", ""NCCL_P2P_LL_THRESHOLD"": ""65536"", ""NCCL_P2P_NVL_CHUNKSIZE"": ""131072""}, ""operator"": {""chunks"": 1, ""local_first"": false, ""math_sms"": 0, ""pack_block"": 1024, ""pack_warps"": 4, ""push"": true, ""reverse"": false, ""schedule"": ""full"", ""sms"": 0, ""streams"": 3, ""use_ce"": false}}","{""algo_id"": 66, ""cluster_shape"": 3, ""cta_swizzle"": 0, ""custom"": 1, ""inner_shape"": 0, ""reduction"": 0, ""returned"": 8, ""split_k"": 1, ""stages_id"": 35, ""tile_id"": 29, ""tune_ms"": 0.6571146845817566, ""valid"": 8, ""waves"": 49.69696807861328, ""workspace_bytes"": 4}",full_v2/cublaslt_nccl_formal_ch24_chunk128_ll64_cp8.json
gemm_a2a/production_qwen_dense/s262144/cp8,production_qwen_dense,262144,8,cublaslt_nccl,graph,,"[32768, 4096, 2048]",,,1.841215968132019,1.859827208518982,,,298.5830143792134,1841.215968132019,1859.827208518982,,,"{""nccl_environment"": {""NCCL_GRAPH_REGISTER"": ""1"", ""NCCL_IB_DISABLE"": ""1"", ""NCCL_LOCAL_REGISTER"": ""1""}, ""operator"": {""chunks"": 1, ""local_first"": false, ""math_sms"": 0, ""pack_block"": 1024, ""pack_warps"": 4, ""push"": true, ""reverse"": false, ""schedule"": ""full"", ""sms"": 0, ""streams"": 3, ""use_ce"": false}}","{""algo_id"": 66, ""cluster_shape"": 3, ""cta_swizzle"": 0, ""custom"": 1, ""inner_shape"": 0, ""reduction"": 0, ""returned"": 8, ""split_k"": 1, ""stages_id"": 35, ""tile_id"": 29, ""tune_ms"": 0.6478613018989563, ""valid"": 8, ""waves"": 49.69696807861328, ""workspace_bytes"": 4}",full_v2/cublaslt_nccl_formal_auto_cp8.json
gemm_a2a/production_qwen_dense/s262144/cp8,production_qwen_dense,262144,8,teub,eager,,"[32768, 4096, 2048]",,,1.7258560061454773,1.9538543939590454,,,318.5409512325558,1725.8560061454773,1953.8543939590454,,,"{""nccl_environment"": {""NCCL_GRAPH_REGISTER"": ""1"", ""NCCL_IB_DISABLE"": ""1"", ""NCCL_LOCAL_REGISTER"": ""1""}, ""operator"": {""chunks"": 1, ""local_first"": false, ""math_sms"": 120, ""pack_block"": 512, ""pack_warps"": 4, ""push"": true, ""reverse"": false, ""schedule"": ""peer_gemm"", ""sms"": 12, ""streams"": 1, ""use_ce"": true}}","{""algo_id"": 66, ""cluster_shape"": 7, ""cta_swizzle"": 0, ""custom"": 3, ""inner_shape"": 0, ""reduction"": 0, ""returned"": 8, ""split_k"": 1, ""stages_id"": 35, ""tile_id"": 29, ""tune_ms"": 0.09348266571760178, ""valid"": 8, ""waves"": 6.833333492279053, ""workspace_bytes"": 4}",full_v2/teub_formal_auto_cp8.json
gemm_a2a/production_qwen_dense/s262144/cp8,production_qwen_dense,262144,8,teub,graph,,"[32768, 4096, 2048]",,,1.6646080017089844,1.8476879775524133,,,330.2614269086706,1664.6080017089844,1847.6879775524133,,,"{""nccl_environment"": {""NCCL_GRAPH_REGISTER"": ""1"", ""NCCL_IB_DISABLE"": ""1"", ""NCCL_LOCAL_REGISTER"": ""1""}, ""operator"": {""chunks"": 1, ""local_first"": false, ""math_sms"": 120, ""pack_block"": 512, ""pack_warps"": 4, ""push"": true, ""reverse"": false, ""schedule"": ""peer_gemm"", ""sms"": 12, ""streams"": 1, ""use_ce"": true}}","{""algo_id"": 66, ""cluster_shape"": 7, ""cta_swizzle"": 0, ""custom"": 3, ""inner_shape"": 0, ""reduction"": 0, ""returned"": 8, ""split_k"": 1, ""stages_id"": 35, ""tile_id"": 29, ""tune_ms"": 0.09348266571760178, ""valid"": 8, ""waves"": 6.833333492279053, ""workspace_bytes"": 4}",full_v2/teub_formal_auto_cp8.json
gemm_a2a/production_qwen_dense/s524288/cp4,production_qwen_dense,524288,4,cublaslt_nccl,eager,,"[131072, 4096, 2048]",,,6.254191875457764,6.288489627838135,,,351.6078974457506,6254.191875457764,6288.489627838135,,,"{""nccl_environment"": {""NCCL_GRAPH_REGISTER"": ""1"", ""NCCL_IB_DISABLE"": ""1"", ""NCCL_LOCAL_REGISTER"": ""1""}, ""operator"": {""chunks"": 1, ""local_first"": false, ""math_sms"": 0, ""pack_block"": 1024, ""pack_warps"": 4, ""push"": true, ""reverse"": false, ""schedule"": ""full"", ""sms"": 0, ""streams"": 3, ""use_ce"": false}}","{""algo_id"": 66, ""cluster_shape"": 3, ""cta_swizzle"": 0, ""custom"": 1, ""inner_shape"": 0, ""reduction"": 0, ""returned"": 8, ""split_k"": 1, ""stages_id"": 35, ""tile_id"": 29, ""tune_ms"": 2.652890682220459, ""valid"": 8, ""waves"": 198.78787231445312, ""workspace_bytes"": 4}",full_v2/cublaslt_nccl_formal_auto_cp4.json
gemm_a2a/production_qwen_dense/s524288/cp4,production_qwen_dense,524288,4,cublaslt_nccl,graph,,"[131072, 4096, 2048]",,,6.196063995361328,6.232763051986694,,,354.90647888696674,6196.063995361328,6232.763051986694,,,"{""nccl_environment"": {""NCCL_GRAPH_REGISTER"": ""1"", ""NCCL_IB_DISABLE"": ""1"", ""NCCL_LOCAL_REGISTER"": ""1"", ""NCCL_MAX_P2P_NCHANNELS"": ""24"", ""NCCL_MIN_P2P_NCHANNELS"": ""24"", ""NCCL_P2P_LL_THRESHOLD"": ""65536"", ""NCCL_P2P_NVL_CHUNKSIZE"": ""131072""}, ""operator"": {""chunks"": 1, ""local_first"": false, ""math_sms"": 0, ""pack_block"": 1024, ""pack_warps"": 4, ""push"": true, ""reverse"": false, ""schedule"": ""full"", ""sms"": 0, ""streams"": 3, ""use_ce"": false}}","{""algo_id"": 66, ""cluster_shape"": 5, ""cta_swizzle"": 0, ""custom"": 7, ""inner_shape"": 0, ""reduction"": 0, ""returned"": 8, ""split_k"": 1, ""stages_id"": 35, ""tile_id"": 248, ""tune_ms"": 2.7204320430755615, ""valid"": 8, ""waves"": 100.8484878540039, ""workspace_bytes"": 4}",full_v2/cublaslt_nccl_formal_ch24_chunk128_ll64_cp4.json
gemm_a2a/production_qwen_dense/s524288/cp4,production_qwen_dense,524288,4,teub,eager,,"[131072, 4096, 2048]",,,5.3116960525512695,5.368907237052918,,,413.9964398933903,5311.6960525512695,5368.9072370529175,,,"{""nccl_environment"": {""NCCL_GRAPH_REGISTER"": ""1"", ""NCCL_IB_DISABLE"": ""1"", ""NCCL_LOCAL_REGISTER"": ""1""}, ""operator"": {""chunks"": 1, ""local_first"": false, ""math_sms"": 120, ""pack_block"": 512, ""pack_warps"": 4, ""push"": true, ""reverse"": false, ""schedule"": ""peer_gemm"", ""sms"": 12, ""streams"": 1, ""use_ce"": true}}","{""algo_id"": 66, ""cluster_shape"": 7, ""cta_swizzle"": 0, ""custom"": 1, ""inner_shape"": 0, ""reduction"": 0, ""returned"": 8, ""split_k"": 1, ""stages_id"": 35, ""tile_id"": 29, ""tune_ms"": 0.6752960085868835, ""valid"": 8, ""waves"": 54.66666793823242, ""workspace_bytes"": 4}",full_v2/teub_formal_auto_cp4.json
gemm_a2a/production_qwen_dense/s524288/cp4,production_qwen_dense,524288,4,teub,graph,,"[131072, 4096, 2048]",,,5.284735918045044,5.322544145584106,,,416.1084469790259,5284.735918045044,5322.544145584106,,,"{""nccl_environment"": {""NCCL_GRAPH_REGISTER"": ""1"", ""NCCL_IB_DISABLE"": ""1"", ""NCCL_LOCAL_REGISTER"": ""1""}, ""operator"": {""chunks"": 1, ""local_first"": false, ""math_sms"": 120, ""pack_block"": 512, ""pack_warps"": 4, ""push"": true, ""reverse"": false, ""schedule"": ""peer_gemm"", ""sms"": 12, ""streams"": 1, ""use_ce"": true}}","{""algo_id"": 66, ""cluster_shape"": 7, ""cta_swizzle"": 0, ""custom"": 1, ""inner_shape"": 0, ""reduction"": 0, ""returned"": 8, ""split_k"": 1, ""stages_id"": 35, ""tile_id"": 29, ""tune_ms"": 0.6752960085868835, ""valid"": 8, ""waves"": 54.66666793823242, ""workspace_bytes"": 4}",full_v2/teub_formal_auto_cp4.json
gemm_a2a/production_qwen_dense/s524288/cp8,production_qwen_dense,524288,8,cublaslt_nccl,eager,,"[65536, 4096, 2048]",,,3.6008479595184326,3.8009807586669924,,,305.3479736264804,3600.8479595184326,3800.980758666992,,,"{""nccl_environment"": {""NCCL_GRAPH_REGISTER"": ""1"", ""NCCL_IB_DISABLE"": ""1"", ""NCCL_LOCAL_REGISTER"": ""1""}, ""operator"": {""chunks"": 1, ""local_first"": false, ""math_sms"": 0, ""pack_block"": 1024, ""pack_warps"": 4, ""push"": true, ""reverse"": false, ""schedule"": ""full"", ""sms"": 0, ""streams"": 3, ""use_ce"": false}}","{""algo_id"": 66, ""cluster_shape"": 3, ""cta_swizzle"": 0, ""custom"": 1, ""inner_shape"": 0, ""reduction"": 0, ""returned"": 8, ""split_k"": 1, ""stages_id"": 35, ""tile_id"": 29, ""tune_ms"": 1.3172106742858887, ""valid"": 8, ""waves"": 99.39393615722656, ""workspace_bytes"": 4}",full_v2/cublaslt_nccl_formal_auto_cp8.json
gemm_a2a/production_qwen_dense/s524288/cp8,production_qwen_dense,524288,8,cublaslt_nccl,graph,,"[65536, 4096, 2048]",,,3.568735957145691,3.610740900039673,,,308.09553886284147,3568.735957145691,3610.740900039673,,,"{""nccl_environment"": {""NCCL_GRAPH_REGISTER"": ""1"", ""NCCL_IB_DISABLE"": ""1"", ""NCCL_LOCAL_REGISTER"": ""1"", ""NCCL_MAX_P2P_NCHANNELS"": ""32"", ""NCCL_MIN_P2P_NCHANNELS"": ""32"", ""NCCL_P2P_LL_THRESHOLD"": ""65536"", ""NCCL_P2P_NVL_CHUNKSIZE"": ""524288""}, ""operator"": {""chunks"": 1, ""local_first"": false, ""math_sms"": 0, ""pack_block"": 1024, ""pack_warps"": 4, ""push"": true, ""reverse"": false, ""schedule"": ""full"", ""sms"": 0, ""streams"": 3, ""use_ce"": false}}","{""algo_id"": 66, ""cluster_shape"": 3, ""cta_swizzle"": 0, ""custom"": 4, ""inner_shape"": 0, ""reduction"": 0, ""returned"": 8, ""split_k"": 1, ""stages_id"": 35, ""tile_id"": 209, ""tune_ms"": 1.3738452196121216, ""valid"": 8, ""waves"": 57.0, ""workspace_bytes"": 4}",full_v2/cublaslt_nccl_formal_ch32_chunk512_ll64_cp8.json
gemm_a2a/production_qwen_dense/s524288/cp8,production_qwen_dense,524288,8,teub,eager,,"[65536, 4096, 2048]",,,3.277056097984314,3.634177517890929,,,335.51809761581416,3277.056097984314,3634.177517890929,,,"{""nccl_environment"": {""NCCL_GRAPH_REGISTER"": ""1"", ""NCCL_IB_DISABLE"": ""1"", ""NCCL_LOCAL_REGISTER"": ""1""}, ""operator"": {""chunks"": 1, ""local_first"": false, ""math_sms"": 120, ""pack_block"": 512, ""pack_warps"": 4, ""push"": true, ""reverse"": false, ""schedule"": ""peer_gemm"", ""sms"": 12, ""streams"": 1, ""use_ce"": true}}","{""algo_id"": 66, ""cluster_shape"": 9, ""cta_swizzle"": 0, ""custom"": 1, ""inner_shape"": 0, ""reduction"": 0, ""returned"": 8, ""split_k"": 1, ""stages_id"": 35, ""tile_id"": 29, ""tune_ms"": 0.1825760006904602, ""valid"": 8, ""waves"": 13.666666984558105, ""workspace_bytes"": 4}",full_v2/teub_formal_auto_cp8.json
gemm_a2a/production_qwen_dense/s524288/cp8,production_qwen_dense,524288,8,teub,graph,,"[65536, 4096, 2048]",,,3.238752007484436,3.3220463037490844,,,339.4862049441072,3238.752007484436,3322.0463037490845,,,"{""nccl_environment"": {""NCCL_GRAPH_REGISTER"": ""1"", ""NCCL_IB_DISABLE"": ""1"", ""NCCL_LOCAL_REGISTER"": ""1""}, ""operator"": {""chunks"": 1, ""local_first"": false, ""math_sms"": 120, ""pack_block"": 512, ""pack_warps"": 4, ""push"": true, ""reverse"": false, ""schedule"": ""peer_gemm"", ""sms"": 12, ""streams"": 1, ""use_ce"": true}}","{""algo_id"": 66, ""cluster_shape"": 9, ""cta_swizzle"": 0, ""custom"": 1, ""inner_shape"": 0, ""reduction"": 0, ""returned"": 8, ""split_k"": 1, ""stages_id"": 35, ""tile_id"": 29, ""tune_ms"": 0.1825760006904602, ""valid"": 8, ""waves"": 13.666666984558105, ""workspace_bytes"": 4}",full_v2/teub_formal_auto_cp8.json
gemm_a2a/nanbeige42_3b/s1024/cp4,nanbeige42_3b,1024,4,cublaslt_nccl,eager,,"[256, 8192, 3072]",,,0.12812799960374832,0.14840639606118203,,,100.56273357773595,128.12799960374832,148.40639606118202,,,"{""nccl_environment"": {""NCCL_GRAPH_REGISTER"": ""1"", ""NCCL_IB_DISABLE"": ""1"", ""NCCL_LOCAL_REGISTER"": ""1""}, ""operator"": {""chunks"": 1, ""local_first"": false, ""math_sms"": 0, ""pack_block"": 1024, ""pack_warps"": 4, ""push"": true, ""reverse"": false, ""schedule"": ""full"", ""sms"": 0, ""streams"": 3, ""use_ce"": false}}","{""algo_id"": 66, ""cluster_shape"": 3, ""cta_swizzle"": 0, ""custom"": 1, ""inner_shape"": 0, ""reduction"": 0, ""returned"": 8, ""split_k"": 1, ""stages_id"": 35, ""tile_id"": 20, ""tune_ms"": 0.023338666185736656, ""valid"": 8, ""waves"": 0.9696969985961914, ""workspace_bytes"": 0}",full_v2/cublaslt_nccl_formal_auto_cp4.json
gemm_a2a/nanbeige42_3b/s1024/cp4,nanbeige42_3b,1024,4,cublaslt_nccl,graph,,"[256, 8192, 3072]",,,0.08611200004816055,0.09654399752616882,,,149.6295740523244,86.11200004816055,96.54399752616882,,,"{""nccl_environment"": {""NCCL_GRAPH_REGISTER"": ""1"", ""NCCL_IB_DISABLE"": ""1"", ""NCCL_LOCAL_REGISTER"": ""1""}, ""operator"": {""chunks"": 1, ""local_first"": false, ""math_sms"": 0, ""pack_block"": 1024, ""pack_warps"": 4, ""push"": true, ""reverse"": false, ""schedule"": ""full"", ""sms"": 0, ""streams"": 3, ""use_ce"": false}}","{""algo_id"": 66, ""cluster_shape"": 3, ""cta_swizzle"": 0, ""custom"": 1, ""inner_shape"": 0, ""reduction"": 0, ""returned"": 8, ""split_k"": 1, ""stages_id"": 35, ""tile_id"": 20, ""tune_ms"": 0.023338666185736656, ""valid"": 8, ""waves"": 0.9696969985961914, ""workspace_bytes"": 0}",full_v2/cublaslt_nccl_formal_auto_cp4.json
gemm_a2a/nanbeige42_3b/s1024/cp4,nanbeige42_3b,1024,4,teub,eager,,"[256, 8192, 3072]",,,0.16484799981117249,0.2299312032759189,,,78.16231863752789,164.84799981117249,229.9312032759189,,,"{""nccl_environment"": {""NCCL_GRAPH_REGISTER"": ""1"", ""NCCL_IB_DISABLE"": ""1"", ""NCCL_LOCAL_REGISTER"": ""1""}, ""operator"": {""chunks"": 1, ""local_first"": false, ""math_sms"": 0, ""pack_block"": 1024, ""pack_warps"": 4, ""push"": true, ""reverse"": false, ""schedule"": ""full"", ""sms"": 8, ""streams"": 3, ""use_ce"": false}}","{""algo_id"": 66, ""cluster_shape"": 3, ""cta_swizzle"": 0, ""custom"": 1, ""inner_shape"": 0, ""reduction"": 0, ""returned"": 8, ""split_k"": 1, ""stages_id"": 35, ""tile_id"": 20, ""tune_ms"": 0.023744000121951103, ""valid"": 8, ""waves"": 0.9696969985961914, ""workspace_bytes"": 0}",full_v2/teub_formal_auto_cp4.json
gemm_a2a/nanbeige42_3b/s1024/cp4,nanbeige42_3b,1024,4,teub,graph,,"[256, 8192, 3072]",,,0.08697599917650223,0.09831039942800998,,,148.14318904060414,86.97599917650223,98.31039942800999,,,"{""nccl_environment"": {""NCCL_GRAPH_REGISTER"": ""1"", ""NCCL_IB_DISABLE"": ""1"", ""NCCL_LOCAL_REGISTER"": ""1""}, ""operator"": {""chunks"": 1, ""local_first"": false, ""math_sms"": 124, ""pack_block"": 1024, ""pack_warps"": 4, ""push"": true, ""reverse"": false, ""schedule"": ""peer_gemm"", ""sms"": 8, ""streams"": 1, ""use_ce"": false}}","{""algo_id"": 66, ""cluster_shape"": 4, ""cta_swizzle"": 0, ""custom"": 1, ""inner_shape"": 0, ""reduction"": 0, ""returned"": 8, ""split_k"": 1, ""stages_id"": 35, ""tile_id"": 26, ""tune_ms"": 0.010703999549150467, ""valid"": 8, ""waves"": 0.774193525314331, ""workspace_bytes"": 0}",full_v2/teub_formal_auto_cp4.json
gemm_a2a/nanbeige42_3b/s1024/cp8,nanbeige42_3b,1024,8,cublaslt_nccl,eager,,"[128, 8192, 3072]",,,0.13889600336551666,0.37568639218807204,,,46.38327084938608,138.89600336551666,375.68639218807203,,,"{""nccl_environment"": {""NCCL_GRAPH_REGISTER"": ""1"", ""NCCL_IB_DISABLE"": ""1"", ""NCCL_LOCAL_REGISTER"": ""1""}, ""operator"": {""chunks"": 1, ""local_first"": false, ""math_sms"": 0, ""pack_block"": 1024, ""pack_warps"": 4, ""push"": true, ""reverse"": false, ""schedule"": ""full"", ""sms"": 0, ""streams"": 3, ""use_ce"": false}}","{""algo_id"": 66, ""cluster_shape"": 5, ""cta_swizzle"": 0, ""custom"": 3, ""inner_shape"": 0, ""reduction"": 0, ""returned"": 8, ""split_k"": 1, ""stages_id"": 35, ""tile_id"": 18, ""tune_ms"": 0.01794133335351944, ""valid"": 8, ""waves"": 0.9696969985961914, ""workspace_bytes"": 0}",full_v2/cublaslt_nccl_formal_auto_cp8.json
gemm_a2a/nanbeige42_3b/s1024/cp8,nanbeige42_3b,1024,8,cublaslt_nccl,graph,,"[128, 8192, 3072]",,,0.10017600283026695,0.11766079962253569,,,64.31131969715099,100.17600283026695,117.66079962253569,,,"{""nccl_environment"": {""NCCL_GRAPH_REGISTER"": ""1"", ""NCCL_IB_DISABLE"": ""1"", ""NCCL_LOCAL_REGISTER"": ""1""}, ""operator"": {""chunks"": 1, ""local_first"": false, ""math_sms"": 0, ""pack_block"": 1024, ""pack_warps"": 4, ""push"": true, ""reverse"": false, ""schedule"": ""full"", ""sms"": 0, ""streams"": 3, ""use_ce"": false}}","{""algo_id"": 66, ""cluster_shape"": 5, ""cta_swizzle"": 0, ""custom"": 3, ""inner_shape"": 0, ""reduction"": 0, ""returned"": 8, ""split_k"": 1, ""stages_id"": 35, ""tile_id"": 18, ""tune_ms"": 0.01794133335351944, ""valid"": 8, ""waves"": 0.9696969985961914, ""workspace_bytes"": 0}",full_v2/cublaslt_nccl_formal_auto_cp8.json
gemm_a2a/nanbeige42_3b/s1024/cp8,nanbeige42_3b,1024,8,teub,eager,,"[128, 8192, 3072]",,,0.4038719981908798,0.41461599320173265,,,15.951714832567173,403.8719981908798,414.61599320173264,,,"{""nccl_environment"": {""NCCL_GRAPH_REGISTER"": ""1"", ""NCCL_IB_DISABLE"": ""1"", ""NCCL_LOCAL_REGISTER"": ""1""}, ""operator"": {""chunks"": 1, ""local_first"": false, ""math_sms"": 0, ""pack_block"": 1024, ""pack_warps"": 4, ""push"": true, ""reverse"": false, ""schedule"": ""full"", ""sms"": 8, ""streams"": 3, ""use_ce"": false}}","{""algo_id"": 66, ""cluster_shape"": 5, ""cta_swizzle"": 0, ""custom"": 3, ""inner_shape"": 0, ""reduction"": 0, ""returned"": 8, ""split_k"": 1, ""stages_id"": 35, ""tile_id"": 18, ""tune_ms"": 0.01817600056529045, ""valid"": 8, ""waves"": 0.9696969985961914, ""workspace_bytes"": 0}",full_v2/teub_formal_auto_cp8.json
gemm_a2a/nanbeige42_3b/s1024/cp8,nanbeige42_3b,1024,8,teub,graph,,"[128, 8192, 3072]",,,0.09599999710917473,0.11263360269367693,,,67.10886602083339,95.99999710917473,112.63360269367693,,,"{""nccl_environment"": {""NCCL_GRAPH_REGISTER"": ""1"", ""NCCL_IB_DISABLE"": ""1"", ""NCCL_LOCAL_REGISTER"": ""1""}, ""operator"": {""chunks"": 1, ""local_first"": false, ""math_sms"": 0, ""pack_block"": 1024, ""pack_warps"": 4, ""push"": true, ""reverse"": false, ""schedule"": ""full"", ""sms"": 16, ""streams"": 3, ""use_ce"": false}}","{""algo_id"": 66, ""cluster_shape"": 5, ""cta_swizzle"": 0, ""custom"": 3, ""inner_shape"": 0, ""reduction"": 0, ""returned"": 8, ""split_k"": 1, ""stages_id"": 35, ""tile_id"": 18, ""tune_ms"": 0.01817600056529045, ""valid"": 8, ""waves"": 0.9696969985961914, ""workspace_bytes"": 0}",full_v2/teub_formal_auto_cp8.json
gemm_a2a/nanbeige42_3b/s4096/cp4,nanbeige42_3b,4096,4,cublaslt_nccl,eager,,"[1024, 8192, 3072]",,,0.19287999719381332,0.20238880068063736,,,267.2107439954543,192.87999719381332,202.38880068063736,,,"{""nccl_environment"": {""NCCL_GRAPH_REGISTER"": ""1"", ""NCCL_IB_DISABLE"": ""1"", ""NCCL_LOCAL_REGISTER"": ""1"", ""NCCL_MAX_P2P_NCHANNELS"": ""24"", ""NCCL_MIN_P2P_NCHANNELS"": ""24"", ""NCCL_P2P_LL_THRESHOLD"": ""65536"", ""NCCL_P2P_NVL_CHUNKSIZE"": ""131072""}, ""operator"": {""chunks"": 1, ""local_first"": false, ""math_sms"": 0, ""pack_block"": 1024, ""pack_warps"": 4, ""push"": true, ""reverse"": false, ""schedule"": ""full"", ""sms"": 0, ""streams"": 3, ""use_ce"": false}}","{""algo_id"": 66, ""cluster_shape"": 3, ""cta_swizzle"": 0, ""custom"": 4, ""inner_shape"": 0, ""reduction"": 0, ""returned"": 8, ""split_k"": 1, ""stages_id"": 35, ""tile_id"": 23, ""tune_ms"": 0.0663573369383812, ""valid"": 8, ""waves"": 1.9393939971923828, ""workspace_bytes"": 0}",full_v2/cublaslt_nccl_formal_ch24_chunk128_ll64_cp4.json
gemm_a2a/nanbeige42_3b/s4096/cp4,nanbeige42_3b,4096,4,cublaslt_nccl,graph,,"[1024, 8192, 3072]",,,0.17695999890565872,0.1898784004151821,,,291.25004447743527,176.95999890565872,189.8784004151821,,,"{""nccl_environment"": {""NCCL_GRAPH_REGISTER"": ""1"", ""NCCL_IB_DISABLE"": ""1"", ""NCCL_LOCAL_REGISTER"": ""1"", ""NCCL_MAX_P2P_NCHANNELS"": ""24"", ""NCCL_MIN_P2P_NCHANNELS"": ""24"", ""NCCL_P2P_LL_THRESHOLD"": ""65536"", ""NCCL_P2P_NVL_CHUNKSIZE"": ""131072""}, ""operator"": {""chunks"": 1, ""local_first"": false, ""math_sms"": 0, ""pack_block"": 1024, ""pack_warps"": 4, ""push"": true, ""reverse"": false, ""schedule"": ""full"", ""sms"": 0, ""streams"": 3, ""use_ce"": false}}","{""algo_id"": 66, ""cluster_shape"": 3, ""cta_swizzle"": 0, ""custom"": 4, ""inner_shape"": 0, ""reduction"": 0, ""returned"": 8, ""split_k"": 1, ""stages_id"": 35, ""tile_id"": 23, ""tune_ms"": 0.0663573369383812, ""valid"": 8, ""waves"": 1.9393939971923828, ""workspace_bytes"": 0}",full_v2/cublaslt_nccl_formal_ch24_chunk128_ll64_cp4.json
gemm_a2a/nanbeige42_3b/s4096/cp4,nanbeige42_3b,4096,4,teub,eager,,"[1024, 8192, 3072]",,,0.20131199806928635,0.21731839925050736,,,256.0185584878126,201.31199806928635,217.31839925050735,,,"{""nccl_environment"": {""NCCL_GRAPH_REGISTER"": ""1"", ""NCCL_IB_DISABLE"": ""1"", ""NCCL_LOCAL_REGISTER"": ""1""}, ""operator"": {""chunks"": 1, ""local_first"": false, ""math_sms"": 116, ""pack_block"": 1024, ""pack_warps"": 4, ""push"": true, ""reverse"": false, ""schedule"": ""peer_gemm"", ""sms"": 16, ""streams"": 1, ""use_ce"": false}}","{""algo_id"": 66, ""cluster_shape"": 9, ""cta_swizzle"": 0, ""custom"": 0, ""inner_shape"": 0, ""reduction"": 0, ""returned"": 8, ""split_k"": 1, ""stages_id"": 35, ""tile_id"": 135, ""tune_ms"": 0.023258665576577187, ""valid"": 8, ""waves"": 1.7931034564971924, ""workspace_bytes"": 0}",full_v2/teub_formal_auto_cp4.json
gemm_a2a/nanbeige42_3b/s4096/cp4,nanbeige42_3b,4096,4,teub,graph,,"[1024, 8192, 3072]",,,0.18622399866580963,0.19033759981393814,,,276.7613622371571,186.22399866580963,190.33759981393814,,,"{""nccl_environment"": {""NCCL_GRAPH_REGISTER"": ""1"", ""NCCL_IB_DISABLE"": ""1"", ""NCCL_LOCAL_REGISTER"": ""1""}, ""operator"": {""chunks"": 1, ""local_first"": false, ""math_sms"": 124, ""pack_block"": 512, ""pack_warps"": 4, ""push"": true, ""reverse"": false, ""schedule"": ""peer_gemm"", ""sms"": 8, ""streams"": 1, ""use_ce"": true}}","{""algo_id"": 66, ""cluster_shape"": 8, ""cta_swizzle"": 0, ""custom"": 2, ""inner_shape"": 0, ""reduction"": 0, ""returned"": 8, ""split_k"": 1, ""stages_id"": 35, ""tile_id"": 184, ""tune_ms"": 0.02179200015962124, ""valid"": 8, ""waves"": 0.9677419066429138, ""workspace_bytes"": 0}",full_v2/teub_formal_auto_cp4.json
gemm_a2a/nanbeige42_3b/s4096/cp8,nanbeige42_3b,4096,8,cublaslt_nccl,eager,,"[512, 8192, 3072]",,,0.17510399967432022,0.19132640063762665,,,147.16856167723083,175.10399967432022,191.32640063762665,,,"{""nccl_environment"": {""NCCL_GRAPH_REGISTER"": ""1"", ""NCCL_IB_DISABLE"": ""1"", ""NCCL_LOCAL_REGISTER"": ""1""}, ""operator"": {""chunks"": 1, ""local_first"": false, ""math_sms"": 0, ""pack_block"": 1024, ""pack_warps"": 4, ""push"": true, ""reverse"": false, ""schedule"": ""full"", ""sms"": 0, ""streams"": 3, ""use_ce"": false}}","{""algo_id"": 66, ""cluster_shape"": 3, ""cta_swizzle"": 0, ""custom"": 1, ""inner_shape"": 0, ""reduction"": 0, ""returned"": 8, ""split_k"": 1, ""stages_id"": 35, ""tile_id"": 20, ""tune_ms"": 0.03620266541838646, ""valid"": 8, ""waves"": 1.9393939971923828, ""workspace_bytes"": 0}",full_v2/cublaslt_nccl_formal_auto_cp8.json
gemm_a2a/nanbeige42_3b/s4096/cp8,nanbeige42_3b,4096,8,cublaslt_nccl,graph,,"[512, 8192, 3072]",,,0.15939200669527054,0.17316320315003395,,,161.67563424474181,159.39200669527054,173.16320315003395,,,"{""nccl_environment"": {""NCCL_GRAPH_REGISTER"": ""1"", ""NCCL_IB_DISABLE"": ""1"", ""NCCL_LOCAL_REGISTER"": ""1""}, ""operator"": {""chunks"": 1, ""local_first"": false, ""math_sms"": 0, ""pack_block"": 1024, ""pack_warps"": 4, ""push"": true, ""reverse"": false, ""schedule"": ""full"", ""sms"": 0, ""streams"": 3, ""use_ce"": false}}","{""algo_id"": 66, ""cluster_shape"": 3, ""cta_swizzle"": 0, ""custom"": 1, ""inner_shape"": 0, ""reduction"": 0, ""returned"": 8, ""split_k"": 1, ""stages_id"": 35, ""tile_id"": 20, ""tune_ms"": 0.03620266541838646, ""valid"": 8, ""waves"": 1.9393939971923828, ""workspace_bytes"": 0}",full_v2/cublaslt_nccl_formal_auto_cp8.json
gemm_a2a/nanbeige42_3b/s4096/cp8,nanbeige42_3b,4096,8,teub,eager,,"[512, 8192, 3072]",,,0.24169600009918213,0.2505007959902287,,,106.62072920290419,241.69600009918213,250.50079599022865,,,"{""nccl_environment"": {""NCCL_GRAPH_REGISTER"": ""1"", ""NCCL_IB_DISABLE"": ""1"", ""NCCL_LOCAL_REGISTER"": ""1""}, ""operator"": {""chunks"": 1, ""local_first"": false, ""math_sms"": 0, ""pack_block"": 1024, ""pack_warps"": 4, ""push"": true, ""reverse"": false, ""schedule"": ""full"", ""sms"": 16, ""streams"": 3, ""use_ce"": false}}","{""algo_id"": 66, ""cluster_shape"": 3, ""cta_swizzle"": 0, ""custom"": 1, ""inner_shape"": 0, ""reduction"": 0, ""returned"": 8, ""split_k"": 1, ""stages_id"": 35, ""tile_id"": 20, ""tune_ms"": 0.035786665976047516, ""valid"": 8, ""waves"": 1.9393939971923828, ""workspace_bytes"": 0}",full_v2/teub_formal_auto_cp8.json
gemm_a2a/nanbeige42_3b/s4096/cp8,nanbeige42_3b,4096,8,teub,graph,,"[512, 8192, 3072]",,,0.14342400431632996,0.15414720326662062,,,179.67566795278705,143.42400431632996,154.14720326662064,,,"{""nccl_environment"": {""NCCL_GRAPH_REGISTER"": ""1"", ""NCCL_IB_DISABLE"": ""1"", ""NCCL_LOCAL_REGISTER"": ""1""}, ""operator"": {""chunks"": 1, ""local_first"": false, ""math_sms"": 0, ""pack_block"": 1024, ""pack_warps"": 4, ""push"": true, ""reverse"": false, ""schedule"": ""full"", ""sms"": 16, ""streams"": 3, ""use_ce"": false}}","{""algo_id"": 66, ""cluster_shape"": 3, ""cta_swizzle"": 0, ""custom"": 1, ""inner_shape"": 0, ""reduction"": 0, ""returned"": 8, ""split_k"": 1, ""stages_id"": 35, ""tile_id"": 20, ""tune_ms"": 0.035786665976047516, ""valid"": 8, ""waves"": 1.9393939971923828, ""workspace_bytes"": 0}",full_v2/teub_formal_auto_cp8.json
gemm_a2a/nanbeige42_3b/s16384/cp4,nanbeige42_3b,16384,4,cublaslt_nccl,eager,,"[4096, 8192, 3072]",,,0.5425759851932526,0.5510543882846832,,,379.96232018004133,542.5759851932526,551.0543882846832,,,"{""nccl_environment"": {""NCCL_GRAPH_REGISTER"": ""1"", ""NCCL_IB_DISABLE"": ""1"", ""NCCL_LOCAL_REGISTER"": ""1"", ""NCCL_MAX_P2P_NCHANNELS"": ""24"", ""NCCL_MIN_P2P_NCHANNELS"": ""24"", ""NCCL_P2P_LL_THRESHOLD"": ""65536"", ""NCCL_P2P_NVL_CHUNKSIZE"": ""131072""}, ""operator"": {""chunks"": 1, ""local_first"": false, ""math_sms"": 0, ""pack_block"": 1024, ""pack_warps"": 4, ""push"": true, ""reverse"": false, ""schedule"": ""full"", ""sms"": 0, ""streams"": 3, ""use_ce"": false}}","{""algo_id"": 66, ""cluster_shape"": 5, ""cta_swizzle"": 0, ""custom"": 2, ""inner_shape"": 0, ""reduction"": 0, ""returned"": 8, ""split_k"": 1, ""stages_id"": 35, ""tile_id"": 184, ""tune_ms"": 0.2479040026664734, ""valid"": 8, ""waves"": 13.818181991577148, ""workspace_bytes"": 4}",full_v2/cublaslt_nccl_formal_ch24_chunk128_ll64_cp4.json
gemm_a2a/nanbeige42_3b/s16384/cp4,nanbeige42_3b,16384,4,cublaslt_nccl,graph,,"[4096, 8192, 3072]",,,0.5243200063705444,0.5348975896835327,,,393.19199668742925,524.3200063705444,534.8975896835327,,,"{""nccl_environment"": {""NCCL_GRAPH_REGISTER"": ""1"", ""NCCL_IB_DISABLE"": ""1"", ""NCCL_LOCAL_REGISTER"": ""1"", ""NCCL_MAX_P2P_NCHANNELS"": ""24"", ""NCCL_MIN_P2P_NCHANNELS"": ""24"", ""NCCL_P2P_LL_THRESHOLD"": ""65536"", ""NCCL_P2P_NVL_CHUNKSIZE"": ""131072""}, ""operator"": {""chunks"": 1, ""local_first"": false, ""math_sms"": 0, ""pack_block"": 1024, ""pack_warps"": 4, ""push"": true, ""reverse"": false, ""schedule"": ""full"", ""sms"": 0, ""streams"": 3, ""use_ce"": false}}","{""algo_id"": 66, ""cluster_shape"": 5, ""cta_swizzle"": 0, ""custom"": 2, ""inner_shape"": 0, ""reduction"": 0, ""returned"": 8, ""split_k"": 1, ""stages_id"": 35, ""tile_id"": 184, ""tune_ms"": 0.2479040026664734, ""valid"": 8, ""waves"": 13.818181991577148, ""workspace_bytes"": 4}",full_v2/cublaslt_nccl_formal_ch24_chunk128_ll64_cp4.json
gemm_a2a/nanbeige42_3b/s16384/cp4,nanbeige42_3b,16384,4,teub,eager,,"[4096, 8192, 3072]",,,0.48929598927497864,0.49594400227069857,,,421.3368487108963,489.29598927497864,495.94400227069855,,,"{""nccl_environment"": {""NCCL_GRAPH_REGISTER"": ""1"", ""NCCL_IB_DISABLE"": ""1"", ""NCCL_LOCAL_REGISTER"": ""1""}, ""operator"": {""chunks"": 1, ""local_first"": false, ""math_sms"": 120, ""pack_block"": 512, ""pack_warps"": 4, ""push"": true, ""reverse"": false, ""schedule"": ""peer_gemm"", ""sms"": 12, ""streams"": 1, ""use_ce"": true}}","{""algo_id"": 66, ""cluster_shape"": 8, ""cta_swizzle"": 0, ""custom"": 2, ""inner_shape"": 0, ""reduction"": 0, ""returned"": 8, ""split_k"": 1, ""stages_id"": 35, ""tile_id"": 184, ""tune_ms"": 0.07108266651630402, ""valid"": 8, ""waves"": 4.0, ""workspace_bytes"": 4}",full_v2/teub_formal_auto_cp4.json
gemm_a2a/nanbeige42_3b/s16384/cp4,nanbeige42_3b,16384,4,teub,graph,,"[4096, 8192, 3072]",,,0.4628959894180298,0.48107839524745943,,,445.36663725946323,462.8959894180298,481.0783952474594,,,"{""nccl_environment"": {""NCCL_GRAPH_REGISTER"": ""1"", ""NCCL_IB_DISABLE"": ""1"", ""NCCL_LOCAL_REGISTER"": ""1""}, ""operator"": {""chunks"": 1, ""local_first"": false, ""math_sms"": 120, ""pack_block"": 512, ""pack_warps"": 4, ""push"": true, ""reverse"": false, ""schedule"": ""peer_gemm"", ""sms"": 12, ""streams"": 1, ""use_ce"": true}}","{""algo_id"": 66, ""cluster_shape"": 8, ""cta_swizzle"": 0, ""custom"": 2, ""inner_shape"": 0, ""reduction"": 0, ""returned"": 8, ""split_k"": 1, ""stages_id"": 35, ""tile_id"": 184, ""tune_ms"": 0.07108266651630402, ""valid"": 8, ""waves"": 4.0, ""workspace_bytes"": 4}",full_v2/teub_formal_auto_cp4.json
gemm_a2a/nanbeige42_3b/s16384/cp8,nanbeige42_3b,16384,8,cublaslt_nccl,eager,,"[2048, 8192, 3072]",,,0.391744002699852,0.41407520323991776,,,263.12901893479057,391.744002699852,414.07520323991776,,,"{""nccl_environment"": {""NCCL_GRAPH_REGISTER"": ""1"", ""NCCL_IB_DISABLE"": ""1"", ""NCCL_LOCAL_REGISTER"": ""1""}, ""operator"": {""chunks"": 1, ""local_first"": false, ""math_sms"": 0, ""pack_block"": 1024, ""pack_warps"": 4, ""push"": true, ""reverse"": false, ""schedule"": ""full"", ""sms"": 0, ""streams"": 3, ""use_ce"": false}}","{""algo_id"": 66, ""cluster_shape"": 5, ""cta_swizzle"": 0, ""custom"": 2, ""inner_shape"": 0, ""reduction"": 0, ""returned"": 8, ""split_k"": 1, ""stages_id"": 35, ""tile_id"": 184, ""tune_ms"": 0.12601600587368011, ""valid"": 8, ""waves"": 6.909090995788574, ""workspace_bytes"": 4}",full_v2/cublaslt_nccl_formal_auto_cp8.json
gemm_a2a/nanbeige42_3b/s16384/cp8,nanbeige42_3b,16384,8,cublaslt_nccl,graph,,"[2048, 8192, 3072]",,,0.3559039980173111,0.367780801653862,,,289.62646016408684,355.9039980173111,367.780801653862,,,"{""nccl_environment"": {""NCCL_GRAPH_REGISTER"": ""1"", ""NCCL_IB_DISABLE"": ""1"", ""NCCL_LOCAL_REGISTER"": ""1"", ""NCCL_MAX_P2P_NCHANNELS"": ""24"", ""NCCL_MIN_P2P_NCHANNELS"": ""24"", ""NCCL_P2P_LL_THRESHOLD"": ""65536"", ""NCCL_P2P_NVL_CHUNKSIZE"": ""131072""}, ""operator"": {""chunks"": 1, ""local_first"": false, ""math_sms"": 0, ""pack_block"": 1024, ""pack_warps"": 4, ""push"": true, ""reverse"": false, ""schedule"": ""full"", ""sms"": 0, ""streams"": 3, ""use_ce"": false}}","{""algo_id"": 66, ""cluster_shape"": 5, ""cta_swizzle"": 0, ""custom"": 2, ""inner_shape"": 0, ""reduction"": 0, ""returned"": 8, ""split_k"": 1, ""stages_id"": 35, ""tile_id"": 184, ""tune_ms"": 0.12565334141254425, ""valid"": 8, ""waves"": 6.909090995788574, ""workspace_bytes"": 4}",full_v2/cublaslt_nccl_formal_ch24_chunk128_ll64_cp8.json
gemm_a2a/nanbeige42_3b/s16384/cp8,nanbeige42_3b,16384,8,teub,eager,,"[2048, 8192, 3072]",,,0.4057440012693405,0.42935999780893325,,,254.04988066742624,405.7440012693405,429.35999780893326,,,"{""nccl_environment"": {""NCCL_GRAPH_REGISTER"": ""1"", ""NCCL_IB_DISABLE"": ""1"", ""NCCL_LOCAL_REGISTER"": ""1""}, ""operator"": {""chunks"": 1, ""local_first"": false, ""math_sms"": 124, ""pack_block"": 1024, ""pack_warps"": 4, ""push"": true, ""reverse"": false, ""schedule"": ""peer_gemm"", ""sms"": 8, ""streams"": 1, ""use_ce"": false}}","{""algo_id"": 66, ""cluster_shape"": 7, ""cta_swizzle"": 0, ""custom"": 3, ""inner_shape"": 0, ""reduction"": 0, ""returned"": 8, ""split_k"": 1, ""stages_id"": 35, ""tile_id"": 29, ""tune_ms"": 0.023418666794896126, ""valid"": 8, ""waves"": 0.8387096524238586, ""workspace_bytes"": 0}",full_v2/teub_formal_auto_cp8.json
gemm_a2a/nanbeige42_3b/s16384/cp8,nanbeige42_3b,16384,8,teub,graph,,"[2048, 8192, 3072]",,,0.3349120020866394,0.33894880712032316,,,307.77999731802424,334.9120020866394,338.9488071203232,,,"{""nccl_environment"": {""NCCL_GRAPH_REGISTER"": ""1"", ""NCCL_IB_DISABLE"": ""1"", ""NCCL_LOCAL_REGISTER"": ""1""}, ""operator"": {""chunks"": 1, ""local_first"": false, ""math_sms"": 124, ""pack_block"": 512, ""pack_warps"": 4, ""push"": true, ""reverse"": false, ""schedule"": ""peer_gemm"", ""sms"": 8, ""streams"": 3, ""use_ce"": false}}","{""algo_id"": 66, ""cluster_shape"": 7, ""cta_swizzle"": 0, ""custom"": 3, ""inner_shape"": 0, ""reduction"": 0, ""returned"": 8, ""split_k"": 1, ""stages_id"": 35, ""tile_id"": 29, ""tune_ms"": 0.023418666794896126, ""valid"": 8, ""waves"": 0.8387096524238586, ""workspace_bytes"": 0}",full_v2/teub_formal_auto_cp8.json
gemm_a2a/nanbeige42_3b/s131072/cp4,nanbeige42_3b,131072,4,cublaslt_nccl,eager,,"[32768, 8192, 3072]",,,3.909216046333313,3.963270330429077,,,421.8921190633468,3909.216046333313,3963.270330429077,,,"{""nccl_environment"": {""NCCL_GRAPH_REGISTER"": ""1"", ""NCCL_IB_DISABLE"": ""1"", ""NCCL_LOCAL_REGISTER"": ""1""}, ""operator"": {""chunks"": 1, ""local_first"": false, ""math_sms"": 0, ""pack_block"": 1024, ""pack_warps"": 4, ""push"": true, ""reverse"": false, ""schedule"": ""full"", ""sms"": 0, ""streams"": 3, ""use_ce"": false}}","{""algo_id"": 66, ""cluster_shape"": 3, ""cta_swizzle"": 0, ""custom"": 4, ""inner_shape"": 0, ""reduction"": 0, ""returned"": 8, ""split_k"": 1, ""stages_id"": 35, ""tile_id"": 209, ""tune_ms"": 2.0058934688568115, ""valid"": 8, ""waves"": 55.70454406738281, ""workspace_bytes"": 4}",full_v2/cublaslt_nccl_formal_auto_cp4.json
gemm_a2a/nanbeige42_3b/s131072/cp4,nanbeige42_3b,131072,4,cublaslt_nccl,graph,,"[32768, 8192, 3072]",,,3.802224040031433,3.828555154800415,,,433.76387722022963,3802.224040031433,3828.555154800415,,,"{""nccl_environment"": {""NCCL_GRAPH_REGISTER"": ""1"", ""NCCL_IB_DISABLE"": ""1"", ""NCCL_LOCAL_REGISTER"": ""1"", ""NCCL_MAX_P2P_NCHANNELS"": ""24"", ""NCCL_MIN_P2P_NCHANNELS"": ""24"", ""NCCL_P2P_LL_THRESHOLD"": ""65536"", ""NCCL_P2P_NVL_CHUNKSIZE"": ""131072""}, ""operator"": {""chunks"": 1, ""local_first"": false, ""math_sms"": 0, ""pack_block"": 1024, ""pack_warps"": 4, ""push"": true, ""reverse"": false, ""schedule"": ""full"", ""sms"": 0, ""streams"": 3, ""use_ce"": false}}","{""algo_id"": 66, ""cluster_shape"": 3, ""cta_swizzle"": 0, ""custom"": 4, ""inner_shape"": 0, ""reduction"": 0, ""returned"": 8, ""split_k"": 1, ""stages_id"": 35, ""tile_id"": 209, ""tune_ms"": 2.0045759677886963, ""valid"": 8, ""waves"": 55.70454406738281, ""workspace_bytes"": 4}",full_v2/cublaslt_nccl_formal_ch24_chunk128_ll64_cp4.json
gemm_a2a/nanbeige42_3b/s131072/cp4,nanbeige42_3b,131072,4,teub,eager,,"[32768, 8192, 3072]",,,3.485695958137512,3.5304224133491515,,,473.15298335579496,3485.695958137512,3530.4224133491516,,,"{""nccl_environment"": {""NCCL_GRAPH_REGISTER"": ""1"", ""NCCL_IB_DISABLE"": ""1"", ""NCCL_LOCAL_REGISTER"": ""1""}, ""operator"": {""chunks"": 1, ""local_first"": false, ""math_sms"": 120, ""pack_block"": 512, ""pack_warps"": 4, ""push"": true, ""reverse"": false, ""schedule"": ""peer_gemm"", ""sms"": 12, ""streams"": 1, ""use_ce"": true}}","{""algo_id"": 66, ""cluster_shape"": 9, ""cta_swizzle"": 0, ""custom"": 1, ""inner_shape"": 0, ""reduction"": 0, ""returned"": 8, ""split_k"": 1, ""stages_id"": 35, ""tile_id"": 29, ""tune_ms"": 0.5161706805229187, ""valid"": 8, ""waves"": 27.33333396911621, ""workspace_bytes"": 4}",full_v2/teub_formal_auto_cp4.json
gemm_a2a/nanbeige42_3b/s131072/cp4,nanbeige42_3b,131072,4,teub,graph,,"[32768, 8192, 3072]",,,3.4810240268707275,3.5140175819396973,,,473.78800862417825,3481.0240268707275,3514.0175819396973,,,"{""nccl_environment"": {""NCCL_GRAPH_REGISTER"": ""1"", ""NCCL_IB_DISABLE"": ""1"", ""NCCL_LOCAL_REGISTER"": ""1""}, ""operator"": {""chunks"": 1, ""local_first"": false, ""math_sms"": 120, ""pack_block"": 512, ""pack_warps"": 4, ""push"": true, ""reverse"": false, ""schedule"": ""peer_gemm"", ""sms"": 12, ""streams"": 1, ""use_ce"": true}}","{""algo_id"": 66, ""cluster_shape"": 9, ""cta_swizzle"": 0, ""custom"": 1, ""inner_shape"": 0, ""reduction"": 0, ""returned"": 8, ""split_k"": 1, ""stages_id"": 35, ""tile_id"": 29, ""tune_ms"": 0.5161706805229187, ""valid"": 8, ""waves"": 27.33333396911621, ""workspace_bytes"": 4}",full_v2/teub_formal_auto_cp4.json
gemm_a2a/nanbeige42_3b/s131072/cp8,nanbeige42_3b,131072,8,cublaslt_nccl,eager,,"[16384, 8192, 3072]",,,2.226912021636963,2.256315231323242,,,370.3036818786521,2226.912021636963,2256.315231323242,,,"{""nccl_environment"": {""NCCL_GRAPH_REGISTER"": ""1"", ""NCCL_IB_DISABLE"": ""1"", ""NCCL_LOCAL_REGISTER"": ""1"", ""NCCL_MAX_P2P_NCHANNELS"": ""24"", ""NCCL_MIN_P2P_NCHANNELS"": ""24"", ""NCCL_P2P_LL_THRESHOLD"": ""65536"", ""NCCL_P2P_NVL_CHUNKSIZE"": ""131072""}, ""operator"": {""chunks"": 1, ""local_first"": false, ""math_sms"": 0, ""pack_block"": 1024, ""pack_warps"": 4, ""push"": true, ""reverse"": false, ""schedule"": ""full"", ""sms"": 0, ""streams"": 3, ""use_ce"": false}}","{""algo_id"": 66, ""cluster_shape"": 3, ""cta_swizzle"": 0, ""custom"": 4, ""inner_shape"": 0, ""reduction"": 0, ""returned"": 8, ""split_k"": 1, ""stages_id"": 35, ""tile_id"": 23, ""tune_ms"": 0.9918987154960632, ""valid"": 8, ""waves"": 31.030303955078125, ""workspace_bytes"": 4}",full_v2/cublaslt_nccl_formal_ch24_chunk128_ll64_cp8.json
gemm_a2a/nanbeige42_3b/s131072/cp8,nanbeige42_3b,131072,8,cublaslt_nccl,graph,,"[16384, 8192, 3072]",,,2.2103840112686157,2.228275203704834,,,373.072604863222,2210.3840112686157,2228.275203704834,,,"{""nccl_environment"": {""NCCL_GRAPH_REGISTER"": ""1"", ""NCCL_IB_DISABLE"": ""1"", ""NCCL_LOCAL_REGISTER"": ""1"", ""NCCL_MAX_P2P_NCHANNELS"": ""24"", ""NCCL_MIN_P2P_NCHANNELS"": ""24"", ""NCCL_P2P_LL_THRESHOLD"": ""65536"", ""NCCL_P2P_NVL_CHUNKSIZE"": ""131072""}, ""operator"": {""chunks"": 1, ""local_first"": false, ""math_sms"": 0, ""pack_block"": 1024, ""pack_warps"": 4, ""push"": true, ""reverse"": false, ""schedule"": ""full"", ""sms"": 0, ""streams"": 3, ""use_ce"": false}}","{""algo_id"": 66, ""cluster_shape"": 3, ""cta_swizzle"": 0, ""custom"": 4, ""inner_shape"": 0, ""reduction"": 0, ""returned"": 8, ""split_k"": 1, ""stages_id"": 35, ""tile_id"": 23, ""tune_ms"": 0.9918987154960632, ""valid"": 8, ""waves"": 31.030303955078125, ""workspace_bytes"": 4}",full_v2/cublaslt_nccl_formal_ch24_chunk128_ll64_cp8.json
gemm_a2a/nanbeige42_3b/s131072/cp8,nanbeige42_3b,131072,8,teub,eager,,"[16384, 8192, 3072]",,,2.128543972969055,2.146928071975708,,,387.41681229246024,2128.543972969055,2146.928071975708,,,"{""nccl_environment"": {""NCCL_GRAPH_REGISTER"": ""1"", ""NCCL_IB_DISABLE"": ""1"", ""NCCL_LOCAL_REGISTER"": ""1""}, ""operator"": {""chunks"": 1, ""local_first"": false, ""math_sms"": 124, ""pack_block"": 512, ""pack_warps"": 4, ""push"": true, ""reverse"": false, ""schedule"": ""peer_gemm"", ""sms"": 8, ""streams"": 1, ""use_ce"": true}}","{""algo_id"": 66, ""cluster_shape"": 3, ""cta_swizzle"": 0, ""custom"": 1, ""inner_shape"": 0, ""reduction"": 0, ""returned"": 8, ""split_k"": 1, ""stages_id"": 35, ""tile_id"": 29, ""tune_ms"": 0.13645333051681519, ""valid"": 8, ""waves"": 6.645161151885986, ""workspace_bytes"": 4}",full_v2/teub_formal_auto_cp8.json
gemm_a2a/nanbeige42_3b/s131072/cp8,nanbeige42_3b,131072,8,teub,graph,,"[16384, 8192, 3072]",,,2.089568018913269,2.1187103629112243,,,394.6431575177299,2089.568018913269,2118.7103629112244,,,"{""nccl_environment"": {""NCCL_GRAPH_REGISTER"": ""1"", ""NCCL_IB_DISABLE"": ""1"", ""NCCL_LOCAL_REGISTER"": ""1""}, ""operator"": {""chunks"": 1, ""local_first"": false, ""math_sms"": 124, ""pack_block"": 512, ""pack_warps"": 4, ""push"": true, ""reverse"": false, ""schedule"": ""peer_gemm"", ""sms"": 8, ""streams"": 1, ""use_ce"": true}}","{""algo_id"": 66, ""cluster_shape"": 3, ""cta_swizzle"": 0, ""custom"": 1, ""inner_shape"": 0, ""reduction"": 0, ""returned"": 8, ""split_k"": 1, ""stages_id"": 35, ""tile_id"": 29, ""tune_ms"": 0.13645333051681519, ""valid"": 8, ""waves"": 6.645161151885986, ""workspace_bytes"": 4}",full_v2/teub_formal_auto_cp8.json
gemm_a2a/nanbeige42_3b/s262144/cp4,nanbeige42_3b,262144,4,cublaslt_nccl,eager,,"[65536, 8192, 3072]",,,7.559376001358032,7.889806318283081,,,436.35015413116406,7559.376001358032,7889.806318283081,,,"{""nccl_environment"": {""NCCL_GRAPH_REGISTER"": ""1"", ""NCCL_IB_DISABLE"": ""1"", ""NCCL_LOCAL_REGISTER"": ""1""}, ""operator"": {""chunks"": 1, ""local_first"": false, ""math_sms"": 0, ""pack_block"": 1024, ""pack_warps"": 4, ""push"": true, ""reverse"": false, ""schedule"": ""full"", ""sms"": 0, ""streams"": 3, ""use_ce"": false}}","{""algo_id"": 66, ""cluster_shape"": 5, ""cta_swizzle"": 0, ""custom"": 6, ""inner_shape"": 0, ""reduction"": 0, ""returned"": 8, ""split_k"": 1, ""stages_id"": 35, ""tile_id"": 209, ""tune_ms"": 4.006533145904541, ""valid"": 8, ""waves"": 111.40908813476562, ""workspace_bytes"": 4}",full_v2/cublaslt_nccl_formal_auto_cp4.json
gemm_a2a/nanbeige42_3b/s262144/cp4,nanbeige42_3b,262144,4,cublaslt_nccl,graph,,"[65536, 8192, 3072]",,,7.732208013534546,7.946891188621521,,,426.5967596259964,7732.208013534546,7946.891188621521,,,"{""nccl_environment"": {""NCCL_GRAPH_REGISTER"": ""1"", ""NCCL_IB_DISABLE"": ""1"", ""NCCL_LOCAL_REGISTER"": ""1"", ""NCCL_MAX_P2P_NCHANNELS"": ""24"", ""NCCL_MIN_P2P_NCHANNELS"": ""24"", ""NCCL_P2P_LL_THRESHOLD"": ""65536"", ""NCCL_P2P_NVL_CHUNKSIZE"": ""131072""}, ""operator"": {""chunks"": 1, ""local_first"": false, ""math_sms"": 0, ""pack_block"": 1024, ""pack_warps"": 4, ""push"": true, ""reverse"": false, ""schedule"": ""full"", ""sms"": 0, ""streams"": 3, ""use_ce"": false}}","{""algo_id"": 66, ""cluster_shape"": 5, ""cta_swizzle"": 0, ""custom"": 6, ""inner_shape"": 0, ""reduction"": 0, ""returned"": 8, ""split_k"": 1, ""stages_id"": 35, ""tile_id"": 209, ""tune_ms"": 4.105093479156494, ""valid"": 8, ""waves"": 111.40908813476562, ""workspace_bytes"": 4}",full_v2/cublaslt_nccl_formal_ch24_chunk128_ll64_cp4.json
gemm_a2a/nanbeige42_3b/s262144/cp4,nanbeige42_3b,262144,4,teub,eager,,"[65536, 8192, 3072]",,,6.867871999740601,7.059422516822815,,,480.28485147256464,6867.871999740601,7059.422516822815,,,"{""nccl_environment"": {""NCCL_GRAPH_REGISTER"": ""1"", ""NCCL_IB_DISABLE"": ""1"", ""NCCL_LOCAL_REGISTER"": ""1""}, ""operator"": {""chunks"": 1, ""local_first"": false, ""math_sms"": 120, ""pack_block"": 512, ""pack_warps"": 4, ""push"": true, ""reverse"": false, ""schedule"": ""peer_gemm"", ""sms"": 12, ""streams"": 1, ""use_ce"": true}}","{""algo_id"": 66, ""cluster_shape"": 7, ""cta_swizzle"": 0, ""custom"": 1, ""inner_shape"": 0, ""reduction"": 0, ""returned"": 8, ""split_k"": 1, ""stages_id"": 35, ""tile_id"": 29, ""tune_ms"": 0.9984800219535828, ""valid"": 8, ""waves"": 54.66666793823242, ""workspace_bytes"": 4}",full_v2/teub_formal_auto_cp4.json
gemm_a2a/nanbeige42_3b/s262144/cp4,nanbeige42_3b,262144,4,teub,graph,,"[65536, 8192, 3072]",,,6.926048040390015,8.534295654296875,,,476.2506503120148,6926.048040390015,8534.295654296875,,,"{""nccl_environment"": {""NCCL_GRAPH_REGISTER"": ""1"", ""NCCL_IB_DISABLE"": ""1"", ""NCCL_LOCAL_REGISTER"": ""1""}, ""operator"": {""chunks"": 1, ""local_first"": false, ""math_sms"": 120, ""pack_block"": 512, ""pack_warps"": 4, ""push"": true, ""reverse"": false, ""schedule"": ""peer_gemm"", ""sms"": 12, ""streams"": 1, ""use_ce"": true}}","{""algo_id"": 66, ""cluster_shape"": 7, ""cta_swizzle"": 0, ""custom"": 1, ""inner_shape"": 0, ""reduction"": 0, ""returned"": 8, ""split_k"": 1, ""stages_id"": 35, ""tile_id"": 29, ""tune_ms"": 0.9984800219535828, ""valid"": 8, ""waves"": 54.66666793823242, ""workspace_bytes"": 4}",full_v2/teub_formal_auto_cp4.json
gemm_a2a/nanbeige42_3b/s262144/cp8,nanbeige42_3b,262144,8,cublaslt_nccl,eager,,"[32768, 8192, 3072]",,,4.3303680419921875,4.378640198707581,,,380.8608011307173,4330.3680419921875,4378.640198707581,,,"{""nccl_environment"": {""NCCL_GRAPH_REGISTER"": ""1"", ""NCCL_IB_DISABLE"": ""1"", ""NCCL_LOCAL_REGISTER"": ""1"", ""NCCL_MAX_P2P_NCHANNELS"": ""24"", ""NCCL_MIN_P2P_NCHANNELS"": ""24"", ""NCCL_P2P_LL_THRESHOLD"": ""65536"", ""NCCL_P2P_NVL_CHUNKSIZE"": ""131072""}, ""operator"": {""chunks"": 1, ""local_first"": false, ""math_sms"": 0, ""pack_block"": 1024, ""pack_warps"": 4, ""push"": true, ""reverse"": false, ""schedule"": ""full"", ""sms"": 0, ""streams"": 3, ""use_ce"": false}}","{""algo_id"": 66, ""cluster_shape"": 5, ""cta_swizzle"": 0, ""custom"": 2, ""inner_shape"": 0, ""reduction"": 0, ""returned"": 8, ""split_k"": 1, ""stages_id"": 35, ""tile_id"": 197, ""tune_ms"": 1.8821120262145996, ""valid"": 8, ""waves"": 95.03030395507812, ""workspace_bytes"": 4}",full_v2/cublaslt_nccl_formal_ch24_chunk128_ll64_cp8.json
gemm_a2a/nanbeige42_3b/s262144/cp8,nanbeige42_3b,262144,8,cublaslt_nccl,graph,,"[32768, 8192, 3072]",,,4.331455945968628,4.363707041740417,,,380.7651427689126,4331.455945968628,4363.7070417404175,,,"{""nccl_environment"": {""NCCL_GRAPH_REGISTER"": ""1"", ""NCCL_IB_DISABLE"": ""1"", ""NCCL_LOCAL_REGISTER"": ""1""}, ""operator"": {""chunks"": 1, ""local_first"": false, ""math_sms"": 0, ""pack_block"": 1024, ""pack_warps"": 4, ""push"": true, ""reverse"": false, ""schedule"": ""full"", ""sms"": 0, ""streams"": 3, ""use_ce"": false}}","{""algo_id"": 66, ""cluster_shape"": 3, ""cta_swizzle"": 0, ""custom"": 4, ""inner_shape"": 0, ""reduction"": 0, ""returned"": 8, ""split_k"": 1, ""stages_id"": 35, ""tile_id"": 209, ""tune_ms"": 2.0083253383636475, ""valid"": 8, ""waves"": 55.70454406738281, ""workspace_bytes"": 4}",full_v2/cublaslt_nccl_formal_auto_cp8.json
gemm_a2a/nanbeige42_3b/s262144/cp8,nanbeige42_3b,262144,8,teub,eager,,"[32768, 8192, 3072]",,,4.013967990875244,4.101716804504394,,,410.8820611956046,4013.967990875244,4101.7168045043945,,,"{""nccl_environment"": {""NCCL_GRAPH_REGISTER"": ""1"", ""NCCL_IB_DISABLE"": ""1"", ""NCCL_LOCAL_REGISTER"": ""1""}, ""operator"": {""chunks"": 1, ""local_first"": false, ""math_sms"": 124, ""pack_block"": 1024, ""pack_warps"": 4, ""push"": true, ""reverse"": false, ""schedule"": ""peer_gemm"", ""sms"": 8, ""streams"": 1, ""use_ce"": false}}","{""algo_id"": 66, ""cluster_shape"": 7, ""cta_swizzle"": 0, ""custom"": 1, ""inner_shape"": 0, ""reduction"": 0, ""returned"": 8, ""split_k"": 1, ""stages_id"": 35, ""tile_id"": 29, ""tune_ms"": 0.2606079876422882, ""valid"": 8, ""waves"": 13.22580623626709, ""workspace_bytes"": 4}",full_v2/teub_formal_auto_cp8.json
gemm_a2a/nanbeige42_3b/s262144/cp8,nanbeige42_3b,262144,8,teub,graph,,"[32768, 8192, 3072]",,,4.079135894775391,4.15346405506134,,,404.31784677151916,4079.1358947753906,4153.46405506134,,,"{""nccl_environment"": {""NCCL_GRAPH_REGISTER"": ""1"", ""NCCL_IB_DISABLE"": ""1"", ""NCCL_LOCAL_REGISTER"": ""1""}, ""operator"": {""chunks"": 1, ""local_first"": false, ""math_sms"": 124, ""pack_block"": 1024, ""pack_warps"": 4, ""push"": true, ""reverse"": false, ""schedule"": ""peer_gemm"", ""sms"": 8, ""streams"": 1, ""use_ce"": false}}","{""algo_id"": 66, ""cluster_shape"": 7, ""cta_swizzle"": 0, ""custom"": 1, ""inner_shape"": 0, ""reduction"": 0, ""returned"": 8, ""split_k"": 1, ""stages_id"": 35, ""tile_id"": 29, ""tune_ms"": 0.2606079876422882, ""valid"": 8, ""waves"": 13.22580623626709, ""workspace_bytes"": 4}",full_v2/teub_formal_auto_cp8.json
gemm_a2a/nanbeige42_3b/s524288/cp4,nanbeige42_3b,524288,4,cublaslt_nccl,eager,,"[131072, 8192, 3072]",,,14.928272247314453,15.789344024658202,,,441.91783599356523,14928.272247314453,15789.344024658203,,,"{""nccl_environment"": {""NCCL_GRAPH_REGISTER"": ""1"", ""NCCL_IB_DISABLE"": ""1"", ""NCCL_LOCAL_REGISTER"": ""1""}, ""operator"": {""chunks"": 1, ""local_first"": false, ""math_sms"": 0, ""pack_block"": 1024, ""pack_warps"": 4, ""push"": true, ""reverse"": false, ""schedule"": ""full"", ""sms"": 0, ""streams"": 3, ""use_ce"": false}}","{""algo_id"": 66, ""cluster_shape"": 5, ""cta_swizzle"": 0, ""custom"": 2, ""inner_shape"": 0, ""reduction"": 0, ""returned"": 8, ""split_k"": 1, ""stages_id"": 35, ""tile_id"": 197, ""tune_ms"": 8.435722351074219, ""valid"": 8, ""waves"": 380.1212158203125, ""workspace_bytes"": 4}",full_v2/cublaslt_nccl_formal_auto_cp4.json
gemm_a2a/nanbeige42_3b/s524288/cp4,nanbeige42_3b,524288,4,cublaslt_nccl,graph,,"[131072, 8192, 3072]",,,15.026031970977783,16.087628841400143,,,439.0427079749326,15026.031970977783,16087.628841400145,,,"{""nccl_environment"": {""NCCL_GRAPH_REGISTER"": ""1"", ""NCCL_IB_DISABLE"": ""1"", ""NCCL_LOCAL_REGISTER"": ""1"", ""NCCL_MAX_P2P_NCHANNELS"": ""32"", ""NCCL_MIN_P2P_NCHANNELS"": ""32"", ""NCCL_P2P_LL_THRESHOLD"": ""65536"", ""NCCL_P2P_NVL_CHUNKSIZE"": ""524288""}, ""operator"": {""chunks"": 1, ""local_first"": false, ""math_sms"": 0, ""pack_block"": 1024, ""pack_warps"": 4, ""push"": true, ""reverse"": false, ""schedule"": ""full"", ""sms"": 0, ""streams"": 3, ""use_ce"": false}}","{""algo_id"": 66, ""cluster_shape"": 5, ""cta_swizzle"": 0, ""custom"": 2, ""inner_shape"": 0, ""reduction"": 0, ""returned"": 8, ""split_k"": 1, ""stages_id"": 35, ""tile_id"": 197, ""tune_ms"": 7.903743743896484, ""valid"": 8, ""waves"": 380.1212158203125, ""workspace_bytes"": 4}",full_v2/cublaslt_nccl_formal_ch32_chunk512_ll64_cp4.json
gemm_a2a/nanbeige42_3b/s524288/cp4,nanbeige42_3b,524288,4,teub,eager,,"[131072, 8192, 3072]",,,13.934815883636475,14.805912017822266,,,473.42353295122314,13934.815883636475,14805.912017822266,,,"{""nccl_environment"": {""NCCL_GRAPH_REGISTER"": ""1"", ""NCCL_IB_DISABLE"": ""1"", ""NCCL_LOCAL_REGISTER"": ""1""}, ""operator"": {""chunks"": 1, ""local_first"": false, ""math_sms"": 124, ""pack_block"": 1024, ""pack_warps"": 4, ""push"": true, ""reverse"": false, ""schedule"": ""peer_gemm"", ""sms"": 8, ""streams"": 1, ""use_ce"": false}}","{""algo_id"": 66, ""cluster_shape"": 5, ""cta_swizzle"": 0, ""custom"": 7, ""inner_shape"": 0, ""reduction"": 0, ""returned"": 8, ""split_k"": 1, ""stages_id"": 35, ""tile_id"": 24, ""tune_ms"": 2.007061243057251, ""valid"": 8, ""waves"": 66.06451416015625, ""workspace_bytes"": 4}",full_v2/teub_formal_auto_cp4.json
gemm_a2a/nanbeige42_3b/s524288/cp4,nanbeige42_3b,524288,4,teub,graph,,"[131072, 8192, 3072]",,,14.100687980651855,15.129529476165771,,,467.8544604141384,14100.687980651855,15129.529476165771,,,"{""nccl_environment"": {""NCCL_GRAPH_REGISTER"": ""1"", ""NCCL_IB_DISABLE"": ""1"", ""NCCL_LOCAL_REGISTER"": ""1""}, ""operator"": {""chunks"": 1, ""local_first"": false, ""math_sms"": 124, ""pack_block"": 1024, ""pack_warps"": 4, ""push"": true, ""reverse"": false, ""schedule"": ""peer_gemm"", ""sms"": 8, ""streams"": 1, ""use_ce"": false}}","{""algo_id"": 66, ""cluster_shape"": 5, ""cta_swizzle"": 0, ""custom"": 7, ""inner_shape"": 0, ""reduction"": 0, ""returned"": 8, ""split_k"": 1, ""stages_id"": 35, ""tile_id"": 24, ""tune_ms"": 2.007061243057251, ""valid"": 8, ""waves"": 66.06451416015625, ""workspace_bytes"": 4}",full_v2/teub_formal_auto_cp4.json
gemm_a2a/nanbeige42_3b/s524288/cp8,nanbeige42_3b,524288,8,cublaslt_nccl,eager,,"[65536, 8192, 3072]",,,8.476592063903809,8.567636632919312,,,389.134555309589,8476.592063903809,8567.636632919312,,,"{""nccl_environment"": {""NCCL_GRAPH_REGISTER"": ""1"", ""NCCL_IB_DISABLE"": ""1"", ""NCCL_LOCAL_REGISTER"": ""1"", ""NCCL_MAX_P2P_NCHANNELS"": ""24"", ""NCCL_MIN_P2P_NCHANNELS"": ""24"", ""NCCL_P2P_LL_THRESHOLD"": ""65536"", ""NCCL_P2P_NVL_CHUNKSIZE"": ""131072""}, ""operator"": {""chunks"": 1, ""local_first"": false, ""math_sms"": 0, ""pack_block"": 1024, ""pack_warps"": 4, ""push"": true, ""reverse"": false, ""schedule"": ""full"", ""sms"": 0, ""streams"": 3, ""use_ce"": false}}","{""algo_id"": 66, ""cluster_shape"": 5, ""cta_swizzle"": 0, ""custom"": 6, ""inner_shape"": 0, ""reduction"": 0, ""returned"": 8, ""split_k"": 1, ""stages_id"": 35, ""tile_id"": 209, ""tune_ms"": 4.197381496429443, ""valid"": 8, ""waves"": 111.40908813476562, ""workspace_bytes"": 4}",full_v2/cublaslt_nccl_formal_ch24_chunk128_ll64_cp8.json
gemm_a2a/nanbeige42_3b/s524288/cp8,nanbeige42_3b,524288,8,cublaslt_nccl,graph,,"[65536, 8192, 3072]",,,8.46713638305664,8.536070156097413,,,389.5691216133721,8467.13638305664,8536.070156097412,,,"{""nccl_environment"": {""NCCL_GRAPH_REGISTER"": ""1"", ""NCCL_IB_DISABLE"": ""1"", ""NCCL_LOCAL_REGISTER"": ""1"", ""NCCL_MAX_P2P_NCHANNELS"": ""24"", ""NCCL_MIN_P2P_NCHANNELS"": ""24"", ""NCCL_P2P_LL_THRESHOLD"": ""65536"", ""NCCL_P2P_NVL_CHUNKSIZE"": ""131072""}, ""operator"": {""chunks"": 1, ""local_first"": false, ""math_sms"": 0, ""pack_block"": 1024, ""pack_warps"": 4, ""push"": true, ""reverse"": false, ""schedule"": ""full"", ""sms"": 0, ""streams"": 3, ""use_ce"": false}}","{""algo_id"": 66, ""cluster_shape"": 5, ""cta_swizzle"": 0, ""custom"": 6, ""inner_shape"": 0, ""reduction"": 0, ""returned"": 8, ""split_k"": 1, ""stages_id"": 35, ""tile_id"": 209, ""tune_ms"": 4.197381496429443, ""valid"": 8, ""waves"": 111.40908813476562, ""workspace_bytes"": 4}",full_v2/cublaslt_nccl_formal_ch24_chunk128_ll64_cp8.json
gemm_a2a/nanbeige42_3b/s524288/cp8,nanbeige42_3b,524288,8,teub,eager,,"[65536, 8192, 3072]",,,7.973231792449951,8.307375955581666,,,413.70111508001855,7973.231792449951,8307.375955581665,,,"{""nccl_environment"": {""NCCL_GRAPH_REGISTER"": ""1"", ""NCCL_IB_DISABLE"": ""1"", ""NCCL_LOCAL_REGISTER"": ""1""}, ""operator"": {""chunks"": 1, ""local_first"": false, ""math_sms"": 124, ""pack_block"": 1024, ""pack_warps"": 4, ""push"": true, ""reverse"": false, ""schedule"": ""peer_gemm"", ""sms"": 8, ""streams"": 1, ""use_ce"": false}}","{""algo_id"": 66, ""cluster_shape"": 5, ""cta_swizzle"": 0, ""custom"": 2, ""inner_shape"": 0, ""reduction"": 0, ""returned"": 8, ""split_k"": 1, ""stages_id"": 35, ""tile_id"": 201, ""tune_ms"": 0.5110666751861572, ""valid"": 8, ""waves"": 24.774192810058594, ""workspace_bytes"": 4}",full_v2/teub_formal_auto_cp8.json
gemm_a2a/nanbeige42_3b/s524288/cp8,nanbeige42_3b,524288,8,teub,graph,,"[65536, 8192, 3072]",,,8.009583950042725,8.154975986480713,,,411.8234984365705,8009.583950042725,8154.975986480713,,,"{""nccl_environment"": {""NCCL_GRAPH_REGISTER"": ""1"", ""NCCL_IB_DISABLE"": ""1"", ""NCCL_LOCAL_REGISTER"": ""1""}, ""operator"": {""chunks"": 1, ""local_first"": false, ""math_sms"": 124, ""pack_block"": 1024, ""pack_warps"": 4, ""push"": true, ""reverse"": false, ""schedule"": ""peer_gemm"", ""sms"": 8, ""streams"": 1, ""use_ce"": false}}","{""algo_id"": 66, ""cluster_shape"": 5, ""cta_swizzle"": 0, ""custom"": 2, ""inner_shape"": 0, ""reduction"": 0, ""returned"": 8, ""split_k"": 1, ""stages_id"": 35, ""tile_id"": 201, ""tune_ms"": 0.5110666751861572, ""valid"": 8, ""waves"": 24.774192810058594, ""workspace_bytes"": 4}",full_v2/teub_formal_auto_cp8.json
gemm_a2a/llama3_8b/s1024/cp4,llama3_8b,1024,4,cublaslt_nccl,eager,,"[256, 6144, 4096]",,,0.14000000059604645,0.15940320268273353,,,92.03501309387755,140.00000059604645,159.40320268273354,,,"{""nccl_environment"": {""NCCL_GRAPH_REGISTER"": ""1"", ""NCCL_IB_DISABLE"": ""1"", ""NCCL_LOCAL_REGISTER"": ""1"", ""NCCL_MAX_P2P_NCHANNELS"": ""32"", ""NCCL_MIN_P2P_NCHANNELS"": ""32"", ""NCCL_P2P_LL_THRESHOLD"": ""65536"", ""NCCL_P2P_NVL_CHUNKSIZE"": ""524288""}, ""operator"": {""chunks"": 1, ""local_first"": false, ""math_sms"": 0, ""pack_block"": 1024, ""pack_warps"": 4, ""push"": true, ""reverse"": false, ""schedule"": ""full"", ""sms"": 0, ""streams"": 3, ""use_ce"": false}}","{""algo_id"": 66, ""cluster_shape"": 3, ""cta_swizzle"": 0, ""custom"": 0, ""inner_shape"": 0, ""reduction"": 0, ""returned"": 8, ""split_k"": 1, ""stages_id"": 35, ""tile_id"": 28, ""tune_ms"": 0.02337600104510784, ""valid"": 8, ""waves"": 0.9696969985961914, ""workspace_bytes"": 0}",full_v2/cublaslt_nccl_formal_ch32_chunk512_ll64_cp4.json
gemm_a2a/llama3_8b/s1024/cp4,llama3_8b,1024,4,cublaslt_nccl,graph,,"[256, 6144, 4096]",,,0.09494399651885033,0.10960000120103358,,,135.71054895968922,94.94399651885033,109.60000120103358,,,"{""nccl_environment"": {""NCCL_GRAPH_REGISTER"": ""1"", ""NCCL_IB_DISABLE"": ""1"", ""NCCL_LOCAL_REGISTER"": ""1"", ""NCCL_MAX_P2P_NCHANNELS"": ""32"", ""NCCL_MIN_P2P_NCHANNELS"": ""32"", ""NCCL_P2P_LL_THRESHOLD"": ""65536"", ""NCCL_P2P_NVL_CHUNKSIZE"": ""524288""}, ""operator"": {""chunks"": 1, ""local_first"": false, ""math_sms"": 0, ""pack_block"": 1024, ""pack_warps"": 4, ""push"": true, ""reverse"": false, ""schedule"": ""full"", ""sms"": 0, ""streams"": 3, ""use_ce"": false}}","{""algo_id"": 66, ""cluster_shape"": 3, ""cta_swizzle"": 0, ""custom"": 0, ""inner_shape"": 0, ""reduction"": 0, ""returned"": 8, ""split_k"": 1, ""stages_id"": 35, ""tile_id"": 28, ""tune_ms"": 0.02337600104510784, ""valid"": 8, ""waves"": 0.9696969985961914, ""workspace_bytes"": 0}",full_v2/cublaslt_nccl_formal_ch32_chunk512_ll64_cp4.json
gemm_a2a/llama3_8b/s1024/cp4,llama3_8b,1024,4,teub,eager,,"[256, 6144, 4096]",,,0.1589760035276413,0.1732831932604313,,,81.04935085853816,158.9760035276413,173.2831932604313,,,"{""nccl_environment"": {""NCCL_GRAPH_REGISTER"": ""1"", ""NCCL_IB_DISABLE"": ""1"", ""NCCL_LOCAL_REGISTER"": ""1""}, ""operator"": {""chunks"": 1, ""local_first"": false, ""math_sms"": 0, ""pack_block"": 1024, ""pack_warps"": 4, ""push"": true, ""reverse"": false, ""schedule"": ""full"", ""sms"": 16, ""streams"": 3, ""use_ce"": false}}","{""algo_id"": 66, ""cluster_shape"": 3, ""cta_swizzle"": 0, ""custom"": 0, ""inner_shape"": 0, ""reduction"": 0, ""returned"": 8, ""split_k"": 1, ""stages_id"": 35, ""tile_id"": 28, ""tune_ms"": 0.023872001096606255, ""valid"": 8, ""waves"": 0.9696969985961914, ""workspace_bytes"": 0}",full_v2/teub_formal_auto_cp4.json
gemm_a2a/llama3_8b/s1024/cp4,llama3_8b,1024,4,teub,graph,,"[256, 6144, 4096]",,,0.0822560004889965,0.09040799885988235,,,156.64391426037824,82.2560004889965,90.40799885988235,,,"{""nccl_environment"": {""NCCL_GRAPH_REGISTER"": ""1"", ""NCCL_IB_DISABLE"": ""1"", ""NCCL_LOCAL_REGISTER"": ""1""}, ""operator"": {""chunks"": 1, ""local_first"": false, ""math_sms"": 0, ""pack_block"": 1024, ""pack_warps"": 4, ""push"": true, ""reverse"": false, ""schedule"": ""full"", ""sms"": 16, ""streams"": 3, ""use_ce"": false}}","{""algo_id"": 66, ""cluster_shape"": 3, ""cta_swizzle"": 0, ""custom"": 0, ""inner_shape"": 0, ""reduction"": 0, ""returned"": 8, ""split_k"": 1, ""stages_id"": 35, ""tile_id"": 28, ""tune_ms"": 0.023872001096606255, ""valid"": 8, ""waves"": 0.9696969985961914, ""workspace_bytes"": 0}",full_v2/teub_formal_auto_cp4.json
gemm_a2a/llama3_8b/s1024/cp8,llama3_8b,1024,8,cublaslt_nccl,eager,,"[128, 6144, 4096]",,,0.13732800632715225,0.17165280655026435,,,46.91287026079989,137.32800632715225,171.65280655026436,,,"{""nccl_environment"": {""NCCL_GRAPH_REGISTER"": ""1"", ""NCCL_IB_DISABLE"": ""1"", ""NCCL_LOCAL_REGISTER"": ""1""}, ""operator"": {""chunks"": 1, ""local_first"": false, ""math_sms"": 0, ""pack_block"": 1024, ""pack_warps"": 4, ""push"": true, ""reverse"": false, ""schedule"": ""full"", ""sms"": 0, ""streams"": 3, ""use_ce"": false}}","{""algo_id"": 66, ""cluster_shape"": 5, ""cta_swizzle"": 0, ""custom"": 2, ""inner_shape"": 0, ""reduction"": 0, ""returned"": 8, ""split_k"": 1, ""stages_id"": 35, ""tile_id"": 27, ""tune_ms"": 0.01830933429300785, ""valid"": 8, ""waves"": 0.9696969985961914, ""workspace_bytes"": 0}",full_v2/cublaslt_nccl_formal_auto_cp8.json
gemm_a2a/llama3_8b/s1024/cp8,llama3_8b,1024,8,cublaslt_nccl,graph,,"[128, 6144, 4096]",,,0.09246399998664856,0.10271199829876422,,,69.67523517185353,92.46399998664856,102.71199829876421,,,"{""nccl_environment"": {""NCCL_GRAPH_REGISTER"": ""1"", ""NCCL_IB_DISABLE"": ""1"", ""NCCL_LOCAL_REGISTER"": ""1"", ""NCCL_MAX_P2P_NCHANNELS"": ""32"", ""NCCL_MIN_P2P_NCHANNELS"": ""32"", ""NCCL_P2P_LL_THRESHOLD"": ""65536"", ""NCCL_P2P_NVL_CHUNKSIZE"": ""524288""}, ""operator"": {""chunks"": 1, ""local_first"": false, ""math_sms"": 0, ""pack_block"": 1024, ""pack_warps"": 4, ""push"": true, ""reverse"": false, ""schedule"": ""full"", ""sms"": 0, ""streams"": 3, ""use_ce"": false}}","{""algo_id"": 66, ""cluster_shape"": 5, ""cta_swizzle"": 0, ""custom"": 2, ""inner_shape"": 0, ""reduction"": 0, ""returned"": 8, ""split_k"": 1, ""stages_id"": 35, ""tile_id"": 27, ""tune_ms"": 0.018757333979010582, ""valid"": 8, ""waves"": 0.9696969985961914, ""workspace_bytes"": 0}",full_v2/cublaslt_nccl_formal_ch32_chunk512_ll64_cp8.json
gemm_a2a/llama3_8b/s1024/cp8,llama3_8b,1024,8,teub,eager,,"[128, 6144, 4096]",,,0.22785600274801254,0.2529391974210739,,,28.27422085133631,227.85600274801254,252.93919742107389,,,"{""nccl_environment"": {""NCCL_GRAPH_REGISTER"": ""1"", ""NCCL_IB_DISABLE"": ""1"", ""NCCL_LOCAL_REGISTER"": ""1""}, ""operator"": {""chunks"": 1, ""local_first"": false, ""math_sms"": 0, ""pack_block"": 1024, ""pack_warps"": 4, ""push"": true, ""reverse"": false, ""schedule"": ""full"", ""sms"": 16, ""streams"": 3, ""use_ce"": false}}","{""algo_id"": 66, ""cluster_shape"": 5, ""cta_swizzle"": 0, ""custom"": 2, ""inner_shape"": 0, ""reduction"": 0, ""returned"": 8, ""split_k"": 1, ""stages_id"": 35, ""tile_id"": 27, ""tune_ms"": 0.018458666279911995, ""valid"": 8, ""waves"": 0.9696969985961914, ""workspace_bytes"": 0}",full_v2/teub_formal_auto_cp8.json
gemm_a2a/llama3_8b/s1024/cp8,llama3_8b,1024,8,teub,graph,,"[128, 6144, 4096]",,,0.08528000116348267,0.09606399983167647,,,75.54468639898062,85.28000116348267,96.06399983167647,,,"{""nccl_environment"": {""NCCL_GRAPH_REGISTER"": ""1"", ""NCCL_IB_DISABLE"": ""1"", ""NCCL_LOCAL_REGISTER"": ""1""}, ""operator"": {""chunks"": 1, ""local_first"": false, ""math_sms"": 0, ""pack_block"": 1024, ""pack_warps"": 4, ""push"": true, ""reverse"": false, ""schedule"": ""full"", ""sms"": 4, ""streams"": 3, ""use_ce"": false}}","{""algo_id"": 66, ""cluster_shape"": 5, ""cta_swizzle"": 0, ""custom"": 2, ""inner_shape"": 0, ""reduction"": 0, ""returned"": 8, ""split_k"": 1, ""stages_id"": 35, ""tile_id"": 27, ""tune_ms"": 0.018458666279911995, ""valid"": 8, ""waves"": 0.9696969985961914, ""workspace_bytes"": 0}",full_v2/teub_formal_auto_cp8.json
gemm_a2a/llama3_8b/s4096/cp4,llama3_8b,4096,4,cublaslt_nccl,eager,,"[1024, 6144, 4096]",,,0.1911199986934662,0.2047951988875866,,,269.67145199003176,191.1199986934662,204.7951988875866,,,"{""nccl_environment"": {""NCCL_GRAPH_REGISTER"": ""1"", ""NCCL_IB_DISABLE"": ""1"", ""NCCL_LOCAL_REGISTER"": ""1""}, ""operator"": {""chunks"": 1, ""local_first"": false, ""math_sms"": 0, ""pack_block"": 1024, ""pack_warps"": 4, ""push"": true, ""reverse"": false, ""schedule"": ""full"", ""sms"": 0, ""streams"": 3, ""use_ce"": false}}","{""algo_id"": 66, ""cluster_shape"": 5, ""cta_swizzle"": 0, ""custom"": 7, ""inner_shape"": 0, ""reduction"": 0, ""returned"": 8, ""split_k"": 1, ""stages_id"": 35, ""tile_id"": 31, ""tune_ms"": 0.06907200068235397, ""valid"": 8, ""waves"": 1.9393939971923828, ""workspace_bytes"": 0}",full_v2/cublaslt_nccl_formal_auto_cp4.json
gemm_a2a/llama3_8b/s4096/cp4,llama3_8b,4096,4,cublaslt_nccl,graph,,"[1024, 6144, 4096]",,,0.16835200041532516,0.1791152022778988,,,306.1419372793406,168.35200041532516,179.1152022778988,,,"{""nccl_environment"": {""NCCL_GRAPH_REGISTER"": ""1"", ""NCCL_IB_DISABLE"": ""1"", ""NCCL_LOCAL_REGISTER"": ""1"", ""NCCL_MAX_P2P_NCHANNELS"": ""24"", ""NCCL_MIN_P2P_NCHANNELS"": ""24"", ""NCCL_P2P_LL_THRESHOLD"": ""65536"", ""NCCL_P2P_NVL_CHUNKSIZE"": ""131072""}, ""operator"": {""chunks"": 1, ""local_first"": false, ""math_sms"": 0, ""pack_block"": 1024, ""pack_warps"": 4, ""push"": true, ""reverse"": false, ""schedule"": ""full"", ""sms"": 0, ""streams"": 3, ""use_ce"": false}}","{""algo_id"": 66, ""cluster_shape"": 3, ""cta_swizzle"": 0, ""custom"": 0, ""inner_shape"": 0, ""reduction"": 0, ""returned"": 8, ""split_k"": 1, ""stages_id"": 35, ""tile_id"": 28, ""tune_ms"": 0.07284266501665115, ""valid"": 8, ""waves"": 3.8787879943847656, ""workspace_bytes"": 4}",full_v2/cublaslt_nccl_formal_ch24_chunk128_ll64_cp4.json
gemm_a2a/llama3_8b/s4096/cp4,llama3_8b,4096,4,teub,eager,,"[1024, 6144, 4096]",,,0.19166400283575058,0.20408959537744523,,,268.90603759417286,191.66400283575058,204.08959537744522,,,"{""nccl_environment"": {""NCCL_GRAPH_REGISTER"": ""1"", ""NCCL_IB_DISABLE"": ""1"", ""NCCL_LOCAL_REGISTER"": ""1""}, ""operator"": {""chunks"": 1, ""local_first"": false, ""math_sms"": 116, ""pack_block"": 1024, ""pack_warps"": 4, ""push"": true, ""reverse"": false, ""schedule"": ""peer_gemm"", ""sms"": 16, ""streams"": 1, ""use_ce"": false}}","{""algo_id"": 66, ""cluster_shape"": 9, ""cta_swizzle"": 0, ""custom"": 0, ""inner_shape"": 0, ""reduction"": 0, ""returned"": 8, ""split_k"": 1, ""stages_id"": 35, ""tile_id"": 165, ""tune_ms"": 0.022181332111358643, ""valid"": 8, ""waves"": 0.9655172228813171, ""workspace_bytes"": 0}",full_v2/teub_formal_auto_cp4.json
gemm_a2a/llama3_8b/s4096/cp4,llama3_8b,4096,4,teub,graph,,"[1024, 6144, 4096]",,,0.14550399780273438,0.16962240263819695,,,354.2143743835432,145.50399780273438,169.62240263819695,,,"{""nccl_environment"": {""NCCL_GRAPH_REGISTER"": ""1"", ""NCCL_IB_DISABLE"": ""1"", ""NCCL_LOCAL_REGISTER"": ""1""}, ""operator"": {""chunks"": 1, ""local_first"": false, ""math_sms"": 124, ""pack_block"": 1024, ""pack_warps"": 4, ""push"": true, ""reverse"": false, ""schedule"": ""peer_gemm"", ""sms"": 8, ""streams"": 1, ""use_ce"": false}}","{""algo_id"": 66, ""cluster_shape"": 9, ""cta_swizzle"": 0, ""custom"": 0, ""inner_shape"": 0, ""reduction"": 0, ""returned"": 8, ""split_k"": 1, ""stages_id"": 35, ""tile_id"": 165, ""tune_ms"": 0.022101333364844322, ""valid"": 8, ""waves"": 0.9032257795333862, ""workspace_bytes"": 0}",full_v2/teub_formal_auto_cp4.json
gemm_a2a/llama3_8b/s4096/cp8,llama3_8b,4096,8,cublaslt_nccl,eager,,"[512, 6144, 4096]",,,0.18270400166511536,0.3434399887919426,,,141.04673976016346,182.70400166511536,343.4399887919426,,,"{""nccl_environment"": {""NCCL_GRAPH_REGISTER"": ""1"", ""NCCL_IB_DISABLE"": ""1"", ""NCCL_LOCAL_REGISTER"": ""1""}, ""operator"": {""chunks"": 1, ""local_first"": false, ""math_sms"": 0, ""pack_block"": 1024, ""pack_warps"": 4, ""push"": true, ""reverse"": false, ""schedule"": ""full"", ""sms"": 0, ""streams"": 3, ""use_ce"": false}}","{""algo_id"": 66, ""cluster_shape"": 3, ""cta_swizzle"": 0, ""custom"": 0, ""inner_shape"": 0, ""reduction"": 0, ""returned"": 8, ""split_k"": 1, ""stages_id"": 35, ""tile_id"": 28, ""tune_ms"": 0.03669866546988487, ""valid"": 8, ""waves"": 1.9393939971923828, ""workspace_bytes"": 0}",full_v2/cublaslt_nccl_formal_auto_cp8.json
gemm_a2a/llama3_8b/s4096/cp8,llama3_8b,4096,8,cublaslt_nccl,graph,,"[512, 6144, 4096]",,,0.14235199987888336,0.1613663986325264,,,181.02874422505897,142.35199987888336,161.3663986325264,,,"{""nccl_environment"": {""NCCL_GRAPH_REGISTER"": ""1"", ""NCCL_IB_DISABLE"": ""1"", ""NCCL_LOCAL_REGISTER"": ""1""}, ""operator"": {""chunks"": 1, ""local_first"": false, ""math_sms"": 0, ""pack_block"": 1024, ""pack_warps"": 4, ""push"": true, ""reverse"": false, ""schedule"": ""full"", ""sms"": 0, ""streams"": 3, ""use_ce"": false}}","{""algo_id"": 66, ""cluster_shape"": 3, ""cta_swizzle"": 0, ""custom"": 0, ""inner_shape"": 0, ""reduction"": 0, ""returned"": 8, ""split_k"": 1, ""stages_id"": 35, ""tile_id"": 28, ""tune_ms"": 0.03669866546988487, ""valid"": 8, ""waves"": 1.9393939971923828, ""workspace_bytes"": 0}",full_v2/cublaslt_nccl_formal_auto_cp8.json
gemm_a2a/llama3_8b/s4096/cp8,llama3_8b,4096,8,teub,eager,,"[512, 6144, 4096]",,,0.235664002597332,0.246214397251606,,,109.34976700718968,235.664002597332,246.214397251606,,,"{""nccl_environment"": {""NCCL_GRAPH_REGISTER"": ""1"", ""NCCL_IB_DISABLE"": ""1"", ""NCCL_LOCAL_REGISTER"": ""1""}, ""operator"": {""chunks"": 1, ""local_first"": false, ""math_sms"": 0, ""pack_block"": 1024, ""pack_warps"": 4, ""push"": true, ""reverse"": false, ""schedule"": ""full"", ""sms"": 16, ""streams"": 3, ""use_ce"": false}}","{""algo_id"": 66, ""cluster_shape"": 3, ""cta_swizzle"": 0, ""custom"": 0, ""inner_shape"": 0, ""reduction"": 0, ""returned"": 8, ""split_k"": 1, ""stages_id"": 35, ""tile_id"": 28, ""tune_ms"": 0.03622933104634285, ""valid"": 8, ""waves"": 1.9393939971923828, ""workspace_bytes"": 0}",full_v2/teub_formal_auto_cp8.json
gemm_a2a/llama3_8b/s4096/cp8,llama3_8b,4096,8,teub,graph,,"[512, 6144, 4096]",,,0.1451999992132187,0.1522064007818699,,,177.47798839969948,145.1999992132187,152.2064007818699,,,"{""nccl_environment"": {""NCCL_GRAPH_REGISTER"": ""1"", ""NCCL_IB_DISABLE"": ""1"", ""NCCL_LOCAL_REGISTER"": ""1""}, ""operator"": {""chunks"": 1, ""local_first"": false, ""math_sms"": 0, ""pack_block"": 1024, ""pack_warps"": 4, ""push"": true, ""reverse"": false, ""schedule"": ""full"", ""sms"": 16, ""streams"": 3, ""use_ce"": false}}","{""algo_id"": 66, ""cluster_shape"": 3, ""cta_swizzle"": 0, ""custom"": 0, ""inner_shape"": 0, ""reduction"": 0, ""returned"": 8, ""split_k"": 1, ""stages_id"": 35, ""tile_id"": 28, ""tune_ms"": 0.03622933104634285, ""valid"": 8, ""waves"": 1.9393939971923828, ""workspace_bytes"": 0}",full_v2/teub_formal_auto_cp8.json
gemm_a2a/llama3_8b/s16384/cp4,llama3_8b,16384,4,cublaslt_nccl,eager,,"[4096, 6144, 4096]",,,0.5110719799995422,0.5295248180627823,,,403.3843338626873,511.07197999954224,529.5248180627823,,,"{""nccl_environment"": {""NCCL_GRAPH_REGISTER"": ""1"", ""NCCL_IB_DISABLE"": ""1"", ""NCCL_LOCAL_REGISTER"": ""1""}, ""operator"": {""chunks"": 1, ""local_first"": false, ""math_sms"": 0, ""pack_block"": 1024, ""pack_warps"": 4, ""push"": true, ""reverse"": false, ""schedule"": ""full"", ""sms"": 0, ""streams"": 3, ""use_ce"": false}}","{""algo_id"": 66, ""cluster_shape"": 5, ""cta_swizzle"": 0, ""custom"": 2, ""inner_shape"": 0, ""reduction"": 0, ""returned"": 8, ""split_k"": 1, ""stages_id"": 35, ""tile_id"": 197, ""tune_ms"": 0.2500320076942444, ""valid"": 8, ""waves"": 8.969696998596191, ""workspace_bytes"": 4}",full_v2/cublaslt_nccl_formal_auto_cp4.json
gemm_a2a/llama3_8b/s16384/cp4,llama3_8b,16384,4,cublaslt_nccl,graph,,"[4096, 6144, 4096]",,,0.4840639978647232,0.4927599996328354,,,425.89085558396175,484.0639978647232,492.7599996328354,,,"{""nccl_environment"": {""NCCL_GRAPH_REGISTER"": ""1"", ""NCCL_IB_DISABLE"": ""1"", ""NCCL_LOCAL_REGISTER"": ""1""}, ""operator"": {""chunks"": 1, ""local_first"": false, ""math_sms"": 0, ""pack_block"": 1024, ""pack_warps"": 4, ""push"": true, ""reverse"": false, ""schedule"": ""full"", ""sms"": 0, ""streams"": 3, ""use_ce"": false}}","{""algo_id"": 66, ""cluster_shape"": 5, ""cta_swizzle"": 0, ""custom"": 2, ""inner_shape"": 0, ""reduction"": 0, ""returned"": 8, ""split_k"": 1, ""stages_id"": 35, ""tile_id"": 197, ""tune_ms"": 0.2500320076942444, ""valid"": 8, ""waves"": 8.969696998596191, ""workspace_bytes"": 4}",full_v2/cublaslt_nccl_formal_auto_cp4.json
gemm_a2a/llama3_8b/s16384/cp4,llama3_8b,16384,4,teub,eager,,"[4096, 6144, 4096]",,,0.45900799334049225,0.4644656017422676,,,449.13908515547706,459.00799334049225,464.4656017422676,,,"{""nccl_environment"": {""NCCL_GRAPH_REGISTER"": ""1"", ""NCCL_IB_DISABLE"": ""1"", ""NCCL_LOCAL_REGISTER"": ""1""}, ""operator"": {""chunks"": 1, ""local_first"": false, ""math_sms"": 120, ""pack_block"": 512, ""pack_warps"": 4, ""push"": true, ""reverse"": false, ""schedule"": ""peer_gemm"", ""sms"": 12, ""streams"": 1, ""use_ce"": true}}","{""algo_id"": 66, ""cluster_shape"": 8, ""cta_swizzle"": 0, ""custom"": 2, ""inner_shape"": 0, ""reduction"": 0, ""returned"": 8, ""split_k"": 1, ""stages_id"": 35, ""tile_id"": 184, ""tune_ms"": 0.07095466554164886, ""valid"": 8, ""waves"": 2.933333396911621, ""workspace_bytes"": 4}",full_v2/teub_formal_auto_cp4.json
gemm_a2a/llama3_8b/s16384/cp4,llama3_8b,16384,4,teub,graph,,"[4096, 6144, 4096]",,,0.4302079975605011,0.43671359568834306,,,479.2064103341256,430.2079975605011,436.71359568834305,,,"{""nccl_environment"": {""NCCL_GRAPH_REGISTER"": ""1"", ""NCCL_IB_DISABLE"": ""1"", ""NCCL_LOCAL_REGISTER"": ""1""}, ""operator"": {""chunks"": 1, ""local_first"": false, ""math_sms"": 120, ""pack_block"": 512, ""pack_warps"": 4, ""push"": true, ""reverse"": false, ""schedule"": ""peer_gemm"", ""sms"": 12, ""streams"": 1, ""use_ce"": true}}","{""algo_id"": 66, ""cluster_shape"": 8, ""cta_swizzle"": 0, ""custom"": 2, ""inner_shape"": 0, ""reduction"": 0, ""returned"": 8, ""split_k"": 1, ""stages_id"": 35, ""tile_id"": 184, ""tune_ms"": 0.07095466554164886, ""valid"": 8, ""waves"": 2.933333396911621, ""workspace_bytes"": 4}",full_v2/teub_formal_auto_cp4.json
gemm_a2a/llama3_8b/s16384/cp8,llama3_8b,16384,8,cublaslt_nccl,eager,,"[2048, 6144, 4096]",,,0.3540479987859726,0.3669903889298439,,,291.1447472022373,354.0479987859726,366.9903889298439,,,"{""nccl_environment"": {""NCCL_GRAPH_REGISTER"": ""1"", ""NCCL_IB_DISABLE"": ""1"", ""NCCL_LOCAL_REGISTER"": ""1""}, ""operator"": {""chunks"": 1, ""local_first"": false, ""math_sms"": 0, ""pack_block"": 1024, ""pack_warps"": 4, ""push"": true, ""reverse"": false, ""schedule"": ""full"", ""sms"": 0, ""streams"": 3, ""use_ce"": false}}","{""algo_id"": 66, ""cluster_shape"": 3, ""cta_swizzle"": 0, ""custom"": 4, ""inner_shape"": 0, ""reduction"": 0, ""returned"": 8, ""split_k"": 1, ""stages_id"": 35, ""tile_id"": 23, ""tune_ms"": 0.12774400413036346, ""valid"": 8, ""waves"": 2.909090995788574, ""workspace_bytes"": 4}",full_v2/cublaslt_nccl_formal_auto_cp8.json
gemm_a2a/llama3_8b/s16384/cp8,llama3_8b,16384,8,cublaslt_nccl,graph,,"[2048, 6144, 4096]",,,0.3290880024433136,0.3619391918182373,,,313.22690082497223,329.0880024433136,361.9391918182373,,,"{""nccl_environment"": {""NCCL_GRAPH_REGISTER"": ""1"", ""NCCL_IB_DISABLE"": ""1"", ""NCCL_LOCAL_REGISTER"": ""1"", ""NCCL_MAX_P2P_NCHANNELS"": ""32"", ""NCCL_MIN_P2P_NCHANNELS"": ""32"", ""NCCL_P2P_LL_THRESHOLD"": ""65536"", ""NCCL_P2P_NVL_CHUNKSIZE"": ""524288""}, ""operator"": {""chunks"": 1, ""local_first"": false, ""math_sms"": 0, ""pack_block"": 1024, ""pack_warps"": 4, ""push"": true, ""reverse"": false, ""schedule"": ""full"", ""sms"": 0, ""streams"": 3, ""use_ce"": false}}","{""algo_id"": 66, ""cluster_shape"": 3, ""cta_swizzle"": 0, ""custom"": 4, ""inner_shape"": 0, ""reduction"": 0, ""returned"": 8, ""split_k"": 1, ""stages_id"": 35, ""tile_id"": 23, ""tune_ms"": 0.1284373253583908, ""valid"": 8, ""waves"": 2.909090995788574, ""workspace_bytes"": 4}",full_v2/cublaslt_nccl_formal_ch32_chunk512_ll64_cp8.json
gemm_a2a/llama3_8b/s16384/cp8,llama3_8b,16384,8,teub,eager,,"[2048, 6144, 4096]",,,0.35310399532318115,0.4587663933634755,,,291.9231061366382,353.10399532318115,458.7663933634755,,,"{""nccl_environment"": {""NCCL_GRAPH_REGISTER"": ""1"", ""NCCL_IB_DISABLE"": ""1"", ""NCCL_LOCAL_REGISTER"": ""1""}, ""operator"": {""chunks"": 1, ""local_first"": false, ""math_sms"": 120, ""pack_block"": 1024, ""pack_warps"": 4, ""push"": true, ""reverse"": false, ""schedule"": ""peer_gemm"", ""sms"": 12, ""streams"": 1, ""use_ce"": false}}","{""algo_id"": 66, ""cluster_shape"": 8, ""cta_swizzle"": 0, ""custom"": 2, ""inner_shape"": 0, ""reduction"": 0, ""returned"": 8, ""split_k"": 1, ""stages_id"": 35, ""tile_id"": 165, ""tune_ms"": 0.022277332842350006, ""valid"": 8, ""waves"": 0.9333333373069763, ""workspace_bytes"": 0}",full_v2/teub_formal_auto_cp8.json
gemm_a2a/llama3_8b/s16384/cp8,llama3_8b,16384,8,teub,graph,,"[2048, 6144, 4096]",,,0.31833599507808685,0.32338720709085467,,,323.8063451753704,318.33599507808685,323.38720709085464,,,"{""nccl_environment"": {""NCCL_GRAPH_REGISTER"": ""1"", ""NCCL_IB_DISABLE"": ""1"", ""NCCL_LOCAL_REGISTER"": ""1""}, ""operator"": {""chunks"": 1, ""local_first"": false, ""math_sms"": 124, ""pack_block"": 1024, ""pack_warps"": 4, ""push"": true, ""reverse"": false, ""schedule"": ""peer_gemm"", ""sms"": 8, ""streams"": 1, ""use_ce"": false}}","{""algo_id"": 66, ""cluster_shape"": 8, ""cta_swizzle"": 0, ""custom"": 2, ""inner_shape"": 0, ""reduction"": 0, ""returned"": 8, ""split_k"": 1, ""stages_id"": 35, ""tile_id"": 165, ""tune_ms"": 0.022229334339499474, ""valid"": 8, ""waves"": 0.9032257795333862, ""workspace_bytes"": 0}",full_v2/teub_formal_auto_cp8.json
gemm_a2a/llama3_8b/s131072/cp4,llama3_8b,131072,4,cublaslt_nccl,eager,,"[32768, 6144, 4096]",,,3.45032000541687,3.578347218036652,,,478.00419644401484,3450.32000541687,3578.3472180366516,,,"{""nccl_environment"": {""NCCL_GRAPH_REGISTER"": ""1"", ""NCCL_IB_DISABLE"": ""1"", ""NCCL_LOCAL_REGISTER"": ""1""}, ""operator"": {""chunks"": 1, ""local_first"": false, ""math_sms"": 0, ""pack_block"": 1024, ""pack_warps"": 4, ""push"": true, ""reverse"": false, ""schedule"": ""full"", ""sms"": 0, ""streams"": 3, ""use_ce"": false}}","{""algo_id"": 66, ""cluster_shape"": 3, ""cta_swizzle"": 0, ""custom"": 4, ""inner_shape"": 0, ""reduction"": 0, ""returned"": 8, ""split_k"": 1, ""stages_id"": 35, ""tile_id"": 23, ""tune_ms"": 1.9286932945251465, ""valid"": 8, ""waves"": 46.54545593261719, ""workspace_bytes"": 4}",full_v2/cublaslt_nccl_formal_auto_cp4.json
gemm_a2a/llama3_8b/s131072/cp4,llama3_8b,131072,4,cublaslt_nccl,graph,,"[32768, 6144, 4096]",,,3.3682559728622437,3.3847632884979246,,,489.65026855203695,3368.2559728622437,3384.763288497925,,,"{""nccl_environment"": {""NCCL_GRAPH_REGISTER"": ""1"", ""NCCL_IB_DISABLE"": ""1"", ""NCCL_LOCAL_REGISTER"": ""1"", ""NCCL_MAX_P2P_NCHANNELS"": ""24"", ""NCCL_MIN_P2P_NCHANNELS"": ""24"", ""NCCL_P2P_LL_THRESHOLD"": ""65536"", ""NCCL_P2P_NVL_CHUNKSIZE"": ""131072""}, ""operator"": {""chunks"": 1, ""local_first"": false, ""math_sms"": 0, ""pack_block"": 1024, ""pack_warps"": 4, ""push"": true, ""reverse"": false, ""schedule"": ""full"", ""sms"": 0, ""streams"": 3, ""use_ce"": false}}","{""algo_id"": 66, ""cluster_shape"": 5, ""cta_swizzle"": 0, ""custom"": 6, ""inner_shape"": 0, ""reduction"": 0, ""returned"": 8, ""split_k"": 1, ""stages_id"": 35, ""tile_id"": 209, ""tune_ms"": 1.9707412719726562, ""valid"": 8, ""waves"": 41.45454406738281, ""workspace_bytes"": 4}",full_v2/cublaslt_nccl_formal_ch24_chunk128_ll64_cp4.json
gemm_a2a/llama3_8b/s131072/cp4,llama3_8b,131072,4,teub,eager,,"[32768, 6144, 4096]",,,3.1790080070495605,3.32325439453125,,,518.7993984307974,3179.0080070495605,3323.25439453125,,,"{""nccl_environment"": {""NCCL_GRAPH_REGISTER"": ""1"", ""NCCL_IB_DISABLE"": ""1"", ""NCCL_LOCAL_REGISTER"": ""1""}, ""operator"": {""chunks"": 1, ""local_first"": false, ""math_sms"": 124, ""pack_block"": 1024, ""pack_warps"": 4, ""push"": true, ""reverse"": false, ""schedule"": ""peer_gemm"", ""sms"": 8, ""streams"": 1, ""use_ce"": false}}","{""algo_id"": 66, ""cluster_shape"": 3, ""cta_swizzle"": 0, ""custom"": 1, ""inner_shape"": 0, ""reduction"": 0, ""returned"": 8, ""split_k"": 1, ""stages_id"": 35, ""tile_id"": 29, ""tune_ms"": 0.5117493271827698, ""valid"": 8, ""waves"": 19.838708877563477, ""workspace_bytes"": 4}",full_v2/teub_formal_auto_cp4.json
gemm_a2a/llama3_8b/s131072/cp4,llama3_8b,131072,4,teub,graph,,"[32768, 6144, 4096]",,,3.2434399127960205,3.2971936464309692,,,508.49329292560947,3243.4399127960205,3297.1936464309692,,,"{""nccl_environment"": {""NCCL_GRAPH_REGISTER"": ""1"", ""NCCL_IB_DISABLE"": ""1"", ""NCCL_LOCAL_REGISTER"": ""1""}, ""operator"": {""chunks"": 1, ""local_first"": false, ""math_sms"": 124, ""pack_block"": 1024, ""pack_warps"": 4, ""push"": true, ""reverse"": false, ""schedule"": ""peer_gemm"", ""sms"": 8, ""streams"": 1, ""use_ce"": false}}","{""algo_id"": 66, ""cluster_shape"": 3, ""cta_swizzle"": 0, ""custom"": 1, ""inner_shape"": 0, ""reduction"": 0, ""returned"": 8, ""split_k"": 1, ""stages_id"": 35, ""tile_id"": 29, ""tune_ms"": 0.5117493271827698, ""valid"": 8, ""waves"": 19.838708877563477, ""workspace_bytes"": 4}",full_v2/teub_formal_auto_cp4.json
gemm_a2a/llama3_8b/s131072/cp8,llama3_8b,131072,8,cublaslt_nccl,eager,,"[16384, 6144, 4096]",,,1.9767839908599854,2.008143961429596,,,417.15924685997135,1976.7839908599854,2008.143961429596,,,"{""nccl_environment"": {""NCCL_GRAPH_REGISTER"": ""1"", ""NCCL_IB_DISABLE"": ""1"", ""NCCL_LOCAL_REGISTER"": ""1"", ""NCCL_MAX_P2P_NCHANNELS"": ""24"", ""NCCL_MIN_P2P_NCHANNELS"": ""24"", ""NCCL_P2P_LL_THRESHOLD"": ""65536"", ""NCCL_P2P_NVL_CHUNKSIZE"": ""131072""}, ""operator"": {""chunks"": 1, ""local_first"": false, ""math_sms"": 0, ""pack_block"": 1024, ""pack_warps"": 4, ""push"": true, ""reverse"": false, ""schedule"": ""full"", ""sms"": 0, ""streams"": 3, ""use_ce"": false}}","{""algo_id"": 66, ""cluster_shape"": 3, ""cta_swizzle"": 0, ""custom"": 4, ""inner_shape"": 0, ""reduction"": 0, ""returned"": 8, ""split_k"": 1, ""stages_id"": 35, ""tile_id"": 209, ""tune_ms"": 0.9893013834953308, ""valid"": 8, ""waves"": 20.84848403930664, ""workspace_bytes"": 4}",full_v2/cublaslt_nccl_formal_ch24_chunk128_ll64_cp8.json
gemm_a2a/llama3_8b/s131072/cp8,llama3_8b,131072,8,cublaslt_nccl,graph,,"[16384, 6144, 4096]",,,1.956544041633606,2.001339244842529,,,421.47465290046654,1956.544041633606,2001.3392448425293,,,"{""nccl_environment"": {""NCCL_GRAPH_REGISTER"": ""1"", ""NCCL_IB_DISABLE"": ""1"", ""NCCL_LOCAL_REGISTER"": ""1"", ""NCCL_MAX_P2P_NCHANNELS"": ""24"", ""NCCL_MIN_P2P_NCHANNELS"": ""24"", ""NCCL_P2P_LL_THRESHOLD"": ""65536"", ""NCCL_P2P_NVL_CHUNKSIZE"": ""131072""}, ""operator"": {""chunks"": 1, ""local_first"": false, ""math_sms"": 0, ""pack_block"": 1024, ""pack_warps"": 4, ""push"": true, ""reverse"": false, ""schedule"": ""full"", ""sms"": 0, ""streams"": 3, ""use_ce"": false}}","{""algo_id"": 66, ""cluster_shape"": 3, ""cta_swizzle"": 0, ""custom"": 4, ""inner_shape"": 0, ""reduction"": 0, ""returned"": 8, ""split_k"": 1, ""stages_id"": 35, ""tile_id"": 209, ""tune_ms"": 0.9893013834953308, ""valid"": 8, ""waves"": 20.84848403930664, ""workspace_bytes"": 4}",full_v2/cublaslt_nccl_formal_ch24_chunk128_ll64_cp8.json
gemm_a2a/llama3_8b/s131072/cp8,llama3_8b,131072,8,teub,eager,,"[16384, 6144, 4096]",,,1.911135971546173,1.9446783781051635,,,431.4887758430101,1911.135971546173,1944.6783781051636,,,"{""nccl_environment"": {""NCCL_GRAPH_REGISTER"": ""1"", ""NCCL_IB_DISABLE"": ""1"", ""NCCL_LOCAL_REGISTER"": ""1""}, ""operator"": {""chunks"": 1, ""local_first"": false, ""math_sms"": 124, ""pack_block"": 1024, ""pack_warps"": 4, ""push"": true, ""reverse"": false, ""schedule"": ""peer_gemm"", ""sms"": 8, ""streams"": 1, ""use_ce"": false}}","{""algo_id"": 66, ""cluster_shape"": 3, ""cta_swizzle"": 0, ""custom"": 1, ""inner_shape"": 0, ""reduction"": 0, ""returned"": 8, ""split_k"": 1, ""stages_id"": 35, ""tile_id"": 29, ""tune_ms"": 0.13499200344085693, ""valid"": 8, ""waves"": 4.983870983123779, ""workspace_bytes"": 4}",full_v2/teub_formal_auto_cp8.json
gemm_a2a/llama3_8b/s131072/cp8,llama3_8b,131072,8,teub,graph,,"[16384, 6144, 4096]",,,1.8878400325775146,1.9044432163238525,,,436.81334572935566,1887.8400325775146,1904.4432163238525,,,"{""nccl_environment"": {""NCCL_GRAPH_REGISTER"": ""1"", ""NCCL_IB_DISABLE"": ""1"", ""NCCL_LOCAL_REGISTER"": ""1""}, ""operator"": {""chunks"": 1, ""local_first"": false, ""math_sms"": 124, ""pack_block"": 512, ""pack_warps"": 4, ""push"": true, ""reverse"": false, ""schedule"": ""peer_gemm"", ""sms"": 8, ""streams"": 1, ""use_ce"": true}}","{""algo_id"": 66, ""cluster_shape"": 3, ""cta_swizzle"": 0, ""custom"": 1, ""inner_shape"": 0, ""reduction"": 0, ""returned"": 8, ""split_k"": 1, ""stages_id"": 35, ""tile_id"": 29, ""tune_ms"": 0.13499200344085693, ""valid"": 8, ""waves"": 4.983870983123779, ""workspace_bytes"": 4}",full_v2/teub_formal_auto_cp8.json
gemm_a2a/llama3_8b/s262144/cp4,llama3_8b,262144,4,cublaslt_nccl,eager,,"[65536, 6144, 4096]",,,6.810784101486206,6.999982571601867,,,484.3105924629463,6810.784101486206,6999.982571601868,,,"{""nccl_environment"": {""NCCL_GRAPH_REGISTER"": ""1"", ""NCCL_IB_DISABLE"": ""1"", ""NCCL_LOCAL_REGISTER"": ""1""}, ""operator"": {""chunks"": 1, ""local_first"": false, ""math_sms"": 0, ""pack_block"": 1024, ""pack_warps"": 4, ""push"": true, ""reverse"": false, ""schedule"": ""full"", ""sms"": 0, ""streams"": 3, ""use_ce"": false}}","{""algo_id"": 66, ""cluster_shape"": 3, ""cta_swizzle"": 0, ""custom"": 4, ""inner_shape"": 0, ""reduction"": 0, ""returned"": 8, ""split_k"": 1, ""stages_id"": 35, ""tile_id"": 209, ""tune_ms"": 4.095376014709473, ""valid"": 8, ""waves"": 82.90908813476562, ""workspace_bytes"": 4}",full_v2/cublaslt_nccl_formal_auto_cp4.json
gemm_a2a/llama3_8b/s262144/cp4,llama3_8b,262144,4,cublaslt_nccl,graph,,"[65536, 6144, 4096]",,,6.707616090774536,6.90597128868103,,,491.75964138208667,6707.616090774536,6905.97128868103,,,"{""nccl_environment"": {""NCCL_GRAPH_REGISTER"": ""1"", ""NCCL_IB_DISABLE"": ""1"", ""NCCL_LOCAL_REGISTER"": ""1""}, ""operator"": {""chunks"": 1, ""local_first"": false, ""math_sms"": 0, ""pack_block"": 1024, ""pack_warps"": 4, ""push"": true, ""reverse"": false, ""schedule"": ""full"", ""sms"": 0, ""streams"": 3, ""use_ce"": false}}","{""algo_id"": 66, ""cluster_shape"": 3, ""cta_swizzle"": 0, ""custom"": 4, ""inner_shape"": 0, ""reduction"": 0, ""returned"": 8, ""split_k"": 1, ""stages_id"": 35, ""tile_id"": 209, ""tune_ms"": 4.095376014709473, ""valid"": 8, ""waves"": 82.90908813476562, ""workspace_bytes"": 4}",full_v2/cublaslt_nccl_formal_auto_cp4.json
gemm_a2a/llama3_8b/s262144/cp4,llama3_8b,262144,4,teub,eager,,"[65536, 6144, 4096]",,,6.364671945571899,6.542527985572815,,,518.2568577824178,6364.671945571899,6542.527985572815,,,"{""nccl_environment"": {""NCCL_GRAPH_REGISTER"": ""1"", ""NCCL_IB_DISABLE"": ""1"", ""NCCL_LOCAL_REGISTER"": ""1""}, ""operator"": {""chunks"": 1, ""local_first"": false, ""math_sms"": 120, ""pack_block"": 512, ""pack_warps"": 4, ""push"": true, ""reverse"": false, ""schedule"": ""peer_gemm"", ""sms"": 12, ""streams"": 1, ""use_ce"": true}}","{""algo_id"": 66, ""cluster_shape"": 7, ""cta_swizzle"": 0, ""custom"": 4, ""inner_shape"": 0, ""reduction"": 0, ""returned"": 8, ""split_k"": 1, ""stages_id"": 35, ""tile_id"": 209, ""tune_ms"": 1.0163253545761108, ""valid"": 8, ""waves"": 22.799999237060547, ""workspace_bytes"": 4}",full_v2/teub_formal_auto_cp4.json
gemm_a2a/llama3_8b/s262144/cp4,llama3_8b,262144,4,teub,graph,,"[65536, 6144, 4096]",,,6.443376064300537,6.924326491355896,,,511.9264886002077,6443.376064300537,6924.326491355896,,,"{""nccl_environment"": {""NCCL_GRAPH_REGISTER"": ""1"", ""NCCL_IB_DISABLE"": ""1"", ""NCCL_LOCAL_REGISTER"": ""1""}, ""operator"": {""chunks"": 1, ""local_first"": false, ""math_sms"": 120, ""pack_block"": 512, ""pack_warps"": 4, ""push"": true, ""reverse"": false, ""schedule"": ""peer_gemm"", ""sms"": 12, ""streams"": 1, ""use_ce"": true}}","{""algo_id"": 66, ""cluster_shape"": 7, ""cta_swizzle"": 0, ""custom"": 4, ""inner_shape"": 0, ""reduction"": 0, ""returned"": 8, ""split_k"": 1, ""stages_id"": 35, ""tile_id"": 209, ""tune_ms"": 1.0163253545761108, ""valid"": 8, ""waves"": 22.799999237060547, ""workspace_bytes"": 4}",full_v2/teub_formal_auto_cp4.json
gemm_a2a/llama3_8b/s262144/cp8,llama3_8b,262144,8,cublaslt_nccl,eager,,"[32768, 6144, 4096]",,,3.8602399826049805,3.909543979167938,,,427.24479542617337,3860.2399826049805,3909.5439791679382,,,"{""nccl_environment"": {""NCCL_GRAPH_REGISTER"": ""1"", ""NCCL_IB_DISABLE"": ""1"", ""NCCL_LOCAL_REGISTER"": ""1""}, ""operator"": {""chunks"": 1, ""local_first"": false, ""math_sms"": 0, ""pack_block"": 1024, ""pack_warps"": 4, ""push"": true, ""reverse"": false, ""schedule"": ""full"", ""sms"": 0, ""streams"": 3, ""use_ce"": false}}","{""algo_id"": 66, ""cluster_shape"": 5, ""cta_swizzle"": 0, ""custom"": 6, ""inner_shape"": 0, ""reduction"": 0, ""returned"": 8, ""split_k"": 1, ""stages_id"": 35, ""tile_id"": 209, ""tune_ms"": 1.971098780632019, ""valid"": 8, ""waves"": 41.45454406738281, ""workspace_bytes"": 4}",full_v2/cublaslt_nccl_formal_auto_cp8.json
gemm_a2a/llama3_8b/s262144/cp8,llama3_8b,262144,8,cublaslt_nccl,graph,,"[32768, 6144, 4096]",,,3.8358240127563477,3.8618608117103577,,,429.96431436354374,3835.8240127563477,3861.8608117103577,,,"{""nccl_environment"": {""NCCL_GRAPH_REGISTER"": ""1"", ""NCCL_IB_DISABLE"": ""1"", ""NCCL_LOCAL_REGISTER"": ""1"", ""NCCL_MAX_P2P_NCHANNELS"": ""32"", ""NCCL_MIN_P2P_NCHANNELS"": ""32"", ""NCCL_P2P_LL_THRESHOLD"": ""65536"", ""NCCL_P2P_NVL_CHUNKSIZE"": ""524288""}, ""operator"": {""chunks"": 1, ""local_first"": false, ""math_sms"": 0, ""pack_block"": 1024, ""pack_warps"": 4, ""push"": true, ""reverse"": false, ""schedule"": ""full"", ""sms"": 0, ""streams"": 3, ""use_ce"": false}}","{""algo_id"": 66, ""cluster_shape"": 5, ""cta_swizzle"": 0, ""custom"": 6, ""inner_shape"": 0, ""reduction"": 0, ""returned"": 8, ""split_k"": 1, ""stages_id"": 35, ""tile_id"": 209, ""tune_ms"": 1.9775253534317017, ""valid"": 8, ""waves"": 41.45454406738281, ""workspace_bytes"": 4}",full_v2/cublaslt_nccl_formal_ch32_chunk512_ll64_cp8.json
gemm_a2a/llama3_8b/s262144/cp8,llama3_8b,262144,8,teub,eager,,"[32768, 6144, 4096]",,,3.6722400188446045,3.714151930809021,,,449.1175503781227,3672.2400188446045,3714.151930809021,,,"{""nccl_environment"": {""NCCL_GRAPH_REGISTER"": ""1"", ""NCCL_IB_DISABLE"": ""1"", ""NCCL_LOCAL_REGISTER"": ""1""}, ""operator"": {""chunks"": 1, ""local_first"": false, ""math_sms"": 124, ""pack_block"": 1024, ""pack_warps"": 4, ""push"": true, ""reverse"": false, ""schedule"": ""peer_gemm"", ""sms"": 8, ""streams"": 1, ""use_ce"": false}}","{""algo_id"": 66, ""cluster_shape"": 3, ""cta_swizzle"": 0, ""custom"": 1, ""inner_shape"": 0, ""reduction"": 0, ""returned"": 8, ""split_k"": 1, ""stages_id"": 35, ""tile_id"": 29, ""tune_ms"": 0.2656213343143463, ""valid"": 8, ""waves"": 9.919354438781738, ""workspace_bytes"": 4}",full_v2/teub_formal_auto_cp8.json
gemm_a2a/llama3_8b/s262144/cp8,llama3_8b,262144,8,teub,graph,,"[32768, 6144, 4096]",,,3.7068480253219604,3.744665563106537,,,444.92448311817475,3706.8480253219604,3744.665563106537,,,"{""nccl_environment"": {""NCCL_GRAPH_REGISTER"": ""1"", ""NCCL_IB_DISABLE"": ""1"", ""NCCL_LOCAL_REGISTER"": ""1""}, ""operator"": {""chunks"": 1, ""local_first"": false, ""math_sms"": 124, ""pack_block"": 1024, ""pack_warps"": 4, ""push"": true, ""reverse"": false, ""schedule"": ""peer_gemm"", ""sms"": 8, ""streams"": 1, ""use_ce"": false}}","{""algo_id"": 66, ""cluster_shape"": 3, ""cta_swizzle"": 0, ""custom"": 1, ""inner_shape"": 0, ""reduction"": 0, ""returned"": 8, ""split_k"": 1, ""stages_id"": 35, ""tile_id"": 29, ""tune_ms"": 0.2656213343143463, ""valid"": 8, ""waves"": 9.919354438781738, ""workspace_bytes"": 4}",full_v2/teub_formal_auto_cp8.json
gemm_a2a/llama3_8b/s524288/cp4,llama3_8b,524288,4,cublaslt_nccl,eager,,"[131072, 6144, 4096]",,,13.762880325317383,14.401070070266723,,,479.3378719220874,13762.880325317383,14401.070070266724,,,"{""nccl_environment"": {""NCCL_GRAPH_REGISTER"": ""1"", ""NCCL_IB_DISABLE"": ""1"", ""NCCL_LOCAL_REGISTER"": ""1""}, ""operator"": {""chunks"": 1, ""local_first"": false, ""math_sms"": 0, ""pack_block"": 1024, ""pack_warps"": 4, ""push"": true, ""reverse"": false, ""schedule"": ""full"", ""sms"": 0, ""streams"": 3, ""use_ce"": false}}","{""algo_id"": 66, ""cluster_shape"": 3, ""cta_swizzle"": 0, ""custom"": 4, ""inner_shape"": 0, ""reduction"": 0, ""returned"": 8, ""split_k"": 1, ""stages_id"": 35, ""tile_id"": 23, ""tune_ms"": 8.748218536376953, ""valid"": 8, ""waves"": 186.18182373046875, ""workspace_bytes"": 4}",full_v2/cublaslt_nccl_formal_auto_cp4.json
gemm_a2a/llama3_8b/s524288/cp4,llama3_8b,524288,4,cublaslt_nccl,graph,,"[131072, 6144, 4096]",,,13.780879974365234,14.076502227783203,,,478.71179336353447,13780.879974365234,14076.502227783203,,,"{""nccl_environment"": {""NCCL_GRAPH_REGISTER"": ""1"", ""NCCL_IB_DISABLE"": ""1"", ""NCCL_LOCAL_REGISTER"": ""1""}, ""operator"": {""chunks"": 1, ""local_first"": false, ""math_sms"": 0, ""pack_block"": 1024, ""pack_warps"": 4, ""push"": true, ""reverse"": false, ""schedule"": ""full"", ""sms"": 0, ""streams"": 3, ""use_ce"": false}}","{""algo_id"": 66, ""cluster_shape"": 3, ""cta_swizzle"": 0, ""custom"": 4, ""inner_shape"": 0, ""reduction"": 0, ""returned"": 8, ""split_k"": 1, ""stages_id"": 35, ""tile_id"": 23, ""tune_ms"": 8.748218536376953, ""valid"": 8, ""waves"": 186.18182373046875, ""workspace_bytes"": 4}",full_v2/cublaslt_nccl_formal_auto_cp4.json
gemm_a2a/llama3_8b/s524288/cp4,llama3_8b,524288,4,teub,eager,,"[131072, 6144, 4096]",,,12.88966417312622,13.135601949691772,,,511.81083370738946,12889.66417312622,13135.601949691772,,,"{""nccl_environment"": {""NCCL_GRAPH_REGISTER"": ""1"", ""NCCL_IB_DISABLE"": ""1"", ""NCCL_LOCAL_REGISTER"": ""1""}, ""operator"": {""chunks"": 1, ""local_first"": false, ""math_sms"": 120, ""pack_block"": 512, ""pack_warps"": 4, ""push"": true, ""reverse"": false, ""schedule"": ""peer_gemm"", ""sms"": 12, ""streams"": 1, ""use_ce"": true}}","{""algo_id"": 66, ""cluster_shape"": 7, ""cta_swizzle"": 0, ""custom"": 4, ""inner_shape"": 0, ""reduction"": 0, ""returned"": 8, ""split_k"": 1, ""stages_id"": 35, ""tile_id"": 209, ""tune_ms"": 2.022768020629883, ""valid"": 8, ""waves"": 45.53333282470703, ""workspace_bytes"": 4}",full_v2/teub_formal_auto_cp4.json
gemm_a2a/llama3_8b/s524288/cp4,llama3_8b,524288,4,teub,graph,,"[131072, 6144, 4096]",,,12.98528003692627,13.214164781570435,,,508.04216373431285,12985.28003692627,13214.164781570435,,,"{""nccl_environment"": {""NCCL_GRAPH_REGISTER"": ""1"", ""NCCL_IB_DISABLE"": ""1"", ""NCCL_LOCAL_REGISTER"": ""1""}, ""operator"": {""chunks"": 1, ""local_first"": false, ""math_sms"": 120, ""pack_block"": 512, ""pack_warps"": 4, ""push"": true, ""reverse"": false, ""schedule"": ""peer_gemm"", ""sms"": 12, ""streams"": 1, ""use_ce"": true}}","{""algo_id"": 66, ""cluster_shape"": 7, ""cta_swizzle"": 0, ""custom"": 4, ""inner_shape"": 0, ""reduction"": 0, ""returned"": 8, ""split_k"": 1, ""stages_id"": 35, ""tile_id"": 209, ""tune_ms"": 2.022768020629883, ""valid"": 8, ""waves"": 45.53333282470703, ""workspace_bytes"": 4}",full_v2/teub_formal_auto_cp4.json
gemm_a2a/llama3_8b/s524288/cp8,llama3_8b,524288,8,cublaslt_nccl,eager,,"[65536, 6144, 4096]",,,7.52236795425415,7.60383825302124,,,438.49688068802436,7522.36795425415,7603.83825302124,,,"{""nccl_environment"": {""NCCL_GRAPH_REGISTER"": ""1"", ""NCCL_IB_DISABLE"": ""1"", ""NCCL_LOCAL_REGISTER"": ""1"", ""NCCL_MAX_P2P_NCHANNELS"": ""24"", ""NCCL_MIN_P2P_NCHANNELS"": ""24"", ""NCCL_P2P_LL_THRESHOLD"": ""65536"", ""NCCL_P2P_NVL_CHUNKSIZE"": ""131072""}, ""operator"": {""chunks"": 1, ""local_first"": false, ""math_sms"": 0, ""pack_block"": 1024, ""pack_warps"": 4, ""push"": true, ""reverse"": false, ""schedule"": ""full"", ""sms"": 0, ""streams"": 3, ""use_ce"": false}}","{""algo_id"": 66, ""cluster_shape"": 3, ""cta_swizzle"": 0, ""custom"": 4, ""inner_shape"": 0, ""reduction"": 0, ""returned"": 8, ""split_k"": 1, ""stages_id"": 35, ""tile_id"": 23, ""tune_ms"": 3.8295199871063232, ""valid"": 8, ""waves"": 93.09091186523438, ""workspace_bytes"": 4}",full_v2/cublaslt_nccl_formal_ch24_chunk128_ll64_cp8.json
gemm_a2a/llama3_8b/s524288/cp8,llama3_8b,524288,8,cublaslt_nccl,graph,,"[65536, 6144, 4096]",,,7.493312120437622,7.556823801994324,,,440.19718254247226,7493.312120437622,7556.823801994324,,,"{""nccl_environment"": {""NCCL_GRAPH_REGISTER"": ""1"", ""NCCL_IB_DISABLE"": ""1"", ""NCCL_LOCAL_REGISTER"": ""1"", ""NCCL_MAX_P2P_NCHANNELS"": ""24"", ""NCCL_MIN_P2P_NCHANNELS"": ""24"", ""NCCL_P2P_LL_THRESHOLD"": ""65536"", ""NCCL_P2P_NVL_CHUNKSIZE"": ""131072""}, ""operator"": {""chunks"": 1, ""local_first"": false, ""math_sms"": 0, ""pack_block"": 1024, ""pack_warps"": 4, ""push"": true, ""reverse"": false, ""schedule"": ""full"", ""sms"": 0, ""streams"": 3, ""use_ce"": false}}","{""algo_id"": 66, ""cluster_shape"": 3, ""cta_swizzle"": 0, ""custom"": 4, ""inner_shape"": 0, ""reduction"": 0, ""returned"": 8, ""split_k"": 1, ""stages_id"": 35, ""tile_id"": 23, ""tune_ms"": 3.8295199871063232, ""valid"": 8, ""waves"": 93.09091186523438, ""workspace_bytes"": 4}",full_v2/cublaslt_nccl_formal_ch24_chunk128_ll64_cp8.json
gemm_a2a/llama3_8b/s524288/cp8,llama3_8b,524288,8,teub,eager,,"[65536, 6144, 4096]",,,7.197360038757324,7.290649461746216,,,458.2978849974991,7197.360038757324,7290.649461746216,,,"{""nccl_environment"": {""NCCL_GRAPH_REGISTER"": ""1"", ""NCCL_IB_DISABLE"": ""1"", ""NCCL_LOCAL_REGISTER"": ""1""}, ""operator"": {""chunks"": 1, ""local_first"": false, ""math_sms"": 124, ""pack_block"": 1024, ""pack_warps"": 4, ""push"": true, ""reverse"": false, ""schedule"": ""peer_gemm"", ""sms"": 8, ""streams"": 1, ""use_ce"": false}}","{""algo_id"": 66, ""cluster_shape"": 8, ""cta_swizzle"": 0, ""custom"": 7, ""inner_shape"": 0, ""reduction"": 0, ""returned"": 8, ""split_k"": 1, ""stages_id"": 35, ""tile_id"": 24, ""tune_ms"": 0.5248533487319946, ""valid"": 8, ""waves"": 12.387096405029297, ""workspace_bytes"": 4}",full_v2/teub_formal_auto_cp8.json
gemm_a2a/llama3_8b/s524288/cp8,llama3_8b,524288,8,teub,graph,,"[65536, 6144, 4096]",,,7.277616024017334,7.784200048446655,,,453.24387442842414,7277.616024017334,7784.200048446655,,,"{""nccl_environment"": {""NCCL_GRAPH_REGISTER"": ""1"", ""NCCL_IB_DISABLE"": ""1"", ""NCCL_LOCAL_REGISTER"": ""1""}, ""operator"": {""chunks"": 1, ""local_first"": false, ""math_sms"": 124, ""pack_block"": 1024, ""pack_warps"": 4, ""push"": true, ""reverse"": false, ""schedule"": ""peer_gemm"", ""sms"": 8, ""streams"": 1, ""use_ce"": false}}","{""algo_id"": 66, ""cluster_shape"": 8, ""cta_swizzle"": 0, ""custom"": 7, ""inner_shape"": 0, ""reduction"": 0, ""returned"": 8, ""split_k"": 1, ""stages_id"": 35, ""tile_id"": 24, ""tune_ms"": 0.5248533487319946, ""valid"": 8, ""waves"": 12.387096405029297, ""workspace_bytes"": 4}",full_v2/teub_formal_auto_cp8.json
gemm_a2a/qwen25_14b_32b/s1024/cp4,qwen25_14b_32b,1024,4,cublaslt_nccl,eager,,"[256, 7168, 5120]",,,0.12467200309038162,0.14015520438551904,,,150.71933917976548,124.67200309038162,140.15520438551903,,,"{""nccl_environment"": {""NCCL_GRAPH_REGISTER"": ""1"", ""NCCL_IB_DISABLE"": ""1"", ""NCCL_LOCAL_REGISTER"": ""1""}, ""operator"": {""chunks"": 1, ""local_first"": false, ""math_sms"": 0, ""pack_block"": 1024, ""pack_warps"": 4, ""push"": true, ""reverse"": false, ""schedule"": ""full"", ""sms"": 0, ""streams"": 3, ""use_ce"": false}}","{""algo_id"": 66, ""cluster_shape"": 3, ""cta_swizzle"": 0, ""custom"": 0, ""inner_shape"": 0, ""reduction"": 0, ""returned"": 8, ""split_k"": 1, ""stages_id"": 35, ""tile_id"": 165, ""tune_ms"": 0.030053332448005676, ""valid"": 8, ""waves"": 0.9696969985961914, ""workspace_bytes"": 0}",full_v2/cublaslt_nccl_formal_auto_cp4.json
gemm_a2a/qwen25_14b_32b/s1024/cp4,qwen25_14b_32b,1024,4,cublaslt_nccl,graph,,"[256, 7168, 5120]",,,0.10343999788165092,0.10939999856054783,,,181.655861415415,103.43999788165092,109.39999856054783,,,"{""nccl_environment"": {""NCCL_GRAPH_REGISTER"": ""1"", ""NCCL_IB_DISABLE"": ""1"", ""NCCL_LOCAL_REGISTER"": ""1""}, ""operator"": {""chunks"": 1, ""local_first"": false, ""math_sms"": 0, ""pack_block"": 1024, ""pack_warps"": 4, ""push"": true, ""reverse"": false, ""schedule"": ""full"", ""sms"": 0, ""streams"": 3, ""use_ce"": false}}","{""algo_id"": 66, ""cluster_shape"": 3, ""cta_swizzle"": 0, ""custom"": 0, ""inner_shape"": 0, ""reduction"": 0, ""returned"": 8, ""split_k"": 1, ""stages_id"": 35, ""tile_id"": 165, ""tune_ms"": 0.030053332448005676, ""valid"": 8, ""waves"": 0.9696969985961914, ""workspace_bytes"": 0}",full_v2/cublaslt_nccl_formal_auto_cp4.json
gemm_a2a/qwen25_14b_32b/s1024/cp4,qwen25_14b_32b,1024,4,teub,eager,,"[256, 7168, 5120]",,,0.1627200022339821,0.1871984019875526,,,115.47739467813157,162.7200022339821,187.19840198755261,,,"{""nccl_environment"": {""NCCL_GRAPH_REGISTER"": ""1"", ""NCCL_IB_DISABLE"": ""1"", ""NCCL_LOCAL_REGISTER"": ""1""}, ""operator"": {""chunks"": 1, ""local_first"": false, ""math_sms"": 0, ""pack_block"": 1024, ""pack_warps"": 4, ""push"": true, ""reverse"": false, ""schedule"": ""full"", ""sms"": 4, ""streams"": 3, ""use_ce"": false}}","{""algo_id"": 66, ""cluster_shape"": 3, ""cta_swizzle"": 0, ""custom"": 0, ""inner_shape"": 0, ""reduction"": 0, ""returned"": 8, ""split_k"": 1, ""stages_id"": 35, ""tile_id"": 165, ""tune_ms"": 0.02919466607272625, ""valid"": 8, ""waves"": 0.9696969985961914, ""workspace_bytes"": 0}",full_v2/teub_formal_auto_cp4.json
gemm_a2a/qwen25_14b_32b/s1024/cp4,qwen25_14b_32b,1024,4,teub,graph,,"[256, 7168, 5120]",,,0.10740799829363823,0.11435519903898239,,,174.94490371777982,107.40799829363823,114.35519903898239,,,"{""nccl_environment"": {""NCCL_GRAPH_REGISTER"": ""1"", ""NCCL_IB_DISABLE"": ""1"", ""NCCL_LOCAL_REGISTER"": ""1""}, ""operator"": {""chunks"": 1, ""local_first"": false, ""math_sms"": 124, ""pack_block"": 1024, ""pack_warps"": 4, ""push"": true, ""reverse"": false, ""schedule"": ""peer_gemm"", ""sms"": 8, ""streams"": 1, ""use_ce"": false}}","{""algo_id"": 66, ""cluster_shape"": 7, ""cta_swizzle"": 0, ""custom"": 3, ""inner_shape"": 0, ""reduction"": 0, ""returned"": 8, ""split_k"": 1, ""stages_id"": 35, ""tile_id"": 15, ""tune_ms"": 0.01317866612225771, ""valid"": 8, ""waves"": 0.9032257795333862, ""workspace_bytes"": 0}",full_v2/teub_formal_auto_cp4.json
gemm_a2a/qwen25_14b_32b/s1024/cp8,qwen25_14b_32b,1024,8,cublaslt_nccl,eager,,"[128, 7168, 5120]",,,0.13491199910640717,0.18109759539365766,,,69.63977275727586,134.91199910640717,181.09759539365766,,,"{""nccl_environment"": {""NCCL_GRAPH_REGISTER"": ""1"", ""NCCL_IB_DISABLE"": ""1"", ""NCCL_LOCAL_REGISTER"": ""1"", ""NCCL_MAX_P2P_NCHANNELS"": ""24"", ""NCCL_MIN_P2P_NCHANNELS"": ""24"", ""NCCL_P2P_LL_THRESHOLD"": ""65536"", ""NCCL_P2P_NVL_CHUNKSIZE"": ""131072""}, ""operator"": {""chunks"": 1, ""local_first"": false, ""math_sms"": 0, ""pack_block"": 1024, ""pack_warps"": 4, ""push"": true, ""reverse"": false, ""schedule"": ""full"", ""sms"": 0, ""streams"": 3, ""use_ce"": false}}","{""algo_id"": 66, ""cluster_shape"": 4, ""cta_swizzle"": 0, ""custom"": 0, ""inner_shape"": 0, ""reduction"": 0, ""returned"": 8, ""split_k"": 1, ""stages_id"": 35, ""tile_id"": 17, ""tune_ms"": 0.024832000955939293, ""valid"": 8, ""waves"": 0.8484848737716675, ""workspace_bytes"": 0}",full_v2/cublaslt_nccl_formal_ch24_chunk128_ll64_cp8.json
gemm_a2a/qwen25_14b_32b/s1024/cp8,qwen25_14b_32b,1024,8,cublaslt_nccl,graph,,"[128, 7168, 5120]",,,0.11401600018143654,0.2663695976138112,,,82.40282894549112,114.01600018143654,266.3695976138112,,,"{""nccl_environment"": {""NCCL_GRAPH_REGISTER"": ""1"", ""NCCL_IB_DISABLE"": ""1"", ""NCCL_LOCAL_REGISTER"": ""1"", ""NCCL_MAX_P2P_NCHANNELS"": ""32"", ""NCCL_MIN_P2P_NCHANNELS"": ""32"", ""NCCL_P2P_LL_THRESHOLD"": ""65536"", ""NCCL_P2P_NVL_CHUNKSIZE"": ""524288""}, ""operator"": {""chunks"": 1, ""local_first"": false, ""math_sms"": 0, ""pack_block"": 1024, ""pack_warps"": 4, ""push"": true, ""reverse"": false, ""schedule"": ""full"", ""sms"": 0, ""streams"": 3, ""use_ce"": false}}","{""algo_id"": 66, ""cluster_shape"": 4, ""cta_swizzle"": 0, ""custom"": 0, ""inner_shape"": 0, ""reduction"": 0, ""returned"": 8, ""split_k"": 1, ""stages_id"": 35, ""tile_id"": 17, ""tune_ms"": 0.025151999667286873, ""valid"": 8, ""waves"": 0.8484848737716675, ""workspace_bytes"": 0}",full_v2/cublaslt_nccl_formal_ch32_chunk512_ll64_cp8.json
gemm_a2a/qwen25_14b_32b/s1024/cp8,qwen25_14b_32b,1024,8,teub,eager,,"[128, 7168, 5120]",,,0.23582400381565094,0.4549456030130385,,,39.84005363315126,235.82400381565094,454.94560301303846,,,"{""nccl_environment"": {""NCCL_GRAPH_REGISTER"": ""1"", ""NCCL_IB_DISABLE"": ""1"", ""NCCL_LOCAL_REGISTER"": ""1""}, ""operator"": {""chunks"": 1, ""local_first"": false, ""math_sms"": 0, ""pack_block"": 1024, ""pack_warps"": 4, ""push"": true, ""reverse"": false, ""schedule"": ""full"", ""sms"": 8, ""streams"": 3, ""use_ce"": false}}","{""algo_id"": 66, ""cluster_shape"": 4, ""cta_swizzle"": 0, ""custom"": 0, ""inner_shape"": 0, ""reduction"": 0, ""returned"": 8, ""split_k"": 1, ""stages_id"": 35, ""tile_id"": 17, ""tune_ms"": 0.024720000103116035, ""valid"": 8, ""waves"": 0.8484848737716675, ""workspace_bytes"": 0}",full_v2/teub_formal_auto_cp8.json
gemm_a2a/qwen25_14b_32b/s1024/cp8,qwen25_14b_32b,1024,8,teub,graph,,"[128, 7168, 5120]",,,0.10548799857497215,0.11756159961223601,,,89.06454845024517,105.48799857497215,117.56159961223601,,,"{""nccl_environment"": {""NCCL_GRAPH_REGISTER"": ""1"", ""NCCL_IB_DISABLE"": ""1"", ""NCCL_LOCAL_REGISTER"": ""1""}, ""operator"": {""chunks"": 1, ""local_first"": false, ""math_sms"": 0, ""pack_block"": 1024, ""pack_warps"": 4, ""push"": true, ""reverse"": false, ""schedule"": ""full"", ""sms"": 16, ""streams"": 3, ""use_ce"": false}}","{""algo_id"": 66, ""cluster_shape"": 4, ""cta_swizzle"": 0, ""custom"": 0, ""inner_shape"": 0, ""reduction"": 0, ""returned"": 8, ""split_k"": 1, ""stages_id"": 35, ""tile_id"": 17, ""tune_ms"": 0.024720000103116035, ""valid"": 8, ""waves"": 0.8484848737716675, ""workspace_bytes"": 0}",full_v2/teub_formal_auto_cp8.json
gemm_a2a/qwen25_14b_32b/s4096/cp4,qwen25_14b_32b,4096,4,cublaslt_nccl,eager,,"[1024, 7168, 5120]",,,0.22735999524593353,0.23534879833459854,,,330.58554385831127,227.35999524593353,235.34879833459854,,,"{""nccl_environment"": {""NCCL_GRAPH_REGISTER"": ""1"", ""NCCL_IB_DISABLE"": ""1"", ""NCCL_LOCAL_REGISTER"": ""1"", ""NCCL_MAX_P2P_NCHANNELS"": ""24"", ""NCCL_MIN_P2P_NCHANNELS"": ""24"", ""NCCL_P2P_LL_THRESHOLD"": ""65536"", ""NCCL_P2P_NVL_CHUNKSIZE"": ""131072""}, ""operator"": {""chunks"": 1, ""local_first"": false, ""math_sms"": 0, ""pack_block"": 1024, ""pack_warps"": 4, ""push"": true, ""reverse"": false, ""schedule"": ""full"", ""sms"": 0, ""streams"": 3, ""use_ce"": false}}","{""algo_id"": 66, ""cluster_shape"": 3, ""cta_swizzle"": 0, ""custom"": 0, ""inner_shape"": 0, ""reduction"": 0, ""returned"": 8, ""split_k"": 1, ""stages_id"": 35, ""tile_id"": 165, ""tune_ms"": 0.0971359983086586, ""valid"": 8, ""waves"": 3.8787879943847656, ""workspace_bytes"": 4}",full_v2/cublaslt_nccl_formal_ch24_chunk128_ll64_cp4.json
gemm_a2a/qwen25_14b_32b/s4096/cp4,qwen25_14b_32b,4096,4,cublaslt_nccl,graph,,"[1024, 7168, 5120]",,,0.21691199392080307,0.22584479451179504,,,346.50885975186065,216.91199392080307,225.84479451179504,,,"{""nccl_environment"": {""NCCL_GRAPH_REGISTER"": ""1"", ""NCCL_IB_DISABLE"": ""1"", ""NCCL_LOCAL_REGISTER"": ""1""}, ""operator"": {""chunks"": 1, ""local_first"": false, ""math_sms"": 0, ""pack_block"": 1024, ""pack_warps"": 4, ""push"": true, ""reverse"": false, ""schedule"": ""full"", ""sms"": 0, ""streams"": 3, ""use_ce"": false}}","{""algo_id"": 66, ""cluster_shape"": 3, ""cta_swizzle"": 0, ""custom"": 0, ""inner_shape"": 0, ""reduction"": 0, ""returned"": 8, ""split_k"": 1, ""stages_id"": 35, ""tile_id"": 165, ""tune_ms"": 0.09702400118112564, ""valid"": 8, ""waves"": 3.8787879943847656, ""workspace_bytes"": 4}",full_v2/cublaslt_nccl_formal_auto_cp4.json
gemm_a2a/qwen25_14b_32b/s4096/cp4,qwen25_14b_32b,4096,4,teub,eager,,"[1024, 7168, 5120]",,,0.215999998152256,0.22766399756073952,,,347.9718903840878,215.999998152256,227.66399756073952,,,"{""nccl_environment"": {""NCCL_GRAPH_REGISTER"": ""1"", ""NCCL_IB_DISABLE"": ""1"", ""NCCL_LOCAL_REGISTER"": ""1""}, ""operator"": {""chunks"": 1, ""local_first"": false, ""math_sms"": 124, ""pack_block"": 1024, ""pack_warps"": 4, ""push"": true, ""reverse"": false, ""schedule"": ""peer_gemm"", ""sms"": 8, ""streams"": 1, ""use_ce"": false}}","{""algo_id"": 66, ""cluster_shape"": 9, ""cta_swizzle"": 0, ""custom"": 1, ""inner_shape"": 0, ""reduction"": 0, ""returned"": 8, ""split_k"": 1, ""stages_id"": 35, ""tile_id"": 20, ""tune_ms"": 0.029664000496268272, ""valid"": 8, ""waves"": 0.9032257795333862, ""workspace_bytes"": 0}",full_v2/teub_formal_auto_cp4.json
gemm_a2a/qwen25_14b_32b/s4096/cp4,qwen25_14b_32b,4096,4,teub,graph,,"[1024, 7168, 5120]",,,0.18726399540901184,0.1982799991965294,,,401.3688136677603,187.26399540901184,198.2799991965294,,,"{""nccl_environment"": {""NCCL_GRAPH_REGISTER"": ""1"", ""NCCL_IB_DISABLE"": ""1"", ""NCCL_LOCAL_REGISTER"": ""1""}, ""operator"": {""chunks"": 1, ""local_first"": false, ""math_sms"": 124, ""pack_block"": 1024, ""pack_warps"": 4, ""push"": true, ""reverse"": false, ""schedule"": ""peer_gemm"", ""sms"": 8, ""streams"": 1, ""use_ce"": false}}","{""algo_id"": 66, ""cluster_shape"": 9, ""cta_swizzle"": 0, ""custom"": 1, ""inner_shape"": 0, ""reduction"": 0, ""returned"": 8, ""split_k"": 1, ""stages_id"": 35, ""tile_id"": 20, ""tune_ms"": 0.029664000496268272, ""valid"": 8, ""waves"": 0.9032257795333862, ""workspace_bytes"": 0}",full_v2/teub_formal_auto_cp4.json
gemm_a2a/qwen25_14b_32b/s4096/cp8,qwen25_14b_32b,4096,8,cublaslt_nccl,eager,,"[512, 7168, 5120]",,,0.18879999965429306,0.21015200167894363,,,199.0517156187159,188.79999965429306,210.15200167894363,,,"{""nccl_environment"": {""NCCL_GRAPH_REGISTER"": ""1"", ""NCCL_IB_DISABLE"": ""1"", ""NCCL_LOCAL_REGISTER"": ""1""}, ""operator"": {""chunks"": 1, ""local_first"": false, ""math_sms"": 0, ""pack_block"": 1024, ""pack_warps"": 4, ""push"": true, ""reverse"": false, ""schedule"": ""full"", ""sms"": 0, ""streams"": 3, ""use_ce"": false}}","{""algo_id"": 66, ""cluster_shape"": 3, ""cta_swizzle"": 0, ""custom"": 0, ""inner_shape"": 0, ""reduction"": 0, ""returned"": 8, ""split_k"": 1, ""stages_id"": 35, ""tile_id"": 165, ""tune_ms"": 0.05046933516860008, ""valid"": 8, ""waves"": 1.9393939971923828, ""workspace_bytes"": 0}",full_v2/cublaslt_nccl_formal_auto_cp8.json
gemm_a2a/qwen25_14b_32b/s4096/cp8,qwen25_14b_32b,4096,8,cublaslt_nccl,graph,,"[512, 7168, 5120]",,,0.18089599907398224,0.20009280294179915,,,207.74900513211608,180.89599907398224,200.09280294179916,,,"{""nccl_environment"": {""NCCL_GRAPH_REGISTER"": ""1"", ""NCCL_IB_DISABLE"": ""1"", ""NCCL_LOCAL_REGISTER"": ""1""}, ""operator"": {""chunks"": 1, ""local_first"": false, ""math_sms"": 0, ""pack_block"": 1024, ""pack_warps"": 4, ""push"": true, ""reverse"": false, ""schedule"": ""full"", ""sms"": 0, ""streams"": 3, ""use_ce"": false}}","{""algo_id"": 66, ""cluster_shape"": 3, ""cta_swizzle"": 0, ""custom"": 0, ""inner_shape"": 0, ""reduction"": 0, ""returned"": 8, ""split_k"": 1, ""stages_id"": 35, ""tile_id"": 165, ""tune_ms"": 0.05046933516860008, ""valid"": 8, ""waves"": 1.9393939971923828, ""workspace_bytes"": 0}",full_v2/cublaslt_nccl_formal_auto_cp8.json
gemm_a2a/qwen25_14b_32b/s4096/cp8,qwen25_14b_32b,4096,8,teub,eager,,"[512, 7168, 5120]",,,0.23903999477624893,0.25095520690083506,,,157.21621762574625,239.03999477624893,250.95520690083504,,,"{""nccl_environment"": {""NCCL_GRAPH_REGISTER"": ""1"", ""NCCL_IB_DISABLE"": ""1"", ""NCCL_LOCAL_REGISTER"": ""1""}, ""operator"": {""chunks"": 1, ""local_first"": false, ""math_sms"": 0, ""pack_block"": 1024, ""pack_warps"": 4, ""push"": true, ""reverse"": false, ""schedule"": ""full"", ""sms"": 16, ""streams"": 3, ""use_ce"": false}}","{""algo_id"": 66, ""cluster_shape"": 3, ""cta_swizzle"": 0, ""custom"": 0, ""inner_shape"": 0, ""reduction"": 0, ""returned"": 8, ""split_k"": 1, ""stages_id"": 35, ""tile_id"": 165, ""tune_ms"": 0.049850668758153915, ""valid"": 8, ""waves"": 1.9393939971923828, ""workspace_bytes"": 0}",full_v2/teub_formal_auto_cp8.json
gemm_a2a/qwen25_14b_32b/s4096/cp8,qwen25_14b_32b,4096,8,teub,graph,,"[512, 7168, 5120]",,,0.17192000150680542,0.17997919544577598,,,218.59564629257153,171.92000150680542,179.97919544577599,,,"{""nccl_environment"": {""NCCL_GRAPH_REGISTER"": ""1"", ""NCCL_IB_DISABLE"": ""1"", ""NCCL_LOCAL_REGISTER"": ""1""}, ""operator"": {""chunks"": 1, ""local_first"": false, ""math_sms"": 0, ""pack_block"": 1024, ""pack_warps"": 4, ""push"": true, ""reverse"": false, ""schedule"": ""full"", ""sms"": 4, ""streams"": 3, ""use_ce"": false}}","{""algo_id"": 66, ""cluster_shape"": 3, ""cta_swizzle"": 0, ""custom"": 0, ""inner_shape"": 0, ""reduction"": 0, ""returned"": 8, ""split_k"": 1, ""stages_id"": 35, ""tile_id"": 165, ""tune_ms"": 0.049850668758153915, ""valid"": 8, ""waves"": 1.9393939971923828, ""workspace_bytes"": 0}",full_v2/teub_formal_auto_cp8.json
gemm_a2a/qwen25_14b_32b/s16384/cp4,qwen25_14b_32b,16384,4,cublaslt_nccl,eager,,"[4096, 7168, 5120]",,,0.6551039814949036,0.6719919860363006,,,458.9312829910482,655.1039814949036,671.9919860363007,,,"{""nccl_environment"": {""NCCL_GRAPH_REGISTER"": ""1"", ""NCCL_IB_DISABLE"": ""1"", ""NCCL_LOCAL_REGISTER"": ""1"", ""NCCL_MAX_P2P_NCHANNELS"": ""32"", ""NCCL_MIN_P2P_NCHANNELS"": ""32"", ""NCCL_P2P_LL_THRESHOLD"": ""65536"", ""NCCL_P2P_NVL_CHUNKSIZE"": ""524288""}, ""operator"": {""chunks"": 1, ""local_first"": false, ""math_sms"": 0, ""pack_block"": 1024, ""pack_warps"": 4, ""push"": true, ""reverse"": false, ""schedule"": ""full"", ""sms"": 0, ""streams"": 3, ""use_ce"": false}}","{""algo_id"": 66, ""cluster_shape"": 5, ""cta_swizzle"": 0, ""custom"": 2, ""inner_shape"": 0, ""reduction"": 0, ""returned"": 8, ""split_k"": 1, ""stages_id"": 35, ""tile_id"": 201, ""tune_ms"": 0.3590026795864105, ""valid"": 8, ""waves"": 9.939393997192383, ""workspace_bytes"": 4}",full_v2/cublaslt_nccl_formal_ch32_chunk512_ll64_cp4.json
gemm_a2a/qwen25_14b_32b/s16384/cp4,qwen25_14b_32b,16384,4,cublaslt_nccl,graph,,"[4096, 7168, 5120]",,,0.6324799954891205,0.6480304270982742,,,475.34738310181314,632.4799954891205,648.0304270982742,,,"{""nccl_environment"": {""NCCL_GRAPH_REGISTER"": ""1"", ""NCCL_IB_DISABLE"": ""1"", ""NCCL_LOCAL_REGISTER"": ""1"", ""NCCL_MAX_P2P_NCHANNELS"": ""32"", ""NCCL_MIN_P2P_NCHANNELS"": ""32"", ""NCCL_P2P_LL_THRESHOLD"": ""65536"", ""NCCL_P2P_NVL_CHUNKSIZE"": ""524288""}, ""operator"": {""chunks"": 1, ""local_first"": false, ""math_sms"": 0, ""pack_block"": 1024, ""pack_warps"": 4, ""push"": true, ""reverse"": false, ""schedule"": ""full"", ""sms"": 0, ""streams"": 3, ""use_ce"": false}}","{""algo_id"": 66, ""cluster_shape"": 5, ""cta_swizzle"": 0, ""custom"": 2, ""inner_shape"": 0, ""reduction"": 0, ""returned"": 8, ""split_k"": 1, ""stages_id"": 35, ""tile_id"": 201, ""tune_ms"": 0.3590026795864105, ""valid"": 8, ""waves"": 9.939393997192383, ""workspace_bytes"": 4}",full_v2/cublaslt_nccl_formal_ch32_chunk512_ll64_cp4.json
gemm_a2a/qwen25_14b_32b/s16384/cp4,qwen25_14b_32b,16384,4,teub,eager,,"[4096, 7168, 5120]",,,0.6016159951686859,0.6085904002189636,,,499.7335728012052,601.6159951686859,608.5904002189636,,,"{""nccl_environment"": {""NCCL_GRAPH_REGISTER"": ""1"", ""NCCL_IB_DISABLE"": ""1"", ""NCCL_LOCAL_REGISTER"": ""1""}, ""operator"": {""chunks"": 1, ""local_first"": false, ""math_sms"": 124, ""pack_block"": 512, ""pack_warps"": 4, ""push"": true, ""reverse"": false, ""schedule"": ""peer_gemm"", ""sms"": 8, ""streams"": 1, ""use_ce"": true}}","{""algo_id"": 66, ""cluster_shape"": 3, ""cta_swizzle"": 0, ""custom"": 1, ""inner_shape"": 0, ""reduction"": 0, ""returned"": 8, ""split_k"": 1, ""stages_id"": 35, ""tile_id"": 29, ""tune_ms"": 0.09917866438627243, ""valid"": 8, ""waves"": 2.935483932495117, ""workspace_bytes"": 4}",full_v2/teub_formal_auto_cp4.json
gemm_a2a/qwen25_14b_32b/s16384/cp4,qwen25_14b_32b,16384,4,teub,graph,,"[4096, 7168, 5120]",,,0.5793119966983795,0.589791989326477,,,518.9737351089815,579.3119966983795,589.791989326477,,,"{""nccl_environment"": {""NCCL_GRAPH_REGISTER"": ""1"", ""NCCL_IB_DISABLE"": ""1"", ""NCCL_LOCAL_REGISTER"": ""1""}, ""operator"": {""chunks"": 1, ""local_first"": false, ""math_sms"": 124, ""pack_block"": 512, ""pack_warps"": 4, ""push"": true, ""reverse"": false, ""schedule"": ""peer_gemm"", ""sms"": 8, ""streams"": 1, ""use_ce"": true}}","{""algo_id"": 66, ""cluster_shape"": 3, ""cta_swizzle"": 0, ""custom"": 1, ""inner_shape"": 0, ""reduction"": 0, ""returned"": 8, ""split_k"": 1, ""stages_id"": 35, ""tile_id"": 29, ""tune_ms"": 0.09917866438627243, ""valid"": 8, ""waves"": 2.935483932495117, ""workspace_bytes"": 4}",full_v2/teub_formal_auto_cp4.json
gemm_a2a/qwen25_14b_32b/s16384/cp8,qwen25_14b_32b,16384,8,cublaslt_nccl,eager,,"[2048, 7168, 5120]",,,0.4350240081548691,0.4816912084817885,,,345.55300981568934,435.0240081548691,481.69120848178846,,,"{""nccl_environment"": {""NCCL_GRAPH_REGISTER"": ""1"", ""NCCL_IB_DISABLE"": ""1"", ""NCCL_LOCAL_REGISTER"": ""1"", ""NCCL_MAX_P2P_NCHANNELS"": ""32"", ""NCCL_MIN_P2P_NCHANNELS"": ""32"", ""NCCL_P2P_LL_THRESHOLD"": ""65536"", ""NCCL_P2P_NVL_CHUNKSIZE"": ""524288""}, ""operator"": {""chunks"": 1, ""local_first"": false, ""math_sms"": 0, ""pack_block"": 1024, ""pack_warps"": 4, ""push"": true, ""reverse"": false, ""schedule"": ""full"", ""sms"": 0, ""streams"": 3, ""use_ce"": false}}","{""algo_id"": 66, ""cluster_shape"": 5, ""cta_swizzle"": 0, ""custom"": 2, ""inner_shape"": 0, ""reduction"": 0, ""returned"": 8, ""split_k"": 1, ""stages_id"": 35, ""tile_id"": 201, ""tune_ms"": 0.18218666315078735, ""valid"": 8, ""waves"": 4.969696998596191, ""workspace_bytes"": 4}",full_v2/cublaslt_nccl_formal_ch32_chunk512_ll64_cp8.json
gemm_a2a/qwen25_14b_32b/s16384/cp8,qwen25_14b_32b,16384,8,cublaslt_nccl,graph,,"[2048, 7168, 5120]",,,0.40428800880908966,0.41471359729766843,,,371.823680357992,404.28800880908966,414.71359729766846,,,"{""nccl_environment"": {""NCCL_GRAPH_REGISTER"": ""1"", ""NCCL_IB_DISABLE"": ""1"", ""NCCL_LOCAL_REGISTER"": ""1"", ""NCCL_MAX_P2P_NCHANNELS"": ""24"", ""NCCL_MIN_P2P_NCHANNELS"": ""24"", ""NCCL_P2P_LL_THRESHOLD"": ""65536"", ""NCCL_P2P_NVL_CHUNKSIZE"": ""131072""}, ""operator"": {""chunks"": 1, ""local_first"": false, ""math_sms"": 0, ""pack_block"": 1024, ""pack_warps"": 4, ""push"": true, ""reverse"": false, ""schedule"": ""full"", ""sms"": 0, ""streams"": 3, ""use_ce"": false}}","{""algo_id"": 66, ""cluster_shape"": 5, ""cta_swizzle"": 0, ""custom"": 2, ""inner_shape"": 0, ""reduction"": 0, ""returned"": 8, ""split_k"": 1, ""stages_id"": 35, ""tile_id"": 201, ""tune_ms"": 0.18225066363811493, ""valid"": 8, ""waves"": 4.969696998596191, ""workspace_bytes"": 4}",full_v2/cublaslt_nccl_formal_ch24_chunk128_ll64_cp8.json
gemm_a2a/qwen25_14b_32b/s16384/cp8,qwen25_14b_32b,16384,8,teub,eager,,"[2048, 7168, 5120]",,,0.4556479901075363,0.46593919992446897,,,329.91225380917945,455.6479901075363,465.939199924469,,,"{""nccl_environment"": {""NCCL_GRAPH_REGISTER"": ""1"", ""NCCL_IB_DISABLE"": ""1"", ""NCCL_LOCAL_REGISTER"": ""1""}, ""operator"": {""chunks"": 1, ""local_first"": false, ""math_sms"": 124, ""pack_block"": 1024, ""pack_warps"": 4, ""push"": true, ""reverse"": false, ""schedule"": ""peer_gemm"", ""sms"": 8, ""streams"": 1, ""use_ce"": false}}","{""algo_id"": 66, ""cluster_shape"": 8, ""cta_swizzle"": 0, ""custom"": 3, ""inner_shape"": 0, ""reduction"": 0, ""returned"": 8, ""split_k"": 1, ""stages_id"": 35, ""tile_id"": 20, ""tune_ms"": 0.030079999938607216, ""valid"": 8, ""waves"": 0.9032257795333862, ""workspace_bytes"": 0}",full_v2/teub_formal_auto_cp8.json
gemm_a2a/qwen25_14b_32b/s16384/cp8,qwen25_14b_32b,16384,8,teub,graph,,"[2048, 7168, 5120]",,,0.4410240054130554,0.4582496017217636,,,340.85186637223813,441.0240054130554,458.2496017217636,,,"{""nccl_environment"": {""NCCL_GRAPH_REGISTER"": ""1"", ""NCCL_IB_DISABLE"": ""1"", ""NCCL_LOCAL_REGISTER"": ""1""}, ""operator"": {""chunks"": 1, ""local_first"": false, ""math_sms"": 124, ""pack_block"": 1024, ""pack_warps"": 4, ""push"": true, ""reverse"": false, ""schedule"": ""peer_gemm"", ""sms"": 8, ""streams"": 1, ""use_ce"": false}}","{""algo_id"": 66, ""cluster_shape"": 8, ""cta_swizzle"": 0, ""custom"": 3, ""inner_shape"": 0, ""reduction"": 0, ""returned"": 8, ""split_k"": 1, ""stages_id"": 35, ""tile_id"": 20, ""tune_ms"": 0.030079999938607216, ""valid"": 8, ""waves"": 0.9032257795333862, ""workspace_bytes"": 0}",full_v2/teub_formal_auto_cp8.json
gemm_a2a/qwen25_14b_32b/s131072/cp4,qwen25_14b_32b,131072,4,cublaslt_nccl,eager,,"[32768, 7168, 5120]",,,4.644864082336426,4.773660683631897,,,517.8152994630067,4644.864082336426,4773.660683631897,,,"{""nccl_environment"": {""NCCL_GRAPH_REGISTER"": ""1"", ""NCCL_IB_DISABLE"": ""1"", ""NCCL_LOCAL_REGISTER"": ""1"", ""NCCL_MAX_P2P_NCHANNELS"": ""24"", ""NCCL_MIN_P2P_NCHANNELS"": ""24"", ""NCCL_P2P_LL_THRESHOLD"": ""65536"", ""NCCL_P2P_NVL_CHUNKSIZE"": ""131072""}, ""operator"": {""chunks"": 1, ""local_first"": false, ""math_sms"": 0, ""pack_block"": 1024, ""pack_warps"": 4, ""push"": true, ""reverse"": false, ""schedule"": ""full"", ""sms"": 0, ""streams"": 3, ""use_ce"": false}}","{""algo_id"": 66, ""cluster_shape"": 5, ""cta_swizzle"": 0, ""custom"": 6, ""inner_shape"": 0, ""reduction"": 0, ""returned"": 8, ""split_k"": 1, ""stages_id"": 35, ""tile_id"": 209, ""tune_ms"": 2.928330659866333, ""valid"": 8, ""waves"": 49.227272033691406, ""workspace_bytes"": 4}",full_v2/cublaslt_nccl_formal_ch24_chunk128_ll64_cp4.json
gemm_a2a/qwen25_14b_32b/s131072/cp4,qwen25_14b_32b,131072,4,cublaslt_nccl,graph,,"[32768, 7168, 5120]",,,4.838207960128784,5.590803170204163,,,497.12242747332806,4838.207960128784,5590.803170204163,,,"{""nccl_environment"": {""NCCL_GRAPH_REGISTER"": ""1"", ""NCCL_IB_DISABLE"": ""1"", ""NCCL_LOCAL_REGISTER"": ""1"", ""NCCL_MAX_P2P_NCHANNELS"": ""24"", ""NCCL_MIN_P2P_NCHANNELS"": ""24"", ""NCCL_P2P_LL_THRESHOLD"": ""65536"", ""NCCL_P2P_NVL_CHUNKSIZE"": ""131072""}, ""operator"": {""chunks"": 1, ""local_first"": false, ""math_sms"": 0, ""pack_block"": 1024, ""pack_warps"": 4, ""push"": true, ""reverse"": false, ""schedule"": ""full"", ""sms"": 0, ""streams"": 3, ""use_ce"": false}}","{""algo_id"": 66, ""cluster_shape"": 5, ""cta_swizzle"": 0, ""custom"": 6, ""inner_shape"": 0, ""reduction"": 0, ""returned"": 8, ""split_k"": 1, ""stages_id"": 35, ""tile_id"": 209, ""tune_ms"": 2.928330659866333, ""valid"": 8, ""waves"": 49.227272033691406, ""workspace_bytes"": 4}",full_v2/cublaslt_nccl_formal_ch24_chunk128_ll64_cp4.json
gemm_a2a/qwen25_14b_32b/s131072/cp4,qwen25_14b_32b,131072,4,teub,eager,,"[32768, 7168, 5120]",,,4.407583951950073,4.4853280544281,,,545.6916333257501,4407.583951950073,4485.328054428101,,,"{""nccl_environment"": {""NCCL_GRAPH_REGISTER"": ""1"", ""NCCL_IB_DISABLE"": ""1"", ""NCCL_LOCAL_REGISTER"": ""1""}, ""operator"": {""chunks"": 1, ""local_first"": false, ""math_sms"": 128, ""pack_block"": 512, ""pack_warps"": 4, ""push"": true, ""reverse"": false, ""schedule"": ""peer_gemm"", ""sms"": 4, ""streams"": 1, ""use_ce"": true}}","{""algo_id"": 66, ""cluster_shape"": 5, ""cta_swizzle"": 0, ""custom"": 7, ""inner_shape"": 0, ""reduction"": 0, ""returned"": 8, ""split_k"": 1, ""stages_id"": 35, ""tile_id"": 24, ""tune_ms"": 0.7186880111694336, ""valid"": 8, ""waves"": 14.0, ""workspace_bytes"": 4}",full_v2/teub_formal_auto_cp4.json
gemm_a2a/qwen25_14b_32b/s131072/cp4,qwen25_14b_32b,131072,4,teub,graph,,"[32768, 7168, 5120]",,,4.377375841140747,4.444385457038879,,,549.457431357598,4377.375841140747,4444.385457038879,,,"{""nccl_environment"": {""NCCL_GRAPH_REGISTER"": ""1"", ""NCCL_IB_DISABLE"": ""1"", ""NCCL_LOCAL_REGISTER"": ""1""}, ""operator"": {""chunks"": 1, ""local_first"": false, ""math_sms"": 128, ""pack_block"": 512, ""pack_warps"": 4, ""push"": true, ""reverse"": false, ""schedule"": ""peer_gemm"", ""sms"": 4, ""streams"": 1, ""use_ce"": true}}","{""algo_id"": 66, ""cluster_shape"": 5, ""cta_swizzle"": 0, ""custom"": 7, ""inner_shape"": 0, ""reduction"": 0, ""returned"": 8, ""split_k"": 1, ""stages_id"": 35, ""tile_id"": 24, ""tune_ms"": 0.7186880111694336, ""valid"": 8, ""waves"": 14.0, ""workspace_bytes"": 4}",full_v2/teub_formal_auto_cp4.json
gemm_a2a/qwen25_14b_32b/s131072/cp8,qwen25_14b_32b,131072,8,cublaslt_nccl,eager,,"[16384, 7168, 5120]",,,2.656335949897766,2.6820832014083864,,,452.7254329130635,2656.335949897766,2682.0832014083862,,,"{""nccl_environment"": {""NCCL_GRAPH_REGISTER"": ""1"", ""NCCL_IB_DISABLE"": ""1"", ""NCCL_LOCAL_REGISTER"": ""1"", ""NCCL_MAX_P2P_NCHANNELS"": ""32"", ""NCCL_MIN_P2P_NCHANNELS"": ""32"", ""NCCL_P2P_LL_THRESHOLD"": ""65536"", ""NCCL_P2P_NVL_CHUNKSIZE"": ""524288""}, ""operator"": {""chunks"": 1, ""local_first"": false, ""math_sms"": 0, ""pack_block"": 1024, ""pack_warps"": 4, ""push"": true, ""reverse"": false, ""schedule"": ""full"", ""sms"": 0, ""streams"": 3, ""use_ce"": false}}","{""algo_id"": 66, ""cluster_shape"": 3, ""cta_swizzle"": 0, ""custom"": 4, ""inner_shape"": 0, ""reduction"": 0, ""returned"": 8, ""split_k"": 1, ""stages_id"": 35, ""tile_id"": 209, ""tune_ms"": 1.4597493410110474, ""valid"": 8, ""waves"": 24.75757598876953, ""workspace_bytes"": 4}",full_v2/cublaslt_nccl_formal_ch32_chunk512_ll64_cp8.json
gemm_a2a/qwen25_14b_32b/s131072/cp8,qwen25_14b_32b,131072,8,cublaslt_nccl,graph,,"[16384, 7168, 5120]",,,2.6207520961761475,2.6472543358802794,,,458.8724147677533,2620.7520961761475,2647.2543358802795,,,"{""nccl_environment"": {""NCCL_GRAPH_REGISTER"": ""1"", ""NCCL_IB_DISABLE"": ""1"", ""NCCL_LOCAL_REGISTER"": ""1"", ""NCCL_MAX_P2P_NCHANNELS"": ""24"", ""NCCL_MIN_P2P_NCHANNELS"": ""24"", ""NCCL_P2P_LL_THRESHOLD"": ""65536"", ""NCCL_P2P_NVL_CHUNKSIZE"": ""131072""}, ""operator"": {""chunks"": 1, ""local_first"": false, ""math_sms"": 0, ""pack_block"": 1024, ""pack_warps"": 4, ""push"": true, ""reverse"": false, ""schedule"": ""full"", ""sms"": 0, ""streams"": 3, ""use_ce"": false}}","{""algo_id"": 66, ""cluster_shape"": 3, ""cta_swizzle"": 0, ""custom"": 4, ""inner_shape"": 0, ""reduction"": 0, ""returned"": 8, ""split_k"": 1, ""stages_id"": 35, ""tile_id"": 23, ""tune_ms"": 1.4472318887710571, ""valid"": 8, ""waves"": 27.15151596069336, ""workspace_bytes"": 4}",full_v2/cublaslt_nccl_formal_ch24_chunk128_ll64_cp8.json
gemm_a2a/qwen25_14b_32b/s131072/cp8,qwen25_14b_32b,131072,8,teub,eager,,"[16384, 7168, 5120]",,,2.601807951927185,2.6176496624946592,,,462.2135319362173,2601.807951927185,2617.6496624946594,,,"{""nccl_environment"": {""NCCL_GRAPH_REGISTER"": ""1"", ""NCCL_IB_DISABLE"": ""1"", ""NCCL_LOCAL_REGISTER"": ""1""}, ""operator"": {""chunks"": 1, ""local_first"": false, ""math_sms"": 124, ""pack_block"": 1024, ""pack_warps"": 4, ""push"": true, ""reverse"": false, ""schedule"": ""peer_gemm"", ""sms"": 8, ""streams"": 1, ""use_ce"": false}}","{""algo_id"": 66, ""cluster_shape"": 5, ""cta_swizzle"": 0, ""custom"": 3, ""inner_shape"": 0, ""reduction"": 0, ""returned"": 8, ""split_k"": 1, ""stages_id"": 35, ""tile_id"": 29, ""tune_ms"": 0.19335466623306274, ""valid"": 8, ""waves"": 5.814516067504883, ""workspace_bytes"": 4}",full_v2/teub_formal_auto_cp8.json
gemm_a2a/qwen25_14b_32b/s131072/cp8,qwen25_14b_32b,131072,8,teub,graph,,"[16384, 7168, 5120]",,,2.6175360679626465,2.6572208642959594,,,459.43620704949217,2617.5360679626465,2657.2208642959595,,,"{""nccl_environment"": {""NCCL_GRAPH_REGISTER"": ""1"", ""NCCL_IB_DISABLE"": ""1"", ""NCCL_LOCAL_REGISTER"": ""1""}, ""operator"": {""chunks"": 1, ""local_first"": false, ""math_sms"": 124, ""pack_block"": 1024, ""pack_warps"": 4, ""push"": true, ""reverse"": false, ""schedule"": ""peer_gemm"", ""sms"": 8, ""streams"": 1, ""use_ce"": false}}","{""algo_id"": 66, ""cluster_shape"": 5, ""cta_swizzle"": 0, ""custom"": 3, ""inner_shape"": 0, ""reduction"": 0, ""returned"": 8, ""split_k"": 1, ""stages_id"": 35, ""tile_id"": 29, ""tune_ms"": 0.19335466623306274, ""valid"": 8, ""waves"": 5.814516067504883, ""workspace_bytes"": 4}",full_v2/teub_formal_auto_cp8.json
gemm_a2a/qwen25_14b_32b/s262144/cp4,qwen25_14b_32b,262144,4,cublaslt_nccl,eager,,"[65536, 7168, 5120]",,,9.519184112548828,11.148023986816407,,,505.33357845013796,9519.184112548828,11148.023986816406,,,"{""nccl_environment"": {""NCCL_GRAPH_REGISTER"": ""1"", ""NCCL_IB_DISABLE"": ""1"", ""NCCL_LOCAL_REGISTER"": ""1"", ""NCCL_MAX_P2P_NCHANNELS"": ""24"", ""NCCL_MIN_P2P_NCHANNELS"": ""24"", ""NCCL_P2P_LL_THRESHOLD"": ""65536"", ""NCCL_P2P_NVL_CHUNKSIZE"": ""131072""}, ""operator"": {""chunks"": 1, ""local_first"": false, ""math_sms"": 0, ""pack_block"": 1024, ""pack_warps"": 4, ""push"": true, ""reverse"": false, ""schedule"": ""full"", ""sms"": 0, ""streams"": 3, ""use_ce"": false}}","{""algo_id"": 66, ""cluster_shape"": 5, ""cta_swizzle"": 0, ""custom"": 2, ""inner_shape"": 0, ""reduction"": 0, ""returned"": 8, ""split_k"": 1, ""stages_id"": 35, ""tile_id"": 197, ""tune_ms"": 6.086021423339844, ""valid"": 8, ""waves"": 166.78787231445312, ""workspace_bytes"": 4}",full_v2/cublaslt_nccl_formal_ch24_chunk128_ll64_cp4.json
gemm_a2a/qwen25_14b_32b/s262144/cp4,qwen25_14b_32b,262144,4,cublaslt_nccl,graph,,"[65536, 7168, 5120]",,,9.486591815948486,10.001299190521241,,,507.0697111087889,9486.591815948486,10001.29919052124,,,"{""nccl_environment"": {""NCCL_GRAPH_REGISTER"": ""1"", ""NCCL_IB_DISABLE"": ""1"", ""NCCL_LOCAL_REGISTER"": ""1"", ""NCCL_MAX_P2P_NCHANNELS"": ""24"", ""NCCL_MIN_P2P_NCHANNELS"": ""24"", ""NCCL_P2P_LL_THRESHOLD"": ""65536"", ""NCCL_P2P_NVL_CHUNKSIZE"": ""131072""}, ""operator"": {""chunks"": 1, ""local_first"": false, ""math_sms"": 0, ""pack_block"": 1024, ""pack_warps"": 4, ""push"": true, ""reverse"": false, ""schedule"": ""full"", ""sms"": 0, ""streams"": 3, ""use_ce"": false}}","{""algo_id"": 66, ""cluster_shape"": 5, ""cta_swizzle"": 0, ""custom"": 2, ""inner_shape"": 0, ""reduction"": 0, ""returned"": 8, ""split_k"": 1, ""stages_id"": 35, ""tile_id"": 197, ""tune_ms"": 6.086021423339844, ""valid"": 8, ""waves"": 166.78787231445312, ""workspace_bytes"": 4}",full_v2/cublaslt_nccl_formal_ch24_chunk128_ll64_cp4.json
gemm_a2a/qwen25_14b_32b/s262144/cp4,qwen25_14b_32b,262144,4,teub,eager,,"[65536, 7168, 5120]",,,8.967967987060547,9.177384042739869,,,536.393905337379,8967.967987060547,9177.384042739868,,,"{""nccl_environment"": {""NCCL_GRAPH_REGISTER"": ""1"", ""NCCL_IB_DISABLE"": ""1"", ""NCCL_LOCAL_REGISTER"": ""1""}, ""operator"": {""chunks"": 1, ""local_first"": false, ""math_sms"": 124, ""pack_block"": 1024, ""pack_warps"": 4, ""push"": true, ""reverse"": false, ""schedule"": ""peer_gemm"", ""sms"": 8, ""streams"": 1, ""use_ce"": false}}","{""algo_id"": 66, ""cluster_shape"": 5, ""cta_swizzle"": 0, ""custom"": 7, ""inner_shape"": 0, ""reduction"": 0, ""returned"": 8, ""split_k"": 1, ""stages_id"": 35, ""tile_id"": 24, ""tune_ms"": 1.4669493436813354, ""valid"": 8, ""waves"": 28.90322494506836, ""workspace_bytes"": 4}",full_v2/teub_formal_auto_cp4.json
gemm_a2a/qwen25_14b_32b/s262144/cp4,qwen25_14b_32b,262144,4,teub,graph,,"[65536, 7168, 5120]",,,9.257232189178467,10.11305136680603,,,519.6330040358312,9257.232189178467,10113.05136680603,,,"{""nccl_environment"": {""NCCL_GRAPH_REGISTER"": ""1"", ""NCCL_IB_DISABLE"": ""1"", ""NCCL_LOCAL_REGISTER"": ""1""}, ""operator"": {""chunks"": 1, ""local_first"": false, ""math_sms"": 128, ""pack_block"": 1024, ""pack_warps"": 4, ""push"": true, ""reverse"": false, ""schedule"": ""peer_gemm"", ""sms"": 4, ""streams"": 1, ""use_ce"": false}}","{""algo_id"": 66, ""cluster_shape"": 5, ""cta_swizzle"": 0, ""custom"": 7, ""inner_shape"": 0, ""reduction"": 0, ""returned"": 8, ""split_k"": 1, ""stages_id"": 35, ""tile_id"": 24, ""tune_ms"": 1.437125325202942, ""valid"": 8, ""waves"": 28.0, ""workspace_bytes"": 4}",full_v2/teub_formal_auto_cp4.json
gemm_a2a/qwen25_14b_32b/s262144/cp8,qwen25_14b_32b,262144,8,cublaslt_nccl,eager,,"[32768, 7168, 5120]",,,5.133840084075928,5.174233412742614,,,468.4956380352318,5133.840084075928,5174.233412742615,,,"{""nccl_environment"": {""NCCL_GRAPH_REGISTER"": ""1"", ""NCCL_IB_DISABLE"": ""1"", ""NCCL_LOCAL_REGISTER"": ""1"", ""NCCL_MAX_P2P_NCHANNELS"": ""32"", ""NCCL_MIN_P2P_NCHANNELS"": ""32"", ""NCCL_P2P_LL_THRESHOLD"": ""65536"", ""NCCL_P2P_NVL_CHUNKSIZE"": ""524288""}, ""operator"": {""chunks"": 1, ""local_first"": false, ""math_sms"": 0, ""pack_block"": 1024, ""pack_warps"": 4, ""push"": true, ""reverse"": false, ""schedule"": ""full"", ""sms"": 0, ""streams"": 3, ""use_ce"": false}}","{""algo_id"": 66, ""cluster_shape"": 5, ""cta_swizzle"": 0, ""custom"": 6, ""inner_shape"": 0, ""reduction"": 0, ""returned"": 8, ""split_k"": 1, ""stages_id"": 35, ""tile_id"": 209, ""tune_ms"": 2.9072959423065186, ""valid"": 8, ""waves"": 49.227272033691406, ""workspace_bytes"": 4}",full_v2/cublaslt_nccl_formal_ch32_chunk512_ll64_cp8.json
gemm_a2a/qwen25_14b_32b/s262144/cp8,qwen25_14b_32b,262144,8,cublaslt_nccl,graph,,"[32768, 7168, 5120]",,,5.122592210769653,5.162297582626342,,,469.5243319785217,5122.592210769653,5162.297582626343,,,"{""nccl_environment"": {""NCCL_GRAPH_REGISTER"": ""1"", ""NCCL_IB_DISABLE"": ""1"", ""NCCL_LOCAL_REGISTER"": ""1"", ""NCCL_MAX_P2P_NCHANNELS"": ""32"", ""NCCL_MIN_P2P_NCHANNELS"": ""32"", ""NCCL_P2P_LL_THRESHOLD"": ""65536"", ""NCCL_P2P_NVL_CHUNKSIZE"": ""524288""}, ""operator"": {""chunks"": 1, ""local_first"": false, ""math_sms"": 0, ""pack_block"": 1024, ""pack_warps"": 4, ""push"": true, ""reverse"": false, ""schedule"": ""full"", ""sms"": 0, ""streams"": 3, ""use_ce"": false}}","{""algo_id"": 66, ""cluster_shape"": 5, ""cta_swizzle"": 0, ""custom"": 6, ""inner_shape"": 0, ""reduction"": 0, ""returned"": 8, ""split_k"": 1, ""stages_id"": 35, ""tile_id"": 209, ""tune_ms"": 2.9072959423065186, ""valid"": 8, ""waves"": 49.227272033691406, ""workspace_bytes"": 4}",full_v2/cublaslt_nccl_formal_ch32_chunk512_ll64_cp8.json
gemm_a2a/qwen25_14b_32b/s262144/cp8,qwen25_14b_32b,262144,8,teub,eager,,"[32768, 7168, 5120]",,,5.05351996421814,5.144622492790222,,,475.9418589003477,5053.51996421814,5144.622492790222,,,"{""nccl_environment"": {""NCCL_GRAPH_REGISTER"": ""1"", ""NCCL_IB_DISABLE"": ""1"", ""NCCL_LOCAL_REGISTER"": ""1""}, ""operator"": {""chunks"": 1, ""local_first"": false, ""math_sms"": 124, ""pack_block"": 1024, ""pack_warps"": 4, ""push"": true, ""reverse"": false, ""schedule"": ""peer_gemm"", ""sms"": 8, ""streams"": 1, ""use_ce"": false}}","{""algo_id"": 66, ""cluster_shape"": 5, ""cta_swizzle"": 0, ""custom"": 3, ""inner_shape"": 0, ""reduction"": 0, ""returned"": 8, ""split_k"": 1, ""stages_id"": 35, ""tile_id"": 29, ""tune_ms"": 0.3842560052871704, ""valid"": 8, ""waves"": 11.572580337524414, ""workspace_bytes"": 4}",full_v2/teub_formal_auto_cp8.json
gemm_a2a/qwen25_14b_32b/s262144/cp8,qwen25_14b_32b,262144,8,teub,graph,,"[32768, 7168, 5120]",,,5.048095941543579,5.095612788200379,,,476.45324368073653,5048.095941543579,5095.612788200378,,,"{""nccl_environment"": {""NCCL_GRAPH_REGISTER"": ""1"", ""NCCL_IB_DISABLE"": ""1"", ""NCCL_LOCAL_REGISTER"": ""1""}, ""operator"": {""chunks"": 1, ""local_first"": false, ""math_sms"": 124, ""pack_block"": 1024, ""pack_warps"": 4, ""push"": true, ""reverse"": false, ""schedule"": ""peer_gemm"", ""sms"": 8, ""streams"": 1, ""use_ce"": false}}","{""algo_id"": 66, ""cluster_shape"": 5, ""cta_swizzle"": 0, ""custom"": 3, ""inner_shape"": 0, ""reduction"": 0, ""returned"": 8, ""split_k"": 1, ""stages_id"": 35, ""tile_id"": 29, ""tune_ms"": 0.3842560052871704, ""valid"": 8, ""waves"": 11.572580337524414, ""workspace_bytes"": 4}",full_v2/teub_formal_auto_cp8.json
gemm_a2a/qwen25_14b_32b/s524288/cp4,qwen25_14b_32b,524288,4,cublaslt_nccl,eager,,"[131072, 7168, 5120]",,,19.25391960144043,20.204539394378664,,,499.6762707121853,19253.91960144043,20204.539394378662,,,"{""nccl_environment"": {""NCCL_GRAPH_REGISTER"": ""1"", ""NCCL_IB_DISABLE"": ""1"", ""NCCL_LOCAL_REGISTER"": ""1"", ""NCCL_MAX_P2P_NCHANNELS"": ""24"", ""NCCL_MIN_P2P_NCHANNELS"": ""24"", ""NCCL_P2P_LL_THRESHOLD"": ""65536"", ""NCCL_P2P_NVL_CHUNKSIZE"": ""131072""}, ""operator"": {""chunks"": 1, ""local_first"": false, ""math_sms"": 0, ""pack_block"": 1024, ""pack_warps"": 4, ""push"": true, ""reverse"": false, ""schedule"": ""full"", ""sms"": 0, ""streams"": 3, ""use_ce"": false}}","{""algo_id"": 66, ""cluster_shape"": 3, ""cta_swizzle"": 0, ""custom"": 4, ""inner_shape"": 0, ""reduction"": 0, ""returned"": 8, ""split_k"": 1, ""stages_id"": 35, ""tile_id"": 209, ""tune_ms"": 12.774176597595215, ""valid"": 8, ""waves"": 196.6212158203125, ""workspace_bytes"": 4}",full_v2/cublaslt_nccl_formal_ch24_chunk128_ll64_cp4.json
gemm_a2a/qwen25_14b_32b/s524288/cp4,qwen25_14b_32b,524288,4,cublaslt_nccl,graph,,"[131072, 7168, 5120]",,,19.30619239807129,19.907116889953613,,,498.32336406225403,19306.19239807129,19907.116889953613,,,"{""nccl_environment"": {""NCCL_GRAPH_REGISTER"": ""1"", ""NCCL_IB_DISABLE"": ""1"", ""NCCL_LOCAL_REGISTER"": ""1""}, ""operator"": {""chunks"": 1, ""local_first"": false, ""math_sms"": 0, ""pack_block"": 1024, ""pack_warps"": 4, ""push"": true, ""reverse"": false, ""schedule"": ""full"", ""sms"": 0, ""streams"": 3, ""use_ce"": false}}","{""algo_id"": 66, ""cluster_shape"": 5, ""cta_swizzle"": 0, ""custom"": 7, ""inner_shape"": 0, ""reduction"": 0, ""returned"": 8, ""split_k"": 1, ""stages_id"": 35, ""tile_id"": 24, ""tune_ms"": 12.356730461120605, ""valid"": 8, ""waves"": 217.21212768554688, ""workspace_bytes"": 4}",full_v2/cublaslt_nccl_formal_auto_cp4.json
gemm_a2a/qwen25_14b_32b/s524288/cp4,qwen25_14b_32b,524288,4,teub,eager,,"[131072, 7168, 5120]",,,18.29972743988037,22.139673614501948,,,525.7306030730091,18299.72743988037,22139.67361450195,,,"{""nccl_environment"": {""NCCL_GRAPH_REGISTER"": ""1"", ""NCCL_IB_DISABLE"": ""1"", ""NCCL_LOCAL_REGISTER"": ""1""}, ""operator"": {""chunks"": 1, ""local_first"": false, ""math_sms"": 124, ""pack_block"": 1024, ""pack_warps"": 4, ""push"": true, ""reverse"": false, ""schedule"": ""peer_gemm"", ""sms"": 8, ""streams"": 1, ""use_ce"": false}}","{""algo_id"": 66, ""cluster_shape"": 5, ""cta_swizzle"": 0, ""custom"": 7, ""inner_shape"": 0, ""reduction"": 0, ""returned"": 8, ""split_k"": 1, ""stages_id"": 35, ""tile_id"": 24, ""tune_ms"": 2.930864095687866, ""valid"": 8, ""waves"": 57.80644989013672, ""workspace_bytes"": 4}",full_v2/teub_formal_auto_cp4.json
gemm_a2a/qwen25_14b_32b/s524288/cp4,qwen25_14b_32b,524288,4,teub,graph,,"[131072, 7168, 5120]",,,18.593472480773926,21.642854022979737,,,517.4249593769023,18593.472480773926,21642.854022979736,,,"{""nccl_environment"": {""NCCL_GRAPH_REGISTER"": ""1"", ""NCCL_IB_DISABLE"": ""1"", ""NCCL_LOCAL_REGISTER"": ""1""}, ""operator"": {""chunks"": 1, ""local_first"": false, ""math_sms"": 128, ""pack_block"": 512, ""pack_warps"": 4, ""push"": false, ""reverse"": false, ""schedule"": ""peer_gemm"", ""sms"": 4, ""streams"": 1, ""use_ce"": false}}","{""algo_id"": 66, ""cluster_shape"": 5, ""cta_swizzle"": 0, ""custom"": 7, ""inner_shape"": 0, ""reduction"": 0, ""returned"": 8, ""split_k"": 1, ""stages_id"": 35, ""tile_id"": 24, ""tune_ms"": 2.867445230484009, ""valid"": 8, ""waves"": 56.0, ""workspace_bytes"": 4}",full_v2/teub_formal_auto_cp4.json
gemm_a2a/qwen25_14b_32b/s524288/cp8,qwen25_14b_32b,524288,8,cublaslt_nccl,eager,,"[65536, 7168, 5120]",,,10.128063678741455,10.65559549331665,,,474.95390275012085,10128.063678741455,10655.59549331665,,,"{""nccl_environment"": {""NCCL_GRAPH_REGISTER"": ""1"", ""NCCL_IB_DISABLE"": ""1"", ""NCCL_LOCAL_REGISTER"": ""1"", ""NCCL_MAX_P2P_NCHANNELS"": ""24"", ""NCCL_MIN_P2P_NCHANNELS"": ""24"", ""NCCL_P2P_LL_THRESHOLD"": ""65536"", ""NCCL_P2P_NVL_CHUNKSIZE"": ""131072""}, ""operator"": {""chunks"": 1, ""local_first"": false, ""math_sms"": 0, ""pack_block"": 1024, ""pack_warps"": 4, ""push"": true, ""reverse"": false, ""schedule"": ""full"", ""sms"": 0, ""streams"": 3, ""use_ce"": false}}","{""algo_id"": 66, ""cluster_shape"": 3, ""cta_swizzle"": 0, ""custom"": 4, ""inner_shape"": 0, ""reduction"": 0, ""returned"": 8, ""split_k"": 1, ""stages_id"": 35, ""tile_id"": 209, ""tune_ms"": 5.898181438446045, ""valid"": 8, ""waves"": 98.45454406738281, ""workspace_bytes"": 4}",full_v2/cublaslt_nccl_formal_ch24_chunk128_ll64_cp8.json
gemm_a2a/qwen25_14b_32b/s524288/cp8,qwen25_14b_32b,524288,8,cublaslt_nccl,graph,,"[65536, 7168, 5120]",,,10.08625602722168,10.235905408859253,,,476.922592341238,10086.25602722168,10235.905408859253,,,"{""nccl_environment"": {""NCCL_GRAPH_REGISTER"": ""1"", ""NCCL_IB_DISABLE"": ""1"", ""NCCL_LOCAL_REGISTER"": ""1"", ""NCCL_MAX_P2P_NCHANNELS"": ""24"", ""NCCL_MIN_P2P_NCHANNELS"": ""24"", ""NCCL_P2P_LL_THRESHOLD"": ""65536"", ""NCCL_P2P_NVL_CHUNKSIZE"": ""131072""}, ""operator"": {""chunks"": 1, ""local_first"": false, ""math_sms"": 0, ""pack_block"": 1024, ""pack_warps"": 4, ""push"": true, ""reverse"": false, ""schedule"": ""full"", ""sms"": 0, ""streams"": 3, ""use_ce"": false}}","{""algo_id"": 66, ""cluster_shape"": 3, ""cta_swizzle"": 0, ""custom"": 4, ""inner_shape"": 0, ""reduction"": 0, ""returned"": 8, ""split_k"": 1, ""stages_id"": 35, ""tile_id"": 209, ""tune_ms"": 5.898181438446045, ""valid"": 8, ""waves"": 98.45454406738281, ""workspace_bytes"": 4}",full_v2/cublaslt_nccl_formal_ch24_chunk128_ll64_cp8.json
gemm_a2a/qwen25_14b_32b/s524288/cp8,qwen25_14b_32b,524288,8,teub,eager,,"[65536, 7168, 5120]",,,9.788496017456055,9.882576131820679,,,491.43028335931956,9788.496017456055,9882.576131820679,,,"{""nccl_environment"": {""NCCL_GRAPH_REGISTER"": ""1"", ""NCCL_IB_DISABLE"": ""1"", ""NCCL_LOCAL_REGISTER"": ""1""}, ""operator"": {""chunks"": 1, ""local_first"": false, ""math_sms"": 124, ""pack_block"": 1024, ""pack_warps"": 4, ""push"": true, ""reverse"": false, ""schedule"": ""peer_gemm"", ""sms"": 8, ""streams"": 1, ""use_ce"": false}}","{""algo_id"": 66, ""cluster_shape"": 5, ""cta_swizzle"": 0, ""custom"": 3, ""inner_shape"": 0, ""reduction"": 0, ""returned"": 8, ""split_k"": 1, ""stages_id"": 35, ""tile_id"": 20, ""tune_ms"": 0.7741386890411377, ""valid"": 8, ""waves"": 28.90322494506836, ""workspace_bytes"": 4}",full_v2/teub_formal_auto_cp8.json
gemm_a2a/qwen25_14b_32b/s524288/cp8,qwen25_14b_32b,524288,8,teub,graph,,"[65536, 7168, 5120]",,,9.90604829788208,11.49081449508667,,,485.5986188305239,9906.04829788208,11490.81449508667,,,"{""nccl_environment"": {""NCCL_GRAPH_REGISTER"": ""1"", ""NCCL_IB_DISABLE"": ""1"", ""NCCL_LOCAL_REGISTER"": ""1""}, ""operator"": {""chunks"": 1, ""local_first"": false, ""math_sms"": 124, ""pack_block"": 1024, ""pack_warps"": 4, ""push"": true, ""reverse"": false, ""schedule"": ""peer_gemm"", ""sms"": 8, ""streams"": 1, ""use_ce"": false}}","{""algo_id"": 66, ""cluster_shape"": 5, ""cta_swizzle"": 0, ""custom"": 3, ""inner_shape"": 0, ""reduction"": 0, ""returned"": 8, ""split_k"": 1, ""stages_id"": 35, ""tile_id"": 20, ""tune_ms"": 0.7741386890411377, ""valid"": 8, ""waves"": 28.90322494506836, ""workspace_bytes"": 4}",full_v2/teub_formal_auto_cp8.json
gemm_a2a/llama31_405b/s1024/cp4,llama31_405b,1024,4,cublaslt_nccl,eager,,"[256, 18432, 16384]",,,0.5045759975910187,0.5105168014764786,,,306.43317041276595,504.5759975910187,510.5168014764786,,,"{""nccl_environment"": {""NCCL_GRAPH_REGISTER"": ""1"", ""NCCL_IB_DISABLE"": ""1"", ""NCCL_LOCAL_REGISTER"": ""1"", ""NCCL_MAX_P2P_NCHANNELS"": ""24"", ""NCCL_MIN_P2P_NCHANNELS"": ""24"", ""NCCL_P2P_LL_THRESHOLD"": ""65536"", ""NCCL_P2P_NVL_CHUNKSIZE"": ""131072""}, ""operator"": {""chunks"": 1, ""local_first"": false, ""math_sms"": 0, ""pack_block"": 1024, ""pack_warps"": 4, ""push"": true, ""reverse"": false, ""schedule"": ""full"", ""sms"": 0, ""streams"": 3, ""use_ce"": false}}","{""algo_id"": 66, ""cluster_shape"": 5, ""cta_swizzle"": 0, ""custom"": 2, ""inner_shape"": 0, ""reduction"": 0, ""returned"": 8, ""split_k"": 1, ""stages_id"": 35, ""tile_id"": 184, ""tune_ms"": 0.20499734580516815, ""valid"": 8, ""waves"": 1.9393939971923828, ""workspace_bytes"": 0}",full_v2/cublaslt_nccl_formal_ch24_chunk128_ll64_cp4.json
gemm_a2a/llama31_405b/s1024/cp4,llama31_405b,1024,4,cublaslt_nccl,graph,,"[256, 18432, 16384]",,,0.4971359968185425,0.5059280186891556,,,311.0191650685009,497.1359968185425,505.9280186891556,,,"{""nccl_environment"": {""NCCL_GRAPH_REGISTER"": ""1"", ""NCCL_IB_DISABLE"": ""1"", ""NCCL_LOCAL_REGISTER"": ""1""}, ""operator"": {""chunks"": 1, ""local_first"": false, ""math_sms"": 0, ""pack_block"": 1024, ""pack_warps"": 4, ""push"": true, ""reverse"": false, ""schedule"": ""full"", ""sms"": 0, ""streams"": 3, ""use_ce"": false}}","{""algo_id"": 66, ""cluster_shape"": 5, ""cta_swizzle"": 0, ""custom"": 2, ""inner_shape"": 0, ""reduction"": 0, ""returned"": 8, ""split_k"": 1, ""stages_id"": 35, ""tile_id"": 184, ""tune_ms"": 0.20472000539302826, ""valid"": 8, ""waves"": 1.9393939971923828, ""workspace_bytes"": 0}",full_v2/cublaslt_nccl_formal_auto_cp4.json
gemm_a2a/llama31_405b/s1024/cp4,llama31_405b,1024,4,teub,eager,,"[256, 18432, 16384]",,,0.522816002368927,0.5304735779762269,,,295.7423299122598,522.816002368927,530.4735779762268,,,"{""nccl_environment"": {""NCCL_GRAPH_REGISTER"": ""1"", ""NCCL_IB_DISABLE"": ""1"", ""NCCL_LOCAL_REGISTER"": ""1""}, ""operator"": {""chunks"": 1, ""local_first"": false, ""math_sms"": 116, ""pack_block"": 1024, ""pack_warps"": 4, ""push"": true, ""reverse"": false, ""schedule"": ""peer_gemm"", ""sms"": 16, ""streams"": 1, ""use_ce"": false}}","{""algo_id"": 66, ""cluster_shape"": 6, ""cta_swizzle"": 0, ""custom"": 0, ""inner_shape"": 0, ""reduction"": 0, ""returned"": 8, ""split_k"": 1, ""stages_id"": 35, ""tile_id"": 135, ""tune_ms"": 0.05921599641442299, ""valid"": 8, ""waves"": 1.0, ""workspace_bytes"": 0}",full_v2/teub_formal_auto_cp4.json
gemm_a2a/llama31_405b/s1024/cp4,llama31_405b,1024,4,teub,graph,,"[256, 18432, 16384]",,,0.49936001002788544,0.5079215973615646,,,309.63397058440006,499.36001002788544,507.92159736156464,,,"{""nccl_environment"": {""NCCL_GRAPH_REGISTER"": ""1"", ""NCCL_IB_DISABLE"": ""1"", ""NCCL_LOCAL_REGISTER"": ""1""}, ""operator"": {""chunks"": 1, ""local_first"": false, ""math_sms"": 0, ""pack_block"": 1024, ""pack_warps"": 4, ""push"": true, ""reverse"": false, ""schedule"": ""full"", ""sms"": 16, ""streams"": 3, ""use_ce"": false}}","{""algo_id"": 66, ""cluster_shape"": 5, ""cta_swizzle"": 0, ""custom"": 2, ""inner_shape"": 0, ""reduction"": 0, ""returned"": 8, ""split_k"": 1, ""stages_id"": 35, ""tile_id"": 184, ""tune_ms"": 0.2009333372116089, ""valid"": 8, ""waves"": 1.9393939971923828, ""workspace_bytes"": 0}",full_v2/teub_formal_auto_cp4.json
gemm_a2a/llama31_405b/s1024/cp8,llama31_405b,1024,8,cublaslt_nccl,eager,,"[128, 18432, 16384]",,,0.4614720046520233,0.4767663896083832,,,167.52784686537115,461.4720046520233,476.7663896083832,,,"{""nccl_environment"": {""NCCL_GRAPH_REGISTER"": ""1"", ""NCCL_IB_DISABLE"": ""1"", ""NCCL_LOCAL_REGISTER"": ""1""}, ""operator"": {""chunks"": 1, ""local_first"": false, ""math_sms"": 0, ""pack_block"": 1024, ""pack_warps"": 4, ""push"": true, ""reverse"": false, ""schedule"": ""full"", ""sms"": 0, ""streams"": 3, ""use_ce"": false}}","{""algo_id"": 66, ""cluster_shape"": 3, ""cta_swizzle"": 0, ""custom"": 0, ""inner_shape"": 0, ""reduction"": 0, ""returned"": 8, ""split_k"": 1, ""stages_id"": 35, ""tile_id"": 184, ""tune_ms"": 0.15030933916568756, ""valid"": 8, ""waves"": 0.9696969985961914, ""workspace_bytes"": 0}",full_v2/cublaslt_nccl_formal_auto_cp8.json
gemm_a2a/llama31_405b/s1024/cp8,llama31_405b,1024,8,cublaslt_nccl,graph,,"[128, 18432, 16384]",,,0.4549439996480942,0.5435600221157074,,,169.93170893076942,454.9439996480942,543.5600221157074,,,"{""nccl_environment"": {""NCCL_GRAPH_REGISTER"": ""1"", ""NCCL_IB_DISABLE"": ""1"", ""NCCL_LOCAL_REGISTER"": ""1"", ""NCCL_MAX_P2P_NCHANNELS"": ""32"", ""NCCL_MIN_P2P_NCHANNELS"": ""32"", ""NCCL_P2P_LL_THRESHOLD"": ""65536"", ""NCCL_P2P_NVL_CHUNKSIZE"": ""524288""}, ""operator"": {""chunks"": 1, ""local_first"": false, ""math_sms"": 0, ""pack_block"": 1024, ""pack_warps"": 4, ""push"": true, ""reverse"": false, ""schedule"": ""full"", ""sms"": 0, ""streams"": 3, ""use_ce"": false}}","{""algo_id"": 66, ""cluster_shape"": 3, ""cta_swizzle"": 0, ""custom"": 0, ""inner_shape"": 0, ""reduction"": 0, ""returned"": 8, ""split_k"": 1, ""stages_id"": 35, ""tile_id"": 184, ""tune_ms"": 0.15066133439540863, ""valid"": 8, ""waves"": 0.9696969985961914, ""workspace_bytes"": 0}",full_v2/cublaslt_nccl_formal_ch32_chunk512_ll64_cp8.json
gemm_a2a/llama31_405b/s1024/cp8,llama31_405b,1024,8,teub,eager,,"[128, 18432, 16384]",,,0.4816160053014755,0.4931823968887329,,,160.52085162661257,481.6160053014755,493.1823968887329,,,"{""nccl_environment"": {""NCCL_GRAPH_REGISTER"": ""1"", ""NCCL_IB_DISABLE"": ""1"", ""NCCL_LOCAL_REGISTER"": ""1""}, ""operator"": {""chunks"": 1, ""local_first"": false, ""math_sms"": 0, ""pack_block"": 1024, ""pack_warps"": 4, ""push"": true, ""reverse"": false, ""schedule"": ""full"", ""sms"": 8, ""streams"": 3, ""use_ce"": false}}","{""algo_id"": 66, ""cluster_shape"": 4, ""cta_swizzle"": 0, ""custom"": 0, ""inner_shape"": 0, ""reduction"": 0, ""returned"": 8, ""split_k"": 1, ""stages_id"": 35, ""tile_id"": 135, ""tune_ms"": 0.1496746689081192, ""valid"": 8, ""waves"": 1.75, ""workspace_bytes"": 0}",full_v2/teub_formal_auto_cp8.json
gemm_a2a/llama31_405b/s1024/cp8,llama31_405b,1024,8,teub,graph,,"[128, 18432, 16384]",,,0.46027199923992157,0.47598239928483965,,,167.96461973716907,460.27199923992157,475.98239928483963,,,"{""nccl_environment"": {""NCCL_GRAPH_REGISTER"": ""1"", ""NCCL_IB_DISABLE"": ""1"", ""NCCL_LOCAL_REGISTER"": ""1""}, ""operator"": {""chunks"": 1, ""local_first"": false, ""math_sms"": 0, ""pack_block"": 1024, ""pack_warps"": 4, ""push"": true, ""reverse"": false, ""schedule"": ""full"", ""sms"": 16, ""streams"": 3, ""use_ce"": false}}","{""algo_id"": 66, ""cluster_shape"": 4, ""cta_swizzle"": 0, ""custom"": 0, ""inner_shape"": 0, ""reduction"": 0, ""returned"": 8, ""split_k"": 1, ""stages_id"": 35, ""tile_id"": 135, ""tune_ms"": 0.1496746689081192, ""valid"": 8, ""waves"": 1.75, ""workspace_bytes"": 0}",full_v2/teub_formal_auto_cp8.json
gemm_a2a/llama31_405b/s4096/cp4,llama31_405b,4096,4,cublaslt_nccl,eager,,"[1024, 18432, 16384]",,,1.2112480401992798,1.225179249048233,,,510.6099412323885,1211.2480401992798,1225.179249048233,,,"{""nccl_environment"": {""NCCL_GRAPH_REGISTER"": ""1"", ""NCCL_IB_DISABLE"": ""1"", ""NCCL_LOCAL_REGISTER"": ""1""}, ""operator"": {""chunks"": 1, ""local_first"": false, ""math_sms"": 0, ""pack_block"": 1024, ""pack_warps"": 4, ""push"": true, ""reverse"": false, ""schedule"": ""full"", ""sms"": 0, ""streams"": 3, ""use_ce"": false}}","{""algo_id"": 66, ""cluster_shape"": 5, ""cta_swizzle"": 0, ""custom"": 2, ""inner_shape"": 0, ""reduction"": 0, ""returned"": 8, ""split_k"": 1, ""stages_id"": 35, ""tile_id"": 184, ""tune_ms"": 0.761087954044342, ""valid"": 8, ""waves"": 7.757575988769531, ""workspace_bytes"": 4}",full_v2/cublaslt_nccl_formal_auto_cp4.json
gemm_a2a/llama31_405b/s4096/cp4,llama31_405b,4096,4,cublaslt_nccl,graph,,"[1024, 18432, 16384]",,,1.1890079975128174,1.1989247977733613,,,520.1607490594973,1189.0079975128174,1198.9247977733612,,,"{""nccl_environment"": {""NCCL_GRAPH_REGISTER"": ""1"", ""NCCL_IB_DISABLE"": ""1"", ""NCCL_LOCAL_REGISTER"": ""1""}, ""operator"": {""chunks"": 1, ""local_first"": false, ""math_sms"": 0, ""pack_block"": 1024, ""pack_warps"": 4, ""push"": true, ""reverse"": false, ""schedule"": ""full"", ""sms"": 0, ""streams"": 3, ""use_ce"": false}}","{""algo_id"": 66, ""cluster_shape"": 5, ""cta_swizzle"": 0, ""custom"": 2, ""inner_shape"": 0, ""reduction"": 0, ""returned"": 8, ""split_k"": 1, ""stages_id"": 35, ""tile_id"": 184, ""tune_ms"": 0.761087954044342, ""valid"": 8, ""waves"": 7.757575988769531, ""workspace_bytes"": 4}",full_v2/cublaslt_nccl_formal_auto_cp4.json
gemm_a2a/llama31_405b/s4096/cp4,llama31_405b,4096,4,teub,eager,,"[1024, 18432, 16384]",,,1.126512050628662,1.1919056296348571,,,549.0179091105623,1126.512050628662,1191.9056296348572,,,"{""nccl_environment"": {""NCCL_GRAPH_REGISTER"": ""1"", ""NCCL_IB_DISABLE"": ""1"", ""NCCL_LOCAL_REGISTER"": ""1""}, ""operator"": {""chunks"": 1, ""local_first"": false, ""math_sms"": 128, ""pack_block"": 1024, ""pack_warps"": 4, ""push"": true, ""reverse"": false, ""schedule"": ""peer_gemm"", ""sms"": 4, ""streams"": 1, ""use_ce"": false}}","{""algo_id"": 66, ""cluster_shape"": 5, ""cta_swizzle"": 0, ""custom"": 2, ""inner_shape"": 0, ""reduction"": 0, ""returned"": 8, ""split_k"": 1, ""stages_id"": 35, ""tile_id"": 184, ""tune_ms"": 0.18667198717594147, ""valid"": 8, ""waves"": 2.0, ""workspace_bytes"": 0}",full_v2/teub_formal_auto_cp4.json
gemm_a2a/llama31_405b/s4096/cp4,llama31_405b,4096,4,teub,graph,,"[1024, 18432, 16384]",,,1.2041919827461243,1.219903963804245,,,513.6019002664221,1204.1919827461243,1219.903963804245,,,"{""nccl_environment"": {""NCCL_GRAPH_REGISTER"": ""1"", ""NCCL_IB_DISABLE"": ""1"", ""NCCL_LOCAL_REGISTER"": ""1""}, ""operator"": {""chunks"": 1, ""local_first"": false, ""math_sms"": 0, ""pack_block"": 1024, ""pack_warps"": 4, ""push"": true, ""reverse"": false, ""schedule"": ""full"", ""sms"": 8, ""streams"": 3, ""use_ce"": false}}","{""algo_id"": 66, ""cluster_shape"": 5, ""cta_swizzle"": 0, ""custom"": 2, ""inner_shape"": 0, ""reduction"": 0, ""returned"": 8, ""split_k"": 1, ""stages_id"": 35, ""tile_id"": 184, ""tune_ms"": 0.7470239996910095, ""valid"": 8, ""waves"": 7.757575988769531, ""workspace_bytes"": 4}",full_v2/teub_formal_auto_cp4.json
gemm_a2a/llama31_405b/s4096/cp8,llama31_405b,4096,8,cublaslt_nccl,eager,,"[512, 18432, 16384]",,,0.7962239980697632,0.8278416007757187,,,388.38021217856505,796.2239980697632,827.8416007757187,,,"{""nccl_environment"": {""NCCL_GRAPH_REGISTER"": ""1"", ""NCCL_IB_DISABLE"": ""1"", ""NCCL_LOCAL_REGISTER"": ""1"", ""NCCL_MAX_P2P_NCHANNELS"": ""24"", ""NCCL_MIN_P2P_NCHANNELS"": ""24"", ""NCCL_P2P_LL_THRESHOLD"": ""65536"", ""NCCL_P2P_NVL_CHUNKSIZE"": ""131072""}, ""operator"": {""chunks"": 1, ""local_first"": false, ""math_sms"": 0, ""pack_block"": 1024, ""pack_warps"": 4, ""push"": true, ""reverse"": false, ""schedule"": ""full"", ""sms"": 0, ""streams"": 3, ""use_ce"": false}}","{""algo_id"": 66, ""cluster_shape"": 5, ""cta_swizzle"": 0, ""custom"": 2, ""inner_shape"": 0, ""reduction"": 0, ""returned"": 8, ""split_k"": 1, ""stages_id"": 35, ""tile_id"": 184, ""tune_ms"": 0.39034131169319153, ""valid"": 8, ""waves"": 3.8787879943847656, ""workspace_bytes"": 4}",full_v2/cublaslt_nccl_formal_ch24_chunk128_ll64_cp8.json
gemm_a2a/llama31_405b/s4096/cp8,llama31_405b,4096,8,cublaslt_nccl,graph,,"[512, 18432, 16384]",,,0.7719999849796295,0.8104048013687134,,,400.5669058661442,771.9999849796295,810.4048013687134,,,"{""nccl_environment"": {""NCCL_GRAPH_REGISTER"": ""1"", ""NCCL_IB_DISABLE"": ""1"", ""NCCL_LOCAL_REGISTER"": ""1"", ""NCCL_MAX_P2P_NCHANNELS"": ""24"", ""NCCL_MIN_P2P_NCHANNELS"": ""24"", ""NCCL_P2P_LL_THRESHOLD"": ""65536"", ""NCCL_P2P_NVL_CHUNKSIZE"": ""131072""}, ""operator"": {""chunks"": 1, ""local_first"": false, ""math_sms"": 0, ""pack_block"": 1024, ""pack_warps"": 4, ""push"": true, ""reverse"": false, ""schedule"": ""full"", ""sms"": 0, ""streams"": 3, ""use_ce"": false}}","{""algo_id"": 66, ""cluster_shape"": 5, ""cta_swizzle"": 0, ""custom"": 2, ""inner_shape"": 0, ""reduction"": 0, ""returned"": 8, ""split_k"": 1, ""stages_id"": 35, ""tile_id"": 184, ""tune_ms"": 0.39034131169319153, ""valid"": 8, ""waves"": 3.8787879943847656, ""workspace_bytes"": 4}",full_v2/cublaslt_nccl_formal_ch24_chunk128_ll64_cp8.json
gemm_a2a/llama31_405b/s4096/cp8,llama31_405b,4096,8,teub,eager,,"[512, 18432, 16384]",,,0.8382239937782288,0.8575328230857849,,,368.9200590860393,838.2239937782288,857.5328230857849,,,"{""nccl_environment"": {""NCCL_GRAPH_REGISTER"": ""1"", ""NCCL_IB_DISABLE"": ""1"", ""NCCL_LOCAL_REGISTER"": ""1""}, ""operator"": {""chunks"": 1, ""local_first"": false, ""math_sms"": 0, ""pack_block"": 1024, ""pack_warps"": 4, ""push"": true, ""reverse"": false, ""schedule"": ""full"", ""sms"": 8, ""streams"": 3, ""use_ce"": false}}","{""algo_id"": 66, ""cluster_shape"": 5, ""cta_swizzle"": 0, ""custom"": 2, ""inner_shape"": 0, ""reduction"": 0, ""returned"": 8, ""split_k"": 1, ""stages_id"": 35, ""tile_id"": 184, ""tune_ms"": 0.3842986822128296, ""valid"": 8, ""waves"": 3.8787879943847656, ""workspace_bytes"": 4}",full_v2/teub_formal_auto_cp8.json
gemm_a2a/llama31_405b/s4096/cp8,llama31_405b,4096,8,teub,graph,,"[512, 18432, 16384]",,,0.8050560057163239,0.9284016102552414,,,384.119419166181,805.0560057163239,928.4016102552414,,,"{""nccl_environment"": {""NCCL_GRAPH_REGISTER"": ""1"", ""NCCL_IB_DISABLE"": ""1"", ""NCCL_LOCAL_REGISTER"": ""1""}, ""operator"": {""chunks"": 1, ""local_first"": false, ""math_sms"": 0, ""pack_block"": 1024, ""pack_warps"": 4, ""push"": true, ""reverse"": false, ""schedule"": ""full"", ""sms"": 8, ""streams"": 3, ""use_ce"": false}}","{""algo_id"": 66, ""cluster_shape"": 5, ""cta_swizzle"": 0, ""custom"": 2, ""inner_shape"": 0, ""reduction"": 0, ""returned"": 8, ""split_k"": 1, ""stages_id"": 35, ""tile_id"": 184, ""tune_ms"": 0.3842986822128296, ""valid"": 8, ""waves"": 3.8787879943847656, ""workspace_bytes"": 4}",full_v2/teub_formal_auto_cp8.json
gemm_a2a/llama31_405b/s16384/cp4,llama31_405b,16384,4,cublaslt_nccl,eager,,"[4096, 18432, 16384]",,,4.082672119140625,4.1270512342453,,,605.9514676424076,4082.672119140625,4127.0512342453,,,"{""nccl_environment"": {""NCCL_GRAPH_REGISTER"": ""1"", ""NCCL_IB_DISABLE"": ""1"", ""NCCL_LOCAL_REGISTER"": ""1""}, ""operator"": {""chunks"": 1, ""local_first"": false, ""math_sms"": 0, ""pack_block"": 1024, ""pack_warps"": 4, ""push"": true, ""reverse"": false, ""schedule"": ""full"", ""sms"": 0, ""streams"": 3, ""use_ce"": false}}","{""algo_id"": 66, ""cluster_shape"": 3, ""cta_swizzle"": 0, ""custom"": 4, ""inner_shape"": 0, ""reduction"": 0, ""returned"": 8, ""split_k"": 1, ""stages_id"": 35, ""tile_id"": 209, ""tune_ms"": 2.9188268184661865, ""valid"": 8, ""waves"": 16.0, ""workspace_bytes"": 4}",full_v2/cublaslt_nccl_formal_auto_cp4.json
gemm_a2a/llama31_405b/s16384/cp4,llama31_405b,16384,4,cublaslt_nccl,graph,,"[4096, 18432, 16384]",,,4.062463998794556,4.397590470314026,,,608.9656827063758,4062.4639987945557,4397.590470314026,,,"{""nccl_environment"": {""NCCL_GRAPH_REGISTER"": ""1"", ""NCCL_IB_DISABLE"": ""1"", ""NCCL_LOCAL_REGISTER"": ""1""}, ""operator"": {""chunks"": 1, ""local_first"": false, ""math_sms"": 0, ""pack_block"": 1024, ""pack_warps"": 4, ""push"": true, ""reverse"": false, ""schedule"": ""full"", ""sms"": 0, ""streams"": 3, ""use_ce"": false}}","{""algo_id"": 66, ""cluster_shape"": 3, ""cta_swizzle"": 0, ""custom"": 4, ""inner_shape"": 0, ""reduction"": 0, ""returned"": 8, ""split_k"": 1, ""stages_id"": 35, ""tile_id"": 209, ""tune_ms"": 2.9188268184661865, ""valid"": 8, ""waves"": 16.0, ""workspace_bytes"": 4}",full_v2/cublaslt_nccl_formal_auto_cp4.json
gemm_a2a/llama31_405b/s16384/cp4,llama31_405b,16384,4,teub,eager,,"[4096, 18432, 16384]",,,4.024736166000366,4.074254179000855,,,614.6741203546943,4024.736166000366,4074.2541790008545,,,"{""nccl_environment"": {""NCCL_GRAPH_REGISTER"": ""1"", ""NCCL_IB_DISABLE"": ""1"", ""NCCL_LOCAL_REGISTER"": ""1""}, ""operator"": {""chunks"": 1, ""local_first"": false, ""math_sms"": 128, ""pack_block"": 512, ""pack_warps"": 4, ""push"": true, ""reverse"": false, ""schedule"": ""peer_gemm"", ""sms"": 4, ""streams"": 1, ""use_ce"": true}}","{""algo_id"": 66, ""cluster_shape"": 5, ""cta_swizzle"": 0, ""custom"": 2, ""inner_shape"": 0, ""reduction"": 0, ""returned"": 8, ""split_k"": 1, ""stages_id"": 35, ""tile_id"": 184, ""tune_ms"": 0.739402711391449, ""valid"": 8, ""waves"": 8.0, ""workspace_bytes"": 4}",full_v2/teub_formal_auto_cp4.json
gemm_a2a/llama31_405b/s16384/cp4,llama31_405b,16384,4,teub,graph,,"[4096, 18432, 16384]",,,4.069631814956665,4.12013099193573,,,607.893115392883,4069.631814956665,4120.13099193573,,,"{""nccl_environment"": {""NCCL_GRAPH_REGISTER"": ""1"", ""NCCL_IB_DISABLE"": ""1"", ""NCCL_LOCAL_REGISTER"": ""1""}, ""operator"": {""chunks"": 1, ""local_first"": false, ""math_sms"": 128, ""pack_block"": 512, ""pack_warps"": 4, ""push"": true, ""reverse"": false, ""schedule"": ""peer_gemm"", ""sms"": 4, ""streams"": 1, ""use_ce"": true}}","{""algo_id"": 66, ""cluster_shape"": 5, ""cta_swizzle"": 0, ""custom"": 2, ""inner_shape"": 0, ""reduction"": 0, ""returned"": 8, ""split_k"": 1, ""stages_id"": 35, ""tile_id"": 184, ""tune_ms"": 0.739402711391449, ""valid"": 8, ""waves"": 8.0, ""workspace_bytes"": 4}",full_v2/teub_formal_auto_cp4.json
gemm_a2a/llama31_405b/s16384/cp8,llama31_405b,16384,8,cublaslt_nccl,eager,,"[2048, 18432, 16384]",,,2.305791974067688,2.4451295495033265,,,536.4536762897452,2305.791974067688,2445.1295495033264,,,"{""nccl_environment"": {""NCCL_GRAPH_REGISTER"": ""1"", ""NCCL_IB_DISABLE"": ""1"", ""NCCL_LOCAL_REGISTER"": ""1""}, ""operator"": {""chunks"": 1, ""local_first"": false, ""math_sms"": 0, ""pack_block"": 1024, ""pack_warps"": 4, ""push"": true, ""reverse"": false, ""schedule"": ""full"", ""sms"": 0, ""streams"": 3, ""use_ce"": false}}","{""algo_id"": 66, ""cluster_shape"": 3, ""cta_swizzle"": 0, ""custom"": 4, ""inner_shape"": 0, ""reduction"": 0, ""returned"": 8, ""split_k"": 1, ""stages_id"": 35, ""tile_id"": 23, ""tune_ms"": 1.4585599899291992, ""valid"": 8, ""waves"": 8.727272987365723, ""workspace_bytes"": 4}",full_v2/cublaslt_nccl_formal_auto_cp8.json
gemm_a2a/llama31_405b/s16384/cp8,llama31_405b,16384,8,cublaslt_nccl,graph,,"[2048, 18432, 16384]",,,2.2787680625915527,2.3014783024787904,,,542.8154806774257,2278.7680625915527,2301.4783024787903,,,"{""nccl_environment"": {""NCCL_GRAPH_REGISTER"": ""1"", ""NCCL_IB_DISABLE"": ""1"", ""NCCL_LOCAL_REGISTER"": ""1""}, ""operator"": {""chunks"": 1, ""local_first"": false, ""math_sms"": 0, ""pack_block"": 1024, ""pack_warps"": 4, ""push"": true, ""reverse"": false, ""schedule"": ""full"", ""sms"": 0, ""streams"": 3, ""use_ce"": false}}","{""algo_id"": 66, ""cluster_shape"": 3, ""cta_swizzle"": 0, ""custom"": 4, ""inner_shape"": 0, ""reduction"": 0, ""returned"": 8, ""split_k"": 1, ""stages_id"": 35, ""tile_id"": 23, ""tune_ms"": 1.4585599899291992, ""valid"": 8, ""waves"": 8.727272987365723, ""workspace_bytes"": 4}",full_v2/cublaslt_nccl_formal_auto_cp8.json
gemm_a2a/llama31_405b/s16384/cp8,llama31_405b,16384,8,teub,eager,,"[2048, 18432, 16384]",,,2.270608067512512,2.2966959714889525,,,544.7662231743496,2270.608067512512,2296.6959714889526,,,"{""nccl_environment"": {""NCCL_GRAPH_REGISTER"": ""1"", ""NCCL_IB_DISABLE"": ""1"", ""NCCL_LOCAL_REGISTER"": ""1""}, ""operator"": {""chunks"": 1, ""local_first"": false, ""math_sms"": 128, ""pack_block"": 512, ""pack_warps"": 4, ""push"": true, ""reverse"": false, ""schedule"": ""peer_gemm"", ""sms"": 4, ""streams"": 1, ""use_ce"": true}}","{""algo_id"": 66, ""cluster_shape"": 5, ""cta_swizzle"": 0, ""custom"": 2, ""inner_shape"": 0, ""reduction"": 0, ""returned"": 8, ""split_k"": 1, ""stages_id"": 35, ""tile_id"": 184, ""tune_ms"": 0.1865386813879013, ""valid"": 8, ""waves"": 2.0, ""workspace_bytes"": 0}",full_v2/teub_formal_auto_cp8.json
gemm_a2a/llama31_405b/s16384/cp8,llama31_405b,16384,8,teub,graph,,"[2048, 18432, 16384]",,,2.2321280241012573,2.254668855667114,,,554.1575428882692,2232.1280241012573,2254.6688556671143,,,"{""nccl_environment"": {""NCCL_GRAPH_REGISTER"": ""1"", ""NCCL_IB_DISABLE"": ""1"", ""NCCL_LOCAL_REGISTER"": ""1""}, ""operator"": {""chunks"": 1, ""local_first"": false, ""math_sms"": 128, ""pack_block"": 512, ""pack_warps"": 4, ""push"": true, ""reverse"": false, ""schedule"": ""peer_gemm"", ""sms"": 4, ""streams"": 1, ""use_ce"": true}}","{""algo_id"": 66, ""cluster_shape"": 5, ""cta_swizzle"": 0, ""custom"": 2, ""inner_shape"": 0, ""reduction"": 0, ""returned"": 8, ""split_k"": 1, ""stages_id"": 35, ""tile_id"": 184, ""tune_ms"": 0.1865386813879013, ""valid"": 8, ""waves"": 2.0, ""workspace_bytes"": 0}",full_v2/teub_formal_auto_cp8.json
gemm_a2a/llama31_405b/s131072/cp4,llama31_405b,131072,4,cublaslt_nccl,eager,,"[32768, 18432, 16384]",,,32.7838077545166,33.882605361938474,,,603.6885479613447,32783.8077545166,33882.60536193848,,,"{""nccl_environment"": {""NCCL_GRAPH_REGISTER"": ""1"", ""NCCL_IB_DISABLE"": ""1"", ""NCCL_LOCAL_REGISTER"": ""1""}, ""operator"": {""chunks"": 1, ""local_first"": false, ""math_sms"": 0, ""pack_block"": 1024, ""pack_warps"": 4, ""push"": true, ""reverse"": false, ""schedule"": ""full"", ""sms"": 0, ""streams"": 3, ""use_ce"": false}}","{""algo_id"": 66, ""cluster_shape"": 5, ""cta_swizzle"": 0, ""custom"": 7, ""inner_shape"": 0, ""reduction"": 0, ""returned"": 8, ""split_k"": 1, ""stages_id"": 35, ""tile_id"": 248, ""tune_ms"": 27.544172286987305, ""valid"": 8, ""waves"": 112.48484802246094, ""workspace_bytes"": 4}",full_v2/cublaslt_nccl_formal_auto_cp4.json
gemm_a2a/llama31_405b/s131072/cp4,llama31_405b,131072,4,cublaslt_nccl,graph,,"[32768, 18432, 16384]",,,33.01419258117676,33.90332584381103,,,599.475793669783,33014.19258117676,33903.325843811035,,,"{""nccl_environment"": {""NCCL_GRAPH_REGISTER"": ""1"", ""NCCL_IB_DISABLE"": ""1"", ""NCCL_LOCAL_REGISTER"": ""1""}, ""operator"": {""chunks"": 1, ""local_first"": false, ""math_sms"": 0, ""pack_block"": 1024, ""pack_warps"": 4, ""push"": true, ""reverse"": false, ""schedule"": ""full"", ""sms"": 0, ""streams"": 3, ""use_ce"": false}}","{""algo_id"": 66, ""cluster_shape"": 5, ""cta_swizzle"": 0, ""custom"": 7, ""inner_shape"": 0, ""reduction"": 0, ""returned"": 8, ""split_k"": 1, ""stages_id"": 35, ""tile_id"": 248, ""tune_ms"": 27.544172286987305, ""valid"": 8, ""waves"": 112.48484802246094, ""workspace_bytes"": 4}",full_v2/cublaslt_nccl_formal_auto_cp4.json
gemm_a2a/llama31_405b/s131072/cp4,llama31_405b,131072,4,teub,eager,,"[32768, 18432, 16384]",,,32.05419158935547,34.89751987457275,,,617.4296813818337,32054.19158935547,34897.519874572754,,,"{""nccl_environment"": {""NCCL_GRAPH_REGISTER"": ""1"", ""NCCL_IB_DISABLE"": ""1"", ""NCCL_LOCAL_REGISTER"": ""1""}, ""operator"": {""chunks"": 1, ""local_first"": false, ""math_sms"": 128, ""pack_block"": 512, ""pack_warps"": 4, ""push"": false, ""reverse"": false, ""schedule"": ""peer_gemm"", ""sms"": 4, ""streams"": 1, ""use_ce"": false}}","{""algo_id"": 66, ""cluster_shape"": 5, ""cta_swizzle"": 0, ""custom"": 6, ""inner_shape"": 0, ""reduction"": 0, ""returned"": 8, ""split_k"": 1, ""stages_id"": 35, ""tile_id"": 209, ""tune_ms"": 6.295013427734375, ""valid"": 8, ""waves"": 32.0625, ""workspace_bytes"": 4}",full_v2/teub_formal_auto_cp4.json
gemm_a2a/llama31_405b/s131072/cp4,llama31_405b,131072,4,teub,graph,,"[32768, 18432, 16384]",,,31.906975746154785,34.44471321105957,,,620.2784449840284,31906.975746154785,34444.71321105957,,,"{""nccl_environment"": {""NCCL_GRAPH_REGISTER"": ""1"", ""NCCL_IB_DISABLE"": ""1"", ""NCCL_LOCAL_REGISTER"": ""1""}, ""operator"": {""chunks"": 1, ""local_first"": false, ""math_sms"": 128, ""pack_block"": 1024, ""pack_warps"": 4, ""push"": true, ""reverse"": false, ""schedule"": ""peer_gemm"", ""sms"": 4, ""streams"": 1, ""use_ce"": false}}","{""algo_id"": 66, ""cluster_shape"": 5, ""cta_swizzle"": 0, ""custom"": 6, ""inner_shape"": 0, ""reduction"": 0, ""returned"": 8, ""split_k"": 1, ""stages_id"": 35, ""tile_id"": 209, ""tune_ms"": 6.295013427734375, ""valid"": 8, ""waves"": 32.0625, ""workspace_bytes"": 4}",full_v2/teub_formal_auto_cp4.json
gemm_a2a/llama31_405b/s131072/cp8,llama31_405b,131072,8,cublaslt_nccl,eager,,"[16384, 18432, 16384]",,,16.363840103149414,19.31839370727539,,,604.7238660123228,16363.840103149414,19318.39370727539,,,"{""nccl_environment"": {""NCCL_GRAPH_REGISTER"": ""1"", ""NCCL_IB_DISABLE"": ""1"", ""NCCL_LOCAL_REGISTER"": ""1""}, ""operator"": {""chunks"": 1, ""local_first"": false, ""math_sms"": 0, ""pack_block"": 1024, ""pack_warps"": 4, ""push"": true, ""reverse"": false, ""schedule"": ""full"", ""sms"": 0, ""streams"": 3, ""use_ce"": false}}","{""algo_id"": 66, ""cluster_shape"": 5, ""cta_swizzle"": 0, ""custom"": 7, ""inner_shape"": 0, ""reduction"": 0, ""returned"": 8, ""split_k"": 1, ""stages_id"": 35, ""tile_id"": 24, ""tune_ms"": 13.17359447479248, ""valid"": 8, ""waves"": 69.81818389892578, ""workspace_bytes"": 4}",full_v2/cublaslt_nccl_formal_auto_cp8.json
gemm_a2a/llama31_405b/s131072/cp8,llama31_405b,131072,8,cublaslt_nccl,graph,,"[16384, 18432, 16384]",,,16.62083148956299,17.42205753326416,,,595.3736223243658,16620.83148956299,17422.05753326416,,,"{""nccl_environment"": {""NCCL_GRAPH_REGISTER"": ""1"", ""NCCL_IB_DISABLE"": ""1"", ""NCCL_LOCAL_REGISTER"": ""1"", ""NCCL_MAX_P2P_NCHANNELS"": ""24"", ""NCCL_MIN_P2P_NCHANNELS"": ""24"", ""NCCL_P2P_LL_THRESHOLD"": ""65536"", ""NCCL_P2P_NVL_CHUNKSIZE"": ""131072""}, ""operator"": {""chunks"": 1, ""local_first"": false, ""math_sms"": 0, ""pack_block"": 1024, ""pack_warps"": 4, ""push"": true, ""reverse"": false, ""schedule"": ""full"", ""sms"": 0, ""streams"": 3, ""use_ce"": false}}","{""algo_id"": 66, ""cluster_shape"": 3, ""cta_swizzle"": 0, ""custom"": 4, ""inner_shape"": 0, ""reduction"": 0, ""returned"": 8, ""split_k"": 1, ""stages_id"": 35, ""tile_id"": 23, ""tune_ms"": 13.167305946350098, ""valid"": 8, ""waves"": 69.81818389892578, ""workspace_bytes"": 4}",full_v2/cublaslt_nccl_formal_ch24_chunk128_ll64_cp8.json
gemm_a2a/llama31_405b/s131072/cp8,llama31_405b,131072,8,teub,eager,,"[16384, 18432, 16384]",,,16.062560081481934,18.78335390090942,,,616.0664675982977,16062.560081481934,18783.35390090942,,,"{""nccl_environment"": {""NCCL_GRAPH_REGISTER"": ""1"", ""NCCL_IB_DISABLE"": ""1"", ""NCCL_LOCAL_REGISTER"": ""1""}, ""operator"": {""chunks"": 1, ""local_first"": false, ""math_sms"": 128, ""pack_block"": 1024, ""pack_warps"": 4, ""push"": true, ""reverse"": false, ""schedule"": ""peer_gemm"", ""sms"": 4, ""streams"": 1, ""use_ce"": false}}","{""algo_id"": 66, ""cluster_shape"": 5, ""cta_swizzle"": 0, ""custom"": 7, ""inner_shape"": 0, ""reduction"": 0, ""returned"": 8, ""split_k"": 1, ""stages_id"": 35, ""tile_id"": 24, ""tune_ms"": 1.4541386365890503, ""valid"": 8, ""waves"": 9.0, ""workspace_bytes"": 4}",full_v2/teub_formal_auto_cp8.json
gemm_a2a/llama31_405b/s131072/cp8,llama31_405b,131072,8,teub,graph,,"[16384, 18432, 16384]",,,16.165135383605957,19.10637216567993,,,612.1572393399026,16165.135383605957,19106.372165679928,,,"{""nccl_environment"": {""NCCL_GRAPH_REGISTER"": ""1"", ""NCCL_IB_DISABLE"": ""1"", ""NCCL_LOCAL_REGISTER"": ""1""}, ""operator"": {""chunks"": 1, ""local_first"": false, ""math_sms"": 128, ""pack_block"": 512, ""pack_warps"": 4, ""push"": false, ""reverse"": false, ""schedule"": ""peer_gemm"", ""sms"": 4, ""streams"": 1, ""use_ce"": false}}","{""algo_id"": 66, ""cluster_shape"": 5, ""cta_swizzle"": 0, ""custom"": 7, ""inner_shape"": 0, ""reduction"": 0, ""returned"": 8, ""split_k"": 1, ""stages_id"": 35, ""tile_id"": 24, ""tune_ms"": 1.4541386365890503, ""valid"": 8, ""waves"": 9.0, ""workspace_bytes"": 4}",full_v2/teub_formal_auto_cp8.json
gemm_a2a/llama31_405b/s262144/cp4,llama31_405b,262144,4,cublaslt_nccl,eager,,"[65536, 18432, 16384]",,,64.31820678710938,66.36274337768555,,,615.4154566365971,64318.206787109375,66362.74337768555,,,"{""nccl_environment"": {""NCCL_GRAPH_REGISTER"": ""1"", ""NCCL_IB_DISABLE"": ""1"", ""NCCL_LOCAL_REGISTER"": ""1""}, ""operator"": {""chunks"": 1, ""local_first"": false, ""math_sms"": 0, ""pack_block"": 1024, ""pack_warps"": 4, ""push"": true, ""reverse"": false, ""schedule"": ""full"", ""sms"": 0, ""streams"": 3, ""use_ce"": false}}","{""algo_id"": 66, ""cluster_shape"": 3, ""cta_swizzle"": 0, ""custom"": 4, ""inner_shape"": 0, ""reduction"": 0, ""returned"": 8, ""split_k"": 1, ""stages_id"": 35, ""tile_id"": 209, ""tune_ms"": 54.96630859375, ""valid"": 8, ""waves"": 248.72727966308594, ""workspace_bytes"": 4}",full_v2/cublaslt_nccl_formal_auto_cp4.json
gemm_a2a/llama31_405b/s262144/cp4,llama31_405b,262144,4,cublaslt_nccl,graph,,"[65536, 18432, 16384]",,,64.22138977050781,64.97831878662109,,,616.343226787554,64221.38977050781,64978.318786621094,,,"{""nccl_environment"": {""NCCL_GRAPH_REGISTER"": ""1"", ""NCCL_IB_DISABLE"": ""1"", ""NCCL_LOCAL_REGISTER"": ""1""}, ""operator"": {""chunks"": 1, ""local_first"": false, ""math_sms"": 0, ""pack_block"": 1024, ""pack_warps"": 4, ""push"": true, ""reverse"": false, ""schedule"": ""full"", ""sms"": 0, ""streams"": 3, ""use_ce"": false}}","{""algo_id"": 66, ""cluster_shape"": 3, ""cta_swizzle"": 0, ""custom"": 4, ""inner_shape"": 0, ""reduction"": 0, ""returned"": 8, ""split_k"": 1, ""stages_id"": 35, ""tile_id"": 209, ""tune_ms"": 54.96630859375, ""valid"": 8, ""waves"": 248.72727966308594, ""workspace_bytes"": 4}",full_v2/cublaslt_nccl_formal_auto_cp4.json
gemm_a2a/llama31_405b/s262144/cp4,llama31_405b,262144,4,teub,eager,,"[65536, 18432, 16384]",,,63.17331314086914,67.2010684967041,,,626.5686669254121,63173.31314086914,67201.0684967041,,,"{""nccl_environment"": {""NCCL_GRAPH_REGISTER"": ""1"", ""NCCL_IB_DISABLE"": ""1"", ""NCCL_LOCAL_REGISTER"": ""1""}, ""operator"": {""chunks"": 1, ""local_first"": false, ""math_sms"": 128, ""pack_block"": 1024, ""pack_warps"": 4, ""push"": true, ""reverse"": false, ""schedule"": ""peer_gemm"", ""sms"": 4, ""streams"": 1, ""use_ce"": false}}","{""algo_id"": 66, ""cluster_shape"": 3, ""cta_swizzle"": 0, ""custom"": 4, ""inner_shape"": 0, ""reduction"": 0, ""returned"": 8, ""split_k"": 1, ""stages_id"": 35, ""tile_id"": 209, ""tune_ms"": 12.725189208984375, ""valid"": 8, ""waves"": 64.125, ""workspace_bytes"": 4}",full_v2/teub_formal_auto_cp4.json
gemm_a2a/llama31_405b/s262144/cp4,llama31_405b,262144,4,teub,graph,,"[65536, 18432, 16384]",,,63.89662551879883,66.46408271789551,,,619.4758843452629,63896.62551879883,66464.08271789551,,,"{""nccl_environment"": {""NCCL_GRAPH_REGISTER"": ""1"", ""NCCL_IB_DISABLE"": ""1"", ""NCCL_LOCAL_REGISTER"": ""1""}, ""operator"": {""chunks"": 1, ""local_first"": false, ""math_sms"": 128, ""pack_block"": 1024, ""pack_warps"": 4, ""push"": true, ""reverse"": false, ""schedule"": ""peer_gemm"", ""sms"": 4, ""streams"": 1, ""use_ce"": false}}","{""algo_id"": 66, ""cluster_shape"": 3, ""cta_swizzle"": 0, ""custom"": 4, ""inner_shape"": 0, ""reduction"": 0, ""returned"": 8, ""split_k"": 1, ""stages_id"": 35, ""tile_id"": 209, ""tune_ms"": 12.725189208984375, ""valid"": 8, ""waves"": 64.125, ""workspace_bytes"": 4}",full_v2/teub_formal_auto_cp4.json
gemm_a2a/llama31_405b/s262144/cp8,llama31_405b,262144,8,cublaslt_nccl,eager,,"[32768, 18432, 16384]",,,32.79055976867676,34.370202445983885,,,603.5642404273192,32790.55976867676,34370.20244598389,,,"{""nccl_environment"": {""NCCL_GRAPH_REGISTER"": ""1"", ""NCCL_IB_DISABLE"": ""1"", ""NCCL_LOCAL_REGISTER"": ""1"", ""NCCL_MAX_P2P_NCHANNELS"": ""32"", ""NCCL_MIN_P2P_NCHANNELS"": ""32"", ""NCCL_P2P_LL_THRESHOLD"": ""65536"", ""NCCL_P2P_NVL_CHUNKSIZE"": ""524288""}, ""operator"": {""chunks"": 1, ""local_first"": false, ""math_sms"": 0, ""pack_block"": 1024, ""pack_warps"": 4, ""push"": true, ""reverse"": false, ""schedule"": ""full"", ""sms"": 0, ""streams"": 3, ""use_ce"": false}}","{""algo_id"": 66, ""cluster_shape"": 3, ""cta_swizzle"": 0, ""custom"": 4, ""inner_shape"": 0, ""reduction"": 0, ""returned"": 8, ""split_k"": 1, ""stages_id"": 35, ""tile_id"": 209, ""tune_ms"": 26.563636779785156, ""valid"": 8, ""waves"": 124.36363983154297, ""workspace_bytes"": 4}",full_v2/cublaslt_nccl_formal_ch32_chunk512_ll64_cp8.json
gemm_a2a/llama31_405b/s262144/cp8,llama31_405b,262144,8,cublaslt_nccl,graph,,"[32768, 18432, 16384]",,,32.14616012573242,35.526984977722165,,,615.6632463273737,32146.160125732422,35526.98497772217,,,"{""nccl_environment"": {""NCCL_GRAPH_REGISTER"": ""1"", ""NCCL_IB_DISABLE"": ""1"", ""NCCL_LOCAL_REGISTER"": ""1"", ""NCCL_MAX_P2P_NCHANNELS"": ""32"", ""NCCL_MIN_P2P_NCHANNELS"": ""32"", ""NCCL_P2P_LL_THRESHOLD"": ""65536"", ""NCCL_P2P_NVL_CHUNKSIZE"": ""524288""}, ""operator"": {""chunks"": 1, ""local_first"": false, ""math_sms"": 0, ""pack_block"": 1024, ""pack_warps"": 4, ""push"": true, ""reverse"": false, ""schedule"": ""full"", ""sms"": 0, ""streams"": 3, ""use_ce"": false}}","{""algo_id"": 66, ""cluster_shape"": 3, ""cta_swizzle"": 0, ""custom"": 4, ""inner_shape"": 0, ""reduction"": 0, ""returned"": 8, ""split_k"": 1, ""stages_id"": 35, ""tile_id"": 209, ""tune_ms"": 26.563636779785156, ""valid"": 8, ""waves"": 124.36363983154297, ""workspace_bytes"": 4}",full_v2/cublaslt_nccl_formal_ch32_chunk512_ll64_cp8.json
gemm_a2a/llama31_405b/s262144/cp8,llama31_405b,262144,8,teub,eager,,"[32768, 18432, 16384]",,,32.33068656921387,35.17611408233642,,,612.1493664416552,32330.686569213867,35176.11408233642,,,"{""nccl_environment"": {""NCCL_GRAPH_REGISTER"": ""1"", ""NCCL_IB_DISABLE"": ""1"", ""NCCL_LOCAL_REGISTER"": ""1""}, ""operator"": {""chunks"": 1, ""local_first"": false, ""math_sms"": 128, ""pack_block"": 512, ""pack_warps"": 4, ""push"": true, ""reverse"": false, ""schedule"": ""peer_gemm"", ""sms"": 4, ""streams"": 1, ""use_ce"": true}}","{""algo_id"": 66, ""cluster_shape"": 5, ""cta_swizzle"": 0, ""custom"": 7, ""inner_shape"": 0, ""reduction"": 0, ""returned"": 8, ""split_k"": 1, ""stages_id"": 35, ""tile_id"": 24, ""tune_ms"": 2.930874824523926, ""valid"": 8, ""waves"": 18.0, ""workspace_bytes"": 4}",full_v2/teub_formal_auto_cp8.json
gemm_a2a/llama31_405b/s262144/cp8,llama31_405b,262144,8,teub,graph,,"[32768, 18432, 16384]",,,32.92755317687988,33.597882461547854,,,601.0531421406805,32927.55317687988,33597.88246154785,,,"{""nccl_environment"": {""NCCL_GRAPH_REGISTER"": ""1"", ""NCCL_IB_DISABLE"": ""1"", ""NCCL_LOCAL_REGISTER"": ""1""}, ""operator"": {""chunks"": 1, ""local_first"": false, ""math_sms"": 128, ""pack_block"": 512, ""pack_warps"": 4, ""push"": true, ""reverse"": false, ""schedule"": ""peer_gemm"", ""sms"": 4, ""streams"": 1, ""use_ce"": true}}","{""algo_id"": 66, ""cluster_shape"": 5, ""cta_swizzle"": 0, ""custom"": 7, ""inner_shape"": 0, ""reduction"": 0, ""returned"": 8, ""split_k"": 1, ""stages_id"": 35, ""tile_id"": 24, ""tune_ms"": 2.930874824523926, ""valid"": 8, ""waves"": 18.0, ""workspace_bytes"": 4}",full_v2/teub_formal_auto_cp8.json
gemm_a2a/llama31_405b/s524288/cp4,llama31_405b,524288,4,cublaslt_nccl,eager,,"[131072, 18432, 16384]",,,130.56761932373047,133.4699264526367,,,606.3129404511085,130567.61932373047,133469.92645263672,,,"{""nccl_environment"": {""NCCL_GRAPH_REGISTER"": ""1"", ""NCCL_IB_DISABLE"": ""1"", ""NCCL_LOCAL_REGISTER"": ""1""}, ""operator"": {""chunks"": 1, ""local_first"": false, ""math_sms"": 0, ""pack_block"": 1024, ""pack_warps"": 4, ""push"": true, ""reverse"": false, ""schedule"": ""full"", ""sms"": 0, ""streams"": 3, ""use_ce"": false}}","{""algo_id"": 66, ""cluster_shape"": 5, ""cta_swizzle"": 0, ""custom"": 2, ""inner_shape"": 0, ""reduction"": 0, ""returned"": 8, ""split_k"": 1, ""stages_id"": 35, ""tile_id"": 197, ""tune_ms"": 112.52474212646484, ""valid"": 8, ""waves"": 853.3333129882812, ""workspace_bytes"": 4}",full_v2/cublaslt_nccl_formal_auto_cp4.json
gemm_a2a/llama31_405b/s524288/cp4,llama31_405b,524288,4,cublaslt_nccl,graph,,"[131072, 18432, 16384]",,,130.41087341308594,133.80256195068358,,,607.0416916012181,130410.87341308594,133802.5619506836,,,"{""nccl_environment"": {""NCCL_GRAPH_REGISTER"": ""1"", ""NCCL_IB_DISABLE"": ""1"", ""NCCL_LOCAL_REGISTER"": ""1""}, ""operator"": {""chunks"": 1, ""local_first"": false, ""math_sms"": 0, ""pack_block"": 1024, ""pack_warps"": 4, ""push"": true, ""reverse"": false, ""schedule"": ""full"", ""sms"": 0, ""streams"": 3, ""use_ce"": false}}","{""algo_id"": 66, ""cluster_shape"": 5, ""cta_swizzle"": 0, ""custom"": 2, ""inner_shape"": 0, ""reduction"": 0, ""returned"": 8, ""split_k"": 1, ""stages_id"": 35, ""tile_id"": 197, ""tune_ms"": 112.52474212646484, ""valid"": 8, ""waves"": 853.3333129882812, ""workspace_bytes"": 4}",full_v2/cublaslt_nccl_formal_auto_cp4.json
gemm_a2a/llama31_405b/s524288/cp4,llama31_405b,524288,4,teub,eager,,"[131072, 18432, 16384]",,,127.89771270751953,131.43929901123047,,,618.9699215411977,127897.71270751953,131439.29901123047,,,"{""nccl_environment"": {""NCCL_GRAPH_REGISTER"": ""1"", ""NCCL_IB_DISABLE"": ""1"", ""NCCL_LOCAL_REGISTER"": ""1""}, ""operator"": {""chunks"": 1, ""local_first"": false, ""math_sms"": 128, ""pack_block"": 512, ""pack_warps"": 4, ""push"": true, ""reverse"": false, ""schedule"": ""peer_gemm"", ""sms"": 4, ""streams"": 1, ""use_ce"": true}}","{""algo_id"": 66, ""cluster_shape"": 3, ""cta_swizzle"": 0, ""custom"": 4, ""inner_shape"": 0, ""reduction"": 0, ""returned"": 8, ""split_k"": 1, ""stages_id"": 35, ""tile_id"": 209, ""tune_ms"": 26.837717056274414, ""valid"": 8, ""waves"": 128.0625, ""workspace_bytes"": 4}",full_v2/teub_formal_auto_cp4.json
gemm_a2a/llama31_405b/s524288/cp4,llama31_405b,524288,4,teub,graph,,"[131072, 18432, 16384]",,,126.6733283996582,130.16243209838868,,,624.9526889362576,126673.3283996582,130162.43209838867,,,"{""nccl_environment"": {""NCCL_GRAPH_REGISTER"": ""1"", ""NCCL_IB_DISABLE"": ""1"", ""NCCL_LOCAL_REGISTER"": ""1""}, ""operator"": {""chunks"": 1, ""local_first"": false, ""math_sms"": 128, ""pack_block"": 512, ""pack_warps"": 4, ""push"": true, ""reverse"": false, ""schedule"": ""peer_gemm"", ""sms"": 4, ""streams"": 1, ""use_ce"": true}}","{""algo_id"": 66, ""cluster_shape"": 3, ""cta_swizzle"": 0, ""custom"": 4, ""inner_shape"": 0, ""reduction"": 0, ""returned"": 8, ""split_k"": 1, ""stages_id"": 35, ""tile_id"": 209, ""tune_ms"": 26.837717056274414, ""valid"": 8, ""waves"": 128.0625, ""workspace_bytes"": 4}",full_v2/teub_formal_auto_cp4.json
gemm_a2a/llama31_405b/s524288/cp8,llama31_405b,524288,8,cublaslt_nccl,eager,,"[65536, 18432, 16384]",,,64.85708618164062,67.32515182495118,,,610.3021416824114,64857.086181640625,67325.15182495117,,,"{""nccl_environment"": {""NCCL_GRAPH_REGISTER"": ""1"", ""NCCL_IB_DISABLE"": ""1"", ""NCCL_LOCAL_REGISTER"": ""1""}, ""operator"": {""chunks"": 1, ""local_first"": false, ""math_sms"": 0, ""pack_block"": 1024, ""pack_warps"": 4, ""push"": true, ""reverse"": false, ""schedule"": ""full"", ""sms"": 0, ""streams"": 3, ""use_ce"": false}}","{""algo_id"": 66, ""cluster_shape"": 3, ""cta_swizzle"": 0, ""custom"": 4, ""inner_shape"": 0, ""reduction"": 0, ""returned"": 8, ""split_k"": 1, ""stages_id"": 35, ""tile_id"": 209, ""tune_ms"": 53.9853515625, ""valid"": 8, ""waves"": 248.72727966308594, ""workspace_bytes"": 4}",full_v2/cublaslt_nccl_formal_auto_cp8.json
gemm_a2a/llama31_405b/s524288/cp8,llama31_405b,524288,8,cublaslt_nccl,graph,,"[65536, 18432, 16384]",,,64.7927360534668,68.04364547729492,,,610.9082747682193,64792.7360534668,68043.64547729492,,,"{""nccl_environment"": {""NCCL_GRAPH_REGISTER"": ""1"", ""NCCL_IB_DISABLE"": ""1"", ""NCCL_LOCAL_REGISTER"": ""1"", ""NCCL_MAX_P2P_NCHANNELS"": ""24"", ""NCCL_MIN_P2P_NCHANNELS"": ""24"", ""NCCL_P2P_LL_THRESHOLD"": ""65536"", ""NCCL_P2P_NVL_CHUNKSIZE"": ""131072""}, ""operator"": {""chunks"": 1, ""local_first"": false, ""math_sms"": 0, ""pack_block"": 1024, ""pack_warps"": 4, ""push"": true, ""reverse"": false, ""schedule"": ""full"", ""sms"": 0, ""streams"": 3, ""use_ce"": false}}","{""algo_id"": 66, ""cluster_shape"": 3, ""cta_swizzle"": 0, ""custom"": 4, ""inner_shape"": 0, ""reduction"": 0, ""returned"": 8, ""split_k"": 1, ""stages_id"": 35, ""tile_id"": 209, ""tune_ms"": 53.36435317993164, ""valid"": 8, ""waves"": 248.72727966308594, ""workspace_bytes"": 4}",full_v2/cublaslt_nccl_formal_ch24_chunk128_ll64_cp8.json
gemm_a2a/llama31_405b/s524288/cp8,llama31_405b,524288,8,teub,eager,,"[65536, 18432, 16384]",,,65.37366485595703,68.58156967163086,,,605.4795717381162,65373.66485595703,68581.56967163086,,,"{""nccl_environment"": {""NCCL_GRAPH_REGISTER"": ""1"", ""NCCL_IB_DISABLE"": ""1"", ""NCCL_LOCAL_REGISTER"": ""1""}, ""operator"": {""chunks"": 1, ""local_first"": false, ""math_sms"": 128, ""pack_block"": 512, ""pack_warps"": 4, ""push"": true, ""reverse"": true, ""schedule"": ""peer_gemm"", ""sms"": 4, ""streams"": 1, ""use_ce"": false}}","{""algo_id"": 66, ""cluster_shape"": 5, ""cta_swizzle"": 0, ""custom"": 7, ""inner_shape"": 0, ""reduction"": 0, ""returned"": 8, ""split_k"": 1, ""stages_id"": 35, ""tile_id"": 24, ""tune_ms"": 6.408880233764648, ""valid"": 8, ""waves"": 36.0, ""workspace_bytes"": 4}",full_v2/teub_formal_auto_cp8.json
gemm_a2a/llama31_405b/s524288/cp8,llama31_405b,524288,8,teub,graph,,"[65536, 18432, 16384]",,,65.85326385498047,67.73987426757813,,,601.0699589181014,65853.26385498047,67739.87426757812,,,"{""nccl_environment"": {""NCCL_GRAPH_REGISTER"": ""1"", ""NCCL_IB_DISABLE"": ""1"", ""NCCL_LOCAL_REGISTER"": ""1""}, ""operator"": {""chunks"": 1, ""local_first"": false, ""math_sms"": 128, ""pack_block"": 1024, ""pack_warps"": 4, ""push"": true, ""reverse"": false, ""schedule"": ""peer_gemm"", ""sms"": 4, ""streams"": 1, ""use_ce"": false}}","{""algo_id"": 66, ""cluster_shape"": 5, ""cta_swizzle"": 0, ""custom"": 7, ""inner_shape"": 0, ""reduction"": 0, ""returned"": 8, ""split_k"": 1, ""stages_id"": 35, ""tile_id"": 24, ""tune_ms"": 6.408880233764648, ""valid"": 8, ""waves"": 36.0, ""workspace_bytes"": 4}",full_v2/teub_formal_auto_cp8.json
a2a_gemm/representative_small/s1024/cp4,representative_small,1024,4,cublaslt_nccl,eager,,"[256, 4096, 4096]",,,0.13715200126171112,0.2406751990318295,,,62.63076377288023,137.15200126171112,240.6751990318295,,,"{""nccl_environment"": {""NCCL_GRAPH_REGISTER"": ""1"", ""NCCL_IB_DISABLE"": ""1"", ""NCCL_LOCAL_REGISTER"": ""1""}, ""operator"": {""chunks"": 1, ""local_first"": false, ""math_sms"": 0, ""pack_block"": 1024, ""pack_warps"": 4, ""push"": true, ""reverse"": false, ""schedule"": ""full"", ""sms"": 0, ""streams"": 3, ""use_ce"": false}}","{""algo_id"": 66, ""cluster_shape"": 5, ""cta_swizzle"": 0, ""custom"": 3, ""inner_shape"": 0, ""reduction"": 0, ""returned"": 8, ""split_k"": 1, ""stages_id"": 35, ""tile_id"": 18, ""tune_ms"": 0.016997333616018295, ""valid"": 8, ""waves"": 0.9696969985961914, ""workspace_bytes"": 0}",full_v2/cublaslt_nccl_formal_auto_cp4.json
a2a_gemm/representative_small/s1024/cp4,representative_small,1024,4,cublaslt_nccl,graph,,"[256, 4096, 4096]",,,0.0687520019710064,0.07503199763596058,,,124.94086493106755,68.7520019710064,75.03199763596058,,,"{""nccl_environment"": {""NCCL_GRAPH_REGISTER"": ""1"", ""NCCL_IB_DISABLE"": ""1"", ""NCCL_LOCAL_REGISTER"": ""1"", ""NCCL_MAX_P2P_NCHANNELS"": ""24"", ""NCCL_MIN_P2P_NCHANNELS"": ""24"", ""NCCL_P2P_LL_THRESHOLD"": ""65536"", ""NCCL_P2P_NVL_CHUNKSIZE"": ""131072""}, ""operator"": {""chunks"": 1, ""local_first"": false, ""math_sms"": 0, ""pack_block"": 1024, ""pack_warps"": 4, ""push"": true, ""reverse"": false, ""schedule"": ""full"", ""sms"": 0, ""streams"": 3, ""use_ce"": false}}","{""algo_id"": 66, ""cluster_shape"": 7, ""cta_swizzle"": 0, ""custom"": 0, ""inner_shape"": 0, ""reduction"": 0, ""returned"": 8, ""split_k"": 1, ""stages_id"": 35, ""tile_id"": 135, ""tune_ms"": 0.017504001036286354, ""valid"": 8, ""waves"": 0.7878788113594055, ""workspace_bytes"": 0}",full_v2/cublaslt_nccl_formal_ch24_chunk128_ll64_cp4.json
a2a_gemm/representative_small/s1024/cp4,representative_small,1024,4,teub,eager,,"[256, 4096, 4096]",,,0.16462399810552597,0.17217120230197908,,,52.17911538324897,164.62399810552597,172.17120230197906,,,"{""nccl_environment"": {""NCCL_GRAPH_REGISTER"": ""1"", ""NCCL_IB_DISABLE"": ""1"", ""NCCL_LOCAL_REGISTER"": ""1""}, ""operator"": {""chunks"": 1, ""local_first"": false, ""math_sms"": 0, ""pack_block"": 512, ""pack_warps"": 4, ""push"": true, ""reverse"": false, ""schedule"": ""full"", ""sms"": 16, ""streams"": 1, ""use_ce"": false}}","{""algo_id"": 66, ""cluster_shape"": 5, ""cta_swizzle"": 0, ""custom"": 3, ""inner_shape"": 0, ""reduction"": 0, ""returned"": 8, ""split_k"": 1, ""stages_id"": 35, ""tile_id"": 18, ""tune_ms"": 0.016501333564519882, ""valid"": 8, ""waves"": 0.9696969985961914, ""workspace_bytes"": 0}",full_v2/teub_formal_auto_cp4.json
a2a_gemm/representative_small/s1024/cp4,representative_small,1024,4,teub,graph,,"[256, 4096, 4096]",,,0.060656001791357994,0.06832479871809483,,,141.61722398959466,60.656001791357994,68.32479871809483,,,"{""nccl_environment"": {""NCCL_GRAPH_REGISTER"": ""1"", ""NCCL_IB_DISABLE"": ""1"", ""NCCL_LOCAL_REGISTER"": ""1""}, ""operator"": {""chunks"": 1, ""local_first"": false, ""math_sms"": 0, ""pack_block"": 1024, ""pack_warps"": 4, ""push"": true, ""reverse"": false, ""schedule"": ""full"", ""sms"": 4, ""streams"": 3, ""use_ce"": false}}","{""algo_id"": 66, ""cluster_shape"": 5, ""cta_swizzle"": 0, ""custom"": 3, ""inner_shape"": 0, ""reduction"": 0, ""returned"": 8, ""split_k"": 1, ""stages_id"": 35, ""tile_id"": 18, ""tune_ms"": 0.016501333564519882, ""valid"": 8, ""waves"": 0.9696969985961914, ""workspace_bytes"": 0}",full_v2/teub_formal_auto_cp4.json
a2a_gemm/representative_small/s1024/cp8,representative_small,1024,8,cublaslt_nccl,eager,,"[128, 4096, 4096]",,,0.14561600238084793,0.17543519660830495,,,29.495160049558493,145.61600238084793,175.43519660830495,,,"{""nccl_environment"": {""NCCL_GRAPH_REGISTER"": ""1"", ""NCCL_IB_DISABLE"": ""1"", ""NCCL_LOCAL_REGISTER"": ""1""}, ""operator"": {""chunks"": 1, ""local_first"": false, ""math_sms"": 0, ""pack_block"": 1024, ""pack_warps"": 4, ""push"": true, ""reverse"": false, ""schedule"": ""full"", ""sms"": 0, ""streams"": 3, ""use_ce"": false}}","{""algo_id"": 66, ""cluster_shape"": 7, ""cta_swizzle"": 0, ""custom"": 0, ""inner_shape"": 0, ""reduction"": 0, ""returned"": 8, ""split_k"": 1, ""stages_id"": 35, ""tile_id"": 27, ""tune_ms"": 0.013514666818082333, ""valid"": 8, ""waves"": 0.6515151262283325, ""workspace_bytes"": 0}",full_v2/cublaslt_nccl_formal_auto_cp8.json
a2a_gemm/representative_small/s1024/cp8,representative_small,1024,8,cublaslt_nccl,graph,,"[128, 4096, 4096]",,,0.0756479986011982,0.09715840071439742,,,56.77568971311783,75.6479986011982,97.15840071439742,,,"{""nccl_environment"": {""NCCL_GRAPH_REGISTER"": ""1"", ""NCCL_IB_DISABLE"": ""1"", ""NCCL_LOCAL_REGISTER"": ""1""}, ""operator"": {""chunks"": 1, ""local_first"": false, ""math_sms"": 0, ""pack_block"": 1024, ""pack_warps"": 4, ""push"": true, ""reverse"": false, ""schedule"": ""full"", ""sms"": 0, ""streams"": 3, ""use_ce"": false}}","{""algo_id"": 66, ""cluster_shape"": 7, ""cta_swizzle"": 0, ""custom"": 0, ""inner_shape"": 0, ""reduction"": 0, ""returned"": 8, ""split_k"": 1, ""stages_id"": 35, ""tile_id"": 27, ""tune_ms"": 0.013514666818082333, ""valid"": 8, ""waves"": 0.6515151262283325, ""workspace_bytes"": 0}",full_v2/cublaslt_nccl_formal_auto_cp8.json
a2a_gemm/representative_small/s1024/cp8,representative_small,1024,8,teub,eager,,"[128, 4096, 4096]",,,0.22883200645446777,0.23642719984054567,,,18.769084633510822,228.83200645446777,236.42719984054565,,,"{""nccl_environment"": {""NCCL_GRAPH_REGISTER"": ""1"", ""NCCL_IB_DISABLE"": ""1"", ""NCCL_LOCAL_REGISTER"": ""1""}, ""operator"": {""chunks"": 1, ""local_first"": false, ""math_sms"": 0, ""pack_block"": 512, ""pack_warps"": 4, ""push"": true, ""reverse"": false, ""schedule"": ""full"", ""sms"": 8, ""streams"": 1, ""use_ce"": false}}","{""algo_id"": 66, ""cluster_shape"": 7, ""cta_swizzle"": 0, ""custom"": 0, ""inner_shape"": 0, ""reduction"": 0, ""returned"": 8, ""split_k"": 1, ""stages_id"": 35, ""tile_id"": 27, ""tune_ms"": 0.012890666723251343, ""valid"": 8, ""waves"": 0.6515151262283325, ""workspace_bytes"": 0}",full_v2/teub_formal_auto_cp8.json
a2a_gemm/representative_small/s1024/cp8,representative_small,1024,8,teub,graph,,"[128, 4096, 4096]",,,0.08143999800086021,0.09348159991204738,,,52.737811903613185,81.43999800086021,93.48159991204739,,,"{""nccl_environment"": {""NCCL_GRAPH_REGISTER"": ""1"", ""NCCL_IB_DISABLE"": ""1"", ""NCCL_LOCAL_REGISTER"": ""1""}, ""operator"": {""chunks"": 1, ""local_first"": false, ""math_sms"": 0, ""pack_block"": 1024, ""pack_warps"": 4, ""push"": true, ""reverse"": false, ""schedule"": ""full"", ""sms"": 16, ""streams"": 3, ""use_ce"": false}}","{""algo_id"": 66, ""cluster_shape"": 7, ""cta_swizzle"": 0, ""custom"": 0, ""inner_shape"": 0, ""reduction"": 0, ""returned"": 8, ""split_k"": 1, ""stages_id"": 35, ""tile_id"": 27, ""tune_ms"": 0.012890666723251343, ""valid"": 8, ""waves"": 0.6515151262283325, ""workspace_bytes"": 0}",full_v2/teub_formal_auto_cp8.json
a2a_gemm/representative_small/s4096/cp4,representative_small,4096,4,cublaslt_nccl,eager,,"[1024, 4096, 4096]",,,0.16124799847602844,0.20063039734959595,,,213.08629373844917,161.24799847602844,200.63039734959594,,,"{""nccl_environment"": {""NCCL_GRAPH_REGISTER"": ""1"", ""NCCL_IB_DISABLE"": ""1"", ""NCCL_LOCAL_REGISTER"": ""1""}, ""operator"": {""chunks"": 1, ""local_first"": false, ""math_sms"": 0, ""pack_block"": 1024, ""pack_warps"": 4, ""push"": true, ""reverse"": false, ""schedule"": ""full"", ""sms"": 0, ""streams"": 3, ""use_ce"": false}}","{""algo_id"": 66, ""cluster_shape"": 3, ""cta_swizzle"": 0, ""custom"": 4, ""inner_shape"": 0, ""reduction"": 0, ""returned"": 8, ""split_k"": 1, ""stages_id"": 35, ""tile_id"": 23, ""tune_ms"": 0.04513600096106529, ""valid"": 8, ""waves"": 0.9696969985961914, ""workspace_bytes"": 0}",full_v2/cublaslt_nccl_formal_auto_cp4.json
a2a_gemm/representative_small/s4096/cp4,representative_small,4096,4,cublaslt_nccl,graph,,"[1024, 4096, 4096]",,,0.11987200006842613,0.1296623975038528,,,286.6368989287452,119.87200006842613,129.66239750385282,,,"{""nccl_environment"": {""NCCL_GRAPH_REGISTER"": ""1"", ""NCCL_IB_DISABLE"": ""1"", ""NCCL_LOCAL_REGISTER"": ""1""}, ""operator"": {""chunks"": 1, ""local_first"": false, ""math_sms"": 0, ""pack_block"": 1024, ""pack_warps"": 4, ""push"": true, ""reverse"": false, ""schedule"": ""full"", ""sms"": 0, ""streams"": 3, ""use_ce"": false}}","{""algo_id"": 66, ""cluster_shape"": 3, ""cta_swizzle"": 0, ""custom"": 4, ""inner_shape"": 0, ""reduction"": 0, ""returned"": 8, ""split_k"": 1, ""stages_id"": 35, ""tile_id"": 23, ""tune_ms"": 0.04513600096106529, ""valid"": 8, ""waves"": 0.9696969985961914, ""workspace_bytes"": 0}",full_v2/cublaslt_nccl_formal_auto_cp4.json
a2a_gemm/representative_small/s4096/cp4,representative_small,4096,4,teub,eager,,"[1024, 4096, 4096]",,,0.1926879957318306,0.199001594632864,,,178.31800179093372,192.6879957318306,199.001594632864,,,"{""nccl_environment"": {""NCCL_GRAPH_REGISTER"": ""1"", ""NCCL_IB_DISABLE"": ""1"", ""NCCL_LOCAL_REGISTER"": ""1""}, ""operator"": {""chunks"": 1, ""local_first"": false, ""math_sms"": 0, ""pack_block"": 512, ""pack_warps"": 8, ""push"": true, ""reverse"": false, ""schedule"": ""full"", ""sms"": 8, ""streams"": 1, ""use_ce"": false}}","{""algo_id"": 66, ""cluster_shape"": 3, ""cta_swizzle"": 0, ""custom"": 4, ""inner_shape"": 0, ""reduction"": 0, ""returned"": 8, ""split_k"": 1, ""stages_id"": 35, ""tile_id"": 23, ""tune_ms"": 0.045077335089445114, ""valid"": 8, ""waves"": 0.9696969985961914, ""workspace_bytes"": 0}",full_v2/teub_formal_auto_cp4.json
a2a_gemm/representative_small/s4096/cp4,representative_small,4096,4,teub,graph,,"[1024, 4096, 4096]",,,0.10371199995279312,0.11691199876368046,,,331.2995447358032,103.71199995279312,116.91199876368046,,,"{""nccl_environment"": {""NCCL_GRAPH_REGISTER"": ""1"", ""NCCL_IB_DISABLE"": ""1"", ""NCCL_LOCAL_REGISTER"": ""1""}, ""operator"": {""chunks"": 2, ""local_first"": false, ""math_sms"": 0, ""pack_block"": 1024, ""pack_warps"": 4, ""push"": true, ""reverse"": false, ""schedule"": ""row_pipeline"", ""sms"": 8, ""streams"": 3, ""use_ce"": false}}","{""algo_id"": 66, ""cluster_shape"": 3, ""cta_swizzle"": 0, ""custom"": 1, ""inner_shape"": 0, ""reduction"": 0, ""returned"": 8, ""split_k"": 1, ""stages_id"": 35, ""tile_id"": 20, ""tune_ms"": 0.025509333238005638, ""valid"": 8, ""waves"": 0.9696969985961914, ""workspace_bytes"": 0}",full_v2/teub_formal_auto_cp4.json
a2a_gemm/representative_small/s4096/cp8,representative_small,4096,8,cublaslt_nccl,eager,,"[512, 4096, 4096]",,,0.16140799969434738,0.22738560363650312,,,106.43753231892416,161.40799969434738,227.3856036365031,,,"{""nccl_environment"": {""NCCL_GRAPH_REGISTER"": ""1"", ""NCCL_IB_DISABLE"": ""1"", ""NCCL_LOCAL_REGISTER"": ""1""}, ""operator"": {""chunks"": 1, ""local_first"": false, ""math_sms"": 0, ""pack_block"": 1024, ""pack_warps"": 4, ""push"": true, ""reverse"": false, ""schedule"": ""full"", ""sms"": 0, ""streams"": 3, ""use_ce"": false}}","{""algo_id"": 66, ""cluster_shape"": 3, ""cta_swizzle"": 0, ""custom"": 1, ""inner_shape"": 0, ""reduction"": 0, ""returned"": 8, ""split_k"": 1, ""stages_id"": 35, ""tile_id"": 20, ""tune_ms"": 0.025994665920734406, ""valid"": 8, ""waves"": 0.9696969985961914, ""workspace_bytes"": 0}",full_v2/cublaslt_nccl_formal_auto_cp8.json
a2a_gemm/representative_small/s4096/cp8,representative_small,4096,8,cublaslt_nccl,graph,,"[512, 4096, 4096]",,,0.1130719967186451,0.12684000059962272,,,151.9374352851338,113.0719967186451,126.84000059962273,,,"{""nccl_environment"": {""NCCL_GRAPH_REGISTER"": ""1"", ""NCCL_IB_DISABLE"": ""1"", ""NCCL_LOCAL_REGISTER"": ""1""}, ""operator"": {""chunks"": 1, ""local_first"": false, ""math_sms"": 0, ""pack_block"": 1024, ""pack_warps"": 4, ""push"": true, ""reverse"": false, ""schedule"": ""full"", ""sms"": 0, ""streams"": 3, ""use_ce"": false}}","{""algo_id"": 66, ""cluster_shape"": 3, ""cta_swizzle"": 0, ""custom"": 1, ""inner_shape"": 0, ""reduction"": 0, ""returned"": 8, ""split_k"": 1, ""stages_id"": 35, ""tile_id"": 20, ""tune_ms"": 0.025994665920734406, ""valid"": 8, ""waves"": 0.9696969985961914, ""workspace_bytes"": 0}",full_v2/cublaslt_nccl_formal_auto_cp8.json
a2a_gemm/representative_small/s4096/cp8,representative_small,4096,8,teub,eager,,"[512, 4096, 4096]",,,0.2540480047464371,0.26131040453910825,,,67.62449955529887,254.04800474643707,261.3104045391083,,,"{""nccl_environment"": {""NCCL_GRAPH_REGISTER"": ""1"", ""NCCL_IB_DISABLE"": ""1"", ""NCCL_LOCAL_REGISTER"": ""1""}, ""operator"": {""chunks"": 1, ""local_first"": false, ""math_sms"": 0, ""pack_block"": 1024, ""pack_warps"": 4, ""push"": true, ""reverse"": false, ""schedule"": ""full"", ""sms"": 8, ""streams"": 3, ""use_ce"": false}}","{""algo_id"": 66, ""cluster_shape"": 3, ""cta_swizzle"": 0, ""custom"": 1, ""inner_shape"": 0, ""reduction"": 0, ""returned"": 8, ""split_k"": 1, ""stages_id"": 35, ""tile_id"": 20, ""tune_ms"": 0.025482667610049248, ""valid"": 8, ""waves"": 0.9696969985961914, ""workspace_bytes"": 0}",full_v2/teub_formal_auto_cp8.json
a2a_gemm/representative_small/s4096/cp8,representative_small,4096,8,teub,graph,,"[512, 4096, 4096]",,,0.10278400033712387,0.11825599893927574,,,167.1453643334693,102.78400033712387,118.25599893927574,,,"{""nccl_environment"": {""NCCL_GRAPH_REGISTER"": ""1"", ""NCCL_IB_DISABLE"": ""1"", ""NCCL_LOCAL_REGISTER"": ""1""}, ""operator"": {""chunks"": 1, ""local_first"": false, ""math_sms"": 0, ""pack_block"": 1024, ""pack_warps"": 4, ""push"": true, ""reverse"": false, ""schedule"": ""full"", ""sms"": 8, ""streams"": 3, ""use_ce"": false}}","{""algo_id"": 66, ""cluster_shape"": 3, ""cta_swizzle"": 0, ""custom"": 1, ""inner_shape"": 0, ""reduction"": 0, ""returned"": 8, ""split_k"": 1, ""stages_id"": 35, ""tile_id"": 20, ""tune_ms"": 0.025482667610049248, ""valid"": 8, ""waves"": 0.9696969985961914, ""workspace_bytes"": 0}",full_v2/teub_formal_auto_cp8.json
a2a_gemm/representative_small/s16384/cp4,representative_small,16384,4,cublaslt_nccl,eager,,"[4096, 4096, 4096]",,,0.35384000837802887,0.3642672047019005,,,388.42117967950526,353.84000837802887,364.2672047019005,,,"{""nccl_environment"": {""NCCL_GRAPH_REGISTER"": ""1"", ""NCCL_IB_DISABLE"": ""1"", ""NCCL_LOCAL_REGISTER"": ""1"", ""NCCL_MAX_P2P_NCHANNELS"": ""24"", ""NCCL_MIN_P2P_NCHANNELS"": ""24"", ""NCCL_P2P_LL_THRESHOLD"": ""65536"", ""NCCL_P2P_NVL_CHUNKSIZE"": ""131072""}, ""operator"": {""chunks"": 1, ""local_first"": false, ""math_sms"": 0, ""pack_block"": 1024, ""pack_warps"": 4, ""push"": true, ""reverse"": false, ""schedule"": ""full"", ""sms"": 0, ""streams"": 3, ""use_ce"": false}}","{""algo_id"": 66, ""cluster_shape"": 3, ""cta_swizzle"": 0, ""custom"": 4, ""inner_shape"": 0, ""reduction"": 0, ""returned"": 8, ""split_k"": 1, ""stages_id"": 35, ""tile_id"": 23, ""tune_ms"": 0.1695413440465927, ""valid"": 8, ""waves"": 3.8787879943847656, ""workspace_bytes"": 4}",full_v2/cublaslt_nccl_formal_ch24_chunk128_ll64_cp4.json
a2a_gemm/representative_small/s16384/cp4,representative_small,16384,4,cublaslt_nccl,graph,,"[4096, 4096, 4096]",,,0.3327520042657852,0.4151583999395367,,,413.03719199305203,332.7520042657852,415.1583999395367,,,"{""nccl_environment"": {""NCCL_GRAPH_REGISTER"": ""1"", ""NCCL_IB_DISABLE"": ""1"", ""NCCL_LOCAL_REGISTER"": ""1"", ""NCCL_MAX_P2P_NCHANNELS"": ""24"", ""NCCL_MIN_P2P_NCHANNELS"": ""24"", ""NCCL_P2P_LL_THRESHOLD"": ""65536"", ""NCCL_P2P_NVL_CHUNKSIZE"": ""131072""}, ""operator"": {""chunks"": 1, ""local_first"": false, ""math_sms"": 0, ""pack_block"": 1024, ""pack_warps"": 4, ""push"": true, ""reverse"": false, ""schedule"": ""full"", ""sms"": 0, ""streams"": 3, ""use_ce"": false}}","{""algo_id"": 66, ""cluster_shape"": 3, ""cta_swizzle"": 0, ""custom"": 4, ""inner_shape"": 0, ""reduction"": 0, ""returned"": 8, ""split_k"": 1, ""stages_id"": 35, ""tile_id"": 23, ""tune_ms"": 0.1695413440465927, ""valid"": 8, ""waves"": 3.8787879943847656, ""workspace_bytes"": 4}",full_v2/cublaslt_nccl_formal_ch24_chunk128_ll64_cp4.json
a2a_gemm/representative_small/s16384/cp4,representative_small,16384,4,teub,eager,,"[4096, 4096, 4096]",,,0.3567520081996918,0.36793920695781707,,,385.2506792199152,356.7520081996918,367.9392069578171,,,"{""nccl_environment"": {""NCCL_GRAPH_REGISTER"": ""1"", ""NCCL_IB_DISABLE"": ""1"", ""NCCL_LOCAL_REGISTER"": ""1""}, ""operator"": {""chunks"": 1, ""local_first"": false, ""math_sms"": 0, ""pack_block"": 1024, ""pack_warps"": 4, ""push"": true, ""reverse"": false, ""schedule"": ""full"", ""sms"": 16, ""streams"": 3, ""use_ce"": false}}","{""algo_id"": 66, ""cluster_shape"": 3, ""cta_swizzle"": 0, ""custom"": 4, ""inner_shape"": 0, ""reduction"": 0, ""returned"": 8, ""split_k"": 1, ""stages_id"": 35, ""tile_id"": 23, ""tune_ms"": 0.16738666594028473, ""valid"": 8, ""waves"": 3.8787879943847656, ""workspace_bytes"": 4}",full_v2/teub_formal_auto_cp4.json
a2a_gemm/representative_small/s16384/cp4,representative_small,16384,4,teub,graph,,"[4096, 4096, 4096]",,,0.2937760055065155,0.2996192008256912,,,467.8358711938842,293.7760055065155,299.6192008256912,,,"{""nccl_environment"": {""NCCL_GRAPH_REGISTER"": ""1"", ""NCCL_IB_DISABLE"": ""1"", ""NCCL_LOCAL_REGISTER"": ""1""}, ""operator"": {""chunks"": 2, ""local_first"": false, ""math_sms"": 0, ""pack_block"": 1024, ""pack_warps"": 4, ""push"": true, ""reverse"": false, ""schedule"": ""row_pipeline"", ""sms"": 8, ""streams"": 3, ""use_ce"": false}}","{""algo_id"": 66, ""cluster_shape"": 3, ""cta_swizzle"": 0, ""custom"": 4, ""inner_shape"": 0, ""reduction"": 0, ""returned"": 8, ""split_k"": 1, ""stages_id"": 35, ""tile_id"": 23, ""tune_ms"": 0.08450133353471756, ""valid"": 8, ""waves"": 1.9393939971923828, ""workspace_bytes"": 0}",full_v2/teub_formal_auto_cp4.json
a2a_gemm/representative_small/s16384/cp8,representative_small,16384,8,cublaslt_nccl,eager,,"[2048, 4096, 4096]",,,0.2871840000152588,0.4665471926331519,,,239.2872748215387,287.1840000152588,466.5471926331519,,,"{""nccl_environment"": {""NCCL_GRAPH_REGISTER"": ""1"", ""NCCL_IB_DISABLE"": ""1"", ""NCCL_LOCAL_REGISTER"": ""1""}, ""operator"": {""chunks"": 1, ""local_first"": false, ""math_sms"": 0, ""pack_block"": 1024, ""pack_warps"": 4, ""push"": true, ""reverse"": false, ""schedule"": ""full"", ""sms"": 0, ""streams"": 3, ""use_ce"": false}}","{""algo_id"": 66, ""cluster_shape"": 3, ""cta_swizzle"": 0, ""custom"": 4, ""inner_shape"": 0, ""reduction"": 0, ""returned"": 8, ""split_k"": 1, ""stages_id"": 35, ""tile_id"": 23, ""tune_ms"": 0.0846666693687439, ""valid"": 8, ""waves"": 1.9393939971923828, ""workspace_bytes"": 0}",full_v2/cublaslt_nccl_formal_auto_cp8.json
a2a_gemm/representative_small/s16384/cp8,representative_small,16384,8,cublaslt_nccl,graph,,"[2048, 4096, 4096]",,,0.24238400161266327,0.25249441117048266,,,283.5149031239105,242.38400161266327,252.49441117048264,,,"{""nccl_environment"": {""NCCL_GRAPH_REGISTER"": ""1"", ""NCCL_IB_DISABLE"": ""1"", ""NCCL_LOCAL_REGISTER"": ""1""}, ""operator"": {""chunks"": 1, ""local_first"": false, ""math_sms"": 0, ""pack_block"": 1024, ""pack_warps"": 4, ""push"": true, ""reverse"": false, ""schedule"": ""full"", ""sms"": 0, ""streams"": 3, ""use_ce"": false}}","{""algo_id"": 66, ""cluster_shape"": 3, ""cta_swizzle"": 0, ""custom"": 4, ""inner_shape"": 0, ""reduction"": 0, ""returned"": 8, ""split_k"": 1, ""stages_id"": 35, ""tile_id"": 23, ""tune_ms"": 0.0846666693687439, ""valid"": 8, ""waves"": 1.9393939971923828, ""workspace_bytes"": 0}",full_v2/cublaslt_nccl_formal_auto_cp8.json
a2a_gemm/representative_small/s16384/cp8,representative_small,16384,8,teub,eager,,"[2048, 4096, 4096]",,,0.3316799998283386,0.34606880247592925,,,207.1860732379578,331.6799998283386,346.06880247592926,,,"{""nccl_environment"": {""NCCL_GRAPH_REGISTER"": ""1"", ""NCCL_IB_DISABLE"": ""1"", ""NCCL_LOCAL_REGISTER"": ""1""}, ""operator"": {""chunks"": 1, ""local_first"": false, ""math_sms"": 0, ""pack_block"": 1024, ""pack_warps"": 4, ""push"": true, ""reverse"": false, ""schedule"": ""full"", ""sms"": 8, ""streams"": 3, ""use_ce"": false}}","{""algo_id"": 66, ""cluster_shape"": 3, ""cta_swizzle"": 0, ""custom"": 4, ""inner_shape"": 0, ""reduction"": 0, ""returned"": 8, ""split_k"": 1, ""stages_id"": 35, ""tile_id"": 23, ""tune_ms"": 0.08429867029190063, ""valid"": 8, ""waves"": 1.9393939971923828, ""workspace_bytes"": 0}",full_v2/teub_formal_auto_cp8.json
a2a_gemm/representative_small/s16384/cp8,representative_small,16384,8,teub,graph,,"[2048, 4096, 4096]",,,0.22323200106620789,0.2910784035921097,,,307.83882421776366,223.23200106620789,291.0784035921097,,,"{""nccl_environment"": {""NCCL_GRAPH_REGISTER"": ""1"", ""NCCL_IB_DISABLE"": ""1"", ""NCCL_LOCAL_REGISTER"": ""1""}, ""operator"": {""chunks"": 2, ""local_first"": false, ""math_sms"": 0, ""pack_block"": 1024, ""pack_warps"": 4, ""push"": true, ""reverse"": false, ""schedule"": ""row_pipeline"", ""sms"": 8, ""streams"": 3, ""use_ce"": false}}","{""algo_id"": 66, ""cluster_shape"": 3, ""cta_swizzle"": 0, ""custom"": 4, ""inner_shape"": 0, ""reduction"": 0, ""returned"": 8, ""split_k"": 1, ""stages_id"": 35, ""tile_id"": 23, ""tune_ms"": 0.04490666463971138, ""valid"": 8, ""waves"": 0.9696969985961914, ""workspace_bytes"": 0}",full_v2/teub_formal_auto_cp8.json
a2a_gemm/representative_small/s131072/cp4,representative_small,131072,4,cublaslt_nccl,eager,,"[32768, 4096, 4096]",,,2.341231942176819,2.4226799964904786,,,469.6295176776469,2341.231942176819,2422.6799964904785,,,"{""nccl_environment"": {""NCCL_GRAPH_REGISTER"": ""1"", ""NCCL_IB_DISABLE"": ""1"", ""NCCL_LOCAL_REGISTER"": ""1""}, ""operator"": {""chunks"": 1, ""local_first"": false, ""math_sms"": 0, ""pack_block"": 1024, ""pack_warps"": 4, ""push"": true, ""reverse"": false, ""schedule"": ""full"", ""sms"": 0, ""streams"": 3, ""use_ce"": false}}","{""algo_id"": 66, ""cluster_shape"": 5, ""cta_swizzle"": 0, ""custom"": 7, ""inner_shape"": 0, ""reduction"": 0, ""returned"": 8, ""split_k"": 1, ""stages_id"": 35, ""tile_id"": 24, ""tune_ms"": 1.3348640203475952, ""valid"": 8, ""waves"": 31.030303955078125, ""workspace_bytes"": 4}",full_v2/cublaslt_nccl_formal_auto_cp4.json
a2a_gemm/representative_small/s131072/cp4,representative_small,131072,4,cublaslt_nccl,graph,,"[32768, 4096, 4096]",,,2.302512049674988,2.3267055988311767,,,477.52698099069755,2302.512049674988,2326.7055988311768,,,"{""nccl_environment"": {""NCCL_GRAPH_REGISTER"": ""1"", ""NCCL_IB_DISABLE"": ""1"", ""NCCL_LOCAL_REGISTER"": ""1"", ""NCCL_MAX_P2P_NCHANNELS"": ""24"", ""NCCL_MIN_P2P_NCHANNELS"": ""24"", ""NCCL_P2P_LL_THRESHOLD"": ""65536"", ""NCCL_P2P_NVL_CHUNKSIZE"": ""131072""}, ""operator"": {""chunks"": 1, ""local_first"": false, ""math_sms"": 0, ""pack_block"": 1024, ""pack_warps"": 4, ""push"": true, ""reverse"": false, ""schedule"": ""full"", ""sms"": 0, ""streams"": 3, ""use_ce"": false}}","{""algo_id"": 66, ""cluster_shape"": 5, ""cta_swizzle"": 0, ""custom"": 6, ""inner_shape"": 0, ""reduction"": 0, ""returned"": 8, ""split_k"": 1, ""stages_id"": 35, ""tile_id"": 209, ""tune_ms"": 1.3512746095657349, ""valid"": 8, ""waves"": 28.5, ""workspace_bytes"": 4}",full_v2/cublaslt_nccl_formal_ch24_chunk128_ll64_cp4.json
a2a_gemm/representative_small/s131072/cp4,representative_small,131072,4,teub,eager,,"[32768, 4096, 4096]",,,2.1202080249786377,2.1796592712402343,,,518.5866739595414,2120.2080249786377,2179.6592712402344,,,"{""nccl_environment"": {""NCCL_GRAPH_REGISTER"": ""1"", ""NCCL_IB_DISABLE"": ""1"", ""NCCL_LOCAL_REGISTER"": ""1""}, ""operator"": {""chunks"": 4, ""local_first"": false, ""math_sms"": 0, ""pack_block"": 1024, ""pack_warps"": 4, ""push"": true, ""reverse"": false, ""schedule"": ""row_pipeline"", ""sms"": 8, ""streams"": 3, ""use_ce"": false}}","{""algo_id"": 66, ""cluster_shape"": 3, ""cta_swizzle"": 0, ""custom"": 4, ""inner_shape"": 0, ""reduction"": 0, ""returned"": 8, ""split_k"": 1, ""stages_id"": 35, ""tile_id"": 23, ""tune_ms"": 0.33239999413490295, ""valid"": 8, ""waves"": 7.757575988769531, ""workspace_bytes"": 4}",full_v2/teub_formal_auto_cp4.json
a2a_gemm/representative_small/s131072/cp4,representative_small,131072,4,teub,graph,,"[32768, 4096, 4096]",,,2.098047971725464,2.1553040623664854,,,524.0641027248516,2098.047971725464,2155.3040623664856,,,"{""nccl_environment"": {""NCCL_GRAPH_REGISTER"": ""1"", ""NCCL_IB_DISABLE"": ""1"", ""NCCL_LOCAL_REGISTER"": ""1""}, ""operator"": {""chunks"": 4, ""local_first"": false, ""math_sms"": 0, ""pack_block"": 1024, ""pack_warps"": 4, ""push"": true, ""reverse"": false, ""schedule"": ""row_pipeline"", ""sms"": 8, ""streams"": 3, ""use_ce"": false}}","{""algo_id"": 66, ""cluster_shape"": 3, ""cta_swizzle"": 0, ""custom"": 4, ""inner_shape"": 0, ""reduction"": 0, ""returned"": 8, ""split_k"": 1, ""stages_id"": 35, ""tile_id"": 23, ""tune_ms"": 0.33239999413490295, ""valid"": 8, ""waves"": 7.757575988769531, ""workspace_bytes"": 4}",full_v2/teub_formal_auto_cp4.json
a2a_gemm/representative_small/s131072/cp8,representative_small,131072,8,cublaslt_nccl,eager,,"[16384, 4096, 4096]",,,1.3430879712104797,1.4151871621608734,,,409.32226754478614,1343.0879712104797,1415.1871621608734,,,"{""nccl_environment"": {""NCCL_GRAPH_REGISTER"": ""1"", ""NCCL_IB_DISABLE"": ""1"", ""NCCL_LOCAL_REGISTER"": ""1"", ""NCCL_MAX_P2P_NCHANNELS"": ""24"", ""NCCL_MIN_P2P_NCHANNELS"": ""24"", ""NCCL_P2P_LL_THRESHOLD"": ""65536"", ""NCCL_P2P_NVL_CHUNKSIZE"": ""131072""}, ""operator"": {""chunks"": 1, ""local_first"": false, ""math_sms"": 0, ""pack_block"": 1024, ""pack_warps"": 4, ""push"": true, ""reverse"": false, ""schedule"": ""full"", ""sms"": 0, ""streams"": 3, ""use_ce"": false}}","{""algo_id"": 66, ""cluster_shape"": 3, ""cta_swizzle"": 0, ""custom"": 1, ""inner_shape"": 0, ""reduction"": 0, ""returned"": 8, ""split_k"": 1, ""stages_id"": 35, ""tile_id"": 29, ""tune_ms"": 0.6623520255088806, ""valid"": 8, ""waves"": 24.969696044921875, ""workspace_bytes"": 4}",full_v2/cublaslt_nccl_formal_ch24_chunk128_ll64_cp8.json
a2a_gemm/representative_small/s131072/cp8,representative_small,131072,8,cublaslt_nccl,graph,,"[16384, 4096, 4096]",,,1.3239039778709412,1.3419231593608856,,,415.25354034519876,1323.9039778709412,1341.9231593608856,,,"{""nccl_environment"": {""NCCL_GRAPH_REGISTER"": ""1"", ""NCCL_IB_DISABLE"": ""1"", ""NCCL_LOCAL_REGISTER"": ""1"", ""NCCL_MAX_P2P_NCHANNELS"": ""24"", ""NCCL_MIN_P2P_NCHANNELS"": ""24"", ""NCCL_P2P_LL_THRESHOLD"": ""65536"", ""NCCL_P2P_NVL_CHUNKSIZE"": ""131072""}, ""operator"": {""chunks"": 1, ""local_first"": false, ""math_sms"": 0, ""pack_block"": 1024, ""pack_warps"": 4, ""push"": true, ""reverse"": false, ""schedule"": ""full"", ""sms"": 0, ""streams"": 3, ""use_ce"": false}}","{""algo_id"": 66, ""cluster_shape"": 3, ""cta_swizzle"": 0, ""custom"": 1, ""inner_shape"": 0, ""reduction"": 0, ""returned"": 8, ""split_k"": 1, ""stages_id"": 35, ""tile_id"": 29, ""tune_ms"": 0.6623520255088806, ""valid"": 8, ""waves"": 24.969696044921875, ""workspace_bytes"": 4}",full_v2/cublaslt_nccl_formal_ch24_chunk128_ll64_cp8.json
a2a_gemm/representative_small/s131072/cp8,representative_small,131072,8,teub,eager,,"[16384, 4096, 4096]",,,1.3224959969520569,1.5751632034778589,,,415.6956354915377,1322.4959969520569,1575.1632034778588,,,"{""nccl_environment"": {""NCCL_GRAPH_REGISTER"": ""1"", ""NCCL_IB_DISABLE"": ""1"", ""NCCL_LOCAL_REGISTER"": ""1""}, ""operator"": {""chunks"": 2, ""local_first"": false, ""math_sms"": 0, ""pack_block"": 1024, ""pack_warps"": 4, ""push"": true, ""reverse"": false, ""schedule"": ""row_pipeline"", ""sms"": 8, ""streams"": 3, ""use_ce"": false}}","{""algo_id"": 66, ""cluster_shape"": 3, ""cta_swizzle"": 0, ""custom"": 4, ""inner_shape"": 0, ""reduction"": 0, ""returned"": 8, ""split_k"": 1, ""stages_id"": 35, ""tile_id"": 23, ""tune_ms"": 0.3284960091114044, ""valid"": 8, ""waves"": 7.757575988769531, ""workspace_bytes"": 4}",full_v2/teub_formal_auto_cp8.json
a2a_gemm/representative_small/s131072/cp8,representative_small,131072,8,teub,graph,,"[16384, 4096, 4096]",,,1.3192159533500671,1.4071119904518128,,,416.729203806192,1319.2159533500671,1407.1119904518127,,,"{""nccl_environment"": {""NCCL_GRAPH_REGISTER"": ""1"", ""NCCL_IB_DISABLE"": ""1"", ""NCCL_LOCAL_REGISTER"": ""1""}, ""operator"": {""chunks"": 1, ""local_first"": false, ""math_sms"": 0, ""pack_block"": 1024, ""pack_warps"": 4, ""push"": true, ""reverse"": false, ""schedule"": ""full"", ""sms"": 16, ""streams"": 3, ""use_ce"": false}}","{""algo_id"": 66, ""cluster_shape"": 3, ""cta_swizzle"": 0, ""custom"": 4, ""inner_shape"": 0, ""reduction"": 0, ""returned"": 8, ""split_k"": 1, ""stages_id"": 35, ""tile_id"": 23, ""tune_ms"": 0.6574400067329407, ""valid"": 8, ""waves"": 15.515151977539062, ""workspace_bytes"": 4}",full_v2/teub_formal_auto_cp8.json
a2a_gemm/representative_small/s262144/cp4,representative_small,262144,4,cublaslt_nccl,eager,,"[65536, 4096, 4096]",,,4.577120065689087,4.615793752670288,,,480.43818470838744,4577.120065689087,4615.793752670288,,,"{""nccl_environment"": {""NCCL_GRAPH_REGISTER"": ""1"", ""NCCL_IB_DISABLE"": ""1"", ""NCCL_LOCAL_REGISTER"": ""1""}, ""operator"": {""chunks"": 1, ""local_first"": false, ""math_sms"": 0, ""pack_block"": 1024, ""pack_warps"": 4, ""push"": true, ""reverse"": false, ""schedule"": ""full"", ""sms"": 0, ""streams"": 3, ""use_ce"": false}}","{""algo_id"": 66, ""cluster_shape"": 3, ""cta_swizzle"": 0, ""custom"": 4, ""inner_shape"": 0, ""reduction"": 0, ""returned"": 8, ""split_k"": 1, ""stages_id"": 35, ""tile_id"": 209, ""tune_ms"": 2.667440176010132, ""valid"": 8, ""waves"": 57.0, ""workspace_bytes"": 4}",full_v2/cublaslt_nccl_formal_auto_cp4.json
a2a_gemm/representative_small/s262144/cp4,representative_small,262144,4,cublaslt_nccl,graph,,"[65536, 4096, 4096]",,,4.6054558753967285,5.1363647937774655,,,477.4822113267059,4605.4558753967285,5136.364793777466,,,"{""nccl_environment"": {""NCCL_GRAPH_REGISTER"": ""1"", ""NCCL_IB_DISABLE"": ""1"", ""NCCL_LOCAL_REGISTER"": ""1"", ""NCCL_MAX_P2P_NCHANNELS"": ""24"", ""NCCL_MIN_P2P_NCHANNELS"": ""24"", ""NCCL_P2P_LL_THRESHOLD"": ""65536"", ""NCCL_P2P_NVL_CHUNKSIZE"": ""131072""}, ""operator"": {""chunks"": 1, ""local_first"": false, ""math_sms"": 0, ""pack_block"": 1024, ""pack_warps"": 4, ""push"": true, ""reverse"": false, ""schedule"": ""full"", ""sms"": 0, ""streams"": 3, ""use_ce"": false}}","{""algo_id"": 66, ""cluster_shape"": 3, ""cta_swizzle"": 0, ""custom"": 4, ""inner_shape"": 0, ""reduction"": 0, ""returned"": 8, ""split_k"": 1, ""stages_id"": 35, ""tile_id"": 209, ""tune_ms"": 2.6616053581237793, ""valid"": 8, ""waves"": 57.0, ""workspace_bytes"": 4}",full_v2/cublaslt_nccl_formal_ch24_chunk128_ll64_cp4.json
a2a_gemm/representative_small/s262144/cp4,representative_small,262144,4,teub,eager,,"[65536, 4096, 4096]",,,4.1574718952178955,4.302841639518737,,,528.9328012250454,4157.4718952178955,4302.841639518738,,,"{""nccl_environment"": {""NCCL_GRAPH_REGISTER"": ""1"", ""NCCL_IB_DISABLE"": ""1"", ""NCCL_LOCAL_REGISTER"": ""1""}, ""operator"": {""chunks"": 4, ""local_first"": false, ""math_sms"": 0, ""pack_block"": 1024, ""pack_warps"": 4, ""push"": true, ""reverse"": false, ""schedule"": ""row_pipeline"", ""sms"": 8, ""streams"": 3, ""use_ce"": false}}","{""algo_id"": 66, ""cluster_shape"": 3, ""cta_swizzle"": 0, ""custom"": 1, ""inner_shape"": 0, ""reduction"": 0, ""returned"": 8, ""split_k"": 1, ""stages_id"": 35, ""tile_id"": 29, ""tune_ms"": 0.6533973217010498, ""valid"": 8, ""waves"": 24.969696044921875, ""workspace_bytes"": 4}",full_v2/teub_formal_auto_cp4.json
a2a_gemm/representative_small/s262144/cp4,representative_small,262144,4,teub,graph,,"[65536, 4096, 4096]",,,4.109519958496094,4.234137606620789,,,535.1046540133478,4109.519958496094,4234.137606620789,,,"{""nccl_environment"": {""NCCL_GRAPH_REGISTER"": ""1"", ""NCCL_IB_DISABLE"": ""1"", ""NCCL_LOCAL_REGISTER"": ""1""}, ""operator"": {""chunks"": 4, ""local_first"": false, ""math_sms"": 0, ""pack_block"": 1024, ""pack_warps"": 4, ""push"": true, ""reverse"": false, ""schedule"": ""row_pipeline"", ""sms"": 8, ""streams"": 3, ""use_ce"": false}}","{""algo_id"": 66, ""cluster_shape"": 3, ""cta_swizzle"": 0, ""custom"": 1, ""inner_shape"": 0, ""reduction"": 0, ""returned"": 8, ""split_k"": 1, ""stages_id"": 35, ""tile_id"": 29, ""tune_ms"": 0.6533973217010498, ""valid"": 8, ""waves"": 24.969696044921875, ""workspace_bytes"": 4}",full_v2/teub_formal_auto_cp4.json
a2a_gemm/representative_small/s262144/cp8,representative_small,262144,8,cublaslt_nccl,eager,,"[32768, 4096, 4096]",,,2.5831360816955566,2.6560016512870788,,,425.64990500008287,2583.1360816955566,2656.001651287079,,,"{""nccl_environment"": {""NCCL_GRAPH_REGISTER"": ""1"", ""NCCL_IB_DISABLE"": ""1"", ""NCCL_LOCAL_REGISTER"": ""1"", ""NCCL_MAX_P2P_NCHANNELS"": ""24"", ""NCCL_MIN_P2P_NCHANNELS"": ""24"", ""NCCL_P2P_LL_THRESHOLD"": ""65536"", ""NCCL_P2P_NVL_CHUNKSIZE"": ""131072""}, ""operator"": {""chunks"": 1, ""local_first"": false, ""math_sms"": 0, ""pack_block"": 1024, ""pack_warps"": 4, ""push"": true, ""reverse"": false, ""schedule"": ""full"", ""sms"": 0, ""streams"": 3, ""use_ce"": false}}","{""algo_id"": 66, ""cluster_shape"": 3, ""cta_swizzle"": 0, ""custom"": 1, ""inner_shape"": 0, ""reduction"": 0, ""returned"": 8, ""split_k"": 1, ""stages_id"": 35, ""tile_id"": 29, ""tune_ms"": 1.30021333694458, ""valid"": 8, ""waves"": 49.69696807861328, ""workspace_bytes"": 4}",full_v2/cublaslt_nccl_formal_ch24_chunk128_ll64_cp8.json
a2a_gemm/representative_small/s262144/cp8,representative_small,262144,8,cublaslt_nccl,graph,,"[32768, 4096, 4096]",,,2.563632011413574,2.732012760639191,,,428.88824249379485,2563.632011413574,2732.0127606391907,,,"{""nccl_environment"": {""NCCL_GRAPH_REGISTER"": ""1"", ""NCCL_IB_DISABLE"": ""1"", ""NCCL_LOCAL_REGISTER"": ""1"", ""NCCL_MAX_P2P_NCHANNELS"": ""24"", ""NCCL_MIN_P2P_NCHANNELS"": ""24"", ""NCCL_P2P_LL_THRESHOLD"": ""65536"", ""NCCL_P2P_NVL_CHUNKSIZE"": ""131072""}, ""operator"": {""chunks"": 1, ""local_first"": false, ""math_sms"": 0, ""pack_block"": 1024, ""pack_warps"": 4, ""push"": true, ""reverse"": false, ""schedule"": ""full"", ""sms"": 0, ""streams"": 3, ""use_ce"": false}}","{""algo_id"": 66, ""cluster_shape"": 3, ""cta_swizzle"": 0, ""custom"": 1, ""inner_shape"": 0, ""reduction"": 0, ""returned"": 8, ""split_k"": 1, ""stages_id"": 35, ""tile_id"": 29, ""tune_ms"": 1.30021333694458, ""valid"": 8, ""waves"": 49.69696807861328, ""workspace_bytes"": 4}",full_v2/cublaslt_nccl_formal_ch24_chunk128_ll64_cp8.json
a2a_gemm/representative_small/s262144/cp8,representative_small,262144,8,teub,eager,,"[32768, 4096, 4096]",,,2.623007893562317,2.686974489688873,,,419.17968698247,2623.007893562317,2686.9744896888733,,,"{""nccl_environment"": {""NCCL_GRAPH_REGISTER"": ""1"", ""NCCL_IB_DISABLE"": ""1"", ""NCCL_LOCAL_REGISTER"": ""1""}, ""operator"": {""chunks"": 1, ""local_first"": false, ""math_sms"": 0, ""pack_block"": 1024, ""pack_warps"": 4, ""push"": true, ""reverse"": false, ""schedule"": ""full"", ""sms"": 16, ""streams"": 3, ""use_ce"": false}}","{""algo_id"": 66, ""cluster_shape"": 3, ""cta_swizzle"": 0, ""custom"": 4, ""inner_shape"": 0, ""reduction"": 0, ""returned"": 8, ""split_k"": 1, ""stages_id"": 35, ""tile_id"": 23, ""tune_ms"": 1.3036800622940063, ""valid"": 8, ""waves"": 31.030303955078125, ""workspace_bytes"": 4}",full_v2/teub_formal_auto_cp8.json
a2a_gemm/representative_small/s262144/cp8,representative_small,262144,8,teub,graph,,"[32768, 4096, 4096]",,,2.6296160221099854,2.6553247928619386,,,418.12630381441,2629.6160221099854,2655.3247928619385,,,"{""nccl_environment"": {""NCCL_GRAPH_REGISTER"": ""1"", ""NCCL_IB_DISABLE"": ""1"", ""NCCL_LOCAL_REGISTER"": ""1""}, ""operator"": {""chunks"": 1, ""local_first"": false, ""math_sms"": 0, ""pack_block"": 1024, ""pack_warps"": 4, ""push"": true, ""reverse"": false, ""schedule"": ""full"", ""sms"": 16, ""streams"": 3, ""use_ce"": false}}","{""algo_id"": 66, ""cluster_shape"": 3, ""cta_swizzle"": 0, ""custom"": 4, ""inner_shape"": 0, ""reduction"": 0, ""returned"": 8, ""split_k"": 1, ""stages_id"": 35, ""tile_id"": 23, ""tune_ms"": 1.3036800622940063, ""valid"": 8, ""waves"": 31.030303955078125, ""workspace_bytes"": 4}",full_v2/teub_formal_auto_cp8.json
a2a_gemm/representative_small/s524288/cp4,representative_small,524288,4,cublaslt_nccl,eager,,"[131072, 4096, 4096]",,,9.486655712127686,10.75831356048584,,,463.6034704497142,9486.655712127686,10758.31356048584,,,"{""nccl_environment"": {""NCCL_GRAPH_REGISTER"": ""1"", ""NCCL_IB_DISABLE"": ""1"", ""NCCL_LOCAL_REGISTER"": ""1""}, ""operator"": {""chunks"": 1, ""local_first"": false, ""math_sms"": 0, ""pack_block"": 1024, ""pack_warps"": 4, ""push"": true, ""reverse"": false, ""schedule"": ""full"", ""sms"": 0, ""streams"": 3, ""use_ce"": false}}","{""algo_id"": 66, ""cluster_shape"": 5, ""cta_swizzle"": 0, ""custom"": 7, ""inner_shape"": 0, ""reduction"": 0, ""returned"": 8, ""split_k"": 1, ""stages_id"": 35, ""tile_id"": 248, ""tune_ms"": 5.966213226318359, ""valid"": 8, ""waves"": 100.8484878540039, ""workspace_bytes"": 4}",full_v2/cublaslt_nccl_formal_auto_cp4.json
a2a_gemm/representative_small/s524288/cp4,representative_small,524288,4,cublaslt_nccl,graph,,"[131072, 4096, 4096]",,,9.192384243011475,9.463566398620605,,,478.444590090718,9192.384243011475,9463.566398620605,,,"{""nccl_environment"": {""NCCL_GRAPH_REGISTER"": ""1"", ""NCCL_IB_DISABLE"": ""1"", ""NCCL_LOCAL_REGISTER"": ""1""}, ""operator"": {""chunks"": 1, ""local_first"": false, ""math_sms"": 0, ""pack_block"": 1024, ""pack_warps"": 4, ""push"": true, ""reverse"": false, ""schedule"": ""full"", ""sms"": 0, ""streams"": 3, ""use_ce"": false}}","{""algo_id"": 66, ""cluster_shape"": 5, ""cta_swizzle"": 0, ""custom"": 7, ""inner_shape"": 0, ""reduction"": 0, ""returned"": 8, ""split_k"": 1, ""stages_id"": 35, ""tile_id"": 248, ""tune_ms"": 5.966213226318359, ""valid"": 8, ""waves"": 100.8484878540039, ""workspace_bytes"": 4}",full_v2/cublaslt_nccl_formal_auto_cp4.json
a2a_gemm/representative_small/s524288/cp4,representative_small,524288,4,teub,eager,,"[131072, 4096, 4096]",,,8.28878402709961,8.554848194122314,,,530.6021361788279,8288.78402709961,8554.848194122314,,,"{""nccl_environment"": {""NCCL_GRAPH_REGISTER"": ""1"", ""NCCL_IB_DISABLE"": ""1"", ""NCCL_LOCAL_REGISTER"": ""1""}, ""operator"": {""chunks"": 4, ""local_first"": false, ""math_sms"": 0, ""pack_block"": 1024, ""pack_warps"": 4, ""push"": true, ""reverse"": false, ""schedule"": ""row_pipeline"", ""sms"": 8, ""streams"": 3, ""use_ce"": false}}","{""algo_id"": 66, ""cluster_shape"": 5, ""cta_swizzle"": 0, ""custom"": 6, ""inner_shape"": 0, ""reduction"": 0, ""returned"": 8, ""split_k"": 1, ""stages_id"": 35, ""tile_id"": 209, ""tune_ms"": 1.3369120359420776, ""valid"": 8, ""waves"": 28.5, ""workspace_bytes"": 4}",full_v2/teub_formal_auto_cp4.json
a2a_gemm/representative_small/s524288/cp4,representative_small,524288,4,teub,graph,,"[131072, 4096, 4096]",,,8.880111694335938,10.128891277313233,,,495.2692784156348,8880.111694335938,10128.891277313232,,,"{""nccl_environment"": {""NCCL_GRAPH_REGISTER"": ""1"", ""NCCL_IB_DISABLE"": ""1"", ""NCCL_LOCAL_REGISTER"": ""1""}, ""operator"": {""chunks"": 4, ""local_first"": false, ""math_sms"": 0, ""pack_block"": 1024, ""pack_warps"": 4, ""push"": true, ""reverse"": false, ""schedule"": ""row_pipeline"", ""sms"": 8, ""streams"": 3, ""use_ce"": false}}","{""algo_id"": 66, ""cluster_shape"": 5, ""cta_swizzle"": 0, ""custom"": 6, ""inner_shape"": 0, ""reduction"": 0, ""returned"": 8, ""split_k"": 1, ""stages_id"": 35, ""tile_id"": 209, ""tune_ms"": 1.3369120359420776, ""valid"": 8, ""waves"": 28.5, ""workspace_bytes"": 4}",full_v2/teub_formal_auto_cp4.json
a2a_gemm/representative_small/s524288/cp8,representative_small,524288,8,cublaslt_nccl,eager,,"[65536, 4096, 4096]",,,5.039743900299072,5.080842971801758,,,436.3363097520697,5039.743900299072,5080.842971801758,,,"{""nccl_environment"": {""NCCL_GRAPH_REGISTER"": ""1"", ""NCCL_IB_DISABLE"": ""1"", ""NCCL_LOCAL_REGISTER"": ""1"", ""NCCL_MAX_P2P_NCHANNELS"": ""24"", ""NCCL_MIN_P2P_NCHANNELS"": ""24"", ""NCCL_P2P_LL_THRESHOLD"": ""65536"", ""NCCL_P2P_NVL_CHUNKSIZE"": ""131072""}, ""operator"": {""chunks"": 1, ""local_first"": false, ""math_sms"": 0, ""pack_block"": 1024, ""pack_warps"": 4, ""push"": true, ""reverse"": false, ""schedule"": ""full"", ""sms"": 0, ""streams"": 3, ""use_ce"": false}}","{""algo_id"": 66, ""cluster_shape"": 3, ""cta_swizzle"": 0, ""custom"": 4, ""inner_shape"": 0, ""reduction"": 0, ""returned"": 8, ""split_k"": 1, ""stages_id"": 35, ""tile_id"": 209, ""tune_ms"": 2.6653811931610107, ""valid"": 8, ""waves"": 57.0, ""workspace_bytes"": 4}",full_v2/cublaslt_nccl_formal_ch24_chunk128_ll64_cp8.json
a2a_gemm/representative_small/s524288/cp8,representative_small,524288,8,cublaslt_nccl,graph,,"[65536, 4096, 4096]",,,5.023823976516724,5.0545248031616214,,,437.7190096291344,5023.823976516724,5054.524803161621,,,"{""nccl_environment"": {""NCCL_GRAPH_REGISTER"": ""1"", ""NCCL_IB_DISABLE"": ""1"", ""NCCL_LOCAL_REGISTER"": ""1"", ""NCCL_MAX_P2P_NCHANNELS"": ""24"", ""NCCL_MIN_P2P_NCHANNELS"": ""24"", ""NCCL_P2P_LL_THRESHOLD"": ""65536"", ""NCCL_P2P_NVL_CHUNKSIZE"": ""131072""}, ""operator"": {""chunks"": 1, ""local_first"": false, ""math_sms"": 0, ""pack_block"": 1024, ""pack_warps"": 4, ""push"": true, ""reverse"": false, ""schedule"": ""full"", ""sms"": 0, ""streams"": 3, ""use_ce"": false}}","{""algo_id"": 66, ""cluster_shape"": 3, ""cta_swizzle"": 0, ""custom"": 4, ""inner_shape"": 0, ""reduction"": 0, ""returned"": 8, ""split_k"": 1, ""stages_id"": 35, ""tile_id"": 209, ""tune_ms"": 2.6653811931610107, ""valid"": 8, ""waves"": 57.0, ""workspace_bytes"": 4}",full_v2/cublaslt_nccl_formal_ch24_chunk128_ll64_cp8.json
a2a_gemm/representative_small/s524288/cp8,representative_small,524288,8,teub,eager,,"[65536, 4096, 4096]",,,5.287935972213745,5.389288091659546,,,415.8566342533454,5287.935972213745,5389.288091659546,,,"{""nccl_environment"": {""NCCL_GRAPH_REGISTER"": ""1"", ""NCCL_IB_DISABLE"": ""1"", ""NCCL_LOCAL_REGISTER"": ""1""}, ""operator"": {""chunks"": 1, ""local_first"": false, ""math_sms"": 0, ""pack_block"": 1024, ""pack_warps"": 4, ""push"": true, ""reverse"": false, ""schedule"": ""full"", ""sms"": 16, ""streams"": 3, ""use_ce"": false}}","{""algo_id"": 66, ""cluster_shape"": 5, ""cta_swizzle"": 0, ""custom"": 7, ""inner_shape"": 0, ""reduction"": 0, ""returned"": 8, ""split_k"": 1, ""stages_id"": 35, ""tile_id"": 24, ""tune_ms"": 2.6192853450775146, ""valid"": 8, ""waves"": 62.06060791015625, ""workspace_bytes"": 4}",full_v2/teub_formal_auto_cp8.json
a2a_gemm/representative_small/s524288/cp8,representative_small,524288,8,teub,graph,,"[65536, 4096, 4096]",,,5.2958080768585205,5.343158435821533,,,415.2384723232763,5295.8080768585205,5343.158435821533,,,"{""nccl_environment"": {""NCCL_GRAPH_REGISTER"": ""1"", ""NCCL_IB_DISABLE"": ""1"", ""NCCL_LOCAL_REGISTER"": ""1""}, ""operator"": {""chunks"": 1, ""local_first"": false, ""math_sms"": 0, ""pack_block"": 1024, ""pack_warps"": 4, ""push"": true, ""reverse"": false, ""schedule"": ""full"", ""sms"": 8, ""streams"": 3, ""use_ce"": false}}","{""algo_id"": 66, ""cluster_shape"": 5, ""cta_swizzle"": 0, ""custom"": 7, ""inner_shape"": 0, ""reduction"": 0, ""returned"": 8, ""split_k"": 1, ""stages_id"": 35, ""tile_id"": 24, ""tune_ms"": 2.6192853450775146, ""valid"": 8, ""waves"": 62.06060791015625, ""workspace_bytes"": 4}",full_v2/teub_formal_auto_cp8.json
a2a_gemm/representative_medium/s1024/cp4,representative_medium,1024,4,cublaslt_nccl,eager,,"[256, 5120, 5120]",,,0.14582400023937225,0.16386559531092643,,,92.04090395249041,145.82400023937225,163.86559531092644,,,"{""nccl_environment"": {""NCCL_GRAPH_REGISTER"": ""1"", ""NCCL_IB_DISABLE"": ""1"", ""NCCL_LOCAL_REGISTER"": ""1""}, ""operator"": {""chunks"": 1, ""local_first"": false, ""math_sms"": 0, ""pack_block"": 1024, ""pack_warps"": 4, ""push"": true, ""reverse"": false, ""schedule"": ""full"", ""sms"": 0, ""streams"": 3, ""use_ce"": false}}","{""algo_id"": 66, ""cluster_shape"": 3, ""cta_swizzle"": 0, ""custom"": 0, ""inner_shape"": 0, ""reduction"": 0, ""returned"": 8, ""split_k"": 1, ""stages_id"": 35, ""tile_id"": 135, ""tune_ms"": 0.025861332193017006, ""valid"": 8, ""waves"": 0.9696969985961914, ""workspace_bytes"": 0}",full_v2/cublaslt_nccl_formal_auto_cp4.json
a2a_gemm/representative_medium/s1024/cp4,representative_medium,1024,4,cublaslt_nccl,graph,,"[256, 5120, 5120]",,,0.08502399921417236,0.09122240170836449,,,157.85863902015527,85.02399921417236,91.22240170836449,,,"{""nccl_environment"": {""NCCL_GRAPH_REGISTER"": ""1"", ""NCCL_IB_DISABLE"": ""1"", ""NCCL_LOCAL_REGISTER"": ""1""}, ""operator"": {""chunks"": 1, ""local_first"": false, ""math_sms"": 0, ""pack_block"": 1024, ""pack_warps"": 4, ""push"": true, ""reverse"": false, ""schedule"": ""full"", ""sms"": 0, ""streams"": 3, ""use_ce"": false}}","{""algo_id"": 66, ""cluster_shape"": 3, ""cta_swizzle"": 0, ""custom"": 0, ""inner_shape"": 0, ""reduction"": 0, ""returned"": 8, ""split_k"": 1, ""stages_id"": 35, ""tile_id"": 135, ""tune_ms"": 0.025861332193017006, ""valid"": 8, ""waves"": 0.9696969985961914, ""workspace_bytes"": 0}",full_v2/cublaslt_nccl_formal_auto_cp4.json
a2a_gemm/representative_medium/s1024/cp4,representative_medium,1024,4,teub,eager,,"[256, 5120, 5120]",,,0.22382400184869766,0.2520607963204384,,,59.96574401825304,223.82400184869766,252.06079632043839,,,"{""nccl_environment"": {""NCCL_GRAPH_REGISTER"": ""1"", ""NCCL_IB_DISABLE"": ""1"", ""NCCL_LOCAL_REGISTER"": ""1""}, ""operator"": {""chunks"": 1, ""local_first"": false, ""math_sms"": 0, ""pack_block"": 1024, ""pack_warps"": 4, ""push"": true, ""reverse"": false, ""schedule"": ""full"", ""sms"": 8, ""streams"": 3, ""use_ce"": false}}","{""algo_id"": 66, ""cluster_shape"": 7, ""cta_swizzle"": 0, ""custom"": 0, ""inner_shape"": 0, ""reduction"": 0, ""returned"": 8, ""split_k"": 1, ""stages_id"": 35, ""tile_id"": 28, ""tune_ms"": 0.025738665834069252, ""valid"": 8, ""waves"": 0.8181818127632141, ""workspace_bytes"": 0}",full_v2/teub_formal_auto_cp4.json
a2a_gemm/representative_medium/s1024/cp4,representative_medium,1024,4,teub,graph,,"[256, 5120, 5120]",,,0.07710400223731995,0.08727040141820908,,,174.07362018237208,77.10400223731995,87.27040141820908,,,"{""nccl_environment"": {""NCCL_GRAPH_REGISTER"": ""1"", ""NCCL_IB_DISABLE"": ""1"", ""NCCL_LOCAL_REGISTER"": ""1""}, ""operator"": {""chunks"": 1, ""local_first"": false, ""math_sms"": 0, ""pack_block"": 1024, ""pack_warps"": 4, ""push"": true, ""reverse"": false, ""schedule"": ""full"", ""sms"": 16, ""streams"": 3, ""use_ce"": false}}","{""algo_id"": 66, ""cluster_shape"": 7, ""cta_swizzle"": 0, ""custom"": 0, ""inner_shape"": 0, ""reduction"": 0, ""returned"": 8, ""split_k"": 1, ""stages_id"": 35, ""tile_id"": 28, ""tune_ms"": 0.025738665834069252, ""valid"": 8, ""waves"": 0.8181818127632141, ""workspace_bytes"": 0}",full_v2/teub_formal_auto_cp4.json
a2a_gemm/representative_medium/s1024/cp8,representative_medium,1024,8,cublaslt_nccl,eager,,"[128, 5120, 5120]",,,0.14848000556230545,0.19638400077819815,,,45.19723968614728,148.48000556230545,196.38400077819816,,,"{""nccl_environment"": {""NCCL_GRAPH_REGISTER"": ""1"", ""NCCL_IB_DISABLE"": ""1"", ""NCCL_LOCAL_REGISTER"": ""1""}, ""operator"": {""chunks"": 1, ""local_first"": false, ""math_sms"": 0, ""pack_block"": 1024, ""pack_warps"": 4, ""push"": true, ""reverse"": false, ""schedule"": ""full"", ""sms"": 0, ""streams"": 3, ""use_ce"": false}}","{""algo_id"": 66, ""cluster_shape"": 7, ""cta_swizzle"": 0, ""custom"": 0, ""inner_shape"": 0, ""reduction"": 0, ""returned"": 8, ""split_k"": 1, ""stages_id"": 35, ""tile_id"": 27, ""tune_ms"": 0.019807999953627586, ""valid"": 8, ""waves"": 0.8181818127632141, ""workspace_bytes"": 0}",full_v2/cublaslt_nccl_formal_auto_cp8.json
a2a_gemm/representative_medium/s1024/cp8,representative_medium,1024,8,cublaslt_nccl,graph,,"[128, 5120, 5120]",,,0.08910400047898293,0.10279839970171452,,,75.31520878889052,89.10400047898293,102.79839970171452,,,"{""nccl_environment"": {""NCCL_GRAPH_REGISTER"": ""1"", ""NCCL_IB_DISABLE"": ""1"", ""NCCL_LOCAL_REGISTER"": ""1"", ""NCCL_MAX_P2P_NCHANNELS"": ""24"", ""NCCL_MIN_P2P_NCHANNELS"": ""24"", ""NCCL_P2P_LL_THRESHOLD"": ""65536"", ""NCCL_P2P_NVL_CHUNKSIZE"": ""131072""}, ""operator"": {""chunks"": 1, ""local_first"": false, ""math_sms"": 0, ""pack_block"": 1024, ""pack_warps"": 4, ""push"": true, ""reverse"": false, ""schedule"": ""full"", ""sms"": 0, ""streams"": 3, ""use_ce"": false}}","{""algo_id"": 66, ""cluster_shape"": 7, ""cta_swizzle"": 0, ""custom"": 0, ""inner_shape"": 0, ""reduction"": 0, ""returned"": 8, ""split_k"": 1, ""stages_id"": 35, ""tile_id"": 27, ""tune_ms"": 0.019807999953627586, ""valid"": 8, ""waves"": 0.8181818127632141, ""workspace_bytes"": 0}",full_v2/cublaslt_nccl_formal_ch24_chunk128_ll64_cp8.json
a2a_gemm/representative_medium/s1024/cp8,representative_medium,1024,8,teub,eager,,"[128, 5120, 5120]",,,0.24803200364112854,0.40058719813823696,,,27.056534243499552,248.03200364112854,400.58719813823694,,,"{""nccl_environment"": {""NCCL_GRAPH_REGISTER"": ""1"", ""NCCL_IB_DISABLE"": ""1"", ""NCCL_LOCAL_REGISTER"": ""1""}, ""operator"": {""chunks"": 1, ""local_first"": false, ""math_sms"": 0, ""pack_block"": 1024, ""pack_warps"": 4, ""push"": true, ""reverse"": false, ""schedule"": ""full"", ""sms"": 4, ""streams"": 3, ""use_ce"": false}}","{""algo_id"": 66, ""cluster_shape"": 7, ""cta_swizzle"": 0, ""custom"": 0, ""inner_shape"": 0, ""reduction"": 0, ""returned"": 8, ""split_k"": 1, ""stages_id"": 35, ""tile_id"": 27, ""tune_ms"": 0.020202666521072388, ""valid"": 8, ""waves"": 0.8181818127632141, ""workspace_bytes"": 0}",full_v2/teub_formal_auto_cp8.json
a2a_gemm/representative_medium/s1024/cp8,representative_medium,1024,8,teub,graph,,"[128, 5120, 5120]",,,0.08753599971532822,0.10648800134658812,,,76.66430293621097,87.53599971532822,106.48800134658812,,,"{""nccl_environment"": {""NCCL_GRAPH_REGISTER"": ""1"", ""NCCL_IB_DISABLE"": ""1"", ""NCCL_LOCAL_REGISTER"": ""1""}, ""operator"": {""chunks"": 1, ""local_first"": false, ""math_sms"": 0, ""pack_block"": 1024, ""pack_warps"": 4, ""push"": true, ""reverse"": false, ""schedule"": ""full"", ""sms"": 16, ""streams"": 3, ""use_ce"": false}}","{""algo_id"": 66, ""cluster_shape"": 7, ""cta_swizzle"": 0, ""custom"": 0, ""inner_shape"": 0, ""reduction"": 0, ""returned"": 8, ""split_k"": 1, ""stages_id"": 35, ""tile_id"": 27, ""tune_ms"": 0.020202666521072388, ""valid"": 8, ""waves"": 0.8181818127632141, ""workspace_bytes"": 0}",full_v2/teub_formal_auto_cp8.json
a2a_gemm/representative_medium/s4096/cp4,representative_medium,4096,4,cublaslt_nccl,eager,,"[1024, 5120, 5120]",,,0.198512002825737,0.22058720365166662,,,270.4475821904281,198.512002825737,220.5872036516666,,,"{""nccl_environment"": {""NCCL_GRAPH_REGISTER"": ""1"", ""NCCL_IB_DISABLE"": ""1"", ""NCCL_LOCAL_REGISTER"": ""1""}, ""operator"": {""chunks"": 1, ""local_first"": false, ""math_sms"": 0, ""pack_block"": 1024, ""pack_warps"": 4, ""push"": true, ""reverse"": false, ""schedule"": ""full"", ""sms"": 0, ""streams"": 3, ""use_ce"": false}}","{""algo_id"": 66, ""cluster_shape"": 5, ""cta_swizzle"": 0, ""custom"": 7, ""inner_shape"": 0, ""reduction"": 0, ""returned"": 8, ""split_k"": 1, ""stages_id"": 35, ""tile_id"": 248, ""tune_ms"": 0.06885333359241486, ""valid"": 8, ""waves"": 0.9696969985961914, ""workspace_bytes"": 0}",full_v2/cublaslt_nccl_formal_auto_cp4.json
a2a_gemm/representative_medium/s4096/cp4,representative_medium,4096,4,cublaslt_nccl,graph,,"[1024, 5120, 5120]",,,0.15785599499940872,0.16158400028944014,,,340.1016933199217,157.85599499940872,161.58400028944016,,,"{""nccl_environment"": {""NCCL_GRAPH_REGISTER"": ""1"", ""NCCL_IB_DISABLE"": ""1"", ""NCCL_LOCAL_REGISTER"": ""1"", ""NCCL_MAX_P2P_NCHANNELS"": ""24"", ""NCCL_MIN_P2P_NCHANNELS"": ""24"", ""NCCL_P2P_LL_THRESHOLD"": ""65536"", ""NCCL_P2P_NVL_CHUNKSIZE"": ""131072""}, ""operator"": {""chunks"": 1, ""local_first"": false, ""math_sms"": 0, ""pack_block"": 1024, ""pack_warps"": 4, ""push"": true, ""reverse"": false, ""schedule"": ""full"", ""sms"": 0, ""streams"": 3, ""use_ce"": false}}","{""algo_id"": 66, ""cluster_shape"": 5, ""cta_swizzle"": 0, ""custom"": 7, ""inner_shape"": 0, ""reduction"": 0, ""returned"": 8, ""split_k"": 1, ""stages_id"": 35, ""tile_id"": 248, ""tune_ms"": 0.06912533193826675, ""valid"": 8, ""waves"": 0.9696969985961914, ""workspace_bytes"": 0}",full_v2/cublaslt_nccl_formal_ch24_chunk128_ll64_cp4.json
a2a_gemm/representative_medium/s4096/cp4,representative_medium,4096,4,teub,eager,,"[1024, 5120, 5120]",,,0.23051200062036514,0.23884160071611404,,,232.90367119939387,230.51200062036514,238.84160071611404,,,"{""nccl_environment"": {""NCCL_GRAPH_REGISTER"": ""1"", ""NCCL_IB_DISABLE"": ""1"", ""NCCL_LOCAL_REGISTER"": ""1""}, ""operator"": {""chunks"": 1, ""local_first"": false, ""math_sms"": 0, ""pack_block"": 1024, ""pack_warps"": 4, ""push"": true, ""reverse"": false, ""schedule"": ""full"", ""sms"": 4, ""streams"": 3, ""use_ce"": false}}","{""algo_id"": 66, ""cluster_shape"": 5, ""cta_swizzle"": 0, ""custom"": 7, ""inner_shape"": 0, ""reduction"": 0, ""returned"": 8, ""split_k"": 1, ""stages_id"": 35, ""tile_id"": 248, ""tune_ms"": 0.06798933446407318, ""valid"": 8, ""waves"": 0.9696969985961914, ""workspace_bytes"": 0}",full_v2/teub_formal_auto_cp4.json
a2a_gemm/representative_medium/s4096/cp4,representative_medium,4096,4,teub,graph,,"[1024, 5120, 5120]",,,0.15376000106334686,0.21260320097208021,,,349.16162089438143,153.76000106334686,212.6032009720802,,,"{""nccl_environment"": {""NCCL_GRAPH_REGISTER"": ""1"", ""NCCL_IB_DISABLE"": ""1"", ""NCCL_LOCAL_REGISTER"": ""1""}, ""operator"": {""chunks"": 2, ""local_first"": false, ""math_sms"": 0, ""pack_block"": 1024, ""pack_warps"": 4, ""push"": true, ""reverse"": false, ""schedule"": ""row_pipeline"", ""sms"": 8, ""streams"": 3, ""use_ce"": false}}","{""algo_id"": 66, ""cluster_shape"": 3, ""cta_swizzle"": 0, ""custom"": 0, ""inner_shape"": 0, ""reduction"": 0, ""returned"": 8, ""split_k"": 1, ""stages_id"": 35, ""tile_id"": 135, ""tune_ms"": 0.038335997611284256, ""valid"": 8, ""waves"": 1.9393939971923828, ""workspace_bytes"": 0}",full_v2/teub_formal_auto_cp4.json
a2a_gemm/representative_medium/s4096/cp8,representative_medium,4096,8,cublaslt_nccl,eager,,"[512, 5120, 5120]",,,0.18291199952363968,0.4331024050712585,,,146.7566133982955,182.91199952363968,433.10240507125854,,,"{""nccl_environment"": {""NCCL_GRAPH_REGISTER"": ""1"", ""NCCL_IB_DISABLE"": ""1"", ""NCCL_LOCAL_REGISTER"": ""1""}, ""operator"": {""chunks"": 1, ""local_first"": false, ""math_sms"": 0, ""pack_block"": 1024, ""pack_warps"": 4, ""push"": true, ""reverse"": false, ""schedule"": ""full"", ""sms"": 0, ""streams"": 3, ""use_ce"": false}}","{""algo_id"": 66, ""cluster_shape"": 3, ""cta_swizzle"": 0, ""custom"": 0, ""inner_shape"": 0, ""reduction"": 0, ""returned"": 8, ""split_k"": 1, ""stages_id"": 35, ""tile_id"": 135, ""tune_ms"": 0.03871466591954231, ""valid"": 8, ""waves"": 1.9393939971923828, ""workspace_bytes"": 0}",full_v2/cublaslt_nccl_formal_auto_cp8.json
a2a_gemm/representative_medium/s4096/cp8,representative_medium,4096,8,cublaslt_nccl,graph,,"[512, 5120, 5120]",,,0.13553600013256073,0.1468912035226822,,,198.0547277014647,135.53600013256073,146.8912035226822,,,"{""nccl_environment"": {""NCCL_GRAPH_REGISTER"": ""1"", ""NCCL_IB_DISABLE"": ""1"", ""NCCL_LOCAL_REGISTER"": ""1""}, ""operator"": {""chunks"": 1, ""local_first"": false, ""math_sms"": 0, ""pack_block"": 1024, ""pack_warps"": 4, ""push"": true, ""reverse"": false, ""schedule"": ""full"", ""sms"": 0, ""streams"": 3, ""use_ce"": false}}","{""algo_id"": 66, ""cluster_shape"": 3, ""cta_swizzle"": 0, ""custom"": 0, ""inner_shape"": 0, ""reduction"": 0, ""returned"": 8, ""split_k"": 1, ""stages_id"": 35, ""tile_id"": 135, ""tune_ms"": 0.03871466591954231, ""valid"": 8, ""waves"": 1.9393939971923828, ""workspace_bytes"": 0}",full_v2/cublaslt_nccl_formal_auto_cp8.json
a2a_gemm/representative_medium/s4096/cp8,representative_medium,4096,8,teub,eager,,"[512, 5120, 5120]",,,0.2691359966993332,0.353932802379131,,,99.73970754268304,269.1359966993332,353.932802379131,,,"{""nccl_environment"": {""NCCL_GRAPH_REGISTER"": ""1"", ""NCCL_IB_DISABLE"": ""1"", ""NCCL_LOCAL_REGISTER"": ""1""}, ""operator"": {""chunks"": 1, ""local_first"": false, ""math_sms"": 0, ""pack_block"": 1024, ""pack_warps"": 4, ""push"": true, ""reverse"": false, ""schedule"": ""full"", ""sms"": 16, ""streams"": 3, ""use_ce"": false}}","{""algo_id"": 66, ""cluster_shape"": 3, ""cta_swizzle"": 0, ""custom"": 0, ""inner_shape"": 0, ""reduction"": 0, ""returned"": 8, ""split_k"": 1, ""stages_id"": 35, ""tile_id"": 135, ""tune_ms"": 0.03808533400297165, ""valid"": 8, ""waves"": 1.9393939971923828, ""workspace_bytes"": 0}",full_v2/teub_formal_auto_cp8.json
a2a_gemm/representative_medium/s4096/cp8,representative_medium,4096,8,teub,graph,,"[512, 5120, 5120]",,,0.13019199669361115,0.13954080045223236,,,206.1842992021435,130.19199669361115,139.54080045223236,,,"{""nccl_environment"": {""NCCL_GRAPH_REGISTER"": ""1"", ""NCCL_IB_DISABLE"": ""1"", ""NCCL_LOCAL_REGISTER"": ""1""}, ""operator"": {""chunks"": 1, ""local_first"": false, ""math_sms"": 0, ""pack_block"": 1024, ""pack_warps"": 4, ""push"": true, ""reverse"": false, ""schedule"": ""full"", ""sms"": 16, ""streams"": 3, ""use_ce"": false}}","{""algo_id"": 66, ""cluster_shape"": 3, ""cta_swizzle"": 0, ""custom"": 0, ""inner_shape"": 0, ""reduction"": 0, ""returned"": 8, ""split_k"": 1, ""stages_id"": 35, ""tile_id"": 135, ""tune_ms"": 0.03808533400297165, ""valid"": 8, ""waves"": 1.9393939971923828, ""workspace_bytes"": 0}",full_v2/teub_formal_auto_cp8.json
a2a_gemm/representative_medium/s16384/cp4,representative_medium,16384,4,cublaslt_nccl,eager,,"[4096, 5120, 5120]",,,0.48712000250816345,0.5046864092350006,,,440.8531033303259,487.12000250816345,504.6864092350006,,,"{""nccl_environment"": {""NCCL_GRAPH_REGISTER"": ""1"", ""NCCL_IB_DISABLE"": ""1"", ""NCCL_LOCAL_REGISTER"": ""1""}, ""operator"": {""chunks"": 1, ""local_first"": false, ""math_sms"": 0, ""pack_block"": 1024, ""pack_warps"": 4, ""push"": true, ""reverse"": false, ""schedule"": ""full"", ""sms"": 0, ""streams"": 3, ""use_ce"": false}}","{""algo_id"": 66, ""cluster_shape"": 3, ""cta_swizzle"": 0, ""custom"": 4, ""inner_shape"": 0, ""reduction"": 0, ""returned"": 8, ""split_k"": 1, ""stages_id"": 35, ""tile_id"": 23, ""tune_ms"": 0.2616906762123108, ""valid"": 8, ""waves"": 4.848484992980957, ""workspace_bytes"": 4}",full_v2/cublaslt_nccl_formal_auto_cp4.json
a2a_gemm/representative_medium/s16384/cp4,representative_medium,16384,4,cublaslt_nccl,graph,,"[4096, 5120, 5120]",,,0.466623991727829,0.47150559425354005,,,460.21715258322547,466.623991727829,471.50559425354004,,,"{""nccl_environment"": {""NCCL_GRAPH_REGISTER"": ""1"", ""NCCL_IB_DISABLE"": ""1"", ""NCCL_LOCAL_REGISTER"": ""1""}, ""operator"": {""chunks"": 1, ""local_first"": false, ""math_sms"": 0, ""pack_block"": 1024, ""pack_warps"": 4, ""push"": true, ""reverse"": false, ""schedule"": ""full"", ""sms"": 0, ""streams"": 3, ""use_ce"": false}}","{""algo_id"": 66, ""cluster_shape"": 3, ""cta_swizzle"": 0, ""custom"": 4, ""inner_shape"": 0, ""reduction"": 0, ""returned"": 8, ""split_k"": 1, ""stages_id"": 35, ""tile_id"": 23, ""tune_ms"": 0.2616906762123108, ""valid"": 8, ""waves"": 4.848484992980957, ""workspace_bytes"": 4}",full_v2/cublaslt_nccl_formal_auto_cp4.json
a2a_gemm/representative_medium/s16384/cp4,representative_medium,16384,4,teub,eager,,"[4096, 5120, 5120]",,,0.46993599832057953,0.5916143983602521,,,456.97364229905963,469.93599832057953,591.614398360252,,,"{""nccl_environment"": {""NCCL_GRAPH_REGISTER"": ""1"", ""NCCL_IB_DISABLE"": ""1"", ""NCCL_LOCAL_REGISTER"": ""1""}, ""operator"": {""chunks"": 2, ""local_first"": false, ""math_sms"": 0, ""pack_block"": 1024, ""pack_warps"": 4, ""push"": true, ""reverse"": false, ""schedule"": ""row_pipeline"", ""sms"": 8, ""streams"": 3, ""use_ce"": false}}","{""algo_id"": 66, ""cluster_shape"": 5, ""cta_swizzle"": 0, ""custom"": 7, ""inner_shape"": 0, ""reduction"": 0, ""returned"": 8, ""split_k"": 1, ""stages_id"": 35, ""tile_id"": 248, ""tune_ms"": 0.1321546584367752, ""valid"": 8, ""waves"": 1.9393939971923828, ""workspace_bytes"": 0}",full_v2/teub_formal_auto_cp4.json
a2a_gemm/representative_medium/s16384/cp4,representative_medium,16384,4,teub,graph,,"[4096, 5120, 5120]",,,0.43113601207733154,0.44140479266643523,,,498.0988801313151,431.13601207733154,441.40479266643524,,,"{""nccl_environment"": {""NCCL_GRAPH_REGISTER"": ""1"", ""NCCL_IB_DISABLE"": ""1"", ""NCCL_LOCAL_REGISTER"": ""1""}, ""operator"": {""chunks"": 2, ""local_first"": false, ""math_sms"": 0, ""pack_block"": 1024, ""pack_warps"": 4, ""push"": true, ""reverse"": false, ""schedule"": ""row_pipeline"", ""sms"": 8, ""streams"": 3, ""use_ce"": false}}","{""algo_id"": 66, ""cluster_shape"": 5, ""cta_swizzle"": 0, ""custom"": 7, ""inner_shape"": 0, ""reduction"": 0, ""returned"": 8, ""split_k"": 1, ""stages_id"": 35, ""tile_id"": 248, ""tune_ms"": 0.1321546584367752, ""valid"": 8, ""waves"": 1.9393939971923828, ""workspace_bytes"": 0}",full_v2/teub_formal_auto_cp4.json
a2a_gemm/representative_medium/s16384/cp8,representative_medium,16384,8,cublaslt_nccl,eager,,"[2048, 5120, 5120]",,,0.342848002910614,0.3563616082072258,,,313.1830475558995,342.848002910614,356.3616082072258,,,"{""nccl_environment"": {""NCCL_GRAPH_REGISTER"": ""1"", ""NCCL_IB_DISABLE"": ""1"", ""NCCL_LOCAL_REGISTER"": ""1"", ""NCCL_MAX_P2P_NCHANNELS"": ""24"", ""NCCL_MIN_P2P_NCHANNELS"": ""24"", ""NCCL_P2P_LL_THRESHOLD"": ""65536"", ""NCCL_P2P_NVL_CHUNKSIZE"": ""131072""}, ""operator"": {""chunks"": 1, ""local_first"": false, ""math_sms"": 0, ""pack_block"": 1024, ""pack_warps"": 4, ""push"": true, ""reverse"": false, ""schedule"": ""full"", ""sms"": 0, ""streams"": 3, ""use_ce"": false}}","{""algo_id"": 66, ""cluster_shape"": 5, ""cta_swizzle"": 0, ""custom"": 7, ""inner_shape"": 0, ""reduction"": 0, ""returned"": 8, ""split_k"": 1, ""stages_id"": 35, ""tile_id"": 248, ""tune_ms"": 0.13473066687583923, ""valid"": 8, ""waves"": 1.9393939971923828, ""workspace_bytes"": 0}",full_v2/cublaslt_nccl_formal_ch24_chunk128_ll64_cp8.json
a2a_gemm/representative_medium/s16384/cp8,representative_medium,16384,8,cublaslt_nccl,graph,,"[2048, 5120, 5120]",,,0.3078079968690872,0.31715519428253175,,,348.8349344142185,307.8079968690872,317.15519428253174,,,"{""nccl_environment"": {""NCCL_GRAPH_REGISTER"": ""1"", ""NCCL_IB_DISABLE"": ""1"", ""NCCL_LOCAL_REGISTER"": ""1"", ""NCCL_MAX_P2P_NCHANNELS"": ""24"", ""NCCL_MIN_P2P_NCHANNELS"": ""24"", ""NCCL_P2P_LL_THRESHOLD"": ""65536"", ""NCCL_P2P_NVL_CHUNKSIZE"": ""131072""}, ""operator"": {""chunks"": 1, ""local_first"": false, ""math_sms"": 0, ""pack_block"": 1024, ""pack_warps"": 4, ""push"": true, ""reverse"": false, ""schedule"": ""full"", ""sms"": 0, ""streams"": 3, ""use_ce"": false}}","{""algo_id"": 66, ""cluster_shape"": 5, ""cta_swizzle"": 0, ""custom"": 7, ""inner_shape"": 0, ""reduction"": 0, ""returned"": 8, ""split_k"": 1, ""stages_id"": 35, ""tile_id"": 248, ""tune_ms"": 0.13473066687583923, ""valid"": 8, ""waves"": 1.9393939971923828, ""workspace_bytes"": 0}",full_v2/cublaslt_nccl_formal_ch24_chunk128_ll64_cp8.json
a2a_gemm/representative_medium/s16384/cp8,representative_medium,16384,8,teub,eager,,"[2048, 5120, 5120]",,,0.3990879952907562,0.4086768016219139,,,269.0488906381971,399.0879952907562,408.6768016219139,,,"{""nccl_environment"": {""NCCL_GRAPH_REGISTER"": ""1"", ""NCCL_IB_DISABLE"": ""1"", ""NCCL_LOCAL_REGISTER"": ""1""}, ""operator"": {""chunks"": 1, ""local_first"": false, ""math_sms"": 0, ""pack_block"": 1024, ""pack_warps"": 4, ""push"": true, ""reverse"": false, ""schedule"": ""full"", ""sms"": 8, ""streams"": 3, ""use_ce"": false}}","{""algo_id"": 66, ""cluster_shape"": 5, ""cta_swizzle"": 0, ""custom"": 7, ""inner_shape"": 0, ""reduction"": 0, ""returned"": 8, ""split_k"": 1, ""stages_id"": 35, ""tile_id"": 248, ""tune_ms"": 0.13246934115886688, ""valid"": 8, ""waves"": 1.9393939971923828, ""workspace_bytes"": 0}",full_v2/teub_formal_auto_cp8.json
a2a_gemm/representative_medium/s16384/cp8,representative_medium,16384,8,teub,graph,,"[2048, 5120, 5120]",,,0.29257600009441376,0.38501760810613633,,,366.9958655711697,292.57600009441376,385.0176081061363,,,"{""nccl_environment"": {""NCCL_GRAPH_REGISTER"": ""1"", ""NCCL_IB_DISABLE"": ""1"", ""NCCL_LOCAL_REGISTER"": ""1""}, ""operator"": {""chunks"": 2, ""local_first"": false, ""math_sms"": 0, ""pack_block"": 1024, ""pack_warps"": 4, ""push"": true, ""reverse"": false, ""schedule"": ""row_pipeline"", ""sms"": 8, ""streams"": 3, ""use_ce"": false}}","{""algo_id"": 66, ""cluster_shape"": 5, ""cta_swizzle"": 0, ""custom"": 7, ""inner_shape"": 0, ""reduction"": 0, ""returned"": 8, ""split_k"": 1, ""stages_id"": 35, ""tile_id"": 248, ""tune_ms"": 0.06809600442647934, ""valid"": 8, ""waves"": 0.9696969985961914, ""workspace_bytes"": 0}",full_v2/teub_formal_auto_cp8.json
a2a_gemm/representative_medium/s131072/cp4,representative_medium,131072,4,cublaslt_nccl,eager,,"[32768, 5120, 5120]",,,3.324512004852295,3.400595259666443,,,516.7636380595138,3324.512004852295,3400.595259666443,,,"{""nccl_environment"": {""NCCL_GRAPH_REGISTER"": ""1"", ""NCCL_IB_DISABLE"": ""1"", ""NCCL_LOCAL_REGISTER"": ""1""}, ""operator"": {""chunks"": 1, ""local_first"": false, ""math_sms"": 0, ""pack_block"": 1024, ""pack_warps"": 4, ""push"": true, ""reverse"": false, ""schedule"": ""full"", ""sms"": 0, ""streams"": 3, ""use_ce"": false}}","{""algo_id"": 66, ""cluster_shape"": 3, ""cta_swizzle"": 0, ""custom"": 4, ""inner_shape"": 0, ""reduction"": 0, ""returned"": 8, ""split_k"": 1, ""stages_id"": 35, ""tile_id"": 23, ""tune_ms"": 2.0383732318878174, ""valid"": 8, ""waves"": 38.787879943847656, ""workspace_bytes"": 4}",full_v2/cublaslt_nccl_formal_auto_cp4.json
a2a_gemm/representative_medium/s131072/cp4,representative_medium,131072,4,cublaslt_nccl,graph,,"[32768, 5120, 5120]",,,3.23580801486969,3.307175934314728,,,530.9298050147717,3235.80801486969,3307.175934314728,,,"{""nccl_environment"": {""NCCL_GRAPH_REGISTER"": ""1"", ""NCCL_IB_DISABLE"": ""1"", ""NCCL_LOCAL_REGISTER"": ""1"", ""NCCL_MAX_P2P_NCHANNELS"": ""24"", ""NCCL_MIN_P2P_NCHANNELS"": ""24"", ""NCCL_P2P_LL_THRESHOLD"": ""65536"", ""NCCL_P2P_NVL_CHUNKSIZE"": ""131072""}, ""operator"": {""chunks"": 1, ""local_first"": false, ""math_sms"": 0, ""pack_block"": 1024, ""pack_warps"": 4, ""push"": true, ""reverse"": false, ""schedule"": ""full"", ""sms"": 0, ""streams"": 3, ""use_ce"": false}}","{""algo_id"": 66, ""cluster_shape"": 5, ""cta_swizzle"": 0, ""custom"": 7, ""inner_shape"": 0, ""reduction"": 0, ""returned"": 8, ""split_k"": 1, ""stages_id"": 35, ""tile_id"": 24, ""tune_ms"": 2.053130626678467, ""valid"": 8, ""waves"": 38.787879943847656, ""workspace_bytes"": 4}",full_v2/cublaslt_nccl_formal_ch24_chunk128_ll64_cp4.json
a2a_gemm/representative_medium/s131072/cp4,representative_medium,131072,4,teub,eager,,"[32768, 5120, 5120]",,,3.0647839307785034,3.1711455821990966,,,560.5572716389191,3064.7839307785034,3171.1455821990967,,,"{""nccl_environment"": {""NCCL_GRAPH_REGISTER"": ""1"", ""NCCL_IB_DISABLE"": ""1"", ""NCCL_LOCAL_REGISTER"": ""1""}, ""operator"": {""chunks"": 4, ""local_first"": false, ""math_sms"": 0, ""pack_block"": 1024, ""pack_warps"": 4, ""push"": true, ""reverse"": false, ""schedule"": ""row_pipeline"", ""sms"": 8, ""streams"": 3, ""use_ce"": false}}","{""algo_id"": 66, ""cluster_shape"": 3, ""cta_swizzle"": 0, ""custom"": 4, ""inner_shape"": 0, ""reduction"": 0, ""returned"": 8, ""split_k"": 1, ""stages_id"": 35, ""tile_id"": 23, ""tune_ms"": 0.5116053223609924, ""valid"": 8, ""waves"": 9.696969985961914, ""workspace_bytes"": 4}",full_v2/teub_formal_auto_cp4.json
a2a_gemm/representative_medium/s131072/cp4,representative_medium,131072,4,teub,graph,,"[32768, 5120, 5120]",,,3.121903896331787,3.2038911819458007,,,550.3010263764434,3121.903896331787,3203.891181945801,,,"{""nccl_environment"": {""NCCL_GRAPH_REGISTER"": ""1"", ""NCCL_IB_DISABLE"": ""1"", ""NCCL_LOCAL_REGISTER"": ""1""}, ""operator"": {""chunks"": 4, ""local_first"": false, ""math_sms"": 0, ""pack_block"": 1024, ""pack_warps"": 4, ""push"": true, ""reverse"": false, ""schedule"": ""row_pipeline"", ""sms"": 8, ""streams"": 3, ""use_ce"": false}}","{""algo_id"": 66, ""cluster_shape"": 3, ""cta_swizzle"": 0, ""custom"": 4, ""inner_shape"": 0, ""reduction"": 0, ""returned"": 8, ""split_k"": 1, ""stages_id"": 35, ""tile_id"": 23, ""tune_ms"": 0.5116053223609924, ""valid"": 8, ""waves"": 9.696969985961914, ""workspace_bytes"": 4}",full_v2/teub_formal_auto_cp4.json
a2a_gemm/representative_medium/s131072/cp8,representative_medium,131072,8,cublaslt_nccl,eager,,"[16384, 5120, 5120]",,,1.9166399836540222,1.9585791885852815,,,448.1767397768423,1916.6399836540222,1958.5791885852814,,,"{""nccl_environment"": {""NCCL_GRAPH_REGISTER"": ""1"", ""NCCL_IB_DISABLE"": ""1"", ""NCCL_LOCAL_REGISTER"": ""1"", ""NCCL_MAX_P2P_NCHANNELS"": ""24"", ""NCCL_MIN_P2P_NCHANNELS"": ""24"", ""NCCL_P2P_LL_THRESHOLD"": ""65536"", ""NCCL_P2P_NVL_CHUNKSIZE"": ""131072""}, ""operator"": {""chunks"": 1, ""local_first"": false, ""math_sms"": 0, ""pack_block"": 1024, ""pack_warps"": 4, ""push"": true, ""reverse"": false, ""schedule"": ""full"", ""sms"": 0, ""streams"": 3, ""use_ce"": false}}","{""algo_id"": 66, ""cluster_shape"": 3, ""cta_swizzle"": 0, ""custom"": 4, ""inner_shape"": 0, ""reduction"": 0, ""returned"": 8, ""split_k"": 1, ""stages_id"": 35, ""tile_id"": 23, ""tune_ms"": 1.0498666763305664, ""valid"": 8, ""waves"": 19.393939971923828, ""workspace_bytes"": 4}",full_v2/cublaslt_nccl_formal_ch24_chunk128_ll64_cp8.json
a2a_gemm/representative_medium/s131072/cp8,representative_medium,131072,8,cublaslt_nccl,graph,,"[16384, 5120, 5120]",,,1.8995519876480103,1.9385504126548767,,,452.2084495637256,1899.5519876480103,1938.5504126548767,,,"{""nccl_environment"": {""NCCL_GRAPH_REGISTER"": ""1"", ""NCCL_IB_DISABLE"": ""1"", ""NCCL_LOCAL_REGISTER"": ""1"", ""NCCL_MAX_P2P_NCHANNELS"": ""24"", ""NCCL_MIN_P2P_NCHANNELS"": ""24"", ""NCCL_P2P_LL_THRESHOLD"": ""65536"", ""NCCL_P2P_NVL_CHUNKSIZE"": ""131072""}, ""operator"": {""chunks"": 1, ""local_first"": false, ""math_sms"": 0, ""pack_block"": 1024, ""pack_warps"": 4, ""push"": true, ""reverse"": false, ""schedule"": ""full"", ""sms"": 0, ""streams"": 3, ""use_ce"": false}}","{""algo_id"": 66, ""cluster_shape"": 3, ""cta_swizzle"": 0, ""custom"": 4, ""inner_shape"": 0, ""reduction"": 0, ""returned"": 8, ""split_k"": 1, ""stages_id"": 35, ""tile_id"": 23, ""tune_ms"": 1.0498666763305664, ""valid"": 8, ""waves"": 19.393939971923828, ""workspace_bytes"": 4}",full_v2/cublaslt_nccl_formal_ch24_chunk128_ll64_cp8.json
a2a_gemm/representative_medium/s131072/cp8,representative_medium,131072,8,teub,eager,,"[16384, 5120, 5120]",,,1.8987039923667908,2.454848086833954,,,452.4104139736069,1898.7039923667908,2454.848086833954,,,"{""nccl_environment"": {""NCCL_GRAPH_REGISTER"": ""1"", ""NCCL_IB_DISABLE"": ""1"", ""NCCL_LOCAL_REGISTER"": ""1""}, ""operator"": {""chunks"": 2, ""local_first"": false, ""math_sms"": 0, ""pack_block"": 1024, ""pack_warps"": 4, ""push"": true, ""reverse"": false, ""schedule"": ""row_pipeline"", ""sms"": 8, ""streams"": 3, ""use_ce"": false}}","{""algo_id"": 66, ""cluster_shape"": 3, ""cta_swizzle"": 0, ""custom"": 4, ""inner_shape"": 0, ""reduction"": 0, ""returned"": 8, ""split_k"": 1, ""stages_id"": 35, ""tile_id"": 23, ""tune_ms"": 0.5125280022621155, ""valid"": 8, ""waves"": 9.696969985961914, ""workspace_bytes"": 4}",full_v2/teub_formal_auto_cp8.json
a2a_gemm/representative_medium/s131072/cp8,representative_medium,131072,8,teub,graph,,"[16384, 5120, 5120]",,,1.9204319715499878,2.403279972076416,,,447.2917926411646,1920.4319715499878,2403.279972076416,,,"{""nccl_environment"": {""NCCL_GRAPH_REGISTER"": ""1"", ""NCCL_IB_DISABLE"": ""1"", ""NCCL_LOCAL_REGISTER"": ""1""}, ""operator"": {""chunks"": 2, ""local_first"": false, ""math_sms"": 0, ""pack_block"": 1024, ""pack_warps"": 4, ""push"": true, ""reverse"": false, ""schedule"": ""row_pipeline"", ""sms"": 8, ""streams"": 3, ""use_ce"": false}}","{""algo_id"": 66, ""cluster_shape"": 3, ""cta_swizzle"": 0, ""custom"": 4, ""inner_shape"": 0, ""reduction"": 0, ""returned"": 8, ""split_k"": 1, ""stages_id"": 35, ""tile_id"": 23, ""tune_ms"": 0.5125280022621155, ""valid"": 8, ""waves"": 9.696969985961914, ""workspace_bytes"": 4}",full_v2/teub_formal_auto_cp8.json
a2a_gemm/representative_medium/s262144/cp4,representative_medium,262144,4,cublaslt_nccl,eager,,"[65536, 5120, 5120]",,,6.578527927398682,7.046143865585327,,,522.3013225329078,6578.527927398682,7046.143865585327,,,"{""nccl_environment"": {""NCCL_GRAPH_REGISTER"": ""1"", ""NCCL_IB_DISABLE"": ""1"", ""NCCL_LOCAL_REGISTER"": ""1""}, ""operator"": {""chunks"": 1, ""local_first"": false, ""math_sms"": 0, ""pack_block"": 1024, ""pack_warps"": 4, ""push"": true, ""reverse"": false, ""schedule"": ""full"", ""sms"": 0, ""streams"": 3, ""use_ce"": false}}","{""algo_id"": 66, ""cluster_shape"": 3, ""cta_swizzle"": 0, ""custom"": 4, ""inner_shape"": 0, ""reduction"": 0, ""returned"": 8, ""split_k"": 1, ""stages_id"": 35, ""tile_id"": 23, ""tune_ms"": 4.0190348625183105, ""valid"": 8, ""waves"": 77.57575988769531, ""workspace_bytes"": 4}",full_v2/cublaslt_nccl_formal_auto_cp4.json
a2a_gemm/representative_medium/s262144/cp4,representative_medium,262144,4,cublaslt_nccl,graph,,"[65536, 5120, 5120]",,,6.8265440464019775,7.48501443862915,,,503.3255207092638,6826.5440464019775,7485.01443862915,,,"{""nccl_environment"": {""NCCL_GRAPH_REGISTER"": ""1"", ""NCCL_IB_DISABLE"": ""1"", ""NCCL_LOCAL_REGISTER"": ""1""}, ""operator"": {""chunks"": 1, ""local_first"": false, ""math_sms"": 0, ""pack_block"": 1024, ""pack_warps"": 4, ""push"": true, ""reverse"": false, ""schedule"": ""full"", ""sms"": 0, ""streams"": 3, ""use_ce"": false}}","{""algo_id"": 66, ""cluster_shape"": 3, ""cta_swizzle"": 0, ""custom"": 4, ""inner_shape"": 0, ""reduction"": 0, ""returned"": 8, ""split_k"": 1, ""stages_id"": 35, ""tile_id"": 23, ""tune_ms"": 4.0190348625183105, ""valid"": 8, ""waves"": 77.57575988769531, ""workspace_bytes"": 4}",full_v2/cublaslt_nccl_formal_auto_cp4.json
a2a_gemm/representative_medium/s262144/cp4,representative_medium,262144,4,teub,eager,,"[65536, 5120, 5120]",,,6.1058878898620605,6.2976768732070925,,,562.7312356168437,6105.887889862061,6297.676873207092,,,"{""nccl_environment"": {""NCCL_GRAPH_REGISTER"": ""1"", ""NCCL_IB_DISABLE"": ""1"", ""NCCL_LOCAL_REGISTER"": ""1""}, ""operator"": {""chunks"": 4, ""local_first"": false, ""math_sms"": 0, ""pack_block"": 1024, ""pack_warps"": 4, ""push"": true, ""reverse"": false, ""schedule"": ""row_pipeline"", ""sms"": 8, ""streams"": 3, ""use_ce"": false}}","{""algo_id"": 66, ""cluster_shape"": 3, ""cta_swizzle"": 0, ""custom"": 4, ""inner_shape"": 0, ""reduction"": 0, ""returned"": 8, ""split_k"": 1, ""stages_id"": 35, ""tile_id"": 23, ""tune_ms"": 1.0276800394058228, ""valid"": 8, ""waves"": 19.393939971923828, ""workspace_bytes"": 4}",full_v2/teub_formal_auto_cp4.json
a2a_gemm/representative_medium/s262144/cp4,representative_medium,262144,4,teub,graph,,"[65536, 5120, 5120]",,,6.182416200637817,6.369108843803406,,,555.7655332951416,6182.416200637817,6369.108843803406,,,"{""nccl_environment"": {""NCCL_GRAPH_REGISTER"": ""1"", ""NCCL_IB_DISABLE"": ""1"", ""NCCL_LOCAL_REGISTER"": ""1""}, ""operator"": {""chunks"": 4, ""local_first"": false, ""math_sms"": 0, ""pack_block"": 1024, ""pack_warps"": 4, ""push"": true, ""reverse"": false, ""schedule"": ""row_pipeline"", ""sms"": 8, ""streams"": 3, ""use_ce"": false}}","{""algo_id"": 66, ""cluster_shape"": 3, ""cta_swizzle"": 0, ""custom"": 4, ""inner_shape"": 0, ""reduction"": 0, ""returned"": 8, ""split_k"": 1, ""stages_id"": 35, ""tile_id"": 23, ""tune_ms"": 1.0276800394058228, ""valid"": 8, ""waves"": 19.393939971923828, ""workspace_bytes"": 4}",full_v2/teub_formal_auto_cp4.json
a2a_gemm/representative_medium/s262144/cp8,representative_medium,262144,8,cublaslt_nccl,eager,,"[32768, 5120, 5120]",,,3.6828960180282593,3.794265627861023,,,466.47717176651975,3682.8960180282593,3794.265627861023,,,"{""nccl_environment"": {""NCCL_GRAPH_REGISTER"": ""1"", ""NCCL_IB_DISABLE"": ""1"", ""NCCL_LOCAL_REGISTER"": ""1"", ""NCCL_MAX_P2P_NCHANNELS"": ""24"", ""NCCL_MIN_P2P_NCHANNELS"": ""24"", ""NCCL_P2P_LL_THRESHOLD"": ""65536"", ""NCCL_P2P_NVL_CHUNKSIZE"": ""131072""}, ""operator"": {""chunks"": 1, ""local_first"": false, ""math_sms"": 0, ""pack_block"": 1024, ""pack_warps"": 4, ""push"": true, ""reverse"": false, ""schedule"": ""full"", ""sms"": 0, ""streams"": 3, ""use_ce"": false}}","{""algo_id"": 66, ""cluster_shape"": 5, ""cta_swizzle"": 0, ""custom"": 7, ""inner_shape"": 0, ""reduction"": 0, ""returned"": 8, ""split_k"": 1, ""stages_id"": 35, ""tile_id"": 24, ""tune_ms"": 2.066234588623047, ""valid"": 8, ""waves"": 38.787879943847656, ""workspace_bytes"": 4}",full_v2/cublaslt_nccl_formal_ch24_chunk128_ll64_cp8.json
a2a_gemm/representative_medium/s262144/cp8,representative_medium,262144,8,cublaslt_nccl,graph,,"[32768, 5120, 5120]",,,3.6620479822158813,3.6814017057418824,,,469.1328258786105,3662.0479822158813,3681.4017057418823,,,"{""nccl_environment"": {""NCCL_GRAPH_REGISTER"": ""1"", ""NCCL_IB_DISABLE"": ""1"", ""NCCL_LOCAL_REGISTER"": ""1"", ""NCCL_MAX_P2P_NCHANNELS"": ""24"", ""NCCL_MIN_P2P_NCHANNELS"": ""24"", ""NCCL_P2P_LL_THRESHOLD"": ""65536"", ""NCCL_P2P_NVL_CHUNKSIZE"": ""131072""}, ""operator"": {""chunks"": 1, ""local_first"": false, ""math_sms"": 0, ""pack_block"": 1024, ""pack_warps"": 4, ""push"": true, ""reverse"": false, ""schedule"": ""full"", ""sms"": 0, ""streams"": 3, ""use_ce"": false}}","{""algo_id"": 66, ""cluster_shape"": 5, ""cta_swizzle"": 0, ""custom"": 7, ""inner_shape"": 0, ""reduction"": 0, ""returned"": 8, ""split_k"": 1, ""stages_id"": 35, ""tile_id"": 24, ""tune_ms"": 2.066234588623047, ""valid"": 8, ""waves"": 38.787879943847656, ""workspace_bytes"": 4}",full_v2/cublaslt_nccl_formal_ch24_chunk128_ll64_cp8.json
a2a_gemm/representative_medium/s262144/cp8,representative_medium,262144,8,teub,eager,,"[32768, 5120, 5120]",,,3.746208071708679,3.824406385421753,,,458.5935659511861,3746.208071708679,3824.406385421753,,,"{""nccl_environment"": {""NCCL_GRAPH_REGISTER"": ""1"", ""NCCL_IB_DISABLE"": ""1"", ""NCCL_LOCAL_REGISTER"": ""1""}, ""operator"": {""chunks"": 1, ""local_first"": false, ""math_sms"": 0, ""pack_block"": 1024, ""pack_warps"": 4, ""push"": true, ""reverse"": false, ""schedule"": ""full"", ""sms"": 12, ""streams"": 1, ""use_ce"": false}}","{""algo_id"": 66, ""cluster_shape"": 5, ""cta_swizzle"": 0, ""custom"": 7, ""inner_shape"": 0, ""reduction"": 0, ""returned"": 8, ""split_k"": 1, ""stages_id"": 35, ""tile_id"": 24, ""tune_ms"": 2.0200746059417725, ""valid"": 8, ""waves"": 38.787879943847656, ""workspace_bytes"": 4}",full_v2/teub_formal_auto_cp8.json
a2a_gemm/representative_medium/s262144/cp8,representative_medium,262144,8,teub,graph,,"[32768, 5120, 5120]",,,3.7170239686965942,3.788215935230255,,,462.19419967916605,3717.0239686965942,3788.215935230255,,,"{""nccl_environment"": {""NCCL_GRAPH_REGISTER"": ""1"", ""NCCL_IB_DISABLE"": ""1"", ""NCCL_LOCAL_REGISTER"": ""1""}, ""operator"": {""chunks"": 1, ""local_first"": false, ""math_sms"": 0, ""pack_block"": 1024, ""pack_warps"": 4, ""push"": true, ""reverse"": false, ""schedule"": ""full"", ""sms"": 12, ""streams"": 1, ""use_ce"": false}}","{""algo_id"": 66, ""cluster_shape"": 5, ""cta_swizzle"": 0, ""custom"": 7, ""inner_shape"": 0, ""reduction"": 0, ""returned"": 8, ""split_k"": 1, ""stages_id"": 35, ""tile_id"": 24, ""tune_ms"": 2.0200746059417725, ""valid"": 8, ""waves"": 38.787879943847656, ""workspace_bytes"": 4}",full_v2/teub_formal_auto_cp8.json
a2a_gemm/representative_medium/s524288/cp4,representative_medium,524288,4,cublaslt_nccl,eager,,"[131072, 5120, 5120]",,,13.295135974884033,13.981040000915527,,,516.8768252225371,13295.135974884033,13981.040000915527,,,"{""nccl_environment"": {""NCCL_GRAPH_REGISTER"": ""1"", ""NCCL_IB_DISABLE"": ""1"", ""NCCL_LOCAL_REGISTER"": ""1""}, ""operator"": {""chunks"": 1, ""local_first"": false, ""math_sms"": 0, ""pack_block"": 1024, ""pack_warps"": 4, ""push"": true, ""reverse"": false, ""schedule"": ""full"", ""sms"": 0, ""streams"": 3, ""use_ce"": false}}","{""algo_id"": 66, ""cluster_shape"": 5, ""cta_swizzle"": 0, ""custom"": 7, ""inner_shape"": 0, ""reduction"": 0, ""returned"": 8, ""split_k"": 1, ""stages_id"": 35, ""tile_id"": 24, ""tune_ms"": 9.132847785949707, ""valid"": 8, ""waves"": 155.15151977539062, ""workspace_bytes"": 4}",full_v2/cublaslt_nccl_formal_auto_cp4.json
a2a_gemm/representative_medium/s524288/cp4,representative_medium,524288,4,cublaslt_nccl,graph,,"[131072, 5120, 5120]",,,13.477392196655273,14.023139238357544,,,509.8870444169038,13477.392196655273,14023.139238357544,,,"{""nccl_environment"": {""NCCL_GRAPH_REGISTER"": ""1"", ""NCCL_IB_DISABLE"": ""1"", ""NCCL_LOCAL_REGISTER"": ""1""}, ""operator"": {""chunks"": 1, ""local_first"": false, ""math_sms"": 0, ""pack_block"": 1024, ""pack_warps"": 4, ""push"": true, ""reverse"": false, ""schedule"": ""full"", ""sms"": 0, ""streams"": 3, ""use_ce"": false}}","{""algo_id"": 66, ""cluster_shape"": 5, ""cta_swizzle"": 0, ""custom"": 7, ""inner_shape"": 0, ""reduction"": 0, ""returned"": 8, ""split_k"": 1, ""stages_id"": 35, ""tile_id"": 24, ""tune_ms"": 9.132847785949707, ""valid"": 8, ""waves"": 155.15151977539062, ""workspace_bytes"": 4}",full_v2/cublaslt_nccl_formal_auto_cp4.json
a2a_gemm/representative_medium/s524288/cp4,representative_medium,524288,4,teub,eager,,"[131072, 5120, 5120]",,,12.0490403175354,12.431142616271973,,,570.3315361638394,12049.0403175354,12431.142616271973,,,"{""nccl_environment"": {""NCCL_GRAPH_REGISTER"": ""1"", ""NCCL_IB_DISABLE"": ""1"", ""NCCL_LOCAL_REGISTER"": ""1""}, ""operator"": {""chunks"": 4, ""local_first"": false, ""math_sms"": 0, ""pack_block"": 1024, ""pack_warps"": 4, ""push"": true, ""reverse"": false, ""schedule"": ""row_pipeline"", ""sms"": 8, ""streams"": 3, ""use_ce"": false}}","{""algo_id"": 66, ""cluster_shape"": 3, ""cta_swizzle"": 0, ""custom"": 4, ""inner_shape"": 0, ""reduction"": 0, ""returned"": 8, ""split_k"": 1, ""stages_id"": 35, ""tile_id"": 23, ""tune_ms"": 1.9993653297424316, ""valid"": 8, ""waves"": 38.787879943847656, ""workspace_bytes"": 4}",full_v2/teub_formal_auto_cp4.json
a2a_gemm/representative_medium/s524288/cp4,representative_medium,524288,4,teub,graph,,"[131072, 5120, 5120]",,,12.171552181243896,12.666085147857666,,,564.5909060135752,12171.552181243896,12666.085147857666,,,"{""nccl_environment"": {""NCCL_GRAPH_REGISTER"": ""1"", ""NCCL_IB_DISABLE"": ""1"", ""NCCL_LOCAL_REGISTER"": ""1""}, ""operator"": {""chunks"": 4, ""local_first"": false, ""math_sms"": 0, ""pack_block"": 1024, ""pack_warps"": 4, ""push"": true, ""reverse"": false, ""schedule"": ""row_pipeline"", ""sms"": 8, ""streams"": 3, ""use_ce"": false}}","{""algo_id"": 66, ""cluster_shape"": 3, ""cta_swizzle"": 0, ""custom"": 4, ""inner_shape"": 0, ""reduction"": 0, ""returned"": 8, ""split_k"": 1, ""stages_id"": 35, ""tile_id"": 23, ""tune_ms"": 1.9993653297424316, ""valid"": 8, ""waves"": 38.787879943847656, ""workspace_bytes"": 4}",full_v2/teub_formal_auto_cp4.json
a2a_gemm/representative_medium/s524288/cp8,representative_medium,524288,8,cublaslt_nccl,eager,,"[65536, 5120, 5120]",,,7.216015815734863,7.302763295173645,,,476.15941047519556,7216.015815734863,7302.763295173645,,,"{""nccl_environment"": {""NCCL_GRAPH_REGISTER"": ""1"", ""NCCL_IB_DISABLE"": ""1"", ""NCCL_LOCAL_REGISTER"": ""1"", ""NCCL_MAX_P2P_NCHANNELS"": ""24"", ""NCCL_MIN_P2P_NCHANNELS"": ""24"", ""NCCL_P2P_LL_THRESHOLD"": ""65536"", ""NCCL_P2P_NVL_CHUNKSIZE"": ""131072""}, ""operator"": {""chunks"": 1, ""local_first"": false, ""math_sms"": 0, ""pack_block"": 1024, ""pack_warps"": 4, ""push"": true, ""reverse"": false, ""schedule"": ""full"", ""sms"": 0, ""streams"": 3, ""use_ce"": false}}","{""algo_id"": 66, ""cluster_shape"": 5, ""cta_swizzle"": 0, ""custom"": 6, ""inner_shape"": 0, ""reduction"": 0, ""returned"": 8, ""split_k"": 1, ""stages_id"": 35, ""tile_id"": 209, ""tune_ms"": 4.132607936859131, ""valid"": 8, ""waves"": 69.95454406738281, ""workspace_bytes"": 4}",full_v2/cublaslt_nccl_formal_ch24_chunk128_ll64_cp8.json
a2a_gemm/representative_medium/s524288/cp8,representative_medium,524288,8,cublaslt_nccl,graph,,"[65536, 5120, 5120]",,,7.185920000076294,7.227440023422242,,,478.15364445520123,7185.920000076294,7227.440023422241,,,"{""nccl_environment"": {""NCCL_GRAPH_REGISTER"": ""1"", ""NCCL_IB_DISABLE"": ""1"", ""NCCL_LOCAL_REGISTER"": ""1"", ""NCCL_MAX_P2P_NCHANNELS"": ""24"", ""NCCL_MIN_P2P_NCHANNELS"": ""24"", ""NCCL_P2P_LL_THRESHOLD"": ""65536"", ""NCCL_P2P_NVL_CHUNKSIZE"": ""131072""}, ""operator"": {""chunks"": 1, ""local_first"": false, ""math_sms"": 0, ""pack_block"": 1024, ""pack_warps"": 4, ""push"": true, ""reverse"": false, ""schedule"": ""full"", ""sms"": 0, ""streams"": 3, ""use_ce"": false}}","{""algo_id"": 66, ""cluster_shape"": 5, ""cta_swizzle"": 0, ""custom"": 6, ""inner_shape"": 0, ""reduction"": 0, ""returned"": 8, ""split_k"": 1, ""stages_id"": 35, ""tile_id"": 209, ""tune_ms"": 4.132607936859131, ""valid"": 8, ""waves"": 69.95454406738281, ""workspace_bytes"": 4}",full_v2/cublaslt_nccl_formal_ch24_chunk128_ll64_cp8.json
a2a_gemm/representative_medium/s524288/cp8,representative_medium,524288,8,teub,eager,,"[65536, 5120, 5120]",,,7.276063919067383,7.494406390190124,,,472.2297488063312,7276.063919067383,7494.4063901901245,,,"{""nccl_environment"": {""NCCL_GRAPH_REGISTER"": ""1"", ""NCCL_IB_DISABLE"": ""1"", ""NCCL_LOCAL_REGISTER"": ""1""}, ""operator"": {""chunks"": 1, ""local_first"": false, ""math_sms"": 0, ""pack_block"": 512, ""pack_warps"": 4, ""push"": true, ""reverse"": false, ""schedule"": ""full"", ""sms"": 12, ""streams"": 1, ""use_ce"": true}}","{""algo_id"": 66, ""cluster_shape"": 5, ""cta_swizzle"": 0, ""custom"": 6, ""inner_shape"": 0, ""reduction"": 0, ""returned"": 8, ""split_k"": 1, ""stages_id"": 35, ""tile_id"": 209, ""tune_ms"": 4.182234764099121, ""valid"": 8, ""waves"": 69.95454406738281, ""workspace_bytes"": 4}",full_v2/teub_formal_auto_cp8.json
a2a_gemm/representative_medium/s524288/cp8,representative_medium,524288,8,teub,graph,,"[65536, 5120, 5120]",,,7.216576099395752,7.437046456336975,,,476.1224422046483,7216.576099395752,7437.046456336975,,,"{""nccl_environment"": {""NCCL_GRAPH_REGISTER"": ""1"", ""NCCL_IB_DISABLE"": ""1"", ""NCCL_LOCAL_REGISTER"": ""1""}, ""operator"": {""chunks"": 1, ""local_first"": false, ""math_sms"": 0, ""pack_block"": 512, ""pack_warps"": 4, ""push"": true, ""reverse"": false, ""schedule"": ""full"", ""sms"": 12, ""streams"": 1, ""use_ce"": true}}","{""algo_id"": 66, ""cluster_shape"": 5, ""cta_swizzle"": 0, ""custom"": 6, ""inner_shape"": 0, ""reduction"": 0, ""returned"": 8, ""split_k"": 1, ""stages_id"": 35, ""tile_id"": 209, ""tune_ms"": 4.182234764099121, ""valid"": 8, ""waves"": 69.95454406738281, ""workspace_bytes"": 4}",full_v2/teub_formal_auto_cp8.json
a2a_gemm/representative_large/s1024/cp4,representative_large,1024,4,cublaslt_nccl,eager,,"[256, 7168, 16384]",,,0.2741120010614395,0.2854320079088211,,,219.36121698853512,274.1120010614395,285.4320079088211,,,"{""nccl_environment"": {""NCCL_GRAPH_REGISTER"": ""1"", ""NCCL_IB_DISABLE"": ""1"", ""NCCL_LOCAL_REGISTER"": ""1""}, ""operator"": {""chunks"": 1, ""local_first"": false, ""math_sms"": 0, ""pack_block"": 1024, ""pack_warps"": 4, ""push"": true, ""reverse"": false, ""schedule"": ""full"", ""sms"": 0, ""streams"": 3, ""use_ce"": false}}","{""algo_id"": 66, ""cluster_shape"": 3, ""cta_swizzle"": 0, ""custom"": 0, ""inner_shape"": 0, ""reduction"": 0, ""returned"": 8, ""split_k"": 1, ""stages_id"": 35, ""tile_id"": 165, ""tune_ms"": 0.08234667032957077, ""valid"": 8, ""waves"": 0.9696969985961914, ""workspace_bytes"": 0}",full_v2/cublaslt_nccl_formal_auto_cp4.json
a2a_gemm/representative_large/s1024/cp4,representative_large,1024,4,cublaslt_nccl,graph,,"[256, 7168, 16384]",,,0.23545600473880768,0.25002399161458017,,,255.3748510712307,235.45600473880768,250.02399161458015,,,"{""nccl_environment"": {""NCCL_GRAPH_REGISTER"": ""1"", ""NCCL_IB_DISABLE"": ""1"", ""NCCL_LOCAL_REGISTER"": ""1""}, ""operator"": {""chunks"": 1, ""local_first"": false, ""math_sms"": 0, ""pack_block"": 1024, ""pack_warps"": 4, ""push"": true, ""reverse"": false, ""schedule"": ""full"", ""sms"": 0, ""streams"": 3, ""use_ce"": false}}","{""algo_id"": 66, ""cluster_shape"": 3, ""cta_swizzle"": 0, ""custom"": 0, ""inner_shape"": 0, ""reduction"": 0, ""returned"": 8, ""split_k"": 1, ""stages_id"": 35, ""tile_id"": 165, ""tune_ms"": 0.08234667032957077, ""valid"": 8, ""waves"": 0.9696969985961914, ""workspace_bytes"": 0}",full_v2/cublaslt_nccl_formal_auto_cp4.json
a2a_gemm/representative_large/s1024/cp4,representative_large,1024,4,teub,eager,,"[256, 7168, 16384]",,,0.3102560043334961,0.3234815955162048,,,193.8062158480143,310.2560043334961,323.48159551620483,,,"{""nccl_environment"": {""NCCL_GRAPH_REGISTER"": ""1"", ""NCCL_IB_DISABLE"": ""1"", ""NCCL_LOCAL_REGISTER"": ""1""}, ""operator"": {""chunks"": 1, ""local_first"": false, ""math_sms"": 0, ""pack_block"": 1024, ""pack_warps"": 4, ""push"": true, ""reverse"": false, ""schedule"": ""full"", ""sms"": 8, ""streams"": 1, ""use_ce"": false}}","{""algo_id"": 66, ""cluster_shape"": 3, ""cta_swizzle"": 0, ""custom"": 0, ""inner_shape"": 0, ""reduction"": 0, ""returned"": 8, ""split_k"": 1, ""stages_id"": 35, ""tile_id"": 165, ""tune_ms"": 0.08293332904577255, ""valid"": 8, ""waves"": 0.9696969985961914, ""workspace_bytes"": 0}",full_v2/teub_formal_auto_cp4.json
a2a_gemm/representative_large/s1024/cp4,representative_large,1024,4,teub,graph,,"[256, 7168, 16384]",,,0.2271519973874092,0.23717599883675575,,,264.71060274873423,227.1519973874092,237.17599883675575,,,"{""nccl_environment"": {""NCCL_GRAPH_REGISTER"": ""1"", ""NCCL_IB_DISABLE"": ""1"", ""NCCL_LOCAL_REGISTER"": ""1""}, ""operator"": {""chunks"": 1, ""local_first"": false, ""math_sms"": 0, ""pack_block"": 1024, ""pack_warps"": 4, ""push"": true, ""reverse"": false, ""schedule"": ""full"", ""sms"": 4, ""streams"": 3, ""use_ce"": false}}","{""algo_id"": 66, ""cluster_shape"": 3, ""cta_swizzle"": 0, ""custom"": 0, ""inner_shape"": 0, ""reduction"": 0, ""returned"": 8, ""split_k"": 1, ""stages_id"": 35, ""tile_id"": 165, ""tune_ms"": 0.08293332904577255, ""valid"": 8, ""waves"": 0.9696969985961914, ""workspace_bytes"": 0}",full_v2/teub_formal_auto_cp4.json
a2a_gemm/representative_large/s1024/cp8,representative_large,1024,8,cublaslt_nccl,eager,,"[128, 7168, 16384]",,,0.27030399441719055,0.31692640781402587,,,111.22577428729247,270.30399441719055,316.9264078140259,,,"{""nccl_environment"": {""NCCL_GRAPH_REGISTER"": ""1"", ""NCCL_IB_DISABLE"": ""1"", ""NCCL_LOCAL_REGISTER"": ""1""}, ""operator"": {""chunks"": 1, ""local_first"": false, ""math_sms"": 0, ""pack_block"": 1024, ""pack_warps"": 4, ""push"": true, ""reverse"": false, ""schedule"": ""full"", ""sms"": 0, ""streams"": 3, ""use_ce"": false}}","{""algo_id"": 66, ""cluster_shape"": 7, ""cta_swizzle"": 0, ""custom"": 1, ""inner_shape"": 0, ""reduction"": 0, ""returned"": 8, ""split_k"": 1, ""stages_id"": 35, ""tile_id"": 18, ""tune_ms"": 0.0647680014371872, ""valid"": 8, ""waves"": 0.8484848737716675, ""workspace_bytes"": 0}",full_v2/cublaslt_nccl_formal_auto_cp8.json
a2a_gemm/representative_large/s1024/cp8,representative_large,1024,8,cublaslt_nccl,graph,,"[128, 7168, 16384]",,,0.23875200003385544,0.3139824002981186,,,125.92468782559628,238.75200003385544,313.9824002981186,,,"{""nccl_environment"": {""NCCL_GRAPH_REGISTER"": ""1"", ""NCCL_IB_DISABLE"": ""1"", ""NCCL_LOCAL_REGISTER"": ""1"", ""NCCL_MAX_P2P_NCHANNELS"": ""32"", ""NCCL_MIN_P2P_NCHANNELS"": ""32"", ""NCCL_P2P_LL_THRESHOLD"": ""65536"", ""NCCL_P2P_NVL_CHUNKSIZE"": ""524288""}, ""operator"": {""chunks"": 1, ""local_first"": false, ""math_sms"": 0, ""pack_block"": 1024, ""pack_warps"": 4, ""push"": true, ""reverse"": false, ""schedule"": ""full"", ""sms"": 0, ""streams"": 3, ""use_ce"": false}}","{""algo_id"": 66, ""cluster_shape"": 7, ""cta_swizzle"": 0, ""custom"": 1, ""inner_shape"": 0, ""reduction"": 0, ""returned"": 8, ""split_k"": 1, ""stages_id"": 35, ""tile_id"": 18, ""tune_ms"": 0.06451199948787689, ""valid"": 8, ""waves"": 0.8484848737716675, ""workspace_bytes"": 0}",full_v2/cublaslt_nccl_formal_ch32_chunk512_ll64_cp8.json
a2a_gemm/representative_large/s1024/cp8,representative_large,1024,8,teub,eager,,"[128, 7168, 16384]",,,0.3614560067653656,0.39538720250129694,,,83.17684727678672,361.4560067653656,395.38720250129694,,,"{""nccl_environment"": {""NCCL_GRAPH_REGISTER"": ""1"", ""NCCL_IB_DISABLE"": ""1"", ""NCCL_LOCAL_REGISTER"": ""1""}, ""operator"": {""chunks"": 1, ""local_first"": false, ""math_sms"": 0, ""pack_block"": 512, ""pack_warps"": 4, ""push"": true, ""reverse"": false, ""schedule"": ""full"", ""sms"": 8, ""streams"": 1, ""use_ce"": false}}","{""algo_id"": 66, ""cluster_shape"": 7, ""cta_swizzle"": 0, ""custom"": 1, ""inner_shape"": 0, ""reduction"": 0, ""returned"": 8, ""split_k"": 1, ""stages_id"": 35, ""tile_id"": 18, ""tune_ms"": 0.06498666852712631, ""valid"": 8, ""waves"": 0.8484848737716675, ""workspace_bytes"": 0}",full_v2/teub_formal_auto_cp8.json
a2a_gemm/representative_large/s1024/cp8,representative_large,1024,8,teub,graph,,"[128, 7168, 16384]",,,0.21723199635744095,0.23828959986567497,,,138.3993683072838,217.23199635744095,238.28959986567497,,,"{""nccl_environment"": {""NCCL_GRAPH_REGISTER"": ""1"", ""NCCL_IB_DISABLE"": ""1"", ""NCCL_LOCAL_REGISTER"": ""1""}, ""operator"": {""chunks"": 1, ""local_first"": false, ""math_sms"": 0, ""pack_block"": 1024, ""pack_warps"": 4, ""push"": true, ""reverse"": false, ""schedule"": ""full"", ""sms"": 8, ""streams"": 3, ""use_ce"": false}}","{""algo_id"": 66, ""cluster_shape"": 7, ""cta_swizzle"": 0, ""custom"": 1, ""inner_shape"": 0, ""reduction"": 0, ""returned"": 8, ""split_k"": 1, ""stages_id"": 35, ""tile_id"": 18, ""tune_ms"": 0.06498666852712631, ""valid"": 8, ""waves"": 0.8484848737716675, ""workspace_bytes"": 0}",full_v2/teub_formal_auto_cp8.json
a2a_gemm/representative_large/s4096/cp4,representative_large,4096,4,cublaslt_nccl,eager,,"[1024, 7168, 16384]",,,0.575296014547348,0.5964544117450714,,,418.07723762043355,575.296014547348,596.4544117450714,,,"{""nccl_environment"": {""NCCL_GRAPH_REGISTER"": ""1"", ""NCCL_IB_DISABLE"": ""1"", ""NCCL_LOCAL_REGISTER"": ""1"", ""NCCL_MAX_P2P_NCHANNELS"": ""24"", ""NCCL_MIN_P2P_NCHANNELS"": ""24"", ""NCCL_P2P_LL_THRESHOLD"": ""65536"", ""NCCL_P2P_NVL_CHUNKSIZE"": ""131072""}, ""operator"": {""chunks"": 1, ""local_first"": false, ""math_sms"": 0, ""pack_block"": 1024, ""pack_warps"": 4, ""push"": true, ""reverse"": false, ""schedule"": ""full"", ""sms"": 0, ""streams"": 3, ""use_ce"": false}}","{""algo_id"": 66, ""cluster_shape"": 3, ""cta_swizzle"": 0, ""custom"": 0, ""inner_shape"": 0, ""reduction"": 0, ""returned"": 8, ""split_k"": 1, ""stages_id"": 35, ""tile_id"": 165, ""tune_ms"": 0.3048906624317169, ""valid"": 8, ""waves"": 3.8787879943847656, ""workspace_bytes"": 4}",full_v2/cublaslt_nccl_formal_ch24_chunk128_ll64_cp4.json
a2a_gemm/representative_large/s4096/cp4,representative_large,4096,4,cublaslt_nccl,graph,,"[1024, 7168, 16384]",,,0.5470240116119385,0.5597039878368377,,,439.68484649742356,547.0240116119385,559.7039878368378,,,"{""nccl_environment"": {""NCCL_GRAPH_REGISTER"": ""1"", ""NCCL_IB_DISABLE"": ""1"", ""NCCL_LOCAL_REGISTER"": ""1"", ""NCCL_MAX_P2P_NCHANNELS"": ""24"", ""NCCL_MIN_P2P_NCHANNELS"": ""24"", ""NCCL_P2P_LL_THRESHOLD"": ""65536"", ""NCCL_P2P_NVL_CHUNKSIZE"": ""131072""}, ""operator"": {""chunks"": 1, ""local_first"": false, ""math_sms"": 0, ""pack_block"": 1024, ""pack_warps"": 4, ""push"": true, ""reverse"": false, ""schedule"": ""full"", ""sms"": 0, ""streams"": 3, ""use_ce"": false}}","{""algo_id"": 66, ""cluster_shape"": 3, ""cta_swizzle"": 0, ""custom"": 0, ""inner_shape"": 0, ""reduction"": 0, ""returned"": 8, ""split_k"": 1, ""stages_id"": 35, ""tile_id"": 165, ""tune_ms"": 0.3048906624317169, ""valid"": 8, ""waves"": 3.8787879943847656, ""workspace_bytes"": 4}",full_v2/cublaslt_nccl_formal_ch24_chunk128_ll64_cp4.json
a2a_gemm/representative_large/s4096/cp4,representative_large,4096,4,teub,eager,,"[1024, 7168, 16384]",,,0.5497599840164185,0.5600191980600357,,,437.49668140418345,549.7599840164185,560.0191980600357,,,"{""nccl_environment"": {""NCCL_GRAPH_REGISTER"": ""1"", ""NCCL_IB_DISABLE"": ""1"", ""NCCL_LOCAL_REGISTER"": ""1""}, ""operator"": {""chunks"": 2, ""local_first"": false, ""math_sms"": 0, ""pack_block"": 1024, ""pack_warps"": 4, ""push"": true, ""reverse"": false, ""schedule"": ""row_pipeline"", ""sms"": 8, ""streams"": 3, ""use_ce"": false}}","{""algo_id"": 66, ""cluster_shape"": 3, ""cta_swizzle"": 0, ""custom"": 0, ""inner_shape"": 0, ""reduction"": 0, ""returned"": 8, ""split_k"": 1, ""stages_id"": 35, ""tile_id"": 165, ""tune_ms"": 0.14989866316318512, ""valid"": 8, ""waves"": 1.9393939971923828, ""workspace_bytes"": 0}",full_v2/teub_formal_auto_cp4.json
a2a_gemm/representative_large/s4096/cp4,representative_large,4096,4,teub,graph,,"[1024, 7168, 16384]",,,0.4812159985303879,0.4952128082513809,,,499.81332563865647,481.2159985303879,495.2128082513809,,,"{""nccl_environment"": {""NCCL_GRAPH_REGISTER"": ""1"", ""NCCL_IB_DISABLE"": ""1"", ""NCCL_LOCAL_REGISTER"": ""1""}, ""operator"": {""chunks"": 2, ""local_first"": false, ""math_sms"": 0, ""pack_block"": 1024, ""pack_warps"": 4, ""push"": true, ""reverse"": false, ""schedule"": ""row_pipeline"", ""sms"": 8, ""streams"": 3, ""use_ce"": false}}","{""algo_id"": 66, ""cluster_shape"": 3, ""cta_swizzle"": 0, ""custom"": 0, ""inner_shape"": 0, ""reduction"": 0, ""returned"": 8, ""split_k"": 1, ""stages_id"": 35, ""tile_id"": 165, ""tune_ms"": 0.14989866316318512, ""valid"": 8, ""waves"": 1.9393939971923828, ""workspace_bytes"": 0}",full_v2/teub_formal_auto_cp4.json
a2a_gemm/representative_large/s4096/cp8,representative_large,4096,8,cublaslt_nccl,eager,,"[512, 7168, 16384]",,,0.41601599752902985,0.4507727980613708,,,289.0732207470177,416.01599752902985,450.77279806137085,,,"{""nccl_environment"": {""NCCL_GRAPH_REGISTER"": ""1"", ""NCCL_IB_DISABLE"": ""1"", ""NCCL_LOCAL_REGISTER"": ""1""}, ""operator"": {""chunks"": 1, ""local_first"": false, ""math_sms"": 0, ""pack_block"": 1024, ""pack_warps"": 4, ""push"": true, ""reverse"": false, ""schedule"": ""full"", ""sms"": 0, ""streams"": 3, ""use_ce"": false}}","{""algo_id"": 66, ""cluster_shape"": 3, ""cta_swizzle"": 0, ""custom"": 0, ""inner_shape"": 0, ""reduction"": 0, ""returned"": 8, ""split_k"": 1, ""stages_id"": 35, ""tile_id"": 165, ""tune_ms"": 0.1523360013961792, ""valid"": 8, ""waves"": 1.9393939971923828, ""workspace_bytes"": 0}",full_v2/cublaslt_nccl_formal_auto_cp8.json
a2a_gemm/representative_large/s4096/cp8,representative_large,4096,8,cublaslt_nccl,graph,,"[512, 7168, 16384]",,,0.3827200084924698,0.4107776045799255,,,314.2220987131018,382.7200084924698,410.77760457992554,,,"{""nccl_environment"": {""NCCL_GRAPH_REGISTER"": ""1"", ""NCCL_IB_DISABLE"": ""1"", ""NCCL_LOCAL_REGISTER"": ""1""}, ""operator"": {""chunks"": 1, ""local_first"": false, ""math_sms"": 0, ""pack_block"": 1024, ""pack_warps"": 4, ""push"": true, ""reverse"": false, ""schedule"": ""full"", ""sms"": 0, ""streams"": 3, ""use_ce"": false}}","{""algo_id"": 66, ""cluster_shape"": 3, ""cta_swizzle"": 0, ""custom"": 0, ""inner_shape"": 0, ""reduction"": 0, ""returned"": 8, ""split_k"": 1, ""stages_id"": 35, ""tile_id"": 165, ""tune_ms"": 0.1523360013961792, ""valid"": 8, ""waves"": 1.9393939971923828, ""workspace_bytes"": 0}",full_v2/cublaslt_nccl_formal_auto_cp8.json
a2a_gemm/representative_large/s4096/cp8,representative_large,4096,8,teub,eager,,"[512, 7168, 16384]",,,0.47971199452877045,0.48839201182127,,,250.69017589633677,479.71199452877045,488.39201182127,,,"{""nccl_environment"": {""NCCL_GRAPH_REGISTER"": ""1"", ""NCCL_IB_DISABLE"": ""1"", ""NCCL_LOCAL_REGISTER"": ""1""}, ""operator"": {""chunks"": 1, ""local_first"": false, ""math_sms"": 0, ""pack_block"": 1024, ""pack_warps"": 4, ""push"": true, ""reverse"": false, ""schedule"": ""full"", ""sms"": 4, ""streams"": 3, ""use_ce"": false}}","{""algo_id"": 66, ""cluster_shape"": 3, ""cta_swizzle"": 0, ""custom"": 0, ""inner_shape"": 0, ""reduction"": 0, ""returned"": 8, ""split_k"": 1, ""stages_id"": 35, ""tile_id"": 165, ""tune_ms"": 0.1533813327550888, ""valid"": 8, ""waves"": 1.9393939971923828, ""workspace_bytes"": 0}",full_v2/teub_formal_auto_cp8.json
a2a_gemm/representative_large/s4096/cp8,representative_large,4096,8,teub,graph,,"[512, 7168, 16384]",,,0.3425599932670593,0.3497951880097389,,,351.0599213325129,342.5599932670593,349.7951880097389,,,"{""nccl_environment"": {""NCCL_GRAPH_REGISTER"": ""1"", ""NCCL_IB_DISABLE"": ""1"", ""NCCL_LOCAL_REGISTER"": ""1""}, ""operator"": {""chunks"": 2, ""local_first"": false, ""math_sms"": 0, ""pack_block"": 1024, ""pack_warps"": 4, ""push"": true, ""reverse"": false, ""schedule"": ""row_pipeline"", ""sms"": 8, ""streams"": 3, ""use_ce"": false}}","{""algo_id"": 66, ""cluster_shape"": 7, ""cta_swizzle"": 0, ""custom"": 1, ""inner_shape"": 0, ""reduction"": 0, ""returned"": 8, ""split_k"": 1, ""stages_id"": 35, ""tile_id"": 20, ""tune_ms"": 0.08667733520269394, ""valid"": 8, ""waves"": 0.8484848737716675, ""workspace_bytes"": 0}",full_v2/teub_formal_auto_cp8.json
a2a_gemm/representative_large/s16384/cp4,representative_large,16384,4,cublaslt_nccl,eager,,"[4096, 7168, 16384]",,,1.792639970779419,1.9477743744850158,,,536.6792495905923,1792.639970779419,1947.7743744850159,,,"{""nccl_environment"": {""NCCL_GRAPH_REGISTER"": ""1"", ""NCCL_IB_DISABLE"": ""1"", ""NCCL_LOCAL_REGISTER"": ""1""}, ""operator"": {""chunks"": 1, ""local_first"": false, ""math_sms"": 0, ""pack_block"": 1024, ""pack_warps"": 4, ""push"": true, ""reverse"": false, ""schedule"": ""full"", ""sms"": 0, ""streams"": 3, ""use_ce"": false}}","{""algo_id"": 66, ""cluster_shape"": 3, ""cta_swizzle"": 0, ""custom"": 4, ""inner_shape"": 0, ""reduction"": 0, ""returned"": 8, ""split_k"": 1, ""stages_id"": 35, ""tile_id"": 23, ""tune_ms"": 1.1352852582931519, ""valid"": 8, ""waves"": 6.78787899017334, ""workspace_bytes"": 4}",full_v2/cublaslt_nccl_formal_auto_cp4.json
a2a_gemm/representative_large/s16384/cp4,representative_large,16384,4,cublaslt_nccl,graph,,"[4096, 7168, 16384]",,,1.7677119970321655,1.7887648284435271,,,544.2474090345238,1767.7119970321655,1788.7648284435272,,,"{""nccl_environment"": {""NCCL_GRAPH_REGISTER"": ""1"", ""NCCL_IB_DISABLE"": ""1"", ""NCCL_LOCAL_REGISTER"": ""1""}, ""operator"": {""chunks"": 1, ""local_first"": false, ""math_sms"": 0, ""pack_block"": 1024, ""pack_warps"": 4, ""push"": true, ""reverse"": false, ""schedule"": ""full"", ""sms"": 0, ""streams"": 3, ""use_ce"": false}}","{""algo_id"": 66, ""cluster_shape"": 3, ""cta_swizzle"": 0, ""custom"": 4, ""inner_shape"": 0, ""reduction"": 0, ""returned"": 8, ""split_k"": 1, ""stages_id"": 35, ""tile_id"": 23, ""tune_ms"": 1.1352852582931519, ""valid"": 8, ""waves"": 6.78787899017334, ""workspace_bytes"": 4}",full_v2/cublaslt_nccl_formal_auto_cp4.json
a2a_gemm/representative_large/s16384/cp4,representative_large,16384,4,teub,eager,,"[4096, 7168, 16384]",,,1.6649439930915833,1.711155217885971,,,577.8408632938798,1664.9439930915833,1711.155217885971,,,"{""nccl_environment"": {""NCCL_GRAPH_REGISTER"": ""1"", ""NCCL_IB_DISABLE"": ""1"", ""NCCL_LOCAL_REGISTER"": ""1""}, ""operator"": {""chunks"": 2, ""local_first"": false, ""math_sms"": 0, ""pack_block"": 1024, ""pack_warps"": 4, ""push"": true, ""reverse"": false, ""schedule"": ""row_pipeline"", ""sms"": 8, ""streams"": 3, ""use_ce"": false}}","{""algo_id"": 66, ""cluster_shape"": 5, ""cta_swizzle"": 0, ""custom"": 2, ""inner_shape"": 0, ""reduction"": 0, ""returned"": 8, ""split_k"": 1, ""stages_id"": 35, ""tile_id"": 201, ""tune_ms"": 0.5628586411476135, ""valid"": 8, ""waves"": 4.969696998596191, ""workspace_bytes"": 4}",full_v2/teub_formal_auto_cp4.json
a2a_gemm/representative_large/s16384/cp4,representative_large,16384,4,teub,graph,,"[4096, 7168, 16384]",,,1.6943199634552002,1.722963160276413,,,567.8223092774402,1694.3199634552002,1722.963160276413,,,"{""nccl_environment"": {""NCCL_GRAPH_REGISTER"": ""1"", ""NCCL_IB_DISABLE"": ""1"", ""NCCL_LOCAL_REGISTER"": ""1""}, ""operator"": {""chunks"": 2, ""local_first"": false, ""math_sms"": 0, ""pack_block"": 1024, ""pack_warps"": 4, ""push"": true, ""reverse"": false, ""schedule"": ""row_pipeline"", ""sms"": 8, ""streams"": 3, ""use_ce"": false}}","{""algo_id"": 66, ""cluster_shape"": 5, ""cta_swizzle"": 0, ""custom"": 2, ""inner_shape"": 0, ""reduction"": 0, ""returned"": 8, ""split_k"": 1, ""stages_id"": 35, ""tile_id"": 201, ""tune_ms"": 0.5628586411476135, ""valid"": 8, ""waves"": 4.969696998596191, ""workspace_bytes"": 4}",full_v2/teub_formal_auto_cp4.json
a2a_gemm/representative_large/s16384/cp8,representative_large,16384,8,cublaslt_nccl,eager,,"[2048, 7168, 16384]",,,1.097711980342865,1.1196479737758636,,,438.2172607806928,1097.711980342865,1119.6479737758636,,,"{""nccl_environment"": {""NCCL_GRAPH_REGISTER"": ""1"", ""NCCL_IB_DISABLE"": ""1"", ""NCCL_LOCAL_REGISTER"": ""1"", ""NCCL_MAX_P2P_NCHANNELS"": ""24"", ""NCCL_MIN_P2P_NCHANNELS"": ""24"", ""NCCL_P2P_LL_THRESHOLD"": ""65536"", ""NCCL_P2P_NVL_CHUNKSIZE"": ""131072""}, ""operator"": {""chunks"": 1, ""local_first"": false, ""math_sms"": 0, ""pack_block"": 1024, ""pack_warps"": 4, ""push"": true, ""reverse"": false, ""schedule"": ""full"", ""sms"": 0, ""streams"": 3, ""use_ce"": false}}","{""algo_id"": 66, ""cluster_shape"": 5, ""cta_swizzle"": 0, ""custom"": 2, ""inner_shape"": 0, ""reduction"": 0, ""returned"": 8, ""split_k"": 1, ""stages_id"": 35, ""tile_id"": 201, ""tune_ms"": 0.5714240074157715, ""valid"": 8, ""waves"": 4.969696998596191, ""workspace_bytes"": 4}",full_v2/cublaslt_nccl_formal_ch24_chunk128_ll64_cp8.json
a2a_gemm/representative_large/s16384/cp8,representative_large,16384,8,cublaslt_nccl,graph,,"[2048, 7168, 16384]",,,1.0576480031013489,1.0797935664653777,,,454.8170428549514,1057.6480031013489,1079.7935664653778,,,"{""nccl_environment"": {""NCCL_GRAPH_REGISTER"": ""1"", ""NCCL_IB_DISABLE"": ""1"", ""NCCL_LOCAL_REGISTER"": ""1"", ""NCCL_MAX_P2P_NCHANNELS"": ""24"", ""NCCL_MIN_P2P_NCHANNELS"": ""24"", ""NCCL_P2P_LL_THRESHOLD"": ""65536"", ""NCCL_P2P_NVL_CHUNKSIZE"": ""131072""}, ""operator"": {""chunks"": 1, ""local_first"": false, ""math_sms"": 0, ""pack_block"": 1024, ""pack_warps"": 4, ""push"": true, ""reverse"": false, ""schedule"": ""full"", ""sms"": 0, ""streams"": 3, ""use_ce"": false}}","{""algo_id"": 66, ""cluster_shape"": 5, ""cta_swizzle"": 0, ""custom"": 2, ""inner_shape"": 0, ""reduction"": 0, ""returned"": 8, ""split_k"": 1, ""stages_id"": 35, ""tile_id"": 201, ""tune_ms"": 0.5714240074157715, ""valid"": 8, ""waves"": 4.969696998596191, ""workspace_bytes"": 4}",full_v2/cublaslt_nccl_formal_ch24_chunk128_ll64_cp8.json
a2a_gemm/representative_large/s16384/cp8,representative_large,16384,8,teub,eager,,"[2048, 7168, 16384]",,,1.070751965045929,1.1525568366050718,,,449.2509496644878,1070.751965045929,1152.5568366050718,,,"{""nccl_environment"": {""NCCL_GRAPH_REGISTER"": ""1"", ""NCCL_IB_DISABLE"": ""1"", ""NCCL_LOCAL_REGISTER"": ""1""}, ""operator"": {""chunks"": 1, ""local_first"": false, ""math_sms"": 0, ""pack_block"": 1024, ""pack_warps"": 4, ""push"": true, ""reverse"": false, ""schedule"": ""full"", ""sms"": 16, ""streams"": 3, ""use_ce"": false}}","{""algo_id"": 66, ""cluster_shape"": 5, ""cta_swizzle"": 0, ""custom"": 2, ""inner_shape"": 0, ""reduction"": 0, ""returned"": 8, ""split_k"": 1, ""stages_id"": 35, ""tile_id"": 201, ""tune_ms"": 0.5610933303833008, ""valid"": 8, ""waves"": 4.969696998596191, ""workspace_bytes"": 4}",full_v2/teub_formal_auto_cp8.json
a2a_gemm/representative_large/s16384/cp8,representative_large,16384,8,teub,graph,,"[2048, 7168, 16384]",,,1.0461440086364746,1.1372239768505097,,,459.81846971429314,1046.1440086364746,1137.2239768505096,,,"{""nccl_environment"": {""NCCL_GRAPH_REGISTER"": ""1"", ""NCCL_IB_DISABLE"": ""1"", ""NCCL_LOCAL_REGISTER"": ""1""}, ""operator"": {""chunks"": 1, ""local_first"": false, ""math_sms"": 0, ""pack_block"": 1024, ""pack_warps"": 4, ""push"": true, ""reverse"": false, ""schedule"": ""full"", ""sms"": 16, ""streams"": 3, ""use_ce"": false}}","{""algo_id"": 66, ""cluster_shape"": 5, ""cta_swizzle"": 0, ""custom"": 2, ""inner_shape"": 0, ""reduction"": 0, ""returned"": 8, ""split_k"": 1, ""stages_id"": 35, ""tile_id"": 201, ""tune_ms"": 0.5610933303833008, ""valid"": 8, ""waves"": 4.969696998596191, ""workspace_bytes"": 4}",full_v2/teub_formal_auto_cp8.json
a2a_gemm/representative_large/s131072/cp4,representative_large,131072,4,cublaslt_nccl,eager,,"[32768, 7168, 16384]",,,13.64843225479126,14.254347276687621,,,563.9168844267903,13648.43225479126,14254.347276687622,,,"{""nccl_environment"": {""NCCL_GRAPH_REGISTER"": ""1"", ""NCCL_IB_DISABLE"": ""1"", ""NCCL_LOCAL_REGISTER"": ""1"", ""NCCL_MAX_P2P_NCHANNELS"": ""24"", ""NCCL_MIN_P2P_NCHANNELS"": ""24"", ""NCCL_P2P_LL_THRESHOLD"": ""65536"", ""NCCL_P2P_NVL_CHUNKSIZE"": ""131072""}, ""operator"": {""chunks"": 1, ""local_first"": false, ""math_sms"": 0, ""pack_block"": 1024, ""pack_warps"": 4, ""push"": true, ""reverse"": false, ""schedule"": ""full"", ""sms"": 0, ""streams"": 3, ""use_ce"": false}}","{""algo_id"": 66, ""cluster_shape"": 3, ""cta_swizzle"": 0, ""custom"": 4, ""inner_shape"": 0, ""reduction"": 0, ""returned"": 8, ""split_k"": 1, ""stages_id"": 35, ""tile_id"": 23, ""tune_ms"": 10.273087501525879, ""valid"": 8, ""waves"": 54.30303192138672, ""workspace_bytes"": 4}",full_v2/cublaslt_nccl_formal_ch24_chunk128_ll64_cp4.json
a2a_gemm/representative_large/s131072/cp4,representative_large,131072,4,cublaslt_nccl,graph,,"[32768, 7168, 16384]",,,13.69158411026001,14.30209584236145,,,562.1395838823678,13691.58411026001,14302.09584236145,,,"{""nccl_environment"": {""NCCL_GRAPH_REGISTER"": ""1"", ""NCCL_IB_DISABLE"": ""1"", ""NCCL_LOCAL_REGISTER"": ""1"", ""NCCL_MAX_P2P_NCHANNELS"": ""24"", ""NCCL_MIN_P2P_NCHANNELS"": ""24"", ""NCCL_P2P_LL_THRESHOLD"": ""65536"", ""NCCL_P2P_NVL_CHUNKSIZE"": ""131072""}, ""operator"": {""chunks"": 1, ""local_first"": false, ""math_sms"": 0, ""pack_block"": 1024, ""pack_warps"": 4, ""push"": true, ""reverse"": false, ""schedule"": ""full"", ""sms"": 0, ""streams"": 3, ""use_ce"": false}}","{""algo_id"": 66, ""cluster_shape"": 3, ""cta_swizzle"": 0, ""custom"": 4, ""inner_shape"": 0, ""reduction"": 0, ""returned"": 8, ""split_k"": 1, ""stages_id"": 35, ""tile_id"": 23, ""tune_ms"": 10.273087501525879, ""valid"": 8, ""waves"": 54.30303192138672, ""workspace_bytes"": 4}",full_v2/cublaslt_nccl_formal_ch24_chunk128_ll64_cp4.json
a2a_gemm/representative_large/s131072/cp4,representative_large,131072,4,teub,eager,,"[32768, 7168, 16384]",,,12.852288246154785,13.329820823669433,,,598.8491113039504,12852.288246154785,13329.820823669434,,,"{""nccl_environment"": {""NCCL_GRAPH_REGISTER"": ""1"", ""NCCL_IB_DISABLE"": ""1"", ""NCCL_LOCAL_REGISTER"": ""1""}, ""operator"": {""chunks"": 4, ""local_first"": false, ""math_sms"": 0, ""pack_block"": 1024, ""pack_warps"": 4, ""push"": true, ""reverse"": false, ""schedule"": ""row_pipeline"", ""sms"": 8, ""streams"": 3, ""use_ce"": false}}","{""algo_id"": 66, ""cluster_shape"": 5, ""cta_swizzle"": 0, ""custom"": 7, ""inner_shape"": 0, ""reduction"": 0, ""returned"": 8, ""split_k"": 1, ""stages_id"": 35, ""tile_id"": 24, ""tune_ms"": 2.277205228805542, ""valid"": 8, ""waves"": 13.57575798034668, ""workspace_bytes"": 4}",full_v2/teub_formal_auto_cp4.json
a2a_gemm/representative_large/s131072/cp4,representative_large,131072,4,teub,graph,,"[32768, 7168, 16384]",,,12.883360385894775,13.370331287384033,,,597.4048046392096,12883.360385894775,13370.331287384033,,,"{""nccl_environment"": {""NCCL_GRAPH_REGISTER"": ""1"", ""NCCL_IB_DISABLE"": ""1"", ""NCCL_LOCAL_REGISTER"": ""1""}, ""operator"": {""chunks"": 4, ""local_first"": false, ""math_sms"": 0, ""pack_block"": 1024, ""pack_warps"": 4, ""push"": true, ""reverse"": false, ""schedule"": ""row_pipeline"", ""sms"": 8, ""streams"": 3, ""use_ce"": false}}","{""algo_id"": 66, ""cluster_shape"": 5, ""cta_swizzle"": 0, ""custom"": 7, ""inner_shape"": 0, ""reduction"": 0, ""returned"": 8, ""split_k"": 1, ""stages_id"": 35, ""tile_id"": 24, ""tune_ms"": 2.277205228805542, ""valid"": 8, ""waves"": 13.57575798034668, ""workspace_bytes"": 4}",full_v2/teub_formal_auto_cp4.json
a2a_gemm/representative_large/s131072/cp8,representative_large,131072,8,cublaslt_nccl,eager,,"[16384, 7168, 16384]",,,7.444976091384888,8.110734128952027,,,516.8976568869216,7444.976091384888,8110.734128952026,,,"{""nccl_environment"": {""NCCL_GRAPH_REGISTER"": ""1"", ""NCCL_IB_DISABLE"": ""1"", ""NCCL_LOCAL_REGISTER"": ""1"", ""NCCL_MAX_P2P_NCHANNELS"": ""24"", ""NCCL_MIN_P2P_NCHANNELS"": ""24"", ""NCCL_P2P_LL_THRESHOLD"": ""65536"", ""NCCL_P2P_NVL_CHUNKSIZE"": ""131072""}, ""operator"": {""chunks"": 1, ""local_first"": false, ""math_sms"": 0, ""pack_block"": 1024, ""pack_warps"": 4, ""push"": true, ""reverse"": false, ""schedule"": ""full"", ""sms"": 0, ""streams"": 3, ""use_ce"": false}}","{""algo_id"": 66, ""cluster_shape"": 3, ""cta_swizzle"": 0, ""custom"": 4, ""inner_shape"": 0, ""reduction"": 0, ""returned"": 8, ""split_k"": 1, ""stages_id"": 35, ""tile_id"": 209, ""tune_ms"": 4.6207146644592285, ""valid"": 8, ""waves"": 24.75757598876953, ""workspace_bytes"": 4}",full_v2/cublaslt_nccl_formal_ch24_chunk128_ll64_cp8.json
a2a_gemm/representative_large/s131072/cp8,representative_large,131072,8,cublaslt_nccl,graph,,"[16384, 7168, 16384]",,,7.425120115280151,7.495012712478638,,,518.2799251013602,7425.120115280151,7495.012712478638,,,"{""nccl_environment"": {""NCCL_GRAPH_REGISTER"": ""1"", ""NCCL_IB_DISABLE"": ""1"", ""NCCL_LOCAL_REGISTER"": ""1"", ""NCCL_MAX_P2P_NCHANNELS"": ""24"", ""NCCL_MIN_P2P_NCHANNELS"": ""24"", ""NCCL_P2P_LL_THRESHOLD"": ""65536"", ""NCCL_P2P_NVL_CHUNKSIZE"": ""131072""}, ""operator"": {""chunks"": 1, ""local_first"": false, ""math_sms"": 0, ""pack_block"": 1024, ""pack_warps"": 4, ""push"": true, ""reverse"": false, ""schedule"": ""full"", ""sms"": 0, ""streams"": 3, ""use_ce"": false}}","{""algo_id"": 66, ""cluster_shape"": 3, ""cta_swizzle"": 0, ""custom"": 4, ""inner_shape"": 0, ""reduction"": 0, ""returned"": 8, ""split_k"": 1, ""stages_id"": 35, ""tile_id"": 209, ""tune_ms"": 4.6207146644592285, ""valid"": 8, ""waves"": 24.75757598876953, ""workspace_bytes"": 4}",full_v2/cublaslt_nccl_formal_ch24_chunk128_ll64_cp8.json
a2a_gemm/representative_large/s131072/cp8,representative_large,131072,8,teub,eager,,"[16384, 7168, 16384]",,,7.124399900436401,8.18237109184265,,,540.1564694565046,7124.399900436401,8182.371091842651,,,"{""nccl_environment"": {""NCCL_GRAPH_REGISTER"": ""1"", ""NCCL_IB_DISABLE"": ""1"", ""NCCL_LOCAL_REGISTER"": ""1""}, ""operator"": {""chunks"": 4, ""local_first"": false, ""math_sms"": 0, ""pack_block"": 1024, ""pack_warps"": 4, ""push"": true, ""reverse"": false, ""schedule"": ""row_pipeline"", ""sms"": 8, ""streams"": 3, ""use_ce"": false}}","{""algo_id"": 66, ""cluster_shape"": 3, ""cta_swizzle"": 0, ""custom"": 4, ""inner_shape"": 0, ""reduction"": 0, ""returned"": 8, ""split_k"": 1, ""stages_id"": 35, ""tile_id"": 23, ""tune_ms"": 1.1193066835403442, ""valid"": 8, ""waves"": 6.78787899017334, ""workspace_bytes"": 4}",full_v2/teub_formal_auto_cp8.json
a2a_gemm/representative_large/s131072/cp8,representative_large,131072,8,teub,graph,,"[16384, 7168, 16384]",,,7.436704158782959,7.598771166801453,,,517.4726081675657,7436.704158782959,7598.771166801453,,,"{""nccl_environment"": {""NCCL_GRAPH_REGISTER"": ""1"", ""NCCL_IB_DISABLE"": ""1"", ""NCCL_LOCAL_REGISTER"": ""1""}, ""operator"": {""chunks"": 1, ""local_first"": false, ""math_sms"": 0, ""pack_block"": 512, ""pack_warps"": 4, ""push"": true, ""reverse"": false, ""schedule"": ""full"", ""sms"": 4, ""streams"": 1, ""use_ce"": true}}","{""algo_id"": 66, ""cluster_shape"": 3, ""cta_swizzle"": 0, ""custom"": 4, ""inner_shape"": 0, ""reduction"": 0, ""returned"": 8, ""split_k"": 1, ""stages_id"": 35, ""tile_id"": 209, ""tune_ms"": 4.713258743286133, ""valid"": 8, ""waves"": 24.75757598876953, ""workspace_bytes"": 4}",full_v2/teub_formal_auto_cp8.json
a2a_gemm/representative_large/s262144/cp4,representative_large,262144,4,cublaslt_nccl,eager,,"[65536, 7168, 16384]",,,27.85155200958252,31.44137907028198,,,552.6859969443669,27851.55200958252,31441.37907028198,,,"{""nccl_environment"": {""NCCL_GRAPH_REGISTER"": ""1"", ""NCCL_IB_DISABLE"": ""1"", ""NCCL_LOCAL_REGISTER"": ""1""}, ""operator"": {""chunks"": 1, ""local_first"": false, ""math_sms"": 0, ""pack_block"": 1024, ""pack_warps"": 4, ""push"": true, ""reverse"": false, ""schedule"": ""full"", ""sms"": 0, ""streams"": 3, ""use_ce"": false}}","{""algo_id"": 66, ""cluster_shape"": 5, ""cta_swizzle"": 0, ""custom"": 7, ""inner_shape"": 0, ""reduction"": 0, ""returned"": 8, ""split_k"": 1, ""stages_id"": 35, ""tile_id"": 24, ""tune_ms"": 20.712709426879883, ""valid"": 8, ""waves"": 108.60606384277344, ""workspace_bytes"": 4}",full_v2/cublaslt_nccl_formal_auto_cp4.json
a2a_gemm/representative_large/s262144/cp4,representative_large,262144,4,cublaslt_nccl,graph,,"[65536, 7168, 16384]",,,28.182448387145996,29.26693754196167,,,546.1967880649013,28182.448387145996,29266.93754196167,,,"{""nccl_environment"": {""NCCL_GRAPH_REGISTER"": ""1"", ""NCCL_IB_DISABLE"": ""1"", ""NCCL_LOCAL_REGISTER"": ""1""}, ""operator"": {""chunks"": 1, ""local_first"": false, ""math_sms"": 0, ""pack_block"": 1024, ""pack_warps"": 4, ""push"": true, ""reverse"": false, ""schedule"": ""full"", ""sms"": 0, ""streams"": 3, ""use_ce"": false}}","{""algo_id"": 66, ""cluster_shape"": 5, ""cta_swizzle"": 0, ""custom"": 7, ""inner_shape"": 0, ""reduction"": 0, ""returned"": 8, ""split_k"": 1, ""stages_id"": 35, ""tile_id"": 24, ""tune_ms"": 20.712709426879883, ""valid"": 8, ""waves"": 108.60606384277344, ""workspace_bytes"": 4}",full_v2/cublaslt_nccl_formal_auto_cp4.json
a2a_gemm/representative_large/s262144/cp4,representative_large,262144,4,teub,eager,,"[65536, 7168, 16384]",,,25.742287635803223,30.796234035491935,,,597.9718277817191,25742.287635803223,30796.234035491936,,,"{""nccl_environment"": {""NCCL_GRAPH_REGISTER"": ""1"", ""NCCL_IB_DISABLE"": ""1"", ""NCCL_LOCAL_REGISTER"": ""1""}, ""operator"": {""chunks"": 4, ""local_first"": false, ""math_sms"": 0, ""pack_block"": 1024, ""pack_warps"": 4, ""push"": true, ""reverse"": false, ""schedule"": ""row_pipeline"", ""sms"": 8, ""streams"": 3, ""use_ce"": false}}","{""algo_id"": 66, ""cluster_shape"": 3, ""cta_swizzle"": 0, ""custom"": 4, ""inner_shape"": 0, ""reduction"": 0, ""returned"": 8, ""split_k"": 1, ""stages_id"": 35, ""tile_id"": 209, ""tune_ms"": 4.740746974945068, ""valid"": 8, ""waves"": 24.75757598876953, ""workspace_bytes"": 4}",full_v2/teub_formal_auto_cp4.json
a2a_gemm/representative_large/s262144/cp4,representative_large,262144,4,teub,graph,,"[65536, 7168, 16384]",,,26.39689540863037,27.625014209747313,,,583.1429245967789,26396.89540863037,27625.014209747314,,,"{""nccl_environment"": {""NCCL_GRAPH_REGISTER"": ""1"", ""NCCL_IB_DISABLE"": ""1"", ""NCCL_LOCAL_REGISTER"": ""1""}, ""operator"": {""chunks"": 4, ""local_first"": false, ""math_sms"": 0, ""pack_block"": 1024, ""pack_warps"": 4, ""push"": true, ""reverse"": false, ""schedule"": ""row_pipeline"", ""sms"": 8, ""streams"": 3, ""use_ce"": false}}","{""algo_id"": 66, ""cluster_shape"": 3, ""cta_swizzle"": 0, ""custom"": 4, ""inner_shape"": 0, ""reduction"": 0, ""returned"": 8, ""split_k"": 1, ""stages_id"": 35, ""tile_id"": 209, ""tune_ms"": 4.740746974945068, ""valid"": 8, ""waves"": 24.75757598876953, ""workspace_bytes"": 4}",full_v2/teub_formal_auto_cp4.json
a2a_gemm/representative_large/s262144/cp8,representative_large,262144,8,cublaslt_nccl,eager,,"[32768, 7168, 16384]",,,14.664159774780273,15.145658874511719,,,524.856624084848,14664.159774780273,15145.658874511719,,,"{""nccl_environment"": {""NCCL_GRAPH_REGISTER"": ""1"", ""NCCL_IB_DISABLE"": ""1"", ""NCCL_LOCAL_REGISTER"": ""1"", ""NCCL_MAX_P2P_NCHANNELS"": ""24"", ""NCCL_MIN_P2P_NCHANNELS"": ""24"", ""NCCL_P2P_LL_THRESHOLD"": ""65536"", ""NCCL_P2P_NVL_CHUNKSIZE"": ""131072""}, ""operator"": {""chunks"": 1, ""local_first"": false, ""math_sms"": 0, ""pack_block"": 1024, ""pack_warps"": 4, ""push"": true, ""reverse"": false, ""schedule"": ""full"", ""sms"": 0, ""streams"": 3, ""use_ce"": false}}","{""algo_id"": 66, ""cluster_shape"": 3, ""cta_swizzle"": 0, ""custom"": 4, ""inner_shape"": 0, ""reduction"": 0, ""returned"": 8, ""split_k"": 1, ""stages_id"": 35, ""tile_id"": 23, ""tune_ms"": 10.344922065734863, ""valid"": 8, ""waves"": 54.30303192138672, ""workspace_bytes"": 4}",full_v2/cublaslt_nccl_formal_ch24_chunk128_ll64_cp8.json
a2a_gemm/representative_large/s262144/cp8,representative_large,262144,8,cublaslt_nccl,graph,,"[32768, 7168, 16384]",,,14.647712230682373,14.955339050292967,,,525.4459722597547,14647.712230682373,14955.339050292967,,,"{""nccl_environment"": {""NCCL_GRAPH_REGISTER"": ""1"", ""NCCL_IB_DISABLE"": ""1"", ""NCCL_LOCAL_REGISTER"": ""1"", ""NCCL_MAX_P2P_NCHANNELS"": ""24"", ""NCCL_MIN_P2P_NCHANNELS"": ""24"", ""NCCL_P2P_LL_THRESHOLD"": ""65536"", ""NCCL_P2P_NVL_CHUNKSIZE"": ""131072""}, ""operator"": {""chunks"": 1, ""local_first"": false, ""math_sms"": 0, ""pack_block"": 1024, ""pack_warps"": 4, ""push"": true, ""reverse"": false, ""schedule"": ""full"", ""sms"": 0, ""streams"": 3, ""use_ce"": false}}","{""algo_id"": 66, ""cluster_shape"": 3, ""cta_swizzle"": 0, ""custom"": 4, ""inner_shape"": 0, ""reduction"": 0, ""returned"": 8, ""split_k"": 1, ""stages_id"": 35, ""tile_id"": 23, ""tune_ms"": 10.344922065734863, ""valid"": 8, ""waves"": 54.30303192138672, ""workspace_bytes"": 4}",full_v2/cublaslt_nccl_formal_ch24_chunk128_ll64_cp8.json
a2a_gemm/representative_large/s262144/cp8,representative_large,262144,8,teub,eager,,"[32768, 7168, 16384]",,,14.17142391204834,16.62643337249756,,,543.1057205118589,14171.42391204834,16626.43337249756,,,"{""nccl_environment"": {""NCCL_GRAPH_REGISTER"": ""1"", ""NCCL_IB_DISABLE"": ""1"", ""NCCL_LOCAL_REGISTER"": ""1""}, ""operator"": {""chunks"": 4, ""local_first"": false, ""math_sms"": 0, ""pack_block"": 1024, ""pack_warps"": 4, ""push"": true, ""reverse"": false, ""schedule"": ""row_pipeline"", ""sms"": 8, ""streams"": 3, ""use_ce"": false}}","{""algo_id"": 66, ""cluster_shape"": 5, ""cta_swizzle"": 0, ""custom"": 7, ""inner_shape"": 0, ""reduction"": 0, ""returned"": 8, ""split_k"": 1, ""stages_id"": 35, ""tile_id"": 24, ""tune_ms"": 2.2813332080841064, ""valid"": 8, ""waves"": 13.57575798034668, ""workspace_bytes"": 4}",full_v2/teub_formal_auto_cp8.json
a2a_gemm/representative_large/s262144/cp8,representative_large,262144,8,teub,graph,,"[32768, 7168, 16384]",,,14.055408000946045,16.405177211761476,,,547.588614568425,14055.408000946045,16405.177211761475,,,"{""nccl_environment"": {""NCCL_GRAPH_REGISTER"": ""1"", ""NCCL_IB_DISABLE"": ""1"", ""NCCL_LOCAL_REGISTER"": ""1""}, ""operator"": {""chunks"": 4, ""local_first"": false, ""math_sms"": 0, ""pack_block"": 1024, ""pack_warps"": 4, ""push"": true, ""reverse"": false, ""schedule"": ""row_pipeline"", ""sms"": 8, ""streams"": 3, ""use_ce"": false}}","{""algo_id"": 66, ""cluster_shape"": 5, ""cta_swizzle"": 0, ""custom"": 7, ""inner_shape"": 0, ""reduction"": 0, ""returned"": 8, ""split_k"": 1, ""stages_id"": 35, ""tile_id"": 24, ""tune_ms"": 2.2813332080841064, ""valid"": 8, ""waves"": 13.57575798034668, ""workspace_bytes"": 4}",full_v2/teub_formal_auto_cp8.json
a2a_gemm/representative_large/s524288/cp4,representative_large,524288,4,cublaslt_nccl,eager,,"[131072, 7168, 16384]",,,56.85273551940918,59.03132801055908,,,541.5100134841838,56852.73551940918,59031.32801055908,,,"{""nccl_environment"": {""NCCL_GRAPH_REGISTER"": ""1"", ""NCCL_IB_DISABLE"": ""1"", ""NCCL_LOCAL_REGISTER"": ""1"", ""NCCL_MAX_P2P_NCHANNELS"": ""24"", ""NCCL_MIN_P2P_NCHANNELS"": ""24"", ""NCCL_P2P_LL_THRESHOLD"": ""65536"", ""NCCL_P2P_NVL_CHUNKSIZE"": ""131072""}, ""operator"": {""chunks"": 1, ""local_first"": false, ""math_sms"": 0, ""pack_block"": 1024, ""pack_warps"": 4, ""push"": true, ""reverse"": false, ""schedule"": ""full"", ""sms"": 0, ""streams"": 3, ""use_ce"": false}}","{""algo_id"": 66, ""cluster_shape"": 3, ""cta_swizzle"": 0, ""custom"": 4, ""inner_shape"": 0, ""reduction"": 0, ""returned"": 8, ""split_k"": 1, ""stages_id"": 35, ""tile_id"": 209, ""tune_ms"": 41.88608169555664, ""valid"": 8, ""waves"": 196.6212158203125, ""workspace_bytes"": 4}",full_v2/cublaslt_nccl_formal_ch24_chunk128_ll64_cp4.json
a2a_gemm/representative_large/s524288/cp4,representative_large,524288,4,cublaslt_nccl,graph,,"[131072, 7168, 16384]",,,57.18916893005371,59.08005981445312,,,538.3244092143007,57189.16893005371,59080.059814453125,,,"{""nccl_environment"": {""NCCL_GRAPH_REGISTER"": ""1"", ""NCCL_IB_DISABLE"": ""1"", ""NCCL_LOCAL_REGISTER"": ""1"", ""NCCL_MAX_P2P_NCHANNELS"": ""32"", ""NCCL_MIN_P2P_NCHANNELS"": ""32"", ""NCCL_P2P_LL_THRESHOLD"": ""65536"", ""NCCL_P2P_NVL_CHUNKSIZE"": ""524288""}, ""operator"": {""chunks"": 1, ""local_first"": false, ""math_sms"": 0, ""pack_block"": 1024, ""pack_warps"": 4, ""push"": true, ""reverse"": false, ""schedule"": ""full"", ""sms"": 0, ""streams"": 3, ""use_ce"": false}}","{""algo_id"": 66, ""cluster_shape"": 3, ""cta_swizzle"": 0, ""custom"": 4, ""inner_shape"": 0, ""reduction"": 0, ""returned"": 8, ""split_k"": 1, ""stages_id"": 35, ""tile_id"": 23, ""tune_ms"": 42.1395149230957, ""valid"": 8, ""waves"": 217.21212768554688, ""workspace_bytes"": 4}",full_v2/cublaslt_nccl_formal_ch32_chunk512_ll64_cp4.json
a2a_gemm/representative_large/s524288/cp4,representative_large,524288,4,teub,eager,,"[131072, 7168, 16384]",,,52.49731254577637,57.55652847290039,,,586.4362209186057,52497.31254577637,57556.52847290039,,,"{""nccl_environment"": {""NCCL_GRAPH_REGISTER"": ""1"", ""NCCL_IB_DISABLE"": ""1"", ""NCCL_LOCAL_REGISTER"": ""1""}, ""operator"": {""chunks"": 4, ""local_first"": false, ""math_sms"": 0, ""pack_block"": 1024, ""pack_warps"": 4, ""push"": true, ""reverse"": false, ""schedule"": ""row_pipeline"", ""sms"": 8, ""streams"": 3, ""use_ce"": false}}","{""algo_id"": 66, ""cluster_shape"": 5, ""cta_swizzle"": 0, ""custom"": 7, ""inner_shape"": 0, ""reduction"": 0, ""returned"": 8, ""split_k"": 1, ""stages_id"": 35, ""tile_id"": 24, ""tune_ms"": 10.345210075378418, ""valid"": 8, ""waves"": 54.30303192138672, ""workspace_bytes"": 4}",full_v2/teub_formal_auto_cp4.json
a2a_gemm/representative_large/s524288/cp4,representative_large,524288,4,teub,graph,,"[131072, 7168, 16384]",,,53.15523147583008,54.974488258361816,,,579.1777163406142,53155.23147583008,54974.48825836182,,,"{""nccl_environment"": {""NCCL_GRAPH_REGISTER"": ""1"", ""NCCL_IB_DISABLE"": ""1"", ""NCCL_LOCAL_REGISTER"": ""1""}, ""operator"": {""chunks"": 4, ""local_first"": false, ""math_sms"": 0, ""pack_block"": 1024, ""pack_warps"": 4, ""push"": true, ""reverse"": false, ""schedule"": ""row_pipeline"", ""sms"": 8, ""streams"": 3, ""use_ce"": false}}","{""algo_id"": 66, ""cluster_shape"": 5, ""cta_swizzle"": 0, ""custom"": 7, ""inner_shape"": 0, ""reduction"": 0, ""returned"": 8, ""split_k"": 1, ""stages_id"": 35, ""tile_id"": 24, ""tune_ms"": 10.345210075378418, ""valid"": 8, ""waves"": 54.30303192138672, ""workspace_bytes"": 4}",full_v2/teub_formal_auto_cp4.json
a2a_gemm/representative_large/s524288/cp8,representative_large,524288,8,cublaslt_nccl,eager,,"[65536, 7168, 16384]",,,29.256239891052246,30.6099102973938,,,526.1497323711739,29256.239891052246,30609.9102973938,,,"{""nccl_environment"": {""NCCL_GRAPH_REGISTER"": ""1"", ""NCCL_IB_DISABLE"": ""1"", ""NCCL_LOCAL_REGISTER"": ""1"", ""NCCL_MAX_P2P_NCHANNELS"": ""24"", ""NCCL_MIN_P2P_NCHANNELS"": ""24"", ""NCCL_P2P_LL_THRESHOLD"": ""65536"", ""NCCL_P2P_NVL_CHUNKSIZE"": ""131072""}, ""operator"": {""chunks"": 1, ""local_first"": false, ""math_sms"": 0, ""pack_block"": 1024, ""pack_warps"": 4, ""push"": true, ""reverse"": false, ""schedule"": ""full"", ""sms"": 0, ""streams"": 3, ""use_ce"": false}}","{""algo_id"": 66, ""cluster_shape"": 5, ""cta_swizzle"": 0, ""custom"": 7, ""inner_shape"": 0, ""reduction"": 0, ""returned"": 8, ""split_k"": 1, ""stages_id"": 35, ""tile_id"": 24, ""tune_ms"": 20.71134376525879, ""valid"": 8, ""waves"": 108.60606384277344, ""workspace_bytes"": 4}",full_v2/cublaslt_nccl_formal_ch24_chunk128_ll64_cp8.json
a2a_gemm/representative_large/s524288/cp8,representative_large,524288,8,cublaslt_nccl,graph,,"[65536, 7168, 16384]",,,29.28427219390869,30.592955112457275,,,525.6460767382797,29284.27219390869,30592.955112457275,,,"{""nccl_environment"": {""NCCL_GRAPH_REGISTER"": ""1"", ""NCCL_IB_DISABLE"": ""1"", ""NCCL_LOCAL_REGISTER"": ""1"", ""NCCL_MAX_P2P_NCHANNELS"": ""24"", ""NCCL_MIN_P2P_NCHANNELS"": ""24"", ""NCCL_P2P_LL_THRESHOLD"": ""65536"", ""NCCL_P2P_NVL_CHUNKSIZE"": ""131072""}, ""operator"": {""chunks"": 1, ""local_first"": false, ""math_sms"": 0, ""pack_block"": 1024, ""pack_warps"": 4, ""push"": true, ""reverse"": false, ""schedule"": ""full"", ""sms"": 0, ""streams"": 3, ""use_ce"": false}}","{""algo_id"": 66, ""cluster_shape"": 5, ""cta_swizzle"": 0, ""custom"": 7, ""inner_shape"": 0, ""reduction"": 0, ""returned"": 8, ""split_k"": 1, ""stages_id"": 35, ""tile_id"": 24, ""tune_ms"": 20.71134376525879, ""valid"": 8, ""waves"": 108.60606384277344, ""workspace_bytes"": 4}",full_v2/cublaslt_nccl_formal_ch24_chunk128_ll64_cp8.json
a2a_gemm/representative_large/s524288/cp8,representative_large,524288,8,teub,eager,,"[65536, 7168, 16384]",,,31.585424423217773,33.200655174255374,,,487.35019617304283,31585.424423217773,33200.65517425537,,,"{""nccl_environment"": {""NCCL_GRAPH_REGISTER"": ""1"", ""NCCL_IB_DISABLE"": ""1"", ""NCCL_LOCAL_REGISTER"": ""1""}, ""operator"": {""chunks"": 4, ""local_first"": false, ""math_sms"": 0, ""pack_block"": 1024, ""pack_warps"": 4, ""push"": true, ""reverse"": false, ""schedule"": ""row_pipeline"", ""sms"": 8, ""streams"": 3, ""use_ce"": false}}","{""algo_id"": 66, ""cluster_shape"": 3, ""cta_swizzle"": 0, ""custom"": 4, ""inner_shape"": 0, ""reduction"": 0, ""returned"": 8, ""split_k"": 1, ""stages_id"": 35, ""tile_id"": 209, ""tune_ms"": 4.518341541290283, ""valid"": 8, ""waves"": 24.75757598876953, ""workspace_bytes"": 4}",full_v2/teub_formal_auto_cp8.json
a2a_gemm/representative_large/s524288/cp8,representative_large,524288,8,teub,graph,,"[65536, 7168, 16384]",,,29.913759231567383,30.44895181655884,,,514.5846989575255,29913.759231567383,30448.951816558838,,,"{""nccl_environment"": {""NCCL_GRAPH_REGISTER"": ""1"", ""NCCL_IB_DISABLE"": ""1"", ""NCCL_LOCAL_REGISTER"": ""1""}, ""operator"": {""chunks"": 1, ""local_first"": false, ""math_sms"": 0, ""pack_block"": 1024, ""pack_warps"": 4, ""push"": true, ""reverse"": false, ""schedule"": ""full"", ""sms"": 16, ""streams"": 3, ""use_ce"": false}}","{""algo_id"": 66, ""cluster_shape"": 5, ""cta_swizzle"": 0, ""custom"": 7, ""inner_shape"": 0, ""reduction"": 0, ""returned"": 8, ""split_k"": 1, ""stages_id"": 35, ""tile_id"": 24, ""tune_ms"": 20.79817008972168, ""valid"": 8, ""waves"": 108.60606384277344, ""workspace_bytes"": 4}",full_v2/teub_formal_auto_cp8.json
a2a_gemm/production_qwen_dense/s1024/cp4,production_qwen_dense,1024,4,cublaslt_nccl,eager,,"[256, 2048, 2048]",,,0.13204799592494965,0.17471039965748777,,,16.262902234582466,132.04799592494965,174.71039965748778,,,"{""nccl_environment"": {""NCCL_GRAPH_REGISTER"": ""1"", ""NCCL_IB_DISABLE"": ""1"", ""NCCL_LOCAL_REGISTER"": ""1""}, ""operator"": {""chunks"": 1, ""local_first"": false, ""math_sms"": 0, ""pack_block"": 1024, ""pack_warps"": 4, ""push"": true, ""reverse"": false, ""schedule"": ""full"", ""sms"": 0, ""streams"": 3, ""use_ce"": false}}","{""algo_id"": 66, ""cluster_shape"": 3, ""cta_swizzle"": 0, ""custom"": 1, ""inner_shape"": 0, ""reduction"": 0, ""returned"": 8, ""split_k"": 1, ""stages_id"": 35, ""tile_id"": 15, ""tune_ms"": 0.008799999952316284, ""valid"": 8, ""waves"": 0.9696969985961914, ""workspace_bytes"": 0}",full_v2/cublaslt_nccl_formal_auto_cp4.json
a2a_gemm/production_qwen_dense/s1024/cp4,production_qwen_dense,1024,4,cublaslt_nccl,graph,,"[256, 2048, 2048]",,,0.04283199831843376,0.052948800101876255,,,50.137367676253845,42.83199831843376,52.94880010187625,,,"{""nccl_environment"": {""NCCL_GRAPH_REGISTER"": ""1"", ""NCCL_IB_DISABLE"": ""1"", ""NCCL_LOCAL_REGISTER"": ""1""}, ""operator"": {""chunks"": 1, ""local_first"": false, ""math_sms"": 0, ""pack_block"": 1024, ""pack_warps"": 4, ""push"": true, ""reverse"": false, ""schedule"": ""full"", ""sms"": 0, ""streams"": 3, ""use_ce"": false}}","{""algo_id"": 66, ""cluster_shape"": 3, ""cta_swizzle"": 0, ""custom"": 1, ""inner_shape"": 0, ""reduction"": 0, ""returned"": 8, ""split_k"": 1, ""stages_id"": 35, ""tile_id"": 15, ""tune_ms"": 0.008799999952316284, ""valid"": 8, ""waves"": 0.9696969985961914, ""workspace_bytes"": 0}",full_v2/cublaslt_nccl_formal_auto_cp4.json
a2a_gemm/production_qwen_dense/s1024/cp4,production_qwen_dense,1024,4,teub,eager,,"[256, 2048, 2048]",,,0.161360003054142,0.16988480463624,,,13.308649029211056,161.360003054142,169.88480463624,,,"{""nccl_environment"": {""NCCL_GRAPH_REGISTER"": ""1"", ""NCCL_IB_DISABLE"": ""1"", ""NCCL_LOCAL_REGISTER"": ""1""}, ""operator"": {""chunks"": 1, ""local_first"": false, ""math_sms"": 0, ""pack_block"": 1024, ""pack_warps"": 4, ""push"": true, ""reverse"": false, ""schedule"": ""full"", ""sms"": 8, ""streams"": 3, ""use_ce"": false}}","{""algo_id"": 66, ""cluster_shape"": 3, ""cta_swizzle"": 0, ""custom"": 1, ""inner_shape"": 0, ""reduction"": 0, ""returned"": 8, ""split_k"": 1, ""stages_id"": 35, ""tile_id"": 15, ""tune_ms"": 0.008431999944150448, ""valid"": 8, ""waves"": 0.9696969985961914, ""workspace_bytes"": 0}",full_v2/teub_formal_auto_cp4.json
a2a_gemm/production_qwen_dense/s1024/cp4,production_qwen_dense,1024,4,teub,graph,,"[256, 2048, 2048]",,,0.03876800090074539,0.04759679865092038,,,55.393200528911215,38.76800090074539,47.596798650920384,,,"{""nccl_environment"": {""NCCL_GRAPH_REGISTER"": ""1"", ""NCCL_IB_DISABLE"": ""1"", ""NCCL_LOCAL_REGISTER"": ""1""}, ""operator"": {""chunks"": 1, ""local_first"": false, ""math_sms"": 0, ""pack_block"": 1024, ""pack_warps"": 4, ""push"": true, ""reverse"": false, ""schedule"": ""full"", ""sms"": 4, ""streams"": 3, ""use_ce"": false}}","{""algo_id"": 66, ""cluster_shape"": 3, ""cta_swizzle"": 0, ""custom"": 1, ""inner_shape"": 0, ""reduction"": 0, ""returned"": 8, ""split_k"": 1, ""stages_id"": 35, ""tile_id"": 15, ""tune_ms"": 0.008431999944150448, ""valid"": 8, ""waves"": 0.9696969985961914, ""workspace_bytes"": 0}",full_v2/teub_formal_auto_cp4.json
a2a_gemm/production_qwen_dense/s1024/cp8,production_qwen_dense,1024,8,cublaslt_nccl,eager,,"[128, 2048, 2048]",,,0.1327200010418892,0.14848640486598014,,,8.090278899719905,132.7200010418892,148.48640486598015,,,"{""nccl_environment"": {""NCCL_GRAPH_REGISTER"": ""1"", ""NCCL_IB_DISABLE"": ""1"", ""NCCL_LOCAL_REGISTER"": ""1"", ""NCCL_MAX_P2P_NCHANNELS"": ""24"", ""NCCL_MIN_P2P_NCHANNELS"": ""24"", ""NCCL_P2P_LL_THRESHOLD"": ""65536"", ""NCCL_P2P_NVL_CHUNKSIZE"": ""131072""}, ""operator"": {""chunks"": 1, ""local_first"": false, ""math_sms"": 0, ""pack_block"": 1024, ""pack_warps"": 4, ""push"": true, ""reverse"": false, ""schedule"": ""full"", ""sms"": 0, ""streams"": 3, ""use_ce"": false}}","{""algo_id"": 66, ""cluster_shape"": 5, ""cta_swizzle"": 0, ""custom"": 3, ""inner_shape"": 0, ""reduction"": 0, ""returned"": 8, ""split_k"": 1, ""stages_id"": 35, ""tile_id"": 13, ""tune_ms"": 0.007573333103209734, ""valid"": 8, ""waves"": 0.9696969985961914, ""workspace_bytes"": 0}",full_v2/cublaslt_nccl_formal_ch24_chunk128_ll64_cp8.json
a2a_gemm/production_qwen_dense/s1024/cp8,production_qwen_dense,1024,8,cublaslt_nccl,graph,,"[128, 2048, 2048]",,,0.059167999774217606,0.07027039788663388,,,18.147340253132604,59.167999774217606,70.27039788663387,,,"{""nccl_environment"": {""NCCL_GRAPH_REGISTER"": ""1"", ""NCCL_IB_DISABLE"": ""1"", ""NCCL_LOCAL_REGISTER"": ""1"", ""NCCL_MAX_P2P_NCHANNELS"": ""32"", ""NCCL_MIN_P2P_NCHANNELS"": ""32"", ""NCCL_P2P_LL_THRESHOLD"": ""65536"", ""NCCL_P2P_NVL_CHUNKSIZE"": ""524288""}, ""operator"": {""chunks"": 1, ""local_first"": false, ""math_sms"": 0, ""pack_block"": 1024, ""pack_warps"": 4, ""push"": true, ""reverse"": false, ""schedule"": ""full"", ""sms"": 0, ""streams"": 3, ""use_ce"": false}}","{""algo_id"": 66, ""cluster_shape"": 5, ""cta_swizzle"": 0, ""custom"": 3, ""inner_shape"": 0, ""reduction"": 0, ""returned"": 8, ""split_k"": 1, ""stages_id"": 35, ""tile_id"": 13, ""tune_ms"": 0.007674666587263346, ""valid"": 8, ""waves"": 0.9696969985961914, ""workspace_bytes"": 0}",full_v2/cublaslt_nccl_formal_ch32_chunk512_ll64_cp8.json
a2a_gemm/production_qwen_dense/s1024/cp8,production_qwen_dense,1024,8,teub,eager,,"[128, 2048, 2048]",,,0.2287679985165596,0.25860799327492706,,,4.693584028197353,228.7679985165596,258.6079932749271,,,"{""nccl_environment"": {""NCCL_GRAPH_REGISTER"": ""1"", ""NCCL_IB_DISABLE"": ""1"", ""NCCL_LOCAL_REGISTER"": ""1""}, ""operator"": {""chunks"": 1, ""local_first"": false, ""math_sms"": 0, ""pack_block"": 1024, ""pack_warps"": 4, ""push"": true, ""reverse"": false, ""schedule"": ""full"", ""sms"": 8, ""streams"": 3, ""use_ce"": false}}","{""algo_id"": 66, ""cluster_shape"": 5, ""cta_swizzle"": 0, ""custom"": 3, ""inner_shape"": 0, ""reduction"": 0, ""returned"": 8, ""split_k"": 1, ""stages_id"": 35, ""tile_id"": 13, ""tune_ms"": 0.007391999941319227, ""valid"": 8, ""waves"": 0.9696969985961914, ""workspace_bytes"": 0}",full_v2/teub_formal_auto_cp8.json
a2a_gemm/production_qwen_dense/s1024/cp8,production_qwen_dense,1024,8,teub,graph,,"[128, 2048, 2048]",,,0.04951999895274639,0.0614223999902606,,,21.682993673416668,49.51999895274639,61.4223999902606,,,"{""nccl_environment"": {""NCCL_GRAPH_REGISTER"": ""1"", ""NCCL_IB_DISABLE"": ""1"", ""NCCL_LOCAL_REGISTER"": ""1""}, ""operator"": {""chunks"": 1, ""local_first"": false, ""math_sms"": 0, ""pack_block"": 1024, ""pack_warps"": 4, ""push"": true, ""reverse"": false, ""schedule"": ""full"", ""sms"": 8, ""streams"": 3, ""use_ce"": false}}","{""algo_id"": 66, ""cluster_shape"": 5, ""cta_swizzle"": 0, ""custom"": 3, ""inner_shape"": 0, ""reduction"": 0, ""returned"": 8, ""split_k"": 1, ""stages_id"": 35, ""tile_id"": 13, ""tune_ms"": 0.007391999941319227, ""valid"": 8, ""waves"": 0.9696969985961914, ""workspace_bytes"": 0}",full_v2/teub_formal_auto_cp8.json
a2a_gemm/production_qwen_dense/s4096/cp4,production_qwen_dense,4096,4,cublaslt_nccl,eager,,"[1024, 2048, 2048]",,,0.132192000746727,0.14413919597864147,,,64.9807442468313,132.192000746727,144.13919597864148,,,"{""nccl_environment"": {""NCCL_GRAPH_REGISTER"": ""1"", ""NCCL_IB_DISABLE"": ""1"", ""NCCL_LOCAL_REGISTER"": ""1"", ""NCCL_MAX_P2P_NCHANNELS"": ""24"", ""NCCL_MIN_P2P_NCHANNELS"": ""24"", ""NCCL_P2P_LL_THRESHOLD"": ""65536"", ""NCCL_P2P_NVL_CHUNKSIZE"": ""131072""}, ""operator"": {""chunks"": 1, ""local_first"": false, ""math_sms"": 0, ""pack_block"": 1024, ""pack_warps"": 4, ""push"": true, ""reverse"": false, ""schedule"": ""full"", ""sms"": 0, ""streams"": 3, ""use_ce"": false}}","{""algo_id"": 66, ""cluster_shape"": 3, ""cta_swizzle"": 0, ""custom"": 1, ""inner_shape"": 0, ""reduction"": 0, ""returned"": 8, ""split_k"": 1, ""stages_id"": 35, ""tile_id"": 20, ""tune_ms"": 0.015647999942302704, ""valid"": 8, ""waves"": 0.9696969985961914, ""workspace_bytes"": 0}",full_v2/cublaslt_nccl_formal_ch24_chunk128_ll64_cp4.json
a2a_gemm/production_qwen_dense/s4096/cp4,production_qwen_dense,4096,4,cublaslt_nccl,graph,,"[1024, 2048, 2048]",,,0.060655999928712845,0.06799999810755251,,,141.61722833842472,60.655999928712845,67.99999810755251,,,"{""nccl_environment"": {""NCCL_GRAPH_REGISTER"": ""1"", ""NCCL_IB_DISABLE"": ""1"", ""NCCL_LOCAL_REGISTER"": ""1""}, ""operator"": {""chunks"": 1, ""local_first"": false, ""math_sms"": 0, ""pack_block"": 1024, ""pack_warps"": 4, ""push"": true, ""reverse"": false, ""schedule"": ""full"", ""sms"": 0, ""streams"": 3, ""use_ce"": false}}","{""algo_id"": 66, ""cluster_shape"": 5, ""cta_swizzle"": 0, ""custom"": 3, ""inner_shape"": 0, ""reduction"": 0, ""returned"": 8, ""split_k"": 1, ""stages_id"": 35, ""tile_id"": 21, ""tune_ms"": 0.015621333383023739, ""valid"": 8, ""waves"": 0.9696969985961914, ""workspace_bytes"": 0}",full_v2/cublaslt_nccl_formal_auto_cp4.json
a2a_gemm/production_qwen_dense/s4096/cp4,production_qwen_dense,4096,4,teub,eager,,"[1024, 2048, 2048]",,,0.16974399983882904,0.18139039874076843,,,50.60523258646016,169.74399983882904,181.39039874076843,,,"{""nccl_environment"": {""NCCL_GRAPH_REGISTER"": ""1"", ""NCCL_IB_DISABLE"": ""1"", ""NCCL_LOCAL_REGISTER"": ""1""}, ""operator"": {""chunks"": 1, ""local_first"": false, ""math_sms"": 0, ""pack_block"": 1024, ""pack_warps"": 4, ""push"": true, ""reverse"": false, ""schedule"": ""full"", ""sms"": 4, ""streams"": 3, ""use_ce"": false}}","{""algo_id"": 66, ""cluster_shape"": 3, ""cta_swizzle"": 0, ""custom"": 0, ""inner_shape"": 0, ""reduction"": 0, ""returned"": 8, ""split_k"": 1, ""stages_id"": 35, ""tile_id"": 19, ""tune_ms"": 0.015274666249752045, ""valid"": 8, ""waves"": 0.9696969985961914, ""workspace_bytes"": 0}",full_v2/teub_formal_auto_cp4.json
a2a_gemm/production_qwen_dense/s4096/cp4,production_qwen_dense,4096,4,teub,graph,,"[1024, 2048, 2048]",,,0.054816000163555145,0.065430399030447,,,156.70487752426502,54.816000163555145,65.430399030447,,,"{""nccl_environment"": {""NCCL_GRAPH_REGISTER"": ""1"", ""NCCL_IB_DISABLE"": ""1"", ""NCCL_LOCAL_REGISTER"": ""1""}, ""operator"": {""chunks"": 1, ""local_first"": false, ""math_sms"": 0, ""pack_block"": 1024, ""pack_warps"": 4, ""push"": true, ""reverse"": false, ""schedule"": ""full"", ""sms"": 8, ""streams"": 3, ""use_ce"": false}}","{""algo_id"": 66, ""cluster_shape"": 3, ""cta_swizzle"": 0, ""custom"": 0, ""inner_shape"": 0, ""reduction"": 0, ""returned"": 8, ""split_k"": 1, ""stages_id"": 35, ""tile_id"": 19, ""tune_ms"": 0.015274666249752045, ""valid"": 8, ""waves"": 0.9696969985961914, ""workspace_bytes"": 0}",full_v2/teub_formal_auto_cp4.json
a2a_gemm/production_qwen_dense/s4096/cp8,production_qwen_dense,4096,8,cublaslt_nccl,eager,,"[512, 2048, 2048]",,,0.13396799564361572,0.16390559673309324,,,32.059651824795196,133.96799564361572,163.90559673309323,,,"{""nccl_environment"": {""NCCL_GRAPH_REGISTER"": ""1"", ""NCCL_IB_DISABLE"": ""1"", ""NCCL_LOCAL_REGISTER"": ""1"", ""NCCL_MAX_P2P_NCHANNELS"": ""24"", ""NCCL_MIN_P2P_NCHANNELS"": ""24"", ""NCCL_P2P_LL_THRESHOLD"": ""65536"", ""NCCL_P2P_NVL_CHUNKSIZE"": ""131072""}, ""operator"": {""chunks"": 1, ""local_first"": false, ""math_sms"": 0, ""pack_block"": 1024, ""pack_warps"": 4, ""push"": true, ""reverse"": false, ""schedule"": ""full"", ""sms"": 0, ""streams"": 3, ""use_ce"": false}}","{""algo_id"": 66, ""cluster_shape"": 3, ""cta_swizzle"": 0, ""custom"": 0, ""inner_shape"": 0, ""reduction"": 0, ""returned"": 8, ""split_k"": 1, ""stages_id"": 35, ""tile_id"": 17, ""tune_ms"": 0.010319999419152737, ""valid"": 8, ""waves"": 0.9696969985961914, ""workspace_bytes"": 0}",full_v2/cublaslt_nccl_formal_ch24_chunk128_ll64_cp8.json
a2a_gemm/production_qwen_dense/s4096/cp8,production_qwen_dense,4096,8,cublaslt_nccl,graph,,"[512, 2048, 2048]",,,0.0737760029733181,0.08368319980800151,,,58.21631862535738,73.7760029733181,83.68319980800152,,,"{""nccl_environment"": {""NCCL_GRAPH_REGISTER"": ""1"", ""NCCL_IB_DISABLE"": ""1"", ""NCCL_LOCAL_REGISTER"": ""1"", ""NCCL_MAX_P2P_NCHANNELS"": ""32"", ""NCCL_MIN_P2P_NCHANNELS"": ""32"", ""NCCL_P2P_LL_THRESHOLD"": ""65536"", ""NCCL_P2P_NVL_CHUNKSIZE"": ""524288""}, ""operator"": {""chunks"": 1, ""local_first"": false, ""math_sms"": 0, ""pack_block"": 1024, ""pack_warps"": 4, ""push"": true, ""reverse"": false, ""schedule"": ""full"", ""sms"": 0, ""streams"": 3, ""use_ce"": false}}","{""algo_id"": 66, ""cluster_shape"": 3, ""cta_swizzle"": 0, ""custom"": 0, ""inner_shape"": 0, ""reduction"": 0, ""returned"": 8, ""split_k"": 1, ""stages_id"": 35, ""tile_id"": 17, ""tune_ms"": 0.010410666465759277, ""valid"": 8, ""waves"": 0.9696969985961914, ""workspace_bytes"": 0}",full_v2/cublaslt_nccl_formal_ch32_chunk512_ll64_cp8.json
a2a_gemm/production_qwen_dense/s4096/cp8,production_qwen_dense,4096,8,teub,eager,,"[512, 2048, 2048]",,,0.38603200018405914,0.40042719841003416,,,11.125935917105757,386.03200018405914,400.4271984100342,,,"{""nccl_environment"": {""NCCL_GRAPH_REGISTER"": ""1"", ""NCCL_IB_DISABLE"": ""1"", ""NCCL_LOCAL_REGISTER"": ""1""}, ""operator"": {""chunks"": 1, ""local_first"": false, ""math_sms"": 0, ""pack_block"": 1024, ""pack_warps"": 4, ""push"": true, ""reverse"": false, ""schedule"": ""full"", ""sms"": 16, ""streams"": 3, ""use_ce"": false}}","{""algo_id"": 66, ""cluster_shape"": 3, ""cta_swizzle"": 0, ""custom"": 0, ""inner_shape"": 0, ""reduction"": 0, ""returned"": 8, ""split_k"": 1, ""stages_id"": 35, ""tile_id"": 17, ""tune_ms"": 0.010154666379094124, ""valid"": 8, ""waves"": 0.9696969985961914, ""workspace_bytes"": 0}",full_v2/teub_formal_auto_cp8.json
a2a_gemm/production_qwen_dense/s4096/cp8,production_qwen_dense,4096,8,teub,graph,,"[512, 2048, 2048]",,,0.06771200150251389,0.08698880225419996,,,63.429926758855956,67.71200150251389,86.98880225419995,,,"{""nccl_environment"": {""NCCL_GRAPH_REGISTER"": ""1"", ""NCCL_IB_DISABLE"": ""1"", ""NCCL_LOCAL_REGISTER"": ""1""}, ""operator"": {""chunks"": 1, ""local_first"": false, ""math_sms"": 0, ""pack_block"": 1024, ""pack_warps"": 4, ""push"": true, ""reverse"": false, ""schedule"": ""full"", ""sms"": 8, ""streams"": 3, ""use_ce"": false}}","{""algo_id"": 66, ""cluster_shape"": 3, ""cta_swizzle"": 0, ""custom"": 0, ""inner_shape"": 0, ""reduction"": 0, ""returned"": 8, ""split_k"": 1, ""stages_id"": 35, ""tile_id"": 17, ""tune_ms"": 0.010154666379094124, ""valid"": 8, ""waves"": 0.9696969985961914, ""workspace_bytes"": 0}",full_v2/teub_formal_auto_cp8.json
a2a_gemm/production_qwen_dense/s16384/cp4,production_qwen_dense,16384,4,cublaslt_nccl,eager,,"[4096, 2048, 2048]",,,0.1671840026974678,0.182993596047163,,,205.52049127676747,167.1840026974678,182.993596047163,,,"{""nccl_environment"": {""NCCL_GRAPH_REGISTER"": ""1"", ""NCCL_IB_DISABLE"": ""1"", ""NCCL_LOCAL_REGISTER"": ""1"", ""NCCL_MAX_P2P_NCHANNELS"": ""24"", ""NCCL_MIN_P2P_NCHANNELS"": ""24"", ""NCCL_P2P_LL_THRESHOLD"": ""65536"", ""NCCL_P2P_NVL_CHUNKSIZE"": ""131072""}, ""operator"": {""chunks"": 1, ""local_first"": false, ""math_sms"": 0, ""pack_block"": 1024, ""pack_warps"": 4, ""push"": true, ""reverse"": false, ""schedule"": ""full"", ""sms"": 0, ""streams"": 3, ""use_ce"": false}}","{""algo_id"": 66, ""cluster_shape"": 5, ""cta_swizzle"": 0, ""custom"": 7, ""inner_shape"": 0, ""reduction"": 0, ""returned"": 8, ""split_k"": 1, ""stages_id"": 35, ""tile_id"": 24, ""tune_ms"": 0.04659733176231384, ""valid"": 8, ""waves"": 1.9393939971923828, ""workspace_bytes"": 0}",full_v2/cublaslt_nccl_formal_ch24_chunk128_ll64_cp4.json
a2a_gemm/production_qwen_dense/s16384/cp4,production_qwen_dense,16384,4,cublaslt_nccl,graph,,"[4096, 2048, 2048]",,,0.13811200112104416,0.14180960282683372,,,248.78169955619157,138.11200112104416,141.80960282683372,,,"{""nccl_environment"": {""NCCL_GRAPH_REGISTER"": ""1"", ""NCCL_IB_DISABLE"": ""1"", ""NCCL_LOCAL_REGISTER"": ""1"", ""NCCL_MAX_P2P_NCHANNELS"": ""24"", ""NCCL_MIN_P2P_NCHANNELS"": ""24"", ""NCCL_P2P_LL_THRESHOLD"": ""65536"", ""NCCL_P2P_NVL_CHUNKSIZE"": ""131072""}, ""operator"": {""chunks"": 1, ""local_first"": false, ""math_sms"": 0, ""pack_block"": 1024, ""pack_warps"": 4, ""push"": true, ""reverse"": false, ""schedule"": ""full"", ""sms"": 0, ""streams"": 3, ""use_ce"": false}}","{""algo_id"": 66, ""cluster_shape"": 5, ""cta_swizzle"": 0, ""custom"": 7, ""inner_shape"": 0, ""reduction"": 0, ""returned"": 8, ""split_k"": 1, ""stages_id"": 35, ""tile_id"": 24, ""tune_ms"": 0.04659733176231384, ""valid"": 8, ""waves"": 1.9393939971923828, ""workspace_bytes"": 0}",full_v2/cublaslt_nccl_formal_ch24_chunk128_ll64_cp4.json
a2a_gemm/production_qwen_dense/s16384/cp4,production_qwen_dense,16384,4,teub,eager,,"[4096, 2048, 2048]",,,0.19703999906778336,0.20355039611458778,,,174.37950939179598,197.03999906778336,203.55039611458778,,,"{""nccl_environment"": {""NCCL_GRAPH_REGISTER"": ""1"", ""NCCL_IB_DISABLE"": ""1"", ""NCCL_LOCAL_REGISTER"": ""1""}, ""operator"": {""chunks"": 1, ""local_first"": false, ""math_sms"": 0, ""pack_block"": 1024, ""pack_warps"": 4, ""push"": true, ""reverse"": false, ""schedule"": ""full"", ""sms"": 16, ""streams"": 3, ""use_ce"": false}}","{""algo_id"": 66, ""cluster_shape"": 5, ""cta_swizzle"": 0, ""custom"": 7, ""inner_shape"": 0, ""reduction"": 0, ""returned"": 8, ""split_k"": 1, ""stages_id"": 35, ""tile_id"": 24, ""tune_ms"": 0.04646399989724159, ""valid"": 8, ""waves"": 1.9393939971923828, ""workspace_bytes"": 0}",full_v2/teub_formal_auto_cp4.json
a2a_gemm/production_qwen_dense/s16384/cp4,production_qwen_dense,16384,4,teub,graph,,"[4096, 2048, 2048]",,,0.12432000041007996,0.12858079895377159,,,276.3814209673546,124.32000041007996,128.5807989537716,,,"{""nccl_environment"": {""NCCL_GRAPH_REGISTER"": ""1"", ""NCCL_IB_DISABLE"": ""1"", ""NCCL_LOCAL_REGISTER"": ""1""}, ""operator"": {""chunks"": 2, ""local_first"": false, ""math_sms"": 0, ""pack_block"": 1024, ""pack_warps"": 4, ""push"": true, ""reverse"": false, ""schedule"": ""row_pipeline"", ""sms"": 8, ""streams"": 3, ""use_ce"": false}}","{""algo_id"": 66, ""cluster_shape"": 3, ""cta_swizzle"": 0, ""custom"": 1, ""inner_shape"": 0, ""reduction"": 0, ""returned"": 8, ""split_k"": 1, ""stages_id"": 35, ""tile_id"": 20, ""tune_ms"": 0.02502933330833912, ""valid"": 8, ""waves"": 1.9393939971923828, ""workspace_bytes"": 0}",full_v2/teub_formal_auto_cp4.json
a2a_gemm/production_qwen_dense/s16384/cp8,production_qwen_dense,16384,8,cublaslt_nccl,eager,,"[2048, 2048, 2048]",,,0.15595199912786484,0.1750272028148174,,,110.16126295318759,155.95199912786484,175.0272028148174,,,"{""nccl_environment"": {""NCCL_GRAPH_REGISTER"": ""1"", ""NCCL_IB_DISABLE"": ""1"", ""NCCL_LOCAL_REGISTER"": ""1""}, ""operator"": {""chunks"": 1, ""local_first"": false, ""math_sms"": 0, ""pack_block"": 1024, ""pack_warps"": 4, ""push"": true, ""reverse"": false, ""schedule"": ""full"", ""sms"": 0, ""streams"": 3, ""use_ce"": false}}","{""algo_id"": 66, ""cluster_shape"": 3, ""cta_swizzle"": 0, ""custom"": 1, ""inner_shape"": 0, ""reduction"": 0, ""returned"": 8, ""split_k"": 1, ""stages_id"": 35, ""tile_id"": 20, ""tune_ms"": 0.02502399869263172, ""valid"": 8, ""waves"": 1.9393939971923828, ""workspace_bytes"": 0}",full_v2/cublaslt_nccl_formal_auto_cp8.json
a2a_gemm/production_qwen_dense/s16384/cp8,production_qwen_dense,16384,8,cublaslt_nccl,graph,,"[2048, 2048, 2048]",,,0.11142399907112122,0.12497919648885726,,,154.18463999873313,111.42399907112122,124.97919648885726,,,"{""nccl_environment"": {""NCCL_GRAPH_REGISTER"": ""1"", ""NCCL_IB_DISABLE"": ""1"", ""NCCL_LOCAL_REGISTER"": ""1""}, ""operator"": {""chunks"": 1, ""local_first"": false, ""math_sms"": 0, ""pack_block"": 1024, ""pack_warps"": 4, ""push"": true, ""reverse"": false, ""schedule"": ""full"", ""sms"": 0, ""streams"": 3, ""use_ce"": false}}","{""algo_id"": 66, ""cluster_shape"": 3, ""cta_swizzle"": 0, ""custom"": 1, ""inner_shape"": 0, ""reduction"": 0, ""returned"": 8, ""split_k"": 1, ""stages_id"": 35, ""tile_id"": 20, ""tune_ms"": 0.02502399869263172, ""valid"": 8, ""waves"": 1.9393939971923828, ""workspace_bytes"": 0}",full_v2/cublaslt_nccl_formal_auto_cp8.json
a2a_gemm/production_qwen_dense/s16384/cp8,production_qwen_dense,16384,8,teub,eager,,"[2048, 2048, 2048]",,,0.24483200162649155,0.2550095930695534,,,70.17003116369199,244.83200162649155,255.00959306955338,,,"{""nccl_environment"": {""NCCL_GRAPH_REGISTER"": ""1"", ""NCCL_IB_DISABLE"": ""1"", ""NCCL_LOCAL_REGISTER"": ""1""}, ""operator"": {""chunks"": 1, ""local_first"": false, ""math_sms"": 0, ""pack_block"": 1024, ""pack_warps"": 4, ""push"": true, ""reverse"": false, ""schedule"": ""full"", ""sms"": 8, ""streams"": 1, ""use_ce"": false}}","{""algo_id"": 66, ""cluster_shape"": 3, ""cta_swizzle"": 0, ""custom"": 1, ""inner_shape"": 0, ""reduction"": 0, ""returned"": 8, ""split_k"": 1, ""stages_id"": 35, ""tile_id"": 20, ""tune_ms"": 0.024906666949391365, ""valid"": 8, ""waves"": 1.9393939971923828, ""workspace_bytes"": 0}",full_v2/teub_formal_auto_cp8.json
a2a_gemm/production_qwen_dense/s16384/cp8,production_qwen_dense,16384,8,teub,graph,,"[2048, 2048, 2048]",,,0.10569600015878677,0.11116160042583942,,,162.540390915368,105.69600015878677,111.16160042583942,,,"{""nccl_environment"": {""NCCL_GRAPH_REGISTER"": ""1"", ""NCCL_IB_DISABLE"": ""1"", ""NCCL_LOCAL_REGISTER"": ""1""}, ""operator"": {""chunks"": 1, ""local_first"": false, ""math_sms"": 0, ""pack_block"": 1024, ""pack_warps"": 4, ""push"": true, ""reverse"": false, ""schedule"": ""full"", ""sms"": 16, ""streams"": 3, ""use_ce"": false}}","{""algo_id"": 66, ""cluster_shape"": 3, ""cta_swizzle"": 0, ""custom"": 1, ""inner_shape"": 0, ""reduction"": 0, ""returned"": 8, ""split_k"": 1, ""stages_id"": 35, ""tile_id"": 20, ""tune_ms"": 0.024906666949391365, ""valid"": 8, ""waves"": 1.9393939971923828, ""workspace_bytes"": 0}",full_v2/teub_formal_auto_cp8.json
a2a_gemm/production_qwen_dense/s131072/cp4,production_qwen_dense,131072,4,cublaslt_nccl,eager,,"[32768, 2048, 2048]",,,0.8310079872608185,0.847465592622757,,,330.7764921129782,831.0079872608185,847.465592622757,,,"{""nccl_environment"": {""NCCL_GRAPH_REGISTER"": ""1"", ""NCCL_IB_DISABLE"": ""1"", ""NCCL_LOCAL_REGISTER"": ""1"", ""NCCL_MAX_P2P_NCHANNELS"": ""24"", ""NCCL_MIN_P2P_NCHANNELS"": ""24"", ""NCCL_P2P_LL_THRESHOLD"": ""65536"", ""NCCL_P2P_NVL_CHUNKSIZE"": ""131072""}, ""operator"": {""chunks"": 1, ""local_first"": false, ""math_sms"": 0, ""pack_block"": 1024, ""pack_warps"": 4, ""push"": true, ""reverse"": false, ""schedule"": ""full"", ""sms"": 0, ""streams"": 3, ""use_ce"": false}}","{""algo_id"": 66, ""cluster_shape"": 3, ""cta_swizzle"": 0, ""custom"": 1, ""inner_shape"": 0, ""reduction"": 0, ""returned"": 8, ""split_k"": 1, ""stages_id"": 35, ""tile_id"": 29, ""tune_ms"": 0.33424532413482666, ""valid"": 8, ""waves"": 24.84848403930664, ""workspace_bytes"": 4}",full_v2/cublaslt_nccl_formal_ch24_chunk128_ll64_cp4.json
a2a_gemm/production_qwen_dense/s131072/cp4,production_qwen_dense,131072,4,cublaslt_nccl,graph,,"[32768, 2048, 2048]",,,0.8255839943885803,0.8514559775590896,,,332.94965601600836,825.5839943885803,851.4559775590897,,,"{""nccl_environment"": {""NCCL_GRAPH_REGISTER"": ""1"", ""NCCL_IB_DISABLE"": ""1"", ""NCCL_LOCAL_REGISTER"": ""1"", ""NCCL_MAX_P2P_NCHANNELS"": ""32"", ""NCCL_MIN_P2P_NCHANNELS"": ""32"", ""NCCL_P2P_LL_THRESHOLD"": ""65536"", ""NCCL_P2P_NVL_CHUNKSIZE"": ""524288""}, ""operator"": {""chunks"": 1, ""local_first"": false, ""math_sms"": 0, ""pack_block"": 1024, ""pack_warps"": 4, ""push"": true, ""reverse"": false, ""schedule"": ""full"", ""sms"": 0, ""streams"": 3, ""use_ce"": false}}","{""algo_id"": 66, ""cluster_shape"": 3, ""cta_swizzle"": 0, ""custom"": 1, ""inner_shape"": 0, ""reduction"": 0, ""returned"": 8, ""split_k"": 1, ""stages_id"": 35, ""tile_id"": 29, ""tune_ms"": 0.33315733075141907, ""valid"": 8, ""waves"": 24.84848403930664, ""workspace_bytes"": 4}",full_v2/cublaslt_nccl_formal_ch32_chunk512_ll64_cp4.json
a2a_gemm/production_qwen_dense/s131072/cp4,production_qwen_dense,131072,4,teub,eager,,"[32768, 2048, 2048]",,,0.7786559760570526,0.7935551971197128,,,353.0158573185593,778.6559760570526,793.5551971197128,,,"{""nccl_environment"": {""NCCL_GRAPH_REGISTER"": ""1"", ""NCCL_IB_DISABLE"": ""1"", ""NCCL_LOCAL_REGISTER"": ""1""}, ""operator"": {""chunks"": 2, ""local_first"": false, ""math_sms"": 0, ""pack_block"": 1024, ""pack_warps"": 4, ""push"": true, ""reverse"": false, ""schedule"": ""row_pipeline"", ""sms"": 8, ""streams"": 3, ""use_ce"": false}}","{""algo_id"": 66, ""cluster_shape"": 3, ""cta_swizzle"": 0, ""custom"": 1, ""inner_shape"": 0, ""reduction"": 0, ""returned"": 8, ""split_k"": 1, ""stages_id"": 35, ""tile_id"": 29, ""tune_ms"": 0.1701173335313797, ""valid"": 8, ""waves"": 12.484848022460938, ""workspace_bytes"": 4}",full_v2/teub_formal_auto_cp4.json
a2a_gemm/production_qwen_dense/s131072/cp4,production_qwen_dense,131072,4,teub,graph,,"[32768, 2048, 2048]",,,0.7304159998893738,0.7538016170263291,,,376.330621160588,730.4159998893738,753.801617026329,,,"{""nccl_environment"": {""NCCL_GRAPH_REGISTER"": ""1"", ""NCCL_IB_DISABLE"": ""1"", ""NCCL_LOCAL_REGISTER"": ""1""}, ""operator"": {""chunks"": 4, ""local_first"": false, ""math_sms"": 0, ""pack_block"": 1024, ""pack_warps"": 4, ""push"": true, ""reverse"": false, ""schedule"": ""row_pipeline"", ""sms"": 8, ""streams"": 3, ""use_ce"": false}}","{""algo_id"": 66, ""cluster_shape"": 3, ""cta_swizzle"": 0, ""custom"": 1, ""inner_shape"": 0, ""reduction"": 0, ""returned"": 8, ""split_k"": 1, ""stages_id"": 35, ""tile_id"": 20, ""tune_ms"": 0.08768000453710556, ""valid"": 8, ""waves"": 7.757575988769531, ""workspace_bytes"": 4}",full_v2/teub_formal_auto_cp4.json
a2a_gemm/production_qwen_dense/s131072/cp8,production_qwen_dense,131072,8,cublaslt_nccl,eager,,"[16384, 2048, 2048]",,,0.5265760123729706,0.5379648119211197,,,261.00496460642574,526.5760123729706,537.9648119211197,,,"{""nccl_environment"": {""NCCL_GRAPH_REGISTER"": ""1"", ""NCCL_IB_DISABLE"": ""1"", ""NCCL_LOCAL_REGISTER"": ""1"", ""NCCL_MAX_P2P_NCHANNELS"": ""24"", ""NCCL_MIN_P2P_NCHANNELS"": ""24"", ""NCCL_P2P_LL_THRESHOLD"": ""65536"", ""NCCL_P2P_NVL_CHUNKSIZE"": ""131072""}, ""operator"": {""chunks"": 1, ""local_first"": false, ""math_sms"": 0, ""pack_block"": 1024, ""pack_warps"": 4, ""push"": true, ""reverse"": false, ""schedule"": ""full"", ""sms"": 0, ""streams"": 3, ""use_ce"": false}}","{""algo_id"": 66, ""cluster_shape"": 3, ""cta_swizzle"": 0, ""custom"": 1, ""inner_shape"": 0, ""reduction"": 0, ""returned"": 8, ""split_k"": 1, ""stages_id"": 35, ""tile_id"": 29, ""tune_ms"": 0.1738239973783493, ""valid"": 8, ""waves"": 12.484848022460938, ""workspace_bytes"": 4}",full_v2/cublaslt_nccl_formal_ch24_chunk128_ll64_cp8.json
a2a_gemm/production_qwen_dense/s131072/cp8,production_qwen_dense,131072,8,cublaslt_nccl,graph,,"[16384, 2048, 2048]",,,0.5117599964141846,0.6224479973316193,,,268.5613460118247,511.75999641418457,622.4479973316193,,,"{""nccl_environment"": {""NCCL_GRAPH_REGISTER"": ""1"", ""NCCL_IB_DISABLE"": ""1"", ""NCCL_LOCAL_REGISTER"": ""1"", ""NCCL_MAX_P2P_NCHANNELS"": ""24"", ""NCCL_MIN_P2P_NCHANNELS"": ""24"", ""NCCL_P2P_LL_THRESHOLD"": ""65536"", ""NCCL_P2P_NVL_CHUNKSIZE"": ""131072""}, ""operator"": {""chunks"": 1, ""local_first"": false, ""math_sms"": 0, ""pack_block"": 1024, ""pack_warps"": 4, ""push"": true, ""reverse"": false, ""schedule"": ""full"", ""sms"": 0, ""streams"": 3, ""use_ce"": false}}","{""algo_id"": 66, ""cluster_shape"": 3, ""cta_swizzle"": 0, ""custom"": 1, ""inner_shape"": 0, ""reduction"": 0, ""returned"": 8, ""split_k"": 1, ""stages_id"": 35, ""tile_id"": 29, ""tune_ms"": 0.1738239973783493, ""valid"": 8, ""waves"": 12.484848022460938, ""workspace_bytes"": 4}",full_v2/cublaslt_nccl_formal_ch24_chunk128_ll64_cp8.json
a2a_gemm/production_qwen_dense/s131072/cp8,production_qwen_dense,131072,8,teub,eager,,"[16384, 2048, 2048]",,,0.5457600057125092,0.6272640049457546,,,251.83038704451886,545.7600057125092,627.2640049457547,,,"{""nccl_environment"": {""NCCL_GRAPH_REGISTER"": ""1"", ""NCCL_IB_DISABLE"": ""1"", ""NCCL_LOCAL_REGISTER"": ""1""}, ""operator"": {""chunks"": 1, ""local_first"": false, ""math_sms"": 0, ""pack_block"": 1024, ""pack_warps"": 4, ""push"": true, ""reverse"": false, ""schedule"": ""full"", ""sms"": 8, ""streams"": 3, ""use_ce"": false}}","{""algo_id"": 66, ""cluster_shape"": 3, ""cta_swizzle"": 0, ""custom"": 1, ""inner_shape"": 0, ""reduction"": 0, ""returned"": 8, ""split_k"": 1, ""stages_id"": 35, ""tile_id"": 29, ""tune_ms"": 0.16925333440303802, ""valid"": 8, ""waves"": 12.484848022460938, ""workspace_bytes"": 4}",full_v2/teub_formal_auto_cp8.json
a2a_gemm/production_qwen_dense/s131072/cp8,production_qwen_dense,131072,8,teub,graph,,"[16384, 2048, 2048]",,,0.49988800287246704,0.5203439921140671,,,274.9394918106563,499.88800287246704,520.3439921140671,,,"{""nccl_environment"": {""NCCL_GRAPH_REGISTER"": ""1"", ""NCCL_IB_DISABLE"": ""1"", ""NCCL_LOCAL_REGISTER"": ""1""}, ""operator"": {""chunks"": 1, ""local_first"": false, ""math_sms"": 0, ""pack_block"": 1024, ""pack_warps"": 4, ""push"": true, ""reverse"": false, ""schedule"": ""full"", ""sms"": 16, ""streams"": 3, ""use_ce"": false}}","{""algo_id"": 66, ""cluster_shape"": 3, ""cta_swizzle"": 0, ""custom"": 1, ""inner_shape"": 0, ""reduction"": 0, ""returned"": 8, ""split_k"": 1, ""stages_id"": 35, ""tile_id"": 29, ""tune_ms"": 0.16925333440303802, ""valid"": 8, ""waves"": 12.484848022460938, ""workspace_bytes"": 4}",full_v2/teub_formal_auto_cp8.json
a2a_gemm/production_qwen_dense/s262144/cp4,production_qwen_dense,262144,4,cublaslt_nccl,eager,,"[65536, 2048, 2048]",,,1.6346240043640137,1.7957247614860534,,,336.31943029118463,1634.6240043640137,1795.7247614860535,,,"{""nccl_environment"": {""NCCL_GRAPH_REGISTER"": ""1"", ""NCCL_IB_DISABLE"": ""1"", ""NCCL_LOCAL_REGISTER"": ""1""}, ""operator"": {""chunks"": 1, ""local_first"": false, ""math_sms"": 0, ""pack_block"": 1024, ""pack_warps"": 4, ""push"": true, ""reverse"": false, ""schedule"": ""full"", ""sms"": 0, ""streams"": 3, ""use_ce"": false}}","{""algo_id"": 66, ""cluster_shape"": 3, ""cta_swizzle"": 0, ""custom"": 1, ""inner_shape"": 0, ""reduction"": 0, ""returned"": 8, ""split_k"": 1, ""stages_id"": 35, ""tile_id"": 29, ""tune_ms"": 0.6612480282783508, ""valid"": 8, ""waves"": 49.69696807861328, ""workspace_bytes"": 4}",full_v2/cublaslt_nccl_formal_auto_cp4.json
a2a_gemm/production_qwen_dense/s262144/cp4,production_qwen_dense,262144,4,cublaslt_nccl,graph,,"[65536, 2048, 2048]",,,1.570800006389618,1.5814016103744506,,,349.9846012552407,1570.800006389618,1581.4016103744507,,,"{""nccl_environment"": {""NCCL_GRAPH_REGISTER"": ""1"", ""NCCL_IB_DISABLE"": ""1"", ""NCCL_LOCAL_REGISTER"": ""1"", ""NCCL_MAX_P2P_NCHANNELS"": ""24"", ""NCCL_MIN_P2P_NCHANNELS"": ""24"", ""NCCL_P2P_LL_THRESHOLD"": ""65536"", ""NCCL_P2P_NVL_CHUNKSIZE"": ""131072""}, ""operator"": {""chunks"": 1, ""local_first"": false, ""math_sms"": 0, ""pack_block"": 1024, ""pack_warps"": 4, ""push"": true, ""reverse"": false, ""schedule"": ""full"", ""sms"": 0, ""streams"": 3, ""use_ce"": false}}","{""algo_id"": 66, ""cluster_shape"": 5, ""cta_swizzle"": 0, ""custom"": 2, ""inner_shape"": 0, ""reduction"": 0, ""returned"": 8, ""split_k"": 1, ""stages_id"": 35, ""tile_id"": 201, ""tune_ms"": 0.6600373387336731, ""valid"": 8, ""waves"": 46.54545593261719, ""workspace_bytes"": 4}",full_v2/cublaslt_nccl_formal_ch24_chunk128_ll64_cp4.json
a2a_gemm/production_qwen_dense/s262144/cp4,production_qwen_dense,262144,4,teub,eager,,"[65536, 2048, 2048]",,,1.3863679766654968,1.4148719966411591,,,396.5439357668063,1386.3679766654968,1414.871996641159,,,"{""nccl_environment"": {""NCCL_GRAPH_REGISTER"": ""1"", ""NCCL_IB_DISABLE"": ""1"", ""NCCL_LOCAL_REGISTER"": ""1""}, ""operator"": {""chunks"": 4, ""local_first"": false, ""math_sms"": 0, ""pack_block"": 1024, ""pack_warps"": 4, ""push"": true, ""reverse"": false, ""schedule"": ""row_pipeline"", ""sms"": 8, ""streams"": 3, ""use_ce"": false}}","{""algo_id"": 66, ""cluster_shape"": 3, ""cta_swizzle"": 0, ""custom"": 1, ""inner_shape"": 0, ""reduction"": 0, ""returned"": 8, ""split_k"": 1, ""stages_id"": 35, ""tile_id"": 29, ""tune_ms"": 0.1696053296327591, ""valid"": 8, ""waves"": 12.484848022460938, ""workspace_bytes"": 4}",full_v2/teub_formal_auto_cp4.json
a2a_gemm/production_qwen_dense/s262144/cp4,production_qwen_dense,262144,4,teub,graph,,"[65536, 2048, 2048]",,,1.3594880104064941,1.3903199970722198,,,404.38445185229705,1359.4880104064941,1390.3199970722198,,,"{""nccl_environment"": {""NCCL_GRAPH_REGISTER"": ""1"", ""NCCL_IB_DISABLE"": ""1"", ""NCCL_LOCAL_REGISTER"": ""1""}, ""operator"": {""chunks"": 4, ""local_first"": false, ""math_sms"": 0, ""pack_block"": 1024, ""pack_warps"": 4, ""push"": true, ""reverse"": false, ""schedule"": ""row_pipeline"", ""sms"": 8, ""streams"": 3, ""use_ce"": false}}","{""algo_id"": 66, ""cluster_shape"": 3, ""cta_swizzle"": 0, ""custom"": 1, ""inner_shape"": 0, ""reduction"": 0, ""returned"": 8, ""split_k"": 1, ""stages_id"": 35, ""tile_id"": 29, ""tune_ms"": 0.1696053296327591, ""valid"": 8, ""waves"": 12.484848022460938, ""workspace_bytes"": 4}",full_v2/teub_formal_auto_cp4.json
a2a_gemm/production_qwen_dense/s262144/cp8,production_qwen_dense,262144,8,cublaslt_nccl,eager,,"[32768, 2048, 2048]",,,0.9513759911060333,0.9661648213863373,,,288.9266804225714,951.3759911060333,966.1648213863373,,,"{""nccl_environment"": {""NCCL_GRAPH_REGISTER"": ""1"", ""NCCL_IB_DISABLE"": ""1"", ""NCCL_LOCAL_REGISTER"": ""1"", ""NCCL_MAX_P2P_NCHANNELS"": ""24"", ""NCCL_MIN_P2P_NCHANNELS"": ""24"", ""NCCL_P2P_LL_THRESHOLD"": ""65536"", ""NCCL_P2P_NVL_CHUNKSIZE"": ""131072""}, ""operator"": {""chunks"": 1, ""local_first"": false, ""math_sms"": 0, ""pack_block"": 1024, ""pack_warps"": 4, ""push"": true, ""reverse"": false, ""schedule"": ""full"", ""sms"": 0, ""streams"": 3, ""use_ce"": false}}","{""algo_id"": 66, ""cluster_shape"": 3, ""cta_swizzle"": 0, ""custom"": 1, ""inner_shape"": 0, ""reduction"": 0, ""returned"": 8, ""split_k"": 1, ""stages_id"": 35, ""tile_id"": 29, ""tune_ms"": 0.3358933627605438, ""valid"": 8, ""waves"": 24.84848403930664, ""workspace_bytes"": 4}",full_v2/cublaslt_nccl_formal_ch24_chunk128_ll64_cp8.json
a2a_gemm/production_qwen_dense/s262144/cp8,production_qwen_dense,262144,8,cublaslt_nccl,graph,,"[32768, 2048, 2048]",,,0.9311200082302094,1.0320831716060637,,,295.21211499521274,931.1200082302094,1032.0831716060636,,,"{""nccl_environment"": {""NCCL_GRAPH_REGISTER"": ""1"", ""NCCL_IB_DISABLE"": ""1"", ""NCCL_LOCAL_REGISTER"": ""1"", ""NCCL_MAX_P2P_NCHANNELS"": ""24"", ""NCCL_MIN_P2P_NCHANNELS"": ""24"", ""NCCL_P2P_LL_THRESHOLD"": ""65536"", ""NCCL_P2P_NVL_CHUNKSIZE"": ""131072""}, ""operator"": {""chunks"": 1, ""local_first"": false, ""math_sms"": 0, ""pack_block"": 1024, ""pack_warps"": 4, ""push"": true, ""reverse"": false, ""schedule"": ""full"", ""sms"": 0, ""streams"": 3, ""use_ce"": false}}","{""algo_id"": 66, ""cluster_shape"": 3, ""cta_swizzle"": 0, ""custom"": 1, ""inner_shape"": 0, ""reduction"": 0, ""returned"": 8, ""split_k"": 1, ""stages_id"": 35, ""tile_id"": 29, ""tune_ms"": 0.3358933627605438, ""valid"": 8, ""waves"": 24.84848403930664, ""workspace_bytes"": 4}",full_v2/cublaslt_nccl_formal_ch24_chunk128_ll64_cp8.json
a2a_gemm/production_qwen_dense/s262144/cp8,production_qwen_dense,262144,8,teub,eager,,"[32768, 2048, 2048]",,,0.9588320255279541,0.9874623984098434,,,286.679939369616,958.8320255279541,987.4623984098434,,,"{""nccl_environment"": {""NCCL_GRAPH_REGISTER"": ""1"", ""NCCL_IB_DISABLE"": ""1"", ""NCCL_LOCAL_REGISTER"": ""1""}, ""operator"": {""chunks"": 1, ""local_first"": false, ""math_sms"": 0, ""pack_block"": 1024, ""pack_warps"": 4, ""push"": true, ""reverse"": false, ""schedule"": ""full"", ""sms"": 16, ""streams"": 3, ""use_ce"": false}}","{""algo_id"": 66, ""cluster_shape"": 3, ""cta_swizzle"": 0, ""custom"": 1, ""inner_shape"": 0, ""reduction"": 0, ""returned"": 8, ""split_k"": 1, ""stages_id"": 35, ""tile_id"": 29, ""tune_ms"": 0.32872533798217773, ""valid"": 8, ""waves"": 24.84848403930664, ""workspace_bytes"": 4}",full_v2/teub_formal_auto_cp8.json
a2a_gemm/production_qwen_dense/s262144/cp8,production_qwen_dense,262144,8,teub,graph,,"[32768, 2048, 2048]",,,0.9357919991016388,0.9575855880975723,,,293.7382529535229,935.7919991016388,957.5855880975723,,,"{""nccl_environment"": {""NCCL_GRAPH_REGISTER"": ""1"", ""NCCL_IB_DISABLE"": ""1"", ""NCCL_LOCAL_REGISTER"": ""1""}, ""operator"": {""chunks"": 1, ""local_first"": false, ""math_sms"": 0, ""pack_block"": 1024, ""pack_warps"": 4, ""push"": true, ""reverse"": false, ""schedule"": ""full"", ""sms"": 16, ""streams"": 3, ""use_ce"": false}}","{""algo_id"": 66, ""cluster_shape"": 3, ""cta_swizzle"": 0, ""custom"": 1, ""inner_shape"": 0, ""reduction"": 0, ""returned"": 8, ""split_k"": 1, ""stages_id"": 35, ""tile_id"": 29, ""tune_ms"": 0.32872533798217773, ""valid"": 8, ""waves"": 24.84848403930664, ""workspace_bytes"": 4}",full_v2/teub_formal_auto_cp8.json
a2a_gemm/production_qwen_dense/s524288/cp4,production_qwen_dense,524288,4,cublaslt_nccl,eager,,"[131072, 2048, 2048]",,,3.1684800386428833,3.431489622592926,,,347.0154819870478,3168.4800386428833,3431.489622592926,,,"{""nccl_environment"": {""NCCL_GRAPH_REGISTER"": ""1"", ""NCCL_IB_DISABLE"": ""1"", ""NCCL_LOCAL_REGISTER"": ""1"", ""NCCL_MAX_P2P_NCHANNELS"": ""32"", ""NCCL_MIN_P2P_NCHANNELS"": ""32"", ""NCCL_P2P_LL_THRESHOLD"": ""65536"", ""NCCL_P2P_NVL_CHUNKSIZE"": ""524288""}, ""operator"": {""chunks"": 1, ""local_first"": false, ""math_sms"": 0, ""pack_block"": 1024, ""pack_warps"": 4, ""push"": true, ""reverse"": false, ""schedule"": ""full"", ""sms"": 0, ""streams"": 3, ""use_ce"": false}}","{""algo_id"": 66, ""cluster_shape"": 3, ""cta_swizzle"": 0, ""custom"": 4, ""inner_shape"": 0, ""reduction"": 0, ""returned"": 8, ""split_k"": 1, ""stages_id"": 35, ""tile_id"": 23, ""tune_ms"": 1.3127413988113403, ""valid"": 8, ""waves"": 62.06060791015625, ""workspace_bytes"": 4}",full_v2/cublaslt_nccl_formal_ch32_chunk512_ll64_cp4.json
a2a_gemm/production_qwen_dense/s524288/cp4,production_qwen_dense,524288,4,cublaslt_nccl,graph,,"[131072, 2048, 2048]",,,3.074847936630249,3.1048479318618774,,,357.58243998919954,3074.847936630249,3104.8479318618774,,,"{""nccl_environment"": {""NCCL_GRAPH_REGISTER"": ""1"", ""NCCL_IB_DISABLE"": ""1"", ""NCCL_LOCAL_REGISTER"": ""1"", ""NCCL_MAX_P2P_NCHANNELS"": ""24"", ""NCCL_MIN_P2P_NCHANNELS"": ""24"", ""NCCL_P2P_LL_THRESHOLD"": ""65536"", ""NCCL_P2P_NVL_CHUNKSIZE"": ""131072""}, ""operator"": {""chunks"": 1, ""local_first"": false, ""math_sms"": 0, ""pack_block"": 1024, ""pack_warps"": 4, ""push"": true, ""reverse"": false, ""schedule"": ""full"", ""sms"": 0, ""streams"": 3, ""use_ce"": false}}","{""algo_id"": 66, ""cluster_shape"": 5, ""cta_swizzle"": 0, ""custom"": 7, ""inner_shape"": 0, ""reduction"": 0, ""returned"": 8, ""split_k"": 1, ""stages_id"": 35, ""tile_id"": 24, ""tune_ms"": 1.3344053030014038, ""valid"": 8, ""waves"": 62.06060791015625, ""workspace_bytes"": 4}",full_v2/cublaslt_nccl_formal_ch24_chunk128_ll64_cp4.json
a2a_gemm/production_qwen_dense/s524288/cp4,production_qwen_dense,524288,4,teub,eager,,"[131072, 2048, 2048]",,,2.6346720457077026,2.7315104246139525,,,417.32390548086556,2634.6720457077026,2731.5104246139526,,,"{""nccl_environment"": {""NCCL_GRAPH_REGISTER"": ""1"", ""NCCL_IB_DISABLE"": ""1"", ""NCCL_LOCAL_REGISTER"": ""1""}, ""operator"": {""chunks"": 4, ""local_first"": false, ""math_sms"": 0, ""pack_block"": 1024, ""pack_warps"": 4, ""push"": true, ""reverse"": false, ""schedule"": ""row_pipeline"", ""sms"": 8, ""streams"": 3, ""use_ce"": false}}","{""algo_id"": 66, ""cluster_shape"": 3, ""cta_swizzle"": 0, ""custom"": 1, ""inner_shape"": 0, ""reduction"": 0, ""returned"": 8, ""split_k"": 1, ""stages_id"": 35, ""tile_id"": 29, ""tune_ms"": 0.32709333300590515, ""valid"": 8, ""waves"": 24.84848403930664, ""workspace_bytes"": 4}",full_v2/teub_formal_auto_cp4.json
a2a_gemm/production_qwen_dense/s524288/cp4,production_qwen_dense,524288,4,teub,graph,,"[131072, 2048, 2048]",,,2.6043519973754883,2.6278367757797243,,,422.1824196130257,2604.3519973754883,2627.836775779724,,,"{""nccl_environment"": {""NCCL_GRAPH_REGISTER"": ""1"", ""NCCL_IB_DISABLE"": ""1"", ""NCCL_LOCAL_REGISTER"": ""1""}, ""operator"": {""chunks"": 4, ""local_first"": false, ""math_sms"": 0, ""pack_block"": 1024, ""pack_warps"": 4, ""push"": true, ""reverse"": false, ""schedule"": ""row_pipeline"", ""sms"": 8, ""streams"": 3, ""use_ce"": false}}","{""algo_id"": 66, ""cluster_shape"": 3, ""cta_swizzle"": 0, ""custom"": 1, ""inner_shape"": 0, ""reduction"": 0, ""returned"": 8, ""split_k"": 1, ""stages_id"": 35, ""tile_id"": 29, ""tune_ms"": 0.32709333300590515, ""valid"": 8, ""waves"": 24.84848403930664, ""workspace_bytes"": 4}",full_v2/teub_formal_auto_cp4.json
a2a_gemm/production_qwen_dense/s524288/cp8,production_qwen_dense,524288,8,cublaslt_nccl,eager,,"[65536, 2048, 2048]",,,1.8176640272140503,1.8440736293792725,,,302.4518313929641,1817.6640272140503,1844.0736293792725,,,"{""nccl_environment"": {""NCCL_GRAPH_REGISTER"": ""1"", ""NCCL_IB_DISABLE"": ""1"", ""NCCL_LOCAL_REGISTER"": ""1"", ""NCCL_MAX_P2P_NCHANNELS"": ""24"", ""NCCL_MIN_P2P_NCHANNELS"": ""24"", ""NCCL_P2P_LL_THRESHOLD"": ""65536"", ""NCCL_P2P_NVL_CHUNKSIZE"": ""131072""}, ""operator"": {""chunks"": 1, ""local_first"": false, ""math_sms"": 0, ""pack_block"": 1024, ""pack_warps"": 4, ""push"": true, ""reverse"": false, ""schedule"": ""full"", ""sms"": 0, ""streams"": 3, ""use_ce"": false}}","{""algo_id"": 66, ""cluster_shape"": 3, ""cta_swizzle"": 0, ""custom"": 1, ""inner_shape"": 0, ""reduction"": 0, ""returned"": 8, ""split_k"": 1, ""stages_id"": 35, ""tile_id"": 29, ""tune_ms"": 0.6588639616966248, ""valid"": 8, ""waves"": 49.69696807861328, ""workspace_bytes"": 4}",full_v2/cublaslt_nccl_formal_ch24_chunk128_ll64_cp8.json
a2a_gemm/production_qwen_dense/s524288/cp8,production_qwen_dense,524288,8,cublaslt_nccl,graph,,"[65536, 2048, 2048]",,,1.7990559935569763,1.8241952180862426,,,305.58015751419646,1799.0559935569763,1824.1952180862427,,,"{""nccl_environment"": {""NCCL_GRAPH_REGISTER"": ""1"", ""NCCL_IB_DISABLE"": ""1"", ""NCCL_LOCAL_REGISTER"": ""1"", ""NCCL_MAX_P2P_NCHANNELS"": ""24"", ""NCCL_MIN_P2P_NCHANNELS"": ""24"", ""NCCL_P2P_LL_THRESHOLD"": ""65536"", ""NCCL_P2P_NVL_CHUNKSIZE"": ""131072""}, ""operator"": {""chunks"": 1, ""local_first"": false, ""math_sms"": 0, ""pack_block"": 1024, ""pack_warps"": 4, ""push"": true, ""reverse"": false, ""schedule"": ""full"", ""sms"": 0, ""streams"": 3, ""use_ce"": false}}","{""algo_id"": 66, ""cluster_shape"": 3, ""cta_swizzle"": 0, ""custom"": 1, ""inner_shape"": 0, ""reduction"": 0, ""returned"": 8, ""split_k"": 1, ""stages_id"": 35, ""tile_id"": 29, ""tune_ms"": 0.6588639616966248, ""valid"": 8, ""waves"": 49.69696807861328, ""workspace_bytes"": 4}",full_v2/cublaslt_nccl_formal_ch24_chunk128_ll64_cp8.json
a2a_gemm/production_qwen_dense/s524288/cp8,production_qwen_dense,524288,8,teub,eager,,"[65536, 2048, 2048]",,,2.12883198261261,2.2234320521354674,,,258.2429324522417,2128.83198261261,2223.4320521354675,,,"{""nccl_environment"": {""NCCL_GRAPH_REGISTER"": ""1"", ""NCCL_IB_DISABLE"": ""1"", ""NCCL_LOCAL_REGISTER"": ""1""}, ""operator"": {""chunks"": 2, ""local_first"": false, ""math_sms"": 0, ""pack_block"": 1024, ""pack_warps"": 4, ""push"": true, ""reverse"": false, ""schedule"": ""row_pipeline"", ""sms"": 8, ""streams"": 3, ""use_ce"": false}}","{""algo_id"": 66, ""cluster_shape"": 3, ""cta_swizzle"": 0, ""custom"": 1, ""inner_shape"": 0, ""reduction"": 0, ""returned"": 8, ""split_k"": 1, ""stages_id"": 35, ""tile_id"": 29, ""tune_ms"": 0.3283413350582123, ""valid"": 8, ""waves"": 24.84848403930664, ""workspace_bytes"": 4}",full_v2/teub_formal_auto_cp8.json
a2a_gemm/production_qwen_dense/s524288/cp8,production_qwen_dense,524288,8,teub,graph,,"[65536, 2048, 2048]",,,1.8197759985923767,1.8358527839183807,,,302.1008158769234,1819.7759985923767,1835.8527839183807,,,"{""nccl_environment"": {""NCCL_GRAPH_REGISTER"": ""1"", ""NCCL_IB_DISABLE"": ""1"", ""NCCL_LOCAL_REGISTER"": ""1""}, ""operator"": {""chunks"": 1, ""local_first"": false, ""math_sms"": 0, ""pack_block"": 1024, ""pack_warps"": 4, ""push"": true, ""reverse"": false, ""schedule"": ""full"", ""sms"": 12, ""streams"": 1, ""use_ce"": false}}","{""algo_id"": 66, ""cluster_shape"": 3, ""cta_swizzle"": 0, ""custom"": 1, ""inner_shape"": 0, ""reduction"": 0, ""returned"": 8, ""split_k"": 1, ""stages_id"": 35, ""tile_id"": 29, ""tune_ms"": 0.649669349193573, ""valid"": 8, ""waves"": 49.69696807861328, ""workspace_bytes"": 4}",full_v2/teub_formal_auto_cp8.json
a2a_gemm/llama3_8b/s1024/cp4,llama3_8b,1024,4,cublaslt_nccl,eager,,"[256, 4096, 4096]",,,0.13180800527334213,0.15179680287837982,,,65.17005226037887,131.80800527334213,151.79680287837982,,,"{""nccl_environment"": {""NCCL_GRAPH_REGISTER"": ""1"", ""NCCL_IB_DISABLE"": ""1"", ""NCCL_LOCAL_REGISTER"": ""1"", ""NCCL_MAX_P2P_NCHANNELS"": ""24"", ""NCCL_MIN_P2P_NCHANNELS"": ""24"", ""NCCL_P2P_LL_THRESHOLD"": ""65536"", ""NCCL_P2P_NVL_CHUNKSIZE"": ""131072""}, ""operator"": {""chunks"": 1, ""local_first"": false, ""math_sms"": 0, ""pack_block"": 1024, ""pack_warps"": 4, ""push"": true, ""reverse"": false, ""schedule"": ""full"", ""sms"": 0, ""streams"": 3, ""use_ce"": false}}","{""algo_id"": 66, ""cluster_shape"": 5, ""cta_swizzle"": 0, ""custom"": 3, ""inner_shape"": 0, ""reduction"": 0, ""returned"": 8, ""split_k"": 1, ""stages_id"": 35, ""tile_id"": 18, ""tune_ms"": 0.017071999609470367, ""valid"": 8, ""waves"": 0.9696969985961914, ""workspace_bytes"": 0}",full_v2/cublaslt_nccl_formal_ch24_chunk128_ll64_cp4.json
a2a_gemm/llama3_8b/s1024/cp4,llama3_8b,1024,4,cublaslt_nccl,graph,,"[256, 4096, 4096]",,,0.06963200122117996,0.07474720291793346,,,123.36188018946667,69.63200122117996,74.74720291793346,,,"{""nccl_environment"": {""NCCL_GRAPH_REGISTER"": ""1"", ""NCCL_IB_DISABLE"": ""1"", ""NCCL_LOCAL_REGISTER"": ""1""}, ""operator"": {""chunks"": 1, ""local_first"": false, ""math_sms"": 0, ""pack_block"": 1024, ""pack_warps"": 4, ""push"": true, ""reverse"": false, ""schedule"": ""full"", ""sms"": 0, ""streams"": 3, ""use_ce"": false}}","{""algo_id"": 66, ""cluster_shape"": 7, ""cta_swizzle"": 0, ""custom"": 0, ""inner_shape"": 0, ""reduction"": 0, ""returned"": 8, ""split_k"": 1, ""stages_id"": 35, ""tile_id"": 135, ""tune_ms"": 0.017626667395234108, ""valid"": 8, ""waves"": 0.7878788113594055, ""workspace_bytes"": 0}",full_v2/cublaslt_nccl_formal_auto_cp4.json
a2a_gemm/llama3_8b/s1024/cp4,llama3_8b,1024,4,teub,eager,,"[256, 4096, 4096]",,,0.1658399999141693,0.1747327961027622,,,51.79651830948945,165.8399999141693,174.73279610276222,,,"{""nccl_environment"": {""NCCL_GRAPH_REGISTER"": ""1"", ""NCCL_IB_DISABLE"": ""1"", ""NCCL_LOCAL_REGISTER"": ""1""}, ""operator"": {""chunks"": 1, ""local_first"": false, ""math_sms"": 0, ""pack_block"": 512, ""pack_warps"": 4, ""push"": true, ""reverse"": false, ""schedule"": ""full"", ""sms"": 16, ""streams"": 1, ""use_ce"": false}}","{""algo_id"": 66, ""cluster_shape"": 5, ""cta_swizzle"": 0, ""custom"": 3, ""inner_shape"": 0, ""reduction"": 0, ""returned"": 8, ""split_k"": 1, ""stages_id"": 35, ""tile_id"": 18, ""tune_ms"": 0.016549333930015564, ""valid"": 8, ""waves"": 0.9696969985961914, ""workspace_bytes"": 0}",full_v2/teub_formal_auto_cp4.json
a2a_gemm/llama3_8b/s1024/cp4,llama3_8b,1024,4,teub,graph,,"[256, 4096, 4096]",,,0.061343999579548836,0.07135199867188931,,,140.02892949392486,61.343999579548836,71.3519986718893,,,"{""nccl_environment"": {""NCCL_GRAPH_REGISTER"": ""1"", ""NCCL_IB_DISABLE"": ""1"", ""NCCL_LOCAL_REGISTER"": ""1""}, ""operator"": {""chunks"": 1, ""local_first"": false, ""math_sms"": 0, ""pack_block"": 1024, ""pack_warps"": 4, ""push"": true, ""reverse"": false, ""schedule"": ""full"", ""sms"": 4, ""streams"": 3, ""use_ce"": false}}","{""algo_id"": 66, ""cluster_shape"": 5, ""cta_swizzle"": 0, ""custom"": 3, ""inner_shape"": 0, ""reduction"": 0, ""returned"": 8, ""split_k"": 1, ""stages_id"": 35, ""tile_id"": 18, ""tune_ms"": 0.016549333930015564, ""valid"": 8, ""waves"": 0.9696969985961914, ""workspace_bytes"": 0}",full_v2/teub_formal_auto_cp4.json
a2a_gemm/llama3_8b/s1024/cp8,llama3_8b,1024,8,cublaslt_nccl,eager,,"[128, 4096, 4096]",,,0.1347840055823326,0.26451199278235427,,,31.865556135118908,134.7840055823326,264.51199278235424,,,"{""nccl_environment"": {""NCCL_GRAPH_REGISTER"": ""1"", ""NCCL_IB_DISABLE"": ""1"", ""NCCL_LOCAL_REGISTER"": ""1"", ""NCCL_MAX_P2P_NCHANNELS"": ""32"", ""NCCL_MIN_P2P_NCHANNELS"": ""32"", ""NCCL_P2P_LL_THRESHOLD"": ""65536"", ""NCCL_P2P_NVL_CHUNKSIZE"": ""524288""}, ""operator"": {""chunks"": 1, ""local_first"": false, ""math_sms"": 0, ""pack_block"": 1024, ""pack_warps"": 4, ""push"": true, ""reverse"": false, ""schedule"": ""full"", ""sms"": 0, ""streams"": 3, ""use_ce"": false}}","{""algo_id"": 66, ""cluster_shape"": 7, ""cta_swizzle"": 0, ""custom"": 0, ""inner_shape"": 0, ""reduction"": 0, ""returned"": 8, ""split_k"": 1, ""stages_id"": 35, ""tile_id"": 27, ""tune_ms"": 0.013370666652917862, ""valid"": 8, ""waves"": 0.6515151262283325, ""workspace_bytes"": 0}",full_v2/cublaslt_nccl_formal_ch32_chunk512_ll64_cp8.json
a2a_gemm/llama3_8b/s1024/cp8,llama3_8b,1024,8,cublaslt_nccl,graph,,"[128, 4096, 4096]",,,0.07398400083184242,0.08381920084357261,,,58.05264986631357,73.98400083184242,83.81920084357262,,,"{""nccl_environment"": {""NCCL_GRAPH_REGISTER"": ""1"", ""NCCL_IB_DISABLE"": ""1"", ""NCCL_LOCAL_REGISTER"": ""1""}, ""operator"": {""chunks"": 1, ""local_first"": false, ""math_sms"": 0, ""pack_block"": 1024, ""pack_warps"": 4, ""push"": true, ""reverse"": false, ""schedule"": ""full"", ""sms"": 0, ""streams"": 3, ""use_ce"": false}}","{""algo_id"": 66, ""cluster_shape"": 7, ""cta_swizzle"": 0, ""custom"": 0, ""inner_shape"": 0, ""reduction"": 0, ""returned"": 8, ""split_k"": 1, ""stages_id"": 35, ""tile_id"": 27, ""tune_ms"": 0.013146665878593922, ""valid"": 8, ""waves"": 0.6515151262283325, ""workspace_bytes"": 0}",full_v2/cublaslt_nccl_formal_auto_cp8.json
a2a_gemm/llama3_8b/s1024/cp8,llama3_8b,1024,8,teub,eager,,"[128, 4096, 4096]",,,0.2330239936709404,0.25596960484981535,,,18.431438017773576,233.0239936709404,255.96960484981534,,,"{""nccl_environment"": {""NCCL_GRAPH_REGISTER"": ""1"", ""NCCL_IB_DISABLE"": ""1"", ""NCCL_LOCAL_REGISTER"": ""1""}, ""operator"": {""chunks"": 1, ""local_first"": false, ""math_sms"": 0, ""pack_block"": 1024, ""pack_warps"": 4, ""push"": true, ""reverse"": false, ""schedule"": ""full"", ""sms"": 8, ""streams"": 3, ""use_ce"": false}}","{""algo_id"": 66, ""cluster_shape"": 7, ""cta_swizzle"": 0, ""custom"": 0, ""inner_shape"": 0, ""reduction"": 0, ""returned"": 8, ""split_k"": 1, ""stages_id"": 35, ""tile_id"": 27, ""tune_ms"": 0.013173333369195461, ""valid"": 8, ""waves"": 0.6515151262283325, ""workspace_bytes"": 0}",full_v2/teub_formal_auto_cp8.json
a2a_gemm/llama3_8b/s1024/cp8,llama3_8b,1024,8,teub,graph,,"[128, 4096, 4096]",,,0.06992000341415405,0.07967839911580085,,,61.42687480376411,69.92000341415405,79.67839911580086,,,"{""nccl_environment"": {""NCCL_GRAPH_REGISTER"": ""1"", ""NCCL_IB_DISABLE"": ""1"", ""NCCL_LOCAL_REGISTER"": ""1""}, ""operator"": {""chunks"": 1, ""local_first"": false, ""math_sms"": 0, ""pack_block"": 1024, ""pack_warps"": 4, ""push"": true, ""reverse"": false, ""schedule"": ""full"", ""sms"": 16, ""streams"": 3, ""use_ce"": false}}","{""algo_id"": 66, ""cluster_shape"": 7, ""cta_swizzle"": 0, ""custom"": 0, ""inner_shape"": 0, ""reduction"": 0, ""returned"": 8, ""split_k"": 1, ""stages_id"": 35, ""tile_id"": 27, ""tune_ms"": 0.013173333369195461, ""valid"": 8, ""waves"": 0.6515151262283325, ""workspace_bytes"": 0}",full_v2/teub_formal_auto_cp8.json
a2a_gemm/llama3_8b/s4096/cp4,llama3_8b,4096,4,cublaslt_nccl,eager,,"[1024, 4096, 4096]",,,0.1589599996805191,0.17444320470094682,,,216.15336208515896,158.9599996805191,174.4432047009468,,,"{""nccl_environment"": {""NCCL_GRAPH_REGISTER"": ""1"", ""NCCL_IB_DISABLE"": ""1"", ""NCCL_LOCAL_REGISTER"": ""1""}, ""operator"": {""chunks"": 1, ""local_first"": false, ""math_sms"": 0, ""pack_block"": 1024, ""pack_warps"": 4, ""push"": true, ""reverse"": false, ""schedule"": ""full"", ""sms"": 0, ""streams"": 3, ""use_ce"": false}}","{""algo_id"": 66, ""cluster_shape"": 3, ""cta_swizzle"": 0, ""custom"": 1, ""inner_shape"": 0, ""reduction"": 0, ""returned"": 8, ""split_k"": 1, ""stages_id"": 35, ""tile_id"": 20, ""tune_ms"": 0.04517866671085358, ""valid"": 8, ""waves"": 1.9393939971923828, ""workspace_bytes"": 0}",full_v2/cublaslt_nccl_formal_auto_cp4.json
a2a_gemm/llama3_8b/s4096/cp4,llama3_8b,4096,4,cublaslt_nccl,graph,,"[1024, 4096, 4096]",,,0.11955200135707855,0.12483040019869804,,,287.4041252172279,119.55200135707855,124.83040019869804,,,"{""nccl_environment"": {""NCCL_GRAPH_REGISTER"": ""1"", ""NCCL_IB_DISABLE"": ""1"", ""NCCL_LOCAL_REGISTER"": ""1""}, ""operator"": {""chunks"": 1, ""local_first"": false, ""math_sms"": 0, ""pack_block"": 1024, ""pack_warps"": 4, ""push"": true, ""reverse"": false, ""schedule"": ""full"", ""sms"": 0, ""streams"": 3, ""use_ce"": false}}","{""algo_id"": 66, ""cluster_shape"": 3, ""cta_swizzle"": 0, ""custom"": 1, ""inner_shape"": 0, ""reduction"": 0, ""returned"": 8, ""split_k"": 1, ""stages_id"": 35, ""tile_id"": 20, ""tune_ms"": 0.04517866671085358, ""valid"": 8, ""waves"": 1.9393939971923828, ""workspace_bytes"": 0}",full_v2/cublaslt_nccl_formal_auto_cp4.json
a2a_gemm/llama3_8b/s4096/cp4,llama3_8b,4096,4,teub,eager,,"[1024, 4096, 4096]",,,0.19150400161743164,0.21754719316959378,,,179.42047204131325,191.50400161743164,217.54719316959378,,,"{""nccl_environment"": {""NCCL_GRAPH_REGISTER"": ""1"", ""NCCL_IB_DISABLE"": ""1"", ""NCCL_LOCAL_REGISTER"": ""1""}, ""operator"": {""chunks"": 1, ""local_first"": false, ""math_sms"": 0, ""pack_block"": 512, ""pack_warps"": 8, ""push"": true, ""reverse"": false, ""schedule"": ""full"", ""sms"": 8, ""streams"": 1, ""use_ce"": false}}","{""algo_id"": 66, ""cluster_shape"": 3, ""cta_swizzle"": 0, ""custom"": 4, ""inner_shape"": 0, ""reduction"": 0, ""returned"": 8, ""split_k"": 1, ""stages_id"": 35, ""tile_id"": 23, ""tune_ms"": 0.04479999840259552, ""valid"": 8, ""waves"": 0.9696969985961914, ""workspace_bytes"": 0}",full_v2/teub_formal_auto_cp4.json
a2a_gemm/llama3_8b/s4096/cp4,llama3_8b,4096,4,teub,graph,,"[1024, 4096, 4096]",,,0.1032320000231266,0.11046240255236625,,,332.83999496573296,103.2320000231266,110.46240255236626,,,"{""nccl_environment"": {""NCCL_GRAPH_REGISTER"": ""1"", ""NCCL_IB_DISABLE"": ""1"", ""NCCL_LOCAL_REGISTER"": ""1""}, ""operator"": {""chunks"": 2, ""local_first"": false, ""math_sms"": 0, ""pack_block"": 1024, ""pack_warps"": 4, ""push"": true, ""reverse"": false, ""schedule"": ""row_pipeline"", ""sms"": 8, ""streams"": 3, ""use_ce"": false}}","{""algo_id"": 66, ""cluster_shape"": 3, ""cta_swizzle"": 0, ""custom"": 1, ""inner_shape"": 0, ""reduction"": 0, ""returned"": 8, ""split_k"": 1, ""stages_id"": 35, ""tile_id"": 20, ""tune_ms"": 0.025749333202838898, ""valid"": 8, ""waves"": 0.9696969985961914, ""workspace_bytes"": 0}",full_v2/teub_formal_auto_cp4.json
a2a_gemm/llama3_8b/s4096/cp8,llama3_8b,4096,8,cublaslt_nccl,eager,,"[512, 4096, 4096]",,,0.15878399461507797,0.18379199728369713,,,108.19647928399338,158.78399461507797,183.79199728369713,,,"{""nccl_environment"": {""NCCL_GRAPH_REGISTER"": ""1"", ""NCCL_IB_DISABLE"": ""1"", ""NCCL_LOCAL_REGISTER"": ""1"", ""NCCL_MAX_P2P_NCHANNELS"": ""32"", ""NCCL_MIN_P2P_NCHANNELS"": ""32"", ""NCCL_P2P_LL_THRESHOLD"": ""65536"", ""NCCL_P2P_NVL_CHUNKSIZE"": ""524288""}, ""operator"": {""chunks"": 1, ""local_first"": false, ""math_sms"": 0, ""pack_block"": 1024, ""pack_warps"": 4, ""push"": true, ""reverse"": false, ""schedule"": ""full"", ""sms"": 0, ""streams"": 3, ""use_ce"": false}}","{""algo_id"": 66, ""cluster_shape"": 3, ""cta_swizzle"": 0, ""custom"": 1, ""inner_shape"": 0, ""reduction"": 0, ""returned"": 8, ""split_k"": 1, ""stages_id"": 35, ""tile_id"": 20, ""tune_ms"": 0.025973333045840263, ""valid"": 8, ""waves"": 0.9696969985961914, ""workspace_bytes"": 0}",full_v2/cublaslt_nccl_formal_ch32_chunk512_ll64_cp8.json
a2a_gemm/llama3_8b/s4096/cp8,llama3_8b,4096,8,cublaslt_nccl,graph,,"[512, 4096, 4096]",,,0.12091200053691864,0.13285759612917897,,,142.0857243922152,120.91200053691864,132.85759612917897,,,"{""nccl_environment"": {""NCCL_GRAPH_REGISTER"": ""1"", ""NCCL_IB_DISABLE"": ""1"", ""NCCL_LOCAL_REGISTER"": ""1"", ""NCCL_MAX_P2P_NCHANNELS"": ""32"", ""NCCL_MIN_P2P_NCHANNELS"": ""32"", ""NCCL_P2P_LL_THRESHOLD"": ""65536"", ""NCCL_P2P_NVL_CHUNKSIZE"": ""524288""}, ""operator"": {""chunks"": 1, ""local_first"": false, ""math_sms"": 0, ""pack_block"": 1024, ""pack_warps"": 4, ""push"": true, ""reverse"": false, ""schedule"": ""full"", ""sms"": 0, ""streams"": 3, ""use_ce"": false}}","{""algo_id"": 66, ""cluster_shape"": 3, ""cta_swizzle"": 0, ""custom"": 1, ""inner_shape"": 0, ""reduction"": 0, ""returned"": 8, ""split_k"": 1, ""stages_id"": 35, ""tile_id"": 20, ""tune_ms"": 0.025973333045840263, ""valid"": 8, ""waves"": 0.9696969985961914, ""workspace_bytes"": 0}",full_v2/cublaslt_nccl_formal_ch32_chunk512_ll64_cp8.json
a2a_gemm/llama3_8b/s4096/cp8,llama3_8b,4096,8,teub,eager,,"[512, 4096, 4096]",,,0.397039994597435,0.4154624119400978,,,43.269870586762764,397.039994597435,415.4624119400978,,,"{""nccl_environment"": {""NCCL_GRAPH_REGISTER"": ""1"", ""NCCL_IB_DISABLE"": ""1"", ""NCCL_LOCAL_REGISTER"": ""1""}, ""operator"": {""chunks"": 1, ""local_first"": false, ""math_sms"": 0, ""pack_block"": 1024, ""pack_warps"": 4, ""push"": true, ""reverse"": false, ""schedule"": ""full"", ""sms"": 4, ""streams"": 1, ""use_ce"": false}}","{""algo_id"": 66, ""cluster_shape"": 3, ""cta_swizzle"": 0, ""custom"": 1, ""inner_shape"": 0, ""reduction"": 0, ""returned"": 8, ""split_k"": 1, ""stages_id"": 35, ""tile_id"": 20, ""tune_ms"": 0.025466665625572205, ""valid"": 8, ""waves"": 0.9696969985961914, ""workspace_bytes"": 0}",full_v2/teub_formal_auto_cp8.json
a2a_gemm/llama3_8b/s4096/cp8,llama3_8b,4096,8,teub,graph,,"[512, 4096, 4096]",,,0.10356799885630608,0.11646080017089844,,,165.8800920527195,103.56799885630608,116.46080017089844,,,"{""nccl_environment"": {""NCCL_GRAPH_REGISTER"": ""1"", ""NCCL_IB_DISABLE"": ""1"", ""NCCL_LOCAL_REGISTER"": ""1""}, ""operator"": {""chunks"": 1, ""local_first"": false, ""math_sms"": 0, ""pack_block"": 1024, ""pack_warps"": 4, ""push"": true, ""reverse"": false, ""schedule"": ""full"", ""sms"": 16, ""streams"": 3, ""use_ce"": false}}","{""algo_id"": 66, ""cluster_shape"": 3, ""cta_swizzle"": 0, ""custom"": 1, ""inner_shape"": 0, ""reduction"": 0, ""returned"": 8, ""split_k"": 1, ""stages_id"": 35, ""tile_id"": 20, ""tune_ms"": 0.025466665625572205, ""valid"": 8, ""waves"": 0.9696969985961914, ""workspace_bytes"": 0}",full_v2/teub_formal_auto_cp8.json
a2a_gemm/llama3_8b/s16384/cp4,llama3_8b,16384,4,cublaslt_nccl,eager,,"[4096, 4096, 4096]",,,0.3534719944000244,0.3648016020655632,,,388.825580666683,353.4719944000244,364.8016020655632,,,"{""nccl_environment"": {""NCCL_GRAPH_REGISTER"": ""1"", ""NCCL_IB_DISABLE"": ""1"", ""NCCL_LOCAL_REGISTER"": ""1"", ""NCCL_MAX_P2P_NCHANNELS"": ""24"", ""NCCL_MIN_P2P_NCHANNELS"": ""24"", ""NCCL_P2P_LL_THRESHOLD"": ""65536"", ""NCCL_P2P_NVL_CHUNKSIZE"": ""131072""}, ""operator"": {""chunks"": 1, ""local_first"": false, ""math_sms"": 0, ""pack_block"": 1024, ""pack_warps"": 4, ""push"": true, ""reverse"": false, ""schedule"": ""full"", ""sms"": 0, ""streams"": 3, ""use_ce"": false}}","{""algo_id"": 66, ""cluster_shape"": 3, ""cta_swizzle"": 0, ""custom"": 4, ""inner_shape"": 0, ""reduction"": 0, ""returned"": 8, ""split_k"": 1, ""stages_id"": 35, ""tile_id"": 23, ""tune_ms"": 0.1695733219385147, ""valid"": 8, ""waves"": 3.8787879943847656, ""workspace_bytes"": 4}",full_v2/cublaslt_nccl_formal_ch24_chunk128_ll64_cp4.json
a2a_gemm/llama3_8b/s16384/cp4,llama3_8b,16384,4,cublaslt_nccl,graph,,"[4096, 4096, 4096]",,,0.33060799539089203,0.33540960252285,,,415.7157582033067,330.60799539089203,335.40960252285004,,,"{""nccl_environment"": {""NCCL_GRAPH_REGISTER"": ""1"", ""NCCL_IB_DISABLE"": ""1"", ""NCCL_LOCAL_REGISTER"": ""1"", ""NCCL_MAX_P2P_NCHANNELS"": ""24"", ""NCCL_MIN_P2P_NCHANNELS"": ""24"", ""NCCL_P2P_LL_THRESHOLD"": ""65536"", ""NCCL_P2P_NVL_CHUNKSIZE"": ""131072""}, ""operator"": {""chunks"": 1, ""local_first"": false, ""math_sms"": 0, ""pack_block"": 1024, ""pack_warps"": 4, ""push"": true, ""reverse"": false, ""schedule"": ""full"", ""sms"": 0, ""streams"": 3, ""use_ce"": false}}","{""algo_id"": 66, ""cluster_shape"": 3, ""cta_swizzle"": 0, ""custom"": 4, ""inner_shape"": 0, ""reduction"": 0, ""returned"": 8, ""split_k"": 1, ""stages_id"": 35, ""tile_id"": 23, ""tune_ms"": 0.1695733219385147, ""valid"": 8, ""waves"": 3.8787879943847656, ""workspace_bytes"": 4}",full_v2/cublaslt_nccl_formal_ch24_chunk128_ll64_cp4.json
a2a_gemm/llama3_8b/s16384/cp4,llama3_8b,16384,4,teub,eager,,"[4096, 4096, 4096]",,,0.37252800166606903,0.3824048027396202,,,368.9358997372743,372.52800166606903,382.4048027396202,,,"{""nccl_environment"": {""NCCL_GRAPH_REGISTER"": ""1"", ""NCCL_IB_DISABLE"": ""1"", ""NCCL_LOCAL_REGISTER"": ""1""}, ""operator"": {""chunks"": 1, ""local_first"": false, ""math_sms"": 0, ""pack_block"": 1024, ""pack_warps"": 4, ""push"": true, ""reverse"": false, ""schedule"": ""full"", ""sms"": 16, ""streams"": 3, ""use_ce"": false}}","{""algo_id"": 66, ""cluster_shape"": 3, ""cta_swizzle"": 0, ""custom"": 4, ""inner_shape"": 0, ""reduction"": 0, ""returned"": 8, ""split_k"": 1, ""stages_id"": 35, ""tile_id"": 23, ""tune_ms"": 0.1672319918870926, ""valid"": 8, ""waves"": 3.8787879943847656, ""workspace_bytes"": 4}",full_v2/teub_formal_auto_cp4.json
a2a_gemm/llama3_8b/s16384/cp4,llama3_8b,16384,4,teub,graph,,"[4096, 4096, 4096]",,,0.2943359911441803,0.3064495950937271,,,466.9457953060033,294.3359911441803,306.4495950937271,,,"{""nccl_environment"": {""NCCL_GRAPH_REGISTER"": ""1"", ""NCCL_IB_DISABLE"": ""1"", ""NCCL_LOCAL_REGISTER"": ""1""}, ""operator"": {""chunks"": 2, ""local_first"": false, ""math_sms"": 0, ""pack_block"": 1024, ""pack_warps"": 4, ""push"": true, ""reverse"": false, ""schedule"": ""row_pipeline"", ""sms"": 8, ""streams"": 3, ""use_ce"": false}}","{""algo_id"": 66, ""cluster_shape"": 3, ""cta_swizzle"": 0, ""custom"": 4, ""inner_shape"": 0, ""reduction"": 0, ""returned"": 8, ""split_k"": 1, ""stages_id"": 35, ""tile_id"": 23, ""tune_ms"": 0.08428266644477844, ""valid"": 8, ""waves"": 1.9393939971923828, ""workspace_bytes"": 0}",full_v2/teub_formal_auto_cp4.json
a2a_gemm/llama3_8b/s16384/cp8,llama3_8b,16384,8,cublaslt_nccl,eager,,"[2048, 4096, 4096]",,,0.27558399736881256,0.2993855983018875,,,249.35945988196514,275.58399736881256,299.3855983018875,,,"{""nccl_environment"": {""NCCL_GRAPH_REGISTER"": ""1"", ""NCCL_IB_DISABLE"": ""1"", ""NCCL_LOCAL_REGISTER"": ""1""}, ""operator"": {""chunks"": 1, ""local_first"": false, ""math_sms"": 0, ""pack_block"": 1024, ""pack_warps"": 4, ""push"": true, ""reverse"": false, ""schedule"": ""full"", ""sms"": 0, ""streams"": 3, ""use_ce"": false}}","{""algo_id"": 66, ""cluster_shape"": 3, ""cta_swizzle"": 0, ""custom"": 4, ""inner_shape"": 0, ""reduction"": 0, ""returned"": 8, ""split_k"": 1, ""stages_id"": 35, ""tile_id"": 23, ""tune_ms"": 0.08533333986997604, ""valid"": 8, ""waves"": 1.9393939971923828, ""workspace_bytes"": 0}",full_v2/cublaslt_nccl_formal_auto_cp8.json
a2a_gemm/llama3_8b/s16384/cp8,llama3_8b,16384,8,cublaslt_nccl,graph,,"[2048, 4096, 4096]",,,0.24108799546957016,0.25317280143499377,,,285.03898173011146,241.08799546957016,253.17280143499374,,,"{""nccl_environment"": {""NCCL_GRAPH_REGISTER"": ""1"", ""NCCL_IB_DISABLE"": ""1"", ""NCCL_LOCAL_REGISTER"": ""1""}, ""operator"": {""chunks"": 1, ""local_first"": false, ""math_sms"": 0, ""pack_block"": 1024, ""pack_warps"": 4, ""push"": true, ""reverse"": false, ""schedule"": ""full"", ""sms"": 0, ""streams"": 3, ""use_ce"": false}}","{""algo_id"": 66, ""cluster_shape"": 3, ""cta_swizzle"": 0, ""custom"": 4, ""inner_shape"": 0, ""reduction"": 0, ""returned"": 8, ""split_k"": 1, ""stages_id"": 35, ""tile_id"": 23, ""tune_ms"": 0.08533333986997604, ""valid"": 8, ""waves"": 1.9393939971923828, ""workspace_bytes"": 0}",full_v2/cublaslt_nccl_formal_auto_cp8.json
a2a_gemm/llama3_8b/s16384/cp8,llama3_8b,16384,8,teub,eager,,"[2048, 4096, 4096]",,,0.33428800106048584,0.37932801246643066,,,205.56967799620767,334.28800106048584,379.32801246643066,,,"{""nccl_environment"": {""NCCL_GRAPH_REGISTER"": ""1"", ""NCCL_IB_DISABLE"": ""1"", ""NCCL_LOCAL_REGISTER"": ""1""}, ""operator"": {""chunks"": 1, ""local_first"": false, ""math_sms"": 0, ""pack_block"": 1024, ""pack_warps"": 4, ""push"": true, ""reverse"": false, ""schedule"": ""full"", ""sms"": 8, ""streams"": 3, ""use_ce"": false}}","{""algo_id"": 66, ""cluster_shape"": 3, ""cta_swizzle"": 0, ""custom"": 4, ""inner_shape"": 0, ""reduction"": 0, ""returned"": 8, ""split_k"": 1, ""stages_id"": 35, ""tile_id"": 23, ""tune_ms"": 0.08456533402204514, ""valid"": 8, ""waves"": 1.9393939971923828, ""workspace_bytes"": 0}",full_v2/teub_formal_auto_cp8.json
a2a_gemm/llama3_8b/s16384/cp8,llama3_8b,16384,8,teub,graph,,"[2048, 4096, 4096]",,,0.2192159965634346,0.23743040338158608,,,313.47838576239405,219.2159965634346,237.43040338158607,,,"{""nccl_environment"": {""NCCL_GRAPH_REGISTER"": ""1"", ""NCCL_IB_DISABLE"": ""1"", ""NCCL_LOCAL_REGISTER"": ""1""}, ""operator"": {""chunks"": 1, ""local_first"": false, ""math_sms"": 0, ""pack_block"": 1024, ""pack_warps"": 4, ""push"": true, ""reverse"": false, ""schedule"": ""full"", ""sms"": 8, ""streams"": 3, ""use_ce"": false}}","{""algo_id"": 66, ""cluster_shape"": 3, ""cta_swizzle"": 0, ""custom"": 4, ""inner_shape"": 0, ""reduction"": 0, ""returned"": 8, ""split_k"": 1, ""stages_id"": 35, ""tile_id"": 23, ""tune_ms"": 0.08456533402204514, ""valid"": 8, ""waves"": 1.9393939971923828, ""workspace_bytes"": 0}",full_v2/teub_formal_auto_cp8.json
a2a_gemm/llama3_8b/s131072/cp4,llama3_8b,131072,4,cublaslt_nccl,eager,,"[32768, 4096, 4096]",,,2.369055986404419,2.462368094921112,,,464.11382174414496,2369.055986404419,2462.368094921112,,,"{""nccl_environment"": {""NCCL_GRAPH_REGISTER"": ""1"", ""NCCL_IB_DISABLE"": ""1"", ""NCCL_LOCAL_REGISTER"": ""1"", ""NCCL_MAX_P2P_NCHANNELS"": ""32"", ""NCCL_MIN_P2P_NCHANNELS"": ""32"", ""NCCL_P2P_LL_THRESHOLD"": ""65536"", ""NCCL_P2P_NVL_CHUNKSIZE"": ""524288""}, ""operator"": {""chunks"": 1, ""local_first"": false, ""math_sms"": 0, ""pack_block"": 1024, ""pack_warps"": 4, ""push"": true, ""reverse"": false, ""schedule"": ""full"", ""sms"": 0, ""streams"": 3, ""use_ce"": false}}","{""algo_id"": 66, ""cluster_shape"": 3, ""cta_swizzle"": 0, ""custom"": 1, ""inner_shape"": 0, ""reduction"": 0, ""returned"": 8, ""split_k"": 1, ""stages_id"": 35, ""tile_id"": 29, ""tune_ms"": 1.2967627048492432, ""valid"": 8, ""waves"": 49.69696807861328, ""workspace_bytes"": 4}",full_v2/cublaslt_nccl_formal_ch32_chunk512_ll64_cp4.json
a2a_gemm/llama3_8b/s131072/cp4,llama3_8b,131072,4,cublaslt_nccl,graph,,"[32768, 4096, 4096]",,,2.2869919538497925,2.3086512684822083,,,480.76759777188744,2286.9919538497925,2308.6512684822083,,,"{""nccl_environment"": {""NCCL_GRAPH_REGISTER"": ""1"", ""NCCL_IB_DISABLE"": ""1"", ""NCCL_LOCAL_REGISTER"": ""1"", ""NCCL_MAX_P2P_NCHANNELS"": ""24"", ""NCCL_MIN_P2P_NCHANNELS"": ""24"", ""NCCL_P2P_LL_THRESHOLD"": ""65536"", ""NCCL_P2P_NVL_CHUNKSIZE"": ""131072""}, ""operator"": {""chunks"": 1, ""local_first"": false, ""math_sms"": 0, ""pack_block"": 1024, ""pack_warps"": 4, ""push"": true, ""reverse"": false, ""schedule"": ""full"", ""sms"": 0, ""streams"": 3, ""use_ce"": false}}","{""algo_id"": 66, ""cluster_shape"": 5, ""cta_swizzle"": 0, ""custom"": 6, ""inner_shape"": 0, ""reduction"": 0, ""returned"": 8, ""split_k"": 1, ""stages_id"": 35, ""tile_id"": 209, ""tune_ms"": 1.3506293296813965, ""valid"": 8, ""waves"": 28.5, ""workspace_bytes"": 4}",full_v2/cublaslt_nccl_formal_ch24_chunk128_ll64_cp4.json
a2a_gemm/llama3_8b/s131072/cp4,llama3_8b,131072,4,teub,eager,,"[32768, 4096, 4096]",,,2.1126720905303955,2.1551264405250548,,,520.4364807507646,2112.6720905303955,2155.126440525055,,,"{""nccl_environment"": {""NCCL_GRAPH_REGISTER"": ""1"", ""NCCL_IB_DISABLE"": ""1"", ""NCCL_LOCAL_REGISTER"": ""1""}, ""operator"": {""chunks"": 4, ""local_first"": false, ""math_sms"": 0, ""pack_block"": 1024, ""pack_warps"": 4, ""push"": true, ""reverse"": false, ""schedule"": ""row_pipeline"", ""sms"": 8, ""streams"": 3, ""use_ce"": false}}","{""algo_id"": 66, ""cluster_shape"": 3, ""cta_swizzle"": 0, ""custom"": 4, ""inner_shape"": 0, ""reduction"": 0, ""returned"": 8, ""split_k"": 1, ""stages_id"": 35, ""tile_id"": 23, ""tune_ms"": 0.33103999495506287, ""valid"": 8, ""waves"": 7.757575988769531, ""workspace_bytes"": 4}",full_v2/teub_formal_auto_cp4.json
a2a_gemm/llama3_8b/s131072/cp4,llama3_8b,131072,4,teub,graph,,"[32768, 4096, 4096]",,,2.113759994506836,2.1584959268569945,,,520.1686239844503,2113.759994506836,2158.4959268569946,,,"{""nccl_environment"": {""NCCL_GRAPH_REGISTER"": ""1"", ""NCCL_IB_DISABLE"": ""1"", ""NCCL_LOCAL_REGISTER"": ""1""}, ""operator"": {""chunks"": 4, ""local_first"": false, ""math_sms"": 0, ""pack_block"": 1024, ""pack_warps"": 4, ""push"": true, ""reverse"": false, ""schedule"": ""row_pipeline"", ""sms"": 8, ""streams"": 3, ""use_ce"": false}}","{""algo_id"": 66, ""cluster_shape"": 3, ""cta_swizzle"": 0, ""custom"": 4, ""inner_shape"": 0, ""reduction"": 0, ""returned"": 8, ""split_k"": 1, ""stages_id"": 35, ""tile_id"": 23, ""tune_ms"": 0.33103999495506287, ""valid"": 8, ""waves"": 7.757575988769531, ""workspace_bytes"": 4}",full_v2/teub_formal_auto_cp4.json
a2a_gemm/llama3_8b/s131072/cp8,llama3_8b,131072,8,cublaslt_nccl,eager,,"[16384, 4096, 4096]",,,1.3376480340957642,1.4580112159252168,,,410.98689630985706,1337.6480340957642,1458.0112159252167,,,"{""nccl_environment"": {""NCCL_GRAPH_REGISTER"": ""1"", ""NCCL_IB_DISABLE"": ""1"", ""NCCL_LOCAL_REGISTER"": ""1"", ""NCCL_MAX_P2P_NCHANNELS"": ""24"", ""NCCL_MIN_P2P_NCHANNELS"": ""24"", ""NCCL_P2P_LL_THRESHOLD"": ""65536"", ""NCCL_P2P_NVL_CHUNKSIZE"": ""131072""}, ""operator"": {""chunks"": 1, ""local_first"": false, ""math_sms"": 0, ""pack_block"": 1024, ""pack_warps"": 4, ""push"": true, ""reverse"": false, ""schedule"": ""full"", ""sms"": 0, ""streams"": 3, ""use_ce"": false}}","{""algo_id"": 66, ""cluster_shape"": 3, ""cta_swizzle"": 0, ""custom"": 4, ""inner_shape"": 0, ""reduction"": 0, ""returned"": 8, ""split_k"": 1, ""stages_id"": 35, ""tile_id"": 23, ""tune_ms"": 0.6701333522796631, ""valid"": 8, ""waves"": 15.515151977539062, ""workspace_bytes"": 4}",full_v2/cublaslt_nccl_formal_ch24_chunk128_ll64_cp8.json
a2a_gemm/llama3_8b/s131072/cp8,llama3_8b,131072,8,cublaslt_nccl,graph,,"[16384, 4096, 4096]",,,1.3262079954147339,1.4140847682952882,,,414.5321214988449,1326.207995414734,1414.084768295288,,,"{""nccl_environment"": {""NCCL_GRAPH_REGISTER"": ""1"", ""NCCL_IB_DISABLE"": ""1"", ""NCCL_LOCAL_REGISTER"": ""1"", ""NCCL_MAX_P2P_NCHANNELS"": ""24"", ""NCCL_MIN_P2P_NCHANNELS"": ""24"", ""NCCL_P2P_LL_THRESHOLD"": ""65536"", ""NCCL_P2P_NVL_CHUNKSIZE"": ""131072""}, ""operator"": {""chunks"": 1, ""local_first"": false, ""math_sms"": 0, ""pack_block"": 1024, ""pack_warps"": 4, ""push"": true, ""reverse"": false, ""schedule"": ""full"", ""sms"": 0, ""streams"": 3, ""use_ce"": false}}","{""algo_id"": 66, ""cluster_shape"": 3, ""cta_swizzle"": 0, ""custom"": 4, ""inner_shape"": 0, ""reduction"": 0, ""returned"": 8, ""split_k"": 1, ""stages_id"": 35, ""tile_id"": 23, ""tune_ms"": 0.6701333522796631, ""valid"": 8, ""waves"": 15.515151977539062, ""workspace_bytes"": 4}",full_v2/cublaslt_nccl_formal_ch24_chunk128_ll64_cp8.json
a2a_gemm/llama3_8b/s131072/cp8,llama3_8b,131072,8,teub,eager,,"[16384, 4096, 4096]",,,1.3235360383987427,1.5392111539840692,,,415.3689797167236,1323.5360383987427,1539.2111539840691,,,"{""nccl_environment"": {""NCCL_GRAPH_REGISTER"": ""1"", ""NCCL_IB_DISABLE"": ""1"", ""NCCL_LOCAL_REGISTER"": ""1""}, ""operator"": {""chunks"": 2, ""local_first"": false, ""math_sms"": 0, ""pack_block"": 1024, ""pack_warps"": 4, ""push"": true, ""reverse"": false, ""schedule"": ""row_pipeline"", ""sms"": 8, ""streams"": 3, ""use_ce"": false}}","{""algo_id"": 66, ""cluster_shape"": 3, ""cta_swizzle"": 0, ""custom"": 4, ""inner_shape"": 0, ""reduction"": 0, ""returned"": 8, ""split_k"": 1, ""stages_id"": 35, ""tile_id"": 23, ""tune_ms"": 0.33129599690437317, ""valid"": 8, ""waves"": 7.757575988769531, ""workspace_bytes"": 4}",full_v2/teub_formal_auto_cp8.json
a2a_gemm/llama3_8b/s131072/cp8,llama3_8b,131072,8,teub,graph,,"[16384, 4096, 4096]",,,1.3249279856681824,1.619721567630768,,,414.93259998636785,1324.9279856681824,1619.7215676307678,,,"{""nccl_environment"": {""NCCL_GRAPH_REGISTER"": ""1"", ""NCCL_IB_DISABLE"": ""1"", ""NCCL_LOCAL_REGISTER"": ""1""}, ""operator"": {""chunks"": 2, ""local_first"": false, ""math_sms"": 0, ""pack_block"": 1024, ""pack_warps"": 4, ""push"": true, ""reverse"": false, ""schedule"": ""row_pipeline"", ""sms"": 8, ""streams"": 3, ""use_ce"": false}}","{""algo_id"": 66, ""cluster_shape"": 3, ""cta_swizzle"": 0, ""custom"": 4, ""inner_shape"": 0, ""reduction"": 0, ""returned"": 8, ""split_k"": 1, ""stages_id"": 35, ""tile_id"": 23, ""tune_ms"": 0.33129599690437317, ""valid"": 8, ""waves"": 7.757575988769531, ""workspace_bytes"": 4}",full_v2/teub_formal_auto_cp8.json
a2a_gemm/llama3_8b/s262144/cp4,llama3_8b,262144,4,cublaslt_nccl,eager,,"[65536, 4096, 4096]",,,4.54856014251709,4.6341264009475704,,,483.45480474071536,4548.56014251709,4634.126400947571,,,"{""nccl_environment"": {""NCCL_GRAPH_REGISTER"": ""1"", ""NCCL_IB_DISABLE"": ""1"", ""NCCL_LOCAL_REGISTER"": ""1"", ""NCCL_MAX_P2P_NCHANNELS"": ""24"", ""NCCL_MIN_P2P_NCHANNELS"": ""24"", ""NCCL_P2P_LL_THRESHOLD"": ""65536"", ""NCCL_P2P_NVL_CHUNKSIZE"": ""131072""}, ""operator"": {""chunks"": 1, ""local_first"": false, ""math_sms"": 0, ""pack_block"": 1024, ""pack_warps"": 4, ""push"": true, ""reverse"": false, ""schedule"": ""full"", ""sms"": 0, ""streams"": 3, ""use_ce"": false}}","{""algo_id"": 66, ""cluster_shape"": 3, ""cta_swizzle"": 0, ""custom"": 4, ""inner_shape"": 0, ""reduction"": 0, ""returned"": 8, ""split_k"": 1, ""stages_id"": 35, ""tile_id"": 209, ""tune_ms"": 2.658954620361328, ""valid"": 8, ""waves"": 57.0, ""workspace_bytes"": 4}",full_v2/cublaslt_nccl_formal_ch24_chunk128_ll64_cp4.json
a2a_gemm/llama3_8b/s262144/cp4,llama3_8b,262144,4,cublaslt_nccl,graph,,"[65536, 4096, 4096]",,,4.591088056564331,5.1496960639953615,,,478.97649281804553,4591.088056564331,5149.696063995361,,,"{""nccl_environment"": {""NCCL_GRAPH_REGISTER"": ""1"", ""NCCL_IB_DISABLE"": ""1"", ""NCCL_LOCAL_REGISTER"": ""1"", ""NCCL_MAX_P2P_NCHANNELS"": ""24"", ""NCCL_MIN_P2P_NCHANNELS"": ""24"", ""NCCL_P2P_LL_THRESHOLD"": ""65536"", ""NCCL_P2P_NVL_CHUNKSIZE"": ""131072""}, ""operator"": {""chunks"": 1, ""local_first"": false, ""math_sms"": 0, ""pack_block"": 1024, ""pack_warps"": 4, ""push"": true, ""reverse"": false, ""schedule"": ""full"", ""sms"": 0, ""streams"": 3, ""use_ce"": false}}","{""algo_id"": 66, ""cluster_shape"": 3, ""cta_swizzle"": 0, ""custom"": 4, ""inner_shape"": 0, ""reduction"": 0, ""returned"": 8, ""split_k"": 1, ""stages_id"": 35, ""tile_id"": 209, ""tune_ms"": 2.658954620361328, ""valid"": 8, ""waves"": 57.0, ""workspace_bytes"": 4}",full_v2/cublaslt_nccl_formal_ch24_chunk128_ll64_cp4.json
a2a_gemm/llama3_8b/s262144/cp4,llama3_8b,262144,4,teub,eager,,"[65536, 4096, 4096]",,,4.129711866378784,4.267300772666931,,,532.4883010495004,4129.711866378784,4267.300772666931,,,"{""nccl_environment"": {""NCCL_GRAPH_REGISTER"": ""1"", ""NCCL_IB_DISABLE"": ""1"", ""NCCL_LOCAL_REGISTER"": ""1""}, ""operator"": {""chunks"": 4, ""local_first"": false, ""math_sms"": 0, ""pack_block"": 1024, ""pack_warps"": 4, ""push"": true, ""reverse"": false, ""schedule"": ""row_pipeline"", ""sms"": 8, ""streams"": 3, ""use_ce"": false}}","{""algo_id"": 66, ""cluster_shape"": 3, ""cta_swizzle"": 0, ""custom"": 1, ""inner_shape"": 0, ""reduction"": 0, ""returned"": 8, ""split_k"": 1, ""stages_id"": 35, ""tile_id"": 29, ""tune_ms"": 0.6522773504257202, ""valid"": 8, ""waves"": 24.969696044921875, ""workspace_bytes"": 4}",full_v2/teub_formal_auto_cp4.json
a2a_gemm/llama3_8b/s262144/cp4,llama3_8b,262144,4,teub,graph,,"[65536, 4096, 4096]",,,4.132400035858154,4.230881524085999,,,532.1419118358274,4132.400035858154,4230.8815240859985,,,"{""nccl_environment"": {""NCCL_GRAPH_REGISTER"": ""1"", ""NCCL_IB_DISABLE"": ""1"", ""NCCL_LOCAL_REGISTER"": ""1""}, ""operator"": {""chunks"": 4, ""local_first"": false, ""math_sms"": 0, ""pack_block"": 1024, ""pack_warps"": 4, ""push"": true, ""reverse"": false, ""schedule"": ""row_pipeline"", ""sms"": 8, ""streams"": 3, ""use_ce"": false}}","{""algo_id"": 66, ""cluster_shape"": 3, ""cta_swizzle"": 0, ""custom"": 1, ""inner_shape"": 0, ""reduction"": 0, ""returned"": 8, ""split_k"": 1, ""stages_id"": 35, ""tile_id"": 29, ""tune_ms"": 0.6522773504257202, ""valid"": 8, ""waves"": 24.969696044921875, ""workspace_bytes"": 4}",full_v2/teub_formal_auto_cp4.json
a2a_gemm/llama3_8b/s262144/cp8,llama3_8b,262144,8,cublaslt_nccl,eager,,"[32768, 4096, 4096]",,,2.58406400680542,2.603710389137268,,,425.49705614114583,2584.06400680542,2603.710389137268,,,"{""nccl_environment"": {""NCCL_GRAPH_REGISTER"": ""1"", ""NCCL_IB_DISABLE"": ""1"", ""NCCL_LOCAL_REGISTER"": ""1"", ""NCCL_MAX_P2P_NCHANNELS"": ""24"", ""NCCL_MIN_P2P_NCHANNELS"": ""24"", ""NCCL_P2P_LL_THRESHOLD"": ""65536"", ""NCCL_P2P_NVL_CHUNKSIZE"": ""131072""}, ""operator"": {""chunks"": 1, ""local_first"": false, ""math_sms"": 0, ""pack_block"": 1024, ""pack_warps"": 4, ""push"": true, ""reverse"": false, ""schedule"": ""full"", ""sms"": 0, ""streams"": 3, ""use_ce"": false}}","{""algo_id"": 66, ""cluster_shape"": 5, ""cta_swizzle"": 0, ""custom"": 6, ""inner_shape"": 0, ""reduction"": 0, ""returned"": 8, ""split_k"": 1, ""stages_id"": 35, ""tile_id"": 209, ""tune_ms"": 1.3569120168685913, ""valid"": 8, ""waves"": 28.5, ""workspace_bytes"": 4}",full_v2/cublaslt_nccl_formal_ch24_chunk128_ll64_cp8.json
a2a_gemm/llama3_8b/s262144/cp8,llama3_8b,262144,8,cublaslt_nccl,graph,,"[32768, 4096, 4096]",,,2.5579360723495483,2.589235210418701,,,429.84327859533346,2557.9360723495483,2589.235210418701,,,"{""nccl_environment"": {""NCCL_GRAPH_REGISTER"": ""1"", ""NCCL_IB_DISABLE"": ""1"", ""NCCL_LOCAL_REGISTER"": ""1"", ""NCCL_MAX_P2P_NCHANNELS"": ""24"", ""NCCL_MIN_P2P_NCHANNELS"": ""24"", ""NCCL_P2P_LL_THRESHOLD"": ""65536"", ""NCCL_P2P_NVL_CHUNKSIZE"": ""131072""}, ""operator"": {""chunks"": 1, ""local_first"": false, ""math_sms"": 0, ""pack_block"": 1024, ""pack_warps"": 4, ""push"": true, ""reverse"": false, ""schedule"": ""full"", ""sms"": 0, ""streams"": 3, ""use_ce"": false}}","{""algo_id"": 66, ""cluster_shape"": 5, ""cta_swizzle"": 0, ""custom"": 6, ""inner_shape"": 0, ""reduction"": 0, ""returned"": 8, ""split_k"": 1, ""stages_id"": 35, ""tile_id"": 209, ""tune_ms"": 1.3569120168685913, ""valid"": 8, ""waves"": 28.5, ""workspace_bytes"": 4}",full_v2/cublaslt_nccl_formal_ch24_chunk128_ll64_cp8.json
a2a_gemm/llama3_8b/s262144/cp8,llama3_8b,262144,8,teub,eager,,"[32768, 4096, 4096]",,,2.6236319541931152,2.6984960436820984,,,419.0799803374667,2623.6319541931152,2698.4960436820984,,,"{""nccl_environment"": {""NCCL_GRAPH_REGISTER"": ""1"", ""NCCL_IB_DISABLE"": ""1"", ""NCCL_LOCAL_REGISTER"": ""1""}, ""operator"": {""chunks"": 1, ""local_first"": false, ""math_sms"": 0, ""pack_block"": 1024, ""pack_warps"": 4, ""push"": true, ""reverse"": false, ""schedule"": ""full"", ""sms"": 16, ""streams"": 3, ""use_ce"": false}}","{""algo_id"": 66, ""cluster_shape"": 5, ""cta_swizzle"": 0, ""custom"": 7, ""inner_shape"": 0, ""reduction"": 0, ""returned"": 8, ""split_k"": 1, ""stages_id"": 35, ""tile_id"": 24, ""tune_ms"": 1.3094879388809204, ""valid"": 8, ""waves"": 31.030303955078125, ""workspace_bytes"": 4}",full_v2/teub_formal_auto_cp8.json
a2a_gemm/llama3_8b/s262144/cp8,llama3_8b,262144,8,teub,graph,,"[32768, 4096, 4096]",,,3.2308640480041504,3.344083142280579,,,340.31504001389897,3230.8640480041504,3344.0831422805786,,,"{""nccl_environment"": {""NCCL_GRAPH_REGISTER"": ""1"", ""NCCL_IB_DISABLE"": ""1"", ""NCCL_LOCAL_REGISTER"": ""1""}, ""operator"": {""chunks"": 2, ""local_first"": false, ""math_sms"": 0, ""pack_block"": 1024, ""pack_warps"": 4, ""push"": true, ""reverse"": false, ""schedule"": ""row_pipeline"", ""sms"": 8, ""streams"": 3, ""use_ce"": false}}","{""algo_id"": 66, ""cluster_shape"": 3, ""cta_swizzle"": 0, ""custom"": 1, ""inner_shape"": 0, ""reduction"": 0, ""returned"": 8, ""split_k"": 1, ""stages_id"": 35, ""tile_id"": 29, ""tune_ms"": 0.6505173444747925, ""valid"": 8, ""waves"": 24.969696044921875, ""workspace_bytes"": 4}",full_v2/teub_formal_auto_cp8.json
a2a_gemm/llama3_8b/s524288/cp4,llama3_8b,524288,4,cublaslt_nccl,eager,,"[131072, 4096, 4096]",,,9.463151931762695,9.91387357711792,,,464.7549297335205,9463.151931762695,9913.87357711792,,,"{""nccl_environment"": {""NCCL_GRAPH_REGISTER"": ""1"", ""NCCL_IB_DISABLE"": ""1"", ""NCCL_LOCAL_REGISTER"": ""1"", ""NCCL_MAX_P2P_NCHANNELS"": ""32"", ""NCCL_MIN_P2P_NCHANNELS"": ""32"", ""NCCL_P2P_LL_THRESHOLD"": ""65536"", ""NCCL_P2P_NVL_CHUNKSIZE"": ""524288""}, ""operator"": {""chunks"": 1, ""local_first"": false, ""math_sms"": 0, ""pack_block"": 1024, ""pack_warps"": 4, ""push"": true, ""reverse"": false, ""schedule"": ""full"", ""sms"": 0, ""streams"": 3, ""use_ce"": false}}","{""algo_id"": 66, ""cluster_shape"": 3, ""cta_swizzle"": 0, ""custom"": 4, ""inner_shape"": 0, ""reduction"": 0, ""returned"": 8, ""split_k"": 1, ""stages_id"": 35, ""tile_id"": 209, ""tune_ms"": 5.724085330963135, ""valid"": 8, ""waves"": 113.83333587646484, ""workspace_bytes"": 4}",full_v2/cublaslt_nccl_formal_ch32_chunk512_ll64_cp4.json
a2a_gemm/llama3_8b/s524288/cp4,llama3_8b,524288,4,cublaslt_nccl,graph,,"[131072, 4096, 4096]",,,9.248608112335205,9.773971223831177,,,475.5360436602526,9248.608112335205,9773.971223831177,,,"{""nccl_environment"": {""NCCL_GRAPH_REGISTER"": ""1"", ""NCCL_IB_DISABLE"": ""1"", ""NCCL_LOCAL_REGISTER"": ""1"", ""NCCL_MAX_P2P_NCHANNELS"": ""32"", ""NCCL_MIN_P2P_NCHANNELS"": ""32"", ""NCCL_P2P_LL_THRESHOLD"": ""65536"", ""NCCL_P2P_NVL_CHUNKSIZE"": ""524288""}, ""operator"": {""chunks"": 1, ""local_first"": false, ""math_sms"": 0, ""pack_block"": 1024, ""pack_warps"": 4, ""push"": true, ""reverse"": false, ""schedule"": ""full"", ""sms"": 0, ""streams"": 3, ""use_ce"": false}}","{""algo_id"": 66, ""cluster_shape"": 3, ""cta_swizzle"": 0, ""custom"": 4, ""inner_shape"": 0, ""reduction"": 0, ""returned"": 8, ""split_k"": 1, ""stages_id"": 35, ""tile_id"": 209, ""tune_ms"": 5.724085330963135, ""valid"": 8, ""waves"": 113.83333587646484, ""workspace_bytes"": 4}",full_v2/cublaslt_nccl_formal_ch32_chunk512_ll64_cp4.json
a2a_gemm/llama3_8b/s524288/cp4,llama3_8b,524288,4,teub,eager,,"[131072, 4096, 4096]",,,8.308544158935547,8.700876712799072,,,529.3402101466904,8308.544158935547,8700.876712799072,,,"{""nccl_environment"": {""NCCL_GRAPH_REGISTER"": ""1"", ""NCCL_IB_DISABLE"": ""1"", ""NCCL_LOCAL_REGISTER"": ""1""}, ""operator"": {""chunks"": 4, ""local_first"": false, ""math_sms"": 0, ""pack_block"": 1024, ""pack_warps"": 4, ""push"": true, ""reverse"": false, ""schedule"": ""row_pipeline"", ""sms"": 8, ""streams"": 3, ""use_ce"": false}}","{""algo_id"": 66, ""cluster_shape"": 3, ""cta_swizzle"": 0, ""custom"": 1, ""inner_shape"": 0, ""reduction"": 0, ""returned"": 8, ""split_k"": 1, ""stages_id"": 35, ""tile_id"": 29, ""tune_ms"": 1.325818657875061, ""valid"": 8, ""waves"": 49.69696807861328, ""workspace_bytes"": 4}",full_v2/teub_formal_auto_cp4.json
a2a_gemm/llama3_8b/s524288/cp4,llama3_8b,524288,4,teub,graph,,"[131072, 4096, 4096]",,,8.686511993408203,10.143700695037841,,,506.307539141312,8686.511993408203,10143.700695037842,,,"{""nccl_environment"": {""NCCL_GRAPH_REGISTER"": ""1"", ""NCCL_IB_DISABLE"": ""1"", ""NCCL_LOCAL_REGISTER"": ""1""}, ""operator"": {""chunks"": 4, ""local_first"": false, ""math_sms"": 0, ""pack_block"": 1024, ""pack_warps"": 4, ""push"": true, ""reverse"": false, ""schedule"": ""row_pipeline"", ""sms"": 8, ""streams"": 3, ""use_ce"": false}}","{""algo_id"": 66, ""cluster_shape"": 3, ""cta_swizzle"": 0, ""custom"": 1, ""inner_shape"": 0, ""reduction"": 0, ""returned"": 8, ""split_k"": 1, ""stages_id"": 35, ""tile_id"": 29, ""tune_ms"": 1.325818657875061, ""valid"": 8, ""waves"": 49.69696807861328, ""workspace_bytes"": 4}",full_v2/teub_formal_auto_cp4.json
a2a_gemm/llama3_8b/s524288/cp8,llama3_8b,524288,8,cublaslt_nccl,eager,,"[65536, 4096, 4096]",,,5.046640157699585,5.086937522888183,,,435.74005414215685,5046.640157699585,5086.937522888184,,,"{""nccl_environment"": {""NCCL_GRAPH_REGISTER"": ""1"", ""NCCL_IB_DISABLE"": ""1"", ""NCCL_LOCAL_REGISTER"": ""1"", ""NCCL_MAX_P2P_NCHANNELS"": ""24"", ""NCCL_MIN_P2P_NCHANNELS"": ""24"", ""NCCL_P2P_LL_THRESHOLD"": ""65536"", ""NCCL_P2P_NVL_CHUNKSIZE"": ""131072""}, ""operator"": {""chunks"": 1, ""local_first"": false, ""math_sms"": 0, ""pack_block"": 1024, ""pack_warps"": 4, ""push"": true, ""reverse"": false, ""schedule"": ""full"", ""sms"": 0, ""streams"": 3, ""use_ce"": false}}","{""algo_id"": 66, ""cluster_shape"": 3, ""cta_swizzle"": 0, ""custom"": 1, ""inner_shape"": 0, ""reduction"": 0, ""returned"": 8, ""split_k"": 1, ""stages_id"": 35, ""tile_id"": 29, ""tune_ms"": 2.5770506858825684, ""valid"": 8, ""waves"": 99.39393615722656, ""workspace_bytes"": 4}",full_v2/cublaslt_nccl_formal_ch24_chunk128_ll64_cp8.json
a2a_gemm/llama3_8b/s524288/cp8,llama3_8b,524288,8,cublaslt_nccl,graph,,"[65536, 4096, 4096]",,,5.027071952819824,5.05336480140686,,,437.4362006731387,5027.071952819824,5053.36480140686,,,"{""nccl_environment"": {""NCCL_GRAPH_REGISTER"": ""1"", ""NCCL_IB_DISABLE"": ""1"", ""NCCL_LOCAL_REGISTER"": ""1"", ""NCCL_MAX_P2P_NCHANNELS"": ""24"", ""NCCL_MIN_P2P_NCHANNELS"": ""24"", ""NCCL_P2P_LL_THRESHOLD"": ""65536"", ""NCCL_P2P_NVL_CHUNKSIZE"": ""131072""}, ""operator"": {""chunks"": 1, ""local_first"": false, ""math_sms"": 0, ""pack_block"": 1024, ""pack_warps"": 4, ""push"": true, ""reverse"": false, ""schedule"": ""full"", ""sms"": 0, ""streams"": 3, ""use_ce"": false}}","{""algo_id"": 66, ""cluster_shape"": 3, ""cta_swizzle"": 0, ""custom"": 1, ""inner_shape"": 0, ""reduction"": 0, ""returned"": 8, ""split_k"": 1, ""stages_id"": 35, ""tile_id"": 29, ""tune_ms"": 2.5770506858825684, ""valid"": 8, ""waves"": 99.39393615722656, ""workspace_bytes"": 4}",full_v2/cublaslt_nccl_formal_ch24_chunk128_ll64_cp8.json
a2a_gemm/llama3_8b/s524288/cp8,llama3_8b,524288,8,teub,eager,,"[65536, 4096, 4096]",,,5.282016038894653,5.439311981201172,,,416.32271453915934,5282.016038894653,5439.311981201172,,,"{""nccl_environment"": {""NCCL_GRAPH_REGISTER"": ""1"", ""NCCL_IB_DISABLE"": ""1"", ""NCCL_LOCAL_REGISTER"": ""1""}, ""operator"": {""chunks"": 1, ""local_first"": false, ""math_sms"": 0, ""pack_block"": 1024, ""pack_warps"": 4, ""push"": true, ""reverse"": false, ""schedule"": ""full"", ""sms"": 16, ""streams"": 3, ""use_ce"": false}}","{""algo_id"": 66, ""cluster_shape"": 3, ""cta_swizzle"": 0, ""custom"": 4, ""inner_shape"": 0, ""reduction"": 0, ""returned"": 8, ""split_k"": 1, ""stages_id"": 35, ""tile_id"": 209, ""tune_ms"": 2.6201865673065186, ""valid"": 8, ""waves"": 57.0, ""workspace_bytes"": 4}",full_v2/teub_formal_auto_cp8.json
a2a_gemm/llama3_8b/s524288/cp8,llama3_8b,524288,8,teub,graph,,"[65536, 4096, 4096]",,,5.271072149276733,5.322681736946106,,,417.1870908376273,5271.072149276733,5322.681736946106,,,"{""nccl_environment"": {""NCCL_GRAPH_REGISTER"": ""1"", ""NCCL_IB_DISABLE"": ""1"", ""NCCL_LOCAL_REGISTER"": ""1""}, ""operator"": {""chunks"": 1, ""local_first"": false, ""math_sms"": 0, ""pack_block"": 1024, ""pack_warps"": 4, ""push"": true, ""reverse"": false, ""schedule"": ""full"", ""sms"": 8, ""streams"": 3, ""use_ce"": false}}","{""algo_id"": 66, ""cluster_shape"": 3, ""cta_swizzle"": 0, ""custom"": 4, ""inner_shape"": 0, ""reduction"": 0, ""returned"": 8, ""split_k"": 1, ""stages_id"": 35, ""tile_id"": 209, ""tune_ms"": 2.6201865673065186, ""valid"": 8, ""waves"": 57.0, ""workspace_bytes"": 4}",full_v2/teub_formal_auto_cp8.json
a2a_gemm/qwen25_14b_32b/s1024/cp4,qwen25_14b_32b,1024,4,cublaslt_nccl,eager,,"[256, 5120, 5120]",,,0.14615999907255173,0.16875200271606444,,,91.82931640097797,146.15999907255173,168.75200271606445,,,"{""nccl_environment"": {""NCCL_GRAPH_REGISTER"": ""1"", ""NCCL_IB_DISABLE"": ""1"", ""NCCL_LOCAL_REGISTER"": ""1"", ""NCCL_MAX_P2P_NCHANNELS"": ""24"", ""NCCL_MIN_P2P_NCHANNELS"": ""24"", ""NCCL_P2P_LL_THRESHOLD"": ""65536"", ""NCCL_P2P_NVL_CHUNKSIZE"": ""131072""}, ""operator"": {""chunks"": 1, ""local_first"": false, ""math_sms"": 0, ""pack_block"": 1024, ""pack_warps"": 4, ""push"": true, ""reverse"": false, ""schedule"": ""full"", ""sms"": 0, ""streams"": 3, ""use_ce"": false}}","{""algo_id"": 66, ""cluster_shape"": 3, ""cta_swizzle"": 0, ""custom"": 0, ""inner_shape"": 0, ""reduction"": 0, ""returned"": 8, ""split_k"": 1, ""stages_id"": 35, ""tile_id"": 135, ""tune_ms"": 0.025829331949353218, ""valid"": 8, ""waves"": 0.9696969985961914, ""workspace_bytes"": 0}",full_v2/cublaslt_nccl_formal_ch24_chunk128_ll64_cp4.json
a2a_gemm/qwen25_14b_32b/s1024/cp4,qwen25_14b_32b,1024,4,cublaslt_nccl,graph,,"[256, 5120, 5120]",,,0.09323200210928917,0.10189120098948479,,,143.96100583860272,93.23200210928917,101.89120098948479,,,"{""nccl_environment"": {""NCCL_GRAPH_REGISTER"": ""1"", ""NCCL_IB_DISABLE"": ""1"", ""NCCL_LOCAL_REGISTER"": ""1"", ""NCCL_MAX_P2P_NCHANNELS"": ""32"", ""NCCL_MIN_P2P_NCHANNELS"": ""32"", ""NCCL_P2P_LL_THRESHOLD"": ""65536"", ""NCCL_P2P_NVL_CHUNKSIZE"": ""524288""}, ""operator"": {""chunks"": 1, ""local_first"": false, ""math_sms"": 0, ""pack_block"": 1024, ""pack_warps"": 4, ""push"": true, ""reverse"": false, ""schedule"": ""full"", ""sms"": 0, ""streams"": 3, ""use_ce"": false}}","{""algo_id"": 66, ""cluster_shape"": 3, ""cta_swizzle"": 0, ""custom"": 0, ""inner_shape"": 0, ""reduction"": 0, ""returned"": 8, ""split_k"": 1, ""stages_id"": 35, ""tile_id"": 135, ""tune_ms"": 0.024933332577347755, ""valid"": 8, ""waves"": 0.9696969985961914, ""workspace_bytes"": 0}",full_v2/cublaslt_nccl_formal_ch32_chunk512_ll64_cp4.json
a2a_gemm/qwen25_14b_32b/s1024/cp4,qwen25_14b_32b,1024,4,teub,eager,,"[256, 5120, 5120]",,,0.1783199980854988,0.1963455967605114,,,75.26790569818581,178.3199980854988,196.3455967605114,,,"{""nccl_environment"": {""NCCL_GRAPH_REGISTER"": ""1"", ""NCCL_IB_DISABLE"": ""1"", ""NCCL_LOCAL_REGISTER"": ""1""}, ""operator"": {""chunks"": 1, ""local_first"": false, ""math_sms"": 0, ""pack_block"": 512, ""pack_warps"": 4, ""push"": true, ""reverse"": false, ""schedule"": ""full"", ""sms"": 8, ""streams"": 1, ""use_ce"": false}}","{""algo_id"": 66, ""cluster_shape"": 3, ""cta_swizzle"": 0, ""custom"": 0, ""inner_shape"": 0, ""reduction"": 0, ""returned"": 8, ""split_k"": 1, ""stages_id"": 35, ""tile_id"": 135, ""tune_ms"": 0.02385599911212921, ""valid"": 8, ""waves"": 0.9696969985961914, ""workspace_bytes"": 0}",full_v2/teub_formal_auto_cp4.json
a2a_gemm/qwen25_14b_32b/s1024/cp4,qwen25_14b_32b,1024,4,teub,graph,,"[256, 5120, 5120]",,,0.0819999985396862,0.08901919983327389,,,163.68015901249262,81.9999985396862,89.01919983327389,,,"{""nccl_environment"": {""NCCL_GRAPH_REGISTER"": ""1"", ""NCCL_IB_DISABLE"": ""1"", ""NCCL_LOCAL_REGISTER"": ""1""}, ""operator"": {""chunks"": 1, ""local_first"": false, ""math_sms"": 0, ""pack_block"": 1024, ""pack_warps"": 4, ""push"": true, ""reverse"": false, ""schedule"": ""full"", ""sms"": 8, ""streams"": 3, ""use_ce"": false}}","{""algo_id"": 66, ""cluster_shape"": 3, ""cta_swizzle"": 0, ""custom"": 0, ""inner_shape"": 0, ""reduction"": 0, ""returned"": 8, ""split_k"": 1, ""stages_id"": 35, ""tile_id"": 135, ""tune_ms"": 0.02385599911212921, ""valid"": 8, ""waves"": 0.9696969985961914, ""workspace_bytes"": 0}",full_v2/teub_formal_auto_cp4.json
a2a_gemm/qwen25_14b_32b/s1024/cp8,qwen25_14b_32b,1024,8,cublaslt_nccl,eager,,"[128, 5120, 5120]",,,0.14947199821472168,0.18461439609527588,,,44.89728163237358,149.47199821472168,184.61439609527588,,,"{""nccl_environment"": {""NCCL_GRAPH_REGISTER"": ""1"", ""NCCL_IB_DISABLE"": ""1"", ""NCCL_LOCAL_REGISTER"": ""1"", ""NCCL_MAX_P2P_NCHANNELS"": ""24"", ""NCCL_MIN_P2P_NCHANNELS"": ""24"", ""NCCL_P2P_LL_THRESHOLD"": ""65536"", ""NCCL_P2P_NVL_CHUNKSIZE"": ""131072""}, ""operator"": {""chunks"": 1, ""local_first"": false, ""math_sms"": 0, ""pack_block"": 1024, ""pack_warps"": 4, ""push"": true, ""reverse"": false, ""schedule"": ""full"", ""sms"": 0, ""streams"": 3, ""use_ce"": false}}","{""algo_id"": 66, ""cluster_shape"": 7, ""cta_swizzle"": 0, ""custom"": 0, ""inner_shape"": 0, ""reduction"": 0, ""returned"": 8, ""split_k"": 1, ""stages_id"": 35, ""tile_id"": 27, ""tune_ms"": 0.01969066634774208, ""valid"": 8, ""waves"": 0.8181818127632141, ""workspace_bytes"": 0}",full_v2/cublaslt_nccl_formal_ch24_chunk128_ll64_cp8.json
a2a_gemm/qwen25_14b_32b/s1024/cp8,qwen25_14b_32b,1024,8,cublaslt_nccl,graph,,"[128, 5120, 5120]",,,0.088639996945858,0.1876752071082591,,,75.70946109236738,88.639996945858,187.67520710825912,,,"{""nccl_environment"": {""NCCL_GRAPH_REGISTER"": ""1"", ""NCCL_IB_DISABLE"": ""1"", ""NCCL_LOCAL_REGISTER"": ""1"", ""NCCL_MAX_P2P_NCHANNELS"": ""24"", ""NCCL_MIN_P2P_NCHANNELS"": ""24"", ""NCCL_P2P_LL_THRESHOLD"": ""65536"", ""NCCL_P2P_NVL_CHUNKSIZE"": ""131072""}, ""operator"": {""chunks"": 1, ""local_first"": false, ""math_sms"": 0, ""pack_block"": 1024, ""pack_warps"": 4, ""push"": true, ""reverse"": false, ""schedule"": ""full"", ""sms"": 0, ""streams"": 3, ""use_ce"": false}}","{""algo_id"": 66, ""cluster_shape"": 7, ""cta_swizzle"": 0, ""custom"": 0, ""inner_shape"": 0, ""reduction"": 0, ""returned"": 8, ""split_k"": 1, ""stages_id"": 35, ""tile_id"": 27, ""tune_ms"": 0.01969066634774208, ""valid"": 8, ""waves"": 0.8181818127632141, ""workspace_bytes"": 0}",full_v2/cublaslt_nccl_formal_ch24_chunk128_ll64_cp8.json
a2a_gemm/qwen25_14b_32b/s1024/cp8,qwen25_14b_32b,1024,8,teub,eager,,"[128, 5120, 5120]",,,0.24564799666404724,0.2856800064444541,,,27.319117155992657,245.64799666404724,285.68000644445414,,,"{""nccl_environment"": {""NCCL_GRAPH_REGISTER"": ""1"", ""NCCL_IB_DISABLE"": ""1"", ""NCCL_LOCAL_REGISTER"": ""1""}, ""operator"": {""chunks"": 1, ""local_first"": false, ""math_sms"": 0, ""pack_block"": 1024, ""pack_warps"": 4, ""push"": true, ""reverse"": false, ""schedule"": ""full"", ""sms"": 16, ""streams"": 3, ""use_ce"": false}}","{""algo_id"": 66, ""cluster_shape"": 7, ""cta_swizzle"": 0, ""custom"": 0, ""inner_shape"": 0, ""reduction"": 0, ""returned"": 8, ""split_k"": 1, ""stages_id"": 35, ""tile_id"": 27, ""tune_ms"": 0.01985066570341587, ""valid"": 8, ""waves"": 0.8181818127632141, ""workspace_bytes"": 0}",full_v2/teub_formal_auto_cp8.json
a2a_gemm/qwen25_14b_32b/s1024/cp8,qwen25_14b_32b,1024,8,teub,graph,,"[128, 5120, 5120]",,,0.09550399705767632,0.1116064004600048,,,70.26812077768005,95.50399705767632,111.6064004600048,,,"{""nccl_environment"": {""NCCL_GRAPH_REGISTER"": ""1"", ""NCCL_IB_DISABLE"": ""1"", ""NCCL_LOCAL_REGISTER"": ""1""}, ""operator"": {""chunks"": 1, ""local_first"": false, ""math_sms"": 0, ""pack_block"": 1024, ""pack_warps"": 4, ""push"": true, ""reverse"": false, ""schedule"": ""full"", ""sms"": 8, ""streams"": 3, ""use_ce"": false}}","{""algo_id"": 66, ""cluster_shape"": 7, ""cta_swizzle"": 0, ""custom"": 0, ""inner_shape"": 0, ""reduction"": 0, ""returned"": 8, ""split_k"": 1, ""stages_id"": 35, ""tile_id"": 27, ""tune_ms"": 0.01985066570341587, ""valid"": 8, ""waves"": 0.8181818127632141, ""workspace_bytes"": 0}",full_v2/teub_formal_auto_cp8.json
a2a_gemm/qwen25_14b_32b/s4096/cp4,qwen25_14b_32b,4096,4,cublaslt_nccl,eager,,"[1024, 5120, 5120]",,,0.1870720013976097,0.20323040038347245,,,286.9862448624339,187.0720013976097,203.23040038347244,,,"{""nccl_environment"": {""NCCL_GRAPH_REGISTER"": ""1"", ""NCCL_IB_DISABLE"": ""1"", ""NCCL_LOCAL_REGISTER"": ""1"", ""NCCL_MAX_P2P_NCHANNELS"": ""24"", ""NCCL_MIN_P2P_NCHANNELS"": ""24"", ""NCCL_P2P_LL_THRESHOLD"": ""65536"", ""NCCL_P2P_NVL_CHUNKSIZE"": ""131072""}, ""operator"": {""chunks"": 1, ""local_first"": false, ""math_sms"": 0, ""pack_block"": 1024, ""pack_warps"": 4, ""push"": true, ""reverse"": false, ""schedule"": ""full"", ""sms"": 0, ""streams"": 3, ""use_ce"": false}}","{""algo_id"": 66, ""cluster_shape"": 5, ""cta_swizzle"": 0, ""custom"": 7, ""inner_shape"": 0, ""reduction"": 0, ""returned"": 8, ""split_k"": 1, ""stages_id"": 35, ""tile_id"": 248, ""tune_ms"": 0.06896000355482101, ""valid"": 8, ""waves"": 0.9696969985961914, ""workspace_bytes"": 0}",full_v2/cublaslt_nccl_formal_ch24_chunk128_ll64_cp4.json
a2a_gemm/qwen25_14b_32b/s4096/cp4,qwen25_14b_32b,4096,4,cublaslt_nccl,graph,,"[1024, 5120, 5120]",,,0.1578880026936531,0.16623039841651915,,,340.03274652962693,157.8880026936531,166.23039841651917,,,"{""nccl_environment"": {""NCCL_GRAPH_REGISTER"": ""1"", ""NCCL_IB_DISABLE"": ""1"", ""NCCL_LOCAL_REGISTER"": ""1"", ""NCCL_MAX_P2P_NCHANNELS"": ""24"", ""NCCL_MIN_P2P_NCHANNELS"": ""24"", ""NCCL_P2P_LL_THRESHOLD"": ""65536"", ""NCCL_P2P_NVL_CHUNKSIZE"": ""131072""}, ""operator"": {""chunks"": 1, ""local_first"": false, ""math_sms"": 0, ""pack_block"": 1024, ""pack_warps"": 4, ""push"": true, ""reverse"": false, ""schedule"": ""full"", ""sms"": 0, ""streams"": 3, ""use_ce"": false}}","{""algo_id"": 66, ""cluster_shape"": 5, ""cta_swizzle"": 0, ""custom"": 7, ""inner_shape"": 0, ""reduction"": 0, ""returned"": 8, ""split_k"": 1, ""stages_id"": 35, ""tile_id"": 248, ""tune_ms"": 0.06896000355482101, ""valid"": 8, ""waves"": 0.9696969985961914, ""workspace_bytes"": 0}",full_v2/cublaslt_nccl_formal_ch24_chunk128_ll64_cp4.json
a2a_gemm/qwen25_14b_32b/s4096/cp4,qwen25_14b_32b,4096,4,teub,eager,,"[1024, 5120, 5120]",,,0.22819199413061142,0.23619519546627998,,,235.27158086567596,228.19199413061142,236.19519546627998,,,"{""nccl_environment"": {""NCCL_GRAPH_REGISTER"": ""1"", ""NCCL_IB_DISABLE"": ""1"", ""NCCL_LOCAL_REGISTER"": ""1""}, ""operator"": {""chunks"": 1, ""local_first"": false, ""math_sms"": 0, ""pack_block"": 1024, ""pack_warps"": 4, ""push"": true, ""reverse"": false, ""schedule"": ""full"", ""sms"": 8, ""streams"": 3, ""use_ce"": false}}","{""algo_id"": 66, ""cluster_shape"": 5, ""cta_swizzle"": 0, ""custom"": 7, ""inner_shape"": 0, ""reduction"": 0, ""returned"": 8, ""split_k"": 1, ""stages_id"": 35, ""tile_id"": 248, ""tune_ms"": 0.0682239979505539, ""valid"": 8, ""waves"": 0.9696969985961914, ""workspace_bytes"": 0}",full_v2/teub_formal_auto_cp4.json
a2a_gemm/qwen25_14b_32b/s4096/cp4,qwen25_14b_32b,4096,4,teub,graph,,"[1024, 5120, 5120]",,,0.14867199957370758,0.19652000516653045,,,361.1109782201011,148.67199957370758,196.52000516653047,,,"{""nccl_environment"": {""NCCL_GRAPH_REGISTER"": ""1"", ""NCCL_IB_DISABLE"": ""1"", ""NCCL_LOCAL_REGISTER"": ""1""}, ""operator"": {""chunks"": 2, ""local_first"": false, ""math_sms"": 0, ""pack_block"": 1024, ""pack_warps"": 4, ""push"": true, ""reverse"": false, ""schedule"": ""row_pipeline"", ""sms"": 8, ""streams"": 3, ""use_ce"": false}}","{""algo_id"": 66, ""cluster_shape"": 5, ""cta_swizzle"": 0, ""custom"": 2, ""inner_shape"": 0, ""reduction"": 0, ""returned"": 8, ""split_k"": 1, ""stages_id"": 35, ""tile_id"": 197, ""tune_ms"": 0.038597334176301956, ""valid"": 8, ""waves"": 0.939393937587738, ""workspace_bytes"": 0}",full_v2/teub_formal_auto_cp4.json
a2a_gemm/qwen25_14b_32b/s4096/cp8,qwen25_14b_32b,4096,8,cublaslt_nccl,eager,,"[512, 5120, 5120]",,,0.1834079995751381,0.5773616224527357,,,146.35973164847047,183.4079995751381,577.3616224527357,,,"{""nccl_environment"": {""NCCL_GRAPH_REGISTER"": ""1"", ""NCCL_IB_DISABLE"": ""1"", ""NCCL_LOCAL_REGISTER"": ""1"", ""NCCL_MAX_P2P_NCHANNELS"": ""24"", ""NCCL_MIN_P2P_NCHANNELS"": ""24"", ""NCCL_P2P_LL_THRESHOLD"": ""65536"", ""NCCL_P2P_NVL_CHUNKSIZE"": ""131072""}, ""operator"": {""chunks"": 1, ""local_first"": false, ""math_sms"": 0, ""pack_block"": 1024, ""pack_warps"": 4, ""push"": true, ""reverse"": false, ""schedule"": ""full"", ""sms"": 0, ""streams"": 3, ""use_ce"": false}}","{""algo_id"": 66, ""cluster_shape"": 5, ""cta_swizzle"": 0, ""custom"": 2, ""inner_shape"": 0, ""reduction"": 0, ""returned"": 8, ""split_k"": 1, ""stages_id"": 35, ""tile_id"": 197, ""tune_ms"": 0.03912533447146416, ""valid"": 8, ""waves"": 0.939393937587738, ""workspace_bytes"": 0}",full_v2/cublaslt_nccl_formal_ch24_chunk128_ll64_cp8.json
a2a_gemm/qwen25_14b_32b/s4096/cp8,qwen25_14b_32b,4096,8,cublaslt_nccl,graph,,"[512, 5120, 5120]",,,0.14155200123786926,0.1487424001097679,,,189.63734433461738,141.55200123786926,148.7424001097679,,,"{""nccl_environment"": {""NCCL_GRAPH_REGISTER"": ""1"", ""NCCL_IB_DISABLE"": ""1"", ""NCCL_LOCAL_REGISTER"": ""1"", ""NCCL_MAX_P2P_NCHANNELS"": ""24"", ""NCCL_MIN_P2P_NCHANNELS"": ""24"", ""NCCL_P2P_LL_THRESHOLD"": ""65536"", ""NCCL_P2P_NVL_CHUNKSIZE"": ""131072""}, ""operator"": {""chunks"": 1, ""local_first"": false, ""math_sms"": 0, ""pack_block"": 1024, ""pack_warps"": 4, ""push"": true, ""reverse"": false, ""schedule"": ""full"", ""sms"": 0, ""streams"": 3, ""use_ce"": false}}","{""algo_id"": 66, ""cluster_shape"": 5, ""cta_swizzle"": 0, ""custom"": 2, ""inner_shape"": 0, ""reduction"": 0, ""returned"": 8, ""split_k"": 1, ""stages_id"": 35, ""tile_id"": 197, ""tune_ms"": 0.03912533447146416, ""valid"": 8, ""waves"": 0.939393937587738, ""workspace_bytes"": 0}",full_v2/cublaslt_nccl_formal_ch24_chunk128_ll64_cp8.json
a2a_gemm/qwen25_14b_32b/s4096/cp8,qwen25_14b_32b,4096,8,teub,eager,,"[512, 5120, 5120]",,,0.3365119993686676,0.35420159697532655,,,79.76995070119744,336.5119993686676,354.20159697532654,,,"{""nccl_environment"": {""NCCL_GRAPH_REGISTER"": ""1"", ""NCCL_IB_DISABLE"": ""1"", ""NCCL_LOCAL_REGISTER"": ""1""}, ""operator"": {""chunks"": 1, ""local_first"": false, ""math_sms"": 0, ""pack_block"": 1024, ""pack_warps"": 4, ""push"": true, ""reverse"": false, ""schedule"": ""full"", ""sms"": 4, ""streams"": 3, ""use_ce"": false}}","{""algo_id"": 66, ""cluster_shape"": 3, ""cta_swizzle"": 0, ""custom"": 0, ""inner_shape"": 0, ""reduction"": 0, ""returned"": 8, ""split_k"": 1, ""stages_id"": 35, ""tile_id"": 135, ""tune_ms"": 0.03781333193182945, ""valid"": 8, ""waves"": 1.9393939971923828, ""workspace_bytes"": 0}",full_v2/teub_formal_auto_cp8.json
a2a_gemm/qwen25_14b_32b/s4096/cp8,qwen25_14b_32b,4096,8,teub,graph,,"[512, 5120, 5120]",,,0.12672000378370285,0.13829919770359994,,,211.83352902844754,126.72000378370285,138.29919770359993,,,"{""nccl_environment"": {""NCCL_GRAPH_REGISTER"": ""1"", ""NCCL_IB_DISABLE"": ""1"", ""NCCL_LOCAL_REGISTER"": ""1""}, ""operator"": {""chunks"": 2, ""local_first"": false, ""math_sms"": 0, ""pack_block"": 1024, ""pack_warps"": 4, ""push"": true, ""reverse"": false, ""schedule"": ""row_pipeline"", ""sms"": 8, ""streams"": 3, ""use_ce"": false}}","{""algo_id"": 66, ""cluster_shape"": 3, ""cta_swizzle"": 0, ""custom"": 0, ""inner_shape"": 0, ""reduction"": 0, ""returned"": 8, ""split_k"": 1, ""stages_id"": 35, ""tile_id"": 135, ""tune_ms"": 0.02526400052011013, ""valid"": 8, ""waves"": 0.9696969985961914, ""workspace_bytes"": 0}",full_v2/teub_formal_auto_cp8.json
a2a_gemm/qwen25_14b_32b/s16384/cp4,qwen25_14b_32b,16384,4,cublaslt_nccl,eager,,"[4096, 5120, 5120]",,,0.4885279983282089,0.5100656062364578,,,439.5825122303944,488.5279983282089,510.0656062364578,,,"{""nccl_environment"": {""NCCL_GRAPH_REGISTER"": ""1"", ""NCCL_IB_DISABLE"": ""1"", ""NCCL_LOCAL_REGISTER"": ""1"", ""NCCL_MAX_P2P_NCHANNELS"": ""24"", ""NCCL_MIN_P2P_NCHANNELS"": ""24"", ""NCCL_P2P_LL_THRESHOLD"": ""65536"", ""NCCL_P2P_NVL_CHUNKSIZE"": ""131072""}, ""operator"": {""chunks"": 1, ""local_first"": false, ""math_sms"": 0, ""pack_block"": 1024, ""pack_warps"": 4, ""push"": true, ""reverse"": false, ""schedule"": ""full"", ""sms"": 0, ""streams"": 3, ""use_ce"": false}}","{""algo_id"": 66, ""cluster_shape"": 3, ""cta_swizzle"": 0, ""custom"": 4, ""inner_shape"": 0, ""reduction"": 0, ""returned"": 8, ""split_k"": 1, ""stages_id"": 35, ""tile_id"": 23, ""tune_ms"": 0.26094934344291687, ""valid"": 8, ""waves"": 4.848484992980957, ""workspace_bytes"": 4}",full_v2/cublaslt_nccl_formal_ch24_chunk128_ll64_cp4.json
a2a_gemm/qwen25_14b_32b/s16384/cp4,qwen25_14b_32b,16384,4,cublaslt_nccl,graph,,"[4096, 5120, 5120]",,,0.45743998885154724,0.46593759804964063,,,469.4569124556624,457.43998885154724,465.93759804964066,,,"{""nccl_environment"": {""NCCL_GRAPH_REGISTER"": ""1"", ""NCCL_IB_DISABLE"": ""1"", ""NCCL_LOCAL_REGISTER"": ""1"", ""NCCL_MAX_P2P_NCHANNELS"": ""24"", ""NCCL_MIN_P2P_NCHANNELS"": ""24"", ""NCCL_P2P_LL_THRESHOLD"": ""65536"", ""NCCL_P2P_NVL_CHUNKSIZE"": ""131072""}, ""operator"": {""chunks"": 1, ""local_first"": false, ""math_sms"": 0, ""pack_block"": 1024, ""pack_warps"": 4, ""push"": true, ""reverse"": false, ""schedule"": ""full"", ""sms"": 0, ""streams"": 3, ""use_ce"": false}}","{""algo_id"": 66, ""cluster_shape"": 3, ""cta_swizzle"": 0, ""custom"": 4, ""inner_shape"": 0, ""reduction"": 0, ""returned"": 8, ""split_k"": 1, ""stages_id"": 35, ""tile_id"": 23, ""tune_ms"": 0.26094934344291687, ""valid"": 8, ""waves"": 4.848484992980957, ""workspace_bytes"": 4}",full_v2/cublaslt_nccl_formal_ch24_chunk128_ll64_cp4.json
a2a_gemm/qwen25_14b_32b/s16384/cp4,qwen25_14b_32b,16384,4,teub,eager,,"[4096, 5120, 5120]",,,0.4705120027065277,0.4860272005200386,,,456.4142116772841,470.5120027065277,486.0272005200386,,,"{""nccl_environment"": {""NCCL_GRAPH_REGISTER"": ""1"", ""NCCL_IB_DISABLE"": ""1"", ""NCCL_LOCAL_REGISTER"": ""1""}, ""operator"": {""chunks"": 2, ""local_first"": false, ""math_sms"": 0, ""pack_block"": 1024, ""pack_warps"": 4, ""push"": true, ""reverse"": false, ""schedule"": ""row_pipeline"", ""sms"": 8, ""streams"": 3, ""use_ce"": false}}","{""algo_id"": 66, ""cluster_shape"": 5, ""cta_swizzle"": 0, ""custom"": 7, ""inner_shape"": 0, ""reduction"": 0, ""returned"": 8, ""split_k"": 1, ""stages_id"": 35, ""tile_id"": 248, ""tune_ms"": 0.1321546584367752, ""valid"": 8, ""waves"": 1.9393939971923828, ""workspace_bytes"": 0}",full_v2/teub_formal_auto_cp4.json
a2a_gemm/qwen25_14b_32b/s16384/cp4,qwen25_14b_32b,16384,4,teub,graph,,"[4096, 5120, 5120]",,,0.41920000314712524,0.42593599408864974,,,512.281400734223,419.20000314712524,425.93599408864975,,,"{""nccl_environment"": {""NCCL_GRAPH_REGISTER"": ""1"", ""NCCL_IB_DISABLE"": ""1"", ""NCCL_LOCAL_REGISTER"": ""1""}, ""operator"": {""chunks"": 2, ""local_first"": false, ""math_sms"": 0, ""pack_block"": 1024, ""pack_warps"": 4, ""push"": true, ""reverse"": false, ""schedule"": ""row_pipeline"", ""sms"": 8, ""streams"": 3, ""use_ce"": false}}","{""algo_id"": 66, ""cluster_shape"": 5, ""cta_swizzle"": 0, ""custom"": 7, ""inner_shape"": 0, ""reduction"": 0, ""returned"": 8, ""split_k"": 1, ""stages_id"": 35, ""tile_id"": 248, ""tune_ms"": 0.1321546584367752, ""valid"": 8, ""waves"": 1.9393939971923828, ""workspace_bytes"": 0}",full_v2/teub_formal_auto_cp4.json
a2a_gemm/qwen25_14b_32b/s16384/cp8,qwen25_14b_32b,16384,8,cublaslt_nccl,eager,,"[2048, 5120, 5120]",,,0.3388320058584213,0.35430240333080293,,,316.8950410335958,338.8320058584213,354.3024033308029,,,"{""nccl_environment"": {""NCCL_GRAPH_REGISTER"": ""1"", ""NCCL_IB_DISABLE"": ""1"", ""NCCL_LOCAL_REGISTER"": ""1"", ""NCCL_MAX_P2P_NCHANNELS"": ""24"", ""NCCL_MIN_P2P_NCHANNELS"": ""24"", ""NCCL_P2P_LL_THRESHOLD"": ""65536"", ""NCCL_P2P_NVL_CHUNKSIZE"": ""131072""}, ""operator"": {""chunks"": 1, ""local_first"": false, ""math_sms"": 0, ""pack_block"": 1024, ""pack_warps"": 4, ""push"": true, ""reverse"": false, ""schedule"": ""full"", ""sms"": 0, ""streams"": 3, ""use_ce"": false}}","{""algo_id"": 66, ""cluster_shape"": 5, ""cta_swizzle"": 0, ""custom"": 7, ""inner_shape"": 0, ""reduction"": 0, ""returned"": 8, ""split_k"": 1, ""stages_id"": 35, ""tile_id"": 248, ""tune_ms"": 0.13444800674915314, ""valid"": 8, ""waves"": 1.9393939971923828, ""workspace_bytes"": 0}",full_v2/cublaslt_nccl_formal_ch24_chunk128_ll64_cp8.json
a2a_gemm/qwen25_14b_32b/s16384/cp8,qwen25_14b_32b,16384,8,cublaslt_nccl,graph,,"[2048, 5120, 5120]",,,0.30828800797462463,0.31611999720335004,,,348.29179086602045,308.28800797462463,316.11999720335007,,,"{""nccl_environment"": {""NCCL_GRAPH_REGISTER"": ""1"", ""NCCL_IB_DISABLE"": ""1"", ""NCCL_LOCAL_REGISTER"": ""1"", ""NCCL_MAX_P2P_NCHANNELS"": ""24"", ""NCCL_MIN_P2P_NCHANNELS"": ""24"", ""NCCL_P2P_LL_THRESHOLD"": ""65536"", ""NCCL_P2P_NVL_CHUNKSIZE"": ""131072""}, ""operator"": {""chunks"": 1, ""local_first"": false, ""math_sms"": 0, ""pack_block"": 1024, ""pack_warps"": 4, ""push"": true, ""reverse"": false, ""schedule"": ""full"", ""sms"": 0, ""streams"": 3, ""use_ce"": false}}","{""algo_id"": 66, ""cluster_shape"": 5, ""cta_swizzle"": 0, ""custom"": 7, ""inner_shape"": 0, ""reduction"": 0, ""returned"": 8, ""split_k"": 1, ""stages_id"": 35, ""tile_id"": 248, ""tune_ms"": 0.13444800674915314, ""valid"": 8, ""waves"": 1.9393939971923828, ""workspace_bytes"": 0}",full_v2/cublaslt_nccl_formal_ch24_chunk128_ll64_cp8.json
a2a_gemm/qwen25_14b_32b/s16384/cp8,qwen25_14b_32b,16384,8,teub,eager,,"[2048, 5120, 5120]",,,0.3968319892883301,0.4070432007312775,,,270.5784445265175,396.8319892883301,407.04320073127747,,,"{""nccl_environment"": {""NCCL_GRAPH_REGISTER"": ""1"", ""NCCL_IB_DISABLE"": ""1"", ""NCCL_LOCAL_REGISTER"": ""1""}, ""operator"": {""chunks"": 1, ""local_first"": false, ""math_sms"": 0, ""pack_block"": 1024, ""pack_warps"": 4, ""push"": true, ""reverse"": false, ""schedule"": ""full"", ""sms"": 8, ""streams"": 3, ""use_ce"": false}}","{""algo_id"": 66, ""cluster_shape"": 5, ""cta_swizzle"": 0, ""custom"": 7, ""inner_shape"": 0, ""reduction"": 0, ""returned"": 8, ""split_k"": 1, ""stages_id"": 35, ""tile_id"": 248, ""tune_ms"": 0.13255999982357025, ""valid"": 8, ""waves"": 1.9393939971923828, ""workspace_bytes"": 0}",full_v2/teub_formal_auto_cp8.json
a2a_gemm/qwen25_14b_32b/s16384/cp8,qwen25_14b_32b,16384,8,teub,graph,,"[2048, 5120, 5120]",,,0.29520000517368317,0.32944959700107573,,,363.733673841996,295.20000517368317,329.44959700107574,,,"{""nccl_environment"": {""NCCL_GRAPH_REGISTER"": ""1"", ""NCCL_IB_DISABLE"": ""1"", ""NCCL_LOCAL_REGISTER"": ""1""}, ""operator"": {""chunks"": 2, ""local_first"": false, ""math_sms"": 0, ""pack_block"": 1024, ""pack_warps"": 4, ""push"": true, ""reverse"": false, ""schedule"": ""row_pipeline"", ""sms"": 8, ""streams"": 3, ""use_ce"": false}}","{""algo_id"": 66, ""cluster_shape"": 5, ""cta_swizzle"": 0, ""custom"": 7, ""inner_shape"": 0, ""reduction"": 0, ""returned"": 8, ""split_k"": 1, ""stages_id"": 35, ""tile_id"": 248, ""tune_ms"": 0.06841066479682922, ""valid"": 8, ""waves"": 0.9696969985961914, ""workspace_bytes"": 0}",full_v2/teub_formal_auto_cp8.json
a2a_gemm/qwen25_14b_32b/s131072/cp4,qwen25_14b_32b,131072,4,cublaslt_nccl,eager,,"[32768, 5120, 5120]",,,3.304960012435913,3.400187134742737,,,519.8207881292221,3304.960012435913,3400.187134742737,,,"{""nccl_environment"": {""NCCL_GRAPH_REGISTER"": ""1"", ""NCCL_IB_DISABLE"": ""1"", ""NCCL_LOCAL_REGISTER"": ""1"", ""NCCL_MAX_P2P_NCHANNELS"": ""32"", ""NCCL_MIN_P2P_NCHANNELS"": ""32"", ""NCCL_P2P_LL_THRESHOLD"": ""65536"", ""NCCL_P2P_NVL_CHUNKSIZE"": ""524288""}, ""operator"": {""chunks"": 1, ""local_first"": false, ""math_sms"": 0, ""pack_block"": 1024, ""pack_warps"": 4, ""push"": true, ""reverse"": false, ""schedule"": ""full"", ""sms"": 0, ""streams"": 3, ""use_ce"": false}}","{""algo_id"": 66, ""cluster_shape"": 3, ""cta_swizzle"": 0, ""custom"": 4, ""inner_shape"": 0, ""reduction"": 0, ""returned"": 8, ""split_k"": 1, ""stages_id"": 35, ""tile_id"": 23, ""tune_ms"": 2.0591039657592773, ""valid"": 8, ""waves"": 38.787879943847656, ""workspace_bytes"": 4}",full_v2/cublaslt_nccl_formal_ch32_chunk512_ll64_cp4.json
a2a_gemm/qwen25_14b_32b/s131072/cp4,qwen25_14b_32b,131072,4,cublaslt_nccl,graph,,"[32768, 5120, 5120]",,,3.2517119646072388,3.305782425403595,,,528.3330556639597,3251.7119646072388,3305.782425403595,,,"{""nccl_environment"": {""NCCL_GRAPH_REGISTER"": ""1"", ""NCCL_IB_DISABLE"": ""1"", ""NCCL_LOCAL_REGISTER"": ""1"", ""NCCL_MAX_P2P_NCHANNELS"": ""24"", ""NCCL_MIN_P2P_NCHANNELS"": ""24"", ""NCCL_P2P_LL_THRESHOLD"": ""65536"", ""NCCL_P2P_NVL_CHUNKSIZE"": ""131072""}, ""operator"": {""chunks"": 1, ""local_first"": false, ""math_sms"": 0, ""pack_block"": 1024, ""pack_warps"": 4, ""push"": true, ""reverse"": false, ""schedule"": ""full"", ""sms"": 0, ""streams"": 3, ""use_ce"": false}}","{""algo_id"": 66, ""cluster_shape"": 5, ""cta_swizzle"": 0, ""custom"": 7, ""inner_shape"": 0, ""reduction"": 0, ""returned"": 8, ""split_k"": 1, ""stages_id"": 35, ""tile_id"": 24, ""tune_ms"": 2.050901174545288, ""valid"": 8, ""waves"": 38.787879943847656, ""workspace_bytes"": 4}",full_v2/cublaslt_nccl_formal_ch24_chunk128_ll64_cp4.json
a2a_gemm/qwen25_14b_32b/s131072/cp4,qwen25_14b_32b,131072,4,teub,eager,,"[32768, 5120, 5120]",,,3.0775840282440186,3.1922863960266112,,,558.2258364462056,3077.5840282440186,3192.2863960266113,,,"{""nccl_environment"": {""NCCL_GRAPH_REGISTER"": ""1"", ""NCCL_IB_DISABLE"": ""1"", ""NCCL_LOCAL_REGISTER"": ""1""}, ""operator"": {""chunks"": 4, ""local_first"": false, ""math_sms"": 0, ""pack_block"": 1024, ""pack_warps"": 4, ""push"": true, ""reverse"": false, ""schedule"": ""row_pipeline"", ""sms"": 8, ""streams"": 3, ""use_ce"": false}}","{""algo_id"": 66, ""cluster_shape"": 3, ""cta_swizzle"": 0, ""custom"": 4, ""inner_shape"": 0, ""reduction"": 0, ""returned"": 8, ""split_k"": 1, ""stages_id"": 35, ""tile_id"": 23, ""tune_ms"": 0.5104320049285889, ""valid"": 8, ""waves"": 9.696969985961914, ""workspace_bytes"": 4}",full_v2/teub_formal_auto_cp4.json
a2a_gemm/qwen25_14b_32b/s131072/cp4,qwen25_14b_32b,131072,4,teub,graph,,"[32768, 5120, 5120]",,,3.114032030105591,3.1901935935020447,,,551.6921154923851,3114.032030105591,3190.1935935020447,,,"{""nccl_environment"": {""NCCL_GRAPH_REGISTER"": ""1"", ""NCCL_IB_DISABLE"": ""1"", ""NCCL_LOCAL_REGISTER"": ""1""}, ""operator"": {""chunks"": 4, ""local_first"": false, ""math_sms"": 0, ""pack_block"": 1024, ""pack_warps"": 4, ""push"": true, ""reverse"": false, ""schedule"": ""row_pipeline"", ""sms"": 8, ""streams"": 3, ""use_ce"": false}}","{""algo_id"": 66, ""cluster_shape"": 3, ""cta_swizzle"": 0, ""custom"": 4, ""inner_shape"": 0, ""reduction"": 0, ""returned"": 8, ""split_k"": 1, ""stages_id"": 35, ""tile_id"": 23, ""tune_ms"": 0.5104320049285889, ""valid"": 8, ""waves"": 9.696969985961914, ""workspace_bytes"": 4}",full_v2/teub_formal_auto_cp4.json
a2a_gemm/qwen25_14b_32b/s131072/cp8,qwen25_14b_32b,131072,8,cublaslt_nccl,eager,,"[16384, 5120, 5120]",,,1.9288319945335388,2.0198815643787382,,,445.34384624189914,1928.8319945335388,2019.8815643787382,,,"{""nccl_environment"": {""NCCL_GRAPH_REGISTER"": ""1"", ""NCCL_IB_DISABLE"": ""1"", ""NCCL_LOCAL_REGISTER"": ""1""}, ""operator"": {""chunks"": 1, ""local_first"": false, ""math_sms"": 0, ""pack_block"": 1024, ""pack_warps"": 4, ""push"": true, ""reverse"": false, ""schedule"": ""full"", ""sms"": 0, ""streams"": 3, ""use_ce"": false}}","{""algo_id"": 66, ""cluster_shape"": 3, ""cta_swizzle"": 0, ""custom"": 1, ""inner_shape"": 0, ""reduction"": 0, ""returned"": 8, ""split_k"": 1, ""stages_id"": 35, ""tile_id"": 29, ""tune_ms"": 1.047162652015686, ""valid"": 8, ""waves"": 31.212121963500977, ""workspace_bytes"": 4}",full_v2/cublaslt_nccl_formal_auto_cp8.json
a2a_gemm/qwen25_14b_32b/s131072/cp8,qwen25_14b_32b,131072,8,cublaslt_nccl,graph,,"[16384, 5120, 5120]",,,1.9011200070381165,1.9281280517578125,,,451.83547383643815,1901.1200070381165,1928.1280517578125,,,"{""nccl_environment"": {""NCCL_GRAPH_REGISTER"": ""1"", ""NCCL_IB_DISABLE"": ""1"", ""NCCL_LOCAL_REGISTER"": ""1"", ""NCCL_MAX_P2P_NCHANNELS"": ""24"", ""NCCL_MIN_P2P_NCHANNELS"": ""24"", ""NCCL_P2P_LL_THRESHOLD"": ""65536"", ""NCCL_P2P_NVL_CHUNKSIZE"": ""131072""}, ""operator"": {""chunks"": 1, ""local_first"": false, ""math_sms"": 0, ""pack_block"": 1024, ""pack_warps"": 4, ""push"": true, ""reverse"": false, ""schedule"": ""full"", ""sms"": 0, ""streams"": 3, ""use_ce"": false}}","{""algo_id"": 66, ""cluster_shape"": 3, ""cta_swizzle"": 0, ""custom"": 4, ""inner_shape"": 0, ""reduction"": 0, ""returned"": 8, ""split_k"": 1, ""stages_id"": 35, ""tile_id"": 23, ""tune_ms"": 1.0286027193069458, ""valid"": 8, ""waves"": 19.393939971923828, ""workspace_bytes"": 4}",full_v2/cublaslt_nccl_formal_ch24_chunk128_ll64_cp8.json
a2a_gemm/qwen25_14b_32b/s131072/cp8,qwen25_14b_32b,131072,8,teub,eager,,"[16384, 5120, 5120]",,,1.9002400040626526,2.449409568309784,,,452.0447192794065,1900.2400040626526,2449.409568309784,,,"{""nccl_environment"": {""NCCL_GRAPH_REGISTER"": ""1"", ""NCCL_IB_DISABLE"": ""1"", ""NCCL_LOCAL_REGISTER"": ""1""}, ""operator"": {""chunks"": 2, ""local_first"": false, ""math_sms"": 0, ""pack_block"": 1024, ""pack_warps"": 4, ""push"": true, ""reverse"": false, ""schedule"": ""row_pipeline"", ""sms"": 8, ""streams"": 3, ""use_ce"": false}}","{""algo_id"": 66, ""cluster_shape"": 3, ""cta_swizzle"": 0, ""custom"": 4, ""inner_shape"": 0, ""reduction"": 0, ""returned"": 8, ""split_k"": 1, ""stages_id"": 35, ""tile_id"": 23, ""tune_ms"": 0.5103466510772705, ""valid"": 8, ""waves"": 9.696969985961914, ""workspace_bytes"": 4}",full_v2/teub_formal_auto_cp8.json
a2a_gemm/qwen25_14b_32b/s131072/cp8,qwen25_14b_32b,131072,8,teub,graph,,"[16384, 5120, 5120]",,,1.9142079949378967,2.116267132759094,,,448.7461453883796,1914.2079949378967,2116.2671327590942,,,"{""nccl_environment"": {""NCCL_GRAPH_REGISTER"": ""1"", ""NCCL_IB_DISABLE"": ""1"", ""NCCL_LOCAL_REGISTER"": ""1""}, ""operator"": {""chunks"": 4, ""local_first"": false, ""math_sms"": 0, ""pack_block"": 1024, ""pack_warps"": 4, ""push"": true, ""reverse"": false, ""schedule"": ""row_pipeline"", ""sms"": 8, ""streams"": 3, ""use_ce"": false}}","{""algo_id"": 66, ""cluster_shape"": 3, ""cta_swizzle"": 0, ""custom"": 4, ""inner_shape"": 0, ""reduction"": 0, ""returned"": 8, ""split_k"": 1, ""stages_id"": 35, ""tile_id"": 23, ""tune_ms"": 0.2578986585140228, ""valid"": 8, ""waves"": 4.848484992980957, ""workspace_bytes"": 4}",full_v2/teub_formal_auto_cp8.json
a2a_gemm/qwen25_14b_32b/s262144/cp4,qwen25_14b_32b,262144,4,cublaslt_nccl,eager,,"[65536, 5120, 5120]",,,6.609760046005249,6.6707120656967165,,,519.8333695754363,6609.760046005249,6670.712065696716,,,"{""nccl_environment"": {""NCCL_GRAPH_REGISTER"": ""1"", ""NCCL_IB_DISABLE"": ""1"", ""NCCL_LOCAL_REGISTER"": ""1"", ""NCCL_MAX_P2P_NCHANNELS"": ""32"", ""NCCL_MIN_P2P_NCHANNELS"": ""32"", ""NCCL_P2P_LL_THRESHOLD"": ""65536"", ""NCCL_P2P_NVL_CHUNKSIZE"": ""524288""}, ""operator"": {""chunks"": 1, ""local_first"": false, ""math_sms"": 0, ""pack_block"": 1024, ""pack_warps"": 4, ""push"": true, ""reverse"": false, ""schedule"": ""full"", ""sms"": 0, ""streams"": 3, ""use_ce"": false}}","{""algo_id"": 66, ""cluster_shape"": 5, ""cta_swizzle"": 0, ""custom"": 6, ""inner_shape"": 0, ""reduction"": 0, ""returned"": 8, ""split_k"": 1, ""stages_id"": 35, ""tile_id"": 209, ""tune_ms"": 4.255573272705078, ""valid"": 8, ""waves"": 69.95454406738281, ""workspace_bytes"": 4}",full_v2/cublaslt_nccl_formal_ch32_chunk512_ll64_cp4.json
a2a_gemm/qwen25_14b_32b/s262144/cp4,qwen25_14b_32b,262144,4,cublaslt_nccl,graph,,"[65536, 5120, 5120]",,,6.975680112838745,7.1667568445205685,,,492.56470784491495,6975.680112838745,7166.756844520569,,,"{""nccl_environment"": {""NCCL_GRAPH_REGISTER"": ""1"", ""NCCL_IB_DISABLE"": ""1"", ""NCCL_LOCAL_REGISTER"": ""1"", ""NCCL_MAX_P2P_NCHANNELS"": ""32"", ""NCCL_MIN_P2P_NCHANNELS"": ""32"", ""NCCL_P2P_LL_THRESHOLD"": ""65536"", ""NCCL_P2P_NVL_CHUNKSIZE"": ""524288""}, ""operator"": {""chunks"": 1, ""local_first"": false, ""math_sms"": 0, ""pack_block"": 1024, ""pack_warps"": 4, ""push"": true, ""reverse"": false, ""schedule"": ""full"", ""sms"": 0, ""streams"": 3, ""use_ce"": false}}","{""algo_id"": 66, ""cluster_shape"": 5, ""cta_swizzle"": 0, ""custom"": 6, ""inner_shape"": 0, ""reduction"": 0, ""returned"": 8, ""split_k"": 1, ""stages_id"": 35, ""tile_id"": 209, ""tune_ms"": 4.255573272705078, ""valid"": 8, ""waves"": 69.95454406738281, ""workspace_bytes"": 4}",full_v2/cublaslt_nccl_formal_ch32_chunk512_ll64_cp4.json
a2a_gemm/qwen25_14b_32b/s262144/cp4,qwen25_14b_32b,262144,4,teub,eager,,"[65536, 5120, 5120]",,,6.197312116622925,6.385284686088562,,,554.4296901851623,6197.312116622925,6385.284686088562,,,"{""nccl_environment"": {""NCCL_GRAPH_REGISTER"": ""1"", ""NCCL_IB_DISABLE"": ""1"", ""NCCL_LOCAL_REGISTER"": ""1""}, ""operator"": {""chunks"": 4, ""local_first"": false, ""math_sms"": 0, ""pack_block"": 1024, ""pack_warps"": 4, ""push"": true, ""reverse"": false, ""schedule"": ""row_pipeline"", ""sms"": 8, ""streams"": 3, ""use_ce"": false}}","{""algo_id"": 66, ""cluster_shape"": 5, ""cta_swizzle"": 0, ""custom"": 6, ""inner_shape"": 0, ""reduction"": 0, ""returned"": 8, ""split_k"": 1, ""stages_id"": 35, ""tile_id"": 209, ""tune_ms"": 1.03274667263031, ""valid"": 8, ""waves"": 17.590909957885742, ""workspace_bytes"": 4}",full_v2/teub_formal_auto_cp4.json
a2a_gemm/qwen25_14b_32b/s262144/cp4,qwen25_14b_32b,262144,4,teub,graph,,"[65536, 5120, 5120]",,,6.205631971359253,6.395564770698547,,,553.6863695201378,6205.631971359253,6395.564770698547,,,"{""nccl_environment"": {""NCCL_GRAPH_REGISTER"": ""1"", ""NCCL_IB_DISABLE"": ""1"", ""NCCL_LOCAL_REGISTER"": ""1""}, ""operator"": {""chunks"": 4, ""local_first"": false, ""math_sms"": 0, ""pack_block"": 1024, ""pack_warps"": 4, ""push"": true, ""reverse"": false, ""schedule"": ""row_pipeline"", ""sms"": 8, ""streams"": 3, ""use_ce"": false}}","{""algo_id"": 66, ""cluster_shape"": 5, ""cta_swizzle"": 0, ""custom"": 6, ""inner_shape"": 0, ""reduction"": 0, ""returned"": 8, ""split_k"": 1, ""stages_id"": 35, ""tile_id"": 209, ""tune_ms"": 1.03274667263031, ""valid"": 8, ""waves"": 17.590909957885742, ""workspace_bytes"": 4}",full_v2/teub_formal_auto_cp4.json
a2a_gemm/qwen25_14b_32b/s262144/cp8,qwen25_14b_32b,262144,8,cublaslt_nccl,eager,,"[32768, 5120, 5120]",,,3.6785119771957397,3.704499137401581,,,467.03311802444705,3678.5119771957397,3704.499137401581,,,"{""nccl_environment"": {""NCCL_GRAPH_REGISTER"": ""1"", ""NCCL_IB_DISABLE"": ""1"", ""NCCL_LOCAL_REGISTER"": ""1"", ""NCCL_MAX_P2P_NCHANNELS"": ""24"", ""NCCL_MIN_P2P_NCHANNELS"": ""24"", ""NCCL_P2P_LL_THRESHOLD"": ""65536"", ""NCCL_P2P_NVL_CHUNKSIZE"": ""131072""}, ""operator"": {""chunks"": 1, ""local_first"": false, ""math_sms"": 0, ""pack_block"": 1024, ""pack_warps"": 4, ""push"": true, ""reverse"": false, ""schedule"": ""full"", ""sms"": 0, ""streams"": 3, ""use_ce"": false}}","{""algo_id"": 66, ""cluster_shape"": 3, ""cta_swizzle"": 0, ""custom"": 4, ""inner_shape"": 0, ""reduction"": 0, ""returned"": 8, ""split_k"": 1, ""stages_id"": 35, ""tile_id"": 23, ""tune_ms"": 2.0521867275238037, ""valid"": 8, ""waves"": 38.787879943847656, ""workspace_bytes"": 4}",full_v2/cublaslt_nccl_formal_ch24_chunk128_ll64_cp8.json
a2a_gemm/qwen25_14b_32b/s262144/cp8,qwen25_14b_32b,262144,8,cublaslt_nccl,graph,,"[32768, 5120, 5120]",,,3.6562719345092773,3.6780159950256346,,,469.8739451475121,3656.2719345092773,3678.0159950256348,,,"{""nccl_environment"": {""NCCL_GRAPH_REGISTER"": ""1"", ""NCCL_IB_DISABLE"": ""1"", ""NCCL_LOCAL_REGISTER"": ""1"", ""NCCL_MAX_P2P_NCHANNELS"": ""24"", ""NCCL_MIN_P2P_NCHANNELS"": ""24"", ""NCCL_P2P_LL_THRESHOLD"": ""65536"", ""NCCL_P2P_NVL_CHUNKSIZE"": ""131072""}, ""operator"": {""chunks"": 1, ""local_first"": false, ""math_sms"": 0, ""pack_block"": 1024, ""pack_warps"": 4, ""push"": true, ""reverse"": false, ""schedule"": ""full"", ""sms"": 0, ""streams"": 3, ""use_ce"": false}}","{""algo_id"": 66, ""cluster_shape"": 3, ""cta_swizzle"": 0, ""custom"": 4, ""inner_shape"": 0, ""reduction"": 0, ""returned"": 8, ""split_k"": 1, ""stages_id"": 35, ""tile_id"": 23, ""tune_ms"": 2.0521867275238037, ""valid"": 8, ""waves"": 38.787879943847656, ""workspace_bytes"": 4}",full_v2/cublaslt_nccl_formal_ch24_chunk128_ll64_cp8.json
a2a_gemm/qwen25_14b_32b/s262144/cp8,qwen25_14b_32b,262144,8,teub,eager,,"[32768, 5120, 5120]",,,3.78656005859375,3.8498368501663207,,,453.7065018950273,3786.56005859375,3849.836850166321,,,"{""nccl_environment"": {""NCCL_GRAPH_REGISTER"": ""1"", ""NCCL_IB_DISABLE"": ""1"", ""NCCL_LOCAL_REGISTER"": ""1""}, ""operator"": {""chunks"": 1, ""local_first"": false, ""math_sms"": 0, ""pack_block"": 1024, ""pack_warps"": 4, ""push"": true, ""reverse"": false, ""schedule"": ""full"", ""sms"": 16, ""streams"": 3, ""use_ce"": false}}","{""algo_id"": 66, ""cluster_shape"": 5, ""cta_swizzle"": 0, ""custom"": 7, ""inner_shape"": 0, ""reduction"": 0, ""returned"": 8, ""split_k"": 1, ""stages_id"": 35, ""tile_id"": 24, ""tune_ms"": 2.0230400562286377, ""valid"": 8, ""waves"": 38.787879943847656, ""workspace_bytes"": 4}",full_v2/teub_formal_auto_cp8.json
a2a_gemm/qwen25_14b_32b/s262144/cp8,qwen25_14b_32b,262144,8,teub,graph,,"[32768, 5120, 5120]",,,3.7980000972747803,4.158644914627075,,,452.3398826747597,3798.0000972747803,4158.644914627075,,,"{""nccl_environment"": {""NCCL_GRAPH_REGISTER"": ""1"", ""NCCL_IB_DISABLE"": ""1"", ""NCCL_LOCAL_REGISTER"": ""1""}, ""operator"": {""chunks"": 4, ""local_first"": false, ""math_sms"": 0, ""pack_block"": 1024, ""pack_warps"": 4, ""push"": true, ""reverse"": false, ""schedule"": ""row_pipeline"", ""sms"": 8, ""streams"": 3, ""use_ce"": false}}","{""algo_id"": 66, ""cluster_shape"": 3, ""cta_swizzle"": 0, ""custom"": 4, ""inner_shape"": 0, ""reduction"": 0, ""returned"": 8, ""split_k"": 1, ""stages_id"": 35, ""tile_id"": 23, ""tune_ms"": 0.5109013319015503, ""valid"": 8, ""waves"": 9.696969985961914, ""workspace_bytes"": 4}",full_v2/teub_formal_auto_cp8.json
a2a_gemm/qwen25_14b_32b/s524288/cp4,qwen25_14b_32b,524288,4,cublaslt_nccl,eager,,"[131072, 5120, 5120]",,,13.395568370819092,13.6053635597229,,,513.0015751007513,13395.568370819092,13605.3635597229,,,"{""nccl_environment"": {""NCCL_GRAPH_REGISTER"": ""1"", ""NCCL_IB_DISABLE"": ""1"", ""NCCL_LOCAL_REGISTER"": ""1"", ""NCCL_MAX_P2P_NCHANNELS"": ""32"", ""NCCL_MIN_P2P_NCHANNELS"": ""32"", ""NCCL_P2P_LL_THRESHOLD"": ""65536"", ""NCCL_P2P_NVL_CHUNKSIZE"": ""524288""}, ""operator"": {""chunks"": 1, ""local_first"": false, ""math_sms"": 0, ""pack_block"": 1024, ""pack_warps"": 4, ""push"": true, ""reverse"": false, ""schedule"": ""full"", ""sms"": 0, ""streams"": 3, ""use_ce"": false}}","{""algo_id"": 66, ""cluster_shape"": 3, ""cta_swizzle"": 0, ""custom"": 4, ""inner_shape"": 0, ""reduction"": 0, ""returned"": 8, ""split_k"": 1, ""stages_id"": 35, ""tile_id"": 23, ""tune_ms"": 9.264266967773438, ""valid"": 8, ""waves"": 155.15151977539062, ""workspace_bytes"": 4}",full_v2/cublaslt_nccl_formal_ch32_chunk512_ll64_cp4.json
a2a_gemm/qwen25_14b_32b/s524288/cp4,qwen25_14b_32b,524288,4,cublaslt_nccl,graph,,"[131072, 5120, 5120]",,,13.354207992553711,13.6924147605896,,,514.5904330254396,13354.207992553711,13692.4147605896,,,"{""nccl_environment"": {""NCCL_GRAPH_REGISTER"": ""1"", ""NCCL_IB_DISABLE"": ""1"", ""NCCL_LOCAL_REGISTER"": ""1"", ""NCCL_MAX_P2P_NCHANNELS"": ""32"", ""NCCL_MIN_P2P_NCHANNELS"": ""32"", ""NCCL_P2P_LL_THRESHOLD"": ""65536"", ""NCCL_P2P_NVL_CHUNKSIZE"": ""524288""}, ""operator"": {""chunks"": 1, ""local_first"": false, ""math_sms"": 0, ""pack_block"": 1024, ""pack_warps"": 4, ""push"": true, ""reverse"": false, ""schedule"": ""full"", ""sms"": 0, ""streams"": 3, ""use_ce"": false}}","{""algo_id"": 66, ""cluster_shape"": 3, ""cta_swizzle"": 0, ""custom"": 4, ""inner_shape"": 0, ""reduction"": 0, ""returned"": 8, ""split_k"": 1, ""stages_id"": 35, ""tile_id"": 23, ""tune_ms"": 9.264266967773438, ""valid"": 8, ""waves"": 155.15151977539062, ""workspace_bytes"": 4}",full_v2/cublaslt_nccl_formal_ch32_chunk512_ll64_cp4.json
a2a_gemm/qwen25_14b_32b/s524288/cp4,qwen25_14b_32b,524288,4,teub,eager,,"[131072, 5120, 5120]",,,12.079776287078857,12.552614498138428,,,568.8803757856497,12079.776287078857,12552.614498138428,,,"{""nccl_environment"": {""NCCL_GRAPH_REGISTER"": ""1"", ""NCCL_IB_DISABLE"": ""1"", ""NCCL_LOCAL_REGISTER"": ""1""}, ""operator"": {""chunks"": 4, ""local_first"": false, ""math_sms"": 0, ""pack_block"": 1024, ""pack_warps"": 4, ""push"": true, ""reverse"": false, ""schedule"": ""row_pipeline"", ""sms"": 8, ""streams"": 3, ""use_ce"": false}}","{""algo_id"": 66, ""cluster_shape"": 5, ""cta_swizzle"": 0, ""custom"": 7, ""inner_shape"": 0, ""reduction"": 0, ""returned"": 8, ""split_k"": 1, ""stages_id"": 35, ""tile_id"": 24, ""tune_ms"": 2.0229759216308594, ""valid"": 8, ""waves"": 38.787879943847656, ""workspace_bytes"": 4}",full_v2/teub_formal_auto_cp4.json
a2a_gemm/qwen25_14b_32b/s524288/cp4,qwen25_14b_32b,524288,4,teub,graph,,"[131072, 5120, 5120]",,,12.234384059906006,12.556193399429322,,,561.6913479216702,12234.384059906006,12556.193399429321,,,"{""nccl_environment"": {""NCCL_GRAPH_REGISTER"": ""1"", ""NCCL_IB_DISABLE"": ""1"", ""NCCL_LOCAL_REGISTER"": ""1""}, ""operator"": {""chunks"": 4, ""local_first"": false, ""math_sms"": 0, ""pack_block"": 1024, ""pack_warps"": 4, ""push"": true, ""reverse"": false, ""schedule"": ""row_pipeline"", ""sms"": 8, ""streams"": 3, ""use_ce"": false}}","{""algo_id"": 66, ""cluster_shape"": 5, ""cta_swizzle"": 0, ""custom"": 7, ""inner_shape"": 0, ""reduction"": 0, ""returned"": 8, ""split_k"": 1, ""stages_id"": 35, ""tile_id"": 24, ""tune_ms"": 2.0229759216308594, ""valid"": 8, ""waves"": 38.787879943847656, ""workspace_bytes"": 4}",full_v2/teub_formal_auto_cp4.json
a2a_gemm/qwen25_14b_32b/s524288/cp8,qwen25_14b_32b,524288,8,cublaslt_nccl,eager,,"[65536, 5120, 5120]",,,7.242272138595581,7.331904029846191,,,474.43312969268,7242.272138595581,7331.904029846191,,,"{""nccl_environment"": {""NCCL_GRAPH_REGISTER"": ""1"", ""NCCL_IB_DISABLE"": ""1"", ""NCCL_LOCAL_REGISTER"": ""1""}, ""operator"": {""chunks"": 1, ""local_first"": false, ""math_sms"": 0, ""pack_block"": 1024, ""pack_warps"": 4, ""push"": true, ""reverse"": false, ""schedule"": ""full"", ""sms"": 0, ""streams"": 3, ""use_ce"": false}}","{""algo_id"": 66, ""cluster_shape"": 5, ""cta_swizzle"": 0, ""custom"": 6, ""inner_shape"": 0, ""reduction"": 0, ""returned"": 8, ""split_k"": 1, ""stages_id"": 35, ""tile_id"": 209, ""tune_ms"": 4.122037410736084, ""valid"": 8, ""waves"": 69.95454406738281, ""workspace_bytes"": 4}",full_v2/cublaslt_nccl_formal_auto_cp8.json
a2a_gemm/qwen25_14b_32b/s524288/cp8,qwen25_14b_32b,524288,8,cublaslt_nccl,graph,,"[65536, 5120, 5120]",,,7.214207887649536,7.251729512214661,,,476.27873916445674,7214.207887649536,7251.729512214661,,,"{""nccl_environment"": {""NCCL_GRAPH_REGISTER"": ""1"", ""NCCL_IB_DISABLE"": ""1"", ""NCCL_LOCAL_REGISTER"": ""1""}, ""operator"": {""chunks"": 1, ""local_first"": false, ""math_sms"": 0, ""pack_block"": 1024, ""pack_warps"": 4, ""push"": true, ""reverse"": false, ""schedule"": ""full"", ""sms"": 0, ""streams"": 3, ""use_ce"": false}}","{""algo_id"": 66, ""cluster_shape"": 5, ""cta_swizzle"": 0, ""custom"": 6, ""inner_shape"": 0, ""reduction"": 0, ""returned"": 8, ""split_k"": 1, ""stages_id"": 35, ""tile_id"": 209, ""tune_ms"": 4.122037410736084, ""valid"": 8, ""waves"": 69.95454406738281, ""workspace_bytes"": 4}",full_v2/cublaslt_nccl_formal_auto_cp8.json
a2a_gemm/qwen25_14b_32b/s524288/cp8,qwen25_14b_32b,524288,8,teub,eager,,"[65536, 5120, 5120]",,,7.2478718757629395,7.329508757591247,,,474.06658060416055,7247.871875762939,7329.508757591248,,,"{""nccl_environment"": {""NCCL_GRAPH_REGISTER"": ""1"", ""NCCL_IB_DISABLE"": ""1"", ""NCCL_LOCAL_REGISTER"": ""1""}, ""operator"": {""chunks"": 1, ""local_first"": false, ""math_sms"": 0, ""pack_block"": 512, ""pack_warps"": 4, ""push"": true, ""reverse"": false, ""schedule"": ""full"", ""sms"": 12, ""streams"": 1, ""use_ce"": true}}","{""algo_id"": 66, ""cluster_shape"": 5, ""cta_swizzle"": 0, ""custom"": 6, ""inner_shape"": 0, ""reduction"": 0, ""returned"": 8, ""split_k"": 1, ""stages_id"": 35, ""tile_id"": 209, ""tune_ms"": 4.189013481140137, ""valid"": 8, ""waves"": 69.95454406738281, ""workspace_bytes"": 4}",full_v2/teub_formal_auto_cp8.json
a2a_gemm/qwen25_14b_32b/s524288/cp8,qwen25_14b_32b,524288,8,teub,graph,,"[65536, 5120, 5120]",,,7.202816009521484,7.361289644241333,,,477.0320152920673,7202.816009521484,7361.289644241333,,,"{""nccl_environment"": {""NCCL_GRAPH_REGISTER"": ""1"", ""NCCL_IB_DISABLE"": ""1"", ""NCCL_LOCAL_REGISTER"": ""1""}, ""operator"": {""chunks"": 1, ""local_first"": false, ""math_sms"": 0, ""pack_block"": 512, ""pack_warps"": 4, ""push"": true, ""reverse"": false, ""schedule"": ""full"", ""sms"": 12, ""streams"": 1, ""use_ce"": true}}","{""algo_id"": 66, ""cluster_shape"": 5, ""cta_swizzle"": 0, ""custom"": 6, ""inner_shape"": 0, ""reduction"": 0, ""returned"": 8, ""split_k"": 1, ""stages_id"": 35, ""tile_id"": 209, ""tune_ms"": 4.189013481140137, ""valid"": 8, ""waves"": 69.95454406738281, ""workspace_bytes"": 4}",full_v2/teub_formal_auto_cp8.json
a2a_gemm/llama31_405b/s1024/cp4,llama31_405b,1024,4,cublaslt_nccl,eager,,"[256, 16384, 16384]",,,0.4798239916563034,0.5278848111629486,,,286.4361846467384,479.8239916563034,527.8848111629486,,,"{""nccl_environment"": {""NCCL_GRAPH_REGISTER"": ""1"", ""NCCL_IB_DISABLE"": ""1"", ""NCCL_LOCAL_REGISTER"": ""1""}, ""operator"": {""chunks"": 1, ""local_first"": false, ""math_sms"": 0, ""pack_block"": 1024, ""pack_warps"": 4, ""push"": true, ""reverse"": false, ""schedule"": ""full"", ""sms"": 0, ""streams"": 3, ""use_ce"": false}}","{""algo_id"": 66, ""cluster_shape"": 5, ""cta_swizzle"": 0, ""custom"": 7, ""inner_shape"": 0, ""reduction"": 0, ""returned"": 8, ""split_k"": 1, ""stages_id"": 35, ""tile_id"": 24, ""tune_ms"": 0.18170134723186493, ""valid"": 8, ""waves"": 0.9696969985961914, ""workspace_bytes"": 0}",full_v2/cublaslt_nccl_formal_auto_cp4.json
a2a_gemm/llama31_405b/s1024/cp4,llama31_405b,1024,4,cublaslt_nccl,graph,,"[256, 16384, 16384]",,,0.4371519982814789,0.44279359728097917,,,314.39626036778196,437.1519982814789,442.79359728097916,,,"{""nccl_environment"": {""NCCL_GRAPH_REGISTER"": ""1"", ""NCCL_IB_DISABLE"": ""1"", ""NCCL_LOCAL_REGISTER"": ""1""}, ""operator"": {""chunks"": 1, ""local_first"": false, ""math_sms"": 0, ""pack_block"": 1024, ""pack_warps"": 4, ""push"": true, ""reverse"": false, ""schedule"": ""full"", ""sms"": 0, ""streams"": 3, ""use_ce"": false}}","{""algo_id"": 66, ""cluster_shape"": 5, ""cta_swizzle"": 0, ""custom"": 7, ""inner_shape"": 0, ""reduction"": 0, ""returned"": 8, ""split_k"": 1, ""stages_id"": 35, ""tile_id"": 24, ""tune_ms"": 0.18170134723186493, ""valid"": 8, ""waves"": 0.9696969985961914, ""workspace_bytes"": 0}",full_v2/cublaslt_nccl_formal_auto_cp4.json
a2a_gemm/llama31_405b/s1024/cp4,llama31_405b,1024,4,teub,eager,,"[256, 16384, 16384]",,,0.5150879919528961,0.5945248186588284,,,266.82616488673364,515.0879919528961,594.5248186588284,,,"{""nccl_environment"": {""NCCL_GRAPH_REGISTER"": ""1"", ""NCCL_IB_DISABLE"": ""1"", ""NCCL_LOCAL_REGISTER"": ""1""}, ""operator"": {""chunks"": 1, ""local_first"": false, ""math_sms"": 0, ""pack_block"": 1024, ""pack_warps"": 4, ""push"": true, ""reverse"": false, ""schedule"": ""full"", ""sms"": 8, ""streams"": 3, ""use_ce"": false}}","{""algo_id"": 66, ""cluster_shape"": 5, ""cta_swizzle"": 0, ""custom"": 7, ""inner_shape"": 0, ""reduction"": 0, ""returned"": 8, ""split_k"": 1, ""stages_id"": 35, ""tile_id"": 24, ""tune_ms"": 0.17880533635616302, ""valid"": 8, ""waves"": 0.9696969985961914, ""workspace_bytes"": 0}",full_v2/teub_formal_auto_cp4.json
a2a_gemm/llama31_405b/s1024/cp4,llama31_405b,1024,4,teub,graph,,"[256, 16384, 16384]",,,0.42532800137996674,0.43463999330997466,,,323.1363865677372,425.32800137996674,434.63999330997467,,,"{""nccl_environment"": {""NCCL_GRAPH_REGISTER"": ""1"", ""NCCL_IB_DISABLE"": ""1"", ""NCCL_LOCAL_REGISTER"": ""1""}, ""operator"": {""chunks"": 1, ""local_first"": false, ""math_sms"": 0, ""pack_block"": 1024, ""pack_warps"": 4, ""push"": true, ""reverse"": false, ""schedule"": ""full"", ""sms"": 8, ""streams"": 3, ""use_ce"": false}}","{""algo_id"": 66, ""cluster_shape"": 5, ""cta_swizzle"": 0, ""custom"": 7, ""inner_shape"": 0, ""reduction"": 0, ""returned"": 8, ""split_k"": 1, ""stages_id"": 35, ""tile_id"": 24, ""tune_ms"": 0.17880533635616302, ""valid"": 8, ""waves"": 0.9696969985961914, ""workspace_bytes"": 0}",full_v2/teub_formal_auto_cp4.json
a2a_gemm/llama31_405b/s1024/cp8,llama31_405b,1024,8,cublaslt_nccl,eager,,"[128, 16384, 16384]",,,0.4525600075721741,0.47869760394096367,,,151.84611009853901,452.5600075721741,478.6976039409637,,,"{""nccl_environment"": {""NCCL_GRAPH_REGISTER"": ""1"", ""NCCL_IB_DISABLE"": ""1"", ""NCCL_LOCAL_REGISTER"": ""1""}, ""operator"": {""chunks"": 1, ""local_first"": false, ""math_sms"": 0, ""pack_block"": 1024, ""pack_warps"": 4, ""push"": true, ""reverse"": false, ""schedule"": ""full"", ""sms"": 0, ""streams"": 3, ""use_ce"": false}}","{""algo_id"": 66, ""cluster_shape"": 5, ""cta_swizzle"": 0, ""custom"": 3, ""inner_shape"": 0, ""reduction"": 0, ""returned"": 8, ""split_k"": 1, ""stages_id"": 35, ""tile_id"": 21, ""tune_ms"": 0.13411733508110046, ""valid"": 8, ""waves"": 0.9696969985961914, ""workspace_bytes"": 0}",full_v2/cublaslt_nccl_formal_auto_cp8.json
a2a_gemm/llama31_405b/s1024/cp8,llama31_405b,1024,8,cublaslt_nccl,graph,,"[128, 16384, 16384]",,,0.42476800084114075,0.501977615058422,,,161.7811996193669,424.76800084114075,501.977615058422,,,"{""nccl_environment"": {""NCCL_GRAPH_REGISTER"": ""1"", ""NCCL_IB_DISABLE"": ""1"", ""NCCL_LOCAL_REGISTER"": ""1""}, ""operator"": {""chunks"": 1, ""local_first"": false, ""math_sms"": 0, ""pack_block"": 1024, ""pack_warps"": 4, ""push"": true, ""reverse"": false, ""schedule"": ""full"", ""sms"": 0, ""streams"": 3, ""use_ce"": false}}","{""algo_id"": 66, ""cluster_shape"": 5, ""cta_swizzle"": 0, ""custom"": 3, ""inner_shape"": 0, ""reduction"": 0, ""returned"": 8, ""split_k"": 1, ""stages_id"": 35, ""tile_id"": 21, ""tune_ms"": 0.13411733508110046, ""valid"": 8, ""waves"": 0.9696969985961914, ""workspace_bytes"": 0}",full_v2/cublaslt_nccl_formal_auto_cp8.json
a2a_gemm/llama31_405b/s1024/cp8,llama31_405b,1024,8,teub,eager,,"[128, 16384, 16384]",,,0.536655992269516,0.5450015991926194,,,128.05126137767627,536.655992269516,545.0015991926193,,,"{""nccl_environment"": {""NCCL_GRAPH_REGISTER"": ""1"", ""NCCL_IB_DISABLE"": ""1"", ""NCCL_LOCAL_REGISTER"": ""1""}, ""operator"": {""chunks"": 1, ""local_first"": false, ""math_sms"": 0, ""pack_block"": 1024, ""pack_warps"": 4, ""push"": true, ""reverse"": false, ""schedule"": ""full"", ""sms"": 16, ""streams"": 3, ""use_ce"": false}}","{""algo_id"": 66, ""cluster_shape"": 5, ""cta_swizzle"": 0, ""custom"": 3, ""inner_shape"": 0, ""reduction"": 0, ""returned"": 8, ""split_k"": 1, ""stages_id"": 35, ""tile_id"": 21, ""tune_ms"": 0.1324533373117447, ""valid"": 8, ""waves"": 0.9696969985961914, ""workspace_bytes"": 0}",full_v2/teub_formal_auto_cp8.json
a2a_gemm/llama31_405b/s1024/cp8,llama31_405b,1024,8,teub,graph,,"[128, 16384, 16384]",,,0.3911200016736984,0.40383040308952334,,,175.6992136478127,391.1200016736984,403.8304030895233,,,"{""nccl_environment"": {""NCCL_GRAPH_REGISTER"": ""1"", ""NCCL_IB_DISABLE"": ""1"", ""NCCL_LOCAL_REGISTER"": ""1""}, ""operator"": {""chunks"": 1, ""local_first"": false, ""math_sms"": 0, ""pack_block"": 1024, ""pack_warps"": 4, ""push"": true, ""reverse"": false, ""schedule"": ""full"", ""sms"": 16, ""streams"": 3, ""use_ce"": false}}","{""algo_id"": 66, ""cluster_shape"": 5, ""cta_swizzle"": 0, ""custom"": 3, ""inner_shape"": 0, ""reduction"": 0, ""returned"": 8, ""split_k"": 1, ""stages_id"": 35, ""tile_id"": 21, ""tune_ms"": 0.1324533373117447, ""valid"": 8, ""waves"": 0.9696969985961914, ""workspace_bytes"": 0}",full_v2/teub_formal_auto_cp8.json
a2a_gemm/llama31_405b/s4096/cp4,llama31_405b,4096,4,cublaslt_nccl,eager,,"[1024, 16384, 16384]",,,1.139407992362976,1.1781840085983277,,,482.49250274950396,1139.407992362976,1178.1840085983276,,,"{""nccl_environment"": {""NCCL_GRAPH_REGISTER"": ""1"", ""NCCL_IB_DISABLE"": ""1"", ""NCCL_LOCAL_REGISTER"": ""1"", ""NCCL_MAX_P2P_NCHANNELS"": ""24"", ""NCCL_MIN_P2P_NCHANNELS"": ""24"", ""NCCL_P2P_LL_THRESHOLD"": ""65536"", ""NCCL_P2P_NVL_CHUNKSIZE"": ""131072""}, ""operator"": {""chunks"": 1, ""local_first"": false, ""math_sms"": 0, ""pack_block"": 1024, ""pack_warps"": 4, ""push"": true, ""reverse"": false, ""schedule"": ""full"", ""sms"": 0, ""streams"": 3, ""use_ce"": false}}","{""algo_id"": 66, ""cluster_shape"": 3, ""cta_swizzle"": 0, ""custom"": 4, ""inner_shape"": 0, ""reduction"": 0, ""returned"": 8, ""split_k"": 1, ""stages_id"": 35, ""tile_id"": 23, ""tune_ms"": 0.6502400040626526, ""valid"": 8, ""waves"": 3.8787879943847656, ""workspace_bytes"": 4}",full_v2/cublaslt_nccl_formal_ch24_chunk128_ll64_cp4.json
a2a_gemm/llama31_405b/s4096/cp4,llama31_405b,4096,4,cublaslt_nccl,graph,,"[1024, 16384, 16384]",,,1.0256159901618958,1.0366959989070892,,,536.0250026924988,1025.6159901618958,1036.6959989070892,,,"{""nccl_environment"": {""NCCL_GRAPH_REGISTER"": ""1"", ""NCCL_IB_DISABLE"": ""1"", ""NCCL_LOCAL_REGISTER"": ""1"", ""NCCL_MAX_P2P_NCHANNELS"": ""32"", ""NCCL_MIN_P2P_NCHANNELS"": ""32"", ""NCCL_P2P_LL_THRESHOLD"": ""65536"", ""NCCL_P2P_NVL_CHUNKSIZE"": ""524288""}, ""operator"": {""chunks"": 1, ""local_first"": false, ""math_sms"": 0, ""pack_block"": 1024, ""pack_warps"": 4, ""push"": true, ""reverse"": false, ""schedule"": ""full"", ""sms"": 0, ""streams"": 3, ""use_ce"": false}}","{""algo_id"": 66, ""cluster_shape"": 3, ""cta_swizzle"": 0, ""custom"": 4, ""inner_shape"": 0, ""reduction"": 0, ""returned"": 8, ""split_k"": 1, ""stages_id"": 35, ""tile_id"": 23, ""tune_ms"": 0.6504372954368591, ""valid"": 8, ""waves"": 3.8787879943847656, ""workspace_bytes"": 4}",full_v2/cublaslt_nccl_formal_ch32_chunk512_ll64_cp4.json
a2a_gemm/llama31_405b/s4096/cp4,llama31_405b,4096,4,teub,eager,,"[1024, 16384, 16384]",,,1.0280479788780212,1.0486272037029267,,,534.7569619153242,1028.0479788780212,1048.6272037029266,,,"{""nccl_environment"": {""NCCL_GRAPH_REGISTER"": ""1"", ""NCCL_IB_DISABLE"": ""1"", ""NCCL_LOCAL_REGISTER"": ""1""}, ""operator"": {""chunks"": 1, ""local_first"": false, ""math_sms"": 0, ""pack_block"": 1024, ""pack_warps"": 4, ""push"": true, ""reverse"": false, ""schedule"": ""full"", ""sms"": 16, ""streams"": 3, ""use_ce"": false}}","{""algo_id"": 66, ""cluster_shape"": 3, ""cta_swizzle"": 0, ""custom"": 4, ""inner_shape"": 0, ""reduction"": 0, ""returned"": 8, ""split_k"": 1, ""stages_id"": 35, ""tile_id"": 23, ""tune_ms"": 0.6401866674423218, ""valid"": 8, ""waves"": 3.8787879943847656, ""workspace_bytes"": 4}",full_v2/teub_formal_auto_cp4.json
a2a_gemm/llama31_405b/s4096/cp4,llama31_405b,4096,4,teub,graph,,"[1024, 16384, 16384]",,,0.9353280067443848,0.9386400163173676,,,587.7679380109083,935.3280067443848,938.6400163173676,,,"{""nccl_environment"": {""NCCL_GRAPH_REGISTER"": ""1"", ""NCCL_IB_DISABLE"": ""1"", ""NCCL_LOCAL_REGISTER"": ""1""}, ""operator"": {""chunks"": 2, ""local_first"": false, ""math_sms"": 0, ""pack_block"": 1024, ""pack_warps"": 4, ""push"": true, ""reverse"": false, ""schedule"": ""row_pipeline"", ""sms"": 8, ""streams"": 3, ""use_ce"": false}}","{""algo_id"": 66, ""cluster_shape"": 3, ""cta_swizzle"": 0, ""custom"": 4, ""inner_shape"": 0, ""reduction"": 0, ""returned"": 8, ""split_k"": 1, ""stages_id"": 35, ""tile_id"": 23, ""tune_ms"": 0.3283093273639679, ""valid"": 8, ""waves"": 1.9393939971923828, ""workspace_bytes"": 0}",full_v2/teub_formal_auto_cp4.json
a2a_gemm/llama31_405b/s4096/cp8,llama31_405b,4096,8,cublaslt_nccl,eager,,"[512, 16384, 16384]",,,0.7534720003604889,0.7763455957174301,,,364.8150253924343,753.4720003604889,776.3455957174301,,,"{""nccl_environment"": {""NCCL_GRAPH_REGISTER"": ""1"", ""NCCL_IB_DISABLE"": ""1"", ""NCCL_LOCAL_REGISTER"": ""1""}, ""operator"": {""chunks"": 1, ""local_first"": false, ""math_sms"": 0, ""pack_block"": 1024, ""pack_warps"": 4, ""push"": true, ""reverse"": false, ""schedule"": ""full"", ""sms"": 0, ""streams"": 3, ""use_ce"": false}}","{""algo_id"": 66, ""cluster_shape"": 3, ""cta_swizzle"": 0, ""custom"": 4, ""inner_shape"": 0, ""reduction"": 0, ""returned"": 8, ""split_k"": 1, ""stages_id"": 35, ""tile_id"": 23, ""tune_ms"": 0.3343839943408966, ""valid"": 8, ""waves"": 1.9393939971923828, ""workspace_bytes"": 0}",full_v2/cublaslt_nccl_formal_auto_cp8.json
a2a_gemm/llama31_405b/s4096/cp8,llama31_405b,4096,8,cublaslt_nccl,graph,,"[512, 16384, 16384]",,,0.709087997674942,0.7239391922950744,,,387.64992193537125,709.087997674942,723.9391922950745,,,"{""nccl_environment"": {""NCCL_GRAPH_REGISTER"": ""1"", ""NCCL_IB_DISABLE"": ""1"", ""NCCL_LOCAL_REGISTER"": ""1""}, ""operator"": {""chunks"": 1, ""local_first"": false, ""math_sms"": 0, ""pack_block"": 1024, ""pack_warps"": 4, ""push"": true, ""reverse"": false, ""schedule"": ""full"", ""sms"": 0, ""streams"": 3, ""use_ce"": false}}","{""algo_id"": 66, ""cluster_shape"": 3, ""cta_swizzle"": 0, ""custom"": 4, ""inner_shape"": 0, ""reduction"": 0, ""returned"": 8, ""split_k"": 1, ""stages_id"": 35, ""tile_id"": 23, ""tune_ms"": 0.3343839943408966, ""valid"": 8, ""waves"": 1.9393939971923828, ""workspace_bytes"": 0}",full_v2/cublaslt_nccl_formal_auto_cp8.json
a2a_gemm/llama31_405b/s4096/cp8,llama31_405b,4096,8,teub,eager,,"[512, 16384, 16384]",,,0.7977280020713806,0.8079535990953446,,,344.57597856694514,797.7280020713806,807.9535990953445,,,"{""nccl_environment"": {""NCCL_GRAPH_REGISTER"": ""1"", ""NCCL_IB_DISABLE"": ""1"", ""NCCL_LOCAL_REGISTER"": ""1""}, ""operator"": {""chunks"": 1, ""local_first"": false, ""math_sms"": 0, ""pack_block"": 512, ""pack_warps"": 4, ""push"": true, ""reverse"": false, ""schedule"": ""full"", ""sms"": 4, ""streams"": 3, ""use_ce"": false}}","{""algo_id"": 66, ""cluster_shape"": 3, ""cta_swizzle"": 0, ""custom"": 4, ""inner_shape"": 0, ""reduction"": 0, ""returned"": 8, ""split_k"": 1, ""stages_id"": 35, ""tile_id"": 23, ""tune_ms"": 0.32842132449150085, ""valid"": 8, ""waves"": 1.9393939971923828, ""workspace_bytes"": 0}",full_v2/teub_formal_auto_cp8.json
a2a_gemm/llama31_405b/s4096/cp8,llama31_405b,4096,8,teub,graph,,"[512, 16384, 16384]",,,0.6898719966411591,0.7022336184978485,,,398.4476950540425,689.8719966411591,702.2336184978485,,,"{""nccl_environment"": {""NCCL_GRAPH_REGISTER"": ""1"", ""NCCL_IB_DISABLE"": ""1"", ""NCCL_LOCAL_REGISTER"": ""1""}, ""operator"": {""chunks"": 1, ""local_first"": false, ""math_sms"": 0, ""pack_block"": 1024, ""pack_warps"": 4, ""push"": true, ""reverse"": false, ""schedule"": ""full"", ""sms"": 8, ""streams"": 3, ""use_ce"": false}}","{""algo_id"": 66, ""cluster_shape"": 3, ""cta_swizzle"": 0, ""custom"": 4, ""inner_shape"": 0, ""reduction"": 0, ""returned"": 8, ""split_k"": 1, ""stages_id"": 35, ""tile_id"": 23, ""tune_ms"": 0.32842132449150085, ""valid"": 8, ""waves"": 1.9393939971923828, ""workspace_bytes"": 0}",full_v2/teub_formal_auto_cp8.json
a2a_gemm/llama31_405b/s16384/cp4,llama31_405b,16384,4,cublaslt_nccl,eager,,"[4096, 16384, 16384]",,,3.624943971633911,3.6679279923439028,,,606.6364812145799,3624.943971633911,3667.9279923439026,,,"{""nccl_environment"": {""NCCL_GRAPH_REGISTER"": ""1"", ""NCCL_IB_DISABLE"": ""1"", ""NCCL_LOCAL_REGISTER"": ""1"", ""NCCL_MAX_P2P_NCHANNELS"": ""32"", ""NCCL_MIN_P2P_NCHANNELS"": ""32"", ""NCCL_P2P_LL_THRESHOLD"": ""65536"", ""NCCL_P2P_NVL_CHUNKSIZE"": ""524288""}, ""operator"": {""chunks"": 1, ""local_first"": false, ""math_sms"": 0, ""pack_block"": 1024, ""pack_warps"": 4, ""push"": true, ""reverse"": false, ""schedule"": ""full"", ""sms"": 0, ""streams"": 3, ""use_ce"": false}}","{""algo_id"": 66, ""cluster_shape"": 3, ""cta_swizzle"": 0, ""custom"": 4, ""inner_shape"": 0, ""reduction"": 0, ""returned"": 8, ""split_k"": 1, ""stages_id"": 35, ""tile_id"": 23, ""tune_ms"": 2.6842024326324463, ""valid"": 8, ""waves"": 15.515151977539062, ""workspace_bytes"": 4}",full_v2/cublaslt_nccl_formal_ch32_chunk512_ll64_cp4.json
a2a_gemm/llama31_405b/s16384/cp4,llama31_405b,16384,4,cublaslt_nccl,graph,,"[4096, 16384, 16384]",,,3.6447360515594482,3.8404000401496887,,,603.3422515221971,3644.7360515594482,3840.4000401496887,,,"{""nccl_environment"": {""NCCL_GRAPH_REGISTER"": ""1"", ""NCCL_IB_DISABLE"": ""1"", ""NCCL_LOCAL_REGISTER"": ""1"", ""NCCL_MAX_P2P_NCHANNELS"": ""32"", ""NCCL_MIN_P2P_NCHANNELS"": ""32"", ""NCCL_P2P_LL_THRESHOLD"": ""65536"", ""NCCL_P2P_NVL_CHUNKSIZE"": ""524288""}, ""operator"": {""chunks"": 1, ""local_first"": false, ""math_sms"": 0, ""pack_block"": 1024, ""pack_warps"": 4, ""push"": true, ""reverse"": false, ""schedule"": ""full"", ""sms"": 0, ""streams"": 3, ""use_ce"": false}}","{""algo_id"": 66, ""cluster_shape"": 3, ""cta_swizzle"": 0, ""custom"": 4, ""inner_shape"": 0, ""reduction"": 0, ""returned"": 8, ""split_k"": 1, ""stages_id"": 35, ""tile_id"": 23, ""tune_ms"": 2.6842024326324463, ""valid"": 8, ""waves"": 15.515151977539062, ""workspace_bytes"": 4}",full_v2/cublaslt_nccl_formal_ch32_chunk512_ll64_cp4.json
a2a_gemm/llama31_405b/s16384/cp4,llama31_405b,16384,4,teub,eager,,"[4096, 16384, 16384]",,,3.4793280363082886,3.496667218208313,,,632.025274019651,3479.3280363082886,3496.667218208313,,,"{""nccl_environment"": {""NCCL_GRAPH_REGISTER"": ""1"", ""NCCL_IB_DISABLE"": ""1"", ""NCCL_LOCAL_REGISTER"": ""1""}, ""operator"": {""chunks"": 4, ""local_first"": false, ""math_sms"": 0, ""pack_block"": 1024, ""pack_warps"": 4, ""push"": true, ""reverse"": false, ""schedule"": ""row_pipeline"", ""sms"": 8, ""streams"": 3, ""use_ce"": false}}","{""algo_id"": 66, ""cluster_shape"": 3, ""cta_swizzle"": 0, ""custom"": 4, ""inner_shape"": 0, ""reduction"": 0, ""returned"": 8, ""split_k"": 1, ""stages_id"": 35, ""tile_id"": 23, ""tune_ms"": 0.6409973502159119, ""valid"": 8, ""waves"": 3.8787879943847656, ""workspace_bytes"": 4}",full_v2/teub_formal_auto_cp4.json
a2a_gemm/llama31_405b/s16384/cp4,llama31_405b,16384,4,teub,graph,,"[4096, 16384, 16384]",,,3.4241600036621094,3.4421168088912966,,,642.2080899257522,3424.1600036621094,3442.1168088912964,,,"{""nccl_environment"": {""NCCL_GRAPH_REGISTER"": ""1"", ""NCCL_IB_DISABLE"": ""1"", ""NCCL_LOCAL_REGISTER"": ""1""}, ""operator"": {""chunks"": 2, ""local_first"": false, ""math_sms"": 0, ""pack_block"": 1024, ""pack_warps"": 4, ""push"": true, ""reverse"": false, ""schedule"": ""row_pipeline"", ""sms"": 8, ""streams"": 3, ""use_ce"": false}}","{""algo_id"": 66, ""cluster_shape"": 3, ""cta_swizzle"": 0, ""custom"": 4, ""inner_shape"": 0, ""reduction"": 0, ""returned"": 8, ""split_k"": 1, ""stages_id"": 35, ""tile_id"": 23, ""tune_ms"": 1.2762399911880493, ""valid"": 8, ""waves"": 7.757575988769531, ""workspace_bytes"": 4}",full_v2/teub_formal_auto_cp4.json
a2a_gemm/llama31_405b/s16384/cp8,llama31_405b,16384,8,cublaslt_nccl,eager,,"[2048, 16384, 16384]",,,2.034767985343933,2.0571136236190797,,,540.362162023181,2034.767985343933,2057.1136236190796,,,"{""nccl_environment"": {""NCCL_GRAPH_REGISTER"": ""1"", ""NCCL_IB_DISABLE"": ""1"", ""NCCL_LOCAL_REGISTER"": ""1"", ""NCCL_MAX_P2P_NCHANNELS"": ""24"", ""NCCL_MIN_P2P_NCHANNELS"": ""24"", ""NCCL_P2P_LL_THRESHOLD"": ""65536"", ""NCCL_P2P_NVL_CHUNKSIZE"": ""131072""}, ""operator"": {""chunks"": 1, ""local_first"": false, ""math_sms"": 0, ""pack_block"": 1024, ""pack_warps"": 4, ""push"": true, ""reverse"": false, ""schedule"": ""full"", ""sms"": 0, ""streams"": 3, ""use_ce"": false}}","{""algo_id"": 66, ""cluster_shape"": 3, ""cta_swizzle"": 0, ""custom"": 4, ""inner_shape"": 0, ""reduction"": 0, ""returned"": 8, ""split_k"": 1, ""stages_id"": 35, ""tile_id"": 23, ""tune_ms"": 1.3028533458709717, ""valid"": 8, ""waves"": 7.757575988769531, ""workspace_bytes"": 4}",full_v2/cublaslt_nccl_formal_ch24_chunk128_ll64_cp8.json
a2a_gemm/llama31_405b/s16384/cp8,llama31_405b,16384,8,cublaslt_nccl,graph,,"[2048, 16384, 16384]",,,2.024511933326721,2.0457215666770936,,,543.0996032556149,2024.5119333267212,2045.7215666770935,,,"{""nccl_environment"": {""NCCL_GRAPH_REGISTER"": ""1"", ""NCCL_IB_DISABLE"": ""1"", ""NCCL_LOCAL_REGISTER"": ""1"", ""NCCL_MAX_P2P_NCHANNELS"": ""24"", ""NCCL_MIN_P2P_NCHANNELS"": ""24"", ""NCCL_P2P_LL_THRESHOLD"": ""65536"", ""NCCL_P2P_NVL_CHUNKSIZE"": ""131072""}, ""operator"": {""chunks"": 1, ""local_first"": false, ""math_sms"": 0, ""pack_block"": 1024, ""pack_warps"": 4, ""push"": true, ""reverse"": false, ""schedule"": ""full"", ""sms"": 0, ""streams"": 3, ""use_ce"": false}}","{""algo_id"": 66, ""cluster_shape"": 3, ""cta_swizzle"": 0, ""custom"": 4, ""inner_shape"": 0, ""reduction"": 0, ""returned"": 8, ""split_k"": 1, ""stages_id"": 35, ""tile_id"": 23, ""tune_ms"": 1.3028533458709717, ""valid"": 8, ""waves"": 7.757575988769531, ""workspace_bytes"": 4}",full_v2/cublaslt_nccl_formal_ch24_chunk128_ll64_cp8.json
a2a_gemm/llama31_405b/s16384/cp8,llama31_405b,16384,8,teub,eager,,"[2048, 16384, 16384]",,,2.0345600843429565,2.110211157798767,,,540.4173787922698,2034.5600843429565,2110.211157798767,,,"{""nccl_environment"": {""NCCL_GRAPH_REGISTER"": ""1"", ""NCCL_IB_DISABLE"": ""1"", ""NCCL_LOCAL_REGISTER"": ""1""}, ""operator"": {""chunks"": 2, ""local_first"": false, ""math_sms"": 0, ""pack_block"": 1024, ""pack_warps"": 4, ""push"": true, ""reverse"": false, ""schedule"": ""row_pipeline"", ""sms"": 8, ""streams"": 3, ""use_ce"": false}}","{""algo_id"": 66, ""cluster_shape"": 3, ""cta_swizzle"": 0, ""custom"": 4, ""inner_shape"": 0, ""reduction"": 0, ""returned"": 8, ""split_k"": 1, ""stages_id"": 35, ""tile_id"": 23, ""tune_ms"": 0.6412266492843628, ""valid"": 8, ""waves"": 3.8787879943847656, ""workspace_bytes"": 4}",full_v2/teub_formal_auto_cp8.json
a2a_gemm/llama31_405b/s16384/cp8,llama31_405b,16384,8,teub,graph,,"[2048, 16384, 16384]",,,1.9736480116844177,2.447684848308563,,,557.0961089650517,1973.6480116844177,2447.6848483085632,,,"{""nccl_environment"": {""NCCL_GRAPH_REGISTER"": ""1"", ""NCCL_IB_DISABLE"": ""1"", ""NCCL_LOCAL_REGISTER"": ""1""}, ""operator"": {""chunks"": 2, ""local_first"": false, ""math_sms"": 0, ""pack_block"": 1024, ""pack_warps"": 4, ""push"": true, ""reverse"": false, ""schedule"": ""row_pipeline"", ""sms"": 8, ""streams"": 3, ""use_ce"": false}}","{""algo_id"": 66, ""cluster_shape"": 3, ""cta_swizzle"": 0, ""custom"": 4, ""inner_shape"": 0, ""reduction"": 0, ""returned"": 8, ""split_k"": 1, ""stages_id"": 35, ""tile_id"": 23, ""tune_ms"": 0.6412266492843628, ""valid"": 8, ""waves"": 3.8787879943847656, ""workspace_bytes"": 4}",full_v2/teub_formal_auto_cp8.json
a2a_gemm/llama31_405b/s131072/cp4,llama31_405b,131072,4,cublaslt_nccl,eager,,"[32768, 16384, 16384]",,,28.514768600463867,31.909411621093742,,,616.9499844417401,28514.768600463867,31909.411621093743,,,"{""nccl_environment"": {""NCCL_GRAPH_REGISTER"": ""1"", ""NCCL_IB_DISABLE"": ""1"", ""NCCL_LOCAL_REGISTER"": ""1""}, ""operator"": {""chunks"": 1, ""local_first"": false, ""math_sms"": 0, ""pack_block"": 1024, ""pack_warps"": 4, ""push"": true, ""reverse"": false, ""schedule"": ""full"", ""sms"": 0, ""streams"": 3, ""use_ce"": false}}","{""algo_id"": 66, ""cluster_shape"": 5, ""cta_swizzle"": 0, ""custom"": 7, ""inner_shape"": 0, ""reduction"": 0, ""returned"": 8, ""split_k"": 1, ""stages_id"": 35, ""tile_id"": 24, ""tune_ms"": 23.634660720825195, ""valid"": 8, ""waves"": 124.1212158203125, ""workspace_bytes"": 4}",full_v2/cublaslt_nccl_formal_auto_cp4.json
a2a_gemm/llama31_405b/s131072/cp4,llama31_405b,131072,4,cublaslt_nccl,graph,,"[32768, 16384, 16384]",,,28.646575927734375,30.024664974212648,,,614.1113021254316,28646.575927734375,30024.664974212646,,,"{""nccl_environment"": {""NCCL_GRAPH_REGISTER"": ""1"", ""NCCL_IB_DISABLE"": ""1"", ""NCCL_LOCAL_REGISTER"": ""1"", ""NCCL_MAX_P2P_NCHANNELS"": ""24"", ""NCCL_MIN_P2P_NCHANNELS"": ""24"", ""NCCL_P2P_LL_THRESHOLD"": ""65536"", ""NCCL_P2P_NVL_CHUNKSIZE"": ""131072""}, ""operator"": {""chunks"": 1, ""local_first"": false, ""math_sms"": 0, ""pack_block"": 1024, ""pack_warps"": 4, ""push"": true, ""reverse"": false, ""schedule"": ""full"", ""sms"": 0, ""streams"": 3, ""use_ce"": false}}","{""algo_id"": 66, ""cluster_shape"": 5, ""cta_swizzle"": 0, ""custom"": 7, ""inner_shape"": 0, ""reduction"": 0, ""returned"": 8, ""split_k"": 1, ""stages_id"": 35, ""tile_id"": 24, ""tune_ms"": 23.689252853393555, ""valid"": 8, ""waves"": 124.1212158203125, ""workspace_bytes"": 4}",full_v2/cublaslt_nccl_formal_ch24_chunk128_ll64_cp4.json
a2a_gemm/llama31_405b/s131072/cp4,llama31_405b,131072,4,teub,eager,,"[32768, 16384, 16384]",,,27.990592002868652,32.61769170761108,,,628.503535852798,27990.592002868652,32617.691707611077,,,"{""nccl_environment"": {""NCCL_GRAPH_REGISTER"": ""1"", ""NCCL_IB_DISABLE"": ""1"", ""NCCL_LOCAL_REGISTER"": ""1""}, ""operator"": {""chunks"": 1, ""local_first"": false, ""math_sms"": 0, ""pack_block"": 1024, ""pack_warps"": 4, ""push"": true, ""reverse"": false, ""schedule"": ""full"", ""sms"": 8, ""streams"": 3, ""use_ce"": false}}","{""algo_id"": 66, ""cluster_shape"": 3, ""cta_swizzle"": 0, ""custom"": 4, ""inner_shape"": 0, ""reduction"": 0, ""returned"": 8, ""split_k"": 1, ""stages_id"": 35, ""tile_id"": 209, ""tune_ms"": 23.793968200683594, ""valid"": 8, ""waves"": 111.40908813476562, ""workspace_bytes"": 4}",full_v2/teub_formal_auto_cp4.json
a2a_gemm/llama31_405b/s131072/cp4,llama31_405b,131072,4,teub,graph,,"[32768, 16384, 16384]",,,28.027472496032715,31.786968135833735,,,627.6765072878467,28027.472496032715,31786.968135833737,,,"{""nccl_environment"": {""NCCL_GRAPH_REGISTER"": ""1"", ""NCCL_IB_DISABLE"": ""1"", ""NCCL_LOCAL_REGISTER"": ""1""}, ""operator"": {""chunks"": 1, ""local_first"": false, ""math_sms"": 0, ""pack_block"": 1024, ""pack_warps"": 4, ""push"": true, ""reverse"": false, ""schedule"": ""full"", ""sms"": 16, ""streams"": 3, ""use_ce"": false}}","{""algo_id"": 66, ""cluster_shape"": 3, ""cta_swizzle"": 0, ""custom"": 4, ""inner_shape"": 0, ""reduction"": 0, ""returned"": 8, ""split_k"": 1, ""stages_id"": 35, ""tile_id"": 209, ""tune_ms"": 23.793968200683594, ""valid"": 8, ""waves"": 111.40908813476562, ""workspace_bytes"": 4}",full_v2/teub_formal_auto_cp4.json
a2a_gemm/llama31_405b/s131072/cp8,llama31_405b,131072,8,cublaslt_nccl,eager,,"[16384, 16384, 16384]",,,14.434624195098877,16.282379627227783,,,609.3745776349772,14434.624195098877,16282.379627227783,,,"{""nccl_environment"": {""NCCL_GRAPH_REGISTER"": ""1"", ""NCCL_IB_DISABLE"": ""1"", ""NCCL_LOCAL_REGISTER"": ""1"", ""NCCL_MAX_P2P_NCHANNELS"": ""24"", ""NCCL_MIN_P2P_NCHANNELS"": ""24"", ""NCCL_P2P_LL_THRESHOLD"": ""65536"", ""NCCL_P2P_NVL_CHUNKSIZE"": ""131072""}, ""operator"": {""chunks"": 1, ""local_first"": false, ""math_sms"": 0, ""pack_block"": 1024, ""pack_warps"": 4, ""push"": true, ""reverse"": false, ""schedule"": ""full"", ""sms"": 0, ""streams"": 3, ""use_ce"": false}}","{""algo_id"": 66, ""cluster_shape"": 3, ""cta_swizzle"": 0, ""custom"": 4, ""inner_shape"": 0, ""reduction"": 0, ""returned"": 8, ""split_k"": 1, ""stages_id"": 35, ""tile_id"": 23, ""tune_ms"": 11.910282135009766, ""valid"": 8, ""waves"": 62.06060791015625, ""workspace_bytes"": 4}",full_v2/cublaslt_nccl_formal_ch24_chunk128_ll64_cp8.json
a2a_gemm/llama31_405b/s131072/cp8,llama31_405b,131072,8,cublaslt_nccl,graph,,"[16384, 16384, 16384]",,,14.412032127380371,15.544929552078248,,,610.3298233353881,14412.032127380371,15544.929552078247,,,"{""nccl_environment"": {""NCCL_GRAPH_REGISTER"": ""1"", ""NCCL_IB_DISABLE"": ""1"", ""NCCL_LOCAL_REGISTER"": ""1"", ""NCCL_MAX_P2P_NCHANNELS"": ""24"", ""NCCL_MIN_P2P_NCHANNELS"": ""24"", ""NCCL_P2P_LL_THRESHOLD"": ""65536"", ""NCCL_P2P_NVL_CHUNKSIZE"": ""131072""}, ""operator"": {""chunks"": 1, ""local_first"": false, ""math_sms"": 0, ""pack_block"": 1024, ""pack_warps"": 4, ""push"": true, ""reverse"": false, ""schedule"": ""full"", ""sms"": 0, ""streams"": 3, ""use_ce"": false}}","{""algo_id"": 66, ""cluster_shape"": 3, ""cta_swizzle"": 0, ""custom"": 4, ""inner_shape"": 0, ""reduction"": 0, ""returned"": 8, ""split_k"": 1, ""stages_id"": 35, ""tile_id"": 23, ""tune_ms"": 11.910282135009766, ""valid"": 8, ""waves"": 62.06060791015625, ""workspace_bytes"": 4}",full_v2/cublaslt_nccl_formal_ch24_chunk128_ll64_cp8.json
a2a_gemm/llama31_405b/s131072/cp8,llama31_405b,131072,8,teub,eager,,"[16384, 16384, 16384]",,,14.428063869476318,17.02059850692749,,,609.6516553975626,14428.063869476318,17020.59850692749,,,"{""nccl_environment"": {""NCCL_GRAPH_REGISTER"": ""1"", ""NCCL_IB_DISABLE"": ""1"", ""NCCL_LOCAL_REGISTER"": ""1""}, ""operator"": {""chunks"": 4, ""local_first"": false, ""math_sms"": 0, ""pack_block"": 1024, ""pack_warps"": 4, ""push"": true, ""reverse"": false, ""schedule"": ""row_pipeline"", ""sms"": 8, ""streams"": 3, ""use_ce"": false}}","{""algo_id"": 66, ""cluster_shape"": 5, ""cta_swizzle"": 0, ""custom"": 7, ""inner_shape"": 0, ""reduction"": 0, ""returned"": 8, ""split_k"": 1, ""stages_id"": 35, ""tile_id"": 24, ""tune_ms"": 2.606757402420044, ""valid"": 8, ""waves"": 15.515151977539062, ""workspace_bytes"": 4}",full_v2/teub_formal_auto_cp8.json
a2a_gemm/llama31_405b/s131072/cp8,llama31_405b,131072,8,teub,graph,,"[16384, 16384, 16384]",,,14.575712203979492,15.857276773452758,,,603.4760359638874,14575.712203979492,15857.276773452759,,,"{""nccl_environment"": {""NCCL_GRAPH_REGISTER"": ""1"", ""NCCL_IB_DISABLE"": ""1"", ""NCCL_LOCAL_REGISTER"": ""1""}, ""operator"": {""chunks"": 4, ""local_first"": false, ""math_sms"": 0, ""pack_block"": 1024, ""pack_warps"": 4, ""push"": true, ""reverse"": false, ""schedule"": ""row_pipeline"", ""sms"": 8, ""streams"": 3, ""use_ce"": false}}","{""algo_id"": 66, ""cluster_shape"": 5, ""cta_swizzle"": 0, ""custom"": 7, ""inner_shape"": 0, ""reduction"": 0, ""returned"": 8, ""split_k"": 1, ""stages_id"": 35, ""tile_id"": 24, ""tune_ms"": 2.606757402420044, ""valid"": 8, ""waves"": 15.515151977539062, ""workspace_bytes"": 4}",full_v2/teub_formal_auto_cp8.json
a2a_gemm/llama31_405b/s262144/cp4,llama31_405b,262144,4,cublaslt_nccl,eager,,"[65536, 16384, 16384]",,,57.38158416748047,58.811457824707034,,,613.1648785808851,57381.58416748047,58811.45782470703,,,"{""nccl_environment"": {""NCCL_GRAPH_REGISTER"": ""1"", ""NCCL_IB_DISABLE"": ""1"", ""NCCL_LOCAL_REGISTER"": ""1"", ""NCCL_MAX_P2P_NCHANNELS"": ""24"", ""NCCL_MIN_P2P_NCHANNELS"": ""24"", ""NCCL_P2P_LL_THRESHOLD"": ""65536"", ""NCCL_P2P_NVL_CHUNKSIZE"": ""131072""}, ""operator"": {""chunks"": 1, ""local_first"": false, ""math_sms"": 0, ""pack_block"": 1024, ""pack_warps"": 4, ""push"": true, ""reverse"": false, ""schedule"": ""full"", ""sms"": 0, ""streams"": 3, ""use_ce"": false}}","{""algo_id"": 66, ""cluster_shape"": 3, ""cta_swizzle"": 0, ""custom"": 4, ""inner_shape"": 0, ""reduction"": 0, ""returned"": 8, ""split_k"": 1, ""stages_id"": 35, ""tile_id"": 209, ""tune_ms"": 47.332763671875, ""valid"": 8, ""waves"": 222.81817626953125, ""workspace_bytes"": 4}",full_v2/cublaslt_nccl_formal_ch24_chunk128_ll64_cp4.json
a2a_gemm/llama31_405b/s262144/cp4,llama31_405b,262144,4,cublaslt_nccl,graph,,"[65536, 16384, 16384]",,,57.161983489990234,58.82256546020508,,,615.5204900297628,57161.983489990234,58822.56546020508,,,"{""nccl_environment"": {""NCCL_GRAPH_REGISTER"": ""1"", ""NCCL_IB_DISABLE"": ""1"", ""NCCL_LOCAL_REGISTER"": ""1"", ""NCCL_MAX_P2P_NCHANNELS"": ""32"", ""NCCL_MIN_P2P_NCHANNELS"": ""32"", ""NCCL_P2P_LL_THRESHOLD"": ""65536"", ""NCCL_P2P_NVL_CHUNKSIZE"": ""524288""}, ""operator"": {""chunks"": 1, ""local_first"": false, ""math_sms"": 0, ""pack_block"": 1024, ""pack_warps"": 4, ""push"": true, ""reverse"": false, ""schedule"": ""full"", ""sms"": 0, ""streams"": 3, ""use_ce"": false}}","{""algo_id"": 66, ""cluster_shape"": 3, ""cta_swizzle"": 0, ""custom"": 4, ""inner_shape"": 0, ""reduction"": 0, ""returned"": 8, ""split_k"": 1, ""stages_id"": 35, ""tile_id"": 209, ""tune_ms"": 48.782474517822266, ""valid"": 8, ""waves"": 222.81817626953125, ""workspace_bytes"": 4}",full_v2/cublaslt_nccl_formal_ch32_chunk512_ll64_cp4.json
a2a_gemm/llama31_405b/s262144/cp4,llama31_405b,262144,4,teub,eager,,"[65536, 16384, 16384]",,,55.69384002685547,59.50546455383301,,,631.7462051793549,55693.84002685547,59505.46455383301,,,"{""nccl_environment"": {""NCCL_GRAPH_REGISTER"": ""1"", ""NCCL_IB_DISABLE"": ""1"", ""NCCL_LOCAL_REGISTER"": ""1""}, ""operator"": {""chunks"": 4, ""local_first"": false, ""math_sms"": 0, ""pack_block"": 1024, ""pack_warps"": 4, ""push"": true, ""reverse"": false, ""schedule"": ""row_pipeline"", ""sms"": 8, ""streams"": 3, ""use_ce"": false}}","{""algo_id"": 66, ""cluster_shape"": 3, ""cta_swizzle"": 0, ""custom"": 4, ""inner_shape"": 0, ""reduction"": 0, ""returned"": 8, ""split_k"": 1, ""stages_id"": 35, ""tile_id"": 23, ""tune_ms"": 11.842890739440918, ""valid"": 8, ""waves"": 62.06060791015625, ""workspace_bytes"": 4}",full_v2/teub_formal_auto_cp4.json
a2a_gemm/llama31_405b/s262144/cp4,llama31_405b,262144,4,teub,graph,,"[65536, 16384, 16384]",,,55.9128303527832,57.79362545013428,,,629.2718838741564,55912.8303527832,57793.62545013428,,,"{""nccl_environment"": {""NCCL_GRAPH_REGISTER"": ""1"", ""NCCL_IB_DISABLE"": ""1"", ""NCCL_LOCAL_REGISTER"": ""1""}, ""operator"": {""chunks"": 4, ""local_first"": false, ""math_sms"": 0, ""pack_block"": 1024, ""pack_warps"": 4, ""push"": true, ""reverse"": false, ""schedule"": ""row_pipeline"", ""sms"": 8, ""streams"": 3, ""use_ce"": false}}","{""algo_id"": 66, ""cluster_shape"": 3, ""cta_swizzle"": 0, ""custom"": 4, ""inner_shape"": 0, ""reduction"": 0, ""returned"": 8, ""split_k"": 1, ""stages_id"": 35, ""tile_id"": 23, ""tune_ms"": 11.842890739440918, ""valid"": 8, ""waves"": 62.06060791015625, ""workspace_bytes"": 4}",full_v2/teub_formal_auto_cp4.json
a2a_gemm/llama31_405b/s262144/cp8,llama31_405b,262144,8,cublaslt_nccl,eager,,"[32768, 16384, 16384]",,,29.267967224121094,30.764615726470947,,,601.073040355104,29267.967224121094,30764.615726470947,,,"{""nccl_environment"": {""NCCL_GRAPH_REGISTER"": ""1"", ""NCCL_IB_DISABLE"": ""1"", ""NCCL_LOCAL_REGISTER"": ""1"", ""NCCL_MAX_P2P_NCHANNELS"": ""32"", ""NCCL_MIN_P2P_NCHANNELS"": ""32"", ""NCCL_P2P_LL_THRESHOLD"": ""65536"", ""NCCL_P2P_NVL_CHUNKSIZE"": ""524288""}, ""operator"": {""chunks"": 1, ""local_first"": false, ""math_sms"": 0, ""pack_block"": 1024, ""pack_warps"": 4, ""push"": true, ""reverse"": false, ""schedule"": ""full"", ""sms"": 0, ""streams"": 3, ""use_ce"": false}}","{""algo_id"": 66, ""cluster_shape"": 3, ""cta_swizzle"": 0, ""custom"": 4, ""inner_shape"": 0, ""reduction"": 0, ""returned"": 8, ""split_k"": 1, ""stages_id"": 35, ""tile_id"": 209, ""tune_ms"": 23.625770568847656, ""valid"": 8, ""waves"": 111.40908813476562, ""workspace_bytes"": 4}",full_v2/cublaslt_nccl_formal_ch32_chunk512_ll64_cp8.json
a2a_gemm/llama31_405b/s262144/cp8,llama31_405b,262144,8,cublaslt_nccl,graph,,"[32768, 16384, 16384]",,,29.146703720092773,30.61375484466553,,,603.5737767591376,29146.703720092773,30613.754844665527,,,"{""nccl_environment"": {""NCCL_GRAPH_REGISTER"": ""1"", ""NCCL_IB_DISABLE"": ""1"", ""NCCL_LOCAL_REGISTER"": ""1"", ""NCCL_MAX_P2P_NCHANNELS"": ""24"", ""NCCL_MIN_P2P_NCHANNELS"": ""24"", ""NCCL_P2P_LL_THRESHOLD"": ""65536"", ""NCCL_P2P_NVL_CHUNKSIZE"": ""131072""}, ""operator"": {""chunks"": 1, ""local_first"": false, ""math_sms"": 0, ""pack_block"": 1024, ""pack_warps"": 4, ""push"": true, ""reverse"": false, ""schedule"": ""full"", ""sms"": 0, ""streams"": 3, ""use_ce"": false}}","{""algo_id"": 66, ""cluster_shape"": 3, ""cta_swizzle"": 0, ""custom"": 4, ""inner_shape"": 0, ""reduction"": 0, ""returned"": 8, ""split_k"": 1, ""stages_id"": 35, ""tile_id"": 209, ""tune_ms"": 23.684410095214844, ""valid"": 8, ""waves"": 111.40908813476562, ""workspace_bytes"": 4}",full_v2/cublaslt_nccl_formal_ch24_chunk128_ll64_cp8.json
a2a_gemm/llama31_405b/s262144/cp8,llama31_405b,262144,8,teub,eager,,"[32768, 16384, 16384]",,,28.84732723236084,40.79352798461914,,,609.8376429370254,28847.32723236084,40793.52798461914,,,"{""nccl_environment"": {""NCCL_GRAPH_REGISTER"": ""1"", ""NCCL_IB_DISABLE"": ""1"", ""NCCL_LOCAL_REGISTER"": ""1""}, ""operator"": {""chunks"": 2, ""local_first"": false, ""math_sms"": 0, ""pack_block"": 1024, ""pack_warps"": 4, ""push"": true, ""reverse"": false, ""schedule"": ""row_pipeline"", ""sms"": 8, ""streams"": 3, ""use_ce"": false}}","{""algo_id"": 66, ""cluster_shape"": 3, ""cta_swizzle"": 0, ""custom"": 4, ""inner_shape"": 0, ""reduction"": 0, ""returned"": 8, ""split_k"": 1, ""stages_id"": 35, ""tile_id"": 209, ""tune_ms"": 11.802383422851562, ""valid"": 8, ""waves"": 56.030303955078125, ""workspace_bytes"": 4}",full_v2/teub_formal_auto_cp8.json
a2a_gemm/llama31_405b/s262144/cp8,llama31_405b,262144,8,teub,graph,,"[32768, 16384, 16384]",,,33.11849594116211,34.174061393737794,,,531.1891601499673,33118.49594116211,34174.06139373779,,,"{""nccl_environment"": {""NCCL_GRAPH_REGISTER"": ""1"", ""NCCL_IB_DISABLE"": ""1"", ""NCCL_LOCAL_REGISTER"": ""1""}, ""operator"": {""chunks"": 4, ""local_first"": false, ""math_sms"": 0, ""pack_block"": 1024, ""pack_warps"": 4, ""push"": true, ""reverse"": false, ""schedule"": ""row_pipeline"", ""sms"": 8, ""streams"": 3, ""use_ce"": false}}","{""algo_id"": 66, ""cluster_shape"": 5, ""cta_swizzle"": 0, ""custom"": 7, ""inner_shape"": 0, ""reduction"": 0, ""returned"": 8, ""split_k"": 1, ""stages_id"": 35, ""tile_id"": 24, ""tune_ms"": 5.425504207611084, ""valid"": 8, ""waves"": 31.030303955078125, ""workspace_bytes"": 4}",full_v2/teub_formal_auto_cp8.json
a2a_gemm/llama31_405b/s524288/cp4,llama31_405b,524288,4,cublaslt_nccl,eager,,"[131072, 16384, 16384]",,,114.9820327758789,118.41563491821289,,,611.9977398105807,114982.0327758789,118415.63491821289,,,"{""nccl_environment"": {""NCCL_GRAPH_REGISTER"": ""1"", ""NCCL_IB_DISABLE"": ""1"", ""NCCL_LOCAL_REGISTER"": ""1"", ""NCCL_MAX_P2P_NCHANNELS"": ""32"", ""NCCL_MIN_P2P_NCHANNELS"": ""32"", ""NCCL_P2P_LL_THRESHOLD"": ""65536"", ""NCCL_P2P_NVL_CHUNKSIZE"": ""524288""}, ""operator"": {""chunks"": 1, ""local_first"": false, ""math_sms"": 0, ""pack_block"": 1024, ""pack_warps"": 4, ""push"": true, ""reverse"": false, ""schedule"": ""full"", ""sms"": 0, ""streams"": 3, ""use_ce"": false}}","{""algo_id"": 66, ""cluster_shape"": 5, ""cta_swizzle"": 0, ""custom"": 2, ""inner_shape"": 0, ""reduction"": 0, ""returned"": 8, ""split_k"": 1, ""stages_id"": 35, ""tile_id"": 197, ""tune_ms"": 101.52324676513672, ""valid"": 8, ""waves"": 760.242431640625, ""workspace_bytes"": 4}",full_v2/cublaslt_nccl_formal_ch32_chunk512_ll64_cp4.json
a2a_gemm/llama31_405b/s524288/cp4,llama31_405b,524288,4,cublaslt_nccl,graph,,"[131072, 16384, 16384]",,,114.71155166625977,118.55788917541504,,,613.4407839098357,114711.55166625977,118557.88917541504,,,"{""nccl_environment"": {""NCCL_GRAPH_REGISTER"": ""1"", ""NCCL_IB_DISABLE"": ""1"", ""NCCL_LOCAL_REGISTER"": ""1"", ""NCCL_MAX_P2P_NCHANNELS"": ""32"", ""NCCL_MIN_P2P_NCHANNELS"": ""32"", ""NCCL_P2P_LL_THRESHOLD"": ""65536"", ""NCCL_P2P_NVL_CHUNKSIZE"": ""524288""}, ""operator"": {""chunks"": 1, ""local_first"": false, ""math_sms"": 0, ""pack_block"": 1024, ""pack_warps"": 4, ""push"": true, ""reverse"": false, ""schedule"": ""full"", ""sms"": 0, ""streams"": 3, ""use_ce"": false}}","{""algo_id"": 66, ""cluster_shape"": 5, ""cta_swizzle"": 0, ""custom"": 2, ""inner_shape"": 0, ""reduction"": 0, ""returned"": 8, ""split_k"": 1, ""stages_id"": 35, ""tile_id"": 197, ""tune_ms"": 101.52324676513672, ""valid"": 8, ""waves"": 760.242431640625, ""workspace_bytes"": 4}",full_v2/cublaslt_nccl_formal_ch32_chunk512_ll64_cp4.json
a2a_gemm/llama31_405b/s524288/cp4,llama31_405b,524288,4,teub,eager,,"[131072, 16384, 16384]",,,110.17179107666016,114.20903663635254,,,638.718346048307,110171.79107666016,114209.03663635254,,,"{""nccl_environment"": {""NCCL_GRAPH_REGISTER"": ""1"", ""NCCL_IB_DISABLE"": ""1"", ""NCCL_LOCAL_REGISTER"": ""1""}, ""operator"": {""chunks"": 4, ""local_first"": false, ""math_sms"": 0, ""pack_block"": 1024, ""pack_warps"": 4, ""push"": true, ""reverse"": false, ""schedule"": ""row_pipeline"", ""sms"": 8, ""streams"": 3, ""use_ce"": false}}","{""algo_id"": 66, ""cluster_shape"": 3, ""cta_swizzle"": 0, ""custom"": 4, ""inner_shape"": 0, ""reduction"": 0, ""returned"": 8, ""split_k"": 1, ""stages_id"": 35, ""tile_id"": 209, ""tune_ms"": 23.801956176757812, ""valid"": 8, ""waves"": 111.40908813476562, ""workspace_bytes"": 4}",full_v2/teub_formal_auto_cp4.json
a2a_gemm/llama31_405b/s524288/cp4,llama31_405b,524288,4,teub,graph,,"[131072, 16384, 16384]",,,110.8536491394043,112.8310791015625,,,634.7896052494547,110853.6491394043,112831.0791015625,,,"{""nccl_environment"": {""NCCL_GRAPH_REGISTER"": ""1"", ""NCCL_IB_DISABLE"": ""1"", ""NCCL_LOCAL_REGISTER"": ""1""}, ""operator"": {""chunks"": 4, ""local_first"": false, ""math_sms"": 0, ""pack_block"": 1024, ""pack_warps"": 4, ""push"": true, ""reverse"": false, ""schedule"": ""row_pipeline"", ""sms"": 8, ""streams"": 3, ""use_ce"": false}}","{""algo_id"": 66, ""cluster_shape"": 3, ""cta_swizzle"": 0, ""custom"": 4, ""inner_shape"": 0, ""reduction"": 0, ""returned"": 8, ""split_k"": 1, ""stages_id"": 35, ""tile_id"": 209, ""tune_ms"": 23.801956176757812, ""valid"": 8, ""waves"": 111.40908813476562, ""workspace_bytes"": 4}",full_v2/teub_formal_auto_cp4.json
a2a_gemm/llama31_405b/s524288/cp8,llama31_405b,524288,8,cublaslt_nccl,eager,,"[65536, 16384, 16384]",,,58.357566833496094,61.02829475402832,,,602.9101965340485,58357.566833496094,61028.29475402832,,,"{""nccl_environment"": {""NCCL_GRAPH_REGISTER"": ""1"", ""NCCL_IB_DISABLE"": ""1"", ""NCCL_LOCAL_REGISTER"": ""1""}, ""operator"": {""chunks"": 1, ""local_first"": false, ""math_sms"": 0, ""pack_block"": 1024, ""pack_warps"": 4, ""push"": true, ""reverse"": false, ""schedule"": ""full"", ""sms"": 0, ""streams"": 3, ""use_ce"": false}}","{""algo_id"": 66, ""cluster_shape"": 3, ""cta_swizzle"": 0, ""custom"": 4, ""inner_shape"": 0, ""reduction"": 0, ""returned"": 8, ""split_k"": 1, ""stages_id"": 35, ""tile_id"": 209, ""tune_ms"": 48.37765884399414, ""valid"": 8, ""waves"": 222.81817626953125, ""workspace_bytes"": 4}",full_v2/cublaslt_nccl_formal_auto_cp8.json
a2a_gemm/llama31_405b/s524288/cp8,llama31_405b,524288,8,cublaslt_nccl,graph,,"[65536, 16384, 16384]",,,58.86067199707031,60.63674793243408,,,597.7568874949854,58860.67199707031,60636.74793243408,,,"{""nccl_environment"": {""NCCL_GRAPH_REGISTER"": ""1"", ""NCCL_IB_DISABLE"": ""1"", ""NCCL_LOCAL_REGISTER"": ""1"", ""NCCL_MAX_P2P_NCHANNELS"": ""24"", ""NCCL_MIN_P2P_NCHANNELS"": ""24"", ""NCCL_P2P_LL_THRESHOLD"": ""65536"", ""NCCL_P2P_NVL_CHUNKSIZE"": ""131072""}, ""operator"": {""chunks"": 1, ""local_first"": false, ""math_sms"": 0, ""pack_block"": 1024, ""pack_warps"": 4, ""push"": true, ""reverse"": false, ""schedule"": ""full"", ""sms"": 0, ""streams"": 3, ""use_ce"": false}}","{""algo_id"": 66, ""cluster_shape"": 3, ""cta_swizzle"": 0, ""custom"": 4, ""inner_shape"": 0, ""reduction"": 0, ""returned"": 8, ""split_k"": 1, ""stages_id"": 35, ""tile_id"": 209, ""tune_ms"": 47.59602737426758, ""valid"": 8, ""waves"": 222.81817626953125, ""workspace_bytes"": 4}",full_v2/cublaslt_nccl_formal_ch24_chunk128_ll64_cp8.json
a2a_gemm/llama31_405b/s524288/cp8,llama31_405b,524288,8,teub,eager,,"[65536, 16384, 16384]",,,63.120704650878906,69.68971366882325,,,557.4141208251243,63120.704650878906,69689.71366882324,,,"{""nccl_environment"": {""NCCL_GRAPH_REGISTER"": ""1"", ""NCCL_IB_DISABLE"": ""1"", ""NCCL_LOCAL_REGISTER"": ""1""}, ""operator"": {""chunks"": 4, ""local_first"": false, ""math_sms"": 0, ""pack_block"": 1024, ""pack_warps"": 4, ""push"": true, ""reverse"": false, ""schedule"": ""row_pipeline"", ""sms"": 8, ""streams"": 3, ""use_ce"": false}}","{""algo_id"": 66, ""cluster_shape"": 3, ""cta_swizzle"": 0, ""custom"": 4, ""inner_shape"": 0, ""reduction"": 0, ""returned"": 8, ""split_k"": 1, ""stages_id"": 35, ""tile_id"": 23, ""tune_ms"": 11.532021522521973, ""valid"": 8, ""waves"": 62.06060791015625, ""workspace_bytes"": 4}",full_v2/teub_formal_auto_cp8.json
a2a_gemm/llama31_405b/s524288/cp8,llama31_405b,524288,8,teub,graph,,"[65536, 16384, 16384]",,,58.8558235168457,61.6581916809082,,,597.8061300724394,58855.8235168457,61658.1916809082,,,"{""nccl_environment"": {""NCCL_GRAPH_REGISTER"": ""1"", ""NCCL_IB_DISABLE"": ""1"", ""NCCL_LOCAL_REGISTER"": ""1""}, ""operator"": {""chunks"": 1, ""local_first"": false, ""math_sms"": 0, ""pack_block"": 1024, ""pack_warps"": 4, ""push"": true, ""reverse"": false, ""schedule"": ""full"", ""sms"": 16, ""streams"": 3, ""use_ce"": false}}","{""algo_id"": 66, ""cluster_shape"": 3, ""cta_swizzle"": 0, ""custom"": 4, ""inner_shape"": 0, ""reduction"": 0, ""returned"": 8, ""split_k"": 1, ""stages_id"": 35, ""tile_id"": 209, ""tune_ms"": 47.1377067565918, ""valid"": 8, ""waves"": 222.81817626953125, ""workspace_bytes"": 4}",full_v2/teub_formal_auto_cp8.json
a2a_gemm/nanbeige42_3b/s1024/cp4,nanbeige42_3b,1024,4,cublaslt_nccl,eager,,"[256, 3072, 6144]",,,0.13676799833774567,0.14626399949193,,,70.65743838800475,136.76799833774567,146.26399949193,,,"{""nccl_environment"": {""NCCL_GRAPH_REGISTER"": ""1"", ""NCCL_IB_DISABLE"": ""1"", ""NCCL_LOCAL_REGISTER"": ""1"", ""NCCL_MAX_P2P_NCHANNELS"": ""24"", ""NCCL_MIN_P2P_NCHANNELS"": ""24"", ""NCCL_P2P_LL_THRESHOLD"": ""65536"", ""NCCL_P2P_NVL_CHUNKSIZE"": ""131072""}, ""operator"": {""chunks"": 1, ""local_first"": false, ""math_sms"": 0, ""pack_block"": 1024, ""pack_warps"": 4, ""push"": true, ""reverse"": false, ""schedule"": ""full"", ""sms"": 0, ""streams"": 3, ""use_ce"": false}}","{""algo_id"": 66, ""cluster_shape"": 5, ""cta_swizzle"": 0, ""custom"": 2, ""inner_shape"": 0, ""reduction"": 0, ""returned"": 8, ""split_k"": 1, ""stages_id"": 35, ""tile_id"": 27, ""tune_ms"": 0.020261334255337715, ""valid"": 8, ""waves"": 0.9696969985961914, ""workspace_bytes"": 0}",full_v2/cublaslt_nccl_formal_ch24_chunk128_ll64_cp4.json
a2a_gemm/nanbeige42_3b/s1024/cp4,nanbeige42_3b,1024,4,cublaslt_nccl,graph,,"[256, 3072, 6144]",,,0.07660800218582153,0.08609759919345379,,,126.144477603784,76.60800218582153,86.09759919345379,,,"{""nccl_environment"": {""NCCL_GRAPH_REGISTER"": ""1"", ""NCCL_IB_DISABLE"": ""1"", ""NCCL_LOCAL_REGISTER"": ""1""}, ""operator"": {""chunks"": 1, ""local_first"": false, ""math_sms"": 0, ""pack_block"": 1024, ""pack_warps"": 4, ""push"": true, ""reverse"": false, ""schedule"": ""full"", ""sms"": 0, ""streams"": 3, ""use_ce"": false}}","{""algo_id"": 66, ""cluster_shape"": 5, ""cta_swizzle"": 0, ""custom"": 2, ""inner_shape"": 0, ""reduction"": 0, ""returned"": 8, ""split_k"": 1, ""stages_id"": 35, ""tile_id"": 27, ""tune_ms"": 0.019909333437681198, ""valid"": 8, ""waves"": 0.9696969985961914, ""workspace_bytes"": 0}",full_v2/cublaslt_nccl_formal_auto_cp4.json
a2a_gemm/nanbeige42_3b/s1024/cp4,nanbeige42_3b,1024,4,teub,eager,,"[256, 3072, 6144]",,,0.30059200525283813,0.318289589881897,,,32.14881383113152,300.59200525283813,318.289589881897,,,"{""nccl_environment"": {""NCCL_GRAPH_REGISTER"": ""1"", ""NCCL_IB_DISABLE"": ""1"", ""NCCL_LOCAL_REGISTER"": ""1""}, ""operator"": {""chunks"": 1, ""local_first"": false, ""math_sms"": 0, ""pack_block"": 1024, ""pack_warps"": 4, ""push"": true, ""reverse"": false, ""schedule"": ""full"", ""sms"": 16, ""streams"": 3, ""use_ce"": false}}","{""algo_id"": 66, ""cluster_shape"": 7, ""cta_swizzle"": 0, ""custom"": 0, ""inner_shape"": 0, ""reduction"": 0, ""returned"": 8, ""split_k"": 1, ""stages_id"": 35, ""tile_id"": 17, ""tune_ms"": 0.019621333107352257, ""valid"": 8, ""waves"": 0.7272727489471436, ""workspace_bytes"": 0}",full_v2/teub_formal_auto_cp4.json
a2a_gemm/nanbeige42_3b/s1024/cp4,nanbeige42_3b,1024,4,teub,graph,,"[256, 3072, 6144]",,,0.06932799890637398,0.07828160002827644,,,139.39067286581565,69.32799890637398,78.28160002827644,,,"{""nccl_environment"": {""NCCL_GRAPH_REGISTER"": ""1"", ""NCCL_IB_DISABLE"": ""1"", ""NCCL_LOCAL_REGISTER"": ""1""}, ""operator"": {""chunks"": 1, ""local_first"": false, ""math_sms"": 0, ""pack_block"": 1024, ""pack_warps"": 4, ""push"": true, ""reverse"": false, ""schedule"": ""full"", ""sms"": 4, ""streams"": 3, ""use_ce"": false}}","{""algo_id"": 66, ""cluster_shape"": 7, ""cta_swizzle"": 0, ""custom"": 0, ""inner_shape"": 0, ""reduction"": 0, ""returned"": 8, ""split_k"": 1, ""stages_id"": 35, ""tile_id"": 17, ""tune_ms"": 0.019621333107352257, ""valid"": 8, ""waves"": 0.7272727489471436, ""workspace_bytes"": 0}",full_v2/teub_formal_auto_cp4.json
a2a_gemm/nanbeige42_3b/s1024/cp8,nanbeige42_3b,1024,8,cublaslt_nccl,eager,,"[128, 3072, 6144]",,,0.1393600031733513,0.16507039815187452,,,34.671628142757925,139.3600031733513,165.0703981518745,,,"{""nccl_environment"": {""NCCL_GRAPH_REGISTER"": ""1"", ""NCCL_IB_DISABLE"": ""1"", ""NCCL_LOCAL_REGISTER"": ""1""}, ""operator"": {""chunks"": 1, ""local_first"": false, ""math_sms"": 0, ""pack_block"": 1024, ""pack_warps"": 4, ""push"": true, ""reverse"": false, ""schedule"": ""full"", ""sms"": 0, ""streams"": 3, ""use_ce"": false}}","{""algo_id"": 66, ""cluster_shape"": 7, ""cta_swizzle"": 0, ""custom"": 1, ""inner_shape"": 0, ""reduction"": 0, ""returned"": 8, ""split_k"": 1, ""stages_id"": 35, ""tile_id"": 15, ""tune_ms"": 0.015056000091135502, ""valid"": 8, ""waves"": 0.7272727489471436, ""workspace_bytes"": 0}",full_v2/cublaslt_nccl_formal_auto_cp8.json
a2a_gemm/nanbeige42_3b/s1024/cp8,nanbeige42_3b,1024,8,cublaslt_nccl,graph,,"[128, 3072, 6144]",,,0.09408000111579895,0.10381279662251472,,,51.35882388067473,94.08000111579895,103.81279662251472,,,"{""nccl_environment"": {""NCCL_GRAPH_REGISTER"": ""1"", ""NCCL_IB_DISABLE"": ""1"", ""NCCL_LOCAL_REGISTER"": ""1"", ""NCCL_MAX_P2P_NCHANNELS"": ""32"", ""NCCL_MIN_P2P_NCHANNELS"": ""32"", ""NCCL_P2P_LL_THRESHOLD"": ""65536"", ""NCCL_P2P_NVL_CHUNKSIZE"": ""524288""}, ""operator"": {""chunks"": 1, ""local_first"": false, ""math_sms"": 0, ""pack_block"": 1024, ""pack_warps"": 4, ""push"": true, ""reverse"": false, ""schedule"": ""full"", ""sms"": 0, ""streams"": 3, ""use_ce"": false}}","{""algo_id"": 66, ""cluster_shape"": 7, ""cta_swizzle"": 0, ""custom"": 1, ""inner_shape"": 0, ""reduction"": 0, ""returned"": 8, ""split_k"": 1, ""stages_id"": 35, ""tile_id"": 15, ""tune_ms"": 0.015450666658580303, ""valid"": 8, ""waves"": 0.7272727489471436, ""workspace_bytes"": 0}",full_v2/cublaslt_nccl_formal_ch32_chunk512_ll64_cp8.json
a2a_gemm/nanbeige42_3b/s1024/cp8,nanbeige42_3b,1024,8,teub,eager,,"[128, 3072, 6144]",,,0.23332799971103668,0.2554272077977657,,,20.708351393677372,233.32799971103668,255.42720779776567,,,"{""nccl_environment"": {""NCCL_GRAPH_REGISTER"": ""1"", ""NCCL_IB_DISABLE"": ""1"", ""NCCL_LOCAL_REGISTER"": ""1""}, ""operator"": {""chunks"": 1, ""local_first"": false, ""math_sms"": 0, ""pack_block"": 512, ""pack_warps"": 4, ""push"": true, ""reverse"": true, ""schedule"": ""full"", ""sms"": 8, ""streams"": 1, ""use_ce"": false}}","{""algo_id"": 66, ""cluster_shape"": 7, ""cta_swizzle"": 0, ""custom"": 1, ""inner_shape"": 0, ""reduction"": 0, ""returned"": 8, ""split_k"": 1, ""stages_id"": 35, ""tile_id"": 15, ""tune_ms"": 0.014997333288192749, ""valid"": 8, ""waves"": 0.7272727489471436, ""workspace_bytes"": 0}",full_v2/teub_formal_auto_cp8.json
a2a_gemm/nanbeige42_3b/s1024/cp8,nanbeige42_3b,1024,8,teub,graph,,"[128, 3072, 6144]",,,0.08294399827718735,0.09587199985980988,,,58.25422343220864,82.94399827718735,95.87199985980988,,,"{""nccl_environment"": {""NCCL_GRAPH_REGISTER"": ""1"", ""NCCL_IB_DISABLE"": ""1"", ""NCCL_LOCAL_REGISTER"": ""1""}, ""operator"": {""chunks"": 1, ""local_first"": false, ""math_sms"": 0, ""pack_block"": 1024, ""pack_warps"": 4, ""push"": true, ""reverse"": false, ""schedule"": ""full"", ""sms"": 4, ""streams"": 3, ""use_ce"": false}}","{""algo_id"": 66, ""cluster_shape"": 7, ""cta_swizzle"": 0, ""custom"": 1, ""inner_shape"": 0, ""reduction"": 0, ""returned"": 8, ""split_k"": 1, ""stages_id"": 35, ""tile_id"": 15, ""tune_ms"": 0.014997333288192749, ""valid"": 8, ""waves"": 0.7272727489471436, ""workspace_bytes"": 0}",full_v2/teub_formal_auto_cp8.json
a2a_gemm/nanbeige42_3b/s4096/cp4,nanbeige42_3b,4096,4,cublaslt_nccl,eager,,"[1024, 3072, 6144]",,,0.17108800262212753,0.17857119888067247,,,225.9346363951333,171.08800262212753,178.57119888067245,,,"{""nccl_environment"": {""NCCL_GRAPH_REGISTER"": ""1"", ""NCCL_IB_DISABLE"": ""1"", ""NCCL_LOCAL_REGISTER"": ""1"", ""NCCL_MAX_P2P_NCHANNELS"": ""24"", ""NCCL_MIN_P2P_NCHANNELS"": ""24"", ""NCCL_P2P_LL_THRESHOLD"": ""65536"", ""NCCL_P2P_NVL_CHUNKSIZE"": ""131072""}, ""operator"": {""chunks"": 1, ""local_first"": false, ""math_sms"": 0, ""pack_block"": 1024, ""pack_warps"": 4, ""push"": true, ""reverse"": false, ""schedule"": ""full"", ""sms"": 0, ""streams"": 3, ""use_ce"": false}}","{""algo_id"": 66, ""cluster_shape"": 3, ""cta_swizzle"": 0, ""custom"": 0, ""inner_shape"": 0, ""reduction"": 0, ""returned"": 8, ""split_k"": 1, ""stages_id"": 35, ""tile_id"": 28, ""tune_ms"": 0.05079999938607216, ""valid"": 8, ""waves"": 1.9393939971923828, ""workspace_bytes"": 0}",full_v2/cublaslt_nccl_formal_ch24_chunk128_ll64_cp4.json
a2a_gemm/nanbeige42_3b/s4096/cp4,nanbeige42_3b,4096,4,cublaslt_nccl,graph,,"[1024, 3072, 6144]",,,0.13864000141620636,0.14369440227746963,,,278.81351175088383,138.64000141620636,143.69440227746964,,,"{""nccl_environment"": {""NCCL_GRAPH_REGISTER"": ""1"", ""NCCL_IB_DISABLE"": ""1"", ""NCCL_LOCAL_REGISTER"": ""1"", ""NCCL_MAX_P2P_NCHANNELS"": ""24"", ""NCCL_MIN_P2P_NCHANNELS"": ""24"", ""NCCL_P2P_LL_THRESHOLD"": ""65536"", ""NCCL_P2P_NVL_CHUNKSIZE"": ""131072""}, ""operator"": {""chunks"": 1, ""local_first"": false, ""math_sms"": 0, ""pack_block"": 1024, ""pack_warps"": 4, ""push"": true, ""reverse"": false, ""schedule"": ""full"", ""sms"": 0, ""streams"": 3, ""use_ce"": false}}","{""algo_id"": 66, ""cluster_shape"": 3, ""cta_swizzle"": 0, ""custom"": 0, ""inner_shape"": 0, ""reduction"": 0, ""returned"": 8, ""split_k"": 1, ""stages_id"": 35, ""tile_id"": 28, ""tune_ms"": 0.05079999938607216, ""valid"": 8, ""waves"": 1.9393939971923828, ""workspace_bytes"": 0}",full_v2/cublaslt_nccl_formal_ch24_chunk128_ll64_cp4.json
a2a_gemm/nanbeige42_3b/s4096/cp4,nanbeige42_3b,4096,4,teub,eager,,"[1024, 3072, 6144]",,,0.19863999634981155,0.20925920009613033,,,194.5967900438731,198.63999634981155,209.25920009613034,,,"{""nccl_environment"": {""NCCL_GRAPH_REGISTER"": ""1"", ""NCCL_IB_DISABLE"": ""1"", ""NCCL_LOCAL_REGISTER"": ""1""}, ""operator"": {""chunks"": 1, ""local_first"": false, ""math_sms"": 0, ""pack_block"": 512, ""pack_warps"": 4, ""push"": true, ""reverse"": true, ""schedule"": ""full"", ""sms"": 8, ""streams"": 1, ""use_ce"": false}}","{""algo_id"": 66, ""cluster_shape"": 3, ""cta_swizzle"": 0, ""custom"": 0, ""inner_shape"": 0, ""reduction"": 0, ""returned"": 8, ""split_k"": 1, ""stages_id"": 35, ""tile_id"": 28, ""tune_ms"": 0.05012799799442291, ""valid"": 8, ""waves"": 1.9393939971923828, ""workspace_bytes"": 0}",full_v2/teub_formal_auto_cp4.json
a2a_gemm/nanbeige42_3b/s4096/cp4,nanbeige42_3b,4096,4,teub,graph,,"[1024, 3072, 6144]",,,0.12166400253772736,0.12808800265192985,,,317.7168665975245,121.66400253772736,128.08800265192986,,,"{""nccl_environment"": {""NCCL_GRAPH_REGISTER"": ""1"", ""NCCL_IB_DISABLE"": ""1"", ""NCCL_LOCAL_REGISTER"": ""1""}, ""operator"": {""chunks"": 2, ""local_first"": false, ""math_sms"": 0, ""pack_block"": 1024, ""pack_warps"": 4, ""push"": true, ""reverse"": false, ""schedule"": ""row_pipeline"", ""sms"": 8, ""streams"": 3, ""use_ce"": false}}","{""algo_id"": 66, ""cluster_shape"": 3, ""cta_swizzle"": 0, ""custom"": 0, ""inner_shape"": 0, ""reduction"": 0, ""returned"": 8, ""split_k"": 1, ""stages_id"": 35, ""tile_id"": 28, ""tune_ms"": 0.028815999627113342, ""valid"": 8, ""waves"": 0.9696969985961914, ""workspace_bytes"": 0}",full_v2/teub_formal_auto_cp4.json
a2a_gemm/nanbeige42_3b/s4096/cp8,nanbeige42_3b,4096,8,cublaslt_nccl,eager,,"[512, 3072, 6144]",,,0.16316799819469452,0.1870527997612953,,,118.45063398362166,163.16799819469452,187.0527997612953,,,"{""nccl_environment"": {""NCCL_GRAPH_REGISTER"": ""1"", ""NCCL_IB_DISABLE"": ""1"", ""NCCL_LOCAL_REGISTER"": ""1""}, ""operator"": {""chunks"": 1, ""local_first"": false, ""math_sms"": 0, ""pack_block"": 1024, ""pack_warps"": 4, ""push"": true, ""reverse"": false, ""schedule"": ""full"", ""sms"": 0, ""streams"": 3, ""use_ce"": false}}","{""algo_id"": 66, ""cluster_shape"": 3, ""cta_swizzle"": 0, ""custom"": 0, ""inner_shape"": 0, ""reduction"": 0, ""returned"": 8, ""split_k"": 1, ""stages_id"": 35, ""tile_id"": 28, ""tune_ms"": 0.028864001855254173, ""valid"": 8, ""waves"": 0.9696969985961914, ""workspace_bytes"": 0}",full_v2/cublaslt_nccl_formal_auto_cp8.json
a2a_gemm/nanbeige42_3b/s4096/cp8,nanbeige42_3b,4096,8,cublaslt_nccl,graph,,"[512, 3072, 6144]",,,0.11849600076675415,0.13144000098109243,,,163.10552851520862,118.49600076675415,131.44000098109242,,,"{""nccl_environment"": {""NCCL_GRAPH_REGISTER"": ""1"", ""NCCL_IB_DISABLE"": ""1"", ""NCCL_LOCAL_REGISTER"": ""1""}, ""operator"": {""chunks"": 1, ""local_first"": false, ""math_sms"": 0, ""pack_block"": 1024, ""pack_warps"": 4, ""push"": true, ""reverse"": false, ""schedule"": ""full"", ""sms"": 0, ""streams"": 3, ""use_ce"": false}}","{""algo_id"": 66, ""cluster_shape"": 3, ""cta_swizzle"": 0, ""custom"": 0, ""inner_shape"": 0, ""reduction"": 0, ""returned"": 8, ""split_k"": 1, ""stages_id"": 35, ""tile_id"": 28, ""tune_ms"": 0.028864001855254173, ""valid"": 8, ""waves"": 0.9696969985961914, ""workspace_bytes"": 0}",full_v2/cublaslt_nccl_formal_auto_cp8.json
a2a_gemm/nanbeige42_3b/s4096/cp8,nanbeige42_3b,4096,8,teub,eager,,"[512, 3072, 6144]",,,0.25256000459194183,0.261124786734581,,,76.52578587503184,252.56000459194183,261.124786734581,,,"{""nccl_environment"": {""NCCL_GRAPH_REGISTER"": ""1"", ""NCCL_IB_DISABLE"": ""1"", ""NCCL_LOCAL_REGISTER"": ""1""}, ""operator"": {""chunks"": 1, ""local_first"": false, ""math_sms"": 0, ""pack_block"": 1024, ""pack_warps"": 4, ""push"": true, ""reverse"": false, ""schedule"": ""full"", ""sms"": 8, ""streams"": 3, ""use_ce"": false}}","{""algo_id"": 66, ""cluster_shape"": 3, ""cta_swizzle"": 0, ""custom"": 0, ""inner_shape"": 0, ""reduction"": 0, ""returned"": 8, ""split_k"": 1, ""stages_id"": 35, ""tile_id"": 28, ""tune_ms"": 0.028549334034323692, ""valid"": 8, ""waves"": 0.9696969985961914, ""workspace_bytes"": 0}",full_v2/teub_formal_auto_cp8.json
a2a_gemm/nanbeige42_3b/s4096/cp8,nanbeige42_3b,4096,8,teub,graph,,"[512, 3072, 6144]",,,0.10825599730014801,0.1153503991663456,,,178.53378393820935,108.25599730014801,115.3503991663456,,,"{""nccl_environment"": {""NCCL_GRAPH_REGISTER"": ""1"", ""NCCL_IB_DISABLE"": ""1"", ""NCCL_LOCAL_REGISTER"": ""1""}, ""operator"": {""chunks"": 1, ""local_first"": false, ""math_sms"": 0, ""pack_block"": 1024, ""pack_warps"": 4, ""push"": true, ""reverse"": false, ""schedule"": ""full"", ""sms"": 8, ""streams"": 3, ""use_ce"": false}}","{""algo_id"": 66, ""cluster_shape"": 3, ""cta_swizzle"": 0, ""custom"": 0, ""inner_shape"": 0, ""reduction"": 0, ""returned"": 8, ""split_k"": 1, ""stages_id"": 35, ""tile_id"": 28, ""tune_ms"": 0.028549334034323692, ""valid"": 8, ""waves"": 0.9696969985961914, ""workspace_bytes"": 0}",full_v2/teub_formal_auto_cp8.json
a2a_gemm/nanbeige42_3b/s16384/cp4,nanbeige42_3b,16384,4,cublaslt_nccl,eager,,"[4096, 3072, 6144]",,,0.426256000995636,0.4345215916633606,,,362.73699911519367,426.256000995636,434.5215916633606,,,"{""nccl_environment"": {""NCCL_GRAPH_REGISTER"": ""1"", ""NCCL_IB_DISABLE"": ""1"", ""NCCL_LOCAL_REGISTER"": ""1"", ""NCCL_MAX_P2P_NCHANNELS"": ""24"", ""NCCL_MIN_P2P_NCHANNELS"": ""24"", ""NCCL_P2P_LL_THRESHOLD"": ""65536"", ""NCCL_P2P_NVL_CHUNKSIZE"": ""131072""}, ""operator"": {""chunks"": 1, ""local_first"": false, ""math_sms"": 0, ""pack_block"": 1024, ""pack_warps"": 4, ""push"": true, ""reverse"": false, ""schedule"": ""full"", ""sms"": 0, ""streams"": 3, ""use_ce"": false}}","{""algo_id"": 66, ""cluster_shape"": 3, ""cta_swizzle"": 0, ""custom"": 4, ""inner_shape"": 0, ""reduction"": 0, ""returned"": 8, ""split_k"": 1, ""stages_id"": 35, ""tile_id"": 23, ""tune_ms"": 0.18769599497318268, ""valid"": 8, ""waves"": 2.909090995788574, ""workspace_bytes"": 4}",full_v2/cublaslt_nccl_formal_ch24_chunk128_ll64_cp4.json
a2a_gemm/nanbeige42_3b/s16384/cp4,nanbeige42_3b,16384,4,cublaslt_nccl,graph,,"[4096, 3072, 6144]",,,0.40595200657844543,0.41648000478744507,,,380.87956248621657,405.95200657844543,416.48000478744507,,,"{""nccl_environment"": {""NCCL_GRAPH_REGISTER"": ""1"", ""NCCL_IB_DISABLE"": ""1"", ""NCCL_LOCAL_REGISTER"": ""1"", ""NCCL_MAX_P2P_NCHANNELS"": ""24"", ""NCCL_MIN_P2P_NCHANNELS"": ""24"", ""NCCL_P2P_LL_THRESHOLD"": ""65536"", ""NCCL_P2P_NVL_CHUNKSIZE"": ""131072""}, ""operator"": {""chunks"": 1, ""local_first"": false, ""math_sms"": 0, ""pack_block"": 1024, ""pack_warps"": 4, ""push"": true, ""reverse"": false, ""schedule"": ""full"", ""sms"": 0, ""streams"": 3, ""use_ce"": false}}","{""algo_id"": 66, ""cluster_shape"": 3, ""cta_swizzle"": 0, ""custom"": 4, ""inner_shape"": 0, ""reduction"": 0, ""returned"": 8, ""split_k"": 1, ""stages_id"": 35, ""tile_id"": 23, ""tune_ms"": 0.18769599497318268, ""valid"": 8, ""waves"": 2.909090995788574, ""workspace_bytes"": 4}",full_v2/cublaslt_nccl_formal_ch24_chunk128_ll64_cp4.json
a2a_gemm/nanbeige42_3b/s16384/cp4,nanbeige42_3b,16384,4,teub,eager,,"[4096, 3072, 6144]",,,0.41153599321842194,0.47071360647678373,,,375.7115421346301,411.53599321842194,470.71360647678375,,,"{""nccl_environment"": {""NCCL_GRAPH_REGISTER"": ""1"", ""NCCL_IB_DISABLE"": ""1"", ""NCCL_LOCAL_REGISTER"": ""1""}, ""operator"": {""chunks"": 2, ""local_first"": false, ""math_sms"": 0, ""pack_block"": 1024, ""pack_warps"": 4, ""push"": true, ""reverse"": false, ""schedule"": ""row_pipeline"", ""sms"": 8, ""streams"": 3, ""use_ce"": false}}","{""algo_id"": 66, ""cluster_shape"": 5, ""cta_swizzle"": 0, ""custom"": 7, ""inner_shape"": 0, ""reduction"": 0, ""returned"": 8, ""split_k"": 1, ""stages_id"": 35, ""tile_id"": 495, ""tune_ms"": 0.09707733243703842, ""valid"": 8, ""waves"": 2.0, ""workspace_bytes"": 0}",full_v2/teub_formal_auto_cp4.json
a2a_gemm/nanbeige42_3b/s16384/cp4,nanbeige42_3b,16384,4,teub,graph,,"[4096, 3072, 6144]",,,0.37412799894809723,0.3957776054739952,,,413.2778703832061,374.12799894809723,395.7776054739952,,,"{""nccl_environment"": {""NCCL_GRAPH_REGISTER"": ""1"", ""NCCL_IB_DISABLE"": ""1"", ""NCCL_LOCAL_REGISTER"": ""1""}, ""operator"": {""chunks"": 4, ""local_first"": false, ""math_sms"": 0, ""pack_block"": 1024, ""pack_warps"": 4, ""push"": true, ""reverse"": false, ""schedule"": ""row_pipeline"", ""sms"": 8, ""streams"": 3, ""use_ce"": false}}","{""algo_id"": 66, ""cluster_shape"": 3, ""cta_swizzle"": 0, ""custom"": 0, ""inner_shape"": 0, ""reduction"": 0, ""returned"": 8, ""split_k"": 1, ""stages_id"": 35, ""tile_id"": 28, ""tune_ms"": 0.050090666860342026, ""valid"": 8, ""waves"": 1.9393939971923828, ""workspace_bytes"": 0}",full_v2/teub_formal_auto_cp4.json
a2a_gemm/nanbeige42_3b/s16384/cp8,nanbeige42_3b,16384,8,cublaslt_nccl,eager,,"[2048, 3072, 6144]",,,0.3655039966106415,0.3897024065256119,,,211.51454442331308,365.5039966106415,389.7024065256119,,,"{""nccl_environment"": {""NCCL_GRAPH_REGISTER"": ""1"", ""NCCL_IB_DISABLE"": ""1"", ""NCCL_LOCAL_REGISTER"": ""1"", ""NCCL_MAX_P2P_NCHANNELS"": ""24"", ""NCCL_MIN_P2P_NCHANNELS"": ""24"", ""NCCL_P2P_LL_THRESHOLD"": ""65536"", ""NCCL_P2P_NVL_CHUNKSIZE"": ""131072""}, ""operator"": {""chunks"": 1, ""local_first"": false, ""math_sms"": 0, ""pack_block"": 1024, ""pack_warps"": 4, ""push"": true, ""reverse"": false, ""schedule"": ""full"", ""sms"": 0, ""streams"": 3, ""use_ce"": false}}","{""algo_id"": 66, ""cluster_shape"": 5, ""cta_swizzle"": 0, ""custom"": 7, ""inner_shape"": 0, ""reduction"": 0, ""returned"": 8, ""split_k"": 1, ""stages_id"": 35, ""tile_id"": 495, ""tune_ms"": 0.09814400225877762, ""valid"": 8, ""waves"": 2.0, ""workspace_bytes"": 0}",full_v2/cublaslt_nccl_formal_ch24_chunk128_ll64_cp8.json
a2a_gemm/nanbeige42_3b/s16384/cp8,nanbeige42_3b,16384,8,cublaslt_nccl,graph,,"[2048, 3072, 6144]",,,0.27880001068115234,0.28649759441614153,,,277.293430294787,278.80001068115234,286.4975944161415,,,"{""nccl_environment"": {""NCCL_GRAPH_REGISTER"": ""1"", ""NCCL_IB_DISABLE"": ""1"", ""NCCL_LOCAL_REGISTER"": ""1"", ""NCCL_MAX_P2P_NCHANNELS"": ""24"", ""NCCL_MIN_P2P_NCHANNELS"": ""24"", ""NCCL_P2P_LL_THRESHOLD"": ""65536"", ""NCCL_P2P_NVL_CHUNKSIZE"": ""131072""}, ""operator"": {""chunks"": 1, ""local_first"": false, ""math_sms"": 0, ""pack_block"": 1024, ""pack_warps"": 4, ""push"": true, ""reverse"": false, ""schedule"": ""full"", ""sms"": 0, ""streams"": 3, ""use_ce"": false}}","{""algo_id"": 66, ""cluster_shape"": 5, ""cta_swizzle"": 0, ""custom"": 7, ""inner_shape"": 0, ""reduction"": 0, ""returned"": 8, ""split_k"": 1, ""stages_id"": 35, ""tile_id"": 495, ""tune_ms"": 0.09814400225877762, ""valid"": 8, ""waves"": 2.0, ""workspace_bytes"": 0}",full_v2/cublaslt_nccl_formal_ch24_chunk128_ll64_cp8.json
a2a_gemm/nanbeige42_3b/s16384/cp8,nanbeige42_3b,16384,8,teub,eager,,"[2048, 3072, 6144]",,,0.5051679909229279,0.516951984167099,,,153.0370346441742,505.16799092292786,516.951984167099,,,"{""nccl_environment"": {""NCCL_GRAPH_REGISTER"": ""1"", ""NCCL_IB_DISABLE"": ""1"", ""NCCL_LOCAL_REGISTER"": ""1""}, ""operator"": {""chunks"": 1, ""local_first"": false, ""math_sms"": 0, ""pack_block"": 1024, ""pack_warps"": 4, ""push"": true, ""reverse"": false, ""schedule"": ""full"", ""sms"": 8, ""streams"": 3, ""use_ce"": false}}","{""algo_id"": 66, ""cluster_shape"": 5, ""cta_swizzle"": 0, ""custom"": 7, ""inner_shape"": 0, ""reduction"": 0, ""returned"": 8, ""split_k"": 1, ""stages_id"": 35, ""tile_id"": 495, ""tune_ms"": 0.09749332815408707, ""valid"": 8, ""waves"": 2.0, ""workspace_bytes"": 0}",full_v2/teub_formal_auto_cp8.json
a2a_gemm/nanbeige42_3b/s16384/cp8,nanbeige42_3b,16384,8,teub,graph,,"[2048, 3072, 6144]",,,0.2717279940843582,0.2841055870056152,,,284.510293422323,271.7279940843582,284.10558700561523,,,"{""nccl_environment"": {""NCCL_GRAPH_REGISTER"": ""1"", ""NCCL_IB_DISABLE"": ""1"", ""NCCL_LOCAL_REGISTER"": ""1""}, ""operator"": {""chunks"": 1, ""local_first"": false, ""math_sms"": 0, ""pack_block"": 1024, ""pack_warps"": 4, ""push"": true, ""reverse"": false, ""schedule"": ""full"", ""sms"": 16, ""streams"": 3, ""use_ce"": false}}","{""algo_id"": 66, ""cluster_shape"": 5, ""cta_swizzle"": 0, ""custom"": 7, ""inner_shape"": 0, ""reduction"": 0, ""returned"": 8, ""split_k"": 1, ""stages_id"": 35, ""tile_id"": 495, ""tune_ms"": 0.09749332815408707, ""valid"": 8, ""waves"": 2.0, ""workspace_bytes"": 0}",full_v2/teub_formal_auto_cp8.json
a2a_gemm/nanbeige42_3b/s131072/cp4,nanbeige42_3b,131072,4,cublaslt_nccl,eager,,"[32768, 3072, 6144]",,,2.900800108909607,2.9491376519203185,,,426.41703488937134,2900.800108909607,2949.1376519203186,,,"{""nccl_environment"": {""NCCL_GRAPH_REGISTER"": ""1"", ""NCCL_IB_DISABLE"": ""1"", ""NCCL_LOCAL_REGISTER"": ""1""}, ""operator"": {""chunks"": 1, ""local_first"": false, ""math_sms"": 0, ""pack_block"": 1024, ""pack_warps"": 4, ""push"": true, ""reverse"": false, ""schedule"": ""full"", ""sms"": 0, ""streams"": 3, ""use_ce"": false}}","{""algo_id"": 66, ""cluster_shape"": 3, ""cta_swizzle"": 0, ""custom"": 4, ""inner_shape"": 0, ""reduction"": 0, ""returned"": 8, ""split_k"": 1, ""stages_id"": 35, ""tile_id"": 209, ""tune_ms"": 1.4676319360733032, ""valid"": 8, ""waves"": 20.727272033691406, ""workspace_bytes"": 4}",full_v2/cublaslt_nccl_formal_auto_cp4.json
a2a_gemm/nanbeige42_3b/s131072/cp4,nanbeige42_3b,131072,4,cublaslt_nccl,graph,,"[32768, 3072, 6144]",,,2.8325281143188477,2.8518736243247984,,,436.69489986525895,2832.5281143188477,2851.8736243247986,,,"{""nccl_environment"": {""NCCL_GRAPH_REGISTER"": ""1"", ""NCCL_IB_DISABLE"": ""1"", ""NCCL_LOCAL_REGISTER"": ""1"", ""NCCL_MAX_P2P_NCHANNELS"": ""24"", ""NCCL_MIN_P2P_NCHANNELS"": ""24"", ""NCCL_P2P_LL_THRESHOLD"": ""65536"", ""NCCL_P2P_NVL_CHUNKSIZE"": ""131072""}, ""operator"": {""chunks"": 1, ""local_first"": false, ""math_sms"": 0, ""pack_block"": 1024, ""pack_warps"": 4, ""push"": true, ""reverse"": false, ""schedule"": ""full"", ""sms"": 0, ""streams"": 3, ""use_ce"": false}}","{""algo_id"": 66, ""cluster_shape"": 5, ""cta_swizzle"": 0, ""custom"": 2, ""inner_shape"": 0, ""reduction"": 0, ""returned"": 8, ""split_k"": 1, ""stages_id"": 35, ""tile_id"": 201, ""tune_ms"": 1.454213261604309, ""valid"": 8, ""waves"": 34.90909194946289, ""workspace_bytes"": 4}",full_v2/cublaslt_nccl_formal_ch24_chunk128_ll64_cp4.json
a2a_gemm/nanbeige42_3b/s131072/cp4,nanbeige42_3b,131072,4,teub,eager,,"[32768, 3072, 6144]",,,2.5945600271224976,2.6588255643844603,,,476.7477215086223,2594.5600271224976,2658.8255643844604,,,"{""nccl_environment"": {""NCCL_GRAPH_REGISTER"": ""1"", ""NCCL_IB_DISABLE"": ""1"", ""NCCL_LOCAL_REGISTER"": ""1""}, ""operator"": {""chunks"": 4, ""local_first"": false, ""math_sms"": 0, ""pack_block"": 1024, ""pack_warps"": 4, ""push"": true, ""reverse"": false, ""schedule"": ""row_pipeline"", ""sms"": 8, ""streams"": 3, ""use_ce"": false}}","{""algo_id"": 66, ""cluster_shape"": 3, ""cta_swizzle"": 0, ""custom"": 4, ""inner_shape"": 0, ""reduction"": 0, ""returned"": 8, ""split_k"": 1, ""stages_id"": 35, ""tile_id"": 23, ""tune_ms"": 0.36533331871032715, ""valid"": 8, ""waves"": 5.818181991577148, ""workspace_bytes"": 4}",full_v2/teub_formal_auto_cp4.json
a2a_gemm/nanbeige42_3b/s131072/cp4,nanbeige42_3b,131072,4,teub,graph,,"[32768, 3072, 6144]",,,2.5807039737701416,2.6873119950294493,,,479.30742689598105,2580.7039737701416,2687.3119950294495,,,"{""nccl_environment"": {""NCCL_GRAPH_REGISTER"": ""1"", ""NCCL_IB_DISABLE"": ""1"", ""NCCL_LOCAL_REGISTER"": ""1""}, ""operator"": {""chunks"": 4, ""local_first"": false, ""math_sms"": 0, ""pack_block"": 1024, ""pack_warps"": 4, ""push"": true, ""reverse"": false, ""schedule"": ""row_pipeline"", ""sms"": 8, ""streams"": 3, ""use_ce"": false}}","{""algo_id"": 66, ""cluster_shape"": 3, ""cta_swizzle"": 0, ""custom"": 4, ""inner_shape"": 0, ""reduction"": 0, ""returned"": 8, ""split_k"": 1, ""stages_id"": 35, ""tile_id"": 23, ""tune_ms"": 0.36533331871032715, ""valid"": 8, ""waves"": 5.818181991577148, ""workspace_bytes"": 4}",full_v2/teub_formal_auto_cp4.json
a2a_gemm/nanbeige42_3b/s131072/cp8,nanbeige42_3b,131072,8,cublaslt_nccl,eager,,"[16384, 3072, 6144]",,,1.7176960110664368,1.7931216120719908,,,360.0609692514904,1717.6960110664368,1793.1216120719907,,,"{""nccl_environment"": {""NCCL_GRAPH_REGISTER"": ""1"", ""NCCL_IB_DISABLE"": ""1"", ""NCCL_LOCAL_REGISTER"": ""1"", ""NCCL_MAX_P2P_NCHANNELS"": ""32"", ""NCCL_MIN_P2P_NCHANNELS"": ""32"", ""NCCL_P2P_LL_THRESHOLD"": ""65536"", ""NCCL_P2P_NVL_CHUNKSIZE"": ""524288""}, ""operator"": {""chunks"": 1, ""local_first"": false, ""math_sms"": 0, ""pack_block"": 1024, ""pack_warps"": 4, ""push"": true, ""reverse"": false, ""schedule"": ""full"", ""sms"": 0, ""streams"": 3, ""use_ce"": false}}","{""algo_id"": 66, ""cluster_shape"": 3, ""cta_swizzle"": 0, ""custom"": 4, ""inner_shape"": 0, ""reduction"": 0, ""returned"": 8, ""split_k"": 1, ""stages_id"": 35, ""tile_id"": 23, ""tune_ms"": 0.7440000176429749, ""valid"": 8, ""waves"": 11.636363983154297, ""workspace_bytes"": 4}",full_v2/cublaslt_nccl_formal_ch32_chunk512_ll64_cp8.json
a2a_gemm/nanbeige42_3b/s131072/cp8,nanbeige42_3b,131072,8,cublaslt_nccl,graph,,"[16384, 3072, 6144]",,,1.6789440512657166,1.7014048159122468,,,368.3715905588075,1678.9440512657166,1701.4048159122467,,,"{""nccl_environment"": {""NCCL_GRAPH_REGISTER"": ""1"", ""NCCL_IB_DISABLE"": ""1"", ""NCCL_LOCAL_REGISTER"": ""1"", ""NCCL_MAX_P2P_NCHANNELS"": ""24"", ""NCCL_MIN_P2P_NCHANNELS"": ""24"", ""NCCL_P2P_LL_THRESHOLD"": ""65536"", ""NCCL_P2P_NVL_CHUNKSIZE"": ""131072""}, ""operator"": {""chunks"": 1, ""local_first"": false, ""math_sms"": 0, ""pack_block"": 1024, ""pack_warps"": 4, ""push"": true, ""reverse"": false, ""schedule"": ""full"", ""sms"": 0, ""streams"": 3, ""use_ce"": false}}","{""algo_id"": 66, ""cluster_shape"": 3, ""cta_swizzle"": 0, ""custom"": 4, ""inner_shape"": 0, ""reduction"": 0, ""returned"": 8, ""split_k"": 1, ""stages_id"": 35, ""tile_id"": 23, ""tune_ms"": 0.7445387244224548, ""valid"": 8, ""waves"": 11.636363983154297, ""workspace_bytes"": 4}",full_v2/cublaslt_nccl_formal_ch24_chunk128_ll64_cp8.json
a2a_gemm/nanbeige42_3b/s131072/cp8,nanbeige42_3b,131072,8,teub,eager,,"[16384, 3072, 6144]",,,1.6916159987449646,1.867380774021148,,,365.6121076431389,1691.6159987449646,1867.380774021148,,,"{""nccl_environment"": {""NCCL_GRAPH_REGISTER"": ""1"", ""NCCL_IB_DISABLE"": ""1"", ""NCCL_LOCAL_REGISTER"": ""1""}, ""operator"": {""chunks"": 2, ""local_first"": false, ""math_sms"": 0, ""pack_block"": 1024, ""pack_warps"": 4, ""push"": true, ""reverse"": false, ""schedule"": ""row_pipeline"", ""sms"": 8, ""streams"": 3, ""use_ce"": false}}","{""algo_id"": 66, ""cluster_shape"": 3, ""cta_swizzle"": 0, ""custom"": 4, ""inner_shape"": 0, ""reduction"": 0, ""returned"": 8, ""split_k"": 1, ""stages_id"": 35, ""tile_id"": 23, ""tune_ms"": 0.3662506639957428, ""valid"": 8, ""waves"": 5.818181991577148, ""workspace_bytes"": 4}",full_v2/teub_formal_auto_cp8.json
a2a_gemm/nanbeige42_3b/s131072/cp8,nanbeige42_3b,131072,8,teub,graph,,"[16384, 3072, 6144]",,,1.6709280014038086,1.8978879928588868,,,370.1388031706908,1670.9280014038086,1897.8879928588867,,,"{""nccl_environment"": {""NCCL_GRAPH_REGISTER"": ""1"", ""NCCL_IB_DISABLE"": ""1"", ""NCCL_LOCAL_REGISTER"": ""1""}, ""operator"": {""chunks"": 4, ""local_first"": false, ""math_sms"": 0, ""pack_block"": 1024, ""pack_warps"": 4, ""push"": true, ""reverse"": false, ""schedule"": ""row_pipeline"", ""sms"": 8, ""streams"": 3, ""use_ce"": false}}","{""algo_id"": 66, ""cluster_shape"": 3, ""cta_swizzle"": 0, ""custom"": 4, ""inner_shape"": 0, ""reduction"": 0, ""returned"": 8, ""split_k"": 1, ""stages_id"": 35, ""tile_id"": 23, ""tune_ms"": 0.18510399758815765, ""valid"": 8, ""waves"": 2.909090995788574, ""workspace_bytes"": 4}",full_v2/teub_formal_auto_cp8.json
a2a_gemm/nanbeige42_3b/s262144/cp4,nanbeige42_3b,262144,4,cublaslt_nccl,eager,,"[65536, 3072, 6144]",,,5.641600131988525,5.672680068016052,,,438.51054747192984,5641.600131988525,5672.680068016052,,,"{""nccl_environment"": {""NCCL_GRAPH_REGISTER"": ""1"", ""NCCL_IB_DISABLE"": ""1"", ""NCCL_LOCAL_REGISTER"": ""1""}, ""operator"": {""chunks"": 1, ""local_first"": false, ""math_sms"": 0, ""pack_block"": 1024, ""pack_warps"": 4, ""push"": true, ""reverse"": false, ""schedule"": ""full"", ""sms"": 0, ""streams"": 3, ""use_ce"": false}}","{""algo_id"": 66, ""cluster_shape"": 3, ""cta_swizzle"": 0, ""custom"": 4, ""inner_shape"": 0, ""reduction"": 0, ""returned"": 8, ""split_k"": 1, ""stages_id"": 35, ""tile_id"": 209, ""tune_ms"": 3.022650718688965, ""valid"": 8, ""waves"": 41.45454406738281, ""workspace_bytes"": 4}",full_v2/cublaslt_nccl_formal_auto_cp4.json
a2a_gemm/nanbeige42_3b/s262144/cp4,nanbeige42_3b,262144,4,cublaslt_nccl,graph,,"[65536, 3072, 6144]",,,5.576128005981445,5.601399993896484,,,443.65932056119874,5576.128005981445,5601.399993896484,,,"{""nccl_environment"": {""NCCL_GRAPH_REGISTER"": ""1"", ""NCCL_IB_DISABLE"": ""1"", ""NCCL_LOCAL_REGISTER"": ""1"", ""NCCL_MAX_P2P_NCHANNELS"": ""24"", ""NCCL_MIN_P2P_NCHANNELS"": ""24"", ""NCCL_P2P_LL_THRESHOLD"": ""65536"", ""NCCL_P2P_NVL_CHUNKSIZE"": ""131072""}, ""operator"": {""chunks"": 1, ""local_first"": false, ""math_sms"": 0, ""pack_block"": 1024, ""pack_warps"": 4, ""push"": true, ""reverse"": false, ""schedule"": ""full"", ""sms"": 0, ""streams"": 3, ""use_ce"": false}}","{""algo_id"": 66, ""cluster_shape"": 3, ""cta_swizzle"": 0, ""custom"": 4, ""inner_shape"": 0, ""reduction"": 0, ""returned"": 8, ""split_k"": 1, ""stages_id"": 35, ""tile_id"": 23, ""tune_ms"": 2.8567893505096436, ""valid"": 8, ""waves"": 46.54545593261719, ""workspace_bytes"": 4}",full_v2/cublaslt_nccl_formal_ch24_chunk128_ll64_cp4.json
a2a_gemm/nanbeige42_3b/s262144/cp4,nanbeige42_3b,262144,4,teub,eager,,"[65536, 3072, 6144]",,,5.014335870742798,5.174612808227539,,,493.3656672123818,5014.335870742798,5174.612808227539,,,"{""nccl_environment"": {""NCCL_GRAPH_REGISTER"": ""1"", ""NCCL_IB_DISABLE"": ""1"", ""NCCL_LOCAL_REGISTER"": ""1""}, ""operator"": {""chunks"": 4, ""local_first"": false, ""math_sms"": 0, ""pack_block"": 1024, ""pack_warps"": 4, ""push"": true, ""reverse"": false, ""schedule"": ""row_pipeline"", ""sms"": 8, ""streams"": 3, ""use_ce"": false}}","{""algo_id"": 66, ""cluster_shape"": 3, ""cta_swizzle"": 0, ""custom"": 4, ""inner_shape"": 0, ""reduction"": 0, ""returned"": 8, ""split_k"": 1, ""stages_id"": 35, ""tile_id"": 23, ""tune_ms"": 0.7338133454322815, ""valid"": 8, ""waves"": 11.636363983154297, ""workspace_bytes"": 4}",full_v2/teub_formal_auto_cp4.json
a2a_gemm/nanbeige42_3b/s262144/cp4,nanbeige42_3b,262144,4,teub,graph,,"[65536, 3072, 6144]",,,5.006527900695801,5.091668915748596,,,494.1350995271954,5006.527900695801,5091.668915748596,,,"{""nccl_environment"": {""NCCL_GRAPH_REGISTER"": ""1"", ""NCCL_IB_DISABLE"": ""1"", ""NCCL_LOCAL_REGISTER"": ""1""}, ""operator"": {""chunks"": 4, ""local_first"": false, ""math_sms"": 0, ""pack_block"": 1024, ""pack_warps"": 4, ""push"": true, ""reverse"": false, ""schedule"": ""row_pipeline"", ""sms"": 8, ""streams"": 3, ""use_ce"": false}}","{""algo_id"": 66, ""cluster_shape"": 3, ""cta_swizzle"": 0, ""custom"": 4, ""inner_shape"": 0, ""reduction"": 0, ""returned"": 8, ""split_k"": 1, ""stages_id"": 35, ""tile_id"": 23, ""tune_ms"": 0.7338133454322815, ""valid"": 8, ""waves"": 11.636363983154297, ""workspace_bytes"": 4}",full_v2/teub_formal_auto_cp4.json
a2a_gemm/nanbeige42_3b/s262144/cp8,nanbeige42_3b,262144,8,cublaslt_nccl,eager,,"[32768, 3072, 6144]",,,3.258112072944641,3.2823392271995546,,,379.6525575408029,3258.112072944641,3282.3392271995544,,,"{""nccl_environment"": {""NCCL_GRAPH_REGISTER"": ""1"", ""NCCL_IB_DISABLE"": ""1"", ""NCCL_LOCAL_REGISTER"": ""1"", ""NCCL_MAX_P2P_NCHANNELS"": ""24"", ""NCCL_MIN_P2P_NCHANNELS"": ""24"", ""NCCL_P2P_LL_THRESHOLD"": ""65536"", ""NCCL_P2P_NVL_CHUNKSIZE"": ""131072""}, ""operator"": {""chunks"": 1, ""local_first"": false, ""math_sms"": 0, ""pack_block"": 1024, ""pack_warps"": 4, ""push"": true, ""reverse"": false, ""schedule"": ""full"", ""sms"": 0, ""streams"": 3, ""use_ce"": false}}","{""algo_id"": 66, ""cluster_shape"": 3, ""cta_swizzle"": 0, ""custom"": 4, ""inner_shape"": 0, ""reduction"": 0, ""returned"": 8, ""split_k"": 1, ""stages_id"": 35, ""tile_id"": 209, ""tune_ms"": 1.469040036201477, ""valid"": 8, ""waves"": 20.727272033691406, ""workspace_bytes"": 4}",full_v2/cublaslt_nccl_formal_ch24_chunk128_ll64_cp8.json
a2a_gemm/nanbeige42_3b/s262144/cp8,nanbeige42_3b,262144,8,cublaslt_nccl,graph,,"[32768, 3072, 6144]",,,3.241919994354248,3.257225584983826,,,381.5487684465162,3241.919994354248,3257.2255849838257,,,"{""nccl_environment"": {""NCCL_GRAPH_REGISTER"": ""1"", ""NCCL_IB_DISABLE"": ""1"", ""NCCL_LOCAL_REGISTER"": ""1"", ""NCCL_MAX_P2P_NCHANNELS"": ""24"", ""NCCL_MIN_P2P_NCHANNELS"": ""24"", ""NCCL_P2P_LL_THRESHOLD"": ""65536"", ""NCCL_P2P_NVL_CHUNKSIZE"": ""131072""}, ""operator"": {""chunks"": 1, ""local_first"": false, ""math_sms"": 0, ""pack_block"": 1024, ""pack_warps"": 4, ""push"": true, ""reverse"": false, ""schedule"": ""full"", ""sms"": 0, ""streams"": 3, ""use_ce"": false}}","{""algo_id"": 66, ""cluster_shape"": 3, ""cta_swizzle"": 0, ""custom"": 4, ""inner_shape"": 0, ""reduction"": 0, ""returned"": 8, ""split_k"": 1, ""stages_id"": 35, ""tile_id"": 209, ""tune_ms"": 1.469040036201477, ""valid"": 8, ""waves"": 20.727272033691406, ""workspace_bytes"": 4}",full_v2/cublaslt_nccl_formal_ch24_chunk128_ll64_cp8.json
a2a_gemm/nanbeige42_3b/s262144/cp8,nanbeige42_3b,262144,8,teub,eager,,"[32768, 3072, 6144]",,,3.4319519996643066,3.5981375932693482,,,360.42187692863746,3431.9519996643066,3598.137593269348,,,"{""nccl_environment"": {""NCCL_GRAPH_REGISTER"": ""1"", ""NCCL_IB_DISABLE"": ""1"", ""NCCL_LOCAL_REGISTER"": ""1""}, ""operator"": {""chunks"": 4, ""local_first"": false, ""math_sms"": 0, ""pack_block"": 1024, ""pack_warps"": 4, ""push"": true, ""reverse"": false, ""schedule"": ""row_pipeline"", ""sms"": 8, ""streams"": 3, ""use_ce"": false}}","{""algo_id"": 66, ""cluster_shape"": 3, ""cta_swizzle"": 0, ""custom"": 4, ""inner_shape"": 0, ""reduction"": 0, ""returned"": 8, ""split_k"": 1, ""stages_id"": 35, ""tile_id"": 23, ""tune_ms"": 0.36657068133354187, ""valid"": 8, ""waves"": 5.818181991577148, ""workspace_bytes"": 4}",full_v2/teub_formal_auto_cp8.json
a2a_gemm/nanbeige42_3b/s262144/cp8,nanbeige42_3b,262144,8,teub,graph,,"[32768, 3072, 6144]",,,3.2548959255218506,3.561686396598816,,,380.02769045516635,3254.8959255218506,3561.686396598816,,,"{""nccl_environment"": {""NCCL_GRAPH_REGISTER"": ""1"", ""NCCL_IB_DISABLE"": ""1"", ""NCCL_LOCAL_REGISTER"": ""1""}, ""operator"": {""chunks"": 4, ""local_first"": false, ""math_sms"": 0, ""pack_block"": 1024, ""pack_warps"": 4, ""push"": true, ""reverse"": false, ""schedule"": ""row_pipeline"", ""sms"": 8, ""streams"": 3, ""use_ce"": false}}","{""algo_id"": 66, ""cluster_shape"": 3, ""cta_swizzle"": 0, ""custom"": 4, ""inner_shape"": 0, ""reduction"": 0, ""returned"": 8, ""split_k"": 1, ""stages_id"": 35, ""tile_id"": 23, ""tune_ms"": 0.36657068133354187, ""valid"": 8, ""waves"": 5.818181991577148, ""workspace_bytes"": 4}",full_v2/teub_formal_auto_cp8.json
a2a_gemm/nanbeige42_3b/s524288/cp4,nanbeige42_3b,524288,4,cublaslt_nccl,eager,,"[131072, 3072, 6144]",,,11.306528091430664,12.271631860733033,,,437.6058048042167,11306.528091430664,12271.631860733032,,,"{""nccl_environment"": {""NCCL_GRAPH_REGISTER"": ""1"", ""NCCL_IB_DISABLE"": ""1"", ""NCCL_LOCAL_REGISTER"": ""1""}, ""operator"": {""chunks"": 1, ""local_first"": false, ""math_sms"": 0, ""pack_block"": 1024, ""pack_warps"": 4, ""push"": true, ""reverse"": false, ""schedule"": ""full"", ""sms"": 0, ""streams"": 3, ""use_ce"": false}}","{""algo_id"": 66, ""cluster_shape"": 5, ""cta_swizzle"": 0, ""custom"": 7, ""inner_shape"": 0, ""reduction"": 0, ""returned"": 8, ""split_k"": 1, ""stages_id"": 35, ""tile_id"": 24, ""tune_ms"": 6.121610641479492, ""valid"": 8, ""waves"": 93.09091186523438, ""workspace_bytes"": 4}",full_v2/cublaslt_nccl_formal_auto_cp4.json
a2a_gemm/nanbeige42_3b/s524288/cp4,nanbeige42_3b,524288,4,cublaslt_nccl,graph,,"[131072, 3072, 6144]",,,11.424831867218018,11.71278395652771,,,433.0744104155298,11424.831867218018,11712.78395652771,,,"{""nccl_environment"": {""NCCL_GRAPH_REGISTER"": ""1"", ""NCCL_IB_DISABLE"": ""1"", ""NCCL_LOCAL_REGISTER"": ""1""}, ""operator"": {""chunks"": 1, ""local_first"": false, ""math_sms"": 0, ""pack_block"": 1024, ""pack_warps"": 4, ""push"": true, ""reverse"": false, ""schedule"": ""full"", ""sms"": 0, ""streams"": 3, ""use_ce"": false}}","{""algo_id"": 66, ""cluster_shape"": 5, ""cta_swizzle"": 0, ""custom"": 7, ""inner_shape"": 0, ""reduction"": 0, ""returned"": 8, ""split_k"": 1, ""stages_id"": 35, ""tile_id"": 24, ""tune_ms"": 6.121610641479492, ""valid"": 8, ""waves"": 93.09091186523438, ""workspace_bytes"": 4}",full_v2/cublaslt_nccl_formal_auto_cp4.json
a2a_gemm/nanbeige42_3b/s524288/cp4,nanbeige42_3b,524288,4,teub,eager,,"[131072, 3072, 6144]",,,9.870528221130371,10.17547698020935,,,501.27026782619123,9870.528221130371,10175.47698020935,,,"{""nccl_environment"": {""NCCL_GRAPH_REGISTER"": ""1"", ""NCCL_IB_DISABLE"": ""1"", ""NCCL_LOCAL_REGISTER"": ""1""}, ""operator"": {""chunks"": 4, ""local_first"": false, ""math_sms"": 0, ""pack_block"": 1024, ""pack_warps"": 4, ""push"": true, ""reverse"": false, ""schedule"": ""row_pipeline"", ""sms"": 8, ""streams"": 3, ""use_ce"": false}}","{""algo_id"": 66, ""cluster_shape"": 3, ""cta_swizzle"": 0, ""custom"": 4, ""inner_shape"": 0, ""reduction"": 0, ""returned"": 8, ""split_k"": 1, ""stages_id"": 35, ""tile_id"": 209, ""tune_ms"": 1.447541356086731, ""valid"": 8, ""waves"": 20.727272033691406, ""workspace_bytes"": 4}",full_v2/teub_formal_auto_cp4.json
a2a_gemm/nanbeige42_3b/s524288/cp4,nanbeige42_3b,524288,4,teub,graph,,"[131072, 3072, 6144]",,,10.149760246276855,11.750832271575927,,,487.4797241449085,10149.760246276855,11750.832271575928,,,"{""nccl_environment"": {""NCCL_GRAPH_REGISTER"": ""1"", ""NCCL_IB_DISABLE"": ""1"", ""NCCL_LOCAL_REGISTER"": ""1""}, ""operator"": {""chunks"": 4, ""local_first"": false, ""math_sms"": 0, ""pack_block"": 1024, ""pack_warps"": 4, ""push"": true, ""reverse"": false, ""schedule"": ""row_pipeline"", ""sms"": 8, ""streams"": 3, ""use_ce"": false}}","{""algo_id"": 66, ""cluster_shape"": 3, ""cta_swizzle"": 0, ""custom"": 4, ""inner_shape"": 0, ""reduction"": 0, ""returned"": 8, ""split_k"": 1, ""stages_id"": 35, ""tile_id"": 209, ""tune_ms"": 1.447541356086731, ""valid"": 8, ""waves"": 20.727272033691406, ""workspace_bytes"": 4}",full_v2/teub_formal_auto_cp4.json
a2a_gemm/nanbeige42_3b/s524288/cp8,nanbeige42_3b,524288,8,cublaslt_nccl,eager,,"[65536, 3072, 6144]",,,6.3614561557769775,6.40255217552185,,,388.8891319716786,6361.4561557769775,6402.552175521851,,,"{""nccl_environment"": {""NCCL_GRAPH_REGISTER"": ""1"", ""NCCL_IB_DISABLE"": ""1"", ""NCCL_LOCAL_REGISTER"": ""1"", ""NCCL_MAX_P2P_NCHANNELS"": ""24"", ""NCCL_MIN_P2P_NCHANNELS"": ""24"", ""NCCL_P2P_LL_THRESHOLD"": ""65536"", ""NCCL_P2P_NVL_CHUNKSIZE"": ""131072""}, ""operator"": {""chunks"": 1, ""local_first"": false, ""math_sms"": 0, ""pack_block"": 1024, ""pack_warps"": 4, ""push"": true, ""reverse"": false, ""schedule"": ""full"", ""sms"": 0, ""streams"": 3, ""use_ce"": false}}","{""algo_id"": 66, ""cluster_shape"": 3, ""cta_swizzle"": 0, ""custom"": 4, ""inner_shape"": 0, ""reduction"": 0, ""returned"": 8, ""split_k"": 1, ""stages_id"": 35, ""tile_id"": 209, ""tune_ms"": 2.9846293926239014, ""valid"": 8, ""waves"": 41.45454406738281, ""workspace_bytes"": 4}",full_v2/cublaslt_nccl_formal_ch24_chunk128_ll64_cp8.json
a2a_gemm/nanbeige42_3b/s524288/cp8,nanbeige42_3b,524288,8,cublaslt_nccl,graph,,"[65536, 3072, 6144]",,,6.349439859390259,6.40839831829071,,,389.6251035179614,6349.439859390259,6408.39831829071,,,"{""nccl_environment"": {""NCCL_GRAPH_REGISTER"": ""1"", ""NCCL_IB_DISABLE"": ""1"", ""NCCL_LOCAL_REGISTER"": ""1"", ""NCCL_MAX_P2P_NCHANNELS"": ""24"", ""NCCL_MIN_P2P_NCHANNELS"": ""24"", ""NCCL_P2P_LL_THRESHOLD"": ""65536"", ""NCCL_P2P_NVL_CHUNKSIZE"": ""131072""}, ""operator"": {""chunks"": 1, ""local_first"": false, ""math_sms"": 0, ""pack_block"": 1024, ""pack_warps"": 4, ""push"": true, ""reverse"": false, ""schedule"": ""full"", ""sms"": 0, ""streams"": 3, ""use_ce"": false}}","{""algo_id"": 66, ""cluster_shape"": 3, ""cta_swizzle"": 0, ""custom"": 4, ""inner_shape"": 0, ""reduction"": 0, ""returned"": 8, ""split_k"": 1, ""stages_id"": 35, ""tile_id"": 209, ""tune_ms"": 2.9846293926239014, ""valid"": 8, ""waves"": 41.45454406738281, ""workspace_bytes"": 4}",full_v2/cublaslt_nccl_formal_ch24_chunk128_ll64_cp8.json
a2a_gemm/nanbeige42_3b/s524288/cp8,nanbeige42_3b,524288,8,teub,eager,,"[65536, 3072, 6144]",,,6.439776182174683,6.600727963447571,,,384.159494446991,6439.776182174683,6600.727963447571,,,"{""nccl_environment"": {""NCCL_GRAPH_REGISTER"": ""1"", ""NCCL_IB_DISABLE"": ""1"", ""NCCL_LOCAL_REGISTER"": ""1""}, ""operator"": {""chunks"": 1, ""local_first"": false, ""math_sms"": 0, ""pack_block"": 512, ""pack_warps"": 4, ""push"": true, ""reverse"": false, ""schedule"": ""full"", ""sms"": 12, ""streams"": 1, ""use_ce"": true}}","{""algo_id"": 66, ""cluster_shape"": 3, ""cta_swizzle"": 0, ""custom"": 4, ""inner_shape"": 0, ""reduction"": 0, ""returned"": 8, ""split_k"": 1, ""stages_id"": 35, ""tile_id"": 209, ""tune_ms"": 2.8791415691375732, ""valid"": 8, ""waves"": 41.45454406738281, ""workspace_bytes"": 4}",full_v2/teub_formal_auto_cp8.json
a2a_gemm/nanbeige42_3b/s524288/cp8,nanbeige42_3b,524288,8,teub,graph,,"[65536, 3072, 6144]",,,6.367055892944336,6.4535009384155275,,,388.54710938496044,6367.055892944336,6453.500938415527,,,"{""nccl_environment"": {""NCCL_GRAPH_REGISTER"": ""1"", ""NCCL_IB_DISABLE"": ""1"", ""NCCL_LOCAL_REGISTER"": ""1""}, ""operator"": {""chunks"": 1, ""local_first"": false, ""math_sms"": 0, ""pack_block"": 512, ""pack_warps"": 4, ""push"": true, ""reverse"": false, ""schedule"": ""full"", ""sms"": 12, ""streams"": 1, ""use_ce"": true}}","{""algo_id"": 66, ""cluster_shape"": 3, ""cta_swizzle"": 0, ""custom"": 4, ""inner_shape"": 0, ""reduction"": 0, ""returned"": 8, ""split_k"": 1, ""stages_id"": 35, ""tile_id"": 209, ""tune_ms"": 2.8791415691375732, ""valid"": 8, ""waves"": 41.45454406738281, ""workspace_bytes"": 4}",full_v2/teub_formal_auto_cp8.json
