operator,model,suite,aliases,global_seq,cp,local_tokens,hidden,projection_width,b_m,b_n,b_k,w_m,w_n,w_k,q_heads,kv_heads,head_dim,warmup,iterations,timing,te_userbuffers_schema,te_userbuffers_numerical_contract,transformer_engine_version,transformer_engine_path,torch_version,torch_cuda_version,nccl_version,device_names,device_sm_counts,cublas_workspace_config,eager_immediate_fused_p50_ms,eager_immediate_fused_p95_ms,eager_immediate_fused_p50_tflops_per_gpu,eager_immediate_te_userbuffers_p50_ms,eager_immediate_te_userbuffers_p95_ms,eager_immediate_te_userbuffers_p50_tflops_per_gpu,eager_immediate_te_userbuffers_data_p50_ms,eager_immediate_te_userbuffers_weight_p50_ms,eager_immediate_forward_p50_tflops_per_gpu,eager_immediate_cublas_p50_ms,eager_immediate_cublas_p50_tflops_per_gpu,eager_immediate_fused_speedup_over_te_userbuffers,eager_immediate_fused_throughput_as_forward_percent,eager_immediate_fused_throughput_as_cublas_percent,eager_immediate_te_userbuffers_throughput_as_forward_percent,eager_immediate_te_userbuffers_as_cublas_percent,eager_immediate_te_userbuffers_config,eager_immediate_te_userbuffers_numerical_contract,eager_immediate_te_userbuffers_unpack_kernel,eager_immediate_weight_accumulation_beta,eager_deferred_fused_p50_ms,eager_deferred_fused_p95_ms,eager_deferred_fused_p50_tflops_per_gpu,eager_deferred_te_userbuffers_p50_ms,eager_deferred_te_userbuffers_p95_ms,eager_deferred_te_userbuffers_p50_tflops_per_gpu,eager_deferred_te_userbuffers_data_p50_ms,eager_deferred_te_userbuffers_weight_p50_ms,eager_deferred_forward_p50_tflops_per_gpu,eager_deferred_cublas_p50_ms,eager_deferred_cublas_p50_tflops_per_gpu,eager_deferred_fused_speedup_over_te_userbuffers,eager_deferred_fused_throughput_as_forward_percent,eager_deferred_fused_throughput_as_cublas_percent,eager_deferred_te_userbuffers_throughput_as_forward_percent,eager_deferred_te_userbuffers_as_cublas_percent,eager_deferred_te_userbuffers_config,eager_deferred_te_userbuffers_numerical_contract,eager_deferred_te_userbuffers_unpack_kernel,eager_deferred_weight_accumulation_beta,graph_immediate_fused_p50_ms,graph_immediate_fused_p95_ms,graph_immediate_fused_p50_tflops_per_gpu,graph_immediate_te_userbuffers_p50_ms,graph_immediate_te_userbuffers_p95_ms,graph_immediate_te_userbuffers_p50_tflops_per_gpu,graph_immediate_te_userbuffers_data_p50_ms,graph_immediate_te_userbuffers_weight_p50_ms,graph_immediate_forward_p50_tflops_per_gpu,graph_immediate_cublas_p50_ms,graph_immediate_cublas_p50_tflops_per_gpu,graph_immediate_fused_speedup_over_te_userbuffers,graph_immediate_fused_throughput_as_forward_percent,graph_immediate_fused_throughput_as_cublas_percent,graph_immediate_te_userbuffers_throughput_as_forward_percent,graph_immediate_te_userbuffers_as_cublas_percent,graph_immediate_te_userbuffers_config,graph_immediate_te_userbuffers_numerical_contract,graph_immediate_te_userbuffers_unpack_kernel,graph_immediate_weight_accumulation_beta,graph_deferred_fused_p50_ms,graph_deferred_fused_p95_ms,graph_deferred_fused_p50_tflops_per_gpu,graph_deferred_te_userbuffers_p50_ms,graph_deferred_te_userbuffers_p95_ms,graph_deferred_te_userbuffers_p50_tflops_per_gpu,graph_deferred_te_userbuffers_data_p50_ms,graph_deferred_te_userbuffers_weight_p50_ms,graph_deferred_forward_p50_tflops_per_gpu,graph_deferred_cublas_p50_ms,graph_deferred_cublas_p50_tflops_per_gpu,graph_deferred_fused_speedup_over_te_userbuffers,graph_deferred_fused_throughput_as_forward_percent,graph_deferred_fused_throughput_as_cublas_percent,graph_deferred_te_userbuffers_throughput_as_forward_percent,graph_deferred_te_userbuffers_as_cublas_percent,graph_deferred_te_userbuffers_config,graph_deferred_te_userbuffers_numerical_contract,graph_deferred_te_userbuffers_unpack_kernel,graph_deferred_weight_accumulation_beta
qkv,artificial_large,artificial,Mx7168x16384 QKV stress shape,1024,4,256,16384,7168,256,16384,7168,7168,16384,256,40,8,128,10,50,per-sample max-rank CUDA-event critical path,v10_backward_te_userbuffers_v3,complete_route_then_single_full_gemm,2.19.0.dev0+a7aec214,/tmp/TransformerEngine-v10-clean/transformer_engine/__init__.py,2.9.0+cu128,12.8,2.27.5,NVIDIA L20X|NVIDIA L20X|NVIDIA L20X|NVIDIA L20X,132|132|132|132,:4096:8,0.2866080105,0.2893759906,419.5942886530033,0.35148799419403076,0.3905727982521056,342.14279370695596,,,468.8244244237192,0.2201119959,546.3540676021829,1.226371843483526,89.49923826361439,76.79896856895421,72.97887564785457,62.62290591310846,c20/s3/push/sm/b512/w8/fwd,complete_route_then_single_full_gemm,branch_masked_v1,0,0.3362559974,0.3758608103,357.6414553728938,0.45044799894094467,0.4706399992108345,266.9766200998628,0.2125760018825531,0.23734400421380997,468.8244244237192,0.3088319898,389.39970035448704,1.339598408426617,76.28473192549814,91.84430677458602,56.94597085636728,68.56107486904142,c20/s1/push/sm/b512/w8/rev,complete_route_then_single_full_gemm,branch_masked_v1,1,0.2751840055,0.2776768208,437.01335064693654,0.25409600138664246,0.2565184086561203,473.28208091322557,,,494.03134069956184,0.2201119959,546.3540676021829,0.9233676242373122,88.45862896635539,79.98720547005048,95.80001144118616,86.62552527344535,c20/s3/push/sm/b512/w4/fwd,complete_route_then_single_full_gemm,branch_masked_v1,0,0.3294399977,0.3312703967,365.04093348589777,0.341888003051281,0.34590400718152525,351.7499392043947,0.12584000080823898,0.2160000056028366,494.03134069956184,0.3088319898,389.39970035448704,1.0377853491931377,73.89023800979709,93.74453374093136,71.19992401824288,90.33133278843867,c20/s3/push/sm/b512/w4/fwd,complete_route_then_single_full_gemm,branch_masked_v1,1
qkv,artificial_large,artificial,Mx7168x16384 QKV stress shape,4096,4,1024,16384,7168,1024,16384,7168,7168,16384,1024,40,8,128,10,50,per-sample max-rank CUDA-event critical path,v10_backward_te_userbuffers_v3,complete_route_then_single_full_gemm,2.19.0.dev0+a7aec214,/tmp/TransformerEngine-v10-clean/transformer_engine/__init__.py,2.9.0+cu128,12.8,2.27.5,NVIDIA L20X|NVIDIA L20X|NVIDIA L20X|NVIDIA L20X,132|132|132|132,:4096:8,0.7295359969,0.7321792245,659.3729976259654,0.7942079901695251,0.8078448146581649,605.6805561088877,,,698.3686889302154,0.6146720052,782.5902808042836,1.0886481181796845,94.41617416096003,84.255198895176,86.72790829678941,77.39433659799836,c8/s3/push/sm/b1024/w4/fwd,complete_route_then_single_full_gemm,branch_masked_v1,0,0.7930080295,0.8062527776,606.5970573529986,0.8542560040950775,0.8771903946995735,563.1055969709771,0.44916801154613495,0.4042240083217621,698.3686889302154,0.6700159907,717.9475472659044,1.0772349992895973,86.8591428808477,84.49044218662605,80.63156408595025,78.43269318425862,c8/s3/push/sm/b512/w4/fwd,complete_route_then_single_full_gemm,branch_masked_v1,1,0.7584800124,0.7635936141,634.210960457473,0.7472000122070312,0.7500400066375732,643.7852372768917,,,715.9983456775718,0.6146720052,782.5902808042836,0.9851281510276372,88.57715444262642,81.0399740469153,89.91434703213699,82.2633826496364,c16/s3/push/sm/b1024/w4/fwd,complete_route_then_single_full_gemm,branch_masked_v1,0,0.7921280265,0.7966752052,607.2709474470286,0.7857439965009689,0.7913200080394744,612.204915715709,0.40587200224399567,0.380048006772995,715.9983456775718,0.6700159907,717.9475472659044,0.9919406588512734,84.81457409965786,84.58430560277618,85.50367740533817,85.27153801793938,c20/s3/push/sm/b512/w4/fwd,complete_route_then_single_full_gemm,branch_masked_v1,1
qkv,artificial_large,artificial,Mx7168x16384 QKV stress shape,16384,4,4096,16384,7168,4096,16384,7168,7168,16384,4096,40,8,128,10,50,per-sample max-rank CUDA-event critical path,v10_backward_te_userbuffers_v3,complete_route_then_single_full_gemm,2.19.0.dev0+a7aec214,/tmp/TransformerEngine-v10-clean/transformer_engine/__init__.py,2.9.0+cu128,12.8,2.27.5,NVIDIA L20X|NVIDIA L20X|NVIDIA L20X|NVIDIA L20X,132|132|132|132,:4096:8,2.867615938,2.900836945,670.9913008608756,3.07915198802948,3.182302474975586,624.8945671042914,,,748.1590272708904,2.529135942,760.7915876148662,1.0737672179967777,89.68565190057191,88.19646691474064,83.52429688428153,82.13741808888538,c8/s3/push/sm/b1024/w4/fwd,complete_route_then_single_full_gemm,branch_masked_v1,0,2.815711975,2.869688034,683.36014680905,3.1261279582977295,3.24512642621994,615.5043473190889,1.6632959842681885,1.4515040516853333,748.1590272708904,2.609456062,737.3741128000645,1.110244224570494,91.33888944731287,92.67482204034735,82.26918674821115,83.47246487699522,c8/s3/push/sm/b1024/w4/fwd,complete_route_then_single_full_gemm,branch_masked_v1,1,2.879663944,2.91090703,668.1839916137103,3.0757280588150024,3.1762991666793825,625.5902055753664,,,745.312048551308,2.529135942,760.7915876148662,1.0680857623069238,89.65157519088622,87.82746845407597,83.93668219792642,82.22885423018866,c20/s3/push/sm/b512/w4/fwd,complete_route_then_single_full_gemm,branch_masked_v1,0,2.839040041,2.911774397,677.7450549553556,2.981552004814148,3.043910413980484,645.3502556726123,1.6313440203666687,1.3475199937820435,745.312048551308,2.609456062,737.3741128000645,1.0501972363038425,90.93440207664898,91.91332366981575,86.58792742274927,87.52005860661343,c24/s3/push/sm/b1024/w4/fwd,complete_route_then_single_full_gemm,branch_masked_v1,1
qkv,artificial_large,artificial,Mx7168x16384 QKV stress shape,131072,4,32768,16384,7168,32768,16384,7168,7168,16384,32768,40,8,128,10,50,per-sample max-rank CUDA-event critical path,v10_backward_te_userbuffers_v3,complete_route_then_single_full_gemm,2.19.0.dev0+a7aec214,/tmp/TransformerEngine-v10-clean/transformer_engine/__init__.py,2.9.0+cu128,12.8,2.27.5,NVIDIA L20X|NVIDIA L20X|NVIDIA L20X|NVIDIA L20X,132|132|132|132,:4096:8,23.44484711,24.48932838,656.569126539465,24.630208015441895,28.378233718872067,624.9708804413372,,,719.2916196871514,21.12108803,728.8053895234866,1.0505595493918276,91.27996330960077,90.08840164707732,86.88699594653444,85.75277974411806,c20/s2/pull/ce/b1024/w4/rev,complete_route_then_single_full_gemm,branch_masked_v1,0,22.67456055,25.84514809,678.8736987832825,24.491136074066162,25.61264023780823,628.5197527102031,13.20955228805542,11.233295917510986,719.2916196871514,20.77748871,740.8577140246705,1.0801151369641941,94.38087142994266,91.63347913263085,87.38038029465315,84.83676970788395,c20/s2/push/sm/b1024/w4/rev,complete_route_then_single_full_gemm,branch_masked_v1,1,23.46281624,25.03038025,656.0662893749877,24.591856002807617,28.54500513076782,625.945548278527,,,701.0444053409749,21.12108803,728.8053895234866,1.0481203855180352,93.58412739288453,90.0194069371444,89.28757486825371,85.88651473719038,c20/s3/push/sm/b1024/w4/rev,complete_route_then_single_full_gemm,branch_masked_v1,0,22.78577423,25.52397156,675.5602260201979,24.468095779418945,27.290029859542848,629.1115960814483,13.273168087005615,11.212207794189453,701.0444053409749,20.77748871,740.8577140246705,1.0738320994686228,96.36482666053344,91.18623093633627,89.73919359294511,84.91665594785165,c20/s3/push/sm/b1024/w4/rev,complete_route_then_single_full_gemm,branch_masked_v1,1
qkv,artificial_large,artificial,Mx7168x16384 QKV stress shape,262144,4,65536,16384,7168,65536,16384,7168,7168,16384,65536,40,8,128,10,50,per-sample max-rank CUDA-event critical path,v10_backward_te_userbuffers_v3,complete_route_then_single_full_gemm,2.19.0.dev0+a7aec214,/tmp/TransformerEngine-v10-clean/transformer_engine/__init__.py,2.9.0+cu128,12.8,2.27.5,NVIDIA L20X|NVIDIA L20X|NVIDIA L20X|NVIDIA L20X,132|132|132|132,:4096:8,46.26926422,49.97307968,665.3731390960944,50.109296798706055,55.09135017395019,614.3835085413327,,,692.2616360988259,42.6395874,722.012745782995,1.082993162814251,96.1158475927889,92.1553176148605,88.7501887297456,85.09316658600777,c24/s2/push/sm/b1024/w4/fwd,complete_route_then_single_full_gemm,branch_masked_v1,0,45.8523674,50.04826736,671.4228146424562,49.96505641937256,52.13512735366821,616.1571262789861,26.77518367767334,23.032432556152344,692.2616360988259,42.71201324,720.7884443362286,1.0896941478178193,96.98974775291538,93.15116244139664,89.00639500280278,85.48376865924963,c24/s2/pull/ce/b1024/w4/fwd,complete_route_then_single_full_gemm,branch_masked_v1,1,46.6359024,51.95436096,660.142165014223,50.04713439941406,52.106448364257815,615.1466202246424,,,688.4679468311502,42.6395874,722.012745782995,1.0731460489422,95.8856789270577,91.43081875906834,89.35007403845191,85.19885885913823,c20/s3/pull/ce/b1024/w4/rev,complete_route_then_single_full_gemm,branch_masked_v1,0,46.17705536,49.11309433,666.7017924316601,50.08804798126221,53.590892219543456,614.6441480259937,27.04692840576172,22.832304000854492,688.4679468311502,42.71201324,720.7884443362286,1.0846955829203877,96.8384651021628,92.49618215586452,89.27708992917542,85.27386265078334,c24/s3/push/sm/b1024/w4/fwd,complete_route_then_single_full_gemm,branch_masked_v1,1
qkv,artificial_large,artificial,Mx7168x16384 QKV stress shape,524288,4,131072,16384,7168,131072,16384,7168,7168,16384,131072,40,8,128,10,50,per-sample max-rank CUDA-event critical path,v10_backward_te_userbuffers_v3,complete_route_then_single_full_gemm,2.19.0.dev0+a7aec214,/tmp/TransformerEngine-v10-clean/transformer_engine/__init__.py,2.9.0+cu128,12.8,2.27.5,NVIDIA L20X|NVIDIA L20X|NVIDIA L20X|NVIDIA L20X,132|132|132|132,:4096:8,92.68664551,96.91940308,664.3098454654171,100.49356842041016,103.33098106384277,612.7024059676106,,,669.735038028783,85.79873657,717.6405343127769,1.0842292098009725,99.18994941949971,92.56860694213293,91.48429918956677,85.37734097675285,c20/s2/push/sm/b1024/w4/rev,complete_route_then_single_full_gemm,branch_masked_v1,0,92.06150818,97.12676239,668.8207957126691,100.89673805236816,103.20200176239014,610.2541305497717,54.69171142578125,45.99993705749512,669.735038028783,85.80302429,717.6046726202873,1.095970944285351,99.8634919387218,93.20184514274594,91.11874038215468,85.04043435523741,c20/s2/pull/ce/b1024/w4/rev,complete_route_then_single_full_gemm,branch_masked_v1,1,93.22157288,97.99394226,660.4978789053017,99.69710540771484,103.85532760620117,617.5971800149309,,,670.1222006220662,85.79873657,717.6405343127769,1.0694638840309048,98.56379601991543,92.03742644467597,92.16187427332254,86.05940585649205,c20/s3/pull/ce/b1024/w4/rev,complete_route_then_single_full_gemm,branch_masked_v1,0,91.86535645,97.27972412,670.2488678522512,100.69300842285156,103.87223300933837,611.4888423721237,54.64726257324219,46.03651237487793,670.1222006220662,85.80302429,717.6046726202873,1.096093373105848,100.01890210920747,93.40085055534556,91.25034834012156,85.21249452561555,c20/s3/pull/ce/b1024/w4/rev,complete_route_then_single_full_gemm,branch_masked_v1,1
qkv,artificial_medium,artificial,Mx5120x5120 QKV stress shape,1024,4,256,5120,5120,256,5120,5120,5120,5120,256,24,8,128,10,50,per-sample max-rank CUDA-event critical path,v10_backward_te_userbuffers_v3,complete_route_then_single_full_gemm,2.19.0.dev0+a7aec214,/tmp/TransformerEngine-v10-clean/transformer_engine/__init__.py,2.9.0+cu128,12.8,2.27.5,NVIDIA L20X|NVIDIA L20X|NVIDIA L20X|NVIDIA L20X,132|132|132|132,:4096:8,0.09435200691,0.09609439969,284.5042355654966,0.20046400278806686,0.3909184128046035,133.90706175003072,,,269.9037395224415,0.07017600536,382.5174354438347,2.1246395212269777,105.40951973058567,74.37680199737471,49.61289605952155,35.006786447435644,c12/s2/push/sm/b512/w4/fwd,complete_route_then_single_full_gemm,branch_masked_v1,0,0.1154239923,0.1387231946,232.5646953038203,0.2178879976272583,0.2446832042187452,123.19882642604914,0.14959999918937683,0.06814399734139442,269.9037395224415,0.07963199914,337.0949604418031,1.887718430852251,86.16579218773046,68.9908549801565,45.64546850815515,36.54721692207513,c12/s1/push/sm/b512/w4/fwd,complete_route_then_single_full_gemm,branch_masked_v1,1,0.08838400245,0.09017920494,303.7149807193417,0.09571199864149094,0.09741280004382133,280.4616556023247,,,307.1624963525238,0.07017600536,382.5174354438347,1.082910888716954,98.87762481614115,79.3989901053638,91.30725883945313,73.31996652045552,c8/s3/push/sm/b512/w4/fwd,complete_route_then_single_full_gemm,branch_masked_v1,0,0.1010880023,0.1026192009,265.54630608226,0.10593600198626518,0.10818240009248256,253.39398407238664,0.059408001601696014,0.04660800099372864,307.1624963525238,0.07963199914,337.0949604418031,1.0479582104301333,86.45140902146407,78.77492613186205,82.49509203805005,75.16991168906341,c8/s3/push/sm/b512/w4/fwd,complete_route_then_single_full_gemm,branch_masked_v1,1
qkv,artificial_medium,artificial,Mx5120x5120 QKV stress shape,4096,4,1024,5120,5120,1024,5120,5120,5120,5120,1024,24,8,128,10,50,per-sample max-rank CUDA-event critical path,v10_backward_te_userbuffers_v3,complete_route_then_single_full_gemm,2.19.0.dev0+a7aec214,/tmp/TransformerEngine-v10-clean/transformer_engine/__init__.py,2.9.0+cu128,12.8,2.27.5,NVIDIA L20X|NVIDIA L20X|NVIDIA L20X|NVIDIA L20X,132|132|132|132,:4096:8,0.2069439888,0.2108335942,518.8562519869628,0.2886880040168762,0.44400160163640967,371.9384972910862,,,501.1115717022027,0.1589599997,675.4792564333403,1.395005507001594,103.54106376439961,76.81305488589287,74.22269177055034,55.062904411749464,c20/s1/push/sm/b512/w4/fwd,complete_route_then_single_full_gemm,branch_masked_v1,0,0.2264640033,0.2310016006,474.13355250882825,0.31968000531196594,0.3384768035262823,335.8801946190436,0.20079999417066574,0.11878400295972824,501.1115717022027,0.1713919938,626.4830697126764,1.4116150940265833,94.61636475451283,75.681782226977,67.02702822808656,53.61361078330307,c20/s1/push/sm/b512/w4/fwd,complete_route_then_single_full_gemm,branch_masked_v1,1,0.1999039948,0.2025167942,537.1287477642742,0.22891200333833694,0.24516000151634212,469.063137074986,,,532.5255223758066,0.1589599997,675.4792564333403,1.1451096991201144,100.86441404121453,79.51817063937933,88.08275235003012,69.44153097339053,c20/s3/push/sm/b1024/w4/fwd,complete_route_then_single_full_gemm,branch_masked_v1,0,0.2184000015,0.2217136025,491.6400259273808,0.24409600347280502,0.24714399687945843,439.88504880196723,0.14760000258684158,0.09657599776983261,532.5255223758066,0.1713919938,626.4830697126764,1.117655685880593,92.32234048313411,78.47618709837784,82.60356176723067,70.21499383913303,c20/s3/push/sm/b1024/w4/fwd,complete_route_then_single_full_gemm,branch_masked_v1,1
qkv,artificial_medium,artificial,Mx5120x5120 QKV stress shape,16384,4,4096,5120,5120,4096,5120,5120,5120,5120,4096,24,8,128,10,50,per-sample max-rank CUDA-event critical path,v10_backward_te_userbuffers_v3,complete_route_then_single_full_gemm,2.19.0.dev0+a7aec214,/tmp/TransformerEngine-v10-clean/transformer_engine/__init__.py,2.9.0+cu128,12.8,2.27.5,NVIDIA L20X|NVIDIA L20X|NVIDIA L20X|NVIDIA L20X,132|132|132|132,:4096:8,0.6152000427,0.6170160174,698.1415796315907,0.8540799915790558,0.8637456089258194,502.87646805298647,,,620.1151738705563,0.5386239886,797.3962145955561,1.3882963788992206,112.58256676320612,87.55265786980091,81.09404337168462,63.06481757103002,c8/s3/push/sm/b1024/w4/fwd,complete_route_then_single_full_gemm,branch_masked_v1,0,0.6351840496,0.6381679773,676.1768181528972,0.8855040073394775,0.9061343863606452,485.03081413537063,0.5763520002365112,0.30883198976516724,620.1151738705563,0.5477600098,784.0965421276726,1.3940904339413336,109.04052128452565,86.23642393806105,78.21624668655771,61.85855798052916,c8/s1/push/sm/b512/w4/fwd,complete_route_then_single_full_gemm,branch_masked_v1,1,0.6086879969,0.6131520271,705.6106441845296,0.8020640015602112,0.8073520123958587,535.4893484366877,,,639.4060871635976,0.5386239886,797.3962145955561,1.3176931459878625,110.3540704960466,88.48933958664695,83.74792783286064,67.15473921685107,c16/s3/push/sm/b1024/w4/fwd,complete_route_then_single_full_gemm,branch_masked_v1,0,0.6422079802,0.6460927725,668.7813649812382,0.8028160035610199,0.8171263977885246,534.9877527290163,0.5159680247306824,0.2865599989891052,639.4060871635976,0.5477600098,784.0965421276726,1.250087243249457,104.59415047922818,85.2932424834418,83.66948070548084,68.22983191295664,c20/s3/push/sm/b1024/w4/fwd,complete_route_then_single_full_gemm,branch_masked_v1,1
qkv,artificial_medium,artificial,Mx5120x5120 QKV stress shape,131072,4,32768,5120,5120,32768,5120,5120,5120,5120,32768,24,8,128,10,50,per-sample max-rank CUDA-event critical path,v10_backward_te_userbuffers_v3,complete_route_then_single_full_gemm,2.19.0.dev0+a7aec214,/tmp/TransformerEngine-v10-clean/transformer_engine/__init__.py,2.9.0+cu128,12.8,2.27.5,NVIDIA L20X|NVIDIA L20X|NVIDIA L20X|NVIDIA L20X,132|132|132|132,:4096:8,4.912384033,4.959115505,699.4513893291127,6.440367937088013,6.5772175788879395,533.5058292265151,,,688.4902303019401,4.568943977,752.0280078058835,1.31104732321892,101.59205730811395,93.00868878139683,77.48923742789262,70.94228189493519,c20/s2/pull/ce/b1024/w4/rev,complete_route_then_single_full_gemm,branch_masked_v1,0,4.779503822,4.937515259,718.8976020866963,6.5087679624557495,6.653071856498718,527.8992670532399,4.057647943496704,2.442736029624939,688.4902303019401,4.59800005,747.275728455027,1.3618082974420833,104.41652915995931,96.20245576194456,76.67491037915347,70.64317051279825,c20/s2/pull/ce/b1024/w4/rev,complete_route_then_single_full_gemm,branch_masked_v1,1,4.920080185,5.015708923,698.3572843538932,6.512848138809204,6.614404654502868,527.5685481326494,,,666.4071671362709,4.568943977,752.0280078058835,1.3237280479015616,104.79438379315764,92.86320151711105,79.1660975676105,70.15277923915137,c20/s3/push/sm/b1024/w4/fwd,complete_route_then_single_full_gemm,branch_masked_v1,0,4.88931179,4.921737671,702.7520404461668,6.456544041633606,6.5198143243789675,532.1691937116633,4.014240026473999,2.4376959800720215,666.4071671362709,4.59800005,747.275728455027,1.3205425055606048,105.45385390527528,94.04186616619923,79.85646312877097,71.21456959560419,c20/s3/push/sm/b1024/w4/fwd,complete_route_then_single_full_gemm,branch_masked_v1,1
qkv,artificial_medium,artificial,Mx5120x5120 QKV stress shape,262144,4,65536,5120,5120,65536,5120,5120,5120,5120,65536,24,8,128,10,50,per-sample max-rank CUDA-event critical path,v10_backward_te_userbuffers_v3,complete_route_then_single_full_gemm,2.19.0.dev0+a7aec214,/tmp/TransformerEngine-v10-clean/transformer_engine/__init__.py,2.9.0+cu128,12.8,2.27.5,NVIDIA L20X|NVIDIA L20X|NVIDIA L20X|NVIDIA L20X,132|132|132|132,:4096:8,9.817088127,10.75306416,699.9985723567092,13.055567741394043,13.28294563293457,526.3614581702005,,,693.6786880513192,9.369280815,733.4551935510539,1.329881892929863,100.91106796478695,95.43849147316512,75.87972172661873,71.7646371309745,c24/s2/pull/ce/b1024/w4/rev,complete_route_then_single_full_gemm,branch_masked_v1,0,9.597759247,9.645440102,715.9950043285348,13.002032279968262,13.089502716064453,528.5287350183978,8.076128005981445,4.921983957290649,693.6786880513192,9.380464554,732.5807409687058,1.3546945641538513,103.2170970020582,97.73598516687193,76.19215410857434,72.14614109558954,c24/s2/pull/ce/b1024/w4/rev,complete_route_then_single_full_gemm,branch_masked_v1,1,9.683679581,10.04926872,709.6421991371133,12.973727703094482,15.094407939910887,529.681817814082,,,680.1085948509183,9.369280815,733.4551935510539,1.3397518571917402,104.34248361361597,96.75331300080529,77.8819473572731,72.21733821934036,c20/s3/pull/ce/b1024/w4/rev,complete_route_then_single_full_gemm,branch_masked_v1,0,9.714752197,10.2875452,707.3724099439322,12.982368469238281,13.042734003067018,529.3292737671926,8.065088272094727,4.911440134048462,680.1085948509183,9.380464554,732.5807409687058,1.3363561114041953,104.00874438279818,96.5589689142742,77.83011092268626,72.25541761680088,c20/s3/push/sm/b1024/w4/rev,complete_route_then_single_full_gemm,branch_masked_v1,1
qkv,artificial_medium,artificial,Mx5120x5120 QKV stress shape,524288,4,131072,5120,5120,131072,5120,5120,5120,5120,131072,24,8,128,10,50,per-sample max-rank CUDA-event critical path,v10_backward_te_userbuffers_v3,complete_route_then_single_full_gemm,2.19.0.dev0+a7aec214,/tmp/TransformerEngine-v10-clean/transformer_engine/__init__.py,2.9.0+cu128,12.8,2.27.5,NVIDIA L20X|NVIDIA L20X|NVIDIA L20X|NVIDIA L20X,132|132|132|132,:4096:8,20.02428818,23.80119705,686.3612440879284,26.570640563964844,29.18982229232788,517.2587132069183,,,686.1923514976229,18.89054298,727.5542773837198,1.3269206038746115,100.02461300973945,94.3381498018373,75.38100826655894,71.09554974605841,c24/s2/pull/ce/b1024/w4/fwd,complete_route_then_single_full_gemm,branch_masked_v1,0,19.66670418,21.68955231,698.8408032890848,26.411888122558594,26.96560125350952,520.3677708850067,16.223536491394043,10.215071678161621,686.1923514976229,18.82540894,730.0715427220888,1.3429748004964701,101.84328078910475,95.72223575287438,75.83409662746867,71.27627094528344,c24/s2/pull/ce/b1024/w4/fwd,complete_route_then_single_full_gemm,branch_masked_v1,1,20.12168121,23.93430138,683.0391160540606,26.7291841506958,29.015708637237548,514.1906041618643,,,693.1883460846301,18.89054298,727.5542773837198,1.3283772797976756,98.53586257070017,93.88153396750887,74.1776181129115,70.67384800634946,c20/s3/push/sm/b1024/w4/fwd,complete_route_then_single_full_gemm,branch_masked_v1,0,19.77889633,21.28900146,694.8767574231985,26.548895359039307,27.02201557159424,517.6823804279492,16.233360290527344,10.300447940826416,693.1883460846301,18.82540894,730.0715427220888,1.3422839634773145,100.24357180095497,95.17926898401414,74.68134502722097,70.90844528712329,c20/s3/pull/ce/b1024/w4/rev,complete_route_then_single_full_gemm,branch_masked_v1,1
qkv,artificial_small,artificial,Mx4096x4096 QKV stress shape,1024,4,256,4096,4096,256,4096,4096,4096,4096,256,16,8,128,10,50,per-sample max-rank CUDA-event critical path,v10_backward_te_userbuffers_v3,complete_route_then_single_full_gemm,2.19.0.dev0+a7aec214,/tmp/TransformerEngine-v10-clean/transformer_engine/__init__.py,2.9.0+cu128,12.8,2.27.5,NVIDIA L20X|NVIDIA L20X|NVIDIA L20X|NVIDIA L20X,132|132|132|132,:4096:8,0.07116799802,0.07344320416,241.39879808298141,0.18641600012779236,0.20353440269827844,92.1587694845014,,,185.44764280088884,0.05166399851,332.53076957786556,2.619379571073571,130.1708635585981,72.59442438647933,49.69530380251331,27.714358464178595,c8/s1/push/sm/b256/w8/rev,complete_route_then_single_full_gemm,branch_masked_v1,0,0.07577599585,0.07766400278,226.71914755179031,0.1952319983392954,0.21857439838349818,87.99719989621248,0.14353600144386292,0.05089600011706352,185.44764280088884,0.05276799947,325.5736309231736,2.576435929997684,122.25507109584228,69.63682743867231,47.45123667637727,27.028355965651713,c8/s1/push/sm/b256/w8/rev,complete_route_then_single_full_gemm,branch_masked_v1,1,0.06553599983,0.06684000045,262.14400068,0.07280000299215317,0.07461920194327831,235.98720436662276,,,210.8683814156762,0.05166399851,332.53076957786556,1.1108398922881462,124.3164095631987,78.83300574343279,111.91208600469639,70.9670280035135,c8/s3/push/sm/b1024/w4/fwd,complete_route_then_single_full_gemm,branch_masked_v1,0,0.07016000152,0.0712319985,244.8670013084686,0.07332800049334764,0.07599360002204775,234.28798096790553,0.04476800002157688,0.02860799990594387,210.8683814156762,0.05276799947,325.5736309231736,1.045153918254186,116.12314737019406,75.21094402336608,111.10626419902339,71.96159600013523,c8/s3/push/sm/b1024/w4/fwd,complete_route_then_single_full_gemm,branch_masked_v1,1
qkv,artificial_small,artificial,Mx4096x4096 QKV stress shape,4096,4,1024,4096,4096,1024,4096,4096,4096,4096,1024,16,8,128,10,50,per-sample max-rank CUDA-event critical path,v10_backward_te_userbuffers_v3,complete_route_then_single_full_gemm,2.19.0.dev0+a7aec214,/tmp/TransformerEngine-v10-clean/transformer_engine/__init__.py,2.9.0+cu128,12.8,2.27.5,NVIDIA L20X|NVIDIA L20X|NVIDIA L20X|NVIDIA L20X,132|132|132|132,:4096:8,0.1469279975,0.1500447989,467.70852325813536,0.2382880002260208,0.261721596121788,288.3883228312724,,,380.6245307204992,0.1085920036,632.8226246669971,1.6218011834403503,122.87923807033442,73.90831253927627,75.76714046395558,45.57174658270596,c20/s1/push/sm/b1024/w4/rev,complete_route_then_single_full_gemm,branch_masked_v1,0,0.1564799994,0.1593967974,439.1582119088377,0.254831999540329,0.2751136012375355,269.665806727403,0.17148799449205399,0.0833440013229847,380.6245307204992,0.1142719984,601.3675939704227,1.628527610668747,115.37832600477373,73.02658412459068,70.84824675302508,44.84209149797753,c20/s1/push/sm/b512/w4/fwd,complete_route_then_single_full_gemm,branch_masked_v1,1,0.1394239962,0.1409024,492.88127301575645,0.15627200156450272,0.15840959921479225,439.74273093082127,,,415.05290380092214,0.1085920036,632.8226246669971,1.12084006931156,118.75143349247938,77.88616490681251,105.94859761341206,69.48909754328427,c16/s3/push/sm/b1024/w4/fwd,complete_route_then_single_full_gemm,branch_masked_v1,0,0.149616003,0.1510927975,459.3056582055598,0.16078399866819382,0.16287999972701073,427.40246109822647,0.1008480004966259,0.0597120001912117,415.05290380092214,0.1142719984,601.3675939704227,1.074644392606811,110.66195513858234,76.37685548918186,102.97541763573054,71.07174802625755,c20/s3/push/sm/b512/w4/fwd,complete_route_then_single_full_gemm,branch_masked_v1,1
qkv,artificial_small,artificial,Mx4096x4096 QKV stress shape,16384,4,4096,4096,4096,4096,4096,4096,4096,4096,4096,16,8,128,10,50,per-sample max-rank CUDA-event critical path,v10_backward_te_userbuffers_v3,complete_route_then_single_full_gemm,2.19.0.dev0+a7aec214,/tmp/TransformerEngine-v10-clean/transformer_engine/__init__.py,2.9.0+cu128,12.8,2.27.5,NVIDIA L20X|NVIDIA L20X|NVIDIA L20X|NVIDIA L20X,132|132|132|132,:4096:8,0.3976959884,0.399396807,691.1759609391122,0.5728319883346558,0.5924288004636764,479.8578161515184,,,581.1077255789518,0.3511199951,782.8603063910215,1.4403765817182574,118.9411068748915,88.28854334503518,82.57639591238284,61.295458747124165,c16/s3/push/sm/b1024/w4/fwd,complete_route_then_single_full_gemm,branch_masked_v1,0,0.4106559753,0.4128704071,669.3629789343528,0.5985279977321625,0.6198272034525871,459.2565560600661,0.38606399297714233,0.2101600021123886,581.1077255789518,0.3544960022,775.4048148303772,1.4574924845423587,115.18741697461914,86.32432584014565,79.03122533821305,59.227973218160926,c16/s3/push/sm/b1024/w4/fwd,complete_route_then_single_full_gemm,branch_masked_v1,1,0.3893759847,0.3909983933,705.9446852013316,0.5095999836921692,0.5132192194461822,539.399363697868,,,600.4008349655913,0.3511199951,782.8603063910215,1.308760693304692,117.57889797768001,90.1750515945469,89.83987567718502,68.90110014448094,c20/s3/push/sm/b1024/w4/fwd,complete_route_then_single_full_gemm,branch_masked_v1,0,0.4002720118,0.4016447663,686.7277722164235,0.5219520032405853,0.5247631907463074,526.6344515154576,0.33427199721336365,0.18771199882030487,600.4008349655913,0.3544960022,775.4048148303772,1.3039932542207922,114.3782173880187,88.5637745706606,87.71381064878744,67.91735638508524,c20/s3/push/sm/b1024/w4/fwd,complete_route_then_single_full_gemm,branch_masked_v1,1
qkv,artificial_small,artificial,Mx4096x4096 QKV stress shape,131072,4,32768,4096,4096,32768,4096,4096,4096,4096,32768,16,8,128,10,50,per-sample max-rank CUDA-event critical path,v10_backward_te_userbuffers_v3,complete_route_then_single_full_gemm,2.19.0.dev0+a7aec214,/tmp/TransformerEngine-v10-clean/transformer_engine/__init__.py,2.9.0+cu128,12.8,2.27.5,NVIDIA L20X|NVIDIA L20X|NVIDIA L20X|NVIDIA L20X,132|132|132|132,:4096:8,2.985008001,3.012939215,736.6892332668156,4.0747199058532715,4.098899245262146,539.6747031355793,,,726.0684782219301,2.874815941,764.9266251066749,1.3650616361792698,101.46277594516906,96.30848359659052,74.32834771414251,70.55247986175372,c24/s2/pull/ce/b1024/w4/rev,complete_route_then_single_full_gemm,branch_masked_v1,0,2.939248085,2.976569653,748.1584377903916,4.076063930988312,4.19071524143219,539.4967529419513,2.6235839128494263,1.453440010547638,726.0684782219301,2.88481617,762.2750033157225,1.3867709744508727,103.04240718761922,98.14810069018044,74.30383897991625,70.77455650457688,c24/s2/push/sm/b1024/w4/rev,complete_route_then_single_full_gemm,branch_masked_v1,1,2.970432043,3.000697613,740.3041792301321,4.082367897033691,4.127836966514588,538.6636655529852,,,734.6690742113417,2.874815941,764.9266251066749,1.374334722335774,100.7670263002209,96.78107088073854,73.32058534398416,70.42030540875268,c20/s3/push/sm/b1024/w4/fwd,complete_route_then_single_full_gemm,branch_masked_v1,0,2.920207977,3.018807888,753.0365209847517,4.0775840282440186,4.146487879753113,539.2956320017256,2.5722559690475464,1.498687982559204,734.6690742113417,2.88481617,762.2750033157225,1.3963334325362056,102.50009799216433,98.7880381370522,73.40660590356997,70.74817220240891,c24/s3/push/sm/b1024/w4/fwd,complete_route_then_single_full_gemm,branch_masked_v1,1
qkv,artificial_small,artificial,Mx4096x4096 QKV stress shape,262144,4,65536,4096,4096,65536,4096,4096,4096,4096,65536,16,8,128,10,50,per-sample max-rank CUDA-event critical path,v10_backward_te_userbuffers_v3,complete_route_then_single_full_gemm,2.19.0.dev0+a7aec214,/tmp/TransformerEngine-v10-clean/transformer_engine/__init__.py,2.9.0+cu128,12.8,2.27.5,NVIDIA L20X|NVIDIA L20X|NVIDIA L20X|NVIDIA L20X,132|132|132|132,:4096:8,5.924367905,5.949097633,742.3655285473023,8.141759872436523,8.314331436157225,540.1837661650208,,,686.05249253263,5.871568203,749.0412031417563,1.3742832995846033,108.20826928370849,99.1087707102822,78.73796422936668,72.11669583719691,c24/s2/push/sm/b1024/w4/fwd,complete_route_then_single_full_gemm,branch_masked_v1,0,5.903455734,5.938558578,744.995255198436,8.164239764213562,8.22658712863922,538.696392820557,5.033983945846558,3.1497920751571655,686.05249253263,5.873519897,748.7923065265135,1.3829594278471409,108.59158203014654,99.49290994378785,78.52116254718447,71.94203093771804,c24/s2/pull/ce/b1024/w4/fwd,complete_route_then_single_full_gemm,branch_masked_v1,1,5.914912224,5.944609642,743.5522869229986,8.115312099456787,8.26878113746643,541.9442231184665,,,694.93281098383,5.871568203,749.0412031417563,1.3720088806269304,106.99628441350137,99.26720770556611,77.98512525998383,72.35172388986769,c20/s3/pull/ce/b1024/w4/rev,complete_route_then_single_full_gemm,branch_masked_v1,0,5.882608414,5.925694466,747.6354367965585,8.123808026313782,8.191592168807983,541.3774546195962,5.009407997131348,3.1114879846572876,694.93281098383,5.873519897,748.7923065265135,1.3809873876663215,107.5838447947387,99.84550192091028,77.90356795114589,72.30008239947466,c20/s3/pull/ce/b1024/w4/rev,complete_route_then_single_full_gemm,branch_masked_v1,1
qkv,artificial_small,artificial,Mx4096x4096 QKV stress shape,524288,4,131072,4096,4096,131072,4096,4096,4096,4096,131072,16,8,128,10,50,per-sample max-rank CUDA-event critical path,v10_backward_te_userbuffers_v3,complete_route_then_single_full_gemm,2.19.0.dev0+a7aec214,/tmp/TransformerEngine-v10-clean/transformer_engine/__init__.py,2.9.0+cu128,12.8,2.27.5,NVIDIA L20X|NVIDIA L20X|NVIDIA L20X|NVIDIA L20X,132|132|132|132,:4096:8,11.80630398,12.12124157,745.0335885903559,16.31595230102539,20.053520107269286,539.1099986027295,,,695.7366736092758,11.71967983,750.540385897897,1.3819695248118955,107.08557085618934,99.26628900842515,77.48765000499205,71.82957889171732,c24/s2/pull/ce/b1024/w4/rev,complete_route_then_single_full_gemm,branch_masked_v1,0,11.66593552,11.70698261,753.9980833194251,16.582640171051025,16.981913924217224,530.4398413929098,9.99883222579956,6.581664085388184,695.7366736092758,12.05319977,729.7724413479956,1.421458239900423,108.37406046283377,103.31961589652265,76.24146627791589,72.68564984628776,c24/s2/pull/ce/b1024/w4/rev,complete_route_then_single_full_gemm,branch_masked_v1,1,11.8854723,12.07905579,740.0709706931882,16.49244785308838,19.532444572448732,533.3406599530853,,,693.1383824190079,11.71967983,750.540385897897,1.387614007824357,106.77102718080458,98.60508303065079,76.94576919716393,71.06088759168259,c20/s3/pull/ce/b1024/w4/rev,complete_route_then_single_full_gemm,branch_masked_v1,0,11.6992321,11.91481876,751.852168332313,16.55444836616516,16.685351943969728,531.3431669632623,9.958159923553467,6.576495885848999,693.1383824190079,12.05319977,729.7724413479956,1.415002986919557,108.47071629598663,103.02556327607178,76.65758821621004,72.80943166088792,c20/s3/push/sm/b1024/w4/fwd,complete_route_then_single_full_gemm,branch_masked_v1,1
qkv,llama31_405b,model,Llama 3.1 405B,1024,4,256,16384,18432,256,16384,18432,18432,16384,256,128,8,128,10,50,per-sample max-rank CUDA-event critical path,v10_backward_te_userbuffers_v3,complete_route_then_single_full_gemm,2.19.0.dev0+a7aec214,/tmp/TransformerEngine-v10-clean/transformer_engine/__init__.py,2.9.0+cu128,12.8,2.27.5,NVIDIA L20X|NVIDIA L20X|NVIDIA L20X|NVIDIA L20X,132|132|132|132,:4096:8,0.6632800102,0.6664144397,466.2248832416267,0.6779040098190308,0.7035791963338851,456.16730515364884,,,602.3233805860416,0.5036319494,614.0151467364393,1.0220480029461783,77.4044140189286,75.93051828113121,75.73461696104383,74.29251665504185,c4/s2/push/sm/b512/w4/fwd,complete_route_then_single_full_gemm,branch_masked_v1,0,0.8020640612,0.8061152101,385.55230220555853,0.90590400993824,0.9240320101380348,341.3580709650267,0.3447360098361969,0.5604960024356842,602.3233805860416,0.7306560278,423.2328668294331,1.1294659039863737,64.01084776593403,91.0969663329431,56.67355476602886,80.6549060148009,c4/s2/push/sm/b512/w4/fwd,complete_route_then_single_full_gemm,branch_masked_v1,1,0.6672160029,0.6721839905,463.47456291204605,0.5936799943447113,0.5966287881135941,520.8827116590455,,,621.538226529261,0.5036319494,614.0151467364393,0.8897868033205582,74.5689553963784,75.48259442384546,83.80541846439806,84.83222513770167,c20/s3/push/sm/b512/w4/fwd,complete_route_then_single_full_gemm,branch_masked_v1,0,0.7959200144,0.7994943857,388.5285452271446,0.8203520029783249,0.8276959836483002,376.9572624791538,0.28380799293518066,0.5364800095558167,621.538226529261,0.7306560278,423.2328668294331,1.030696537511678,62.51080442738518,91.8001827546454,60.64908743974209,89.066160032196,c20/s3/push/sm/b512/w4/fwd,complete_route_then_single_full_gemm,branch_masked_v1,1
qkv,llama31_405b,model,Llama 3.1 405B,4096,4,1024,16384,18432,1024,16384,18432,18432,16384,1024,128,8,128,10,50,per-sample max-rank CUDA-event critical path,v10_backward_te_userbuffers_v3,complete_route_then_single_full_gemm,2.19.0.dev0+a7aec214,/tmp/TransformerEngine-v10-clean/transformer_engine/__init__.py,2.9.0+cu128,12.8,2.27.5,NVIDIA L20X|NVIDIA L20X|NVIDIA L20X|NVIDIA L20X,132|132|132|132,:4096:8,1.926576018,1.937961578,642.0460805549174,1.9887840151786804,2.012339234352112,621.9632558424739,,,706.7061452399016,1.596895933,774.5968636316891,1.0322894070088442,90.8505019914558,82.8877717816583,88.00875159099395,80.29509091043899,c16/s2/push/sm/b512/w4/fwd,complete_route_then_single_full_gemm,branch_masked_v1,0,1.993407965,2.06580162,620.5205371736337,2.1080479621887207,2.14734400510788,586.7753501982529,1.09307199716568,1.0166879892349243,706.7061452399016,1.682543993,735.1668582778033,1.057509551081141,87.80460469365084,84.40540132987779,83.02960914526413,79.81526147313397,c16/s2/push/sm/b512/w4/fwd,complete_route_then_single_full_gemm,branch_masked_v1,1,1.932752013,1.957316756,639.994460193585,1.9974080324172974,2.050284779071808,619.2778646989925,,,700.6598780124848,1.596895933,774.5968636316891,1.0334528273583008,91.34167379599567,82.6229087983881,88.3849474092418,79.94840849154939,c16/s3/push/sm/b1024/w4/fwd,complete_route_then_single_full_gemm,branch_masked_v1,0,2.037616253,2.098961353,607.0576731152527,2.054256021976471,2.068027228116989,602.1404187282785,1.0203199982643127,1.030128002166748,700.6598780124848,1.682543993,735.1668582778033,1.0081662918383048,86.64084988528995,82.57413487563106,85.93904655085005,81.90527251716006,c16/s3/push/sm/b1024/w4/fwd,complete_route_then_single_full_gemm,branch_masked_v1,1
qkv,llama31_405b,model,Llama 3.1 405B,16384,4,4096,16384,18432,4096,16384,18432,18432,16384,4096,128,8,128,10,50,per-sample max-rank CUDA-event critical path,v10_backward_te_userbuffers_v3,complete_route_then_single_full_gemm,2.19.0.dev0+a7aec214,/tmp/TransformerEngine-v10-clean/transformer_engine/__init__.py,2.9.0+cu128,12.8,2.27.5,NVIDIA L20X|NVIDIA L20X|NVIDIA L20X|NVIDIA L20X,132|132|132|132,:4096:8,7.456975937,10.0140028,663.5132481039678,7.920560121536255,8.01767053604126,624.6783370204802,,,669.134117647895,6.523471832,758.4615144226165,1.062167853088548,99.15997863572024,87.48146550442597,93.35622269812166,82.36124379969635,c20/s2/push/sm/b1024/w4/fwd,complete_route_then_single_full_gemm,branch_masked_v1,0,7.41711998,7.457091331,667.0786421594329,7.898191928863525,8.023574280738831,626.4474666550603,4.1945600509643555,3.70251202583313,669.134117647895,6.667247772,742.1056625150424,1.0648596692733459,99.69281562032924,89.88998142106365,93.62061358597518,84.41486142714378,c20/s2/push/sm/b1024/w4/fwd,complete_route_then_single_full_gemm,branch_masked_v1,1,7.418288231,8.720592499,666.9735889090719,7.842895984649658,8.58084969520569,630.8642030540735,,,671.4062497245078,6.523471832,758.4615144226165,1.0572379692494667,99.3397945257056,87.9376970651978,93.96162208989422,83.17682453991392,c24/s3/push/sm/b1024/w4/fwd,complete_route_then_single_full_gemm,branch_masked_v1,0,7.648736,7.702897549,646.8784286700443,7.787343978881836,7.952384078502655,635.3645528449408,4.195039987564087,3.590351939201355,671.4062497245078,6.667247772,742.1056625150424,1.0181216842733016,96.34679881747783,87.16796830221358,94.6319092361211,85.61645395504067,c20/s3/push/sm/b1024/w4/fwd,complete_route_then_single_full_gemm,branch_masked_v1,1
qkv,llama31_405b,model,Llama 3.1 405B,131072,4,32768,16384,18432,32768,16384,18432,18432,16384,32768,128,8,128,10,50,per-sample max-rank CUDA-event critical path,v10_backward_te_userbuffers_v3,complete_route_then_single_full_gemm,2.19.0.dev0+a7aec214,/tmp/TransformerEngine-v10-clean/transformer_engine/__init__.py,2.9.0+cu128,12.8,2.27.5,NVIDIA L20X|NVIDIA L20X|NVIDIA L20X|NVIDIA L20X,132|132|132|132,:4096:8,59.60073853,64.11540222,664.1263107840889,64.51572799682617,69.99585342407225,613.5313020397638,,,658.5829759543982,53.50963211,739.7251118932427,1.0824652443585445,100.8417063653456,89.7801494239303,93.15930177980277,82.94044533238839,c24/s2/pull/ce/b1024/w4/rev,complete_route_then_single_full_gemm,branch_masked_v1,0,58.20722961,63.92572784,680.0258123457527,65.25889682769775,67.38001537322998,606.544402741667,36.16415977478027,29.107775688171387,658.5829759543982,53.14427185,744.81063004603,1.1211476180011544,103.25590505285687,91.30184034883155,92.09840291767055,81.43605612935222,c24/s3/push/sm/b1024/w4/fwd,complete_route_then_single_full_gemm,branch_masked_v1,1,59.88238525,65.52476501,661.0027044628454,64.58391952514648,67.1539695739746,612.8834993442003,,,655.6896238225629,53.50963211,739.7251118932427,1.0785128089924656,100.81030421212222,89.35788360234031,93.47158732986959,82.85287189664204,c20/s3/push/sm/b1024/w4/fwd,complete_route_then_single_full_gemm,branch_masked_v1,0,59.03499222,62.33620834,670.4907904862259,64.75411128997803,66.45302095413209,611.2726715170309,35.832624435424805,28.970911979675293,655.6896238225629,53.14427185,744.81063004603,1.0968767650322564,102.2573434329149,90.02164623305511,93.22591807285457,82.07088444471498,c20/s3/pull/ce/b1024/w4/fwd,complete_route_then_single_full_gemm,branch_masked_v1,1
qkv,llama31_405b,model,Llama 3.1 405B,262144,4,65536,16384,18432,65536,16384,18432,18432,16384,65536,128,8,128,10,50,per-sample max-rank CUDA-event critical path,v10_backward_te_userbuffers_v3,complete_route_then_single_full_gemm,2.19.0.dev0+a7aec214,/tmp/TransformerEngine-v10-clean/transformer_engine/__init__.py,2.9.0+cu128,12.8,2.27.5,NVIDIA L20X|NVIDIA L20X|NVIDIA L20X|NVIDIA L20X,132|132|132|132,:4096:8,118.8554993,122.7732773,666.0595232539821,130.64080047607422,132.74193420410157,605.9733016896998,,,642.2701019194766,107.5116806,736.3370822413875,1.0991565493013264,103.70395901403613,90.45578978944224,94.34867042365809,82.29563827549408,c24/s2/pull/ce/b1024/w4/fwd,complete_route_then_single_full_gemm,branch_masked_v1,0,118.8066711,124.2356796,666.3332661954535,130.49998474121094,132.60443058013917,606.6271759101005,72.32696151733398,58.27908897399902,642.2701019194766,107.91259,733.6014935780154,1.098423039152142,103.7465801699413,90.83041297333345,94.45047715861998,82.69164951551294,c24/s2/pull/ce/b1024/w4/fwd,complete_route_then_single_full_gemm,branch_masked_v1,1,119.3219147,122.8540421,663.4559745283069,130.1898422241211,133.26921844482422,608.0723030879027,,,642.8758251858428,107.5116806,736.3370822413875,1.0910807335890085,103.20126353118269,90.10220869343794,94.58627611516125,82.58069812767668,c20/s3/pull/ce/b1024/w4/rev,complete_route_then_single_full_gemm,branch_masked_v1,0,119.1640015,123.2399368,664.3351700460647,129.29578971862793,133.2380916595459,612.2769919434318,71.78128051757812,57.90033531188965,642.8758251858428,107.91259,733.6014935780154,1.085023900599947,103.33802330395896,90.55804491426045,95.24031981859552,83.46179735228671,c20/s3/push/sm/b1024/w4/rev,complete_route_then_single_full_gemm,branch_masked_v1,1
qkv,llama31_405b,model,Llama 3.1 405B,524288,4,131072,16384,18432,131072,16384,18432,18432,16384,131072,128,8,128,10,50,per-sample max-rank CUDA-event critical path,v10_backward_te_userbuffers_v3,complete_route_then_single_full_gemm,2.19.0.dev0+a7aec214,/tmp/TransformerEngine-v10-clean/transformer_engine/__init__.py,2.9.0+cu128,12.8,2.27.5,NVIDIA L20X|NVIDIA L20X|NVIDIA L20X|NVIDIA L20X,132|132|132|132,:4096:8,236.1638184,240.2147369,670.4230795065091,262.1355438232422,266.1882736206055,603.9992596597491,,,631.5983016382243,216.4128113,731.609526481596,1.1099733464643295,106.14706812345474,91.63673452021048,95.63028559340812,82.55759907398404,c20/s2/pull/ce/b1024/w4/fwd,complete_route_then_single_full_gemm,branch_masked_v1,0,236.0654602,240.7554779,670.7024156164291,262.2419242858887,265.5725894927979,603.7542426936186,145.0182876586914,116.95636749267578,631.5983016382243,217.2326202,728.8485230900143,1.1108864637110036,106.19129498555925,92.02219588412284,95.59149242922528,82.83672444501254,c20/s2/pull/ce/b1024/w4/fwd,complete_route_then_single_full_gemm,branch_masked_v1,1,237.3714905,241.0849304,667.0121760041103,261.9825744628906,266.10776062011723,604.3519296058033,,,630.9292991930805,216.4128113,731.609526481596,1.1036817180995484,105.71900478503338,91.17051539936301,95.78758354996859,82.60580374236092,c20/s3/push/sm/b1024/w4/fwd,complete_route_then_single_full_gemm,branch_masked_v1,0,236.612793,240.6309509,669.1509465413562,262.36270904541016,264.95016822814944,603.4762904218222,145.30809783935547,117.11682891845703,630.9292991930805,217.2326202,728.8485230900143,1.1088272350743527,106.05799213908101,91.8093301066777,95.64879792294175,82.79858863722933,c20/s3/push/sm/b1024/w4/fwd,complete_route_then_single_full_gemm,branch_masked_v1,1
qkv,llama3_8b,model,Llama 3/3.1 8B,1024,4,256,4096,6144,256,4096,6144,6144,4096,256,32,8,128,10,50,per-sample max-rank CUDA-event critical path,v10_backward_te_userbuffers_v3,complete_route_then_single_full_gemm,2.19.0.dev0+a7aec214,/tmp/TransformerEngine-v10-clean/transformer_engine/__init__.py,2.9.0+cu128,12.8,2.27.5,NVIDIA L20X|NVIDIA L20X|NVIDIA L20X|NVIDIA L20X,132|132|132|132,:4096:8,0.09787200391,0.09980320185,263.301074326598,0.2021920010447502,0.24684160947799677,127.45214272990201,,,270.69120987898464,0.07065600157,364.7220788522749,2.065881896427497,97.2699019093784,72.1922498235277,47.08396064537184,34.94500336556936,c4/s2/push/sm/b512/w4/fwd,complete_route_then_single_full_gemm,branch_masked_v1,0,0.107664004,0.1097135991,239.35394206591093,0.2223680019378662,0.2364272065460682,115.88809339214446,0.15508799999952316,0.06631999835371971,270.69120987898464,0.07908800244,325.8370799736689,2.0653885577009214,88.4232414391722,73.45816568367641,42.81191599976721,35.56626931517722,c4/s3/push/sm/b512/w4/fwd,complete_route_then_single_full_gemm,branch_masked_v1,1,0.09174399823,0.09278559685,280.888170051143,0.0960800014436245,0.1249199967831372,268.21194201501527,,,300.5996248801666,0.07065600157,364.7220788522749,1.047261982225303,93.442621614421,77.01430385981992,89.22564095744877,73.53871826433915,c8/s3/push/sm/b512/w4/rev,complete_route_then_single_full_gemm,branch_masked_v1,0,0.1031199992,0.1044016033,249.90112466951996,0.10582400113344193,0.10839680004864931,243.51568169781066,0.06032000109553337,0.045423999428749084,300.5996248801666,0.07908800244,325.8370799736689,1.026221896377225,83.1342104199706,76.6951154514749,81.00997524361107,74.73541124217334,c8/s3/push/sm/b512/w4/rev,complete_route_then_single_full_gemm,branch_masked_v1,1
qkv,llama3_8b,model,Llama 3/3.1 8B,4096,4,1024,4096,6144,1024,4096,6144,6144,4096,1024,32,8,128,10,50,per-sample max-rank CUDA-event critical path,v10_backward_te_userbuffers_v3,complete_route_then_single_full_gemm,2.19.0.dev0+a7aec214,/tmp/TransformerEngine-v10-clean/transformer_engine/__init__.py,2.9.0+cu128,12.8,2.27.5,NVIDIA L20X|NVIDIA L20X|NVIDIA L20X|NVIDIA L20X,132|132|132|132,:4096:8,0.2072159946,0.2105984092,497.448159361343,0.2868319898843765,0.32780639529228206,359.37140465243004,,,458.2765104990161,0.1503199935,685.7319023500356,1.3842174222026802,108.54760127672111,72.5426595520151,78.41802850883879,52.406983461152564,c20/s1/push/sm/b512/w4/rev,complete_route_then_single_full_gemm,branch_masked_v1,0,0.222736001,0.2377696037,462.7865034893932,0.31547200307250023,0.3354463972151279,326.7459999621926,0.20059199631214142,0.11433599889278412,458.2765104990161,0.1601760089,643.5371677187544,1.416349407622256,100.98412047902393,71.91294096188788,71.29887578274517,50.77344656260642,c20/s1/push/sm/b512/w4/rev,complete_route_then_single_full_gemm,branch_masked_v1,1,0.2007519901,0.2024303973,513.4654707664589,0.23121599853038788,0.2332559995353222,445.81350667416154,,,483.44970272654035,0.1503199935,685.7319023500356,1.1517494716501337,106.20866408038661,74.87845745644739,92.21507514843432,65.0127994842208,c16/s3/push/sm/b1024/w4/fwd,complete_route_then_single_full_gemm,branch_masked_v1,0,0.2146560103,0.2173183858,480.2065172083374,0.2436159960925579,0.24636799842119217,423.1217028328334,0.15334400534629822,0.09030400216579437,483.44970272654035,0.1601760089,643.5371677187544,1.1349134634156475,99.32915761455386,74.61985745292687,87.52134926271098,65.74938077512108,c20/s3/push/sm/b512/w4/fwd,complete_route_then_single_full_gemm,branch_masked_v1,1
qkv,llama3_8b,model,Llama 3/3.1 8B,16384,4,4096,4096,6144,4096,4096,6144,6144,4096,4096,32,8,128,10,50,per-sample max-rank CUDA-event critical path,v10_backward_te_userbuffers_v3,complete_route_then_single_full_gemm,2.19.0.dev0+a7aec214,/tmp/TransformerEngine-v10-clean/transformer_engine/__init__.py,2.9.0+cu128,12.8,2.27.5,NVIDIA L20X|NVIDIA L20X|NVIDIA L20X|NVIDIA L20X,132|132|132|132,:4096:8,0.5772960186,0.5846351981,714.2208626622944,0.8576639890670776,0.8676991909742355,480.7440509009791,,,637.0464732339963,0.5061279535,814.649452899661,1.4856572043351306,112.11440494074455,87.6721711553477,75.4645180689031,59.01238246583486,c20/s2/push/sm/b1024/w4/fwd,complete_route_then_single_full_gemm,branch_masked_v1,0,0.5916799903,0.594393611,696.8578744853999,0.8867360055446625,0.9032416060566902,464.9826530532516,0.5900480151176453,0.2962239980697632,637.0464732339963,0.5231839418,788.0915820876212,1.4986749933778563,109.38885995989715,88.42346376032249,72.99038179942279,59.00109373348872,c20/s2/push/sm/b1024/w4/fwd,complete_route_then_single_full_gemm,branch_masked_v1,1,0.5762720108,0.5791552067,715.4899989739359,0.8075039982795715,0.8173856079578399,510.60658683357866,,,652.2349645629591,0.5061279535,814.649452899661,1.401254933687596,109.6981974054951,87.8279604101154,78.28568147611024,62.67807398828134,c16/s3/push/sm/b1024/w4/fwd,complete_route_then_single_full_gemm,branch_masked_v1,0,0.5895040035,0.5927456021,699.4301276462832,0.8149439841508865,0.8205408111214638,505.94503233937576,0.5382560193538666,0.27584001421928406,652.2349645629591,0.5231839418,788.0915820876212,1.38242315457131,107.2359143019798,88.74985389306183,77.57097669217912,64.19876113879414,c20/s3/push/sm/b1024/w4/fwd,complete_route_then_single_full_gemm,branch_masked_v1,1
qkv,llama3_8b,model,Llama 3/3.1 8B,131072,4,32768,4096,6144,32768,4096,6144,6144,4096,32768,32,8,128,10,50,per-sample max-rank CUDA-event critical path,v10_backward_te_userbuffers_v3,complete_route_then_single_full_gemm,2.19.0.dev0+a7aec214,/tmp/TransformerEngine-v10-clean/transformer_engine/__init__.py,2.9.0+cu128,12.8,2.27.5,NVIDIA L20X|NVIDIA L20X|NVIDIA L20X|NVIDIA L20X,132|132|132|132,:4096:8,4.524767876,4.554771423,728.9953813595365,6.5289599895477295,6.618824076652527,505.21597445973845,,,696.9850300224526,4.356800079,757.1003542776974,1.4429381061022475,104.59268850237038,96.28781405802219,72.48591471806266,66.73038410366797,c24/s2/pull/ce/b1024/w4/rev,complete_route_then_single_full_gemm,branch_masked_v1,0,4.514431953,4.55660677,730.6644374462232,6.624943971633911,6.753393507003784,497.89626862526984,4.334239959716797,2.3062559366226196,696.9850300224526,4.385199547,752.197214282892,1.4675033405324454,104.83215649878244,97.13734956367833,71.43571915873584,66.19225107074344,c24/s3/push/sm/b1024/w4/fwd,complete_route_then_single_full_gemm,branch_masked_v1,1,4.550767899,4.627812862,724.8303927020384,6.515024185180664,6.599176049232483,506.2966444285779,,,698.8089866950515,4.356800079,757.1003542776974,1.431631832204032,103.72367936051488,95.73769033479772,72.4513642595036,66.87312211227324,c24/s3/push/sm/b1024/w4/fwd,complete_route_then_single_full_gemm,branch_masked_v1,0,4.525887966,4.61379385,728.8149658382418,6.592671871185303,6.626608216762543,500.33354424098667,4.25167989730835,2.3400639295578003,698.8089866950515,4.385199547,752.197214282892,1.4566582117612459,104.29387425097389,96.89147367197556,71.5980409192024,66.5162718952609,c24/s3/push/sm/b1024/w4/fwd,complete_route_then_single_full_gemm,branch_masked_v1,1
qkv,llama3_8b,model,Llama 3/3.1 8B,262144,4,65536,4096,6144,65536,4096,6144,6144,4096,65536,32,8,128,10,50,per-sample max-rank CUDA-event critical path,v10_backward_te_userbuffers_v3,complete_route_then_single_full_gemm,2.19.0.dev0+a7aec214,/tmp/TransformerEngine-v10-clean/transformer_engine/__init__.py,2.9.0+cu128,12.8,2.27.5,NVIDIA L20X|NVIDIA L20X|NVIDIA L20X|NVIDIA L20X,132|132|132|132,:4096:8,8.915584564,9.672869682,739.9480896961184,13.111327648162842,13.261238813400269,503.1580282093233,,,683.5967729539204,8.839168549,746.3450583711683,1.4706077379496485,108.24335616721767,99.14289394653315,73.60450606504544,67.416273822114,c20/s2/pull/ce/b1024/w4/rev,complete_route_then_single_full_gemm,branch_masked_v1,0,8.864144325,8.960186005,744.242142814614,13.146047592163086,13.335916781425475,501.8291406908333,8.45689582824707,4.683839797973633,683.5967729539204,8.784560204,750.9846382124015,1.483058839090268,108.87151201703838,99.10217931836303,73.41010966484775,66.82282368456391,c20/s2/pull/ce/b1024/w4/rev,complete_route_then_single_full_gemm,branch_masked_v1,1,9.168239594,10.06178379,719.5568679262419,13.123791694641113,15.646084499359128,502.68016440323464,,,684.1571167457527,8.839168549,746.3450583711683,1.4314407428040776,105.17421368776678,96.41074994140256,73.47437483282678,67.35224662708819,c24/s3/push/sm/b1024/w4/fwd,complete_route_then_single_full_gemm,branch_masked_v1,0,8.835776329,8.915483475,746.6315942158567,13.202879667282104,13.5413037776947,499.6690065277288,8.445903778076172,4.71235203742981,684.1571167457527,8.784560204,750.9846382124015,1.4942523639885255,109.13159798253197,99.42035512112385,73.034248171596,66.53518342493805,c20/s3/pull/ce/b1024/w4/rev,complete_route_then_single_full_gemm,branch_masked_v1,1
qkv,llama3_8b,model,Llama 3/3.1 8B,524288,4,131072,4096,6144,131072,4096,6144,6144,4096,131072,32,8,128,10,50,per-sample max-rank CUDA-event critical path,v10_backward_te_userbuffers_v3,complete_route_then_single_full_gemm,2.19.0.dev0+a7aec214,/tmp/TransformerEngine-v10-clean/transformer_engine/__init__.py,2.9.0+cu128,12.8,2.27.5,NVIDIA L20X|NVIDIA L20X|NVIDIA L20X|NVIDIA L20X,132|132|132|132,:4096:8,18.27723312,23.6278019,721.8893279242694,26.858847618103027,28.759434318542482,491.23997130908435,,,685.371681186794,17.82761574,740.09557563596,1.4695248149301399,105.32815226246892,97.54001397778308,71.67497356448257,66.37520713280371,c24/s2/pull/ce/b1024/w4/rev,complete_route_then_single_full_gemm,branch_masked_v1,0,18.17593575,19.91565895,725.9125315356597,26.7695369720459,27.07143692970276,492.8788849463473,16.997360229492188,9.820752143859863,685.371681186794,17.81915283,740.4470717091885,1.4728010343041567,105.91516274478467,98.03705886229268,71.91410127901332,66.56503939013835,c24/s2/pull/ce/b1024/w4/rev,complete_route_then_single_full_gemm,branch_masked_v1,1,18.17348862,22.92273712,726.0102784443816,27.217087745666504,29.31334114074707,484.7741116392134,,,687.1122838247786,17.82761574,740.09557563596,1.4976259272374366,105.66108269860626,98.09682726727895,70.55238613123619,65.5015551501777,c20/s3/push/sm/b1024/w4/rev,complete_route_then_single_full_gemm,branch_masked_v1,0,18.12169647,20.33761215,728.0852295012531,26.616864681243896,27.23824534416199,495.70600036185004,16.897151947021484,9.691488265991211,687.1122838247786,17.81915283,740.4470717091885,1.4687843781793515,105.9630640640567,98.33048941912887,72.14337627651271,66.94685134179842,c20/s3/pull/ce/b1024/w4/rev,complete_route_then_single_full_gemm,branch_masked_v1,1
qkv,nanbeige42_3b,model,Nanbeige4.2-3B,1024,4,256,3072,8192,256,3072,8192,8192,3072,256,48,8,128,10,50,per-sample max-rank CUDA-event critical path,v10_backward_te_userbuffers_v3,complete_route_then_single_full_gemm,2.19.0.dev0+a7aec214,/tmp/TransformerEngine-v10-clean/transformer_engine/__init__.py,2.9.0+cu128,12.8,2.27.5,NVIDIA L20X|NVIDIA L20X|NVIDIA L20X|NVIDIA L20X,132|132|132|132,:4096:8,0.1031680033,0.105521597,249.78484560823134,0.19544000178575516,0.21649759635329247,131.85531897533096,,,265.0777966198426,0.08222399652,313.4097692482244,1.894385812793521,94.23076877557442,79.69912559119965,49.74212124013891,42.071221740028136,c12/s1/push/sm/b512/w4/fwd,complete_route_then_single_full_gemm,branch_masked_v1,0,0.113008,0.1147824004,228.03521676341498,0.2221439965069294,0.23503839671611784,116.00495255876139,0.15377600491046906,0.06803200021386147,265.0777966198426,0.07915200293,325.57361560123945,1.9657369080678306,86.02577042333284,70.04106163280477,43.76260631331872,35.630943970854055,c12/s1/push/sm/b512/w4/fwd,complete_route_then_single_full_gemm,branch_masked_v1,1,0.09699200094,0.09817440063,265.68999016672933,0.10008000209927559,0.10257919877767563,257.49203872355366,,,298.48271000127903,0.08222399652,313.4097692482244,1.031837688977938,89.01352784072176,84.77399757003096,86.26698635993029,82.15826818072695,c20/s3/push/sm/b512/w4/fwd,complete_route_then_single_full_gemm,branch_masked_v1,0,0.1076480001,0.1088431999,239.38952653148266,0.11092799715697765,0.1134384011849761,232.31108860220698,0.06548799946904182,0.04516800120472908,298.48271000127903,0.07915200293,325.57361560123945,1.030469651586009,80.20214186961009,73.52854010893975,77.8306685171853,71.35439650820483,c16/s3/push/sm/b512/w4/fwd,complete_route_then_single_full_gemm,branch_masked_v1,1
qkv,nanbeige42_3b,model,Nanbeige4.2-3B,4096,4,1024,3072,8192,1024,3072,8192,8192,3072,1024,48,8,128,10,50,per-sample max-rank CUDA-event critical path,v10_backward_te_userbuffers_v3,complete_route_then_single_full_gemm,2.19.0.dev0+a7aec214,/tmp/TransformerEngine-v10-clean/transformer_engine/__init__.py,2.9.0+cu128,12.8,2.27.5,NVIDIA L20X|NVIDIA L20X|NVIDIA L20X|NVIDIA L20X,132|132|132|132,:4096:8,0.2091360092,0.2108751982,492.8812379001827,0.2895680069923401,0.3055711999535561,355.97584199530286,,,433.1933234566633,0.151248008,681.5244476079315,1.3845918170668625,113.77858595955269,72.32040459152071,82.17482189125076,52.23229236232611,c16/s3/push/sm/b512/w4/fwd,complete_route_then_single_full_gemm,branch_masked_v1,0,0.2234240025,0.2292880118,461.36142021714966,0.31830400228500366,0.3356192003935575,323.8388910099369,0.20510400086641312,0.11246399953961372,433.1933234566633,0.1594719887,646.3781880710941,1.4246634145093864,106.50243095524169,71.37639059169572,74.75620548023838,50.10052891424584,c20/s3/push/sm/b512/w4/fwd,complete_route_then_single_full_gemm,branch_masked_v1,1,0.2026879936,0.2045744061,508.5610315301873,0.23560000211000443,0.2373824045062065,437.51788701543006,,,453.5659593990605,0.151248008,681.5244476079315,1.1623776915713888,112.12504399668593,74.62109881973788,96.46179964543794,64.19694679348115,c20/s3/push/sm/b1024/w4/fwd,complete_route_then_single_full_gemm,branch_masked_v1,0,0.2174559981,0.2199743986,474.0233242800581,0.24619200080633163,0.25340000316500666,418.69441235455844,0.15671999752521515,0.08956799656152725,453.5659593990605,0.1594719887,646.3781880710941,1.132146286869112,104.51033955636838,73.3352908603904,92.31169219782187,64.77545500166335,c24/s3/push/sm/b1024/w4/fwd,complete_route_then_single_full_gemm,branch_masked_v1,1
qkv,nanbeige42_3b,model,Nanbeige4.2-3B,16384,4,4096,3072,8192,4096,3072,8192,8192,3072,4096,48,8,128,10,50,per-sample max-rank CUDA-event critical path,v10_backward_te_userbuffers_v3,complete_route_then_single_full_gemm,2.19.0.dev0+a7aec214,/tmp/TransformerEngine-v10-clean/transformer_engine/__init__.py,2.9.0+cu128,12.8,2.27.5,NVIDIA L20X|NVIDIA L20X|NVIDIA L20X|NVIDIA L20X,132|132|132|132,:4096:8,0.5982879996,0.6017535925,689.1611743703106,0.8722240030765533,0.8909984022378921,472.71900218482267,,,612.6623584380815,0.5069760084,813.2867307020282,1.4578664517083744,112.48629279710522,84.73778660761225,77.15815990229436,58.12451923035461,c20/s2/push/sm/b1024/w4/rev,complete_route_then_single_full_gemm,branch_masked_v1,0,0.6099840403,0.6144351959,675.9469644701129,0.8994080275297165,0.9376479998230934,458.43137685623674,0.6032640039920807,0.2953920066356659,612.6623584380815,0.5135519505,802.8727376355278,1.4744779668126615,110.32944249967778,84.19104707189173,74.82610454883495,57.09888446409627,c20/s2/push/sm/b1024/w4/rev,complete_route_then_single_full_gemm,branch_masked_v1,1,0.595263958,0.6084159613,692.6622297128899,0.8206240236759186,0.8238463908433915,502.4430780969099,,,625.6932709282945,0.5069760084,813.2867307020282,1.3785884608789276,110.70316110084397,85.16826889761063,80.30181902891053,61.77932814214263,c24/s3/push/sm/b1024/w4/fwd,complete_route_then_single_full_gemm,branch_masked_v1,0,0.6053760052,0.6113168001,681.0921755641464,0.8271839916706085,0.8292576104402543,498.458462165438,0.5541120171546936,0.27300800383090973,625.6932709282945,0.5135519505,802.8727376355278,1.3663970566480068,108.85400358448167,84.83189721573721,79.66498687542416,62.08436764628547,c24/s3/push/sm/b1024/w4/fwd,complete_route_then_single_full_gemm,branch_masked_v1,1
qkv,nanbeige42_3b,model,Nanbeige4.2-3B,131072,4,32768,3072,8192,32768,3072,8192,8192,3072,32768,48,8,128,10,50,per-sample max-rank CUDA-event critical path,v10_backward_te_userbuffers_v3,complete_route_then_single_full_gemm,2.19.0.dev0+a7aec214,/tmp/TransformerEngine-v10-clean/transformer_engine/__init__.py,2.9.0+cu128,12.8,2.27.5,NVIDIA L20X|NVIDIA L20X|NVIDIA L20X|NVIDIA L20X,132|132|132|132,:4096:8,4.582496166,4.650341988,719.8118151852699,6.579295873641968,6.643283319473267,501.35074431636656,,,615.181616094993,4.35544014,757.3367506614384,1.435744981623181,117.00801785242562,95.04514531436708,81.49637947551258,66.19918337232411,c20/s2/pull/ce/b1024/w4/fwd,complete_route_then_single_full_gemm,branch_masked_v1,0,4.630608082,4.711894512,712.3329862766823,6.723455905914307,6.774467277526856,490.6011029872947,4.404911994934082,2.3189600706100464,615.181616094993,4.374688148,754.0045762658555,1.4519596102398689,115.79230712360685,94.4732974704811,79.74898634024504,65.06606437549168,c20/s2/pull/ce/b1024/w4/fwd,complete_route_then_single_full_gemm,branch_masked_v1,1,4.526832104,4.626526356,728.662960663672,6.539711952209473,6.635059094429016,504.385347157924,,,605.4472985843778,4.35544014,757.3367506614384,1.4446552913749222,120.35117876772925,96.21386523594381,83.30788630773462,66.59987736200665,c20/s3/pull/ce/b1024/w4/rev,complete_route_then_single_full_gemm,branch_masked_v1,0,4.554351807,4.638596535,724.2600095711052,6.624047875404358,7.485215854644775,497.96362365914274,4.400399923324585,2.226431965827942,605.4472985843778,4.374688148,754.0045762658555,1.4544436082481051,119.62395591895917,96.05512119806251,82.24722859007758,66.04252007663744,c24/s3/push/sm/b1024/w4/fwd,complete_route_then_single_full_gemm,branch_masked_v1,1
qkv,nanbeige42_3b,model,Nanbeige4.2-3B,262144,4,65536,3072,8192,65536,3072,8192,8192,3072,65536,48,8,128,10,50,per-sample max-rank CUDA-event critical path,v10_backward_te_userbuffers_v3,complete_route_then_single_full_gemm,2.19.0.dev0+a7aec214,/tmp/TransformerEngine-v10-clean/transformer_engine/__init__.py,2.9.0+cu128,12.8,2.27.5,NVIDIA L20X|NVIDIA L20X|NVIDIA L20X|NVIDIA L20X,132|132|132|132,:4096:8,9.268144608,10.465765,711.8004784864487,13.237504005432129,13.366023778915405,498.36206009447346,,,605.8921132194389,8.768016815,752.4015870236445,1.4282798300326356,117.47973986726123,94.60379812623657,82.252607225138,66.23617874942259,c20/s2/pull/ce/b1024/w4/rev,complete_route_then_single_full_gemm,branch_masked_v1,0,9.087359428,9.152201653,725.9611352368312,13.446831941604614,13.576778745651247,490.6040170134505,8.75878381729126,4.697824001312256,605.8921132194389,8.75974369,753.1121914202948,1.479729292997061,119.81689799185524,96.39481919257481,80.97217413948513,65.1435500052416,c20/s2/pull/ce/b1024/w4/rev,complete_route_then_single_full_gemm,branch_masked_v1,1,9.162847519,9.829719543,719.9803066651906,13.182464122772217,15.8627299785614,500.44283869961816,,,610.7782440672705,8.768016815,752.4015870236445,1.4386864013001608,117.87916705590658,95.69096066281489,81.93527578308763,66.51273034647275,c20/s3/pull/ce/b1024/w4/fwd,complete_route_then_single_full_gemm,branch_masked_v1,0,9.298272133,9.679236412,709.4941589462297,13.422831773757935,13.585286164283753,491.4812222822819,8.647439956665039,4.800047874450684,610.7782440672705,8.75974369,753.1121914202948,1.4435834509639358,116.16231682084712,94.20829552741593,80.46803026404959,65.26002737459304,c20/s3/pull/ce/b1024/w4/fwd,complete_route_then_single_full_gemm,branch_masked_v1,1
qkv,nanbeige42_3b,model,Nanbeige4.2-3B,524288,4,131072,3072,8192,131072,3072,8192,8192,3072,131072,48,8,128,10,50,per-sample max-rank CUDA-event critical path,v10_backward_te_userbuffers_v3,complete_route_then_single_full_gemm,2.19.0.dev0+a7aec214,/tmp/TransformerEngine-v10-clean/transformer_engine/__init__.py,2.9.0+cu128,12.8,2.27.5,NVIDIA L20X|NVIDIA L20X|NVIDIA L20X|NVIDIA L20X,132|132|132|132,:4096:8,18.40167999,22.20260239,717.0073352260267,27.670720100402832,28.88126201629639,476.8267499160572,,,603.0828389863992,17.99747086,733.1107596143651,1.5037061896218111,118.8903561625299,97.80341180685862,79.0648844721663,65.04157027607674,c20/s2/pull/ce/b1024/w4/fwd,complete_route_then_single_full_gemm,branch_masked_v1,0,18.65486336,20.29658699,707.2761284118031,27.412335872650146,27.680617284774783,481.32124145159275,17.64523220062256,9.752240180969238,603.0828389863992,17.70447922,745.243018411247,1.469447154002105,117.27677902434124,94.90543499751477,79.8101372376221,64.58581020694454,c20/s2/pull/ce/b1024/w4/fwd,complete_route_then_single_full_gemm,branch_masked_v1,1,18.44987106,22.78420258,715.1345118024906,27.959312438964844,28.94719190597534,471.90500703888176,,,604.0325742867608,17.99747086,733.1107596143651,1.515420478985442,118.39336854422437,97.5479492592183,78.12575465753734,64.37021975876004,c20/s3/pull/ce/b1024/w4/rev,complete_route_then_single_full_gemm,branch_masked_v1,0,18.72787094,19.94585228,704.5189266619327,27.59972858428955,27.893780994415284,478.0532349445795,17.633407592773438,9.951071739196777,604.0325742867608,17.70447922,745.243018411247,1.4737248389159154,116.63591611658127,94.53546148796774,79.14361829062992,64.14729465882439,c20/s3/pull/ce/b1024/w4/rev,complete_route_then_single_full_gemm,branch_masked_v1,1
qkv,production_qwen_dense,model,current production Qwen dense,1024,4,256,2048,4096,256,2048,4096,4096,2048,256,16,8,128,10,50,per-sample max-rank CUDA-event critical path,v10_backward_te_userbuffers_v3,complete_route_then_single_full_gemm,2.19.0.dev0+a7aec214,/tmp/TransformerEngine-v10-clean/transformer_engine/__init__.py,2.9.0+cu128,12.8,2.27.5,NVIDIA L20X|NVIDIA L20X|NVIDIA L20X|NVIDIA L20X,132|132|132|132,:4096:8,0.05430399999,0.05488000065,158.18235477279435,0.17502400279045105,0.1889679953455925,49.07860896247683,,,115.90477675055553,0.03843200207,223.50994299891804,3.2230407119674696,136.4761308442244,70.77195432579036,42.34390534921728,21.95813228886842,c20/s1/push/sm/b512/w4/fwd,complete_route_then_single_full_gemm,branch_masked_v1,0,0.06054399908,0.06175199896,141.87920722992982,0.18135999888181686,0.20181439779698848,47.36399782179986,0.14049600064754486,0.040992001071572304,115.90477675055553,0.03920000046,219.1309819183609,2.995507426626647,122.41014668038675,64.74630195505084,40.86457793170535,21.61446884742465,c20/s1/push/sm/b512/w4/fwd,complete_route_then_single_full_gemm,branch_masked_v1,1,0.04891199991,0.04970239848,175.6201874346953,0.051024001091718674,0.05295360051095485,168.3508625001611,,,136.5388843402603,0.03843200207,223.50994299891804,1.0431796120707566,128.62283757720098,78.57376950588075,123.29884143525304,75.32141981754074,c8/s3/push/sm/b1024/w4/fwd,complete_route_then_single_full_gemm,branch_masked_v1,0,0.05406399816,0.05444959924,158.88456060127982,0.05489599984139204,0.057457600440829995,156.4765122562376,0.037151999771595,0.01772800087928772,136.5388843402603,0.03920000046,219.1309819183609,1.0153892000167979,116.3657967244944,72.50666209330161,114.60216114428763,71.40775388599968,c8/s3/push/sm/b1024/w4/fwd,complete_route_then_single_full_gemm,branch_masked_v1,1
qkv,production_qwen_dense,model,current production Qwen dense,4096,4,1024,2048,4096,1024,2048,4096,4096,2048,1024,16,8,128,10,50,per-sample max-rank CUDA-event critical path,v10_backward_te_userbuffers_v3,complete_route_then_single_full_gemm,2.19.0.dev0+a7aec214,/tmp/TransformerEngine-v10-clean/transformer_engine/__init__.py,2.9.0+cu128,12.8,2.27.5,NVIDIA L20X|NVIDIA L20X|NVIDIA L20X|NVIDIA L20X,132|132|132|132,:4096:8,0.0999519974,0.1019375995,343.7623985691355,0.19036799669265747,0.2154383972287178,180.49114853833655,,,270.873321608208,0.06412799656,535.7993421149847,1.9045942216724272,126.90891687973408,64.1587944494644,66.6330473103584,33.68633261584006,c8/s1/push/sm/b512/w4/rev,complete_route_then_single_full_gemm,branch_masked_v1,0,0.1019040048,0.103249602,337.1775077479585,0.20412800088524818,0.2274000009521842,168.32447395257418,0.15060800313949585,0.05315199866890907,270.873321608208,0.06486400217,529.719678381048,2.0031401247269547,124.47793150912554,63.65206381957621,62.14139988139519,31.77614138614119,c8/s1/push/sm/b512/w4/fwd,complete_route_then_single_full_gemm,branch_masked_v1,1,0.09396800399,0.09526559711,365.65359387283075,0.10739199817180634,0.11219040006399153,319.94691367071033,,,298.0960127632567,0.06412799656,535.7993421149847,1.1428570748744955,122.6630274197016,68.24450221037412,107.3301553767535,59.71394298615029,c16/s3/push/sm/b1024/w4/fwd,complete_route_then_single_full_gemm,branch_masked_v1,0,0.0959199965,0.09709760547,358.2124647804799,0.1118560004979372,0.11549280155450106,307.1783204749364,0.07921599969267845,0.03271999955177307,298.0960127632567,0.06486400217,529.719678381048,1.166138496449353,120.16680849232517,67.62302391243313,103.04677262452778,57.98884447973464,c16/s3/push/sm/b1024/w4/fwd,complete_route_then_single_full_gemm,branch_masked_v1,1
qkv,production_qwen_dense,model,current production Qwen dense,16384,4,4096,2048,4096,4096,2048,4096,4096,2048,4096,16,8,128,10,50,per-sample max-rank CUDA-event critical path,v10_backward_te_userbuffers_v3,complete_route_then_single_full_gemm,2.19.0.dev0+a7aec214,/tmp/TransformerEngine-v10-clean/transformer_engine/__init__.py,2.9.0+cu128,12.8,2.27.5,NVIDIA L20X|NVIDIA L20X|NVIDIA L20X|NVIDIA L20X,132|132|132|132,:4096:8,0.2374400049,0.2390751988,578.8365508579047,0.38763199746608734,0.396372789144516,354.56039328648063,,,483.6675083730173,0.1859360039,739.1734284335665,1.6325471254489825,119.67654242581258,78.3086253634086,73.30663878563333,47.96714541509617,c8/s3/push/sm/b1024/w4/fwd,complete_route_then_single_full_gemm,branch_masked_v1,0,0.2461279929,0.2630335987,558.4043970481669,0.4132479950785637,0.420315195992589,332.5822632142985,0.29468798637390137,0.11812799796462059,483.6675083730173,0.1875839978,732.6795200224697,1.6789963230491354,115.45212100902806,76.21400377494405,68.76258120646843,45.39259718957327,c8/s3/push/sm/b1024/w4/fwd,complete_route_then_single_full_gemm,branch_masked_v1,1,0.2298080027,0.2315967977,598.0599102609058,0.33350399136543274,0.3353488013148308,412.1058728841509,,,512.4036363621316,0.1859360039,739.1734284335665,1.451228797287801,116.71656245589917,80.90928153739183,80.42602425891118,55.75225745837117,c20/s3/push/sm/b1024/w4/rev,complete_route_then_single_full_gemm,branch_masked_v1,0,0.2373280078,0.2393807918,579.1097087361975,0.34431999921798706,0.41103520579636094,399.1605302745955,0.2465440034866333,0.09772799909114838,512.4036363621316,0.1875839978,732.6795200224697,1.450819068553219,113.01826678039471,79.0399749017739,77.89962872013976,54.47955338813812,c20/s3/push/sm/b1024/w4/rev,complete_route_then_single_full_gemm,branch_masked_v1,1
qkv,production_qwen_dense,model,current production Qwen dense,131072,4,32768,2048,4096,32768,2048,4096,4096,2048,32768,16,8,128,10,50,per-sample max-rank CUDA-event critical path,v10_backward_te_userbuffers_v3,complete_route_then_single_full_gemm,2.19.0.dev0+a7aec214,/tmp/TransformerEngine-v10-clean/transformer_engine/__init__.py,2.9.0+cu128,12.8,2.27.5,NVIDIA L20X|NVIDIA L20X|NVIDIA L20X|NVIDIA L20X,132|132|132|132,:4096:8,1.489520073,1.521872044,738.1650289287509,2.5431360006332397,2.554758441448212,432.3448008687786,,,698.6810767509643,1.342848063,818.7907910591372,1.7073526209762195,105.65121247614097,90.15306925642216,61.8801360528163,52.80284116404437,c24/s2/pull/ce/b1024/w4/rev,complete_route_then_single_full_gemm,branch_masked_v1,0,1.478991985,1.525056005,743.4195985693593,2.5681920051574707,2.6136159718036653,428.126723223166,1.85862398147583,0.7087520062923431,698.6810767509643,1.375040054,799.6215270802577,1.7364475475216796,106.40328231393356,92.97143378366584,61.27641601717033,53.54117025668758,c24/s2/push/sm/b1024/w4/rev,complete_route_then_single_full_gemm,branch_masked_v1,1,1.494544029,1.531561613,735.6836643425512,2.5160160064697266,2.5236640572547913,437.005021012862,,,706.4817400580366,1.342848063,818.7907910591372,1.683467303504731,104.13342944746395,89.85001692445957,61.85652030821951,53.37200000107222,c20/s3/push/sm/b1024/w4/fwd,complete_route_then_single_full_gemm,branch_masked_v1,0,1.503615975,1.542905569,731.2449761489133,2.480592042207718,2.492007949948311,443.245648243489,1.8000479936599731,0.6800000071525574,706.4817400580366,1.375040054,799.6215270802577,1.6497510557559205,103.50514877976073,91.44888567707589,62.73985909488289,55.431930386111354,c20/s3/push/sm/b1024/w4/fwd,complete_route_then_single_full_gemm,branch_masked_v1,1
qkv,production_qwen_dense,model,current production Qwen dense,262144,4,65536,2048,4096,65536,2048,4096,4096,2048,65536,16,8,128,10,50,per-sample max-rank CUDA-event critical path,v10_backward_te_userbuffers_v3,complete_route_then_single_full_gemm,2.19.0.dev0+a7aec214,/tmp/TransformerEngine-v10-clean/transformer_engine/__init__.py,2.9.0+cu128,12.8,2.27.5,NVIDIA L20X|NVIDIA L20X|NVIDIA L20X|NVIDIA L20X,132|132|132|132,:4096:8,2.981920004,3.004983902,737.4521290316949,5.06879997253418,5.184695935249328,433.8350827548209,,,583.1344344560409,2.890447855,760.789803472168,1.6998443840662398,126.46348516866519,96.93244121648812,74.39709561304001,57.02430300391005,c20/s2/pull/ce/b1024/w4/fwd,complete_route_then_single_full_gemm,branch_masked_v1,0,2.966464043,2.996024132,741.2944244987768,5.190079987049103,5.2471984207630165,423.6973728804298,3.645135998725891,1.5402079820632935,583.1344344560409,2.890592098,760.7518394150125,1.7495846610027839,127.1223890577257,97.44234401967434,72.65860972104363,55.694557795119636,c20/s2/pull/ce/b1024/w4/fwd,complete_route_then_single_full_gemm,branch_masked_v1,1,2.95855999,3.030963182,743.2748576958888,5.058207988739014,5.079707145690918,434.7435416747673,,,591.2421005364182,2.890447855,760.789803472168,1.7096857950610675,125.71412912266148,97.69779435839664,73.53054548726082,57.14371297967473,c20/s3/pull/ce/b1024/w4/rev,complete_route_then_single_full_gemm,branch_masked_v1,0,2.959743977,2.97151494,742.9775252996485,5.112447917461395,5.174121558666229,430.13118002460413,3.6100480556488037,1.5080799460411072,591.2421005364182,2.890592098,760.7518394150125,1.7273277544240089,125.66383967338673,97.66358578521064,72.75043161411502,56.54027473076604,c20/s3/pull/ce/b1024/w4/rev,complete_route_then_single_full_gemm,branch_masked_v1,1
qkv,production_qwen_dense,model,current production Qwen dense,524288,4,131072,2048,4096,131072,2048,4096,4096,2048,131072,16,8,128,10,50,per-sample max-rank CUDA-event critical path,v10_backward_te_userbuffers_v3,complete_route_then_single_full_gemm,2.19.0.dev0+a7aec214,/tmp/TransformerEngine-v10-clean/transformer_engine/__init__.py,2.9.0+cu128,12.8,2.27.5,NVIDIA L20X|NVIDIA L20X|NVIDIA L20X|NVIDIA L20X,132|132|132|132,:4096:8,5.954735756,5.988206387,738.5796265892272,10.066047668457031,10.139923429489135,436.91890362149974,,,574.5127233437374,5.878831863,748.115716454536,1.6904272634288546,128.55757524230265,98.72531887038785,76.05034420797087,58.40258318487711,c24/s2/pull/ce/b1024/w4/fwd,complete_route_then_single_full_gemm,branch_masked_v1,0,5.824192047,5.874444962,755.1341843834635,10.280400156974792,10.50321763753891,427.80888330695205,7.132800102233887,3.1400800943374634,574.5127233437374,5.880959988,747.844998108836,1.7651203933548436,131.43907065947752,100.9746921211027,74.46464907113801,57.20555521382143,c24/s2/pull/ce/b1024/w4/fwd,complete_route_then_single_full_gemm,branch_masked_v1,1,5.910896301,5.992614269,744.0574639010233,10.03169584274292,10.081073713302612,438.4150576380975,,,576.2566854491298,5.878831863,748.115716454536,1.6971530766062952,129.119103116541,99.45753678685625,76.07982149420103,58.602572836703736,c20/s3/pull/ce/b1024/w4/rev,complete_route_then_single_full_gemm,branch_masked_v1,0,5.95377636,6.022665501,738.6986418656815,10.166288018226624,10.197719812393188,432.61085100274204,7.024143934249878,3.140064001083374,576.2566854491298,5.880959988,747.844998108836,1.7075360919714868,128.1891664805495,98.77697166307402,75.07259558569262,57.84766256333013,c20/s3/pull/ce/b1024/w4/rev,complete_route_then_single_full_gemm,branch_masked_v1,1
qkv,qwen25_14b_32b,model,Qwen2.5 14B/32B,1024,4,256,5120,7168,256,5120,7168,7168,5120,256,40,8,128,10,50,per-sample max-rank CUDA-event critical path,v10_backward_te_userbuffers_v3,complete_route_then_single_full_gemm,2.19.0.dev0+a7aec214,/tmp/TransformerEngine-v10-clean/transformer_engine/__init__.py,2.9.0+cu128,12.8,2.27.5,NVIDIA L20X|NVIDIA L20X|NVIDIA L20X|NVIDIA L20X,132|132|132|132,:4096:8,0.1185439974,0.1201343983,317.0212297902483,0.2162720039486885,0.2329408049583435,173.76712266889731,,,317.14963879764946,0.0866080001,433.9202359667465,1.8244028267321488,99.95951153913087,73.05979383145045,54.79026346290929,40.04586748109484,c8/s3/push/sm/b512/w4/fwd,complete_route_then_single_full_gemm,branch_masked_v1,0,0.1350879967,0.1369552016,278.196174035054,0.2534080035984516,0.27216160036623477,148.3021976667734,0.16200000047683716,0.08991999924182892,317.14963879764946,0.1090719998,344.55189149287054,1.8758735771410817,87.7176386168143,80.74144443952659,46.760954301888525,43.04205007385428,c8/s3/push/sm/b512/w4/fwd,complete_route_then_single_full_gemm,branch_masked_v1,1,0.1120799929,0.1130976006,335.30483780035996,0.12041600048542023,0.12191999703645706,312.09277578148965,,,379.084923189957,0.0866080001,433.9202359667465,1.0743755185000572,88.45111406141069,77.2733811441917,82.32793147120282,71.92399660416088,c20/s3/push/sm/b1024/w4/fwd,complete_route_then_single_full_gemm,branch_masked_v1,0,0.1295360029,0.1309008002,290.11983540214675,0.1411679983139038,0.14374239929020405,266.2144699143092,0.07347200065851212,0.06774400174617767,379.084923189957,0.1090719998,344.55189149287054,1.0897973934156633,76.53162066188783,84.20207305933477,70.22554937667907,77.26396995264143,c20/s3/push/sm/b512/w4/fwd,complete_route_then_single_full_gemm,branch_masked_v1,1
qkv,qwen25_14b_32b,model,Qwen2.5 14B/32B,4096,4,1024,5120,7168,1024,5120,7168,7168,5120,1024,40,8,128,10,50,per-sample max-rank CUDA-event critical path,v10_backward_te_userbuffers_v3,complete_route_then_single_full_gemm,2.19.0.dev0+a7aec214,/tmp/TransformerEngine-v10-clean/transformer_engine/__init__.py,2.9.0+cu128,12.8,2.27.5,NVIDIA L20X|NVIDIA L20X|NVIDIA L20X|NVIDIA L20X,132|132|132|132,:4096:8,0.2795520127,0.2812688053,537.7312576222421,0.3534719944000244,0.37032480686903,425.2779788541845,,,551.1051898689279,0.214320004,701.3990880664597,1.2644229994485903,97.5732523495439,76.6655199259812,77.16820430512193,60.632810348605425,c16/s3/push/sm/b512/w4/fwd,complete_route_then_single_full_gemm,branch_masked_v1,0,0.3002240062,0.3145056069,500.7056473020977,0.39132799953222275,0.40596320331096647,384.1377451643912,0.23745600134134293,0.15246400237083435,551.1051898689279,0.2299679965,653.6729355730157,1.3034533929692886,90.85482345415456,76.59880347702854,69.70316234106825,58.76604709473746,c8/s3/push/sm/b512/w4/fwd,complete_route_then_single_full_gemm,branch_masked_v1,1,0.270976007,0.272913605,554.7496880784726,0.3006559908390045,0.30278239250183103,499.9862299118314,,,580.3113670499642,0.214320004,701.3990880664597,1.109529932806946,95.59517865358463,79.09187472823008,86.15826921563352,71.28412888162413,c20/s3/push/sm/b1024/w4/fwd,complete_route_then_single_full_gemm,branch_masked_v1,0,0.2912319899,0.2929008007,516.1653272074147,0.3240319937467575,0.3275152012705803,463.91670656288164,0.19339200109243393,0.1308159977197647,580.3113670499642,0.2299679965,653.6729355730157,1.112625003379677,88.94627203864049,78.96385166305524,79.9427226320278,70.97076860864799,c20/s3/push/sm/b1024/w4/fwd,complete_route_then_single_full_gemm,branch_masked_v1,1
qkv,qwen25_14b_32b,model,Qwen2.5 14B/32B,16384,4,4096,5120,7168,4096,5120,7168,7168,5120,4096,40,8,128,10,50,per-sample max-rank CUDA-event critical path,v10_backward_te_userbuffers_v3,complete_route_then_single_full_gemm,2.19.0.dev0+a7aec214,/tmp/TransformerEngine-v10-clean/transformer_engine/__init__.py,2.9.0+cu128,12.8,2.27.5,NVIDIA L20X|NVIDIA L20X|NVIDIA L20X|NVIDIA L20X,132|132|132|132,:4096:8,0.8380320072,0.8833488226,717.5088973618381,1.138767957687378,1.2310528039932247,528.0227788118635,,,654.2874605866632,0.7362560034,816.6934037389746,1.3588597427110036,109.66263921953933,87.85535600960515,80.70195603908026,64.65373375056991,c8/s1/push/sm/b1024/w4/rev,complete_route_then_single_full_gemm,branch_masked_v1,0,0.8442239761,0.8658527732,712.2463214297237,1.1741280108690262,1.217913581430912,512.1208385063172,0.7546560168266296,0.41859200596809387,654.2874605866632,0.7556160092,795.768504265301,1.3907778552950603,108.85831753386991,89.50421103777036,78.27153496830383,64.35550486873521,c8/s1/push/ce/b1024/w4/rev,complete_route_then_single_full_gemm,branch_masked_v1,1,0.8152160048,0.8918079734,737.5903047775884,1.0888479948043823,1.11283997297287,552.2308203800533,,,664.6792629399298,0.7362560034,816.6934037389746,1.3356558119482866,110.96935708738184,90.31422335490437,83.08230016647308,67.61788669430139,c24/s3/push/sm/b1024/w4/fwd,complete_route_then_single_full_gemm,branch_masked_v1,0,0.8377919793,0.8462367654,717.7144640873742,1.1123680025339127,1.1242719933390617,540.5544029226679,0.701200008392334,0.4107680022716522,664.6792629399298,0.7556160092,795.768504265301,1.3277377081878117,107.97906661219811,90.19136347322632,81.32560064109002,67.9285998409473,c24/s3/push/sm/b1024/w4/fwd,complete_route_then_single_full_gemm,branch_masked_v1,1
qkv,qwen25_14b_32b,model,Qwen2.5 14B/32B,131072,4,32768,5120,7168,32768,5120,7168,7168,5120,32768,40,8,128,10,50,per-sample max-rank CUDA-event critical path,v10_backward_te_userbuffers_v3,complete_route_then_single_full_gemm,2.19.0.dev0+a7aec214,/tmp/TransformerEngine-v10-clean/transformer_engine/__init__.py,2.9.0+cu128,12.8,2.27.5,NVIDIA L20X|NVIDIA L20X|NVIDIA L20X|NVIDIA L20X,132|132|132|132,:4096:8,6.702032089,6.773217678,717.7469919034284,8.904688358306885,9.052337217330932,540.205695916643,,,679.1781407632935,6.330191612,759.9080195931357,1.3286549870332744,105.678753308637,94.45182487845291,79.53814522203756,71.08830042429028,c20/s2/push/sm/b1024/w4/fwd,complete_route_then_single_full_gemm,branch_masked_v1,0,6.596112251,6.763407707,729.2725151532597,9.063024044036865,9.13242084980011,530.768024905003,5.606672048568726,3.4543039798736572,679.1781407632935,6.33998394,758.7343149515928,1.3739948168199942,107.37573419746221,96.11698071146121,78.14857296621767,69.9543983243813,c20/s2/pull/ce/b1024/w4/fwd,complete_route_then_single_full_gemm,branch_masked_v1,1,6.717743874,7.609806061,716.0682904475974,8.889999866485596,9.108067655563353,541.0982501422284,,,683.4580188335957,6.330191612,759.9080195931357,1.3233609427851187,104.77136425579658,94.23091637208793,79.17066377620068,71.2057559850387,c24/s3/push/sm/b1024/w4/fwd,complete_route_then_single_full_gemm,branch_masked_v1,0,6.631936073,6.670387268,725.3331935909329,9.018272042274475,9.059432077407838,533.4018921774277,5.5391199588775635,3.4731199741363525,683.4580188335957,6.33998394,758.7343149515928,1.359824935434729,106.12695638991877,95.59778427013796,78.04457296261488,70.30153792522995,c24/s3/push/sm/b1024/w4/fwd,complete_route_then_single_full_gemm,branch_masked_v1,1
qkv,qwen25_14b_32b,model,Qwen2.5 14B/32B,262144,4,65536,5120,7168,65536,5120,7168,7168,5120,65536,40,8,128,10,50,per-sample max-rank CUDA-event critical path,v10_backward_te_userbuffers_v3,complete_route_then_single_full_gemm,2.19.0.dev0+a7aec214,/tmp/TransformerEngine-v10-clean/transformer_engine/__init__.py,2.9.0+cu128,12.8,2.27.5,NVIDIA L20X|NVIDIA L20X|NVIDIA L20X|NVIDIA L20X,132|132|132|132,:4096:8,13.47671986,14.12814713,713.877474859079,18.296527862548828,21.86242990493774,525.8225394082924,,,681.731557936098,12.98875237,740.6967558532336,1.3576395482445556,104.71533355743438,96.3791820630751,77.1304384089522,70.99025819312244,c24/s3/push/sm/b1024/w4/fwd,complete_route_then_single_full_gemm,branch_masked_v1,0,13.19056034,13.36234283,729.3645224354435,18.429824113845825,18.72081587314606,522.0194551836341,11.13814401626587,7.2759199142456055,681.731557936098,13.30825615,722.9141545370691,1.397197968759364,106.98705582055662,100.89227301165585,76.57258184790757,72.21043493302722,c24/s2/pull/ce/b1024/w4/fwd,complete_route_then_single_full_gemm,branch_masked_v1,1,13.24030399,13.42857361,726.6243094045457,18.34391975402832,21.12064323425293,524.4640661343544,,,677.5831901799763,12.98875237,740.6967558532336,1.385460618418046,107.23765287204708,98.10010691453921,77.4021660713054,70.80685341063855,c20/s3/pull/ce/b1024/w4/rev,complete_route_then_single_full_gemm,branch_masked_v1,0,13.59564877,13.79443932,707.6327805899917,18.034207582473755,18.697521448135376,533.4709994349706,11.085776329040527,6.941648006439209,677.5831901799763,13.30825615,722.9141545370691,1.3264690701827946,104.43481934698436,97.88614265591976,78.73143949944695,73.79451572318268,c20/s3/pull/ce/b1024/w4/rev,complete_route_then_single_full_gemm,branch_masked_v1,1
qkv,qwen25_14b_32b,model,Qwen2.5 14B/32B,524288,4,131072,5120,7168,131072,5120,7168,7168,5120,131072,40,8,128,10,50,per-sample max-rank CUDA-event critical path,v10_backward_te_userbuffers_v3,complete_route_then_single_full_gemm,2.19.0.dev0+a7aec214,/tmp/TransformerEngine-v10-clean/transformer_engine/__init__.py,2.9.0+cu128,12.8,2.27.5,NVIDIA L20X|NVIDIA L20X|NVIDIA L20X|NVIDIA L20X,132|132|132|132,:4096:8,27.37425613,30.16261482,702.9032458344285,37.51822471618652,38.74607830047607,512.8561820724593,,,680.5140765781358,26.42280006,728.2140213144389,1.3705659996024346,103.29003763873237,96.52426694087487,75.3630526867689,70.42657337835173,c20/s1/pull/ce/b1024/w4/rev,complete_route_then_single_full_gemm,branch_masked_v1,0,26.8125267,28.17459297,717.6292522285862,36.745952129364014,37.768146276474,523.6346419420709,22.283952713012695,14.365071773529053,680.5140765781358,26.84124756,716.8613695420945,1.3704770363683783,105.45399087658534,100.10711731990556,76.94692291672938,73.04545400131549,c20/s1/push/ce/b1024/w4/rev,complete_route_then_single_full_gemm,branch_masked_v1,1,27.23740768,32.84827805,706.4348308083921,37.71280097961426,39.889962577819816,510.2101404899894,,,681.0158280572573,26.42280006,728.2140213144389,1.3845958258100375,103.73251277046643,97.00923219430257,74.91898418065736,70.06321295064481,c24/s3/push/sm/b1024/w4/fwd,complete_route_then_single_full_gemm,branch_masked_v1,0,27.07332802,27.68488121,710.7162249083553,36.891104221343994,37.71703400611877,521.5743440649716,22.470720291137695,14.538703918457031,681.0158280572573,26.84124756,716.8613695420945,1.3626364735835677,104.3611903905119,99.1427708487536,76.58769775628762,72.75804865843655,c20/s3/pull/ce/b1024/w4/fwd,complete_route_then_single_full_gemm,branch_masked_v1,1
qkv,artificial_large,artificial,Mx7168x16384 QKV stress shape,1024,8,128,16384,7168,128,16384,7168,7168,16384,128,40,8,128,10,50,per-sample max-rank CUDA-event critical path,v10_backward_te_userbuffers_v3,complete_route_then_single_full_gemm,2.19.0.dev0+a7aec214,/tmp/TransformerEngine-v10-clean/transformer_engine/__init__.py,2.9.0+cu128,12.8,2.27.5,NVIDIA L20X|NVIDIA L20X|NVIDIA L20X|NVIDIA L20X|NVIDIA L20X|NVIDIA L20X|NVIDIA L20X|NVIDIA L20X,132|132|132|132|132|132|132|132,:4096:8,0.227760002,0.2303104103,264.0039586230773,0.369391992688179,0.5700480058789247,162.7797660323356,,,298.07236370911903,0.1860000044,323.27710065366,1.6218475124889533,88.57042475789935,81.66491164677808,54.61082134779463,50.35301470571162,c16/s1/push/sm/b512/w4/fwd,complete_route_then_single_full_gemm,branch_masked_v1,0,0.286303997,0.2914111912,210.0199185972245,0.4755199924111366,0.49150240346789364,126.45008223337062,0.2390879988670349,0.23636800050735474,298.07236370911903,0.2883520126,208.5282554535567,1.6608919099761525,70.45937301392269,100.71532902839634,42.42261196572049,60.63930375206803,c16/s3/push/sm/b512/w4/fwd,complete_route_then_single_full_gemm,branch_masked_v1,1,0.2133280039,0.2161920071,281.86427025392516,0.23369600623846054,0.23689920082688332,257.29811609465224,,,328.6198173120855,0.1860000044,323.27710065366,1.0954773961509914,85.77214623250877,87.18968021056891,78.29659154435593,79.59057897215747,c24/s3/push/sm/b512/w4/fwd,complete_route_then_single_full_gemm,branch_masked_v1,0,0.2799519897,0.2818816006,214.78519301983013,0.33457600325345993,0.33875040076673035,179.71863361177319,0.11740799993276596,0.2170720025897026,328.6198173120855,0.2883520126,208.5282554535567,1.1951192188774786,65.35978103105442,103.00052266426165,54.68892140521671,86.18430783918394,c24/s3/push/sm/b512/w4/fwd,complete_route_then_single_full_gemm,branch_masked_v1,1
qkv,artificial_large,artificial,Mx7168x16384 QKV stress shape,4096,8,512,16384,7168,512,16384,7168,7168,16384,512,40,8,128,10,50,per-sample max-rank CUDA-event critical path,v10_backward_te_userbuffers_v3,complete_route_then_single_full_gemm,2.19.0.dev0+a7aec214,/tmp/TransformerEngine-v10-clean/transformer_engine/__init__.py,2.9.0+cu128,12.8,2.27.5,NVIDIA L20X|NVIDIA L20X|NVIDIA L20X|NVIDIA L20X|NVIDIA L20X|NVIDIA L20X|NVIDIA L20X|NVIDIA L20X,132|132|132|132|132|132|132|132,:4096:8,0.5660480261,0.5686032176,424.90770656535994,0.62676802277565,0.6384223937988281,383.7435220623769,,,493.02675088899144,0.4364799857,551.0405435664401,1.1072700440172951,86.18349933329094,77.11006232232491,77.83421921233226,69.63979811335028,c12/s3/push/sm/b512/w4/fwd,complete_route_then_single_full_gemm,branch_masked_v1,0,0.618448019,0.6218799949,388.90603767298995,0.686383992433548,0.7059648096561432,350.4134292573638,0.36958399415016174,0.31623999774456024,493.02675088899144,0.4726719856,508.8479450938715,1.1098491244961817,78.88132580468337,76.42873306705508,71.07391812422405,68.86407474687161,c8/s3/push/sm/b512/w4/fwd,complete_route_then_single_full_gemm,branch_masked_v1,1,0.5419360399,0.5441663861,443.812831898726,0.5176319777965546,0.5239311844110489,464.6509081603361,,,516.7899346802243,0.4364799857,551.0405435664401,0.9551532647507072,85.87876855096751,80.54086710685283,89.91098258286505,84.32245387118455,c20/s3/push/sm/b1024/w4/fwd,complete_route_then_single_full_gemm,branch_masked_v1,0,0.6084799767,0.6113168001,395.2770473737103,0.5620799958705902,0.5686543881893158,427.9073625516027,0.27215999364852905,0.28996799886226654,516.7899346802243,0.4726719856,508.8479450938715,0.9237444408917889,76.48698646158755,77.68077894090545,82.80102491090123,84.09336554806428,c20/s3/push/sm/b1024/w4/fwd,complete_route_then_single_full_gemm,branch_masked_v1,1
qkv,artificial_large,artificial,Mx7168x16384 QKV stress shape,16384,8,2048,16384,7168,2048,16384,7168,7168,16384,2048,40,8,128,10,50,per-sample max-rank CUDA-event critical path,v10_backward_te_userbuffers_v3,complete_route_then_single_full_gemm,2.19.0.dev0+a7aec214,/tmp/TransformerEngine-v10-clean/transformer_engine/__init__.py,2.9.0+cu128,12.8,2.27.5,NVIDIA L20X|NVIDIA L20X|NVIDIA L20X|NVIDIA L20X|NVIDIA L20X|NVIDIA L20X|NVIDIA L20X|NVIDIA L20X,132|132|132|132|132|132|132|132,:4096:8,1.626896024,1.64314878,591.3547394003589,1.7140479683876038,1.758060783147812,561.286902144878,,,588.8587527009612,1.473999977,652.6951759267225,1.0535694617860862,100.42386848933623,90.60197795406253,95.31774802877305,85.99525825327889,c20/s3/push/sm/b1024/w4/rev,complete_route_then_single_full_gemm,branch_masked_v1,0,1.680288076,1.69709444,572.564126381386,1.7719999849796295,1.8203343778848646,542.9304077082483,0.9588639736175537,0.814303994178772,588.8587527009612,1.486063957,647.3965469468686,1.0545810627889198,97.23284637532593,88.44102259760368,92.20044793729394,83.86365516911015,c20/s3/push/sm/b1024/w4/rev,complete_route_then_single_full_gemm,branch_masked_v1,1,1.601151943,1.623475194,600.8628216141758,1.6591839790344238,1.6858800292015075,579.8468924849951,,,593.6961326857435,1.473999977,652.6951759267225,1.036243928184412,101.20713080882166,92.0587195640058,97.66728475422308,88.83885064137412,c16/s3/push/sm/b1024/w4/rev,complete_route_then_single_full_gemm,branch_masked_v1,0,1.673807979,1.690572858,574.7807910909713,1.6992639899253845,1.707279998064041,566.1702242900145,0.9095999896526337,0.7906719744205475,593.6961326857435,1.486063957,647.3965469468686,1.01520844161622,96.81396920859102,88.7834193434682,95.36363690441975,87.45338957399161,c16/s3/push/sm/b1024/w4/fwd,complete_route_then_single_full_gemm,branch_masked_v1,1
qkv,artificial_large,artificial,Mx7168x16384 QKV stress shape,131072,8,16384,16384,7168,16384,16384,7168,7168,16384,16384,40,8,128,10,50,per-sample max-rank CUDA-event critical path,v10_backward_te_userbuffers_v3,complete_route_then_single_full_gemm,2.19.0.dev0+a7aec214,/tmp/TransformerEngine-v10-clean/transformer_engine/__init__.py,2.9.0+cu128,12.8,2.27.5,NVIDIA L20X|NVIDIA L20X|NVIDIA L20X|NVIDIA L20X|NVIDIA L20X|NVIDIA L20X|NVIDIA L20X|NVIDIA L20X,132|132|132|132|132|132|132|132,:4096:8,11.70166397,11.76252747,657.733926915353,12.51691198348999,12.57183346748352,614.894584589547,,,683.4922158191813,11.07721615,694.8118814520018,1.0696694090327727,96.23137055438788,94.66359808655486,89.96365581904712,88.49799506947902,c24/s3/push/sm/b1024/w4/fwd,complete_route_then_single_full_gemm,branch_masked_v1,0,11.73496056,11.79033947,655.8676831575137,12.583280086517334,12.716238260269165,611.6514407621502,6.9273598194122314,5.663632154464722,683.4922158191813,11.37710381,676.4974217486727,1.0722899341825598,95.95832519781385,96.95050743314982,89.4891597308203,90.41445260516991,c24/s3/push/sm/b1024/w4/fwd,complete_route_then_single_full_gemm,branch_masked_v1,1,11.7848959,11.90198708,653.0886195127104,12.406943798065186,13.516064310073848,620.3446650280024,,,684.5095594477733,11.07721615,694.8118814520018,1.0527834868753643,95.40971495556443,93.99502756744758,90.6261507185472,89.28239162111339,c24/s3/push/sm/b1024/w4/fwd,complete_route_then_single_full_gemm,branch_masked_v1,0,11.77080059,11.85617924,653.8706807224911,12.470096111297607,14.672145557403564,617.203053267495,6.866528034210205,5.595119953155518,684.5095594477733,11.37710381,676.4974217486727,1.059409342291611,95.52396627594214,96.65531008711106,90.16719266352135,91.23509320583837,c24/s3/push/sm/b1024/w4/rev,complete_route_then_single_full_gemm,branch_masked_v1,1
qkv,artificial_large,artificial,Mx7168x16384 QKV stress shape,262144,8,32768,16384,7168,32768,16384,7168,7168,16384,32768,40,8,128,10,50,per-sample max-rank CUDA-event critical path,v10_backward_te_userbuffers_v3,complete_route_then_single_full_gemm,2.19.0.dev0+a7aec214,/tmp/TransformerEngine-v10-clean/transformer_engine/__init__.py,2.9.0+cu128,12.8,2.27.5,NVIDIA L20X|NVIDIA L20X|NVIDIA L20X|NVIDIA L20X|NVIDIA L20X|NVIDIA L20X|NVIDIA L20X|NVIDIA L20X,132|132|132|132|132|132|132|132,:4096:8,23.40564728,27.99421501,657.6687499694732,25.05713653564453,29.25776634216308,614.3225011751348,,,686.3398385577588,22.07137489,697.4265475341215,1.0705594353314773,95.82261046531502,94.29935701397959,89.5070439836397,88.08418654941998,c24/s3/push/sm/b1024/w4/fwd,complete_route_then_single_full_gemm,branch_masked_v1,0,23.32641602,26.95084572,659.9026089419801,25.125120162963867,26.11944465637207,612.6602654643048,13.73095989227295,11.358752250671387,686.3398385577588,21.96886444,700.6808581711108,1.077110180210353,96.14808464691012,94.18019648266568,89.26485554907016,87.4378482471244,c24/s3/push/sm/b1024/w4/fwd,complete_route_then_single_full_gemm,branch_masked_v1,1,23.48897552,29.57462692,655.3356392984142,24.979007720947266,28.318049526214597,616.2439661666533,,,684.030626735436,22.07137489,697.4265475341215,1.0634353848118474,95.8050142324811,93.96482563152674,90.09011323187424,88.35969441448654,c24/s3/push/sm/b1024/w4/rev,complete_route_then_single_full_gemm,branch_masked_v1,0,23.36916733,26.62400246,658.6953900194441,24.96836805343628,27.451619243621828,616.5065636616771,13.665887832641602,11.28977632522583,684.030626735436,21.96886444,700.6808581711108,1.0684320797935885,96.29618386578603,94.00790421744138,90.12850295957941,87.98678549187971,c24/s3/push/sm/b1024/w4/rev,complete_route_then_single_full_gemm,branch_masked_v1,1
qkv,artificial_large,artificial,Mx7168x16384 QKV stress shape,524288,8,65536,16384,7168,65536,16384,7168,7168,16384,65536,40,8,128,10,50,per-sample max-rank CUDA-event critical path,v10_backward_te_userbuffers_v3,complete_route_then_single_full_gemm,2.19.0.dev0+a7aec214,/tmp/TransformerEngine-v10-clean/transformer_engine/__init__.py,2.9.0+cu128,12.8,2.27.5,NVIDIA L20X|NVIDIA L20X|NVIDIA L20X|NVIDIA L20X|NVIDIA L20X|NVIDIA L20X|NVIDIA L20X|NVIDIA L20X,132|132|132|132|132|132|132|132,:4096:8,46.64969635,51.73937988,659.946966144143,51.4567985534668,54.369018936157225,598.294616905463,,,680.6729475250414,43.90105438,701.2661999241942,1.103046805865582,96.95507490693451,94.10791026510078,87.89751657986264,85.31633450608881,c24/s3/push/sm/b1024/w4/fwd,complete_route_then_single_full_gemm,branch_masked_v1,0,47.02334595,50.91572571,654.7029981759093,51.129088401794434,53.42296991348266,602.129365886514,27.812960624694824,23.257999420166016,680.6729475250414,44.22092819,696.1935634967051,1.0873128521343436,96.18466556610483,94.0403693029845,88.46089272034162,86.48878666189562,c24/s3/push/sm/b1024/w4/fwd,complete_route_then_single_full_gemm,branch_masked_v1,1,47.35910416,53.88131714,650.0614005222349,51.11590576171875,52.68463382720947,602.284653259225,,,683.5917353760133,43.90105438,701.2661999241942,1.0793258586358943,95.09497656004649,92.69823650312898,88.10590036287304,85.88531050324842,c24/s3/push/sm/b1024/w4/fwd,complete_route_then_single_full_gemm,branch_masked_v1,0,47.13285065,50.83864594,653.1819135307912,50.990447998046875,53.476350402832026,603.766524642169,27.849008560180664,23.031472206115723,683.5917353760133,44.22092819,696.1935634967051,1.0818451949085934,95.55146437975951,93.82188342134575,88.32267761547233,86.72394522145369,c24/s3/push/sm/b1024/w4/fwd,complete_route_then_single_full_gemm,branch_masked_v1,1
qkv,artificial_medium,artificial,Mx5120x5120 QKV stress shape,1024,8,128,5120,5120,128,5120,5120,5120,5120,128,24,8,128,10,50,per-sample max-rank CUDA-event critical path,v10_backward_te_userbuffers_v3,complete_route_then_single_full_gemm,2.19.0.dev0+a7aec214,/tmp/TransformerEngine-v10-clean/transformer_engine/__init__.py,2.9.0+cu128,12.8,2.27.5,NVIDIA L20X|NVIDIA L20X|NVIDIA L20X|NVIDIA L20X|NVIDIA L20X|NVIDIA L20X|NVIDIA L20X|NVIDIA L20X,132|132|132|132|132|132|132|132,:4096:8,0.0934240073,0.09523040056,143.66513691604408,0.23438400030136108,0.2774496033787727,57.26403160088935,,,152.52014628647353,0.07169599831,187.2039321074348,2.5088198106158637,94.19420346358875,76.74258510424653,37.54522467696315,30.58911795080564,c16/s3/push/sm/b512/w4/fwd,complete_route_then_single_full_gemm,branch_masked_v1,0,0.1064160019,0.1078975946,126.1255127082537,0.2516479976475239,0.28051519952714443,53.335504059124254,0.18571200221776962,0.06473600119352341,152.52014628647353,0.08064000309,166.44062854288762,2.364757115043653,82.69432975192427,75.77808003516057,34.96948131622293,32.04476246337955,c16/s3/push/sm/b512/w4/fwd,complete_route_then_single_full_gemm,branch_masked_v1,1,0.08694399893,0.08870080113,154.37261875665604,0.09084799885749817,0.0925135999917984,147.73878311896607,,,187.8326909207549,0.07169599831,187.2039321074348,1.0449024656738108,82.18623605929417,82.46227363860223,78.65445700359788,78.91863245382046,c8/s3/push/sm/b1024/w4/fwd,complete_route_then_single_full_gemm,branch_masked_v1,0,0.100255996,0.1010559946,133.87501332089903,0.09364799968898296,0.10076160114258527,143.32151081256868,0.057583998888731,0.036079999059438705,187.8326909207549,0.08064000309,166.44062854288762,0.9340887670098351,71.27354278142127,80.43409502410209,76.30275119310028,86.10969092539702,c8/s3/push/sm/b512/w4/fwd,complete_route_then_single_full_gemm,branch_masked_v1,1
qkv,artificial_medium,artificial,Mx5120x5120 QKV stress shape,4096,8,512,5120,5120,512,5120,5120,5120,5120,512,24,8,128,10,50,per-sample max-rank CUDA-event critical path,v10_backward_te_userbuffers_v3,complete_route_then_single_full_gemm,2.19.0.dev0+a7aec214,/tmp/TransformerEngine-v10-clean/transformer_engine/__init__.py,2.9.0+cu128,12.8,2.27.5,NVIDIA L20X|NVIDIA L20X|NVIDIA L20X|NVIDIA L20X|NVIDIA L20X|NVIDIA L20X|NVIDIA L20X|NVIDIA L20X,132|132|132|132|132|132|132|132,:4096:8,0.158912003,0.1605039984,337.8416367956799,0.28830400109291077,0.3508607998490332,186.21694807037534,,,315.5984971127632,0.1222559959,439.1366722325314,1.8142367829377293,107.04792319558139,76.93314135622593,59.00438366277774,42.40523733161822,c4/s1/push/sm/b512/w4/fwd,complete_route_then_single_full_gemm,branch_masked_v1,0,0.1763200015,0.1779408008,304.4866761755331,0.3124000057578087,0.36017600186169146,171.85368185179058,0.21385600417852402,0.0976799987256527,315.5984971127632,0.1327359974,404.4651959649945,1.7717786019744828,96.47912742332868,75.28130460003428,54.45326369548184,42.489114901907186,c4/s1/push/sm/b512/w4/fwd,complete_route_then_single_full_gemm,branch_masked_v1,1,0.1494240016,0.1512496024,359.2936250209484,0.1746079996228218,0.17695039883255959,307.4721164893463,,,347.7143414217649,0.1222559959,439.1366722325314,1.1685405139278628,103.33011389516955,81.81817819822061,88.42664217763563,70.01740823106066,c12/s3/push/sm/b1024/w4/fwd,complete_route_then_single_full_gemm,branch_masked_v1,0,0.1696159989,0.1714079976,316.5213868277375,0.1857919991016388,0.2151040021330118,288.96341855189416,0.11035199835896492,0.07505599781870842,347.7143414217649,0.1327359974,404.4651959649945,1.0953683632826148,91.02914350139172,78.25676720405176,83.10368142146659,71.44333342760677,c12/s3/push/sm/b1024/w4/fwd,complete_route_then_single_full_gemm,branch_masked_v1,1
qkv,artificial_medium,artificial,Mx5120x5120 QKV stress shape,16384,8,2048,5120,5120,2048,5120,5120,5120,5120,2048,24,8,128,10,50,per-sample max-rank CUDA-event critical path,v10_backward_te_userbuffers_v3,complete_route_then_single_full_gemm,2.19.0.dev0+a7aec214,/tmp/TransformerEngine-v10-clean/transformer_engine/__init__.py,2.9.0+cu128,12.8,2.27.5,NVIDIA L20X|NVIDIA L20X|NVIDIA L20X|NVIDIA L20X|NVIDIA L20X|NVIDIA L20X|NVIDIA L20X|NVIDIA L20X,132|132|132|132|132|132|132|132,:4096:8,0.4463199973,0.4480879903,481.15335655833053,0.5699039995670319,0.5803151816129685,376.8149810549652,,,458.17482159526554,0.357919991,599.9898586273713,1.276895507740298,105.01523302460375,80.19358154804327,82.24262078456799,62.8035583663072,c12/s3/push/sm/b1024/w4/fwd,complete_route_then_single_full_gemm,branch_masked_v1,0,0.4633280039,0.4666448236,463.49101067145745,0.6083519980311394,0.6465263955295084,353.00017998627135,0.38870400190353394,0.21825599670410156,458.17482159526554,0.3636960089,590.4611531193517,1.3130050264832251,101.16029707998403,78.49644438467752,77.04486657673617,59.78381102997277,c12/s3/push/sm/b1024/w4/fwd,complete_route_then_single_full_gemm,branch_masked_v1,1,0.4300799966,0.4327071905,499.3219087092971,0.5203039944171906,0.5259087920188903,412.73633703417295,,,481.274124855998,0.357919991,599.9898586273713,1.2097842227735698,103.75000086669922,83.22172475575209,85.75909564173386,68.7905522234012,c20/s3/push/sm/b1024/w4/fwd,complete_route_then_single_full_gemm,branch_masked_v1,0,0.4524639845,0.4552303851,474.6197977222649,0.5393439903855324,0.5425759971141815,398.1658619140155,0.3434560000896454,0.1956159994006157,481.274124855998,0.3636960089,590.4611531193517,1.1920152959390569,98.61735198506169,80.38120631897499,82.73161621417954,67.43303260689413,c20/s3/push/sm/b1024/w4/fwd,complete_route_then_single_full_gemm,branch_masked_v1,1
qkv,artificial_medium,artificial,Mx5120x5120 QKV stress shape,131072,8,16384,5120,5120,16384,5120,5120,5120,5120,16384,24,8,128,10,50,per-sample max-rank CUDA-event critical path,v10_backward_te_userbuffers_v3,complete_route_then_single_full_gemm,2.19.0.dev0+a7aec214,/tmp/TransformerEngine-v10-clean/transformer_engine/__init__.py,2.9.0+cu128,12.8,2.27.5,NVIDIA L20X|NVIDIA L20X|NVIDIA L20X|NVIDIA L20X|NVIDIA L20X|NVIDIA L20X|NVIDIA L20X|NVIDIA L20X,132|132|132|132|132|132|132|132,:4096:8,2.863071918,2.89040637,600.0502144564012,3.7014719247817993,3.7188687443733217,464.13614727100077,,,611.5469110403949,2.53256011,678.3597797408252,1.2928323251367935,98.1200630112848,88.45604240948026,75.8954282806185,68.42035172667948,c24/s3/push/sm/b1024/w4/fwd,complete_route_then_single_full_gemm,branch_masked_v1,0,2.875567913,2.904590368,597.4426514613847,3.7459359765052795,3.7662479043006893,458.6268770142657,2.4482879638671875,1.2955679893493652,611.5469110403949,2.531136036,678.7414401933789,1.302676928467062,97.6936749537308,88.02212684865218,74.9945537675967,67.57018944999133,c24/s3/push/sm/b1024/w4/fwd,complete_route_then_single_full_gemm,branch_masked_v1,1,2.841088057,2.857915163,604.6933019788481,3.65231990814209,3.677840006351471,470.3823765738879,,,615.9531027605691,2.53256011,678.3597797408252,1.285535623981573,98.17197109142612,89.14050037133362,76.36658935002282,69.3411358724131,c24/s3/push/sm/b1024/w4/fwd,complete_route_then_single_full_gemm,branch_masked_v1,0,2.86126399,2.881995201,600.4293642265425,3.67929607629776,3.6940783619880673,466.9335880489129,2.4140480756759644,1.266864001750946,615.9531027605691,2.531136036,678.7414401933789,1.2858988507026086,97.47972070203842,88.46216374463232,75.8066784559112,68.79402971415446,c24/s3/push/sm/b1024/w4/fwd,complete_route_then_single_full_gemm,branch_masked_v1,1
qkv,artificial_medium,artificial,Mx5120x5120 QKV stress shape,262144,8,32768,5120,5120,32768,5120,5120,5120,5120,32768,24,8,128,10,50,per-sample max-rank CUDA-event critical path,v10_backward_te_userbuffers_v3,complete_route_then_single_full_gemm,2.19.0.dev0+a7aec214,/tmp/TransformerEngine-v10-clean/transformer_engine/__init__.py,2.9.0+cu128,12.8,2.27.5,NVIDIA L20X|NVIDIA L20X|NVIDIA L20X|NVIDIA L20X|NVIDIA L20X|NVIDIA L20X|NVIDIA L20X|NVIDIA L20X,132|132|132|132|132|132|132|132,:4096:8,5.543359756,5.57930088,619.8359817944314,7.237104177474976,7.284686326980591,474.7719187868331,,,646.5053099353047,4.918319702,698.6072571497915,1.3055447411006849,95.87484778067143,88.72452661360339,73.43666192538205,67.95977481308002,c24/s3/push/sm/b1024/w4/rev,complete_route_then_single_full_gemm,branch_masked_v1,0,5.565040112,5.596190453,617.4212166756796,7.2982399463653564,7.3385296940803535,470.79485767128983,4.776160001754761,2.5187360048294067,646.5053099353047,4.914063931,699.2122782783551,1.311444266255696,95.50133729566188,88.30239912204249,72.82149897862432,67.33217826645019,c24/s3/push/sm/b1024/w4/fwd,complete_route_then_single_full_gemm,branch_masked_v1,1,5.54206419,5.603145599,619.980880589548,7.194783926010132,7.2392559289932255,477.56456234613006,,,646.8869749838512,4.918319702,698.6072571497915,1.2982137484066443,95.84068076266723,88.74526770863692,73.8250391203273,68.3595192375354,c24/s3/push/sm/b1024/w4/fwd,complete_route_then_single_full_gemm,branch_masked_v1,0,5.549488068,5.576969624,619.1514955429578,7.231871962547302,7.270953583717346,475.1154133527742,4.7324159145355225,2.497856020927429,646.8869749838512,4.914063931,699.2122782783551,1.3031601967483144,95.71246902264716,88.54986028956357,73.44643372432022,67.95009585967705,c24/s3/push/sm/b1024/w4/fwd,complete_route_then_single_full_gemm,branch_masked_v1,1
qkv,artificial_medium,artificial,Mx5120x5120 QKV stress shape,524288,8,65536,5120,5120,65536,5120,5120,5120,5120,65536,24,8,128,10,50,per-sample max-rank CUDA-event critical path,v10_backward_te_userbuffers_v3,complete_route_then_single_full_gemm,2.19.0.dev0+a7aec214,/tmp/TransformerEngine-v10-clean/transformer_engine/__init__.py,2.9.0+cu128,12.8,2.27.5,NVIDIA L20X|NVIDIA L20X|NVIDIA L20X|NVIDIA L20X|NVIDIA L20X|NVIDIA L20X|NVIDIA L20X|NVIDIA L20X,132|132|132|132|132|132|132|132,:4096:8,11.02144051,11.12828541,623.5072146299685,14.357088088989258,14.449409437179565,478.6449474298508,,,650.3978791905245,9.894815445,694.4998329476169,1.3026507810809984,95.865505497339,89.77787827300989,73.59263656049512,68.91937545879192,c24/s3/push/sm/b1024/w4/fwd,complete_route_then_single_full_gemm,branch_masked_v1,0,10.99302483,11.06997776,625.1189076591943,14.440095663070679,14.545756888389587,475.89350056554156,9.45524787902832,4.981584072113037,650.3978791905245,9.924751282,692.4050264174671,1.3135689117760938,96.11330658660941,90.28226021026828,73.16959599527469,68.73050922634613,c24/s3/push/sm/b1024/w4/fwd,complete_route_then_single_full_gemm,branch_masked_v1,1,11.10035133,11.17566395,619.0747904553035,14.328255653381348,14.457737684249878,479.6081141934593,,,650.2442245728797,9.894815445,694.4998329476169,1.2907929873046051,95.20650350442556,89.13966009578546,73.75815056388934,69.05806041131676,c20/s3/push/sm/b1024/w4/fwd,complete_route_then_single_full_gemm,branch_masked_v1,0,11.00091171,11.076087,624.6707413671262,14.396000146865845,14.466980481147765,477.3511811262445,9.43232011795044,4.964400053024292,650.2442245728797,9.924751282,692.4050264174671,1.3086188241816046,96.06709567892713,90.21753417926486,73.41106050419718,68.94103348672665,c20/s3/push/sm/b1024/w4/fwd,complete_route_then_single_full_gemm,branch_masked_v1,1
qkv,artificial_small,artificial,Mx4096x4096 QKV stress shape,1024,8,128,4096,4096,128,4096,4096,4096,4096,128,16,8,128,10,50,per-sample max-rank CUDA-event critical path,v10_backward_te_userbuffers_v3,complete_route_then_single_full_gemm,2.19.0.dev0+a7aec214,/tmp/TransformerEngine-v10-clean/transformer_engine/__init__.py,2.9.0+cu128,12.8,2.27.5,NVIDIA L20X|NVIDIA L20X|NVIDIA L20X|NVIDIA L20X|NVIDIA L20X|NVIDIA L20X|NVIDIA L20X|NVIDIA L20X,132|132|132|132|132|132|132|132,:4096:8,0.06960000098,0.07112959772,123.41859872197949,0.22870400547981262,0.245329599827528,37.559178615952234,,,112.12842454521767,0.04835199937,177.6541757098389,3.285977043959125,110.0689670996036,69.47126248445636,33.49657213885661,21.141737010053358,c12/s3/push/sm/b512/w4/rev,complete_route_then_single_full_gemm,branch_masked_v1,0,0.07671999931,0.07884319872,111.96473760760779,0.23726400546729565,0.2587760029360652,36.20412027977852,0.18681600689888,0.04891199991106987,112.12842454521767,0.04956799746,173.29597789242624,3.0925965537172484,99.85401833810313,64.60896494499721,32.28808433420787,20.89149484026241,c12/s3/push/sm/b512/w4/rev,complete_route_then_single_full_gemm,branch_masked_v1,1,0.06366400421,0.06500159949,134.92608104990572,0.07249600067734718,0.07537760026752949,118.48839262500306,,,140.028925247104,0.04835199937,177.6541757098389,1.1387282590365233,96.35586419863361,75.94872482495396,84.61708351750244,66.69609208540597,c4/s3/push/sm/b512/w4/rev,complete_route_then_single_full_gemm,branch_masked_v1,0,0.06926399469,0.06995519996,124.01731419686907,0.07305599935352802,0.08076640013605356,117.5801394548328,0.04601600021123886,0.02691200003027916,140.028925247104,0.04956799746,173.29597789242624,1.0547471262738979,88.56549743420523,71.56387338305855,83.96846526340423,67.84931819238231,c4/s3/push/sm/b1024/w4/fwd,complete_route_then_single_full_gemm,branch_masked_v1,1
qkv,artificial_small,artificial,Mx4096x4096 QKV stress shape,4096,8,512,4096,4096,512,4096,4096,4096,4096,512,16,8,128,10,50,per-sample max-rank CUDA-event critical path,v10_backward_te_userbuffers_v3,complete_route_then_single_full_gemm,2.19.0.dev0+a7aec214,/tmp/TransformerEngine-v10-clean/transformer_engine/__init__.py,2.9.0+cu128,12.8,2.27.5,NVIDIA L20X|NVIDIA L20X|NVIDIA L20X|NVIDIA L20X|NVIDIA L20X|NVIDIA L20X|NVIDIA L20X|NVIDIA L20X,132|132|132|132|132|132|132|132,:4096:8,0.1141759977,0.1159887984,300.9366159276399,0.24375999718904495,0.2691535949707031,140.95724796613263,,,260.87021063873635,0.08476800472,405.3385293365674,2.134949569957162,115.35875069476181,74.24327917215125,54.0334780353039,34.77519104755291,c16/s3/push/sm/b512/w4/fwd,complete_route_then_single_full_gemm,branch_masked_v1,0,0.1216959953,0.1239840016,282.34074821688074,0.2600960060954094,0.30377120636403554,132.10405989623703,0.19236800074577332,0.06748799979686737,260.87021063873635,0.08598399907,399.60619114758276,2.137260190478999,108.23035237544913,70.65474821750358,50.63976433828242,33.05856185983072,c16/s3/push/sm/b512/w4/fwd,complete_route_then_single_full_gemm,branch_masked_v1,1,0.1090560034,0.1106576025,315.06507937920634,0.122079998254776,0.12444320134818554,281.4526446526696,,,295.1461862727315,0.08476800472,405.3385293365674,1.1194248317261917,106.74882279795703,77.72887514416284,95.36042061292018,69.436439983471,c12/s3/push/sm/b512/w4/fwd,complete_route_then_single_full_gemm,branch_masked_v1,0,0.114512004,0.1166608036,300.0535941018026,0.12696000188589096,0.1877711985260248,270.634356156373,0.08078400045633316,0.04588799923658371,295.1461862727315,0.08598399907,399.60619114758276,1.108704742307112,101.66270413012771,75.0873236573521,91.69502055035593,67.72526606236241,c16/s3/push/sm/b512/w4/fwd,complete_route_then_single_full_gemm,branch_masked_v1,1
qkv,artificial_small,artificial,Mx4096x4096 QKV stress shape,16384,8,2048,4096,4096,2048,4096,4096,4096,4096,2048,16,8,128,10,50,per-sample max-rank CUDA-event critical path,v10_backward_te_userbuffers_v3,complete_route_then_single_full_gemm,2.19.0.dev0+a7aec214,/tmp/TransformerEngine-v10-clean/transformer_engine/__init__.py,2.9.0+cu128,12.8,2.27.5,NVIDIA L20X|NVIDIA L20X|NVIDIA L20X|NVIDIA L20X|NVIDIA L20X|NVIDIA L20X|NVIDIA L20X|NVIDIA L20X,132|132|132|132|132|132|132|132,:4096:8,0.3073279858,0.3099040091,447.206111458529,0.4190880060195923,0.48164800703525545,327.9477138402638,,,393.45613823866506,0.236432001,581.3043618913498,1.3636506448596661,113.66098225344243,76.93149076044868,83.35051406450171,56.4158357204207,c16/s3/push/sm/b512/w4/fwd,complete_route_then_single_full_gemm,branch_masked_v1,0,0.3249120116,0.3684192002,423.0036088699652,0.4529759958386421,0.4719792023301125,303.4133259479783,0.3006720095872879,0.15185599774122238,393.45613823866506,0.2400000095,572.6622834654513,1.3941497379798382,107.5097241495765,73.8661548146963,77.11490467685421,52.98294207746323,c24/s3/push/sm/b512/w4/fwd,complete_route_then_single_full_gemm,branch_masked_v1,1,0.298864007,0.3043423891,459.8712131702096,0.342288002371788,0.34408160150051115,401.5301515672638,,,417.47348869007016,0.236432001,581.3043618913498,1.1452968385443216,110.15578848208376,79.11022922208228,96.18099410986966,69.0739959804934,c16/s3/push/sm/b1024/w4/fwd,complete_route_then_single_full_gemm,branch_masked_v1,0,0.3100959957,0.3118783832,443.21421552622775,0.35387199372053146,0.3581232033669949,388.3860715480685,0.22633599489927292,0.12759999930858612,417.47348869007016,0.2400000095,572.6622834654513,1.1411691818906369,106.16583508498366,77.39539137170483,93.03251154144641,67.82113695313757,c16/s3/push/sm/b1024/w4/fwd,complete_route_then_single_full_gemm,branch_masked_v1,1
qkv,artificial_small,artificial,Mx4096x4096 QKV stress shape,131072,8,16384,4096,4096,16384,4096,4096,4096,4096,16384,16,8,128,10,50,per-sample max-rank CUDA-event critical path,v10_backward_te_userbuffers_v3,complete_route_then_single_full_gemm,2.19.0.dev0+a7aec214,/tmp/TransformerEngine-v10-clean/transformer_engine/__init__.py,2.9.0+cu128,12.8,2.27.5,NVIDIA L20X|NVIDIA L20X|NVIDIA L20X|NVIDIA L20X|NVIDIA L20X|NVIDIA L20X|NVIDIA L20X|NVIDIA L20X,132|132|132|132|132|132|132|132,:4096:8,1.770128012,1.777819157,621.1480866480972,2.3486560583114624,2.3703871250152586,468.14501590602435,,,589.8768750567726,1.652015924,665.5575238728751,1.3268283663043137,105.30131166581414,93.32748325548786,79.36317487627699,70.3387760056999,c24/s3/push/sm/b1024/w4/fwd,complete_route_then_single_full_gemm,branch_masked_v1,0,1.78015995,1.809784055,617.6476601307653,2.38783997297287,2.429263961315155,460.4628619258366,1.54448002576828,0.8447679877281189,589.8768750567726,1.652544022,665.3448338673062,1.3413625966435598,104.70789519784444,92.83121002694169,78.0608431007775,69.20664871618581,c24/s3/push/sm/b1024/w4/fwd,complete_route_then_single_full_gemm,branch_masked_v1,1,1.744064093,1.765295982,630.4307463177616,2.289744019508362,2.3043856501579283,480.18975850937244,,,598.7372973458911,1.652015924,665.5575238728751,1.3128783676577658,105.29338143996753,94.72220262033684,80.20040853275361,72.14849825679246,c20/s3/push/sm/b1024/w4/fwd,complete_route_then_single_full_gemm,branch_masked_v1,0,1.763200045,1.769518495,623.5887021974299,2.307328015565872,2.32648321390152,476.5302637329373,1.496671974658966,0.8115359842777252,598.7372973458911,1.652544022,665.3448338673062,1.3086025162651764,104.15063584007565,93.72413678675922,79.58920645921367,71.62154712513703,c20/s3/push/sm/b1024/w4/fwd,complete_route_then_single_full_gemm,branch_masked_v1,1
qkv,artificial_small,artificial,Mx4096x4096 QKV stress shape,262144,8,32768,4096,4096,32768,4096,4096,4096,4096,32768,16,8,128,10,50,per-sample max-rank CUDA-event critical path,v10_backward_te_userbuffers_v3,complete_route_then_single_full_gemm,2.19.0.dev0+a7aec214,/tmp/TransformerEngine-v10-clean/transformer_engine/__init__.py,2.9.0+cu128,12.8,2.27.5,NVIDIA L20X|NVIDIA L20X|NVIDIA L20X|NVIDIA L20X|NVIDIA L20X|NVIDIA L20X|NVIDIA L20X|NVIDIA L20X,132|132|132|132|132|132|132|132,:4096:8,3.416399956,3.438182354,643.6668082991862,4.5589280128479,4.595307183265686,482.3553364639114,,,629.7779072868251,3.203455925,686.453413761889,1.3344245613987185,102.20536491541858,93.7670052176994,76.5913397219614,70.26774531144318,c24/s3/push/sm/b1024/w4/fwd,complete_route_then_single_full_gemm,branch_masked_v1,0,3.432575941,3.467707157,640.6335339259432,4.608016014099121,4.639377570152282,477.21692998107227,2.9831680059432983,1.6226719617843628,629.7779072868251,3.183983803,690.6515207395356,1.3424367277819595,101.72372300036464,92.75785467611304,75.77543201491336,69.09663059455484,c20/s3/push/sm/b1024/w4/rev,complete_route_then_single_full_gemm,branch_masked_v1,1,3.392863989,3.437604904,648.1318622501376,4.502752065658569,4.548516893386841,488.37316012210243,,,633.5461075247185,3.203455925,686.453413761889,1.3271242467298825,102.30224044504133,94.41745779924926,77.08565395977087,71.14439965353644,c24/s3/push/sm/b1024/w4/fwd,complete_route_then_single_full_gemm,branch_masked_v1,0,3.414080143,3.44406867,644.1041696284516,4.53795200586319,4.591167986392975,484.58495213496894,2.9375360012054443,1.6018720269203186,633.5461075247185,3.183983803,690.6515207395356,1.3291873113077035,101.66650256048193,93.26037086528932,76.48771673907922,70.16345256375968,c24/s3/push/sm/b1024/w4/fwd,complete_route_then_single_full_gemm,branch_masked_v1,1
qkv,artificial_small,artificial,Mx4096x4096 QKV stress shape,524288,8,65536,4096,4096,65536,4096,4096,4096,4096,65536,16,8,128,10,50,per-sample max-rank CUDA-event critical path,v10_backward_te_userbuffers_v3,complete_route_then_single_full_gemm,2.19.0.dev0+a7aec214,/tmp/TransformerEngine-v10-clean/transformer_engine/__init__.py,2.9.0+cu128,12.8,2.27.5,NVIDIA L20X|NVIDIA L20X|NVIDIA L20X|NVIDIA L20X|NVIDIA L20X|NVIDIA L20X|NVIDIA L20X|NVIDIA L20X,132|132|132|132|132|132|132|132,:4096:8,6.723855972,6.774161816,654.0958832876083,8.99732780456543,9.087294816970825,488.81696950869576,,,640.224690541119,6.314511776,696.4982673434798,1.3381202455901489,102.1666132143022,93.91206180345588,76.35084630921479,70.18207975923569,c24/s3/push/sm/b1024/w4/fwd,complete_route_then_single_full_gemm,branch_masked_v1,0,6.746479988,6.78924942,651.9024022789408,9.04579210281372,9.094561421871186,486.19805331762757,5.855568170547485,3.1910399198532104,640.224690541119,6.330512047,694.7378787768382,1.3408165619557932,101.82400209025863,93.83429667411917,75.94178426744088,69.98294870198127,c24/s3/push/sm/b1024/w4/fwd,complete_route_then_single_full_gemm,branch_masked_v1,1,6.718383789,6.785148621,654.6286501680531,8.923744201660156,8.985812759399414,492.8476670460585,,,642.5233127569859,6.314511776,696.4982673434798,1.3282575812758703,101.88403084693142,93.988554008164,76.70502490116846,70.7607886701331,c24/s3/push/sm/b1024/w4/rev,complete_route_then_single_full_gemm,branch_masked_v1,0,6.683248043,6.720345497,658.0702201694417,8.963584184646606,9.006886315345763,490.6571322928223,5.8084800243377686,3.1507999897003174,642.5233127569859,6.330512047,694.7378787768382,1.3412017819741135,102.4196643302709,94.72208731846405,76.36409801030797,70.62478486946439,c24/s3/push/sm/b1024/w4/rev,complete_route_then_single_full_gemm,branch_masked_v1,1
qkv,llama31_405b,model,Llama 3.1 405B,1024,8,128,16384,18432,128,16384,18432,18432,16384,128,128,8,128,10,50,per-sample max-rank CUDA-event critical path,v10_backward_te_userbuffers_v3,complete_route_then_single_full_gemm,2.19.0.dev0+a7aec214,/tmp/TransformerEngine-v10-clean/transformer_engine/__init__.py,2.9.0+cu128,12.8,2.27.5,NVIDIA L20X|NVIDIA L20X|NVIDIA L20X|NVIDIA L20X|NVIDIA L20X|NVIDIA L20X|NVIDIA L20X|NVIDIA L20X,132|132|132|132|132|132|132|132,:4096:8,0.5306559801,0.5374032259,291.3729957907243,0.6022720038890839,0.6321088224649429,256.7259006853572,,,413.82648420155266,0.4217599928,366.6038156666053,1.134957536473231,70.40946070740416,79.47898612591175,62.03708812419067,70.02815838633478,c16/s3/push/sm/b512/w4/fwd,complete_route_then_single_full_gemm,branch_masked_v1,0,0.6731519699,0.6809552312,229.69378323139927,0.8503200262784958,0.9016271978616714,181.8360357014095,0.33342400193214417,0.514384001493454,413.82648420155266,0.6480000019,238.60929352259623,1.2631917669420398,55.50485336253341,96.2635527897606,43.940163968057426,76.2066024407342,c8/s3/push/sm/b512/w4/fwd,complete_route_then_single_full_gemm,branch_masked_v1,1,0.4990079999,0.5045424104,309.85239252073166,0.49054399132728577,0.49459198862314224,315.19868837378124,,,427.3315760631601,0.4217599928,366.6038156666053,0.9830383308996842,72.50865835267345,84.51968563320021,73.75974677031459,85.97801629550614,c12/s3/push/sm/b512/w4/rev,complete_route_then_single_full_gemm,branch_masked_v1,0,0.6635199785,0.666087985,233.02813429302037,0.714943990111351,0.7182559937238693,216.2670430055905,0.22356799989938736,0.4912160038948059,427.3315760631601,0.6480000019,238.60929352259623,1.0775018285472033,54.530988896214524,97.66096318077933,50.60872051580527,90.63647094915439,c12/s3/push/sm/b1024/w4/fwd,complete_route_then_single_full_gemm,branch_masked_v1,1
qkv,llama31_405b,model,Llama 3.1 405B,4096,8,512,16384,18432,512,16384,18432,18432,16384,512,128,8,128,10,50,per-sample max-rank CUDA-event critical path,v10_backward_te_userbuffers_v3,complete_route_then_single_full_gemm,2.19.0.dev0+a7aec214,/tmp/TransformerEngine-v10-clean/transformer_engine/__init__.py,2.9.0+cu128,12.8,2.27.5,NVIDIA L20X|NVIDIA L20X|NVIDIA L20X|NVIDIA L20X|NVIDIA L20X|NVIDIA L20X|NVIDIA L20X|NVIDIA L20X,132|132|132|132|132|132|132|132,:4096:8,1.375263929,1.380663991,449.71388951771166,1.2717440128326416,1.3028015851974486,486.32058368918763,,,547.12961972635,1.067983985,579.1053979372173,0.9247272367256582,82.19512768156083,77.65665647731825,88.88580807093274,83.97790547652801,c12/s3/push/sm/b1024/w4/fwd,complete_route_then_single_full_gemm,branch_masked_v1,0,1.486927986,1.493023992,415.9416571933431,1.3993439972400665,1.4190560162067414,441.97516253603266,0.6684319972991943,0.7314720153808594,547.12961972635,1.164448023,531.1317280015683,0.9410973567082128,76.02250768316631,78.31233482480167,80.78070471803173,83.21385058260492,c20/s3/push/sm/b512/w4/fwd,complete_route_then_single_full_gemm,branch_masked_v1,1,1.325376034,1.340465546,466.64137177540056,1.2141920328140259,1.2327215671539307,509.371890038361,,,562.0703767475914,1.067983985,579.1053979372173,0.9161113538092133,83.02187609950398,80.57969644862311,90.62421915665276,87.9584082366961,c12/s3/push/sm/b1024/w4/fwd,complete_route_then_single_full_gemm,branch_masked_v1,0,1.47665596,1.48545754,418.8350620438359,1.3253920078277588,1.3346624225378036,466.6357477420174,0.6173440217971802,0.7079359889030457,562.0703767475914,1.164448023,531.1317280015683,0.8975631722827021,74.51648038585779,78.85709701804882,83.02087550711985,87.85687676723381,c12/s3/push/sm/b1024/w4/fwd,complete_route_then_single_full_gemm,branch_masked_v1,1
qkv,llama31_405b,model,Llama 3.1 405B,16384,8,2048,16384,18432,2048,16384,18432,18432,16384,2048,128,8,128,10,50,per-sample max-rank CUDA-event critical path,v10_backward_te_userbuffers_v3,complete_route_then_single_full_gemm,2.19.0.dev0+a7aec214,/tmp/TransformerEngine-v10-clean/transformer_engine/__init__.py,2.9.0+cu128,12.8,2.27.5,NVIDIA L20X|NVIDIA L20X|NVIDIA L20X|NVIDIA L20X|NVIDIA L20X|NVIDIA L20X|NVIDIA L20X|NVIDIA L20X,132|132|132|132|132|132|132|132,:4096:8,3.98156786,4.015603065,621.3384399019134,4.208640098571777,4.242428803443909,587.8148533859026,,,651.7456278291188,3.648640156,678.033748663265,1.0570308598411724,95.33450066577541,91.63827628445846,90.19083953717319,86.69404060561472,c24/s3/push/sm/b1024/w4/rev,complete_route_then_single_full_gemm,branch_masked_v1,0,4.172703743,4.20923233,592.8772601328673,4.299087941646576,4.369475305080414,575.4479080389506,2.329759955406189,1.9650399684906006,651.7456278291188,3.695663929,669.4064206117915,1.0302883229749045,90.96758533044026,88.56760883635062,88.293328480882,85.96390627879408,c24/s3/push/sm/b1024/w4/rev,complete_route_then_single_full_gemm,branch_masked_v1,1,3.943823814,3.983792067,627.284909055524,4.151024103164673,4.188473653793335,595.9736925184169,,,654.2164488936918,3.648640156,678.033748663265,1.0525379172439555,95.88338998756296,92.51529297652343,91.09732620239586,87.89734931238623,c24/s3/push/sm/b1024/w4/rev,complete_route_then_single_full_gemm,branch_masked_v1,0,4.114351749,4.145972729,601.2857707407458,4.22403210401535,4.25806884765625,585.6729072073856,2.2747039794921875,1.9449280500411987,654.2164488936918,3.695663929,669.4064206117915,1.026657991758242,91.9093018461315,89.82372326085726,89.52280368336561,87.4913788057367,c24/s3/push/sm/b1024/w4/rev,complete_route_then_single_full_gemm,branch_masked_v1,1
qkv,llama31_405b,model,Llama 3.1 405B,131072,8,16384,16384,18432,16384,16384,18432,18432,16384,16384,128,8,128,10,50,per-sample max-rank CUDA-event critical path,v10_backward_te_userbuffers_v3,complete_route_then_single_full_gemm,2.19.0.dev0+a7aec214,/tmp/TransformerEngine-v10-clean/transformer_engine/__init__.py,2.9.0+cu128,12.8,2.27.5,NVIDIA L20X|NVIDIA L20X|NVIDIA L20X|NVIDIA L20X|NVIDIA L20X|NVIDIA L20X|NVIDIA L20X|NVIDIA L20X,132|132|132|132|132|132|132|132,:4096:8,29.60452652,33.46387863,668.5197037891353,32.70039939880371,36.02209949493408,605.2283661309662,,,666.2723385627564,28.01734352,706.3913566909072,1.1045743081454866,100.33730429680251,94.63871513389095,90.8379848751532,85.67890311769393,c24/s3/push/sm/b1024/w4/rev,complete_route_then_single_full_gemm,branch_masked_v1,0,29.55961609,33.73028183,669.5353972023796,32.573007106781006,36.29830350875854,607.5954005440257,17.9758243560791,14.566864013671875,666.2723385627564,28.08030319,704.807535946267,1.1019428333441865,100.48974847832676,94.9954935290907,91.19325017374949,86.20727922953813,c24/s3/push/sm/b1024/w4/fwd,complete_route_then_single_full_gemm,branch_masked_v1,1,29.75849533,35.85896301,665.0608197927324,32.82241439819336,36.31131591796875,602.9784725726139,,,666.7528707360302,28.01734352,706.3913566909072,1.1029594754108611,99.7462251731395,94.14905965274153,90.43507707840604,85.3603978674468,c24/s3/push/sm/b1024/w4/fwd,complete_route_then_single_full_gemm,branch_masked_v1,0,29.579216,34.11100769,669.0917467172897,33.03537559509277,37.15059490203857,599.0913965242725,17.993871688842773,14.81931209564209,666.7528707360302,28.08030319,704.807535946267,1.1168441920533922,100.35078603841293,94.93254719800552,89.85209105480624,85.00070813231855,c20/s3/push/sm/b1024/w4/rev,complete_route_then_single_full_gemm,branch_masked_v1,1
qkv,llama31_405b,model,Llama 3.1 405B,262144,8,32768,16384,18432,32768,16384,18432,18432,16384,32768,128,8,128,10,50,per-sample max-rank CUDA-event critical path,v10_backward_te_userbuffers_v3,complete_route_then_single_full_gemm,2.19.0.dev0+a7aec214,/tmp/TransformerEngine-v10-clean/transformer_engine/__init__.py,2.9.0+cu128,12.8,2.27.5,NVIDIA L20X|NVIDIA L20X|NVIDIA L20X|NVIDIA L20X|NVIDIA L20X|NVIDIA L20X|NVIDIA L20X|NVIDIA L20X,132|132|132|132|132|132|132|132,:4096:8,59.3871994,65.35276031,666.5143162136721,65.7274398803711,70.62075424194336,602.2206048490401,,,653.3449731485532,55.38726425,714.6483787549771,1.1067610620542427,102.01567986383276,93.26465098470361,92.17498099768974,84.26809921519688,c20/s3/push/sm/b1024/w4/rev,complete_route_then_single_full_gemm,branch_masked_v1,0,59.54075241,62.93961334,664.795404790485,66.09711933135986,68.24082946777344,598.8524008361144,36.916831970214844,29.168112754821777,653.3449731485532,55.34352112,715.2132318092015,1.110115620914772,101.75258586390444,92.95065796095805,91.65944875188491,83.73060986599184,c20/s3/push/sm/b1024/w4/fwd,complete_route_then_single_full_gemm,branch_masked_v1,1,59.89198303,65.41552734,660.8967777892593,65.33982467651367,68.05415878295898,605.7931559489455,,,651.9197375964602,55.38726425,714.6483787549771,1.090961116511785,101.37701616856951,92.47859470984025,92.92449990583546,84.7680025531334,c20/s3/push/sm/b1024/w4/fwd,complete_route_then_single_full_gemm,branch_masked_v1,0,59.78139114,62.97763824,662.1193961050403,66.0579195022583,67.99288444519043,599.2077694572686,37.24924659729004,29.017616271972656,651.9197375964602,55.34352112,715.2132318092015,1.1049913399900566,101.56455740183368,92.5765025949177,91.91434695112414,83.78029695305192,c20/s3/push/sm/b1024/w4/rev,complete_route_then_single_full_gemm,branch_masked_v1,1
qkv,llama31_405b,model,Llama 3.1 405B,524288,8,65536,16384,18432,65536,16384,18432,18432,16384,65536,128,8,128,10,50,per-sample max-rank CUDA-event critical path,v10_backward_te_userbuffers_v3,complete_route_then_single_full_gemm,2.19.0.dev0+a7aec214,/tmp/TransformerEngine-v10-clean/transformer_engine/__init__.py,2.9.0+cu128,12.8,2.27.5,NVIDIA L20X|NVIDIA L20X|NVIDIA L20X|NVIDIA L20X|NVIDIA L20X|NVIDIA L20X|NVIDIA L20X|NVIDIA L20X,132|132|132|132|132|132|132|132,:4096:8,118.6190872,123.3569565,667.387003799773,132.73970794677734,136.01927032470704,596.3915276325117,,,634.4226254496969,110.5047989,716.3927538704565,1.11904172490359,105.19596512288791,93.159373848225,94.00540013997332,83.24924064493759,c24/s3/push/sm/b1024/w4/fwd,complete_route_then_single_full_gemm,branch_masked_v1,0,118.9878387,121.3155136,665.318725550328,132.50092887878418,137.1458173751831,597.4662809518443,74.08419036865234,58.49407958984375,634.4226254496969,110.7429504,714.8521591119899,1.1135669857224173,104.86995558815879,93.07081430331081,94.17480666430255,83.57899928483593,c24/s3/push/sm/b1024/w4/fwd,complete_route_then_single_full_gemm,branch_masked_v1,1,120.2540436,124.6819916,658.3133076439186,132.11721801757812,134.9770492553711,599.201515046579,,,645.0594568716556,110.5047989,716.3927538704565,1.0986509398140365,102.05467118279923,91.89279261791077,92.89089690313605,83.64148182812735,c24/s3/push/sm/b1024/w4/fwd,complete_route_then_single_full_gemm,branch_masked_v1,0,119.1589584,120.7799683,664.3632863433287,132.48939323425293,136.7757286071777,597.518301407733,73.95027160644531,58.436479568481445,645.0594568716556,110.7429504,714.8521591119899,1.1118710251687878,102.99256592024723,92.9371588061817,92.62995760197317,83.58627637776006,c24/s3/push/sm/b1024/w4/fwd,complete_route_then_single_full_gemm,branch_masked_v1,1
qkv,llama3_8b,model,Llama 3/3.1 8B,1024,8,128,4096,6144,128,4096,6144,6144,4096,128,32,8,128,10,50,per-sample max-rank CUDA-event critical path,v10_backward_te_userbuffers_v3,complete_route_then_single_full_gemm,2.19.0.dev0+a7aec214,/tmp/TransformerEngine-v10-clean/transformer_engine/__init__.py,2.9.0+cu128,12.8,2.27.5,NVIDIA L20X|NVIDIA L20X|NVIDIA L20X|NVIDIA L20X|NVIDIA L20X|NVIDIA L20X|NVIDIA L20X|NVIDIA L20X,132|132|132|132|132|132|132|132,:4096:8,0.09424000233,0.09548000246,136.72433753642076,0.23771200329065323,0.2592319905757904,54.203833671139776,,,148.08870418687306,0.06206399947,207.60669628176638,2.5224108384278012,92.32597333277249,65.85738320832233,36.60227427119626,26.108904308931184,c12/s3/push/sm/b512/w4/fwd,complete_route_then_single_full_gemm,branch_masked_v1,0,0.1048800051,0.1068015993,122.85374963239775,0.2492960039526224,0.2998799938708544,51.6851521232114,0.19019199907779694,0.05809599906206131,148.08870418687306,0.06862400472,187.76085628597514,2.376964071606652,82.95956825806827,65.43097004483269,34.90148178890804,27.52711781655421,c12/s3/push/sm/b512/w4/fwd,complete_route_then_single_full_gemm,branch_masked_v1,1,0.08577600121,0.08735679835,150.2156979369405,0.08983999863266945,0.09145919941365718,143.42054857639468,,,182.19600555254848,0.06206399947,207.60669628176638,1.0473791895791438,82.44730584590982,72.3559021107228,78.71772388282668,69.08281435283885,c4/s3/push/sm/b512/w4/fwd,complete_route_then_single_full_gemm,branch_masked_v1,0,0.09904000163,0.1002911925,130.09795714802434,0.0938240010291338,0.09580000098794698,137.33055238178383,0.05819199979305267,0.03551999852061272,182.19600555254848,0.06862400472,187.76085628597514,0.9473344051391227,71.40549363498633,69.28917971585862,75.37517190088744,73.14120477412938,c12/s3/push/sm/b512/w4/fwd,complete_route_then_single_full_gemm,branch_masked_v1,1
qkv,llama3_8b,model,Llama 3/3.1 8B,4096,8,512,4096,6144,512,4096,6144,6144,4096,512,32,8,128,10,50,per-sample max-rank CUDA-event critical path,v10_backward_te_userbuffers_v3,complete_route_then_single_full_gemm,2.19.0.dev0+a7aec214,/tmp/TransformerEngine-v10-clean/transformer_engine/__init__.py,2.9.0+cu128,12.8,2.27.5,NVIDIA L20X|NVIDIA L20X|NVIDIA L20X|NVIDIA L20X|NVIDIA L20X|NVIDIA L20X|NVIDIA L20X|NVIDIA L20X,132|132|132|132|132|132|132|132,:4096:8,0.1580960006,0.160296008,326.00196941351345,0.28115199506282806,0.30496479421854017,183.31581655852247,,,270.1463727279465,0.1135360003,453.9494734341104,1.7783624759374719,120.67604910683617,71.81459358181891,67.85795963402862,40.38242740359303,c24/s1/push/sm/b512/w4/fwd,complete_route_then_single_full_gemm,branch_masked_v1,0,0.1713279933,0.1727456003,300.8242060114061,0.30963199958205223,0.3551519922912121,166.45439625610157,0.215999998152256,0.09299200028181076,270.1463727279465,0.1214720011,424.29207624208635,1.807246986427245,111.35600414459533,70.90026490142752,61.61637284825995,39.23108763434188,c24/s3/push/sm/b512/w4/fwd,complete_route_then_single_full_gemm,branch_masked_v1,1,0.1480479985,0.1497631967,348.1276888184341,0.17476800084114075,0.1814336024224758,294.90299885531147,,,309.85239253315035,0.1135360003,453.9494734341104,1.1804820234779516,112.35275157063336,76.68864250130338,95.17531765508653,64.96383763249719,c16/s3/push/sm/b1024/w4/fwd,complete_route_then_single_full_gemm,branch_masked_v1,0,0.1651040018,0.1660832018,312.16449625753404,0.18302400037646294,0.18679520189762114,281.6002679757187,0.11372800171375275,0.06947200000286102,309.85239253315035,0.1214720011,424.29207624208635,1.1085376391916317,100.74619521427007,73.57302050567256,90.88206990223287,66.36943835242573,c16/s3/push/sm/b1024/w4/fwd,complete_route_then_single_full_gemm,branch_masked_v1,1
qkv,llama3_8b,model,Llama 3/3.1 8B,16384,8,2048,4096,6144,2048,4096,6144,6144,4096,2048,32,8,128,10,50,per-sample max-rank CUDA-event critical path,v10_backward_te_userbuffers_v3,complete_route_then_single_full_gemm,2.19.0.dev0+a7aec214,/tmp/TransformerEngine-v10-clean/transformer_engine/__init__.py,2.9.0+cu128,12.8,2.27.5,NVIDIA L20X|NVIDIA L20X|NVIDIA L20X|NVIDIA L20X|NVIDIA L20X|NVIDIA L20X|NVIDIA L20X|NVIDIA L20X,132|132|132|132|132|132|132|132,:4096:8,0.4413760006,0.4455344081,467.0811959140309,0.5825919806957245,0.5898943752050401,353.8641743091074,,,427.927665771448,0.3373439908,611.1222841678673,1.3199448540558563,109.14956738588022,76.43007103726066,82.69252086592195,57.903988035871656,c20/s3/push/sm/b1024/w4/fwd,complete_route_then_single_full_gemm,branch_masked_v1,0,0.4545919895,0.4590112269,453.50211831658333,0.6188800036907196,0.6349968075752259,333.11535189142427,0.41044799983501434,0.2083040028810501,427.927665771448,0.3415679932,603.5648371985692,1.3613966325526718,105.9763494138737,75.13726618361363,77.84384570950782,55.1913119123325,c20/s3/push/sm/b1024/w4/fwd,complete_route_then_single_full_gemm,branch_masked_v1,1,0.4277440012,0.4302960038,481.966853140289,0.532511979341507,0.5399776041507721,387.14327227517236,,,444.1538095723619,0.3373439908,611.1222841678673,1.244931496052754,108.51350202407001,78.86586132210147,87.16423543635027,63.34955904976118,c20/s3/push/sm/b1024/w4/fwd,complete_route_then_single_full_gemm,branch_masked_v1,0,0.4495519996,0.4535903931,458.5863935460961,0.5491519942879677,0.5993376061320304,375.41233092544024,0.36374400556087494,0.18539199978113174,444.1538095723619,0.3415679932,603.5648371985692,1.221553890932727,103.24945630605535,75.97964050964484,84.5230464840306,62.199171951087635,c20/s3/push/sm/b1024/w4/fwd,complete_route_then_single_full_gemm,branch_masked_v1,1
qkv,llama3_8b,model,Llama 3/3.1 8B,131072,8,16384,4096,6144,16384,4096,6144,6144,4096,16384,32,8,128,10,50,per-sample max-rank CUDA-event critical path,v10_backward_te_userbuffers_v3,complete_route_then_single_full_gemm,2.19.0.dev0+a7aec214,/tmp/TransformerEngine-v10-clean/transformer_engine/__init__.py,2.9.0+cu128,12.8,2.27.5,NVIDIA L20X|NVIDIA L20X|NVIDIA L20X|NVIDIA L20X|NVIDIA L20X|NVIDIA L20X|NVIDIA L20X|NVIDIA L20X,132|132|132|132|132|132|132|132,:4096:8,2.627568007,2.652718306,627.6783083331247,3.7843040227890015,3.829334354400635,435.8179025078707,,,613.0850209107679,2.438848019,676.2485521095524,1.4402306668019198,102.38030402384939,92.8176934908159,71.08604641171006,64.44640822495515,c24/s3/push/sm/b1024/w4/fwd,complete_route_then_single_full_gemm,branch_masked_v1,0,2.618112087,2.895337582,629.945314355825,3.828511893749237,3.95514560341835,430.78550816486637,2.5889440774917603,1.2344160079956055,613.0850209107679,2.430448055,678.5857604613566,1.4623177948565946,102.75007427518133,92.83208564935669,70.26521501453638,63.48283934988322,c24/s3/push/sm/b1024/w4/fwd,complete_route_then_single_full_gemm,branch_masked_v1,1,2.586287975,2.611878395,637.6967521043359,3.7339839935302734,3.7689648151397703,441.691085050611,,,617.1964373866631,2.438848019,676.2485521095524,1.4437618817487923,103.32152188118184,94.29916709101198,71.56410152346668,65.31490288190028,c24/s3/push/sm/b1024/w4/fwd,complete_route_then_single_full_gemm,branch_masked_v1,0,2.609440088,2.615825653,632.0388229062878,3.7748639583587646,3.792207962274551,436.90778260021546,2.56548810005188,1.2081279754638672,617.1964373866631,2.430448055,678.5857604613566,1.4466183667976074,102.40480738717004,93.14059618294635,70.78909665295105,64.38505021136471,c24/s3/push/sm/b1024/w4/fwd,complete_route_then_single_full_gemm,branch_masked_v1,1
qkv,llama3_8b,model,Llama 3/3.1 8B,262144,8,32768,4096,6144,32768,4096,6144,6144,4096,32768,32,8,128,10,50,per-sample max-rank CUDA-event critical path,v10_backward_te_userbuffers_v3,complete_route_then_single_full_gemm,2.19.0.dev0+a7aec214,/tmp/TransformerEngine-v10-clean/transformer_engine/__init__.py,2.9.0+cu128,12.8,2.27.5,NVIDIA L20X|NVIDIA L20X|NVIDIA L20X|NVIDIA L20X|NVIDIA L20X|NVIDIA L20X|NVIDIA L20X|NVIDIA L20X,132|132|132|132|132|132|132|132,:4096:8,5.056223869,5.079395294,652.37120997579,7.428303956985474,7.486569595336914,444.0495303407858,,,637.1961670587676,4.726079941,697.9430996738614,1.4691406372508213,102.38153392966389,93.47054369914015,69.68804165763787,63.622597679994776,c24/s3/push/sm/b1024/w4/fwd,complete_route_then_single_full_gemm,branch_masked_v1,0,5.053311825,5.08630085,652.7471483175294,7.478111982345581,7.529249703884124,441.09193485136643,5.090192079544067,2.3876800537109375,637.1961670587676,4.718992233,698.991377917786,1.4798437621342675,102.44053276882433,93.38414878048813,69.22388389236579,63.10405947571599,c24/s3/push/sm/b1024/w4/fwd,complete_route_then_single_full_gemm,branch_masked_v1,1,5.049936295,5.150727749,653.18346423378,7.372015953063965,7.46215374469757,447.4400088563373,,,640.1879408359642,4.726079941,697.9430996738614,1.459823554677924,102.02995441945471,93.58692199106245,69.89197707661681,64.10837918813431,c24/s3/push/sm/b1024/w4/fwd,complete_route_then_single_full_gemm,branch_masked_v1,0,5.062831879,5.272495747,651.5197348365278,7.421056151390076,7.453124833106995,444.4832131758139,5.044895887374878,2.3756160736083984,640.1879408359642,4.718992233,698.991377917786,1.465791542905404,101.77007301727153,93.20855098060426,69.43011338129908,63.58922688000496,c24/s3/push/sm/b1024/w4/fwd,complete_route_then_single_full_gemm,branch_masked_v1,1
qkv,llama3_8b,model,Llama 3/3.1 8B,524288,8,65536,4096,6144,65536,4096,6144,6144,4096,65536,32,8,128,10,50,per-sample max-rank CUDA-event critical path,v10_backward_te_userbuffers_v3,complete_route_then_single_full_gemm,2.19.0.dev0+a7aec214,/tmp/TransformerEngine-v10-clean/transformer_engine/__init__.py,2.9.0+cu128,12.8,2.27.5,NVIDIA L20X|NVIDIA L20X|NVIDIA L20X|NVIDIA L20X|NVIDIA L20X|NVIDIA L20X|NVIDIA L20X|NVIDIA L20X,132|132|132|132|132|132|132|132,:4096:8,9.978096008,10.01984978,661.1551704219681,14.71347188949585,14.848859119415284,448.3693458758527,,,642.6765769421329,9.374063492,703.7577430839957,1.4745771014529458,102.87525547729726,93.94641507241748,69.76593857040852,63.71075136040646,c24/s3/push/sm/b1024/w4/fwd,complete_route_then_single_full_gemm,branch_masked_v1,0,9.985456467,10.02970409,660.6678210914081,14.839008331298828,14.975041818618774,444.5761886083241,10.102447986602783,4.736847877502441,642.6765769421329,9.383215904,703.0712960408077,1.4860620924380248,102.79942428194255,93.96882290769291,69.17572610528703,63.23344319585476,c24/s3/push/sm/b1024/w4/fwd,complete_route_then_single_full_gemm,branch_masked_v1,1,10.03443146,10.13912964,657.443303385322,14.641551971435547,14.728060913085937,450.5717549291452,,,643.001314728165,9.374063492,703.7577430839957,1.459131195404622,102.24602785816425,93.41897973360614,70.073224518931,64.02370124620681,c24/s3/push/sm/b1024/w4/rev,complete_route_then_single_full_gemm,branch_masked_v1,0,9.969999313,10.00196171,661.6920984191045,14.782511711120605,14.843376231193542,446.2752944544024,10.047647953033447,4.733551979064941,643.001314728165,9.383215904,703.0712960408077,1.4826993710867675,102.90680333971653,94.11450903276506,69.40503607571465,63.47511226350785,c24/s3/push/sm/b1024/w4/fwd,complete_route_then_single_full_gemm,branch_masked_v1,1
qkv,nanbeige42_3b,model,Nanbeige4.2-3B,1024,8,128,3072,8192,128,3072,8192,8192,3072,128,48,8,128,10,50,per-sample max-rank CUDA-event critical path,v10_backward_te_userbuffers_v3,complete_route_then_single_full_gemm,2.19.0.dev0+a7aec214,/tmp/TransformerEngine-v10-clean/transformer_engine/__init__.py,2.9.0+cu128,12.8,2.27.5,NVIDIA L20X|NVIDIA L20X|NVIDIA L20X|NVIDIA L20X|NVIDIA L20X|NVIDIA L20X|NVIDIA L20X|NVIDIA L20X,132|132|132|132|132|132|132|132,:4096:8,0.1054880023,0.1078608036,122.14566213280162,0.24270399659872055,0.2616143986582756,53.08895637719352,,,123.36188459700121,0.06678399444,192.9339806048295,2.300773465294077,99.0141019098624,63.309564105756124,43.03513727163345,27.51664388552226,c20/s3/push/sm/b512/w4/fwd,complete_route_then_single_full_gemm,branch_masked_v1,0,0.1160639971,0.1182640046,111.01549326186354,0.2622079998254776,0.2780832007527351,49.1400029616794,0.19740800559520721,0.06438399851322174,123.36188459700121,0.07009600103,183.8179311040221,2.2591674108859174,89.99172931293091,60.39426762944044,39.83402419816302,26.732975758426527,c20/s3/push/sm/b512/w4/fwd,complete_route_then_single_full_gemm,branch_masked_v1,1,0.09683199972,0.09890080243,133.06450269805498,0.09228800237178802,0.0952751986682415,139.61621832589205,,,143.24197307992958,0.06678399444,192.9339806048295,0.9530733914268895,92.89491050490102,68.96893034648978,97.46879027419264,72.36476326679656,c8/s3/push/sm/b512/w4/fwd,complete_route_then_single_full_gemm,branch_masked_v1,0,0.1101600006,0.1111951992,116.96533966794478,0.09734399989247322,0.09988319985568522,132.3646234203725,0.06084800139069557,0.03643200173974037,143.24197307992958,0.07009600103,183.8179311040221,0.8836601249298942,81.65577250369041,63.63108265088371,92.40631120496542,72.0085481461913,c8/s3/push/sm/b512/w4/rev,complete_route_then_single_full_gemm,branch_masked_v1,1
qkv,nanbeige42_3b,model,Nanbeige4.2-3B,4096,8,512,3072,8192,512,3072,8192,8192,3072,512,48,8,128,10,50,per-sample max-rank CUDA-event critical path,v10_backward_te_userbuffers_v3,complete_route_then_single_full_gemm,2.19.0.dev0+a7aec214,/tmp/TransformerEngine-v10-clean/transformer_engine/__init__.py,2.9.0+cu128,12.8,2.27.5,NVIDIA L20X|NVIDIA L20X|NVIDIA L20X|NVIDIA L20X|NVIDIA L20X|NVIDIA L20X|NVIDIA L20X|NVIDIA L20X,132|132|132|132|132|132|132|132,:4096:8,0.1637279987,0.1659055948,314.78798959997306,0.2820480018854141,0.32539039105176915,182.7334609976733,,,267.766043846966,0.1140320003,451.9749492809695,1.7226620011535885,117.56083223901275,69.64722051537542,68.24370199161973,40.429997566984035,c16/s3/push/sm/b512/w4/fwd,complete_route_then_single_full_gemm,branch_masked_v1,0,0.1791680008,0.1808480024,287.6607838557743,0.29843199998140335,0.32031040191650395,172.7013442097753,0.20851200073957443,0.09012800082564354,267.766043846966,0.1212640032,425.0198425908473,1.6656545736341293,107.429896533176,67.68173036398585,64.49710416175017,40.63371327724792,c16/s3/push/sm/b512/w4/fwd,complete_route_then_single_full_gemm,branch_masked_v1,1,0.1513279974,0.1527552009,340.582102700845,0.17772799730300903,0.18826719596982,289.99149449779685,,,291.2500322086901,0.1140320003,451.9749492809695,1.1744554897744852,116.93804808124688,75.35419899768,99.56788409554872,64.16096621264825,c12/s3/push/sm/b1024/w4/fwd,complete_route_then_single_full_gemm,branch_masked_v1,0,0.1716479957,0.1729055941,300.26338112376806,0.18433599919080734,0.18730560317635536,279.5959974082492,0.114911999553442,0.06942399963736534,291.2500322086901,0.1212640032,425.0198425908473,1.0739187395638627,103.09471173160922,70.64690892863132,95.9986151032971,65.7842221445193,c12/s3/push/sm/b1024/w4/fwd,complete_route_then_single_full_gemm,branch_masked_v1,1
qkv,nanbeige42_3b,model,Nanbeige4.2-3B,16384,8,2048,3072,8192,2048,3072,8192,8192,3072,2048,48,8,128,10,50,per-sample max-rank CUDA-event critical path,v10_backward_te_userbuffers_v3,complete_route_then_single_full_gemm,2.19.0.dev0+a7aec214,/tmp/TransformerEngine-v10-clean/transformer_engine/__init__.py,2.9.0+cu128,12.8,2.27.5,NVIDIA L20X|NVIDIA L20X|NVIDIA L20X|NVIDIA L20X|NVIDIA L20X|NVIDIA L20X|NVIDIA L20X|NVIDIA L20X,132|132|132|132|132|132|132|132,:4096:8,0.4497280121,0.453507185,458.40691409313257,0.5876639783382416,0.6950960218906399,350.81005099370145,,,430.5300192261185,0.3413119912,604.017542668744,1.306709750175781,106.4750176810256,75.89298020513496,81.48329624593556,58.07944740209194,c20/s3/push/sm/b1024/w4/fwd,complete_route_then_single_full_gemm,branch_masked_v1,0,0.4633759856,0.4675711989,444.9052963783974,0.6197119951248169,0.62655358761549,332.6681294372516,0.41043199598789215,0.20896000415086746,430.5300192261185,0.3435519934,600.0792723329313,1.3373847898535054,103.33897208332152,74.14108716815643,77.26943873396459,55.437363824272076,c20/s3/push/sm/b1024/w4/fwd,complete_route_then_single_full_gemm,branch_masked_v1,1,0.4251679778,0.4271807969,484.8870116577251,0.5371840000152588,0.5418879985809326,383.77619251903263,,,450.86786430140904,0.3413119912,604.017542668744,1.2634629794907823,107.54525883299013,80.27697498906043,85.11943806721939,63.53725933577786,c20/s3/push/sm/b1024/w4/fwd,complete_route_then_single_full_gemm,branch_masked_v1,0,0.4547039866,0.4579631984,453.3904172460141,0.5551839992403984,0.557891208678484,371.33352274212785,0.3678240031003952,0.18719999492168427,450.86786430140904,0.3435519934,600.0792723329313,1.2209789568631824,100.55948829897504,75.55508716096222,82.35972269114487,61.880744738689714,c20/s3/push/sm/b1024/w4/fwd,complete_route_then_single_full_gemm,branch_masked_v1,1
qkv,nanbeige42_3b,model,Nanbeige4.2-3B,131072,8,16384,3072,8192,16384,3072,8192,8192,3072,16384,48,8,128,10,50,per-sample max-rank CUDA-event critical path,v10_backward_te_userbuffers_v3,complete_route_then_single_full_gemm,2.19.0.dev0+a7aec214,/tmp/TransformerEngine-v10-clean/transformer_engine/__init__.py,2.9.0+cu128,12.8,2.27.5,NVIDIA L20X|NVIDIA L20X|NVIDIA L20X|NVIDIA L20X|NVIDIA L20X|NVIDIA L20X|NVIDIA L20X|NVIDIA L20X,132|132|132|132|132|132|132|132,:4096:8,2.620111942,2.654268742,629.4644954768883,3.816367983818054,3.8591152667999267,432.15629327599686,,,586.6773471669808,2.392799854,689.2625970813854,1.4565667682522454,107.29313114210447,91.32433678285949,73.66166349576065,62.69835257359389,c24/s3/push/sm/b1024/w4/fwd,complete_route_then_single_full_gemm,branch_masked_v1,0,2.616159916,2.626790285,630.4153777364121,3.8514400124549866,3.87957923412323,428.22098652205756,2.619279980659485,1.2278720140457153,586.6773471669808,2.390655994,689.8807046280538,1.4721730078120296,107.45521039471507,91.38034641457293,72.99088478358733,62.07174423771298,c24/s3/push/sm/b1024/w4/fwd,complete_route_then_single_full_gemm,branch_masked_v1,1,2.566879988,2.600492716,642.5183294015379,3.756592035293579,3.783953583240509,439.03288570304096,,,594.1028337935389,2.392799854,689.2625970813854,1.4634856529543285,108.14934601453596,93.21822076552806,73.89846685289714,63.696026385601435,c24/s3/push/sm/b1024/w4/rev,complete_route_then_single_full_gemm,branch_masked_v1,0,2.597983837,2.621699333,634.8259054484641,3.7891679406166077,3.823224055767059,435.2584703320424,2.580880045890808,1.2081440091133118,594.1028337935389,2.390655994,689.8807046280538,1.458503277292178,106.85454930334117,92.0196638621351,73.26315337578448,63.09184579480451,c24/s3/push/sm/b1024/w4/rev,complete_route_then_single_full_gemm,branch_masked_v1,1
qkv,nanbeige42_3b,model,Nanbeige4.2-3B,262144,8,32768,3072,8192,32768,3072,8192,8192,3072,32768,48,8,128,10,50,per-sample max-rank CUDA-event critical path,v10_backward_te_userbuffers_v3,complete_route_then_single_full_gemm,2.19.0.dev0+a7aec214,/tmp/TransformerEngine-v10-clean/transformer_engine/__init__.py,2.9.0+cu128,12.8,2.27.5,NVIDIA L20X|NVIDIA L20X|NVIDIA L20X|NVIDIA L20X|NVIDIA L20X|NVIDIA L20X|NVIDIA L20X|NVIDIA L20X,132|132|132|132|132|132|132|132,:4096:8,5.063776016,5.127243519,651.3982595015316,7.499808073043823,7.548625564575195,439.8159061141518,,,609.2440206537246,4.708911896,700.4877042040117,1.48107026245764,106.91910587855668,92.99210472819618,72.19043457204965,62.78709868489837,c24/s3/push/sm/b1024/w4/fwd,complete_route_then_single_full_gemm,branch_masked_v1,0,5.062335968,5.08368969,651.5835582977253,7.55291223526001,7.616398477554322,436.72358165756543,5.147536039352417,2.4039520025253296,609.2440206537246,4.704144001,701.1976849830282,1.4919816233065963,106.94952042345363,92.92437386091717,71.68286710289858,62.28251903999596,c24/s3/push/sm/b1024/w4/fwd,complete_route_then_single_full_gemm,branch_masked_v1,1,5.027999878,5.14056015,656.0332067152051,7.428367853164673,7.4818639039993275,444.04571078460265,,,610.9991060209766,4.708911896,700.4877042040117,1.4774001657532803,107.37056736261125,93.65377904251413,72.67534541521209,63.39093578939934,c24/s3/push/sm/b1024/w4/fwd,complete_route_then_single_full_gemm,branch_masked_v1,0,5.056384087,5.078587055,652.3505387592207,7.461904048919678,7.5060337662696845,442.05002660219895,5.088720083236694,2.373136043548584,610.9991060209766,4.704144001,701.1976849830282,1.4757391686490524,106.7678385010312,93.03375534889426,72.34871904821128,63.04214005111817,c24/s3/push/sm/b1024/w4/rev,complete_route_then_single_full_gemm,branch_masked_v1,1
qkv,nanbeige42_3b,model,Nanbeige4.2-3B,524288,8,65536,3072,8192,65536,3072,8192,8192,3072,65536,48,8,128,10,50,per-sample max-rank CUDA-event critical path,v10_backward_te_userbuffers_v3,complete_route_then_single_full_gemm,2.19.0.dev0+a7aec214,/tmp/TransformerEngine-v10-clean/transformer_engine/__init__.py,2.9.0+cu128,12.8,2.27.5,NVIDIA L20X|NVIDIA L20X|NVIDIA L20X|NVIDIA L20X|NVIDIA L20X|NVIDIA L20X|NVIDIA L20X|NVIDIA L20X,132|132|132|132|132|132|132|132,:4096:8,9.994832039,10.09416676,660.0480869427445,14.851360321044922,14.965867471694946,444.2064311986095,,,621.2491953053784,9.358736038,704.910336168197,1.4859039414664166,106.24530251798463,93.63575097092233,71.5021338547179,63.01601897530105,c24/s3/push/sm/b1024/w4/rev,complete_route_then_single_full_gemm,branch_masked_v1,0,9.993904114,10.01491356,660.1093718134107,14.93004822731018,15.009280133247374,441.8652683645442,10.181792259216309,4.7389280796051025,621.2491953053784,9.35425663,705.2478916922767,1.493915496587101,106.2551672986764,93.59962356348859,71.12528623032549,62.65389426464885,c24/s3/push/sm/b1024/w4/rev,complete_route_then_single_full_gemm,branch_masked_v1,1,10.01451206,10.0972271,658.7509932716582,14.782384395599365,14.87051682472229,446.27913806786887,,,622.4891008129084,9.358736038,704.910336168197,1.476096319724175,105.8253056015592,93.45174265035534,71.69268305020489,63.31005734626982,c24/s3/push/sm/b1024/w4/rev,complete_route_then_single_full_gemm,branch_masked_v1,0,9.983167648,10.02798367,660.8192909569777,14.815376281738281,14.89969344139099,445.28533337271193,10.110464096069336,4.706704139709473,622.4891008129084,9.35425663,705.2478916922767,1.4840356091492015,106.15756807533079,93.70028591950978,71.53303291434563,63.138839352532926,c24/s3/push/sm/b1024/w4/rev,complete_route_then_single_full_gemm,branch_masked_v1,1
qkv,production_qwen_dense,model,current production Qwen dense,1024,8,128,2048,4096,128,2048,4096,4096,2048,128,16,8,128,10,50,per-sample max-rank CUDA-event critical path,v10_backward_te_userbuffers_v3,complete_route_then_single_full_gemm,2.19.0.dev0+a7aec214,/tmp/TransformerEngine-v10-clean/transformer_engine/__init__.py,2.9.0+cu128,12.8,2.27.5,NVIDIA L20X|NVIDIA L20X|NVIDIA L20X|NVIDIA L20X|NVIDIA L20X|NVIDIA L20X|NVIDIA L20X|NVIDIA L20X,132|132|132|132|132|132|132|132,:4096:8,0.06011199951,0.06128960103,71.44941660583935,0.220831997692585,0.6912575840950009,19.449026141487533,,,67.04182628003183,0.03891199827,110.37642595988942,3.673675796724217,106.5743888112432,64.73249698427807,29.010286892020954,17.620634091336925,c12/s1/push/sm/b512/w4/fwd,complete_route_then_single_full_gemm,branch_masked_v1,0,0.06783999503,0.07078240067,63.31025369475178,0.21952000074088573,0.26609280128031965,19.56526640626992,0.17694399505853653,0.04190399870276451,67.04182628003183,0.03956799954,108.54648569377737,3.235849304585153,94.43396340413912,58.32547529300725,29.183671585177812,18.02478107072566,c12/s1/push/sm/b512/w4/fwd,complete_route_then_single_full_gemm,branch_masked_v1,1,0.05161599815,0.05221279711,83.21000174245395,0.053872000426054,0.059235199913382525,79.72540952689097,,,87.21100158150306,0.03891199827,110.37642595988942,1.043707423219791,95.41227624210924,75.38747610172874,91.41668835483283,72.23046844791209,c4/s3/push/sm/b512/w4/fwd,complete_route_then_single_full_gemm,branch_masked_v1,0,0.05724800006,0.0577775985,75.02388365529917,0.05851199943572283,0.06259840046986938,73.40318801988896,0.04092799872159958,0.017343999817967415,87.21100158150306,0.03956799954,108.54648569377737,1.022079363024002,86.02571039754152,69.11682416596197,84.167348945408,67.62373516814552,c4/s3/push/sm/b512/w4/fwd,complete_route_then_single_full_gemm,branch_masked_v1,1
qkv,production_qwen_dense,model,current production Qwen dense,4096,8,512,2048,4096,512,2048,4096,4096,2048,512,16,8,128,10,50,per-sample max-rank CUDA-event critical path,v10_backward_te_userbuffers_v3,complete_route_then_single_full_gemm,2.19.0.dev0+a7aec214,/tmp/TransformerEngine-v10-clean/transformer_engine/__init__.py,2.9.0+cu128,12.8,2.27.5,NVIDIA L20X|NVIDIA L20X|NVIDIA L20X|NVIDIA L20X|NVIDIA L20X|NVIDIA L20X|NVIDIA L20X|NVIDIA L20X,132|132|132|132|132|132|132|132,:4096:8,0.08679999411,0.08817759901,197.92477361494144,0.22912000119686127,0.2557935923337936,74.98197055803502,,,170.11118615159717,0.05334400013,322.0581347880257,2.639631529312108,116.35024015325939,61.456225518170136,44.07821275857409,23.28212284014721,c4/s1/push/sm/b512/w4/fwd,complete_route_then_single_full_gemm,branch_masked_v1,0,0.0916320011,0.09338559955,187.48765690766956,0.24211200140416622,0.3272703999653457,70.95835433337743,0.19201600551605225,0.04825599864125252,170.11118615159717,0.05406400189,317.76909927893615,2.6422210417509504,110.21477255504355,59.00122363474173,41.71292666793929,22.330161898810225,c4/s1/push/sm/b512/w4/fwd,complete_route_then_single_full_gemm,branch_masked_v1,1,0.0802880004,0.08144959807,213.97804277611576,0.088128000497818,0.09170079790055752,194.94223274049392,,,201.22597453231177,0.05334400013,322.0581347880257,1.0976484662559611,106.33718796663416,66.4408129038421,96.87727103500308,60.53013778670806,c8/s3/push/sm/b512/w4/rev,complete_route_then_single_full_gemm,branch_masked_v1,0,0.08403199911,0.08480000496,204.44437078678942,0.09254400245845318,0.09725119909271597,185.64000613343637,0.06510400027036667,0.027424000203609467,201.22597453231177,0.05406400189,317.76909927893615,1.1012947857792927,101.59939404540484,64.337398208543,92.2544947613745,58.41977919019827,c8/s3/push/sm/b1024/w4/fwd,complete_route_then_single_full_gemm,branch_masked_v1,1
qkv,production_qwen_dense,model,current production Qwen dense,16384,8,2048,2048,4096,2048,2048,4096,4096,2048,2048,16,8,128,10,50,per-sample max-rank CUDA-event critical path,v10_backward_te_userbuffers_v3,complete_route_then_single_full_gemm,2.19.0.dev0+a7aec214,/tmp/TransformerEngine-v10-clean/transformer_engine/__init__.py,2.9.0+cu128,12.8,2.27.5,NVIDIA L20X|NVIDIA L20X|NVIDIA L20X|NVIDIA L20X|NVIDIA L20X|NVIDIA L20X|NVIDIA L20X|NVIDIA L20X,132|132|132|132|132|132|132|132,:4096:8,0.1851679981,0.1871311963,371.11961808264533,0.3121279925107956,0.3651759952306746,220.16441455062125,,,307.0026683729664,0.1297120005,529.7850350862486,1.68564760495078,120.88481837942383,70.05098171982667,71.71416969026194,41.557310978929145,c24/s3/push/sm/b512/w4/fwd,complete_route_then_single_full_gemm,branch_masked_v1,0,0.189455986,0.1914303899,362.7200078861589,0.3309599980711937,0.34540800116956233,207.6368054643799,0.24289599806070328,0.08804799988865852,307.0026683729664,0.1311199963,524.0960850759267,1.7468964959027145,118.14881278018846,69.20868486045092,67.63355073257196,39.618079847762885,c24/s3/push/sm/b512/w4/fwd,complete_route_then_single_full_gemm,branch_masked_v1,1,0.1779199988,0.179590404,386.2380687920733,0.23267200589179993,0.23944480046629907,295.349139543486,,,328.1105759777217,0.1297120005,529.7850350862486,1.3077338548846704,117.71582419772365,72.90467703173118,90.01512330512011,55.74886415872493,c16/s3/push/sm/b1024/w4/fwd,complete_route_then_single_full_gemm,branch_masked_v1,0,0.1838880032,0.1852400005,373.702881863693,0.23764800652861595,0.24524799659848212,289.16496182653765,0.1711840033531189,0.06631999835371971,328.1105759777217,0.1311199963,524.0960850759267,1.2923518793672775,113.89540881153034,71.30426891274222,88.13033867161039,55.17403584204332,c16/s3/push/sm/b512/w4/fwd,complete_route_then_single_full_gemm,branch_masked_v1,1
qkv,production_qwen_dense,model,current production Qwen dense,131072,8,16384,2048,4096,16384,2048,4096,4096,2048,16384,16,8,128,10,50,per-sample max-rank CUDA-event critical path,v10_backward_te_userbuffers_v3,complete_route_then_single_full_gemm,2.19.0.dev0+a7aec214,/tmp/TransformerEngine-v10-clean/transformer_engine/__init__.py,2.9.0+cu128,12.8,2.27.5,NVIDIA L20X|NVIDIA L20X|NVIDIA L20X|NVIDIA L20X|NVIDIA L20X|NVIDIA L20X|NVIDIA L20X|NVIDIA L20X,132|132|132|132|132|132|132|132,:4096:8,0.9272799492,0.9389424324,592.869299462687,1.5781760215759277,1.594209611415863,348.34885739743237,,,515.4012327213724,0.8241919875,667.0239728434633,1.7019412777527225,115.03063280083269,88.88275738206806,67.58789759933518,52.22433849153165,c24/s3/push/sm/b1024/w4/fwd,complete_route_then_single_full_gemm,branch_masked_v1,0,0.932000041,0.9368975759,589.8667271496397,1.6105120182037354,1.6197152420878411,341.3546795516393,1.1705120205879211,0.44017599523067474,515.4012327213724,0.8221120238,668.711559948845,1.728017110895959,114.448062926641,88.20944073327568,66.23086207016831,51.04662458321376,c24/s3/push/sm/b1024/w4/fwd,complete_route_then_single_full_gemm,branch_masked_v1,1,0.9174399972,0.9241551757,599.2280863771349,1.5285120010375977,1.5512160301208495,359.6673192718212,,,527.1515257822389,0.8241919875,667.0239728434633,1.6660620920197196,113.67283543150933,89.83606448546061,68.22845077382858,53.92119832494053,c24/s3/push/sm/b1024/w4/fwd,complete_route_then_single_full_gemm,branch_masked_v1,0,0.9270240068,0.932284832,593.0329849662745,1.546368047595024,1.5589584156870842,355.5142094037723,1.1252000331878662,0.42180800437927246,527.1515257822389,0.8221120238,668.711559948845,1.6680992468932296,112.49763226735887,88.68292706225093,67.44061090902197,53.164059169392615,c24/s3/push/sm/b1024/w4/fwd,complete_route_then_single_full_gemm,branch_masked_v1,1
qkv,production_qwen_dense,model,current production Qwen dense,262144,8,32768,2048,4096,32768,2048,4096,4096,2048,32768,16,8,128,10,50,per-sample max-rank CUDA-event critical path,v10_backward_te_userbuffers_v3,complete_route_then_single_full_gemm,2.19.0.dev0+a7aec214,/tmp/TransformerEngine-v10-clean/transformer_engine/__init__.py,2.9.0+cu128,12.8,2.27.5,NVIDIA L20X|NVIDIA L20X|NVIDIA L20X|NVIDIA L20X|NVIDIA L20X|NVIDIA L20X|NVIDIA L20X|NVIDIA L20X,132|132|132|132|132|132|132|132,:4096:8,1.754431963,1.764647961,626.7051963051815,3.021728038787842,3.0529199004173275,363.86849301536284,,,542.8850750362384,1.637599945,671.4165026281801,1.7223398242362287,115.43975421747375,93.34074957228763,67.02495790496249,54.194153940369794,c24/s3/push/sm/b1024/w4/rev,complete_route_then_single_full_gemm,branch_masked_v1,0,1.765344024,1.789831996,622.8313647810553,3.0574719607830048,3.0796271711587906,359.6146234140509,2.2295199632644653,0.8284800052642822,542.8850750362384,1.636352062,671.9285252295542,1.7319411509691125,114.72619038927905,92.69309776188983,66.24139066450596,53.51977329600555,c24/s3/push/sm/b1024/w4/rev,complete_route_then_single_full_gemm,branch_masked_v1,1,1.754368067,1.769419193,626.728021592518,2.9706560373306274,2.996884834766388,370.12417929205947,,,551.1491253805216,1.637599945,671.4165026281801,1.6932912159137172,113.71296673288116,93.34414914427418,67.15499712287854,55.12586864386746,c24/s3/push/sm/b1024/w4/fwd,complete_route_then_single_full_gemm,branch_masked_v1,0,1.753968,1.762684822,626.8709735730641,2.992335945367813,3.0137583285570146,367.44257591734066,2.178544044494629,0.8156639933586121,551.1491253805216,1.636352062,671.9285252295542,1.7060379353373682,113.73890381124401,93.29429396659461,66.66844942621525,54.68477109106352,c24/s3/push/sm/b1024/w4/fwd,complete_route_then_single_full_gemm,branch_masked_v1,1
qkv,production_qwen_dense,model,current production Qwen dense,524288,8,65536,2048,4096,65536,2048,4096,4096,2048,65536,16,8,128,10,50,per-sample max-rank CUDA-event critical path,v10_backward_te_userbuffers_v3,complete_route_then_single_full_gemm,2.19.0.dev0+a7aec214,/tmp/TransformerEngine-v10-clean/transformer_engine/__init__.py,2.9.0+cu128,12.8,2.27.5,NVIDIA L20X|NVIDIA L20X|NVIDIA L20X|NVIDIA L20X|NVIDIA L20X|NVIDIA L20X|NVIDIA L20X|NVIDIA L20X,132|132|132|132|132|132|132|132,:4096:8,3.392416,3.420511961,648.2174519728712,5.9411680698394775,5.984422421455383,370.1331505357354,,,467.8549984095843,3.188384056,689.6983603383068,1.7513088223376725,138.5509301335685,93.98564492090593,79.11279173973938,53.66594613247737,c24/s3/push/sm/b1024/w4/fwd,complete_route_then_single_full_gemm,branch_masked_v1,0,3.415312052,3.423505783,643.8718401336876,5.982944011688232,6.045539301633835,367.5486936290905,4.375904083251953,1.6089280247688293,467.8549984095843,3.190688133,689.2003116219319,1.7518001051132743,137.62209281133065,93.42303380833208,78.56038620481286,53.329734103590084,c24/s3/push/sm/b1024/w4/fwd,complete_route_then_single_full_gemm,branch_masked_v1,1,3.40939188,3.459404707,644.9898788261326,5.886368036270142,5.921561670303345,373.57896108470254,,,471.0717548784,3.188384056,689.6983603383068,1.7265155322274488,136.91966715190276,93.51767612000062,79.30404597939358,54.16555737517728,c24/s3/push/sm/b1024/w4/fwd,complete_route_then_single_full_gemm,branch_masked_v1,0,3.386415958,3.392951965,649.3659617794655,5.910640180110931,5.945348787307739,372.0448527642785,4.321295976638794,1.5880959630012512,471.0717548784,3.190688133,689.2003116219319,1.7453969782264211,137.84863028926227,94.22020722121815,78.97838257365193,53.98210744982478,c24/s3/push/sm/b1024/w4/fwd,complete_route_then_single_full_gemm,branch_masked_v1,1
qkv,qwen25_14b_32b,model,Qwen2.5 14B/32B,1024,8,128,5120,7168,128,5120,7168,7168,5120,128,40,8,128,10,50,per-sample max-rank CUDA-event critical path,v10_backward_te_userbuffers_v3,complete_route_then_single_full_gemm,2.19.0.dev0+a7aec214,/tmp/TransformerEngine-v10-clean/transformer_engine/__init__.py,2.9.0+cu128,12.8,2.27.5,NVIDIA L20X|NVIDIA L20X|NVIDIA L20X|NVIDIA L20X|NVIDIA L20X|NVIDIA L20X|NVIDIA L20X|NVIDIA L20X,132|132|132|132|132|132|132|132,:4096:8,0.1157440022,0.1176863983,162.34518906241863,0.2519359886646271,0.273676797747612,74.58434985647713,,,198.4462894702464,0.07798399776,240.95304754481464,2.176665605784859,81.80812525938384,67.37627546803458,37.584149371389366,30.9538935557996,c20/s3/push/sm/b512/w4/fwd,complete_route_then_single_full_gemm,branch_masked_v1,0,0.1324640065,0.1336032003,141.8534922541392,0.2908799983561039,0.33834239467978466,64.59874183922449,0.20004799962043762,0.09148799628019333,198.4462894702464,0.1056160033,177.91320759057734,2.1959172611625926,71.48205826010555,79.73185025171347,32.55225482505681,36.30913225277929,c8/s3/push/sm/b512/w4/fwd,complete_route_then_single_full_gemm,branch_masked_v1,1,0.107664004,0.1092399955,174.52891608972672,0.10927999764680862,0.11235359869897366,171.94804469826732,,,234.31866015290765,0.07798399776,240.95304754481464,1.0150096001148967,74.48357547616381,72.43274898080143,73.38213891546684,71.36163931119688,c12/s3/push/sm/b512/w4/fwd,complete_route_then_single_full_gemm,branch_masked_v1,0,0.1265920103,0.12784639,148.43339540520748,0.13737600296735764,0.14254240095615386,136.78139932827182,0.06667200103402138,0.07027199864387512,234.31866015290765,0.1056160033,177.91320759057734,1.0851869927794142,63.34680955769607,83.43022837674297,58.37409587397494,76.880969760851,c12/s3/push/sm/b1024/w4/fwd,complete_route_then_single_full_gemm,branch_masked_v1,1
qkv,qwen25_14b_32b,model,Qwen2.5 14B/32B,4096,8,512,5120,7168,512,5120,7168,7168,5120,512,40,8,128,10,50,per-sample max-rank CUDA-event critical path,v10_backward_te_userbuffers_v3,complete_route_then_single_full_gemm,2.19.0.dev0+a7aec214,/tmp/TransformerEngine-v10-clean/transformer_engine/__init__.py,2.9.0+cu128,12.8,2.27.5,NVIDIA L20X|NVIDIA L20X|NVIDIA L20X|NVIDIA L20X|NVIDIA L20X|NVIDIA L20X|NVIDIA L20X|NVIDIA L20X,132|132|132|132|132|132|132|132,:4096:8,0.1980639994,0.2005679905,379.4830353203501,0.33532799780368805,0.3467568069696426,224.14450380609804,,,347.66284250277585,0.1543840021,486.8504939476498,1.6930285100750524,109.152601005188,77.94652363260317,64.47180325412785,46.039699372308725,c12/s3/push/sm/b512/w4/fwd,complete_route_then_single_full_gemm,branch_masked_v1,0,0.2210879922,0.2279568017,339.96386204460725,0.3694560006260872,0.38528318591415883,203.43945572038123,0.24713600426912308,0.1226080022752285,347.66284250277585,0.1703200042,441.29829630429276,1.6710812602245306,97.78550379363388,77.03720247544047,58.516306849431835,46.10021326257321,c20/s3/push/sm/b512/w4/fwd,complete_route_then_single_full_gemm,branch_masked_v1,1,0.1879519969,0.1899120063,399.8995962782452,0.22803200036287308,0.2313792034983635,329.6113157819645,,,380.18941987058713,0.1543840021,486.8504939476498,1.2132459570738037,105.18430429083672,82.14012335401794,86.69660399654495,67.7027793705817,c12/s3/push/sm/b1024/w4/fwd,complete_route_then_single_full_gemm,branch_masked_v1,0,0.2135199904,0.2155231982,352.01353999311533,0.2497599981725216,0.25344479605555537,300.93661206740535,0.14715199917554855,0.10268799960613251,380.18941987058713,0.1703200042,441.29829630429276,1.1697265333547036,92.58898896053904,79.76770881308546,79.15438892798262,68.19346790767975,c12/s3/push/sm/b1024/w4/fwd,complete_route_then_single_full_gemm,branch_masked_v1,1
qkv,qwen25_14b_32b,model,Qwen2.5 14B/32B,16384,8,2048,5120,7168,2048,5120,7168,7168,5120,2048,40,8,128,10,50,per-sample max-rank CUDA-event critical path,v10_backward_te_userbuffers_v3,complete_route_then_single_full_gemm,2.19.0.dev0+a7aec214,/tmp/TransformerEngine-v10-clean/transformer_engine/__init__.py,2.9.0+cu128,12.8,2.27.5,NVIDIA L20X|NVIDIA L20X|NVIDIA L20X|NVIDIA L20X|NVIDIA L20X|NVIDIA L20X|NVIDIA L20X|NVIDIA L20X,132|132|132|132|132|132|132|132,:4096:8,0.5784800053,0.5838704109,519.7201423825945,0.7490719854831696,0.8010288059711456,401.36023846369716,,,480.9686349295776,0.4837600291,621.4810911090215,1.2948969344147003,108.0569718353237,83.62605875187022,83.44831852132384,64.58124699296597,c12/s3/push/sm/b1024/w4/fwd,complete_route_then_single_full_gemm,branch_masked_v1,0,0.595344007,0.5982608199,504.9982987735022,0.7881599962711334,0.8015696182847023,381.4551767945537,0.5006240010261536,0.287200003862381,480.9686349295776,0.4920479953,611.0129775789374,1.3238732346408475,104.99609789470844,82.649357264799,79.30978219617285,62.4299631582331,c12/s3/push/sm/b1024/w4/fwd,complete_route_then_single_full_gemm,branch_masked_v1,1,0.5538240075,0.5567904115,542.8578513184082,0.6967360079288483,0.7007776170969009,431.5087885492242,,,499.34845354756976,0.4837600291,621.4810911090215,1.2580458746704803,108.7132337071899,87.349053589014,86.4143636540004,69.43232782500345,c24/s3/push/sm/b1024/w4/fwd,complete_route_then_single_full_gemm,branch_masked_v1,0,0.5888319612,0.5946159959,510.5832062976,0.7155360132455826,0.7232016116380692,420.17131933904943,0.4535039961338043,0.2624000012874603,499.34845354756976,0.4920479953,611.0129775789374,1.2151786254729926,102.24988235574058,83.56339800190858,84.14391120148375,68.76634944873443,c20/s3/push/sm/b1024/w4/fwd,complete_route_then_single_full_gemm,branch_masked_v1,1
qkv,qwen25_14b_32b,model,Qwen2.5 14B/32B,131072,8,16384,5120,7168,16384,5120,7168,7168,5120,16384,40,8,128,10,50,per-sample max-rank CUDA-event critical path,v10_backward_te_userbuffers_v3,complete_route_then_single_full_gemm,2.19.0.dev0+a7aec214,/tmp/TransformerEngine-v10-clean/transformer_engine/__init__.py,2.9.0+cu128,12.8,2.27.5,NVIDIA L20X|NVIDIA L20X|NVIDIA L20X|NVIDIA L20X|NVIDIA L20X|NVIDIA L20X|NVIDIA L20X|NVIDIA L20X,132|132|132|132|132|132|132|132,:4096:8,3.771391869,3.789758444,637.7437745279288,5.058768033981323,5.096871995925904,475.44810704970934,,,631.5916275794815,3.506336212,685.9529549757849,1.3413530626618964,100.97407037709237,92.97194069970033,75.27777226430656,69.31205756909283,c24/s3/push/sm/b1024/w4/fwd,complete_route_then_single_full_gemm,branch_masked_v1,0,3.794640064,3.81540966,633.8365813870246,5.092512011528015,5.149670392274857,472.2976951876294,3.3052799701690674,1.784608006477356,631.5916275794815,3.499184132,687.354993343917,1.3420276826360982,100.3554438832805,92.21386147258049,74.77896706732294,68.71233929500472,c24/s3/push/sm/b1024/w4/fwd,complete_route_then_single_full_gemm,branch_masked_v1,1,3.766736031,3.806171179,638.5320516132551,5.001664161682129,5.01752803325653,480.87628597420746,,,633.5027119874986,3.506336212,685.9529549757849,1.3278509883673153,100.79389393771937,93.08685777668182,75.90753391813372,70.10339156439424,c24/s3/push/sm/b1024/w4/fwd,complete_route_then_single_full_gemm,branch_masked_v1,0,3.787855864,3.815276861,634.9718078290637,5.035520017147064,5.074375975131988,477.6431585158677,3.273200035095215,1.7588160037994385,633.5027119874986,3.499184132,687.354993343917,1.3293853298392202,100.23190048183946,92.37902015376157,75.39717659887356,69.49002526222715,c20/s3/push/sm/b1024/w4/fwd,complete_route_then_single_full_gemm,branch_masked_v1,1
qkv,qwen25_14b_32b,model,Qwen2.5 14B/32B,262144,8,32768,5120,7168,32768,5120,7168,7168,5120,32768,40,8,128,10,50,per-sample max-rank CUDA-event critical path,v10_backward_te_userbuffers_v3,complete_route_then_single_full_gemm,2.19.0.dev0+a7aec214,/tmp/TransformerEngine-v10-clean/transformer_engine/__init__.py,2.9.0+cu128,12.8,2.27.5,NVIDIA L20X|NVIDIA L20X|NVIDIA L20X|NVIDIA L20X|NVIDIA L20X|NVIDIA L20X|NVIDIA L20X|NVIDIA L20X,132|132|132|132|132|132|132|132,:4096:8,7.40195179,7.441478252,649.8776955044177,9.924255847930908,9.990803289413453,484.70771463665,,,649.2153068639655,6.83395195,703.8918925264026,1.3407620218951612,100.1020291162961,92.3263504530337,74.66054936043184,68.86110207874981,c24/s3/push/sm/b1024/w4/rev,complete_route_then_single_full_gemm,branch_masked_v1,0,7.402431965,7.431332588,649.8355397610196,9.982959985733032,10.038391888141632,481.8574228880657,6.475088119506836,3.5130720138549805,649.2153068639655,6.825023651,704.8127035889739,1.3486054357452013,100.09553577842306,92.19974845118351,74.22151292391395,68.36673352145917,c24/s3/push/sm/b1024/w4/rev,complete_route_then_single_full_gemm,branch_masked_v1,1,7.431648254,7.473116875,647.280819423992,9.925151824951172,9.978888177871704,484.66395843205805,,,652.6399447872604,6.83395195,703.8918925264026,1.3355249718134967,99.17885422029826,91.9574193560857,74.26207395105779,68.85488575418967,c24/s3/push/sm/b1024/w4/fwd,complete_route_then_single_full_gemm,branch_masked_v1,0,7.408063889,7.442364693,649.3415072543794,9.944176197052002,10.002118265628814,483.7367395949858,6.468384027481079,3.472831964492798,652.6399447872604,6.825023651,704.8127035889739,1.3423448212720999,99.4946007275181,92.12965429650603,74.12000191815847,68.63337410517033,c24/s3/push/sm/b1024/w4/fwd,complete_route_then_single_full_gemm,branch_masked_v1,1
qkv,qwen25_14b_32b,model,Qwen2.5 14B/32B,524288,8,65536,5120,7168,65536,5120,7168,7168,5120,65536,40,8,128,10,50,per-sample max-rank CUDA-event critical path,v10_backward_te_userbuffers_v3,complete_route_then_single_full_gemm,2.19.0.dev0+a7aec214,/tmp/TransformerEngine-v10-clean/transformer_engine/__init__.py,2.9.0+cu128,12.8,2.27.5,NVIDIA L20X|NVIDIA L20X|NVIDIA L20X|NVIDIA L20X|NVIDIA L20X|NVIDIA L20X|NVIDIA L20X|NVIDIA L20X,132|132|132|132|132|132|132|132,:4096:8,14.7889595,16.58971214,650.5343897276883,19.77059268951416,21.91583795547485,486.61802375518056,,,655.8446368727706,13.76784039,698.7825592478414,1.3368481189981052,99.1903193459959,93.09539585932329,74.19714920220979,69.63797497736184,c24/s3/push/sm/b1024/w4/rev,complete_route_then_single_full_gemm,branch_masked_v1,0,14.72340775,14.90068913,653.4307075099513,19.810511589050293,20.128206372261047,485.63747078382306,12.836912155151367,6.94977593421936,655.8446368727706,13.90454388,691.9124299271873,1.3455113059033696,99.63193579285338,94.43835364812199,74.04763925484893,70.1877072558053,c24/s3/push/sm/b1024/w4/fwd,complete_route_then_single_full_gemm,branch_masked_v1,1,14.83760071,15.77400303,648.4017821396139,19.665568351745605,21.798662853240963,489.2168164662284,,,655.6901540968324,13.76784039,698.7825592478414,1.3253873544724608,98.88844267194195,92.79020684739803,74.61097492612049,70.0098778928904,c20/s3/push/sm/b1024/w4/fwd,complete_route_then_single_full_gemm,branch_masked_v1,0,14.69214439,14.78466606,654.8211403087089,19.877039670944214,20.200470137596128,484.01205120616385,12.842368125915527,7.015856027603149,655.6901540968324,13.90454388,691.9124299271873,1.3529025541345239,99.86746578659236,94.63930867344274,73.81719066269292,69.95279030571808,c24/s3/push/sm/b1024/w4/fwd,complete_route_then_single_full_gemm,branch_masked_v1,1
