operator,model,suite,aliases,global_seq,cp,launch,weight_mode,data_gemm_mode,te_userbuffers_schema,numerical_contract,ub_object_lifecycle,cublaslt_plan_lifecycle,qkv_pack_kernel,ub_unpack_kernel,weight_accumulation_beta,b_m,b_n,b_k,w_m,w_n,w_k,q_heads,kv_heads,head_dim,result_source,timing,timed_boundary,rank_reduction,torch_version,transformer_engine_version,transformer_engine_path,torch_cuda_version,nccl_version,device_names,device_sm_counts,cublas_workspace_config,comm_sm,streams,push,use_ce,pack_block,pack_warps,reverse,local_first,math_sm,p50_ms,p95_ms,p50_tflops_per_gpu,data_p50_ms,data_p95_ms,weight_p50_ms,weight_p95_ms,cublaslt_algo_id,cublaslt_tile_id,cublaslt_stages_id,cublaslt_workspace_bytes,cublaslt_tune_ms,cublaslt_waves,cublaslt_plan_cache_hit,correctness_scope,route_mismatches,route_max_abs,dgrad_max_abs,wgrad_max_abs,main_grad_beta1_once_max_abs,main_grad_beta1_twice_max_abs,deterministic_route_mismatches,deterministic_dgrad_mismatches,deterministic_wgrad_mismatches
qkv,artificial_small,artificial,Mx4096x4096 QKV stress shape,1024,4,eager,immediate,single,v10_backward_te_userbuffers_v3,complete_route_then_single_full_gemm,recreate_per_entry,reuse_adjacent_same_shape_v1,branch_masked_v1,branch_masked_v1,0,256,4096,4096,4096,4096,256,16,8,128,adapted_te_userbuffers_backward_formal_10w50i,per_sample_local_cuda_event_then_dist_max,pack planar dQ/dK/dV -> Userbuffers A2A -> unpack complete dQKV -> full DGrad GEMM -> adjacent beta=0 WGrad GEMM,MAX,2.9.0+cu128,2.19.0.dev0+a7aec214,/tmp/TransformerEngine-v10-clean/transformer_engine/__init__.py,12.8,2.27.5,NVIDIA L20X|NVIDIA L20X|NVIDIA L20X|NVIDIA L20X,132|132|132|132,:4096:8,8,1,True,False,256,8,True,True,0,0.18641600012779236,0.20353440269827844,92.1587694845014,,,,,66,135,35,0,0.016066132113337517,0.7878788113594055,True,exact,0,,0.0,0.0,0.0009765625,0.0029296875,0,0,0
qkv,artificial_small,artificial,Mx4096x4096 QKV stress shape,1024,4,eager,deferred,single,v10_backward_te_userbuffers_v3,complete_route_then_single_full_gemm,recreate_per_entry,reuse_adjacent_same_shape_v1,branch_masked_v1,branch_masked_v1,1,256,4096,4096,4096,4096,256,16,8,128,adapted_te_userbuffers_backward_formal_10w50i,per_sample_local_cuda_event_then_dist_max,separately timed pack planar dQ/dK/dV -> Userbuffers A2A -> unpack complete dQKV -> full DGrad GEMM and beta=1 WGrad GEMM,MAX,2.9.0+cu128,2.19.0.dev0+a7aec214,/tmp/TransformerEngine-v10-clean/transformer_engine/__init__.py,12.8,2.27.5,NVIDIA L20X|NVIDIA L20X|NVIDIA L20X|NVIDIA L20X,132|132|132|132,:4096:8,8,1,True,False,256,8,True,True,0,0.1952319983392954,0.21857439838349818,87.99719989621248,0.14353600144386292,0.16110560074448585,0.05089600011706352,0.05678559988737106,66,135,35,0,0.016066132113337517,0.7878788113594055,False,exact,0,,0.0,0.0,0.0009765625,0.0029296875,0,0,0
qkv,artificial_small,artificial,Mx4096x4096 QKV stress shape,1024,4,graph,immediate,single,v10_backward_te_userbuffers_v3,complete_route_then_single_full_gemm,recreate_per_entry,reuse_adjacent_same_shape_v1,branch_masked_v1,branch_masked_v1,0,256,4096,4096,4096,4096,256,16,8,128,adapted_te_userbuffers_backward_formal_10w50i,per_sample_local_cuda_event_then_dist_max,pack planar dQ/dK/dV -> Userbuffers A2A -> unpack complete dQKV -> full DGrad GEMM -> adjacent beta=0 WGrad GEMM,MAX,2.9.0+cu128,2.19.0.dev0+a7aec214,/tmp/TransformerEngine-v10-clean/transformer_engine/__init__.py,12.8,2.27.5,NVIDIA L20X|NVIDIA L20X|NVIDIA L20X|NVIDIA L20X,132|132|132|132,:4096:8,8,3,True,False,1024,4,False,True,0,0.07280000299215317,0.07461920194327831,235.98720436662276,,,,,66,18,35,0,0.01562666706740856,0.9696969985961914,True,exact,0,,0.0,0.0,0.0009765625,0.0029296875,0,0,0
qkv,artificial_small,artificial,Mx4096x4096 QKV stress shape,1024,4,graph,deferred,single,v10_backward_te_userbuffers_v3,complete_route_then_single_full_gemm,recreate_per_entry,reuse_adjacent_same_shape_v1,branch_masked_v1,branch_masked_v1,1,256,4096,4096,4096,4096,256,16,8,128,adapted_te_userbuffers_backward_formal_10w50i,per_sample_local_cuda_event_then_dist_max,separately timed pack planar dQ/dK/dV -> Userbuffers A2A -> unpack complete dQKV -> full DGrad GEMM and beta=1 WGrad GEMM,MAX,2.9.0+cu128,2.19.0.dev0+a7aec214,/tmp/TransformerEngine-v10-clean/transformer_engine/__init__.py,12.8,2.27.5,NVIDIA L20X|NVIDIA L20X|NVIDIA L20X|NVIDIA L20X,132|132|132|132,:4096:8,8,3,True,False,1024,4,False,True,0,0.07332800049334764,0.07599360002204775,234.28798096790553,0.04476800002157688,0.04652639999985694,0.02860799990594387,0.029332799836993217,66,18,35,0,0.01562666706740856,0.9696969985961914,True,exact,0,,0.0,0.0,0.0009765625,0.0029296875,0,0,0
qkv,artificial_small,artificial,Mx4096x4096 QKV stress shape,1024,8,eager,immediate,single,v10_backward_te_userbuffers_v3,complete_route_then_single_full_gemm,recreate_per_entry,reuse_adjacent_same_shape_v1,branch_masked_v1,branch_masked_v1,0,128,4096,4096,4096,4096,128,16,8,128,adapted_te_userbuffers_backward_formal_10w50i,per_sample_local_cuda_event_then_dist_max,pack planar dQ/dK/dV -> Userbuffers A2A -> unpack complete dQKV -> full DGrad GEMM -> adjacent beta=0 WGrad GEMM,MAX,2.9.0+cu128,2.19.0.dev0+a7aec214,/tmp/TransformerEngine-v10-clean/transformer_engine/__init__.py,12.8,2.27.5,NVIDIA L20X|NVIDIA L20X|NVIDIA L20X|NVIDIA L20X|NVIDIA L20X|NVIDIA L20X|NVIDIA L20X|NVIDIA L20X,132|132|132|132|132|132|132|132,:4096:8,12,3,True,False,512,4,True,True,0,0.22870400547981262,0.245329599827528,37.559178615952234,,,,,66,27,35,0,0.012295466847717762,0.6515151262283325,True,exact,0,,0.0,0.0,0.0009765625,0.00146484375,0,0,0
qkv,artificial_small,artificial,Mx4096x4096 QKV stress shape,1024,8,eager,deferred,single,v10_backward_te_userbuffers_v3,complete_route_then_single_full_gemm,recreate_per_entry,reuse_adjacent_same_shape_v1,branch_masked_v1,branch_masked_v1,1,128,4096,4096,4096,4096,128,16,8,128,adapted_te_userbuffers_backward_formal_10w50i,per_sample_local_cuda_event_then_dist_max,separately timed pack planar dQ/dK/dV -> Userbuffers A2A -> unpack complete dQKV -> full DGrad GEMM and beta=1 WGrad GEMM,MAX,2.9.0+cu128,2.19.0.dev0+a7aec214,/tmp/TransformerEngine-v10-clean/transformer_engine/__init__.py,12.8,2.27.5,NVIDIA L20X|NVIDIA L20X|NVIDIA L20X|NVIDIA L20X|NVIDIA L20X|NVIDIA L20X|NVIDIA L20X|NVIDIA L20X,132|132|132|132|132|132|132|132,:4096:8,12,3,True,False,512,4,True,True,0,0.23726400546729565,0.2587760029360652,36.20412027977852,0.18681600689888,0.20550079941749572,0.04891199991106987,0.05965919960290192,66,27,35,0,0.012295466847717762,0.6515151262283325,False,exact,0,,0.0,0.0,0.0009765625,0.00146484375,0,0,0
qkv,artificial_small,artificial,Mx4096x4096 QKV stress shape,1024,8,graph,immediate,single,v10_backward_te_userbuffers_v3,complete_route_then_single_full_gemm,recreate_per_entry,reuse_adjacent_same_shape_v1,branch_masked_v1,branch_masked_v1,0,128,4096,4096,4096,4096,128,16,8,128,adapted_te_userbuffers_backward_formal_10w50i,per_sample_local_cuda_event_then_dist_max,pack planar dQ/dK/dV -> Userbuffers A2A -> unpack complete dQKV -> full DGrad GEMM -> adjacent beta=0 WGrad GEMM,MAX,2.9.0+cu128,2.19.0.dev0+a7aec214,/tmp/TransformerEngine-v10-clean/transformer_engine/__init__.py,12.8,2.27.5,NVIDIA L20X|NVIDIA L20X|NVIDIA L20X|NVIDIA L20X|NVIDIA L20X|NVIDIA L20X|NVIDIA L20X|NVIDIA L20X,132|132|132|132|132|132|132|132,:4096:8,4,3,True,False,512,4,True,True,0,0.07249600067734718,0.07537760026752949,118.48839262500306,,,,,66,27,35,0,0.012647466734051704,0.6515151262283325,True,exact,0,,0.0,0.0,0.0009765625,0.00146484375,0,0,0
qkv,artificial_small,artificial,Mx4096x4096 QKV stress shape,1024,8,graph,deferred,single,v10_backward_te_userbuffers_v3,complete_route_then_single_full_gemm,recreate_per_entry,reuse_adjacent_same_shape_v1,branch_masked_v1,branch_masked_v1,1,128,4096,4096,4096,4096,128,16,8,128,adapted_te_userbuffers_backward_formal_10w50i,per_sample_local_cuda_event_then_dist_max,separately timed pack planar dQ/dK/dV -> Userbuffers A2A -> unpack complete dQKV -> full DGrad GEMM and beta=1 WGrad GEMM,MAX,2.9.0+cu128,2.19.0.dev0+a7aec214,/tmp/TransformerEngine-v10-clean/transformer_engine/__init__.py,12.8,2.27.5,NVIDIA L20X|NVIDIA L20X|NVIDIA L20X|NVIDIA L20X|NVIDIA L20X|NVIDIA L20X|NVIDIA L20X|NVIDIA L20X,132|132|132|132|132|132|132|132,:4096:8,4,3,True,False,1024,4,False,True,0,0.07305599935352802,0.08076640013605356,117.5801394548328,0.04601600021123886,0.053630400262773034,0.02691200003027916,0.02814399972558021,66,27,35,0,0.012647466734051704,0.6515151262283325,True,exact,0,,0.0,0.0,0.0009765625,0.00146484375,0,0,0
qkv,artificial_small,artificial,Mx4096x4096 QKV stress shape,4096,4,eager,immediate,single,v10_backward_te_userbuffers_v3,complete_route_then_single_full_gemm,recreate_per_entry,reuse_adjacent_same_shape_v1,branch_masked_v1,branch_masked_v1,0,1024,4096,4096,4096,4096,1024,16,8,128,adapted_te_userbuffers_backward_formal_10w50i,per_sample_local_cuda_event_then_dist_max,pack planar dQ/dK/dV -> Userbuffers A2A -> unpack complete dQKV -> full DGrad GEMM -> adjacent beta=0 WGrad GEMM,MAX,2.9.0+cu128,2.19.0.dev0+a7aec214,/tmp/TransformerEngine-v10-clean/transformer_engine/__init__.py,12.8,2.27.5,NVIDIA L20X|NVIDIA L20X|NVIDIA L20X|NVIDIA L20X,132|132|132|132,:4096:8,20,1,True,False,1024,4,True,True,0,0.2382880002260208,0.261721596121788,288.3883228312724,,,,,66,20,35,0,0.04248319938778877,1.9393939971923828,True,same_geometry_s1k,,,,,,,,,
qkv,artificial_small,artificial,Mx4096x4096 QKV stress shape,4096,4,eager,deferred,single,v10_backward_te_userbuffers_v3,complete_route_then_single_full_gemm,recreate_per_entry,reuse_adjacent_same_shape_v1,branch_masked_v1,branch_masked_v1,1,1024,4096,4096,4096,4096,1024,16,8,128,adapted_te_userbuffers_backward_formal_10w50i,per_sample_local_cuda_event_then_dist_max,separately timed pack planar dQ/dK/dV -> Userbuffers A2A -> unpack complete dQKV -> full DGrad GEMM and beta=1 WGrad GEMM,MAX,2.9.0+cu128,2.19.0.dev0+a7aec214,/tmp/TransformerEngine-v10-clean/transformer_engine/__init__.py,12.8,2.27.5,NVIDIA L20X|NVIDIA L20X|NVIDIA L20X|NVIDIA L20X,132|132|132|132,:4096:8,20,1,True,False,512,4,False,True,0,0.254831999540329,0.2751136012375355,269.665806727403,0.17148799449205399,0.1884335994720459,0.0833440013229847,0.08821439705789089,66,20,35,0,0.04248319938778877,1.9393939971923828,False,same_geometry_s1k,,,,,,,,,
qkv,artificial_small,artificial,Mx4096x4096 QKV stress shape,4096,4,graph,immediate,single,v10_backward_te_userbuffers_v3,complete_route_then_single_full_gemm,recreate_per_entry,reuse_adjacent_same_shape_v1,branch_masked_v1,branch_masked_v1,0,1024,4096,4096,4096,4096,1024,16,8,128,adapted_te_userbuffers_backward_formal_10w50i,per_sample_local_cuda_event_then_dist_max,pack planar dQ/dK/dV -> Userbuffers A2A -> unpack complete dQKV -> full DGrad GEMM -> adjacent beta=0 WGrad GEMM,MAX,2.9.0+cu128,2.19.0.dev0+a7aec214,/tmp/TransformerEngine-v10-clean/transformer_engine/__init__.py,12.8,2.27.5,NVIDIA L20X|NVIDIA L20X|NVIDIA L20X|NVIDIA L20X,132|132|132|132,:4096:8,16,3,True,False,1024,4,False,True,0,0.15627200156450272,0.15840959921479225,439.74273093082127,,,,,66,20,35,0,0.0427253320813179,1.9393939971923828,True,same_geometry_s1k,,,,,,,,,
qkv,artificial_small,artificial,Mx4096x4096 QKV stress shape,4096,4,graph,deferred,single,v10_backward_te_userbuffers_v3,complete_route_then_single_full_gemm,recreate_per_entry,reuse_adjacent_same_shape_v1,branch_masked_v1,branch_masked_v1,1,1024,4096,4096,4096,4096,1024,16,8,128,adapted_te_userbuffers_backward_formal_10w50i,per_sample_local_cuda_event_then_dist_max,separately timed pack planar dQ/dK/dV -> Userbuffers A2A -> unpack complete dQKV -> full DGrad GEMM and beta=1 WGrad GEMM,MAX,2.9.0+cu128,2.19.0.dev0+a7aec214,/tmp/TransformerEngine-v10-clean/transformer_engine/__init__.py,12.8,2.27.5,NVIDIA L20X|NVIDIA L20X|NVIDIA L20X|NVIDIA L20X,132|132|132|132,:4096:8,20,3,True,False,512,4,False,True,0,0.16078399866819382,0.16287999972701073,427.40246109822647,0.1008480004966259,0.10289760120213032,0.0597120001912117,0.060416001826524734,66,23,35,0,0.04503680020570755,0.9696969985961914,False,same_geometry_s1k,,,,,,,,,
qkv,artificial_small,artificial,Mx4096x4096 QKV stress shape,4096,8,eager,immediate,single,v10_backward_te_userbuffers_v3,complete_route_then_single_full_gemm,recreate_per_entry,reuse_adjacent_same_shape_v1,branch_masked_v1,branch_masked_v1,0,512,4096,4096,4096,4096,512,16,8,128,adapted_te_userbuffers_backward_formal_10w50i,per_sample_local_cuda_event_then_dist_max,pack planar dQ/dK/dV -> Userbuffers A2A -> unpack complete dQKV -> full DGrad GEMM -> adjacent beta=0 WGrad GEMM,MAX,2.9.0+cu128,2.19.0.dev0+a7aec214,/tmp/TransformerEngine-v10-clean/transformer_engine/__init__.py,12.8,2.27.5,NVIDIA L20X|NVIDIA L20X|NVIDIA L20X|NVIDIA L20X|NVIDIA L20X|NVIDIA L20X|NVIDIA L20X|NVIDIA L20X,132|132|132|132|132|132|132|132,:4096:8,16,3,True,False,512,4,False,True,0,0.24375999718904495,0.2691535949707031,140.95724796613263,,,,,66,20,35,0,0.02359679900109768,0.9696969985961914,True,same_geometry_s1k,,,,,,,,,
qkv,artificial_small,artificial,Mx4096x4096 QKV stress shape,4096,8,eager,deferred,single,v10_backward_te_userbuffers_v3,complete_route_then_single_full_gemm,recreate_per_entry,reuse_adjacent_same_shape_v1,branch_masked_v1,branch_masked_v1,1,512,4096,4096,4096,4096,512,16,8,128,adapted_te_userbuffers_backward_formal_10w50i,per_sample_local_cuda_event_then_dist_max,separately timed pack planar dQ/dK/dV -> Userbuffers A2A -> unpack complete dQKV -> full DGrad GEMM and beta=1 WGrad GEMM,MAX,2.9.0+cu128,2.19.0.dev0+a7aec214,/tmp/TransformerEngine-v10-clean/transformer_engine/__init__.py,12.8,2.27.5,NVIDIA L20X|NVIDIA L20X|NVIDIA L20X|NVIDIA L20X|NVIDIA L20X|NVIDIA L20X|NVIDIA L20X|NVIDIA L20X,132|132|132|132|132|132|132|132,:4096:8,16,3,True,False,512,4,False,True,0,0.2600960060954094,0.30377120636403554,132.10405989623703,0.19236800074577332,0.21331520676612853,0.06748799979686737,0.07386559955775737,66,20,35,0,0.02359679900109768,0.9696969985961914,False,same_geometry_s1k,,,,,,,,,
qkv,artificial_small,artificial,Mx4096x4096 QKV stress shape,4096,8,graph,immediate,single,v10_backward_te_userbuffers_v3,complete_route_then_single_full_gemm,recreate_per_entry,reuse_adjacent_same_shape_v1,branch_masked_v1,branch_masked_v1,0,512,4096,4096,4096,4096,512,16,8,128,adapted_te_userbuffers_backward_formal_10w50i,per_sample_local_cuda_event_then_dist_max,pack planar dQ/dK/dV -> Userbuffers A2A -> unpack complete dQKV -> full DGrad GEMM -> adjacent beta=0 WGrad GEMM,MAX,2.9.0+cu128,2.19.0.dev0+a7aec214,/tmp/TransformerEngine-v10-clean/transformer_engine/__init__.py,12.8,2.27.5,NVIDIA L20X|NVIDIA L20X|NVIDIA L20X|NVIDIA L20X|NVIDIA L20X|NVIDIA L20X|NVIDIA L20X|NVIDIA L20X,132|132|132|132|132|132|132|132,:4096:8,12,3,True,False,512,4,False,True,0,0.122079998254776,0.12444320134818554,281.4526446526696,,,,,66,20,35,0,0.02351466566324234,0.9696969985961914,True,same_geometry_s1k,,,,,,,,,
qkv,artificial_small,artificial,Mx4096x4096 QKV stress shape,4096,8,graph,deferred,single,v10_backward_te_userbuffers_v3,complete_route_then_single_full_gemm,recreate_per_entry,reuse_adjacent_same_shape_v1,branch_masked_v1,branch_masked_v1,1,512,4096,4096,4096,4096,512,16,8,128,adapted_te_userbuffers_backward_formal_10w50i,per_sample_local_cuda_event_then_dist_max,separately timed pack planar dQ/dK/dV -> Userbuffers A2A -> unpack complete dQKV -> full DGrad GEMM and beta=1 WGrad GEMM,MAX,2.9.0+cu128,2.19.0.dev0+a7aec214,/tmp/TransformerEngine-v10-clean/transformer_engine/__init__.py,12.8,2.27.5,NVIDIA L20X|NVIDIA L20X|NVIDIA L20X|NVIDIA L20X|NVIDIA L20X|NVIDIA L20X|NVIDIA L20X|NVIDIA L20X,132|132|132|132|132|132|132|132,:4096:8,16,3,True,False,512,4,False,True,0,0.12696000188589096,0.1877711985260248,270.634356156373,0.08078400045633316,0.14193279966711997,0.04588799923658371,0.04710879903286695,66,20,35,0,0.02359679900109768,0.9696969985961914,True,same_geometry_s1k,,,,,,,,,
qkv,artificial_small,artificial,Mx4096x4096 QKV stress shape,16384,4,eager,immediate,single,v10_backward_te_userbuffers_v3,complete_route_then_single_full_gemm,recreate_per_entry,reuse_adjacent_same_shape_v1,branch_masked_v1,branch_masked_v1,0,4096,4096,4096,4096,4096,4096,16,8,128,adapted_te_userbuffers_backward_formal_10w50i,per_sample_local_cuda_event_then_dist_max,pack planar dQ/dK/dV -> Userbuffers A2A -> unpack complete dQKV -> full DGrad GEMM -> adjacent beta=0 WGrad GEMM,MAX,2.9.0+cu128,2.19.0.dev0+a7aec214,/tmp/TransformerEngine-v10-clean/transformer_engine/__init__.py,12.8,2.27.5,NVIDIA L20X|NVIDIA L20X|NVIDIA L20X|NVIDIA L20X,132|132|132|132,:4096:8,16,3,True,False,1024,4,False,True,0,0.5728319883346558,0.5924288004636764,479.8578161515184,,,,,66,24,35,4,0.1583423912525177,3.8787879943847656,True,same_geometry_s1k,,,,,,,,,
qkv,artificial_small,artificial,Mx4096x4096 QKV stress shape,16384,4,eager,deferred,single,v10_backward_te_userbuffers_v3,complete_route_then_single_full_gemm,recreate_per_entry,reuse_adjacent_same_shape_v1,branch_masked_v1,branch_masked_v1,1,4096,4096,4096,4096,4096,4096,16,8,128,adapted_te_userbuffers_backward_formal_10w50i,per_sample_local_cuda_event_then_dist_max,separately timed pack planar dQ/dK/dV -> Userbuffers A2A -> unpack complete dQKV -> full DGrad GEMM and beta=1 WGrad GEMM,MAX,2.9.0+cu128,2.19.0.dev0+a7aec214,/tmp/TransformerEngine-v10-clean/transformer_engine/__init__.py,12.8,2.27.5,NVIDIA L20X|NVIDIA L20X|NVIDIA L20X|NVIDIA L20X,132|132|132|132,:4096:8,16,3,True,False,1024,4,False,True,0,0.5985279977321625,0.6198272034525871,459.2565560600661,0.38606399297714233,0.4095344081521034,0.2101600021123886,0.21526239588856697,66,24,35,4,0.1583423912525177,3.8787879943847656,False,same_geometry_s1k,,,,,,,,,
qkv,artificial_small,artificial,Mx4096x4096 QKV stress shape,16384,4,graph,immediate,single,v10_backward_te_userbuffers_v3,complete_route_then_single_full_gemm,recreate_per_entry,reuse_adjacent_same_shape_v1,branch_masked_v1,branch_masked_v1,0,4096,4096,4096,4096,4096,4096,16,8,128,adapted_te_userbuffers_backward_formal_10w50i,per_sample_local_cuda_event_then_dist_max,pack planar dQ/dK/dV -> Userbuffers A2A -> unpack complete dQKV -> full DGrad GEMM -> adjacent beta=0 WGrad GEMM,MAX,2.9.0+cu128,2.19.0.dev0+a7aec214,/tmp/TransformerEngine-v10-clean/transformer_engine/__init__.py,12.8,2.27.5,NVIDIA L20X|NVIDIA L20X|NVIDIA L20X|NVIDIA L20X,132|132|132|132,:4096:8,20,3,True,False,1024,4,False,True,0,0.5095999836921692,0.5132192194461822,539.399363697868,,,,,66,24,35,4,0.15732160210609436,3.8787879943847656,True,same_geometry_s1k,,,,,,,,,
qkv,artificial_small,artificial,Mx4096x4096 QKV stress shape,16384,4,graph,deferred,single,v10_backward_te_userbuffers_v3,complete_route_then_single_full_gemm,recreate_per_entry,reuse_adjacent_same_shape_v1,branch_masked_v1,branch_masked_v1,1,4096,4096,4096,4096,4096,4096,16,8,128,adapted_te_userbuffers_backward_formal_10w50i,per_sample_local_cuda_event_then_dist_max,separately timed pack planar dQ/dK/dV -> Userbuffers A2A -> unpack complete dQKV -> full DGrad GEMM and beta=1 WGrad GEMM,MAX,2.9.0+cu128,2.19.0.dev0+a7aec214,/tmp/TransformerEngine-v10-clean/transformer_engine/__init__.py,12.8,2.27.5,NVIDIA L20X|NVIDIA L20X|NVIDIA L20X|NVIDIA L20X,132|132|132|132,:4096:8,20,3,True,False,1024,4,False,True,0,0.5219520032405853,0.5247631907463074,526.6344515154576,0.33427199721336365,0.33698559552431107,0.18771199882030487,0.18873919919133186,66,24,35,4,0.15732160210609436,3.8787879943847656,True,same_geometry_s1k,,,,,,,,,
qkv,artificial_small,artificial,Mx4096x4096 QKV stress shape,16384,8,eager,immediate,single,v10_backward_te_userbuffers_v3,complete_route_then_single_full_gemm,recreate_per_entry,reuse_adjacent_same_shape_v1,branch_masked_v1,branch_masked_v1,0,2048,4096,4096,4096,4096,2048,16,8,128,adapted_te_userbuffers_backward_formal_10w50i,per_sample_local_cuda_event_then_dist_max,pack planar dQ/dK/dV -> Userbuffers A2A -> unpack complete dQKV -> full DGrad GEMM -> adjacent beta=0 WGrad GEMM,MAX,2.9.0+cu128,2.19.0.dev0+a7aec214,/tmp/TransformerEngine-v10-clean/transformer_engine/__init__.py,12.8,2.27.5,NVIDIA L20X|NVIDIA L20X|NVIDIA L20X|NVIDIA L20X|NVIDIA L20X|NVIDIA L20X|NVIDIA L20X|NVIDIA L20X,132|132|132|132|132|132|132|132,:4096:8,16,3,True,False,512,4,False,True,0,0.4190880060195923,0.48164800703525545,327.9477138402638,,,,,66,24,35,0,0.08154559880495071,1.9393939971923828,True,same_geometry_s1k,,,,,,,,,
qkv,artificial_small,artificial,Mx4096x4096 QKV stress shape,16384,8,eager,deferred,single,v10_backward_te_userbuffers_v3,complete_route_then_single_full_gemm,recreate_per_entry,reuse_adjacent_same_shape_v1,branch_masked_v1,branch_masked_v1,1,2048,4096,4096,4096,4096,2048,16,8,128,adapted_te_userbuffers_backward_formal_10w50i,per_sample_local_cuda_event_then_dist_max,separately timed pack planar dQ/dK/dV -> Userbuffers A2A -> unpack complete dQKV -> full DGrad GEMM and beta=1 WGrad GEMM,MAX,2.9.0+cu128,2.19.0.dev0+a7aec214,/tmp/TransformerEngine-v10-clean/transformer_engine/__init__.py,12.8,2.27.5,NVIDIA L20X|NVIDIA L20X|NVIDIA L20X|NVIDIA L20X|NVIDIA L20X|NVIDIA L20X|NVIDIA L20X|NVIDIA L20X,132|132|132|132|132|132|132|132,:4096:8,24,3,True,False,512,4,False,True,0,0.4529759958386421,0.4719792023301125,303.4133259479783,0.3006720095872879,0.3137344032526016,0.15185599774122238,0.15843679532408717,66,24,35,0,0.08140373229980469,1.9393939971923828,False,same_geometry_s1k,,,,,,,,,
qkv,artificial_small,artificial,Mx4096x4096 QKV stress shape,16384,8,graph,immediate,single,v10_backward_te_userbuffers_v3,complete_route_then_single_full_gemm,recreate_per_entry,reuse_adjacent_same_shape_v1,branch_masked_v1,branch_masked_v1,0,2048,4096,4096,4096,4096,2048,16,8,128,adapted_te_userbuffers_backward_formal_10w50i,per_sample_local_cuda_event_then_dist_max,pack planar dQ/dK/dV -> Userbuffers A2A -> unpack complete dQKV -> full DGrad GEMM -> adjacent beta=0 WGrad GEMM,MAX,2.9.0+cu128,2.19.0.dev0+a7aec214,/tmp/TransformerEngine-v10-clean/transformer_engine/__init__.py,12.8,2.27.5,NVIDIA L20X|NVIDIA L20X|NVIDIA L20X|NVIDIA L20X|NVIDIA L20X|NVIDIA L20X|NVIDIA L20X|NVIDIA L20X,132|132|132|132|132|132|132|132,:4096:8,16,3,True,False,1024,4,False,True,0,0.342288002371788,0.34408160150051115,401.5301515672638,,,,,66,24,35,0,0.08154559880495071,1.9393939971923828,True,same_geometry_s1k,,,,,,,,,
qkv,artificial_small,artificial,Mx4096x4096 QKV stress shape,16384,8,graph,deferred,single,v10_backward_te_userbuffers_v3,complete_route_then_single_full_gemm,recreate_per_entry,reuse_adjacent_same_shape_v1,branch_masked_v1,branch_masked_v1,1,2048,4096,4096,4096,4096,2048,16,8,128,adapted_te_userbuffers_backward_formal_10w50i,per_sample_local_cuda_event_then_dist_max,separately timed pack planar dQ/dK/dV -> Userbuffers A2A -> unpack complete dQKV -> full DGrad GEMM and beta=1 WGrad GEMM,MAX,2.9.0+cu128,2.19.0.dev0+a7aec214,/tmp/TransformerEngine-v10-clean/transformer_engine/__init__.py,12.8,2.27.5,NVIDIA L20X|NVIDIA L20X|NVIDIA L20X|NVIDIA L20X|NVIDIA L20X|NVIDIA L20X|NVIDIA L20X|NVIDIA L20X,132|132|132|132|132|132|132|132,:4096:8,16,3,True,False,1024,4,False,True,0,0.35387199372053146,0.3581232033669949,388.3860715480685,0.22633599489927292,0.22908480018377306,0.12759999930858612,0.12899040281772614,66,24,35,0,0.08154559880495071,1.9393939971923828,True,same_geometry_s1k,,,,,,,,,
qkv,artificial_small,artificial,Mx4096x4096 QKV stress shape,131072,4,eager,immediate,single,v10_backward_te_userbuffers_v3,complete_route_then_single_full_gemm,recreate_per_entry,reuse_adjacent_same_shape_v1,branch_masked_v1,branch_masked_v1,0,32768,4096,4096,4096,4096,32768,16,8,128,adapted_te_userbuffers_backward_formal_10w50i,per_sample_local_cuda_event_then_dist_max,pack planar dQ/dK/dV -> Userbuffers A2A -> unpack complete dQKV -> full DGrad GEMM -> adjacent beta=0 WGrad GEMM,MAX,2.9.0+cu128,2.19.0.dev0+a7aec214,/tmp/TransformerEngine-v10-clean/transformer_engine/__init__.py,12.8,2.27.5,NVIDIA L20X|NVIDIA L20X|NVIDIA L20X|NVIDIA L20X,132|132|132|132,:4096:8,24,2,False,True,1024,4,True,True,0,4.0747199058532715,4.098899245262146,539.6747031355793,,,,,66,209,35,4,1.2525887489318848,28.5,True,same_geometry_s1k,,,,,,,,,
qkv,artificial_small,artificial,Mx4096x4096 QKV stress shape,131072,4,eager,deferred,single,v10_backward_te_userbuffers_v3,complete_route_then_single_full_gemm,recreate_per_entry,reuse_adjacent_same_shape_v1,branch_masked_v1,branch_masked_v1,1,32768,4096,4096,4096,4096,32768,16,8,128,adapted_te_userbuffers_backward_formal_10w50i,per_sample_local_cuda_event_then_dist_max,separately timed pack planar dQ/dK/dV -> Userbuffers A2A -> unpack complete dQKV -> full DGrad GEMM and beta=1 WGrad GEMM,MAX,2.9.0+cu128,2.19.0.dev0+a7aec214,/tmp/TransformerEngine-v10-clean/transformer_engine/__init__.py,12.8,2.27.5,NVIDIA L20X|NVIDIA L20X|NVIDIA L20X|NVIDIA L20X,132|132|132|132,:4096:8,24,2,True,False,1024,4,True,True,0,4.076063930988312,4.19071524143219,539.4967529419513,2.6235839128494263,2.638715124130249,1.453440010547638,1.5596112549304961,66,29,35,4,1.3009322881698608,49.69696807861328,False,same_geometry_s1k,,,,,,,,,
qkv,artificial_small,artificial,Mx4096x4096 QKV stress shape,131072,4,graph,immediate,single,v10_backward_te_userbuffers_v3,complete_route_then_single_full_gemm,recreate_per_entry,reuse_adjacent_same_shape_v1,branch_masked_v1,branch_masked_v1,0,32768,4096,4096,4096,4096,32768,16,8,128,adapted_te_userbuffers_backward_formal_10w50i,per_sample_local_cuda_event_then_dist_max,pack planar dQ/dK/dV -> Userbuffers A2A -> unpack complete dQKV -> full DGrad GEMM -> adjacent beta=0 WGrad GEMM,MAX,2.9.0+cu128,2.19.0.dev0+a7aec214,/tmp/TransformerEngine-v10-clean/transformer_engine/__init__.py,12.8,2.27.5,NVIDIA L20X|NVIDIA L20X|NVIDIA L20X|NVIDIA L20X,132|132|132|132,:4096:8,20,3,True,False,1024,4,False,True,0,4.082367897033691,4.127836966514588,538.6636655529852,,,,,66,209,35,4,1.307590365409851,28.5,True,same_geometry_s1k,,,,,,,,,
qkv,artificial_small,artificial,Mx4096x4096 QKV stress shape,131072,4,graph,deferred,single,v10_backward_te_userbuffers_v3,complete_route_then_single_full_gemm,recreate_per_entry,reuse_adjacent_same_shape_v1,branch_masked_v1,branch_masked_v1,1,32768,4096,4096,4096,4096,32768,16,8,128,adapted_te_userbuffers_backward_formal_10w50i,per_sample_local_cuda_event_then_dist_max,separately timed pack planar dQ/dK/dV -> Userbuffers A2A -> unpack complete dQKV -> full DGrad GEMM and beta=1 WGrad GEMM,MAX,2.9.0+cu128,2.19.0.dev0+a7aec214,/tmp/TransformerEngine-v10-clean/transformer_engine/__init__.py,12.8,2.27.5,NVIDIA L20X|NVIDIA L20X|NVIDIA L20X|NVIDIA L20X,132|132|132|132,:4096:8,24,3,True,False,1024,4,False,True,0,4.0775840282440186,4.146487879753113,539.2956320017256,2.5722559690475464,2.58434077501297,1.498687982559204,1.5688240110874176,66,29,35,4,1.1748746633529663,49.69696807861328,True,same_geometry_s1k,,,,,,,,,
qkv,artificial_small,artificial,Mx4096x4096 QKV stress shape,131072,8,eager,immediate,single,v10_backward_te_userbuffers_v3,complete_route_then_single_full_gemm,recreate_per_entry,reuse_adjacent_same_shape_v1,branch_masked_v1,branch_masked_v1,0,16384,4096,4096,4096,4096,16384,16,8,128,adapted_te_userbuffers_backward_formal_10w50i,per_sample_local_cuda_event_then_dist_max,pack planar dQ/dK/dV -> Userbuffers A2A -> unpack complete dQKV -> full DGrad GEMM -> adjacent beta=0 WGrad GEMM,MAX,2.9.0+cu128,2.19.0.dev0+a7aec214,/tmp/TransformerEngine-v10-clean/transformer_engine/__init__.py,12.8,2.27.5,NVIDIA L20X|NVIDIA L20X|NVIDIA L20X|NVIDIA L20X|NVIDIA L20X|NVIDIA L20X|NVIDIA L20X|NVIDIA L20X,132|132|132|132|132|132|132|132,:4096:8,24,3,True,False,1024,4,False,True,0,2.3486560583114624,2.3703871250152586,468.14501590602435,,,,,66,248,35,4,0.6266826391220093,12.606060981750488,True,same_geometry_s1k,,,,,,,,,
qkv,artificial_small,artificial,Mx4096x4096 QKV stress shape,131072,8,eager,deferred,single,v10_backward_te_userbuffers_v3,complete_route_then_single_full_gemm,recreate_per_entry,reuse_adjacent_same_shape_v1,branch_masked_v1,branch_masked_v1,1,16384,4096,4096,4096,4096,16384,16,8,128,adapted_te_userbuffers_backward_formal_10w50i,per_sample_local_cuda_event_then_dist_max,separately timed pack planar dQ/dK/dV -> Userbuffers A2A -> unpack complete dQKV -> full DGrad GEMM and beta=1 WGrad GEMM,MAX,2.9.0+cu128,2.19.0.dev0+a7aec214,/tmp/TransformerEngine-v10-clean/transformer_engine/__init__.py,12.8,2.27.5,NVIDIA L20X|NVIDIA L20X|NVIDIA L20X|NVIDIA L20X|NVIDIA L20X|NVIDIA L20X|NVIDIA L20X|NVIDIA L20X,132|132|132|132|132|132|132|132,:4096:8,24,3,True,False,1024,4,False,True,0,2.38783997297287,2.429263961315155,460.4628619258366,1.54448002576828,1.5720319867134094,0.8447679877281189,0.8630304157733917,66,248,35,4,0.6266826391220093,12.606060981750488,True,same_geometry_s1k,,,,,,,,,
qkv,artificial_small,artificial,Mx4096x4096 QKV stress shape,131072,8,graph,immediate,single,v10_backward_te_userbuffers_v3,complete_route_then_single_full_gemm,recreate_per_entry,reuse_adjacent_same_shape_v1,branch_masked_v1,branch_masked_v1,0,16384,4096,4096,4096,4096,16384,16,8,128,adapted_te_userbuffers_backward_formal_10w50i,per_sample_local_cuda_event_then_dist_max,pack planar dQ/dK/dV -> Userbuffers A2A -> unpack complete dQKV -> full DGrad GEMM -> adjacent beta=0 WGrad GEMM,MAX,2.9.0+cu128,2.19.0.dev0+a7aec214,/tmp/TransformerEngine-v10-clean/transformer_engine/__init__.py,12.8,2.27.5,NVIDIA L20X|NVIDIA L20X|NVIDIA L20X|NVIDIA L20X|NVIDIA L20X|NVIDIA L20X|NVIDIA L20X|NVIDIA L20X,132|132|132|132|132|132|132|132,:4096:8,20,3,True,False,1024,4,False,True,0,2.289744019508362,2.3043856501579283,480.18975850937244,,,,,66,248,35,4,0.6308981776237488,12.606060981750488,True,same_geometry_s1k,,,,,,,,,
qkv,artificial_small,artificial,Mx4096x4096 QKV stress shape,131072,8,graph,deferred,single,v10_backward_te_userbuffers_v3,complete_route_then_single_full_gemm,recreate_per_entry,reuse_adjacent_same_shape_v1,branch_masked_v1,branch_masked_v1,1,16384,4096,4096,4096,4096,16384,16,8,128,adapted_te_userbuffers_backward_formal_10w50i,per_sample_local_cuda_event_then_dist_max,separately timed pack planar dQ/dK/dV -> Userbuffers A2A -> unpack complete dQKV -> full DGrad GEMM and beta=1 WGrad GEMM,MAX,2.9.0+cu128,2.19.0.dev0+a7aec214,/tmp/TransformerEngine-v10-clean/transformer_engine/__init__.py,12.8,2.27.5,NVIDIA L20X|NVIDIA L20X|NVIDIA L20X|NVIDIA L20X|NVIDIA L20X|NVIDIA L20X|NVIDIA L20X|NVIDIA L20X,132|132|132|132|132|132|132|132,:4096:8,20,3,True,False,1024,4,False,True,0,2.307328015565872,2.32648321390152,476.5302637329373,1.496671974658966,1.511767989397049,0.8115359842777252,0.8181920021772384,66,248,35,4,0.6308981776237488,12.606060981750488,True,same_geometry_s1k,,,,,,,,,
qkv,artificial_small,artificial,Mx4096x4096 QKV stress shape,262144,4,eager,immediate,single,v10_backward_te_userbuffers_v3,complete_route_then_single_full_gemm,recreate_per_entry,reuse_adjacent_same_shape_v1,branch_masked_v1,branch_masked_v1,0,65536,4096,4096,4096,4096,65536,16,8,128,adapted_te_userbuffers_backward_formal_10w50i,per_sample_local_cuda_event_then_dist_max,pack planar dQ/dK/dV -> Userbuffers A2A -> unpack complete dQKV -> full DGrad GEMM -> adjacent beta=0 WGrad GEMM,MAX,2.9.0+cu128,2.19.0.dev0+a7aec214,/tmp/TransformerEngine-v10-clean/transformer_engine/__init__.py,12.8,2.27.5,NVIDIA L20X|NVIDIA L20X|NVIDIA L20X|NVIDIA L20X,132|132|132|132,:4096:8,24,2,True,False,1024,4,False,True,0,8.141759872436523,8.314331436157225,540.1837661650208,,,,,66,29,35,4,2.629610776901245,99.39393615722656,True,same_geometry_s1k,,,,,,,,,
qkv,artificial_small,artificial,Mx4096x4096 QKV stress shape,262144,4,eager,deferred,single,v10_backward_te_userbuffers_v3,complete_route_then_single_full_gemm,recreate_per_entry,reuse_adjacent_same_shape_v1,branch_masked_v1,branch_masked_v1,1,65536,4096,4096,4096,4096,65536,16,8,128,adapted_te_userbuffers_backward_formal_10w50i,per_sample_local_cuda_event_then_dist_max,separately timed pack planar dQ/dK/dV -> Userbuffers A2A -> unpack complete dQKV -> full DGrad GEMM and beta=1 WGrad GEMM,MAX,2.9.0+cu128,2.19.0.dev0+a7aec214,/tmp/TransformerEngine-v10-clean/transformer_engine/__init__.py,12.8,2.27.5,NVIDIA L20X|NVIDIA L20X|NVIDIA L20X|NVIDIA L20X,132|132|132|132,:4096:8,24,2,False,True,1024,4,False,True,0,8.164239764213562,8.22658712863922,538.696392820557,5.033983945846558,5.057664060592652,3.1497920751571655,3.1789631843566895,66,29,35,4,2.6217236518859863,99.39393615722656,False,same_geometry_s1k,,,,,,,,,
qkv,artificial_small,artificial,Mx4096x4096 QKV stress shape,262144,4,graph,immediate,single,v10_backward_te_userbuffers_v3,complete_route_then_single_full_gemm,recreate_per_entry,reuse_adjacent_same_shape_v1,branch_masked_v1,branch_masked_v1,0,65536,4096,4096,4096,4096,65536,16,8,128,adapted_te_userbuffers_backward_formal_10w50i,per_sample_local_cuda_event_then_dist_max,pack planar dQ/dK/dV -> Userbuffers A2A -> unpack complete dQKV -> full DGrad GEMM -> adjacent beta=0 WGrad GEMM,MAX,2.9.0+cu128,2.19.0.dev0+a7aec214,/tmp/TransformerEngine-v10-clean/transformer_engine/__init__.py,12.8,2.27.5,NVIDIA L20X|NVIDIA L20X|NVIDIA L20X|NVIDIA L20X,132|132|132|132,:4096:8,20,3,False,True,1024,4,True,True,0,8.115312099456787,8.26878113746643,541.9442231184665,,,,,66,29,35,4,2.6162667274475098,99.39393615722656,True,same_geometry_s1k,,,,,,,,,
qkv,artificial_small,artificial,Mx4096x4096 QKV stress shape,262144,4,graph,deferred,single,v10_backward_te_userbuffers_v3,complete_route_then_single_full_gemm,recreate_per_entry,reuse_adjacent_same_shape_v1,branch_masked_v1,branch_masked_v1,1,65536,4096,4096,4096,4096,65536,16,8,128,adapted_te_userbuffers_backward_formal_10w50i,per_sample_local_cuda_event_then_dist_max,separately timed pack planar dQ/dK/dV -> Userbuffers A2A -> unpack complete dQKV -> full DGrad GEMM and beta=1 WGrad GEMM,MAX,2.9.0+cu128,2.19.0.dev0+a7aec214,/tmp/TransformerEngine-v10-clean/transformer_engine/__init__.py,12.8,2.27.5,NVIDIA L20X|NVIDIA L20X|NVIDIA L20X|NVIDIA L20X,132|132|132|132,:4096:8,20,3,False,True,1024,4,True,True,0,8.123808026313782,8.191592168807983,541.3774546195962,5.009407997131348,5.0425742864608765,3.1114879846572876,3.1638848066329954,66,29,35,4,2.6162667274475098,99.39393615722656,False,same_geometry_s1k,,,,,,,,,
qkv,artificial_small,artificial,Mx4096x4096 QKV stress shape,262144,8,eager,immediate,single,v10_backward_te_userbuffers_v3,complete_route_then_single_full_gemm,recreate_per_entry,reuse_adjacent_same_shape_v1,branch_masked_v1,branch_masked_v1,0,32768,4096,4096,4096,4096,32768,16,8,128,adapted_te_userbuffers_backward_formal_10w50i,per_sample_local_cuda_event_then_dist_max,pack planar dQ/dK/dV -> Userbuffers A2A -> unpack complete dQKV -> full DGrad GEMM -> adjacent beta=0 WGrad GEMM,MAX,2.9.0+cu128,2.19.0.dev0+a7aec214,/tmp/TransformerEngine-v10-clean/transformer_engine/__init__.py,12.8,2.27.5,NVIDIA L20X|NVIDIA L20X|NVIDIA L20X|NVIDIA L20X|NVIDIA L20X|NVIDIA L20X|NVIDIA L20X|NVIDIA L20X,132|132|132|132|132|132|132|132,:4096:8,24,3,True,False,1024,4,False,True,0,4.5589280128479,4.595307183265686,482.3553364639114,,,,,66,209,35,4,1.323750376701355,28.5,True,same_geometry_s1k,,,,,,,,,
qkv,artificial_small,artificial,Mx4096x4096 QKV stress shape,262144,8,eager,deferred,single,v10_backward_te_userbuffers_v3,complete_route_then_single_full_gemm,recreate_per_entry,reuse_adjacent_same_shape_v1,branch_masked_v1,branch_masked_v1,1,32768,4096,4096,4096,4096,32768,16,8,128,adapted_te_userbuffers_backward_formal_10w50i,per_sample_local_cuda_event_then_dist_max,separately timed pack planar dQ/dK/dV -> Userbuffers A2A -> unpack complete dQKV -> full DGrad GEMM and beta=1 WGrad GEMM,MAX,2.9.0+cu128,2.19.0.dev0+a7aec214,/tmp/TransformerEngine-v10-clean/transformer_engine/__init__.py,12.8,2.27.5,NVIDIA L20X|NVIDIA L20X|NVIDIA L20X|NVIDIA L20X|NVIDIA L20X|NVIDIA L20X|NVIDIA L20X|NVIDIA L20X,132|132|132|132|132|132|132|132,:4096:8,20,3,True,False,1024,4,True,True,0,4.608016014099121,4.639377570152282,477.21692998107227,2.9831680059432983,3.015415918827057,1.6226719617843628,1.6397760152816772,66,209,35,4,1.245357871055603,28.5,True,same_geometry_s1k,,,,,,,,,
qkv,artificial_small,artificial,Mx4096x4096 QKV stress shape,262144,8,graph,immediate,single,v10_backward_te_userbuffers_v3,complete_route_then_single_full_gemm,recreate_per_entry,reuse_adjacent_same_shape_v1,branch_masked_v1,branch_masked_v1,0,32768,4096,4096,4096,4096,32768,16,8,128,adapted_te_userbuffers_backward_formal_10w50i,per_sample_local_cuda_event_then_dist_max,pack planar dQ/dK/dV -> Userbuffers A2A -> unpack complete dQKV -> full DGrad GEMM -> adjacent beta=0 WGrad GEMM,MAX,2.9.0+cu128,2.19.0.dev0+a7aec214,/tmp/TransformerEngine-v10-clean/transformer_engine/__init__.py,12.8,2.27.5,NVIDIA L20X|NVIDIA L20X|NVIDIA L20X|NVIDIA L20X|NVIDIA L20X|NVIDIA L20X|NVIDIA L20X|NVIDIA L20X,132|132|132|132|132|132|132|132,:4096:8,24,3,True,False,1024,4,False,True,0,4.502752065658569,4.548516893386841,488.37316012210243,,,,,66,209,35,4,1.323750376701355,28.5,True,same_geometry_s1k,,,,,,,,,
qkv,artificial_small,artificial,Mx4096x4096 QKV stress shape,262144,8,graph,deferred,single,v10_backward_te_userbuffers_v3,complete_route_then_single_full_gemm,recreate_per_entry,reuse_adjacent_same_shape_v1,branch_masked_v1,branch_masked_v1,1,32768,4096,4096,4096,4096,32768,16,8,128,adapted_te_userbuffers_backward_formal_10w50i,per_sample_local_cuda_event_then_dist_max,separately timed pack planar dQ/dK/dV -> Userbuffers A2A -> unpack complete dQKV -> full DGrad GEMM and beta=1 WGrad GEMM,MAX,2.9.0+cu128,2.19.0.dev0+a7aec214,/tmp/TransformerEngine-v10-clean/transformer_engine/__init__.py,12.8,2.27.5,NVIDIA L20X|NVIDIA L20X|NVIDIA L20X|NVIDIA L20X|NVIDIA L20X|NVIDIA L20X|NVIDIA L20X|NVIDIA L20X,132|132|132|132|132|132|132|132,:4096:8,24,3,True,False,1024,4,False,True,0,4.53795200586319,4.591167986392975,484.58495213496894,2.9375360012054443,2.9864000558853148,1.6018720269203186,1.6213215947151185,66,209,35,4,1.323750376701355,28.5,True,same_geometry_s1k,,,,,,,,,
qkv,artificial_small,artificial,Mx4096x4096 QKV stress shape,524288,4,eager,immediate,single,v10_backward_te_userbuffers_v3,complete_route_then_single_full_gemm,recreate_per_entry,reuse_adjacent_same_shape_v1,branch_masked_v1,branch_masked_v1,0,131072,4096,4096,4096,4096,131072,16,8,128,adapted_te_userbuffers_backward_formal_10w50i,per_sample_local_cuda_event_then_dist_max,pack planar dQ/dK/dV -> Userbuffers A2A -> unpack complete dQKV -> full DGrad GEMM -> adjacent beta=0 WGrad GEMM,MAX,2.9.0+cu128,2.19.0.dev0+a7aec214,/tmp/TransformerEngine-v10-clean/transformer_engine/__init__.py,12.8,2.27.5,NVIDIA L20X|NVIDIA L20X|NVIDIA L20X|NVIDIA L20X,132|132|132|132,:4096:8,24,2,False,True,1024,4,True,True,0,16.31595230102539,20.053520107269286,539.1099986027295,,,,,66,29,35,4,5.251192569732666,198.78787231445312,True,same_geometry_s1k,,,,,,,,,
qkv,artificial_small,artificial,Mx4096x4096 QKV stress shape,524288,4,eager,deferred,single,v10_backward_te_userbuffers_v3,complete_route_then_single_full_gemm,recreate_per_entry,reuse_adjacent_same_shape_v1,branch_masked_v1,branch_masked_v1,1,131072,4096,4096,4096,4096,131072,16,8,128,adapted_te_userbuffers_backward_formal_10w50i,per_sample_local_cuda_event_then_dist_max,separately timed pack planar dQ/dK/dV -> Userbuffers A2A -> unpack complete dQKV -> full DGrad GEMM and beta=1 WGrad GEMM,MAX,2.9.0+cu128,2.19.0.dev0+a7aec214,/tmp/TransformerEngine-v10-clean/transformer_engine/__init__.py,12.8,2.27.5,NVIDIA L20X|NVIDIA L20X|NVIDIA L20X|NVIDIA L20X,132|132|132|132,:4096:8,24,2,False,True,1024,4,True,True,0,16.582640171051025,16.981913924217224,530.4398413929098,9.99883222579956,10.152401685714722,6.581664085388184,6.847924757003784,66,29,35,4,5.251192569732666,198.78787231445312,False,same_geometry_s1k,,,,,,,,,
qkv,artificial_small,artificial,Mx4096x4096 QKV stress shape,524288,4,graph,immediate,single,v10_backward_te_userbuffers_v3,complete_route_then_single_full_gemm,recreate_per_entry,reuse_adjacent_same_shape_v1,branch_masked_v1,branch_masked_v1,0,131072,4096,4096,4096,4096,131072,16,8,128,adapted_te_userbuffers_backward_formal_10w50i,per_sample_local_cuda_event_then_dist_max,pack planar dQ/dK/dV -> Userbuffers A2A -> unpack complete dQKV -> full DGrad GEMM -> adjacent beta=0 WGrad GEMM,MAX,2.9.0+cu128,2.19.0.dev0+a7aec214,/tmp/TransformerEngine-v10-clean/transformer_engine/__init__.py,12.8,2.27.5,NVIDIA L20X|NVIDIA L20X|NVIDIA L20X|NVIDIA L20X,132|132|132|132,:4096:8,20,3,False,True,1024,4,True,True,0,16.49244785308838,19.532444572448732,533.3406599530853,,,,,66,29,35,4,5.250801086425781,198.78787231445312,True,same_geometry_s1k,,,,,,,,,
qkv,artificial_small,artificial,Mx4096x4096 QKV stress shape,524288,4,graph,deferred,single,v10_backward_te_userbuffers_v3,complete_route_then_single_full_gemm,recreate_per_entry,reuse_adjacent_same_shape_v1,branch_masked_v1,branch_masked_v1,1,131072,4096,4096,4096,4096,131072,16,8,128,adapted_te_userbuffers_backward_formal_10w50i,per_sample_local_cuda_event_then_dist_max,separately timed pack planar dQ/dK/dV -> Userbuffers A2A -> unpack complete dQKV -> full DGrad GEMM and beta=1 WGrad GEMM,MAX,2.9.0+cu128,2.19.0.dev0+a7aec214,/tmp/TransformerEngine-v10-clean/transformer_engine/__init__.py,12.8,2.27.5,NVIDIA L20X|NVIDIA L20X|NVIDIA L20X|NVIDIA L20X,132|132|132|132,:4096:8,20,3,True,False,1024,4,False,True,0,16.55444836616516,16.685351943969728,531.3431669632623,9.958159923553467,10.0616605758667,6.576495885848999,6.694334316253662,66,29,35,4,5.2863945960998535,198.78787231445312,False,same_geometry_s1k,,,,,,,,,
qkv,artificial_small,artificial,Mx4096x4096 QKV stress shape,524288,8,eager,immediate,single,v10_backward_te_userbuffers_v3,complete_route_then_single_full_gemm,recreate_per_entry,reuse_adjacent_same_shape_v1,branch_masked_v1,branch_masked_v1,0,65536,4096,4096,4096,4096,65536,16,8,128,adapted_te_userbuffers_backward_formal_10w50i,per_sample_local_cuda_event_then_dist_max,pack planar dQ/dK/dV -> Userbuffers A2A -> unpack complete dQKV -> full DGrad GEMM -> adjacent beta=0 WGrad GEMM,MAX,2.9.0+cu128,2.19.0.dev0+a7aec214,/tmp/TransformerEngine-v10-clean/transformer_engine/__init__.py,12.8,2.27.5,NVIDIA L20X|NVIDIA L20X|NVIDIA L20X|NVIDIA L20X|NVIDIA L20X|NVIDIA L20X|NVIDIA L20X|NVIDIA L20X,132|132|132|132|132|132|132|132,:4096:8,24,3,True,False,1024,4,False,True,0,8.99732780456543,9.087294816970825,488.81696950869576,,,,,66,209,35,4,2.596993923187256,57.0,True,same_geometry_s1k,,,,,,,,,
qkv,artificial_small,artificial,Mx4096x4096 QKV stress shape,524288,8,eager,deferred,single,v10_backward_te_userbuffers_v3,complete_route_then_single_full_gemm,recreate_per_entry,reuse_adjacent_same_shape_v1,branch_masked_v1,branch_masked_v1,1,65536,4096,4096,4096,4096,65536,16,8,128,adapted_te_userbuffers_backward_formal_10w50i,per_sample_local_cuda_event_then_dist_max,separately timed pack planar dQ/dK/dV -> Userbuffers A2A -> unpack complete dQKV -> full DGrad GEMM and beta=1 WGrad GEMM,MAX,2.9.0+cu128,2.19.0.dev0+a7aec214,/tmp/TransformerEngine-v10-clean/transformer_engine/__init__.py,12.8,2.27.5,NVIDIA L20X|NVIDIA L20X|NVIDIA L20X|NVIDIA L20X|NVIDIA L20X|NVIDIA L20X|NVIDIA L20X|NVIDIA L20X,132|132|132|132|132|132|132|132,:4096:8,24,3,True,False,1024,4,False,True,0,9.04579210281372,9.094561421871186,486.19805331762757,5.855568170547485,5.902075076103211,3.1910399198532104,3.2194128155708315,66,209,35,4,2.596993923187256,57.0,True,same_geometry_s1k,,,,,,,,,
qkv,artificial_small,artificial,Mx4096x4096 QKV stress shape,524288,8,graph,immediate,single,v10_backward_te_userbuffers_v3,complete_route_then_single_full_gemm,recreate_per_entry,reuse_adjacent_same_shape_v1,branch_masked_v1,branch_masked_v1,0,65536,4096,4096,4096,4096,65536,16,8,128,adapted_te_userbuffers_backward_formal_10w50i,per_sample_local_cuda_event_then_dist_max,pack planar dQ/dK/dV -> Userbuffers A2A -> unpack complete dQKV -> full DGrad GEMM -> adjacent beta=0 WGrad GEMM,MAX,2.9.0+cu128,2.19.0.dev0+a7aec214,/tmp/TransformerEngine-v10-clean/transformer_engine/__init__.py,12.8,2.27.5,NVIDIA L20X|NVIDIA L20X|NVIDIA L20X|NVIDIA L20X|NVIDIA L20X|NVIDIA L20X|NVIDIA L20X|NVIDIA L20X,132|132|132|132|132|132|132|132,:4096:8,24,3,True,False,1024,4,True,True,0,8.923744201660156,8.985812759399414,492.8476670460585,,,,,66,209,35,4,2.596993923187256,57.0,True,same_geometry_s1k,,,,,,,,,
qkv,artificial_small,artificial,Mx4096x4096 QKV stress shape,524288,8,graph,deferred,single,v10_backward_te_userbuffers_v3,complete_route_then_single_full_gemm,recreate_per_entry,reuse_adjacent_same_shape_v1,branch_masked_v1,branch_masked_v1,1,65536,4096,4096,4096,4096,65536,16,8,128,adapted_te_userbuffers_backward_formal_10w50i,per_sample_local_cuda_event_then_dist_max,separately timed pack planar dQ/dK/dV -> Userbuffers A2A -> unpack complete dQKV -> full DGrad GEMM and beta=1 WGrad GEMM,MAX,2.9.0+cu128,2.19.0.dev0+a7aec214,/tmp/TransformerEngine-v10-clean/transformer_engine/__init__.py,12.8,2.27.5,NVIDIA L20X|NVIDIA L20X|NVIDIA L20X|NVIDIA L20X|NVIDIA L20X|NVIDIA L20X|NVIDIA L20X|NVIDIA L20X,132|132|132|132|132|132|132|132,:4096:8,24,3,True,False,1024,4,True,True,0,8.963584184646606,9.006886315345763,490.6571322928223,5.8084800243377686,5.8544271230697635,3.1507999897003174,3.176947236061096,66,209,35,4,2.596993923187256,57.0,True,same_geometry_s1k,,,,,,,,,
qkv,artificial_medium,artificial,Mx5120x5120 QKV stress shape,1024,4,eager,immediate,single,v10_backward_te_userbuffers_v3,complete_route_then_single_full_gemm,recreate_per_entry,reuse_adjacent_same_shape_v1,branch_masked_v1,branch_masked_v1,0,256,5120,5120,5120,5120,256,24,8,128,adapted_te_userbuffers_backward_formal_10w50i,per_sample_local_cuda_event_then_dist_max,pack planar dQ/dK/dV -> Userbuffers A2A -> unpack complete dQKV -> full DGrad GEMM -> adjacent beta=0 WGrad GEMM,MAX,2.9.0+cu128,2.19.0.dev0+a7aec214,/tmp/TransformerEngine-v10-clean/transformer_engine/__init__.py,12.8,2.27.5,NVIDIA L20X|NVIDIA L20X|NVIDIA L20X|NVIDIA L20X,132|132|132|132,:4096:8,12,2,True,False,512,4,False,True,0,0.20046400278806686,0.3909184128046035,133.90706175003072,,,,,66,135,35,0,0.0242826659232378,0.9696969985961914,True,exact,0,,0.0,0.0,0.0009765625,0.0029296875,0,0,0
qkv,artificial_medium,artificial,Mx5120x5120 QKV stress shape,1024,4,eager,deferred,single,v10_backward_te_userbuffers_v3,complete_route_then_single_full_gemm,recreate_per_entry,reuse_adjacent_same_shape_v1,branch_masked_v1,branch_masked_v1,1,256,5120,5120,5120,5120,256,24,8,128,adapted_te_userbuffers_backward_formal_10w50i,per_sample_local_cuda_event_then_dist_max,separately timed pack planar dQ/dK/dV -> Userbuffers A2A -> unpack complete dQKV -> full DGrad GEMM and beta=1 WGrad GEMM,MAX,2.9.0+cu128,2.19.0.dev0+a7aec214,/tmp/TransformerEngine-v10-clean/transformer_engine/__init__.py,12.8,2.27.5,NVIDIA L20X|NVIDIA L20X|NVIDIA L20X|NVIDIA L20X,132|132|132|132,:4096:8,12,1,True,False,512,4,False,True,0,0.2178879976272583,0.2446832042187452,123.19882642604914,0.14959999918937683,0.15681280121207236,0.06814399734139442,0.09323360137641429,66,28,35,0,0.02449493482708931,0.8181818127632141,False,exact,0,,0.0,0.0,0.0009765625,0.0029296875,0,0,0
qkv,artificial_medium,artificial,Mx5120x5120 QKV stress shape,1024,4,graph,immediate,single,v10_backward_te_userbuffers_v3,complete_route_then_single_full_gemm,recreate_per_entry,reuse_adjacent_same_shape_v1,branch_masked_v1,branch_masked_v1,0,256,5120,5120,5120,5120,256,24,8,128,adapted_te_userbuffers_backward_formal_10w50i,per_sample_local_cuda_event_then_dist_max,pack planar dQ/dK/dV -> Userbuffers A2A -> unpack complete dQKV -> full DGrad GEMM -> adjacent beta=0 WGrad GEMM,MAX,2.9.0+cu128,2.19.0.dev0+a7aec214,/tmp/TransformerEngine-v10-clean/transformer_engine/__init__.py,12.8,2.27.5,NVIDIA L20X|NVIDIA L20X|NVIDIA L20X|NVIDIA L20X,132|132|132|132,:4096:8,8,3,True,False,512,4,False,True,0,0.09571199864149094,0.09741280004382133,280.4616556023247,,,,,66,28,35,0,0.02459946647286415,0.8181818127632141,True,exact,0,,0.0,0.0,0.0009765625,0.0029296875,0,0,0
qkv,artificial_medium,artificial,Mx5120x5120 QKV stress shape,1024,4,graph,deferred,single,v10_backward_te_userbuffers_v3,complete_route_then_single_full_gemm,recreate_per_entry,reuse_adjacent_same_shape_v1,branch_masked_v1,branch_masked_v1,1,256,5120,5120,5120,5120,256,24,8,128,adapted_te_userbuffers_backward_formal_10w50i,per_sample_local_cuda_event_then_dist_max,separately timed pack planar dQ/dK/dV -> Userbuffers A2A -> unpack complete dQKV -> full DGrad GEMM and beta=1 WGrad GEMM,MAX,2.9.0+cu128,2.19.0.dev0+a7aec214,/tmp/TransformerEngine-v10-clean/transformer_engine/__init__.py,12.8,2.27.5,NVIDIA L20X|NVIDIA L20X|NVIDIA L20X|NVIDIA L20X,132|132|132|132,:4096:8,8,3,True,False,512,4,False,True,0,0.10593600198626518,0.10818240009248256,253.39398407238664,0.059408001601696014,0.06036159936338663,0.04660800099372864,0.04761920124292374,66,28,35,0,0.02459946647286415,0.8181818127632141,False,exact,0,,0.0,0.0,0.0009765625,0.0029296875,0,0,0
qkv,artificial_medium,artificial,Mx5120x5120 QKV stress shape,1024,8,eager,immediate,single,v10_backward_te_userbuffers_v3,complete_route_then_single_full_gemm,recreate_per_entry,reuse_adjacent_same_shape_v1,branch_masked_v1,branch_masked_v1,0,128,5120,5120,5120,5120,128,24,8,128,adapted_te_userbuffers_backward_formal_10w50i,per_sample_local_cuda_event_then_dist_max,pack planar dQ/dK/dV -> Userbuffers A2A -> unpack complete dQKV -> full DGrad GEMM -> adjacent beta=0 WGrad GEMM,MAX,2.9.0+cu128,2.19.0.dev0+a7aec214,/tmp/TransformerEngine-v10-clean/transformer_engine/__init__.py,12.8,2.27.5,NVIDIA L20X|NVIDIA L20X|NVIDIA L20X|NVIDIA L20X|NVIDIA L20X|NVIDIA L20X|NVIDIA L20X|NVIDIA L20X,132|132|132|132|132|132|132|132,:4096:8,16,3,True,False,512,4,False,True,0,0.23438400030136108,0.2774496033787727,57.26403160088935,,,,,66,27,35,0,0.019405867904424667,0.8181818127632141,True,exact,0,,0.0,0.0,0.0009765625,0.00146484375,0,0,0
qkv,artificial_medium,artificial,Mx5120x5120 QKV stress shape,1024,8,eager,deferred,single,v10_backward_te_userbuffers_v3,complete_route_then_single_full_gemm,recreate_per_entry,reuse_adjacent_same_shape_v1,branch_masked_v1,branch_masked_v1,1,128,5120,5120,5120,5120,128,24,8,128,adapted_te_userbuffers_backward_formal_10w50i,per_sample_local_cuda_event_then_dist_max,separately timed pack planar dQ/dK/dV -> Userbuffers A2A -> unpack complete dQKV -> full DGrad GEMM and beta=1 WGrad GEMM,MAX,2.9.0+cu128,2.19.0.dev0+a7aec214,/tmp/TransformerEngine-v10-clean/transformer_engine/__init__.py,12.8,2.27.5,NVIDIA L20X|NVIDIA L20X|NVIDIA L20X|NVIDIA L20X|NVIDIA L20X|NVIDIA L20X|NVIDIA L20X|NVIDIA L20X,132|132|132|132|132|132|132|132,:4096:8,16,3,True,False,512,4,False,True,0,0.2516479976475239,0.28051519952714443,53.335504059124254,0.18571200221776962,0.20861919671297074,0.06473600119352341,0.0730608008801937,66,27,35,0,0.019405867904424667,0.8181818127632141,False,exact,0,,0.0,0.0,0.0009765625,0.00146484375,0,0,0
qkv,artificial_medium,artificial,Mx5120x5120 QKV stress shape,1024,8,graph,immediate,single,v10_backward_te_userbuffers_v3,complete_route_then_single_full_gemm,recreate_per_entry,reuse_adjacent_same_shape_v1,branch_masked_v1,branch_masked_v1,0,128,5120,5120,5120,5120,128,24,8,128,adapted_te_userbuffers_backward_formal_10w50i,per_sample_local_cuda_event_then_dist_max,pack planar dQ/dK/dV -> Userbuffers A2A -> unpack complete dQKV -> full DGrad GEMM -> adjacent beta=0 WGrad GEMM,MAX,2.9.0+cu128,2.19.0.dev0+a7aec214,/tmp/TransformerEngine-v10-clean/transformer_engine/__init__.py,12.8,2.27.5,NVIDIA L20X|NVIDIA L20X|NVIDIA L20X|NVIDIA L20X|NVIDIA L20X|NVIDIA L20X|NVIDIA L20X|NVIDIA L20X,132|132|132|132|132|132|132|132,:4096:8,8,3,True,False,1024,4,False,True,0,0.09084799885749817,0.0925135999917984,147.73878311896607,,,,,66,27,35,0,0.01923840120434761,0.8181818127632141,True,exact,0,,0.0,0.0,0.0009765625,0.00146484375,0,0,0
qkv,artificial_medium,artificial,Mx5120x5120 QKV stress shape,1024,8,graph,deferred,single,v10_backward_te_userbuffers_v3,complete_route_then_single_full_gemm,recreate_per_entry,reuse_adjacent_same_shape_v1,branch_masked_v1,branch_masked_v1,1,128,5120,5120,5120,5120,128,24,8,128,adapted_te_userbuffers_backward_formal_10w50i,per_sample_local_cuda_event_then_dist_max,separately timed pack planar dQ/dK/dV -> Userbuffers A2A -> unpack complete dQKV -> full DGrad GEMM and beta=1 WGrad GEMM,MAX,2.9.0+cu128,2.19.0.dev0+a7aec214,/tmp/TransformerEngine-v10-clean/transformer_engine/__init__.py,12.8,2.27.5,NVIDIA L20X|NVIDIA L20X|NVIDIA L20X|NVIDIA L20X|NVIDIA L20X|NVIDIA L20X|NVIDIA L20X|NVIDIA L20X,132|132|132|132|132|132|132|132,:4096:8,8,3,True,False,512,4,False,True,0,0.09364799968898296,0.10076160114258527,143.32151081256868,0.057583998888731,0.05958240088075399,0.036079999059438705,0.03819199949502944,66,27,35,0,0.01923840120434761,0.8181818127632141,True,exact,0,,0.0,0.0,0.0009765625,0.00146484375,0,0,0
qkv,artificial_medium,artificial,Mx5120x5120 QKV stress shape,4096,4,eager,immediate,single,v10_backward_te_userbuffers_v3,complete_route_then_single_full_gemm,recreate_per_entry,reuse_adjacent_same_shape_v1,branch_masked_v1,branch_masked_v1,0,1024,5120,5120,5120,5120,1024,24,8,128,adapted_te_userbuffers_backward_formal_10w50i,per_sample_local_cuda_event_then_dist_max,pack planar dQ/dK/dV -> Userbuffers A2A -> unpack complete dQKV -> full DGrad GEMM -> adjacent beta=0 WGrad GEMM,MAX,2.9.0+cu128,2.19.0.dev0+a7aec214,/tmp/TransformerEngine-v10-clean/transformer_engine/__init__.py,12.8,2.27.5,NVIDIA L20X|NVIDIA L20X|NVIDIA L20X|NVIDIA L20X,132|132|132|132,:4096:8,20,1,True,False,512,4,False,True,0,0.2886880040168762,0.44400160163640967,371.9384972910862,,,,,66,248,35,0,0.06520640105009079,0.9696969985961914,True,same_geometry_s1k,,,,,,,,,
qkv,artificial_medium,artificial,Mx5120x5120 QKV stress shape,4096,4,eager,deferred,single,v10_backward_te_userbuffers_v3,complete_route_then_single_full_gemm,recreate_per_entry,reuse_adjacent_same_shape_v1,branch_masked_v1,branch_masked_v1,1,1024,5120,5120,5120,5120,1024,24,8,128,adapted_te_userbuffers_backward_formal_10w50i,per_sample_local_cuda_event_then_dist_max,separately timed pack planar dQ/dK/dV -> Userbuffers A2A -> unpack complete dQKV -> full DGrad GEMM and beta=1 WGrad GEMM,MAX,2.9.0+cu128,2.19.0.dev0+a7aec214,/tmp/TransformerEngine-v10-clean/transformer_engine/__init__.py,12.8,2.27.5,NVIDIA L20X|NVIDIA L20X|NVIDIA L20X|NVIDIA L20X,132|132|132|132,:4096:8,20,1,True,False,512,4,False,True,0,0.31968000531196594,0.3384768035262823,335.8801946190436,0.20079999417066574,0.21528160348534583,0.11878400295972824,0.12738399729132652,66,248,35,0,0.06520640105009079,0.9696969985961914,False,same_geometry_s1k,,,,,,,,,
qkv,artificial_medium,artificial,Mx5120x5120 QKV stress shape,4096,4,graph,immediate,single,v10_backward_te_userbuffers_v3,complete_route_then_single_full_gemm,recreate_per_entry,reuse_adjacent_same_shape_v1,branch_masked_v1,branch_masked_v1,0,1024,5120,5120,5120,5120,1024,24,8,128,adapted_te_userbuffers_backward_formal_10w50i,per_sample_local_cuda_event_then_dist_max,pack planar dQ/dK/dV -> Userbuffers A2A -> unpack complete dQKV -> full DGrad GEMM -> adjacent beta=0 WGrad GEMM,MAX,2.9.0+cu128,2.19.0.dev0+a7aec214,/tmp/TransformerEngine-v10-clean/transformer_engine/__init__.py,12.8,2.27.5,NVIDIA L20X|NVIDIA L20X|NVIDIA L20X|NVIDIA L20X,132|132|132|132,:4096:8,20,3,True,False,1024,4,False,True,0,0.22891200333833694,0.24516000151634212,469.063137074986,,,,,66,248,35,0,0.06459306180477142,0.9696969985961914,True,same_geometry_s1k,,,,,,,,,
qkv,artificial_medium,artificial,Mx5120x5120 QKV stress shape,4096,4,graph,deferred,single,v10_backward_te_userbuffers_v3,complete_route_then_single_full_gemm,recreate_per_entry,reuse_adjacent_same_shape_v1,branch_masked_v1,branch_masked_v1,1,1024,5120,5120,5120,5120,1024,24,8,128,adapted_te_userbuffers_backward_formal_10w50i,per_sample_local_cuda_event_then_dist_max,separately timed pack planar dQ/dK/dV -> Userbuffers A2A -> unpack complete dQKV -> full DGrad GEMM and beta=1 WGrad GEMM,MAX,2.9.0+cu128,2.19.0.dev0+a7aec214,/tmp/TransformerEngine-v10-clean/transformer_engine/__init__.py,12.8,2.27.5,NVIDIA L20X|NVIDIA L20X|NVIDIA L20X|NVIDIA L20X,132|132|132|132,:4096:8,20,3,True,False,1024,4,False,True,0,0.24409600347280502,0.24714399687945843,439.88504880196723,0.14760000258684158,0.14983519688248634,0.09657599776983261,0.09723680280148983,66,248,35,0,0.06459306180477142,0.9696969985961914,True,same_geometry_s1k,,,,,,,,,
qkv,artificial_medium,artificial,Mx5120x5120 QKV stress shape,4096,8,eager,immediate,single,v10_backward_te_userbuffers_v3,complete_route_then_single_full_gemm,recreate_per_entry,reuse_adjacent_same_shape_v1,branch_masked_v1,branch_masked_v1,0,512,5120,5120,5120,5120,512,24,8,128,adapted_te_userbuffers_backward_formal_10w50i,per_sample_local_cuda_event_then_dist_max,pack planar dQ/dK/dV -> Userbuffers A2A -> unpack complete dQKV -> full DGrad GEMM -> adjacent beta=0 WGrad GEMM,MAX,2.9.0+cu128,2.19.0.dev0+a7aec214,/tmp/TransformerEngine-v10-clean/transformer_engine/__init__.py,12.8,2.27.5,NVIDIA L20X|NVIDIA L20X|NVIDIA L20X|NVIDIA L20X|NVIDIA L20X|NVIDIA L20X|NVIDIA L20X|NVIDIA L20X,132|132|132|132|132|132|132|132,:4096:8,4,1,True,False,512,4,False,True,0,0.28830400109291077,0.3508607998490332,186.21694807037534,,,,,66,197,35,0,0.03704320266842842,0.939393937587738,True,same_geometry_s1k,,,,,,,,,
qkv,artificial_medium,artificial,Mx5120x5120 QKV stress shape,4096,8,eager,deferred,single,v10_backward_te_userbuffers_v3,complete_route_then_single_full_gemm,recreate_per_entry,reuse_adjacent_same_shape_v1,branch_masked_v1,branch_masked_v1,1,512,5120,5120,5120,5120,512,24,8,128,adapted_te_userbuffers_backward_formal_10w50i,per_sample_local_cuda_event_then_dist_max,separately timed pack planar dQ/dK/dV -> Userbuffers A2A -> unpack complete dQKV -> full DGrad GEMM and beta=1 WGrad GEMM,MAX,2.9.0+cu128,2.19.0.dev0+a7aec214,/tmp/TransformerEngine-v10-clean/transformer_engine/__init__.py,12.8,2.27.5,NVIDIA L20X|NVIDIA L20X|NVIDIA L20X|NVIDIA L20X|NVIDIA L20X|NVIDIA L20X|NVIDIA L20X|NVIDIA L20X,132|132|132|132|132|132|132|132,:4096:8,4,1,True,False,512,4,False,True,0,0.3124000057578087,0.36017600186169146,171.85368185179058,0.21385600417852402,0.2504368044435977,0.0976799987256527,0.10482880026102065,66,197,35,0,0.03704320266842842,0.939393937587738,False,same_geometry_s1k,,,,,,,,,
qkv,artificial_medium,artificial,Mx5120x5120 QKV stress shape,4096,8,graph,immediate,single,v10_backward_te_userbuffers_v3,complete_route_then_single_full_gemm,recreate_per_entry,reuse_adjacent_same_shape_v1,branch_masked_v1,branch_masked_v1,0,512,5120,5120,5120,5120,512,24,8,128,adapted_te_userbuffers_backward_formal_10w50i,per_sample_local_cuda_event_then_dist_max,pack planar dQ/dK/dV -> Userbuffers A2A -> unpack complete dQKV -> full DGrad GEMM -> adjacent beta=0 WGrad GEMM,MAX,2.9.0+cu128,2.19.0.dev0+a7aec214,/tmp/TransformerEngine-v10-clean/transformer_engine/__init__.py,12.8,2.27.5,NVIDIA L20X|NVIDIA L20X|NVIDIA L20X|NVIDIA L20X|NVIDIA L20X|NVIDIA L20X|NVIDIA L20X|NVIDIA L20X,132|132|132|132|132|132|132|132,:4096:8,12,3,True,False,1024,4,False,True,0,0.1746079996228218,0.17695039883255959,307.4721164893463,,,,,66,197,35,0,0.036685869097709656,0.939393937587738,True,same_geometry_s1k,,,,,,,,,
qkv,artificial_medium,artificial,Mx5120x5120 QKV stress shape,4096,8,graph,deferred,single,v10_backward_te_userbuffers_v3,complete_route_then_single_full_gemm,recreate_per_entry,reuse_adjacent_same_shape_v1,branch_masked_v1,branch_masked_v1,1,512,5120,5120,5120,5120,512,24,8,128,adapted_te_userbuffers_backward_formal_10w50i,per_sample_local_cuda_event_then_dist_max,separately timed pack planar dQ/dK/dV -> Userbuffers A2A -> unpack complete dQKV -> full DGrad GEMM and beta=1 WGrad GEMM,MAX,2.9.0+cu128,2.19.0.dev0+a7aec214,/tmp/TransformerEngine-v10-clean/transformer_engine/__init__.py,12.8,2.27.5,NVIDIA L20X|NVIDIA L20X|NVIDIA L20X|NVIDIA L20X|NVIDIA L20X|NVIDIA L20X|NVIDIA L20X|NVIDIA L20X,132|132|132|132|132|132|132|132,:4096:8,12,3,True,False,1024,4,False,True,0,0.1857919991016388,0.2151040021330118,288.96341855189416,0.11035199835896492,0.11270719729363918,0.07505599781870842,0.10487520061433314,66,197,35,0,0.036685869097709656,0.939393937587738,False,same_geometry_s1k,,,,,,,,,
qkv,artificial_medium,artificial,Mx5120x5120 QKV stress shape,16384,4,eager,immediate,single,v10_backward_te_userbuffers_v3,complete_route_then_single_full_gemm,recreate_per_entry,reuse_adjacent_same_shape_v1,branch_masked_v1,branch_masked_v1,0,4096,5120,5120,5120,5120,4096,24,8,128,adapted_te_userbuffers_backward_formal_10w50i,per_sample_local_cuda_event_then_dist_max,pack planar dQ/dK/dV -> Userbuffers A2A -> unpack complete dQKV -> full DGrad GEMM -> adjacent beta=0 WGrad GEMM,MAX,2.9.0+cu128,2.19.0.dev0+a7aec214,/tmp/TransformerEngine-v10-clean/transformer_engine/__init__.py,12.8,2.27.5,NVIDIA L20X|NVIDIA L20X|NVIDIA L20X|NVIDIA L20X,132|132|132|132,:4096:8,8,3,True,False,1024,4,False,True,0,0.8540799915790558,0.8637456089258194,502.87646805298647,,,,,66,24,35,4,0.2420714646577835,4.848484992980957,True,same_geometry_s1k,,,,,,,,,
qkv,artificial_medium,artificial,Mx5120x5120 QKV stress shape,16384,4,eager,deferred,single,v10_backward_te_userbuffers_v3,complete_route_then_single_full_gemm,recreate_per_entry,reuse_adjacent_same_shape_v1,branch_masked_v1,branch_masked_v1,1,4096,5120,5120,5120,5120,4096,24,8,128,adapted_te_userbuffers_backward_formal_10w50i,per_sample_local_cuda_event_then_dist_max,separately timed pack planar dQ/dK/dV -> Userbuffers A2A -> unpack complete dQKV -> full DGrad GEMM and beta=1 WGrad GEMM,MAX,2.9.0+cu128,2.19.0.dev0+a7aec214,/tmp/TransformerEngine-v10-clean/transformer_engine/__init__.py,12.8,2.27.5,NVIDIA L20X|NVIDIA L20X|NVIDIA L20X|NVIDIA L20X,132|132|132|132,:4096:8,8,1,True,False,512,4,False,True,0,0.8855040073394775,0.9061343863606452,485.03081413537063,0.5763520002365112,0.5954303950071335,0.30883198976516724,0.3166352018713951,66,29,35,4,0.23694400489330292,7.878787994384766,False,same_geometry_s1k,,,,,,,,,
qkv,artificial_medium,artificial,Mx5120x5120 QKV stress shape,16384,4,graph,immediate,single,v10_backward_te_userbuffers_v3,complete_route_then_single_full_gemm,recreate_per_entry,reuse_adjacent_same_shape_v1,branch_masked_v1,branch_masked_v1,0,4096,5120,5120,5120,5120,4096,24,8,128,adapted_te_userbuffers_backward_formal_10w50i,per_sample_local_cuda_event_then_dist_max,pack planar dQ/dK/dV -> Userbuffers A2A -> unpack complete dQKV -> full DGrad GEMM -> adjacent beta=0 WGrad GEMM,MAX,2.9.0+cu128,2.19.0.dev0+a7aec214,/tmp/TransformerEngine-v10-clean/transformer_engine/__init__.py,12.8,2.27.5,NVIDIA L20X|NVIDIA L20X|NVIDIA L20X|NVIDIA L20X,132|132|132|132,:4096:8,16,3,True,False,1024,4,False,True,0,0.8020640015602112,0.8073520123958587,535.4893484366877,,,,,66,24,35,4,0.24176746606826782,4.848484992980957,True,same_geometry_s1k,,,,,,,,,
qkv,artificial_medium,artificial,Mx5120x5120 QKV stress shape,16384,4,graph,deferred,single,v10_backward_te_userbuffers_v3,complete_route_then_single_full_gemm,recreate_per_entry,reuse_adjacent_same_shape_v1,branch_masked_v1,branch_masked_v1,1,4096,5120,5120,5120,5120,4096,24,8,128,adapted_te_userbuffers_backward_formal_10w50i,per_sample_local_cuda_event_then_dist_max,separately timed pack planar dQ/dK/dV -> Userbuffers A2A -> unpack complete dQKV -> full DGrad GEMM and beta=1 WGrad GEMM,MAX,2.9.0+cu128,2.19.0.dev0+a7aec214,/tmp/TransformerEngine-v10-clean/transformer_engine/__init__.py,12.8,2.27.5,NVIDIA L20X|NVIDIA L20X|NVIDIA L20X|NVIDIA L20X,132|132|132|132,:4096:8,20,3,True,False,1024,4,False,True,0,0.8028160035610199,0.8171263977885246,534.9877527290163,0.5159680247306824,0.5175215810537338,0.2865599989891052,0.30048639327287674,66,24,35,4,0.24060267210006714,4.848484992980957,True,same_geometry_s1k,,,,,,,,,
qkv,artificial_medium,artificial,Mx5120x5120 QKV stress shape,16384,8,eager,immediate,single,v10_backward_te_userbuffers_v3,complete_route_then_single_full_gemm,recreate_per_entry,reuse_adjacent_same_shape_v1,branch_masked_v1,branch_masked_v1,0,2048,5120,5120,5120,5120,2048,24,8,128,adapted_te_userbuffers_backward_formal_10w50i,per_sample_local_cuda_event_then_dist_max,pack planar dQ/dK/dV -> Userbuffers A2A -> unpack complete dQKV -> full DGrad GEMM -> adjacent beta=0 WGrad GEMM,MAX,2.9.0+cu128,2.19.0.dev0+a7aec214,/tmp/TransformerEngine-v10-clean/transformer_engine/__init__.py,12.8,2.27.5,NVIDIA L20X|NVIDIA L20X|NVIDIA L20X|NVIDIA L20X|NVIDIA L20X|NVIDIA L20X|NVIDIA L20X|NVIDIA L20X,132|132|132|132|132|132|132|132,:4096:8,12,3,True,False,1024,4,False,True,0,0.5699039995670319,0.5803151816129685,376.8149810549652,,,,,66,29,35,4,0.12302933633327484,3.939393997192383,True,same_geometry_s1k,,,,,,,,,
qkv,artificial_medium,artificial,Mx5120x5120 QKV stress shape,16384,8,eager,deferred,single,v10_backward_te_userbuffers_v3,complete_route_then_single_full_gemm,recreate_per_entry,reuse_adjacent_same_shape_v1,branch_masked_v1,branch_masked_v1,1,2048,5120,5120,5120,5120,2048,24,8,128,adapted_te_userbuffers_backward_formal_10w50i,per_sample_local_cuda_event_then_dist_max,separately timed pack planar dQ/dK/dV -> Userbuffers A2A -> unpack complete dQKV -> full DGrad GEMM and beta=1 WGrad GEMM,MAX,2.9.0+cu128,2.19.0.dev0+a7aec214,/tmp/TransformerEngine-v10-clean/transformer_engine/__init__.py,12.8,2.27.5,NVIDIA L20X|NVIDIA L20X|NVIDIA L20X|NVIDIA L20X|NVIDIA L20X|NVIDIA L20X|NVIDIA L20X|NVIDIA L20X,132|132|132|132|132|132|132|132,:4096:8,12,3,True,False,1024,4,False,True,0,0.6083519980311394,0.6465263955295084,353.00017998627135,0.38870400190353394,0.3990367904305458,0.21825599670410156,0.2562127955257891,66,29,35,4,0.12302933633327484,3.939393997192383,True,same_geometry_s1k,,,,,,,,,
qkv,artificial_medium,artificial,Mx5120x5120 QKV stress shape,16384,8,graph,immediate,single,v10_backward_te_userbuffers_v3,complete_route_then_single_full_gemm,recreate_per_entry,reuse_adjacent_same_shape_v1,branch_masked_v1,branch_masked_v1,0,2048,5120,5120,5120,5120,2048,24,8,128,adapted_te_userbuffers_backward_formal_10w50i,per_sample_local_cuda_event_then_dist_max,pack planar dQ/dK/dV -> Userbuffers A2A -> unpack complete dQKV -> full DGrad GEMM -> adjacent beta=0 WGrad GEMM,MAX,2.9.0+cu128,2.19.0.dev0+a7aec214,/tmp/TransformerEngine-v10-clean/transformer_engine/__init__.py,12.8,2.27.5,NVIDIA L20X|NVIDIA L20X|NVIDIA L20X|NVIDIA L20X|NVIDIA L20X|NVIDIA L20X|NVIDIA L20X|NVIDIA L20X,132|132|132|132|132|132|132|132,:4096:8,20,3,True,False,1024,4,False,True,0,0.5203039944171906,0.5259087920188903,412.73633703417295,,,,,66,29,35,4,0.12304746359586716,3.939393997192383,True,same_geometry_s1k,,,,,,,,,
qkv,artificial_medium,artificial,Mx5120x5120 QKV stress shape,16384,8,graph,deferred,single,v10_backward_te_userbuffers_v3,complete_route_then_single_full_gemm,recreate_per_entry,reuse_adjacent_same_shape_v1,branch_masked_v1,branch_masked_v1,1,2048,5120,5120,5120,5120,2048,24,8,128,adapted_te_userbuffers_backward_formal_10w50i,per_sample_local_cuda_event_then_dist_max,separately timed pack planar dQ/dK/dV -> Userbuffers A2A -> unpack complete dQKV -> full DGrad GEMM and beta=1 WGrad GEMM,MAX,2.9.0+cu128,2.19.0.dev0+a7aec214,/tmp/TransformerEngine-v10-clean/transformer_engine/__init__.py,12.8,2.27.5,NVIDIA L20X|NVIDIA L20X|NVIDIA L20X|NVIDIA L20X|NVIDIA L20X|NVIDIA L20X|NVIDIA L20X|NVIDIA L20X,132|132|132|132|132|132|132|132,:4096:8,20,3,True,False,1024,4,False,True,0,0.5393439903855324,0.5425759971141815,398.1658619140155,0.3434560000896454,0.3459264114499092,0.1956159994006157,0.19699199497699738,66,29,35,4,0.12304746359586716,3.939393997192383,False,same_geometry_s1k,,,,,,,,,
qkv,artificial_medium,artificial,Mx5120x5120 QKV stress shape,131072,4,eager,immediate,single,v10_backward_te_userbuffers_v3,complete_route_then_single_full_gemm,recreate_per_entry,reuse_adjacent_same_shape_v1,branch_masked_v1,branch_masked_v1,0,32768,5120,5120,5120,5120,32768,24,8,128,adapted_te_userbuffers_backward_formal_10w50i,per_sample_local_cuda_event_then_dist_max,pack planar dQ/dK/dV -> Userbuffers A2A -> unpack complete dQKV -> full DGrad GEMM -> adjacent beta=0 WGrad GEMM,MAX,2.9.0+cu128,2.19.0.dev0+a7aec214,/tmp/TransformerEngine-v10-clean/transformer_engine/__init__.py,12.8,2.27.5,NVIDIA L20X|NVIDIA L20X|NVIDIA L20X|NVIDIA L20X,132|132|132|132,:4096:8,20,2,False,True,1024,4,True,True,0,6.440367937088013,6.5772175788879395,533.5058292265151,,,,,66,24,35,4,2.007024049758911,38.787879943847656,True,same_geometry_s1k,,,,,,,,,
qkv,artificial_medium,artificial,Mx5120x5120 QKV stress shape,131072,4,eager,deferred,single,v10_backward_te_userbuffers_v3,complete_route_then_single_full_gemm,recreate_per_entry,reuse_adjacent_same_shape_v1,branch_masked_v1,branch_masked_v1,1,32768,5120,5120,5120,5120,32768,24,8,128,adapted_te_userbuffers_backward_formal_10w50i,per_sample_local_cuda_event_then_dist_max,separately timed pack planar dQ/dK/dV -> Userbuffers A2A -> unpack complete dQKV -> full DGrad GEMM and beta=1 WGrad GEMM,MAX,2.9.0+cu128,2.19.0.dev0+a7aec214,/tmp/TransformerEngine-v10-clean/transformer_engine/__init__.py,12.8,2.27.5,NVIDIA L20X|NVIDIA L20X|NVIDIA L20X|NVIDIA L20X,132|132|132|132,:4096:8,20,2,False,True,1024,4,True,True,0,6.5087679624557495,6.653071856498718,527.8992670532399,4.057647943496704,4.162705397605896,2.442736029624939,2.523699104785919,66,24,35,4,2.007024049758911,38.787879943847656,False,same_geometry_s1k,,,,,,,,,
qkv,artificial_medium,artificial,Mx5120x5120 QKV stress shape,131072,4,graph,immediate,single,v10_backward_te_userbuffers_v3,complete_route_then_single_full_gemm,recreate_per_entry,reuse_adjacent_same_shape_v1,branch_masked_v1,branch_masked_v1,0,32768,5120,5120,5120,5120,32768,24,8,128,adapted_te_userbuffers_backward_formal_10w50i,per_sample_local_cuda_event_then_dist_max,pack planar dQ/dK/dV -> Userbuffers A2A -> unpack complete dQKV -> full DGrad GEMM -> adjacent beta=0 WGrad GEMM,MAX,2.9.0+cu128,2.19.0.dev0+a7aec214,/tmp/TransformerEngine-v10-clean/transformer_engine/__init__.py,12.8,2.27.5,NVIDIA L20X|NVIDIA L20X|NVIDIA L20X|NVIDIA L20X,132|132|132|132,:4096:8,20,3,True,False,1024,4,False,True,0,6.512848138809204,6.614404654502868,527.5685481326494,,,,,66,23,35,4,2.0046517848968506,38.787879943847656,True,same_geometry_s1k,,,,,,,,,
qkv,artificial_medium,artificial,Mx5120x5120 QKV stress shape,131072,4,graph,deferred,single,v10_backward_te_userbuffers_v3,complete_route_then_single_full_gemm,recreate_per_entry,reuse_adjacent_same_shape_v1,branch_masked_v1,branch_masked_v1,1,32768,5120,5120,5120,5120,32768,24,8,128,adapted_te_userbuffers_backward_formal_10w50i,per_sample_local_cuda_event_then_dist_max,separately timed pack planar dQ/dK/dV -> Userbuffers A2A -> unpack complete dQKV -> full DGrad GEMM and beta=1 WGrad GEMM,MAX,2.9.0+cu128,2.19.0.dev0+a7aec214,/tmp/TransformerEngine-v10-clean/transformer_engine/__init__.py,12.8,2.27.5,NVIDIA L20X|NVIDIA L20X|NVIDIA L20X|NVIDIA L20X,132|132|132|132,:4096:8,20,3,True,False,1024,4,False,True,0,6.456544041633606,6.5198143243789675,532.1691937116633,4.014240026473999,4.081017565727234,2.4376959800720215,2.4550751686096195,66,23,35,4,2.0046517848968506,38.787879943847656,True,same_geometry_s1k,,,,,,,,,
qkv,artificial_medium,artificial,Mx5120x5120 QKV stress shape,131072,8,eager,immediate,single,v10_backward_te_userbuffers_v3,complete_route_then_single_full_gemm,recreate_per_entry,reuse_adjacent_same_shape_v1,branch_masked_v1,branch_masked_v1,0,16384,5120,5120,5120,5120,16384,24,8,128,adapted_te_userbuffers_backward_formal_10w50i,per_sample_local_cuda_event_then_dist_max,pack planar dQ/dK/dV -> Userbuffers A2A -> unpack complete dQKV -> full DGrad GEMM -> adjacent beta=0 WGrad GEMM,MAX,2.9.0+cu128,2.19.0.dev0+a7aec214,/tmp/TransformerEngine-v10-clean/transformer_engine/__init__.py,12.8,2.27.5,NVIDIA L20X|NVIDIA L20X|NVIDIA L20X|NVIDIA L20X|NVIDIA L20X|NVIDIA L20X|NVIDIA L20X|NVIDIA L20X,132|132|132|132|132|132|132|132,:4096:8,24,3,True,False,1024,4,False,True,0,3.7014719247817993,3.7188687443733217,464.13614727100077,,,,,66,248,35,4,0.9845920205116272,15.515151977539062,True,same_geometry_s1k,,,,,,,,,
qkv,artificial_medium,artificial,Mx5120x5120 QKV stress shape,131072,8,eager,deferred,single,v10_backward_te_userbuffers_v3,complete_route_then_single_full_gemm,recreate_per_entry,reuse_adjacent_same_shape_v1,branch_masked_v1,branch_masked_v1,1,16384,5120,5120,5120,5120,16384,24,8,128,adapted_te_userbuffers_backward_formal_10w50i,per_sample_local_cuda_event_then_dist_max,separately timed pack planar dQ/dK/dV -> Userbuffers A2A -> unpack complete dQKV -> full DGrad GEMM and beta=1 WGrad GEMM,MAX,2.9.0+cu128,2.19.0.dev0+a7aec214,/tmp/TransformerEngine-v10-clean/transformer_engine/__init__.py,12.8,2.27.5,NVIDIA L20X|NVIDIA L20X|NVIDIA L20X|NVIDIA L20X|NVIDIA L20X|NVIDIA L20X|NVIDIA L20X|NVIDIA L20X,132|132|132|132|132|132|132|132,:4096:8,24,3,True,False,1024,4,False,True,0,3.7459359765052795,3.7662479043006893,458.6268770142657,2.4482879638671875,2.465419113636017,1.2955679893493652,1.3124000012874604,66,248,35,4,0.9845920205116272,15.515151977539062,True,same_geometry_s1k,,,,,,,,,
qkv,artificial_medium,artificial,Mx5120x5120 QKV stress shape,131072,8,graph,immediate,single,v10_backward_te_userbuffers_v3,complete_route_then_single_full_gemm,recreate_per_entry,reuse_adjacent_same_shape_v1,branch_masked_v1,branch_masked_v1,0,16384,5120,5120,5120,5120,16384,24,8,128,adapted_te_userbuffers_backward_formal_10w50i,per_sample_local_cuda_event_then_dist_max,pack planar dQ/dK/dV -> Userbuffers A2A -> unpack complete dQKV -> full DGrad GEMM -> adjacent beta=0 WGrad GEMM,MAX,2.9.0+cu128,2.19.0.dev0+a7aec214,/tmp/TransformerEngine-v10-clean/transformer_engine/__init__.py,12.8,2.27.5,NVIDIA L20X|NVIDIA L20X|NVIDIA L20X|NVIDIA L20X|NVIDIA L20X|NVIDIA L20X|NVIDIA L20X|NVIDIA L20X,132|132|132|132|132|132|132|132,:4096:8,24,3,True,False,1024,4,False,True,0,3.65231990814209,3.677840006351471,470.3823765738879,,,,,66,248,35,4,0.9845920205116272,15.515151977539062,True,same_geometry_s1k,,,,,,,,,
qkv,artificial_medium,artificial,Mx5120x5120 QKV stress shape,131072,8,graph,deferred,single,v10_backward_te_userbuffers_v3,complete_route_then_single_full_gemm,recreate_per_entry,reuse_adjacent_same_shape_v1,branch_masked_v1,branch_masked_v1,1,16384,5120,5120,5120,5120,16384,24,8,128,adapted_te_userbuffers_backward_formal_10w50i,per_sample_local_cuda_event_then_dist_max,separately timed pack planar dQ/dK/dV -> Userbuffers A2A -> unpack complete dQKV -> full DGrad GEMM and beta=1 WGrad GEMM,MAX,2.9.0+cu128,2.19.0.dev0+a7aec214,/tmp/TransformerEngine-v10-clean/transformer_engine/__init__.py,12.8,2.27.5,NVIDIA L20X|NVIDIA L20X|NVIDIA L20X|NVIDIA L20X|NVIDIA L20X|NVIDIA L20X|NVIDIA L20X|NVIDIA L20X,132|132|132|132|132|132|132|132,:4096:8,24,3,True,False,1024,4,False,True,0,3.67929607629776,3.6940783619880673,466.9335880489129,2.4140480756759644,2.426916861534119,1.266864001750946,1.2721695959568025,66,248,35,4,0.9845920205116272,15.515151977539062,True,same_geometry_s1k,,,,,,,,,
qkv,artificial_medium,artificial,Mx5120x5120 QKV stress shape,262144,4,eager,immediate,single,v10_backward_te_userbuffers_v3,complete_route_then_single_full_gemm,recreate_per_entry,reuse_adjacent_same_shape_v1,branch_masked_v1,branch_masked_v1,0,65536,5120,5120,5120,5120,65536,24,8,128,adapted_te_userbuffers_backward_formal_10w50i,per_sample_local_cuda_event_then_dist_max,pack planar dQ/dK/dV -> Userbuffers A2A -> unpack complete dQKV -> full DGrad GEMM -> adjacent beta=0 WGrad GEMM,MAX,2.9.0+cu128,2.19.0.dev0+a7aec214,/tmp/TransformerEngine-v10-clean/transformer_engine/__init__.py,12.8,2.27.5,NVIDIA L20X|NVIDIA L20X|NVIDIA L20X|NVIDIA L20X,132|132|132|132,:4096:8,24,2,False,True,1024,4,True,True,0,13.055567741394043,13.28294563293457,526.3614581702005,,,,,66,29,35,4,4.114909648895264,124.24242401123047,True,same_geometry_s1k,,,,,,,,,
qkv,artificial_medium,artificial,Mx5120x5120 QKV stress shape,262144,4,eager,deferred,single,v10_backward_te_userbuffers_v3,complete_route_then_single_full_gemm,recreate_per_entry,reuse_adjacent_same_shape_v1,branch_masked_v1,branch_masked_v1,1,65536,5120,5120,5120,5120,65536,24,8,128,adapted_te_userbuffers_backward_formal_10w50i,per_sample_local_cuda_event_then_dist_max,separately timed pack planar dQ/dK/dV -> Userbuffers A2A -> unpack complete dQKV -> full DGrad GEMM and beta=1 WGrad GEMM,MAX,2.9.0+cu128,2.19.0.dev0+a7aec214,/tmp/TransformerEngine-v10-clean/transformer_engine/__init__.py,12.8,2.27.5,NVIDIA L20X|NVIDIA L20X|NVIDIA L20X|NVIDIA L20X,132|132|132|132,:4096:8,24,2,False,True,1024,4,True,True,0,13.002032279968262,13.089502716064453,528.5287350183978,8.076128005981445,8.166103839874268,4.921983957290649,4.963206267356872,66,29,35,4,4.114909648895264,124.24242401123047,False,same_geometry_s1k,,,,,,,,,
qkv,artificial_medium,artificial,Mx5120x5120 QKV stress shape,262144,4,graph,immediate,single,v10_backward_te_userbuffers_v3,complete_route_then_single_full_gemm,recreate_per_entry,reuse_adjacent_same_shape_v1,branch_masked_v1,branch_masked_v1,0,65536,5120,5120,5120,5120,65536,24,8,128,adapted_te_userbuffers_backward_formal_10w50i,per_sample_local_cuda_event_then_dist_max,pack planar dQ/dK/dV -> Userbuffers A2A -> unpack complete dQKV -> full DGrad GEMM -> adjacent beta=0 WGrad GEMM,MAX,2.9.0+cu128,2.19.0.dev0+a7aec214,/tmp/TransformerEngine-v10-clean/transformer_engine/__init__.py,12.8,2.27.5,NVIDIA L20X|NVIDIA L20X|NVIDIA L20X|NVIDIA L20X,132|132|132|132,:4096:8,20,3,False,True,1024,4,True,True,0,12.973727703094482,15.094407939910887,529.681817814082,,,,,66,29,35,4,4.116293430328369,124.24242401123047,True,same_geometry_s1k,,,,,,,,,
qkv,artificial_medium,artificial,Mx5120x5120 QKV stress shape,262144,4,graph,deferred,single,v10_backward_te_userbuffers_v3,complete_route_then_single_full_gemm,recreate_per_entry,reuse_adjacent_same_shape_v1,branch_masked_v1,branch_masked_v1,1,65536,5120,5120,5120,5120,65536,24,8,128,adapted_te_userbuffers_backward_formal_10w50i,per_sample_local_cuda_event_then_dist_max,separately timed pack planar dQ/dK/dV -> Userbuffers A2A -> unpack complete dQKV -> full DGrad GEMM and beta=1 WGrad GEMM,MAX,2.9.0+cu128,2.19.0.dev0+a7aec214,/tmp/TransformerEngine-v10-clean/transformer_engine/__init__.py,12.8,2.27.5,NVIDIA L20X|NVIDIA L20X|NVIDIA L20X|NVIDIA L20X,132|132|132|132,:4096:8,20,3,True,False,1024,4,True,True,0,12.982368469238281,13.042734003067018,529.3292737671926,8.065088272094727,8.120860719680785,4.911440134048462,4.982022476196289,66,24,35,4,4.111155986785889,77.57575988769531,True,same_geometry_s1k,,,,,,,,,
qkv,artificial_medium,artificial,Mx5120x5120 QKV stress shape,262144,8,eager,immediate,single,v10_backward_te_userbuffers_v3,complete_route_then_single_full_gemm,recreate_per_entry,reuse_adjacent_same_shape_v1,branch_masked_v1,branch_masked_v1,0,32768,5120,5120,5120,5120,32768,24,8,128,adapted_te_userbuffers_backward_formal_10w50i,per_sample_local_cuda_event_then_dist_max,pack planar dQ/dK/dV -> Userbuffers A2A -> unpack complete dQKV -> full DGrad GEMM -> adjacent beta=0 WGrad GEMM,MAX,2.9.0+cu128,2.19.0.dev0+a7aec214,/tmp/TransformerEngine-v10-clean/transformer_engine/__init__.py,12.8,2.27.5,NVIDIA L20X|NVIDIA L20X|NVIDIA L20X|NVIDIA L20X|NVIDIA L20X|NVIDIA L20X|NVIDIA L20X|NVIDIA L20X,132|132|132|132|132|132|132|132,:4096:8,24,3,True,False,1024,4,True,True,0,7.237104177474976,7.284686326980591,474.7719187868331,,,,,66,24,35,4,2.0014047622680664,38.787879943847656,True,same_geometry_s1k,,,,,,,,,
qkv,artificial_medium,artificial,Mx5120x5120 QKV stress shape,262144,8,eager,deferred,single,v10_backward_te_userbuffers_v3,complete_route_then_single_full_gemm,recreate_per_entry,reuse_adjacent_same_shape_v1,branch_masked_v1,branch_masked_v1,1,32768,5120,5120,5120,5120,32768,24,8,128,adapted_te_userbuffers_backward_formal_10w50i,per_sample_local_cuda_event_then_dist_max,separately timed pack planar dQ/dK/dV -> Userbuffers A2A -> unpack complete dQKV -> full DGrad GEMM and beta=1 WGrad GEMM,MAX,2.9.0+cu128,2.19.0.dev0+a7aec214,/tmp/TransformerEngine-v10-clean/transformer_engine/__init__.py,12.8,2.27.5,NVIDIA L20X|NVIDIA L20X|NVIDIA L20X|NVIDIA L20X|NVIDIA L20X|NVIDIA L20X|NVIDIA L20X|NVIDIA L20X,132|132|132|132|132|132|132|132,:4096:8,24,3,True,False,1024,4,False,True,0,7.2982399463653564,7.3385296940803535,470.79485767128983,4.776160001754761,4.820835161209106,2.5187360048294067,2.541107177734375,66,24,35,4,2.0014047622680664,38.787879943847656,True,same_geometry_s1k,,,,,,,,,
qkv,artificial_medium,artificial,Mx5120x5120 QKV stress shape,262144,8,graph,immediate,single,v10_backward_te_userbuffers_v3,complete_route_then_single_full_gemm,recreate_per_entry,reuse_adjacent_same_shape_v1,branch_masked_v1,branch_masked_v1,0,32768,5120,5120,5120,5120,32768,24,8,128,adapted_te_userbuffers_backward_formal_10w50i,per_sample_local_cuda_event_then_dist_max,pack planar dQ/dK/dV -> Userbuffers A2A -> unpack complete dQKV -> full DGrad GEMM -> adjacent beta=0 WGrad GEMM,MAX,2.9.0+cu128,2.19.0.dev0+a7aec214,/tmp/TransformerEngine-v10-clean/transformer_engine/__init__.py,12.8,2.27.5,NVIDIA L20X|NVIDIA L20X|NVIDIA L20X|NVIDIA L20X|NVIDIA L20X|NVIDIA L20X|NVIDIA L20X|NVIDIA L20X,132|132|132|132|132|132|132|132,:4096:8,24,3,True,False,1024,4,False,True,0,7.194783926010132,7.2392559289932255,477.56456234613006,,,,,66,24,35,4,2.0014047622680664,38.787879943847656,True,same_geometry_s1k,,,,,,,,,
qkv,artificial_medium,artificial,Mx5120x5120 QKV stress shape,262144,8,graph,deferred,single,v10_backward_te_userbuffers_v3,complete_route_then_single_full_gemm,recreate_per_entry,reuse_adjacent_same_shape_v1,branch_masked_v1,branch_masked_v1,1,32768,5120,5120,5120,5120,32768,24,8,128,adapted_te_userbuffers_backward_formal_10w50i,per_sample_local_cuda_event_then_dist_max,separately timed pack planar dQ/dK/dV -> Userbuffers A2A -> unpack complete dQKV -> full DGrad GEMM and beta=1 WGrad GEMM,MAX,2.9.0+cu128,2.19.0.dev0+a7aec214,/tmp/TransformerEngine-v10-clean/transformer_engine/__init__.py,12.8,2.27.5,NVIDIA L20X|NVIDIA L20X|NVIDIA L20X|NVIDIA L20X|NVIDIA L20X|NVIDIA L20X|NVIDIA L20X|NVIDIA L20X,132|132|132|132|132|132|132|132,:4096:8,24,3,True,False,1024,4,False,True,0,7.231871962547302,7.270953583717346,475.1154133527742,4.7324159145355225,4.761497545242309,2.497856020927429,2.5199055075645447,66,24,35,4,2.0014047622680664,38.787879943847656,True,same_geometry_s1k,,,,,,,,,
qkv,artificial_medium,artificial,Mx5120x5120 QKV stress shape,524288,4,eager,immediate,single,v10_backward_te_userbuffers_v3,complete_route_then_single_full_gemm,recreate_per_entry,reuse_adjacent_same_shape_v1,branch_masked_v1,branch_masked_v1,0,131072,5120,5120,5120,5120,131072,24,8,128,adapted_te_userbuffers_backward_formal_10w50i,per_sample_local_cuda_event_then_dist_max,pack planar dQ/dK/dV -> Userbuffers A2A -> unpack complete dQKV -> full DGrad GEMM -> adjacent beta=0 WGrad GEMM,MAX,2.9.0+cu128,2.19.0.dev0+a7aec214,/tmp/TransformerEngine-v10-clean/transformer_engine/__init__.py,12.8,2.27.5,NVIDIA L20X|NVIDIA L20X|NVIDIA L20X|NVIDIA L20X,132|132|132|132,:4096:8,24,2,False,True,1024,4,False,True,0,26.570640563964844,29.18982229232788,517.2587132069183,,,,,66,29,35,4,8.29287052154541,248.48484802246094,True,same_geometry_s1k,,,,,,,,,
qkv,artificial_medium,artificial,Mx5120x5120 QKV stress shape,524288,4,eager,deferred,single,v10_backward_te_userbuffers_v3,complete_route_then_single_full_gemm,recreate_per_entry,reuse_adjacent_same_shape_v1,branch_masked_v1,branch_masked_v1,1,131072,5120,5120,5120,5120,131072,24,8,128,adapted_te_userbuffers_backward_formal_10w50i,per_sample_local_cuda_event_then_dist_max,separately timed pack planar dQ/dK/dV -> Userbuffers A2A -> unpack complete dQKV -> full DGrad GEMM and beta=1 WGrad GEMM,MAX,2.9.0+cu128,2.19.0.dev0+a7aec214,/tmp/TransformerEngine-v10-clean/transformer_engine/__init__.py,12.8,2.27.5,NVIDIA L20X|NVIDIA L20X|NVIDIA L20X|NVIDIA L20X,132|132|132|132,:4096:8,24,2,False,True,1024,4,False,True,0,26.411888122558594,26.96560125350952,520.3677708850067,16.223536491394043,16.68304443359375,10.215071678161621,10.574400186538696,66,29,35,4,8.29287052154541,248.48484802246094,False,same_geometry_s1k,,,,,,,,,
qkv,artificial_medium,artificial,Mx5120x5120 QKV stress shape,524288,4,graph,immediate,single,v10_backward_te_userbuffers_v3,complete_route_then_single_full_gemm,recreate_per_entry,reuse_adjacent_same_shape_v1,branch_masked_v1,branch_masked_v1,0,131072,5120,5120,5120,5120,131072,24,8,128,adapted_te_userbuffers_backward_formal_10w50i,per_sample_local_cuda_event_then_dist_max,pack planar dQ/dK/dV -> Userbuffers A2A -> unpack complete dQKV -> full DGrad GEMM -> adjacent beta=0 WGrad GEMM,MAX,2.9.0+cu128,2.19.0.dev0+a7aec214,/tmp/TransformerEngine-v10-clean/transformer_engine/__init__.py,12.8,2.27.5,NVIDIA L20X|NVIDIA L20X|NVIDIA L20X|NVIDIA L20X,132|132|132|132,:4096:8,20,3,True,False,1024,4,False,True,0,26.7291841506958,29.015708637237548,514.1906041618643,,,,,66,29,35,4,8.291980743408203,248.48484802246094,True,same_geometry_s1k,,,,,,,,,
qkv,artificial_medium,artificial,Mx5120x5120 QKV stress shape,524288,4,graph,deferred,single,v10_backward_te_userbuffers_v3,complete_route_then_single_full_gemm,recreate_per_entry,reuse_adjacent_same_shape_v1,branch_masked_v1,branch_masked_v1,1,131072,5120,5120,5120,5120,131072,24,8,128,adapted_te_userbuffers_backward_formal_10w50i,per_sample_local_cuda_event_then_dist_max,separately timed pack planar dQ/dK/dV -> Userbuffers A2A -> unpack complete dQKV -> full DGrad GEMM and beta=1 WGrad GEMM,MAX,2.9.0+cu128,2.19.0.dev0+a7aec214,/tmp/TransformerEngine-v10-clean/transformer_engine/__init__.py,12.8,2.27.5,NVIDIA L20X|NVIDIA L20X|NVIDIA L20X|NVIDIA L20X,132|132|132|132,:4096:8,20,3,False,True,1024,4,True,True,0,26.548895359039307,27.02201557159424,517.6823804279492,16.233360290527344,16.81249542236328,10.300447940826416,10.565686225891113,66,29,35,4,8.305370330810547,248.48484802246094,False,same_geometry_s1k,,,,,,,,,
qkv,artificial_medium,artificial,Mx5120x5120 QKV stress shape,524288,8,eager,immediate,single,v10_backward_te_userbuffers_v3,complete_route_then_single_full_gemm,recreate_per_entry,reuse_adjacent_same_shape_v1,branch_masked_v1,branch_masked_v1,0,65536,5120,5120,5120,5120,65536,24,8,128,adapted_te_userbuffers_backward_formal_10w50i,per_sample_local_cuda_event_then_dist_max,pack planar dQ/dK/dV -> Userbuffers A2A -> unpack complete dQKV -> full DGrad GEMM -> adjacent beta=0 WGrad GEMM,MAX,2.9.0+cu128,2.19.0.dev0+a7aec214,/tmp/TransformerEngine-v10-clean/transformer_engine/__init__.py,12.8,2.27.5,NVIDIA L20X|NVIDIA L20X|NVIDIA L20X|NVIDIA L20X|NVIDIA L20X|NVIDIA L20X|NVIDIA L20X|NVIDIA L20X,132|132|132|132|132|132|132|132,:4096:8,24,3,True,False,1024,4,False,True,0,14.357088088989258,14.449409437179565,478.6449474298508,,,,,66,29,35,4,4.120360374450684,124.24242401123047,True,same_geometry_s1k,,,,,,,,,
qkv,artificial_medium,artificial,Mx5120x5120 QKV stress shape,524288,8,eager,deferred,single,v10_backward_te_userbuffers_v3,complete_route_then_single_full_gemm,recreate_per_entry,reuse_adjacent_same_shape_v1,branch_masked_v1,branch_masked_v1,1,65536,5120,5120,5120,5120,65536,24,8,128,adapted_te_userbuffers_backward_formal_10w50i,per_sample_local_cuda_event_then_dist_max,separately timed pack planar dQ/dK/dV -> Userbuffers A2A -> unpack complete dQKV -> full DGrad GEMM and beta=1 WGrad GEMM,MAX,2.9.0+cu128,2.19.0.dev0+a7aec214,/tmp/TransformerEngine-v10-clean/transformer_engine/__init__.py,12.8,2.27.5,NVIDIA L20X|NVIDIA L20X|NVIDIA L20X|NVIDIA L20X|NVIDIA L20X|NVIDIA L20X|NVIDIA L20X|NVIDIA L20X,132|132|132|132|132|132|132|132,:4096:8,24,3,True,False,1024,4,False,True,0,14.440095663070679,14.545756888389587,475.89350056554156,9.45524787902832,9.5495135307312,4.981584072113037,5.050467252731323,66,29,35,4,4.120360374450684,124.24242401123047,True,same_geometry_s1k,,,,,,,,,
qkv,artificial_medium,artificial,Mx5120x5120 QKV stress shape,524288,8,graph,immediate,single,v10_backward_te_userbuffers_v3,complete_route_then_single_full_gemm,recreate_per_entry,reuse_adjacent_same_shape_v1,branch_masked_v1,branch_masked_v1,0,65536,5120,5120,5120,5120,65536,24,8,128,adapted_te_userbuffers_backward_formal_10w50i,per_sample_local_cuda_event_then_dist_max,pack planar dQ/dK/dV -> Userbuffers A2A -> unpack complete dQKV -> full DGrad GEMM -> adjacent beta=0 WGrad GEMM,MAX,2.9.0+cu128,2.19.0.dev0+a7aec214,/tmp/TransformerEngine-v10-clean/transformer_engine/__init__.py,12.8,2.27.5,NVIDIA L20X|NVIDIA L20X|NVIDIA L20X|NVIDIA L20X|NVIDIA L20X|NVIDIA L20X|NVIDIA L20X|NVIDIA L20X,132|132|132|132|132|132|132|132,:4096:8,20,3,True,False,1024,4,False,True,0,14.328255653381348,14.457737684249878,479.6081141934593,,,,,66,29,35,4,4.106105327606201,124.24242401123047,True,same_geometry_s1k,,,,,,,,,
qkv,artificial_medium,artificial,Mx5120x5120 QKV stress shape,524288,8,graph,deferred,single,v10_backward_te_userbuffers_v3,complete_route_then_single_full_gemm,recreate_per_entry,reuse_adjacent_same_shape_v1,branch_masked_v1,branch_masked_v1,1,65536,5120,5120,5120,5120,65536,24,8,128,adapted_te_userbuffers_backward_formal_10w50i,per_sample_local_cuda_event_then_dist_max,separately timed pack planar dQ/dK/dV -> Userbuffers A2A -> unpack complete dQKV -> full DGrad GEMM and beta=1 WGrad GEMM,MAX,2.9.0+cu128,2.19.0.dev0+a7aec214,/tmp/TransformerEngine-v10-clean/transformer_engine/__init__.py,12.8,2.27.5,NVIDIA L20X|NVIDIA L20X|NVIDIA L20X|NVIDIA L20X|NVIDIA L20X|NVIDIA L20X|NVIDIA L20X|NVIDIA L20X,132|132|132|132|132|132|132|132,:4096:8,20,3,True,False,1024,4,False,True,0,14.396000146865845,14.466980481147765,477.3511811262445,9.43232011795044,9.499142599105834,4.964400053024292,5.000300765037537,66,29,35,4,4.106105327606201,124.24242401123047,True,same_geometry_s1k,,,,,,,,,
qkv,artificial_large,artificial,Mx7168x16384 QKV stress shape,1024,4,eager,immediate,single,v10_backward_te_userbuffers_v3,complete_route_then_single_full_gemm,recreate_per_entry,reuse_adjacent_same_shape_v1,branch_masked_v1,branch_masked_v1,0,256,16384,7168,7168,16384,256,40,8,128,adapted_te_userbuffers_backward_formal_10w50i,per_sample_local_cuda_event_then_dist_max,pack planar dQ/dK/dV -> Userbuffers A2A -> unpack complete dQKV -> full DGrad GEMM -> adjacent beta=0 WGrad GEMM,MAX,2.9.0+cu128,2.19.0.dev0+a7aec214,/tmp/TransformerEngine-v10-clean/transformer_engine/__init__.py,12.8,2.27.5,NVIDIA L20X|NVIDIA L20X|NVIDIA L20X|NVIDIA L20X,132|132|132|132,:4096:8,20,3,True,False,512,8,False,True,0,0.35148799419403076,0.3905727982521056,342.14279370695596,,,,,66,24,35,0,0.07511040568351746,0.9696969985961914,True,exact,0,,0.0,0.0,0.0009765625,0.0029296875,0,0,0
qkv,artificial_large,artificial,Mx7168x16384 QKV stress shape,1024,4,eager,deferred,single,v10_backward_te_userbuffers_v3,complete_route_then_single_full_gemm,recreate_per_entry,reuse_adjacent_same_shape_v1,branch_masked_v1,branch_masked_v1,1,256,16384,7168,7168,16384,256,40,8,128,adapted_te_userbuffers_backward_formal_10w50i,per_sample_local_cuda_event_then_dist_max,separately timed pack planar dQ/dK/dV -> Userbuffers A2A -> unpack complete dQKV -> full DGrad GEMM and beta=1 WGrad GEMM,MAX,2.9.0+cu128,2.19.0.dev0+a7aec214,/tmp/TransformerEngine-v10-clean/transformer_engine/__init__.py,12.8,2.27.5,NVIDIA L20X|NVIDIA L20X|NVIDIA L20X|NVIDIA L20X,132|132|132|132,:4096:8,20,1,True,False,512,8,True,True,0,0.45044799894094467,0.4706399992108345,266.9766200998628,0.2125760018825531,0.23065120205283163,0.23734400421380997,0.2418703965842724,66,24,35,0,0.0754368007183075,0.9696969985961914,False,exact,0,,0.0,0.0,0.0009765625,0.0029296875,0,0,0
qkv,artificial_large,artificial,Mx7168x16384 QKV stress shape,1024,4,graph,immediate,single,v10_backward_te_userbuffers_v3,complete_route_then_single_full_gemm,recreate_per_entry,reuse_adjacent_same_shape_v1,branch_masked_v1,branch_masked_v1,0,256,16384,7168,7168,16384,256,40,8,128,adapted_te_userbuffers_backward_formal_10w50i,per_sample_local_cuda_event_then_dist_max,pack planar dQ/dK/dV -> Userbuffers A2A -> unpack complete dQKV -> full DGrad GEMM -> adjacent beta=0 WGrad GEMM,MAX,2.9.0+cu128,2.19.0.dev0+a7aec214,/tmp/TransformerEngine-v10-clean/transformer_engine/__init__.py,12.8,2.27.5,NVIDIA L20X|NVIDIA L20X|NVIDIA L20X|NVIDIA L20X,132|132|132|132,:4096:8,20,3,True,False,512,4,False,True,0,0.25409600138664246,0.2565184086561203,473.28208091322557,,,,,66,24,35,0,0.07511040568351746,0.9696969985961914,True,exact,0,,0.0,0.0,0.0009765625,0.0029296875,0,0,0
qkv,artificial_large,artificial,Mx7168x16384 QKV stress shape,1024,4,graph,deferred,single,v10_backward_te_userbuffers_v3,complete_route_then_single_full_gemm,recreate_per_entry,reuse_adjacent_same_shape_v1,branch_masked_v1,branch_masked_v1,1,256,16384,7168,7168,16384,256,40,8,128,adapted_te_userbuffers_backward_formal_10w50i,per_sample_local_cuda_event_then_dist_max,separately timed pack planar dQ/dK/dV -> Userbuffers A2A -> unpack complete dQKV -> full DGrad GEMM and beta=1 WGrad GEMM,MAX,2.9.0+cu128,2.19.0.dev0+a7aec214,/tmp/TransformerEngine-v10-clean/transformer_engine/__init__.py,12.8,2.27.5,NVIDIA L20X|NVIDIA L20X|NVIDIA L20X|NVIDIA L20X,132|132|132|132,:4096:8,20,3,True,False,512,4,False,True,0,0.341888003051281,0.34590400718152525,351.7499392043947,0.12584000080823898,0.12785760164260865,0.2160000056028366,0.21786880493164062,66,24,35,0,0.07511040568351746,0.9696969985961914,True,exact,0,,0.0,0.0,0.0009765625,0.0029296875,0,0,0
qkv,artificial_large,artificial,Mx7168x16384 QKV stress shape,1024,8,eager,immediate,single,v10_backward_te_userbuffers_v3,complete_route_then_single_full_gemm,recreate_per_entry,reuse_adjacent_same_shape_v1,branch_masked_v1,branch_masked_v1,0,128,16384,7168,7168,16384,128,40,8,128,adapted_te_userbuffers_backward_formal_10w50i,per_sample_local_cuda_event_then_dist_max,pack planar dQ/dK/dV -> Userbuffers A2A -> unpack complete dQKV -> full DGrad GEMM -> adjacent beta=0 WGrad GEMM,MAX,2.9.0+cu128,2.19.0.dev0+a7aec214,/tmp/TransformerEngine-v10-clean/transformer_engine/__init__.py,12.8,2.27.5,NVIDIA L20X|NVIDIA L20X|NVIDIA L20X|NVIDIA L20X|NVIDIA L20X|NVIDIA L20X|NVIDIA L20X|NVIDIA L20X,132|132|132|132|132|132|132|132,:4096:8,16,1,True,False,512,4,False,True,0,0.369391992688179,0.5700480058789247,162.7797660323356,,,,,66,20,35,0,0.06236159801483154,0.9696969985961914,True,exact,0,,0.0,0.0,0.0009765625,0.001953125,0,0,0
qkv,artificial_large,artificial,Mx7168x16384 QKV stress shape,1024,8,eager,deferred,single,v10_backward_te_userbuffers_v3,complete_route_then_single_full_gemm,recreate_per_entry,reuse_adjacent_same_shape_v1,branch_masked_v1,branch_masked_v1,1,128,16384,7168,7168,16384,128,40,8,128,adapted_te_userbuffers_backward_formal_10w50i,per_sample_local_cuda_event_then_dist_max,separately timed pack planar dQ/dK/dV -> Userbuffers A2A -> unpack complete dQKV -> full DGrad GEMM and beta=1 WGrad GEMM,MAX,2.9.0+cu128,2.19.0.dev0+a7aec214,/tmp/TransformerEngine-v10-clean/transformer_engine/__init__.py,12.8,2.27.5,NVIDIA L20X|NVIDIA L20X|NVIDIA L20X|NVIDIA L20X|NVIDIA L20X|NVIDIA L20X|NVIDIA L20X|NVIDIA L20X,132|132|132|132|132|132|132|132,:4096:8,16,3,True,False,512,4,False,True,0,0.4755199924111366,0.49150240346789364,126.45008223337062,0.2390879988670349,0.2533903941512108,0.23636800050735474,0.24067039564251902,66,20,35,0,0.06256106495857239,0.9696969985961914,False,exact,0,,0.0,0.0,0.0009765625,0.001953125,0,0,0
qkv,artificial_large,artificial,Mx7168x16384 QKV stress shape,1024,8,graph,immediate,single,v10_backward_te_userbuffers_v3,complete_route_then_single_full_gemm,recreate_per_entry,reuse_adjacent_same_shape_v1,branch_masked_v1,branch_masked_v1,0,128,16384,7168,7168,16384,128,40,8,128,adapted_te_userbuffers_backward_formal_10w50i,per_sample_local_cuda_event_then_dist_max,pack planar dQ/dK/dV -> Userbuffers A2A -> unpack complete dQKV -> full DGrad GEMM -> adjacent beta=0 WGrad GEMM,MAX,2.9.0+cu128,2.19.0.dev0+a7aec214,/tmp/TransformerEngine-v10-clean/transformer_engine/__init__.py,12.8,2.27.5,NVIDIA L20X|NVIDIA L20X|NVIDIA L20X|NVIDIA L20X|NVIDIA L20X|NVIDIA L20X|NVIDIA L20X|NVIDIA L20X,132|132|132|132|132|132|132|132,:4096:8,24,3,True,False,512,4,False,True,0,0.23369600623846054,0.23689920082688332,257.29811609465224,,,,,66,20,35,0,0.062298666685819626,0.9696969985961914,True,exact,0,,0.0,0.0,0.0009765625,0.001953125,0,0,0
qkv,artificial_large,artificial,Mx7168x16384 QKV stress shape,1024,8,graph,deferred,single,v10_backward_te_userbuffers_v3,complete_route_then_single_full_gemm,recreate_per_entry,reuse_adjacent_same_shape_v1,branch_masked_v1,branch_masked_v1,1,128,16384,7168,7168,16384,128,40,8,128,adapted_te_userbuffers_backward_formal_10w50i,per_sample_local_cuda_event_then_dist_max,separately timed pack planar dQ/dK/dV -> Userbuffers A2A -> unpack complete dQKV -> full DGrad GEMM and beta=1 WGrad GEMM,MAX,2.9.0+cu128,2.19.0.dev0+a7aec214,/tmp/TransformerEngine-v10-clean/transformer_engine/__init__.py,12.8,2.27.5,NVIDIA L20X|NVIDIA L20X|NVIDIA L20X|NVIDIA L20X|NVIDIA L20X|NVIDIA L20X|NVIDIA L20X|NVIDIA L20X,132|132|132|132|132|132|132|132,:4096:8,24,3,True,False,512,4,False,True,0,0.33457600325345993,0.33875040076673035,179.71863361177319,0.11740799993276596,0.1211536020040512,0.2170720025897026,0.21869439631700516,66,20,35,0,0.062298666685819626,0.9696969985961914,False,exact,0,,0.0,0.0,0.0009765625,0.001953125,0,0,0
qkv,artificial_large,artificial,Mx7168x16384 QKV stress shape,4096,4,eager,immediate,single,v10_backward_te_userbuffers_v3,complete_route_then_single_full_gemm,recreate_per_entry,reuse_adjacent_same_shape_v1,branch_masked_v1,branch_masked_v1,0,1024,16384,7168,7168,16384,1024,40,8,128,adapted_te_userbuffers_backward_formal_10w50i,per_sample_local_cuda_event_then_dist_max,pack planar dQ/dK/dV -> Userbuffers A2A -> unpack complete dQKV -> full DGrad GEMM -> adjacent beta=0 WGrad GEMM,MAX,2.9.0+cu128,2.19.0.dev0+a7aec214,/tmp/TransformerEngine-v10-clean/transformer_engine/__init__.py,12.8,2.27.5,NVIDIA L20X|NVIDIA L20X|NVIDIA L20X|NVIDIA L20X,132|132|132|132,:4096:8,8,3,True,False,1024,4,False,True,0,0.7942079901695251,0.8078448146581649,605.6805561088877,,,,,66,184,35,4,0.2591061294078827,6.909090995788574,True,same_geometry_s1k,,,,,,,,,
qkv,artificial_large,artificial,Mx7168x16384 QKV stress shape,4096,4,eager,deferred,single,v10_backward_te_userbuffers_v3,complete_route_then_single_full_gemm,recreate_per_entry,reuse_adjacent_same_shape_v1,branch_masked_v1,branch_masked_v1,1,1024,16384,7168,7168,16384,1024,40,8,128,adapted_te_userbuffers_backward_formal_10w50i,per_sample_local_cuda_event_then_dist_max,separately timed pack planar dQ/dK/dV -> Userbuffers A2A -> unpack complete dQKV -> full DGrad GEMM and beta=1 WGrad GEMM,MAX,2.9.0+cu128,2.19.0.dev0+a7aec214,/tmp/TransformerEngine-v10-clean/transformer_engine/__init__.py,12.8,2.27.5,NVIDIA L20X|NVIDIA L20X|NVIDIA L20X|NVIDIA L20X,132|132|132|132,:4096:8,8,3,True,False,512,4,False,True,0,0.8542560040950775,0.8771903946995735,563.1055969709771,0.44916801154613495,0.4698576033115387,0.4042240083217621,0.4116496026515961,66,184,35,4,0.2591061294078827,6.909090995788574,True,same_geometry_s1k,,,,,,,,,
qkv,artificial_large,artificial,Mx7168x16384 QKV stress shape,4096,4,graph,immediate,single,v10_backward_te_userbuffers_v3,complete_route_then_single_full_gemm,recreate_per_entry,reuse_adjacent_same_shape_v1,branch_masked_v1,branch_masked_v1,0,1024,16384,7168,7168,16384,1024,40,8,128,adapted_te_userbuffers_backward_formal_10w50i,per_sample_local_cuda_event_then_dist_max,pack planar dQ/dK/dV -> Userbuffers A2A -> unpack complete dQKV -> full DGrad GEMM -> adjacent beta=0 WGrad GEMM,MAX,2.9.0+cu128,2.19.0.dev0+a7aec214,/tmp/TransformerEngine-v10-clean/transformer_engine/__init__.py,12.8,2.27.5,NVIDIA L20X|NVIDIA L20X|NVIDIA L20X|NVIDIA L20X,132|132|132|132,:4096:8,16,3,True,False,1024,4,False,True,0,0.7472000122070312,0.7500400066375732,643.7852372768917,,,,,66,184,35,4,0.2592960000038147,6.909090995788574,True,same_geometry_s1k,,,,,,,,,
qkv,artificial_large,artificial,Mx7168x16384 QKV stress shape,4096,4,graph,deferred,single,v10_backward_te_userbuffers_v3,complete_route_then_single_full_gemm,recreate_per_entry,reuse_adjacent_same_shape_v1,branch_masked_v1,branch_masked_v1,1,1024,16384,7168,7168,16384,1024,40,8,128,adapted_te_userbuffers_backward_formal_10w50i,per_sample_local_cuda_event_then_dist_max,separately timed pack planar dQ/dK/dV -> Userbuffers A2A -> unpack complete dQKV -> full DGrad GEMM and beta=1 WGrad GEMM,MAX,2.9.0+cu128,2.19.0.dev0+a7aec214,/tmp/TransformerEngine-v10-clean/transformer_engine/__init__.py,12.8,2.27.5,NVIDIA L20X|NVIDIA L20X|NVIDIA L20X|NVIDIA L20X,132|132|132|132,:4096:8,20,3,True,False,512,4,False,True,0,0.7857439965009689,0.7913200080394744,612.204915715709,0.40587200224399567,0.40857440829277036,0.380048006772995,0.38398080319166183,66,184,35,4,0.2582293450832367,6.909090995788574,True,same_geometry_s1k,,,,,,,,,
qkv,artificial_large,artificial,Mx7168x16384 QKV stress shape,4096,8,eager,immediate,single,v10_backward_te_userbuffers_v3,complete_route_then_single_full_gemm,recreate_per_entry,reuse_adjacent_same_shape_v1,branch_masked_v1,branch_masked_v1,0,512,16384,7168,7168,16384,512,40,8,128,adapted_te_userbuffers_backward_formal_10w50i,per_sample_local_cuda_event_then_dist_max,pack planar dQ/dK/dV -> Userbuffers A2A -> unpack complete dQKV -> full DGrad GEMM -> adjacent beta=0 WGrad GEMM,MAX,2.9.0+cu128,2.19.0.dev0+a7aec214,/tmp/TransformerEngine-v10-clean/transformer_engine/__init__.py,12.8,2.27.5,NVIDIA L20X|NVIDIA L20X|NVIDIA L20X|NVIDIA L20X|NVIDIA L20X|NVIDIA L20X|NVIDIA L20X|NVIDIA L20X,132|132|132|132|132|132|132|132,:4096:8,12,3,True,False,512,4,False,True,0,0.62676802277565,0.6384223937988281,383.7435220623769,,,,,66,197,35,4,0.13526186347007751,2.9696969985961914,True,same_geometry_s1k,,,,,,,,,
qkv,artificial_large,artificial,Mx7168x16384 QKV stress shape,4096,8,eager,deferred,single,v10_backward_te_userbuffers_v3,complete_route_then_single_full_gemm,recreate_per_entry,reuse_adjacent_same_shape_v1,branch_masked_v1,branch_masked_v1,1,512,16384,7168,7168,16384,512,40,8,128,adapted_te_userbuffers_backward_formal_10w50i,per_sample_local_cuda_event_then_dist_max,separately timed pack planar dQ/dK/dV -> Userbuffers A2A -> unpack complete dQKV -> full DGrad GEMM and beta=1 WGrad GEMM,MAX,2.9.0+cu128,2.19.0.dev0+a7aec214,/tmp/TransformerEngine-v10-clean/transformer_engine/__init__.py,12.8,2.27.5,NVIDIA L20X|NVIDIA L20X|NVIDIA L20X|NVIDIA L20X|NVIDIA L20X|NVIDIA L20X|NVIDIA L20X|NVIDIA L20X,132|132|132|132|132|132|132|132,:4096:8,8,3,True,False,512,4,False,True,0,0.686383992433548,0.7059648096561432,350.4134292573638,0.36958399415016174,0.3836303949356079,0.31623999774456024,0.3293248027563095,66,197,35,4,0.13588373363018036,2.9696969985961914,False,same_geometry_s1k,,,,,,,,,
qkv,artificial_large,artificial,Mx7168x16384 QKV stress shape,4096,8,graph,immediate,single,v10_backward_te_userbuffers_v3,complete_route_then_single_full_gemm,recreate_per_entry,reuse_adjacent_same_shape_v1,branch_masked_v1,branch_masked_v1,0,512,16384,7168,7168,16384,512,40,8,128,adapted_te_userbuffers_backward_formal_10w50i,per_sample_local_cuda_event_then_dist_max,pack planar dQ/dK/dV -> Userbuffers A2A -> unpack complete dQKV -> full DGrad GEMM -> adjacent beta=0 WGrad GEMM,MAX,2.9.0+cu128,2.19.0.dev0+a7aec214,/tmp/TransformerEngine-v10-clean/transformer_engine/__init__.py,12.8,2.27.5,NVIDIA L20X|NVIDIA L20X|NVIDIA L20X|NVIDIA L20X|NVIDIA L20X|NVIDIA L20X|NVIDIA L20X|NVIDIA L20X,132|132|132|132|132|132|132|132,:4096:8,20,3,True,False,1024,4,False,True,0,0.5176319777965546,0.5239311844110489,464.6509081603361,,,,,66,197,35,4,0.1352255940437317,2.9696969985961914,True,same_geometry_s1k,,,,,,,,,
qkv,artificial_large,artificial,Mx7168x16384 QKV stress shape,4096,8,graph,deferred,single,v10_backward_te_userbuffers_v3,complete_route_then_single_full_gemm,recreate_per_entry,reuse_adjacent_same_shape_v1,branch_masked_v1,branch_masked_v1,1,512,16384,7168,7168,16384,512,40,8,128,adapted_te_userbuffers_backward_formal_10w50i,per_sample_local_cuda_event_then_dist_max,separately timed pack planar dQ/dK/dV -> Userbuffers A2A -> unpack complete dQKV -> full DGrad GEMM and beta=1 WGrad GEMM,MAX,2.9.0+cu128,2.19.0.dev0+a7aec214,/tmp/TransformerEngine-v10-clean/transformer_engine/__init__.py,12.8,2.27.5,NVIDIA L20X|NVIDIA L20X|NVIDIA L20X|NVIDIA L20X|NVIDIA L20X|NVIDIA L20X|NVIDIA L20X|NVIDIA L20X,132|132|132|132|132|132|132|132,:4096:8,20,3,True,False,1024,4,False,True,0,0.5620799958705902,0.5686543881893158,427.9073625516027,0.27215999364852905,0.27651039361953733,0.28996799886226654,0.2945647969841957,66,197,35,4,0.1352255940437317,2.9696969985961914,True,same_geometry_s1k,,,,,,,,,
qkv,artificial_large,artificial,Mx7168x16384 QKV stress shape,16384,4,eager,immediate,single,v10_backward_te_userbuffers_v3,complete_route_then_single_full_gemm,recreate_per_entry,reuse_adjacent_same_shape_v1,branch_masked_v1,branch_masked_v1,0,4096,16384,7168,7168,16384,4096,40,8,128,adapted_te_userbuffers_backward_formal_10w50i,per_sample_local_cuda_event_then_dist_max,pack planar dQ/dK/dV -> Userbuffers A2A -> unpack complete dQKV -> full DGrad GEMM -> adjacent beta=0 WGrad GEMM,MAX,2.9.0+cu128,2.19.0.dev0+a7aec214,/tmp/TransformerEngine-v10-clean/transformer_engine/__init__.py,12.8,2.27.5,NVIDIA L20X|NVIDIA L20X|NVIDIA L20X|NVIDIA L20X,132|132|132|132,:4096:8,8,3,True,False,1024,4,False,True,0,3.07915198802948,3.182302474975586,624.8945671042914,,,,,66,248,35,4,1.0869545936584473,12.606060981750488,True,same_geometry_s1k,,,,,,,,,
qkv,artificial_large,artificial,Mx7168x16384 QKV stress shape,16384,4,eager,deferred,single,v10_backward_te_userbuffers_v3,complete_route_then_single_full_gemm,recreate_per_entry,reuse_adjacent_same_shape_v1,branch_masked_v1,branch_masked_v1,1,4096,16384,7168,7168,16384,4096,40,8,128,adapted_te_userbuffers_backward_formal_10w50i,per_sample_local_cuda_event_then_dist_max,separately timed pack planar dQ/dK/dV -> Userbuffers A2A -> unpack complete dQKV -> full DGrad GEMM and beta=1 WGrad GEMM,MAX,2.9.0+cu128,2.19.0.dev0+a7aec214,/tmp/TransformerEngine-v10-clean/transformer_engine/__init__.py,12.8,2.27.5,NVIDIA L20X|NVIDIA L20X|NVIDIA L20X|NVIDIA L20X,132|132|132|132,:4096:8,8,3,True,False,1024,4,False,True,0,3.1261279582977295,3.24512642621994,615.5043473190889,1.6632959842681885,1.777004826068878,1.4515040516853333,1.478627198934555,66,248,35,4,1.0869545936584473,12.606060981750488,False,same_geometry_s1k,,,,,,,,,
qkv,artificial_large,artificial,Mx7168x16384 QKV stress shape,16384,4,graph,immediate,single,v10_backward_te_userbuffers_v3,complete_route_then_single_full_gemm,recreate_per_entry,reuse_adjacent_same_shape_v1,branch_masked_v1,branch_masked_v1,0,4096,16384,7168,7168,16384,4096,40,8,128,adapted_te_userbuffers_backward_formal_10w50i,per_sample_local_cuda_event_then_dist_max,pack planar dQ/dK/dV -> Userbuffers A2A -> unpack complete dQKV -> full DGrad GEMM -> adjacent beta=0 WGrad GEMM,MAX,2.9.0+cu128,2.19.0.dev0+a7aec214,/tmp/TransformerEngine-v10-clean/transformer_engine/__init__.py,12.8,2.27.5,NVIDIA L20X|NVIDIA L20X|NVIDIA L20X|NVIDIA L20X,132|132|132|132,:4096:8,20,3,True,False,512,4,False,True,0,3.0757280588150024,3.1762991666793825,625.5902055753664,,,,,66,201,35,4,1.1125729084014893,22.787878036499023,True,same_geometry_s1k,,,,,,,,,
qkv,artificial_large,artificial,Mx7168x16384 QKV stress shape,16384,4,graph,deferred,single,v10_backward_te_userbuffers_v3,complete_route_then_single_full_gemm,recreate_per_entry,reuse_adjacent_same_shape_v1,branch_masked_v1,branch_masked_v1,1,4096,16384,7168,7168,16384,4096,40,8,128,adapted_te_userbuffers_backward_formal_10w50i,per_sample_local_cuda_event_then_dist_max,separately timed pack planar dQ/dK/dV -> Userbuffers A2A -> unpack complete dQKV -> full DGrad GEMM and beta=1 WGrad GEMM,MAX,2.9.0+cu128,2.19.0.dev0+a7aec214,/tmp/TransformerEngine-v10-clean/transformer_engine/__init__.py,12.8,2.27.5,NVIDIA L20X|NVIDIA L20X|NVIDIA L20X|NVIDIA L20X,132|132|132|132,:4096:8,24,3,True,False,1024,4,False,True,0,2.981552004814148,3.043910413980484,645.3502556726123,1.6313440203666687,1.63774396777153,1.3475199937820435,1.397534394264221,66,248,35,4,1.0888863801956177,12.606060981750488,False,same_geometry_s1k,,,,,,,,,
qkv,artificial_large,artificial,Mx7168x16384 QKV stress shape,16384,8,eager,immediate,single,v10_backward_te_userbuffers_v3,complete_route_then_single_full_gemm,recreate_per_entry,reuse_adjacent_same_shape_v1,branch_masked_v1,branch_masked_v1,0,2048,16384,7168,7168,16384,2048,40,8,128,adapted_te_userbuffers_backward_formal_10w50i,per_sample_local_cuda_event_then_dist_max,pack planar dQ/dK/dV -> Userbuffers A2A -> unpack complete dQKV -> full DGrad GEMM -> adjacent beta=0 WGrad GEMM,MAX,2.9.0+cu128,2.19.0.dev0+a7aec214,/tmp/TransformerEngine-v10-clean/transformer_engine/__init__.py,12.8,2.27.5,NVIDIA L20X|NVIDIA L20X|NVIDIA L20X|NVIDIA L20X|NVIDIA L20X|NVIDIA L20X|NVIDIA L20X|NVIDIA L20X,132|132|132|132|132|132|132|132,:4096:8,20,3,True,False,1024,4,True,True,0,1.7140479683876038,1.758060783147812,561.286902144878,,,,,66,24,35,4,0.5294399857521057,7.757575988769531,True,same_geometry_s1k,,,,,,,,,
qkv,artificial_large,artificial,Mx7168x16384 QKV stress shape,16384,8,eager,deferred,single,v10_backward_te_userbuffers_v3,complete_route_then_single_full_gemm,recreate_per_entry,reuse_adjacent_same_shape_v1,branch_masked_v1,branch_masked_v1,1,2048,16384,7168,7168,16384,2048,40,8,128,adapted_te_userbuffers_backward_formal_10w50i,per_sample_local_cuda_event_then_dist_max,separately timed pack planar dQ/dK/dV -> Userbuffers A2A -> unpack complete dQKV -> full DGrad GEMM and beta=1 WGrad GEMM,MAX,2.9.0+cu128,2.19.0.dev0+a7aec214,/tmp/TransformerEngine-v10-clean/transformer_engine/__init__.py,12.8,2.27.5,NVIDIA L20X|NVIDIA L20X|NVIDIA L20X|NVIDIA L20X|NVIDIA L20X|NVIDIA L20X|NVIDIA L20X|NVIDIA L20X,132|132|132|132|132|132|132|132,:4096:8,20,3,True,False,1024,4,True,True,0,1.7719999849796295,1.8203343778848646,542.9304077082483,0.9588639736175537,0.9991215884685517,0.814303994178772,0.819062414765358,66,24,35,4,0.5294399857521057,7.757575988769531,True,same_geometry_s1k,,,,,,,,,
qkv,artificial_large,artificial,Mx7168x16384 QKV stress shape,16384,8,graph,immediate,single,v10_backward_te_userbuffers_v3,complete_route_then_single_full_gemm,recreate_per_entry,reuse_adjacent_same_shape_v1,branch_masked_v1,branch_masked_v1,0,2048,16384,7168,7168,16384,2048,40,8,128,adapted_te_userbuffers_backward_formal_10w50i,per_sample_local_cuda_event_then_dist_max,pack planar dQ/dK/dV -> Userbuffers A2A -> unpack complete dQKV -> full DGrad GEMM -> adjacent beta=0 WGrad GEMM,MAX,2.9.0+cu128,2.19.0.dev0+a7aec214,/tmp/TransformerEngine-v10-clean/transformer_engine/__init__.py,12.8,2.27.5,NVIDIA L20X|NVIDIA L20X|NVIDIA L20X|NVIDIA L20X|NVIDIA L20X|NVIDIA L20X|NVIDIA L20X|NVIDIA L20X,132|132|132|132|132|132|132|132,:4096:8,16,3,True,False,1024,4,True,True,0,1.6591839790344238,1.6858800292015075,579.8468924849951,,,,,66,24,35,4,0.5294634699821472,7.757575988769531,True,same_geometry_s1k,,,,,,,,,
qkv,artificial_large,artificial,Mx7168x16384 QKV stress shape,16384,8,graph,deferred,single,v10_backward_te_userbuffers_v3,complete_route_then_single_full_gemm,recreate_per_entry,reuse_adjacent_same_shape_v1,branch_masked_v1,branch_masked_v1,1,2048,16384,7168,7168,16384,2048,40,8,128,adapted_te_userbuffers_backward_formal_10w50i,per_sample_local_cuda_event_then_dist_max,separately timed pack planar dQ/dK/dV -> Userbuffers A2A -> unpack complete dQKV -> full DGrad GEMM and beta=1 WGrad GEMM,MAX,2.9.0+cu128,2.19.0.dev0+a7aec214,/tmp/TransformerEngine-v10-clean/transformer_engine/__init__.py,12.8,2.27.5,NVIDIA L20X|NVIDIA L20X|NVIDIA L20X|NVIDIA L20X|NVIDIA L20X|NVIDIA L20X|NVIDIA L20X|NVIDIA L20X,132|132|132|132|132|132|132|132,:4096:8,16,3,True,False,1024,4,False,True,0,1.6992639899253845,1.707279998064041,566.1702242900145,0.9095999896526337,0.915708813071251,0.7906719744205475,0.7935280054807663,66,24,35,4,0.5294634699821472,7.757575988769531,False,same_geometry_s1k,,,,,,,,,
qkv,artificial_large,artificial,Mx7168x16384 QKV stress shape,131072,4,eager,immediate,single,v10_backward_te_userbuffers_v3,complete_route_then_single_full_gemm,recreate_per_entry,reuse_adjacent_same_shape_v1,branch_masked_v1,branch_masked_v1,0,32768,16384,7168,7168,16384,32768,40,8,128,adapted_te_userbuffers_backward_formal_10w50i,per_sample_local_cuda_event_then_dist_max,pack planar dQ/dK/dV -> Userbuffers A2A -> unpack complete dQKV -> full DGrad GEMM -> adjacent beta=0 WGrad GEMM,MAX,2.9.0+cu128,2.19.0.dev0+a7aec214,/tmp/TransformerEngine-v10-clean/transformer_engine/__init__.py,12.8,2.27.5,NVIDIA L20X|NVIDIA L20X|NVIDIA L20X|NVIDIA L20X,132|132|132|132,:4096:8,20,2,False,True,1024,4,True,True,0,24.630208015441895,28.378233718872067,624.9708804413372,,,,,66,24,35,4,9.243895530700684,124.1212158203125,True,same_geometry_s1k,,,,,,,,,
qkv,artificial_large,artificial,Mx7168x16384 QKV stress shape,131072,4,eager,deferred,single,v10_backward_te_userbuffers_v3,complete_route_then_single_full_gemm,recreate_per_entry,reuse_adjacent_same_shape_v1,branch_masked_v1,branch_masked_v1,1,32768,16384,7168,7168,16384,32768,40,8,128,adapted_te_userbuffers_backward_formal_10w50i,per_sample_local_cuda_event_then_dist_max,separately timed pack planar dQ/dK/dV -> Userbuffers A2A -> unpack complete dQKV -> full DGrad GEMM and beta=1 WGrad GEMM,MAX,2.9.0+cu128,2.19.0.dev0+a7aec214,/tmp/TransformerEngine-v10-clean/transformer_engine/__init__.py,12.8,2.27.5,NVIDIA L20X|NVIDIA L20X|NVIDIA L20X|NVIDIA L20X,132|132|132|132,:4096:8,20,2,True,False,1024,4,True,True,0,24.491136074066162,25.61264023780823,628.5197527102031,13.20955228805542,14.38022255897522,11.233295917510986,11.489836740493775,66,24,35,4,9.2431001663208,124.1212158203125,False,same_geometry_s1k,,,,,,,,,
qkv,artificial_large,artificial,Mx7168x16384 QKV stress shape,131072,4,graph,immediate,single,v10_backward_te_userbuffers_v3,complete_route_then_single_full_gemm,recreate_per_entry,reuse_adjacent_same_shape_v1,branch_masked_v1,branch_masked_v1,0,32768,16384,7168,7168,16384,32768,40,8,128,adapted_te_userbuffers_backward_formal_10w50i,per_sample_local_cuda_event_then_dist_max,pack planar dQ/dK/dV -> Userbuffers A2A -> unpack complete dQKV -> full DGrad GEMM -> adjacent beta=0 WGrad GEMM,MAX,2.9.0+cu128,2.19.0.dev0+a7aec214,/tmp/TransformerEngine-v10-clean/transformer_engine/__init__.py,12.8,2.27.5,NVIDIA L20X|NVIDIA L20X|NVIDIA L20X|NVIDIA L20X,132|132|132|132,:4096:8,20,3,True,False,1024,4,True,True,0,24.591856002807617,28.54500513076782,625.945548278527,,,,,66,24,35,4,9.246927261352539,124.1212158203125,True,same_geometry_s1k,,,,,,,,,
qkv,artificial_large,artificial,Mx7168x16384 QKV stress shape,131072,4,graph,deferred,single,v10_backward_te_userbuffers_v3,complete_route_then_single_full_gemm,recreate_per_entry,reuse_adjacent_same_shape_v1,branch_masked_v1,branch_masked_v1,1,32768,16384,7168,7168,16384,32768,40,8,128,adapted_te_userbuffers_backward_formal_10w50i,per_sample_local_cuda_event_then_dist_max,separately timed pack planar dQ/dK/dV -> Userbuffers A2A -> unpack complete dQKV -> full DGrad GEMM and beta=1 WGrad GEMM,MAX,2.9.0+cu128,2.19.0.dev0+a7aec214,/tmp/TransformerEngine-v10-clean/transformer_engine/__init__.py,12.8,2.27.5,NVIDIA L20X|NVIDIA L20X|NVIDIA L20X|NVIDIA L20X,132|132|132|132,:4096:8,20,3,True,False,1024,4,True,True,0,24.468095779418945,27.290029859542848,629.1115960814483,13.273168087005615,16.075363636016846,11.212207794189453,11.360753631591797,66,24,35,4,9.246927261352539,124.1212158203125,True,same_geometry_s1k,,,,,,,,,
qkv,artificial_large,artificial,Mx7168x16384 QKV stress shape,131072,8,eager,immediate,single,v10_backward_te_userbuffers_v3,complete_route_then_single_full_gemm,recreate_per_entry,reuse_adjacent_same_shape_v1,branch_masked_v1,branch_masked_v1,0,16384,16384,7168,7168,16384,16384,40,8,128,adapted_te_userbuffers_backward_formal_10w50i,per_sample_local_cuda_event_then_dist_max,pack planar dQ/dK/dV -> Userbuffers A2A -> unpack complete dQKV -> full DGrad GEMM -> adjacent beta=0 WGrad GEMM,MAX,2.9.0+cu128,2.19.0.dev0+a7aec214,/tmp/TransformerEngine-v10-clean/transformer_engine/__init__.py,12.8,2.27.5,NVIDIA L20X|NVIDIA L20X|NVIDIA L20X|NVIDIA L20X|NVIDIA L20X|NVIDIA L20X|NVIDIA L20X|NVIDIA L20X,132|132|132|132|132|132|132|132,:4096:8,24,3,True,False,1024,4,False,True,0,12.51691198348999,12.57183346748352,614.894584589547,,,,,66,24,35,4,4.62648868560791,62.06060791015625,True,same_geometry_s1k,,,,,,,,,
qkv,artificial_large,artificial,Mx7168x16384 QKV stress shape,131072,8,eager,deferred,single,v10_backward_te_userbuffers_v3,complete_route_then_single_full_gemm,recreate_per_entry,reuse_adjacent_same_shape_v1,branch_masked_v1,branch_masked_v1,1,16384,16384,7168,7168,16384,16384,40,8,128,adapted_te_userbuffers_backward_formal_10w50i,per_sample_local_cuda_event_then_dist_max,separately timed pack planar dQ/dK/dV -> Userbuffers A2A -> unpack complete dQKV -> full DGrad GEMM and beta=1 WGrad GEMM,MAX,2.9.0+cu128,2.19.0.dev0+a7aec214,/tmp/TransformerEngine-v10-clean/transformer_engine/__init__.py,12.8,2.27.5,NVIDIA L20X|NVIDIA L20X|NVIDIA L20X|NVIDIA L20X|NVIDIA L20X|NVIDIA L20X|NVIDIA L20X|NVIDIA L20X,132|132|132|132|132|132|132|132,:4096:8,24,3,True,False,1024,4,False,True,0,12.583280086517334,12.716238260269165,611.6514407621502,6.9273598194122314,6.9999151706695555,5.663632154464722,5.709753561019897,66,24,35,4,4.62648868560791,62.06060791015625,True,same_geometry_s1k,,,,,,,,,
qkv,artificial_large,artificial,Mx7168x16384 QKV stress shape,131072,8,graph,immediate,single,v10_backward_te_userbuffers_v3,complete_route_then_single_full_gemm,recreate_per_entry,reuse_adjacent_same_shape_v1,branch_masked_v1,branch_masked_v1,0,16384,16384,7168,7168,16384,16384,40,8,128,adapted_te_userbuffers_backward_formal_10w50i,per_sample_local_cuda_event_then_dist_max,pack planar dQ/dK/dV -> Userbuffers A2A -> unpack complete dQKV -> full DGrad GEMM -> adjacent beta=0 WGrad GEMM,MAX,2.9.0+cu128,2.19.0.dev0+a7aec214,/tmp/TransformerEngine-v10-clean/transformer_engine/__init__.py,12.8,2.27.5,NVIDIA L20X|NVIDIA L20X|NVIDIA L20X|NVIDIA L20X|NVIDIA L20X|NVIDIA L20X|NVIDIA L20X|NVIDIA L20X,132|132|132|132|132|132|132|132,:4096:8,24,3,True,False,1024,4,False,True,0,12.406943798065186,13.516064310073848,620.3446650280024,,,,,66,24,35,4,4.62648868560791,62.06060791015625,True,same_geometry_s1k,,,,,,,,,
qkv,artificial_large,artificial,Mx7168x16384 QKV stress shape,131072,8,graph,deferred,single,v10_backward_te_userbuffers_v3,complete_route_then_single_full_gemm,recreate_per_entry,reuse_adjacent_same_shape_v1,branch_masked_v1,branch_masked_v1,1,16384,16384,7168,7168,16384,16384,40,8,128,adapted_te_userbuffers_backward_formal_10w50i,per_sample_local_cuda_event_then_dist_max,separately timed pack planar dQ/dK/dV -> Userbuffers A2A -> unpack complete dQKV -> full DGrad GEMM and beta=1 WGrad GEMM,MAX,2.9.0+cu128,2.19.0.dev0+a7aec214,/tmp/TransformerEngine-v10-clean/transformer_engine/__init__.py,12.8,2.27.5,NVIDIA L20X|NVIDIA L20X|NVIDIA L20X|NVIDIA L20X|NVIDIA L20X|NVIDIA L20X|NVIDIA L20X|NVIDIA L20X,132|132|132|132|132|132|132|132,:4096:8,24,3,True,False,1024,4,True,True,0,12.470096111297607,14.672145557403564,617.203053267495,6.866528034210205,6.935412669181824,5.595119953155518,7.732790470123291,66,24,35,4,4.62648868560791,62.06060791015625,True,same_geometry_s1k,,,,,,,,,
qkv,artificial_large,artificial,Mx7168x16384 QKV stress shape,262144,4,eager,immediate,single,v10_backward_te_userbuffers_v3,complete_route_then_single_full_gemm,recreate_per_entry,reuse_adjacent_same_shape_v1,branch_masked_v1,branch_masked_v1,0,65536,16384,7168,7168,16384,65536,40,8,128,adapted_te_userbuffers_backward_formal_10w50i,per_sample_local_cuda_event_then_dist_max,pack planar dQ/dK/dV -> Userbuffers A2A -> unpack complete dQKV -> full DGrad GEMM -> adjacent beta=0 WGrad GEMM,MAX,2.9.0+cu128,2.19.0.dev0+a7aec214,/tmp/TransformerEngine-v10-clean/transformer_engine/__init__.py,12.8,2.27.5,NVIDIA L20X|NVIDIA L20X|NVIDIA L20X|NVIDIA L20X,132|132|132|132,:4096:8,24,2,True,False,1024,4,False,True,0,50.109296798706055,55.09135017395019,614.3835085413327,,,,,66,24,35,4,18.54487419128418,248.242431640625,True,same_geometry_s1k,,,,,,,,,
qkv,artificial_large,artificial,Mx7168x16384 QKV stress shape,262144,4,eager,deferred,single,v10_backward_te_userbuffers_v3,complete_route_then_single_full_gemm,recreate_per_entry,reuse_adjacent_same_shape_v1,branch_masked_v1,branch_masked_v1,1,65536,16384,7168,7168,16384,65536,40,8,128,adapted_te_userbuffers_backward_formal_10w50i,per_sample_local_cuda_event_then_dist_max,separately timed pack planar dQ/dK/dV -> Userbuffers A2A -> unpack complete dQKV -> full DGrad GEMM and beta=1 WGrad GEMM,MAX,2.9.0+cu128,2.19.0.dev0+a7aec214,/tmp/TransformerEngine-v10-clean/transformer_engine/__init__.py,12.8,2.27.5,NVIDIA L20X|NVIDIA L20X|NVIDIA L20X|NVIDIA L20X,132|132|132|132,:4096:8,24,2,False,True,1024,4,False,True,0,49.96505641937256,52.13512735366821,616.1571262789861,26.77518367767334,29.315626907348634,23.032432556152344,23.812692737579347,66,24,35,4,18.532012939453125,248.242431640625,False,same_geometry_s1k,,,,,,,,,
qkv,artificial_large,artificial,Mx7168x16384 QKV stress shape,262144,4,graph,immediate,single,v10_backward_te_userbuffers_v3,complete_route_then_single_full_gemm,recreate_per_entry,reuse_adjacent_same_shape_v1,branch_masked_v1,branch_masked_v1,0,65536,16384,7168,7168,16384,65536,40,8,128,adapted_te_userbuffers_backward_formal_10w50i,per_sample_local_cuda_event_then_dist_max,pack planar dQ/dK/dV -> Userbuffers A2A -> unpack complete dQKV -> full DGrad GEMM -> adjacent beta=0 WGrad GEMM,MAX,2.9.0+cu128,2.19.0.dev0+a7aec214,/tmp/TransformerEngine-v10-clean/transformer_engine/__init__.py,12.8,2.27.5,NVIDIA L20X|NVIDIA L20X|NVIDIA L20X|NVIDIA L20X,132|132|132|132,:4096:8,20,3,False,True,1024,4,True,True,0,50.04713439941406,52.106448364257815,615.1466202246424,,,,,66,24,35,4,18.584583282470703,248.242431640625,True,same_geometry_s1k,,,,,,,,,
qkv,artificial_large,artificial,Mx7168x16384 QKV stress shape,262144,4,graph,deferred,single,v10_backward_te_userbuffers_v3,complete_route_then_single_full_gemm,recreate_per_entry,reuse_adjacent_same_shape_v1,branch_masked_v1,branch_masked_v1,1,65536,16384,7168,7168,16384,65536,40,8,128,adapted_te_userbuffers_backward_formal_10w50i,per_sample_local_cuda_event_then_dist_max,separately timed pack planar dQ/dK/dV -> Userbuffers A2A -> unpack complete dQKV -> full DGrad GEMM and beta=1 WGrad GEMM,MAX,2.9.0+cu128,2.19.0.dev0+a7aec214,/tmp/TransformerEngine-v10-clean/transformer_engine/__init__.py,12.8,2.27.5,NVIDIA L20X|NVIDIA L20X|NVIDIA L20X|NVIDIA L20X,132|132|132|132,:4096:8,24,3,True,False,1024,4,False,True,0,50.08804798126221,53.590892219543456,614.6441480259937,27.04692840576172,30.503520679473873,22.832304000854492,23.536363220214845,66,24,35,4,18.581972122192383,248.242431640625,True,same_geometry_s1k,,,,,,,,,
qkv,artificial_large,artificial,Mx7168x16384 QKV stress shape,262144,8,eager,immediate,single,v10_backward_te_userbuffers_v3,complete_route_then_single_full_gemm,recreate_per_entry,reuse_adjacent_same_shape_v1,branch_masked_v1,branch_masked_v1,0,32768,16384,7168,7168,16384,32768,40,8,128,adapted_te_userbuffers_backward_formal_10w50i,per_sample_local_cuda_event_then_dist_max,pack planar dQ/dK/dV -> Userbuffers A2A -> unpack complete dQKV -> full DGrad GEMM -> adjacent beta=0 WGrad GEMM,MAX,2.9.0+cu128,2.19.0.dev0+a7aec214,/tmp/TransformerEngine-v10-clean/transformer_engine/__init__.py,12.8,2.27.5,NVIDIA L20X|NVIDIA L20X|NVIDIA L20X|NVIDIA L20X|NVIDIA L20X|NVIDIA L20X|NVIDIA L20X|NVIDIA L20X,132|132|132|132|132|132|132|132,:4096:8,24,3,True,False,1024,4,False,True,0,25.05713653564453,29.25776634216308,614.3225011751348,,,,,66,24,35,4,9.260172843933105,124.1212158203125,True,same_geometry_s1k,,,,,,,,,
qkv,artificial_large,artificial,Mx7168x16384 QKV stress shape,262144,8,eager,deferred,single,v10_backward_te_userbuffers_v3,complete_route_then_single_full_gemm,recreate_per_entry,reuse_adjacent_same_shape_v1,branch_masked_v1,branch_masked_v1,1,32768,16384,7168,7168,16384,32768,40,8,128,adapted_te_userbuffers_backward_formal_10w50i,per_sample_local_cuda_event_then_dist_max,separately timed pack planar dQ/dK/dV -> Userbuffers A2A -> unpack complete dQKV -> full DGrad GEMM and beta=1 WGrad GEMM,MAX,2.9.0+cu128,2.19.0.dev0+a7aec214,/tmp/TransformerEngine-v10-clean/transformer_engine/__init__.py,12.8,2.27.5,NVIDIA L20X|NVIDIA L20X|NVIDIA L20X|NVIDIA L20X|NVIDIA L20X|NVIDIA L20X|NVIDIA L20X|NVIDIA L20X,132|132|132|132|132|132|132|132,:4096:8,24,3,True,False,1024,4,False,True,0,25.125120162963867,26.11944465637207,612.6602654643048,13.73095989227295,13.80606746673584,11.358752250671387,12.424108600616455,66,24,35,4,9.260172843933105,124.1212158203125,True,same_geometry_s1k,,,,,,,,,
qkv,artificial_large,artificial,Mx7168x16384 QKV stress shape,262144,8,graph,immediate,single,v10_backward_te_userbuffers_v3,complete_route_then_single_full_gemm,recreate_per_entry,reuse_adjacent_same_shape_v1,branch_masked_v1,branch_masked_v1,0,32768,16384,7168,7168,16384,32768,40,8,128,adapted_te_userbuffers_backward_formal_10w50i,per_sample_local_cuda_event_then_dist_max,pack planar dQ/dK/dV -> Userbuffers A2A -> unpack complete dQKV -> full DGrad GEMM -> adjacent beta=0 WGrad GEMM,MAX,2.9.0+cu128,2.19.0.dev0+a7aec214,/tmp/TransformerEngine-v10-clean/transformer_engine/__init__.py,12.8,2.27.5,NVIDIA L20X|NVIDIA L20X|NVIDIA L20X|NVIDIA L20X|NVIDIA L20X|NVIDIA L20X|NVIDIA L20X|NVIDIA L20X,132|132|132|132|132|132|132|132,:4096:8,24,3,True,False,1024,4,True,True,0,24.979007720947266,28.318049526214597,616.2439661666533,,,,,66,24,35,4,9.260172843933105,124.1212158203125,True,same_geometry_s1k,,,,,,,,,
qkv,artificial_large,artificial,Mx7168x16384 QKV stress shape,262144,8,graph,deferred,single,v10_backward_te_userbuffers_v3,complete_route_then_single_full_gemm,recreate_per_entry,reuse_adjacent_same_shape_v1,branch_masked_v1,branch_masked_v1,1,32768,16384,7168,7168,16384,32768,40,8,128,adapted_te_userbuffers_backward_formal_10w50i,per_sample_local_cuda_event_then_dist_max,separately timed pack planar dQ/dK/dV -> Userbuffers A2A -> unpack complete dQKV -> full DGrad GEMM and beta=1 WGrad GEMM,MAX,2.9.0+cu128,2.19.0.dev0+a7aec214,/tmp/TransformerEngine-v10-clean/transformer_engine/__init__.py,12.8,2.27.5,NVIDIA L20X|NVIDIA L20X|NVIDIA L20X|NVIDIA L20X|NVIDIA L20X|NVIDIA L20X|NVIDIA L20X|NVIDIA L20X,132|132|132|132|132|132|132|132,:4096:8,24,3,True,False,1024,4,True,True,0,24.96836805343628,27.451619243621828,616.5065636616771,13.665887832641602,16.016104173660278,11.28977632522583,11.544435167312622,66,24,35,4,9.260172843933105,124.1212158203125,True,same_geometry_s1k,,,,,,,,,
qkv,artificial_large,artificial,Mx7168x16384 QKV stress shape,524288,4,eager,immediate,single,v10_backward_te_userbuffers_v3,complete_route_then_single_full_gemm,recreate_per_entry,reuse_adjacent_same_shape_v1,branch_masked_v1,branch_masked_v1,0,131072,16384,7168,7168,16384,131072,40,8,128,adapted_te_userbuffers_backward_formal_10w50i,per_sample_local_cuda_event_then_dist_max,pack planar dQ/dK/dV -> Userbuffers A2A -> unpack complete dQKV -> full DGrad GEMM -> adjacent beta=0 WGrad GEMM,MAX,2.9.0+cu128,2.19.0.dev0+a7aec214,/tmp/TransformerEngine-v10-clean/transformer_engine/__init__.py,12.8,2.27.5,NVIDIA L20X|NVIDIA L20X|NVIDIA L20X|NVIDIA L20X,132|132|132|132,:4096:8,20,2,True,False,1024,4,True,True,0,100.49356842041016,103.33098106384277,612.7024059676106,,,,,66,24,35,4,37.08500289916992,496.48486328125,True,same_geometry_s1k,,,,,,,,,
qkv,artificial_large,artificial,Mx7168x16384 QKV stress shape,524288,4,eager,deferred,single,v10_backward_te_userbuffers_v3,complete_route_then_single_full_gemm,recreate_per_entry,reuse_adjacent_same_shape_v1,branch_masked_v1,branch_masked_v1,1,131072,16384,7168,7168,16384,131072,40,8,128,adapted_te_userbuffers_backward_formal_10w50i,per_sample_local_cuda_event_then_dist_max,separately timed pack planar dQ/dK/dV -> Userbuffers A2A -> unpack complete dQKV -> full DGrad GEMM and beta=1 WGrad GEMM,MAX,2.9.0+cu128,2.19.0.dev0+a7aec214,/tmp/TransformerEngine-v10-clean/transformer_engine/__init__.py,12.8,2.27.5,NVIDIA L20X|NVIDIA L20X|NVIDIA L20X|NVIDIA L20X,132|132|132|132,:4096:8,20,2,False,True,1024,4,True,True,0,100.89673805236816,103.20200176239014,610.2541305497717,54.69171142578125,56.86524658203125,45.99993705749512,47.15352458953858,66,24,35,4,37.087039947509766,496.48486328125,False,same_geometry_s1k,,,,,,,,,
qkv,artificial_large,artificial,Mx7168x16384 QKV stress shape,524288,4,graph,immediate,single,v10_backward_te_userbuffers_v3,complete_route_then_single_full_gemm,recreate_per_entry,reuse_adjacent_same_shape_v1,branch_masked_v1,branch_masked_v1,0,131072,16384,7168,7168,16384,131072,40,8,128,adapted_te_userbuffers_backward_formal_10w50i,per_sample_local_cuda_event_then_dist_max,pack planar dQ/dK/dV -> Userbuffers A2A -> unpack complete dQKV -> full DGrad GEMM -> adjacent beta=0 WGrad GEMM,MAX,2.9.0+cu128,2.19.0.dev0+a7aec214,/tmp/TransformerEngine-v10-clean/transformer_engine/__init__.py,12.8,2.27.5,NVIDIA L20X|NVIDIA L20X|NVIDIA L20X|NVIDIA L20X,132|132|132|132,:4096:8,20,3,False,True,1024,4,True,True,0,99.69710540771484,103.85532760620117,617.5971800149309,,,,,66,24,35,4,37.09272384643555,496.48486328125,True,same_geometry_s1k,,,,,,,,,
qkv,artificial_large,artificial,Mx7168x16384 QKV stress shape,524288,4,graph,deferred,single,v10_backward_te_userbuffers_v3,complete_route_then_single_full_gemm,recreate_per_entry,reuse_adjacent_same_shape_v1,branch_masked_v1,branch_masked_v1,1,131072,16384,7168,7168,16384,131072,40,8,128,adapted_te_userbuffers_backward_formal_10w50i,per_sample_local_cuda_event_then_dist_max,separately timed pack planar dQ/dK/dV -> Userbuffers A2A -> unpack complete dQKV -> full DGrad GEMM and beta=1 WGrad GEMM,MAX,2.9.0+cu128,2.19.0.dev0+a7aec214,/tmp/TransformerEngine-v10-clean/transformer_engine/__init__.py,12.8,2.27.5,NVIDIA L20X|NVIDIA L20X|NVIDIA L20X|NVIDIA L20X,132|132|132|132,:4096:8,20,3,False,True,1024,4,True,True,0,100.69300842285156,103.87223300933837,611.4888423721237,54.64726257324219,57.43141345977783,46.03651237487793,47.16770572662354,66,24,35,4,37.09272384643555,496.48486328125,False,same_geometry_s1k,,,,,,,,,
qkv,artificial_large,artificial,Mx7168x16384 QKV stress shape,524288,8,eager,immediate,single,v10_backward_te_userbuffers_v3,complete_route_then_single_full_gemm,recreate_per_entry,reuse_adjacent_same_shape_v1,branch_masked_v1,branch_masked_v1,0,65536,16384,7168,7168,16384,65536,40,8,128,adapted_te_userbuffers_backward_formal_10w50i,per_sample_local_cuda_event_then_dist_max,pack planar dQ/dK/dV -> Userbuffers A2A -> unpack complete dQKV -> full DGrad GEMM -> adjacent beta=0 WGrad GEMM,MAX,2.9.0+cu128,2.19.0.dev0+a7aec214,/tmp/TransformerEngine-v10-clean/transformer_engine/__init__.py,12.8,2.27.5,NVIDIA L20X|NVIDIA L20X|NVIDIA L20X|NVIDIA L20X|NVIDIA L20X|NVIDIA L20X|NVIDIA L20X|NVIDIA L20X,132|132|132|132|132|132|132|132,:4096:8,24,3,True,False,1024,4,False,True,0,51.4567985534668,54.369018936157225,598.294616905463,,,,,66,24,35,4,18.562353134155273,248.242431640625,True,same_geometry_s1k,,,,,,,,,
qkv,artificial_large,artificial,Mx7168x16384 QKV stress shape,524288,8,eager,deferred,single,v10_backward_te_userbuffers_v3,complete_route_then_single_full_gemm,recreate_per_entry,reuse_adjacent_same_shape_v1,branch_masked_v1,branch_masked_v1,1,65536,16384,7168,7168,16384,65536,40,8,128,adapted_te_userbuffers_backward_formal_10w50i,per_sample_local_cuda_event_then_dist_max,separately timed pack planar dQ/dK/dV -> Userbuffers A2A -> unpack complete dQKV -> full DGrad GEMM and beta=1 WGrad GEMM,MAX,2.9.0+cu128,2.19.0.dev0+a7aec214,/tmp/TransformerEngine-v10-clean/transformer_engine/__init__.py,12.8,2.27.5,NVIDIA L20X|NVIDIA L20X|NVIDIA L20X|NVIDIA L20X|NVIDIA L20X|NVIDIA L20X|NVIDIA L20X|NVIDIA L20X,132|132|132|132|132|132|132|132,:4096:8,24,3,True,False,1024,4,False,True,0,51.129088401794434,53.42296991348266,602.129365886514,27.812960624694824,30.634753513336182,23.257999420166016,23.83101167678833,66,24,35,4,18.562353134155273,248.242431640625,True,same_geometry_s1k,,,,,,,,,
qkv,artificial_large,artificial,Mx7168x16384 QKV stress shape,524288,8,graph,immediate,single,v10_backward_te_userbuffers_v3,complete_route_then_single_full_gemm,recreate_per_entry,reuse_adjacent_same_shape_v1,branch_masked_v1,branch_masked_v1,0,65536,16384,7168,7168,16384,65536,40,8,128,adapted_te_userbuffers_backward_formal_10w50i,per_sample_local_cuda_event_then_dist_max,pack planar dQ/dK/dV -> Userbuffers A2A -> unpack complete dQKV -> full DGrad GEMM -> adjacent beta=0 WGrad GEMM,MAX,2.9.0+cu128,2.19.0.dev0+a7aec214,/tmp/TransformerEngine-v10-clean/transformer_engine/__init__.py,12.8,2.27.5,NVIDIA L20X|NVIDIA L20X|NVIDIA L20X|NVIDIA L20X|NVIDIA L20X|NVIDIA L20X|NVIDIA L20X|NVIDIA L20X,132|132|132|132|132|132|132|132,:4096:8,24,3,True,False,1024,4,False,True,0,51.11590576171875,52.68463382720947,602.284653259225,,,,,66,24,35,4,18.562353134155273,248.242431640625,True,same_geometry_s1k,,,,,,,,,
qkv,artificial_large,artificial,Mx7168x16384 QKV stress shape,524288,8,graph,deferred,single,v10_backward_te_userbuffers_v3,complete_route_then_single_full_gemm,recreate_per_entry,reuse_adjacent_same_shape_v1,branch_masked_v1,branch_masked_v1,1,65536,16384,7168,7168,16384,65536,40,8,128,adapted_te_userbuffers_backward_formal_10w50i,per_sample_local_cuda_event_then_dist_max,separately timed pack planar dQ/dK/dV -> Userbuffers A2A -> unpack complete dQKV -> full DGrad GEMM and beta=1 WGrad GEMM,MAX,2.9.0+cu128,2.19.0.dev0+a7aec214,/tmp/TransformerEngine-v10-clean/transformer_engine/__init__.py,12.8,2.27.5,NVIDIA L20X|NVIDIA L20X|NVIDIA L20X|NVIDIA L20X|NVIDIA L20X|NVIDIA L20X|NVIDIA L20X|NVIDIA L20X,132|132|132|132|132|132|132|132,:4096:8,24,3,True,False,1024,4,False,True,0,50.990447998046875,53.476350402832026,603.766524642169,27.849008560180664,30.39746379852295,23.031472206115723,23.59615240097046,66,24,35,4,18.562353134155273,248.242431640625,True,same_geometry_s1k,,,,,,,,,
qkv,production_qwen_dense,model,current production Qwen dense,1024,4,eager,immediate,single,v10_backward_te_userbuffers_v3,complete_route_then_single_full_gemm,recreate_per_entry,reuse_adjacent_same_shape_v1,branch_masked_v1,branch_masked_v1,0,256,2048,4096,4096,2048,256,16,8,128,adapted_te_userbuffers_backward_formal_10w50i,per_sample_local_cuda_event_then_dist_max,pack planar dQ/dK/dV -> Userbuffers A2A -> unpack complete dQKV -> full DGrad GEMM -> adjacent beta=0 WGrad GEMM,MAX,2.9.0+cu128,2.19.0.dev0+a7aec214,/tmp/TransformerEngine-v10-clean/transformer_engine/__init__.py,12.8,2.27.5,NVIDIA L20X|NVIDIA L20X|NVIDIA L20X|NVIDIA L20X,132|132|132|132,:4096:8,20,1,True,False,512,4,False,True,0,0.17502400279045105,0.1889679953455925,49.07860896247683,,,,,66,15,35,0,0.011496532708406448,0.9696969985961914,True,exact,0,,0.0,0.0,0.0009765625,0.0028076171875,0,0,0
qkv,production_qwen_dense,model,current production Qwen dense,1024,4,eager,deferred,single,v10_backward_te_userbuffers_v3,complete_route_then_single_full_gemm,recreate_per_entry,reuse_adjacent_same_shape_v1,branch_masked_v1,branch_masked_v1,1,256,2048,4096,4096,2048,256,16,8,128,adapted_te_userbuffers_backward_formal_10w50i,per_sample_local_cuda_event_then_dist_max,separately timed pack planar dQ/dK/dV -> Userbuffers A2A -> unpack complete dQKV -> full DGrad GEMM and beta=1 WGrad GEMM,MAX,2.9.0+cu128,2.19.0.dev0+a7aec214,/tmp/TransformerEngine-v10-clean/transformer_engine/__init__.py,12.8,2.27.5,NVIDIA L20X|NVIDIA L20X|NVIDIA L20X|NVIDIA L20X,132|132|132|132,:4096:8,20,1,True,False,512,4,False,True,0,0.18135999888181686,0.20181439779698848,47.36399782179986,0.14049600064754486,0.15589440092444418,0.040992001071572304,0.04797440022230148,66,15,35,0,0.011496532708406448,0.9696969985961914,False,exact,0,,0.0,0.0,0.0009765625,0.0028076171875,0,0,0
qkv,production_qwen_dense,model,current production Qwen dense,1024,4,graph,immediate,single,v10_backward_te_userbuffers_v3,complete_route_then_single_full_gemm,recreate_per_entry,reuse_adjacent_same_shape_v1,branch_masked_v1,branch_masked_v1,0,256,2048,4096,4096,2048,256,16,8,128,adapted_te_userbuffers_backward_formal_10w50i,per_sample_local_cuda_event_then_dist_max,pack planar dQ/dK/dV -> Userbuffers A2A -> unpack complete dQKV -> full DGrad GEMM -> adjacent beta=0 WGrad GEMM,MAX,2.9.0+cu128,2.19.0.dev0+a7aec214,/tmp/TransformerEngine-v10-clean/transformer_engine/__init__.py,12.8,2.27.5,NVIDIA L20X|NVIDIA L20X|NVIDIA L20X|NVIDIA L20X,132|132|132|132,:4096:8,8,3,True,False,1024,4,False,True,0,0.051024001091718674,0.05295360051095485,168.3508625001611,,,,,66,27,35,0,0.011615999974310398,0.6666666865348816,True,exact,0,,0.0,0.0,0.0009765625,0.0028076171875,0,0,0
qkv,production_qwen_dense,model,current production Qwen dense,1024,4,graph,deferred,single,v10_backward_te_userbuffers_v3,complete_route_then_single_full_gemm,recreate_per_entry,reuse_adjacent_same_shape_v1,branch_masked_v1,branch_masked_v1,1,256,2048,4096,4096,2048,256,16,8,128,adapted_te_userbuffers_backward_formal_10w50i,per_sample_local_cuda_event_then_dist_max,separately timed pack planar dQ/dK/dV -> Userbuffers A2A -> unpack complete dQKV -> full DGrad GEMM and beta=1 WGrad GEMM,MAX,2.9.0+cu128,2.19.0.dev0+a7aec214,/tmp/TransformerEngine-v10-clean/transformer_engine/__init__.py,12.8,2.27.5,NVIDIA L20X|NVIDIA L20X|NVIDIA L20X|NVIDIA L20X,132|132|132|132,:4096:8,8,3,True,False,1024,4,False,True,0,0.05489599984139204,0.057457600440829995,156.4765122562376,0.037151999771595,0.03923359867185354,0.01772800087928772,0.018526400346308945,66,27,35,0,0.011615999974310398,0.6666666865348816,False,exact,0,,0.0,0.0,0.0009765625,0.0028076171875,0,0,0
qkv,production_qwen_dense,model,current production Qwen dense,1024,8,eager,immediate,single,v10_backward_te_userbuffers_v3,complete_route_then_single_full_gemm,recreate_per_entry,reuse_adjacent_same_shape_v1,branch_masked_v1,branch_masked_v1,0,128,2048,4096,4096,2048,128,16,8,128,adapted_te_userbuffers_backward_formal_10w50i,per_sample_local_cuda_event_then_dist_max,pack planar dQ/dK/dV -> Userbuffers A2A -> unpack complete dQKV -> full DGrad GEMM -> adjacent beta=0 WGrad GEMM,MAX,2.9.0+cu128,2.19.0.dev0+a7aec214,/tmp/TransformerEngine-v10-clean/transformer_engine/__init__.py,12.8,2.27.5,NVIDIA L20X|NVIDIA L20X|NVIDIA L20X|NVIDIA L20X|NVIDIA L20X|NVIDIA L20X|NVIDIA L20X|NVIDIA L20X,132|132|132|132|132|132|132|132,:4096:8,12,1,True,False,512,4,False,True,0,0.220831997692585,0.6912575840950009,19.449026141487533,,,,,66,13,35,0,0.009477333165705204,0.9696969985961914,True,exact,0,,0.00390625,0.0,0.00048828125,0.00146484375,0,0,0
qkv,production_qwen_dense,model,current production Qwen dense,1024,8,eager,deferred,single,v10_backward_te_userbuffers_v3,complete_route_then_single_full_gemm,recreate_per_entry,reuse_adjacent_same_shape_v1,branch_masked_v1,branch_masked_v1,1,128,2048,4096,4096,2048,128,16,8,128,adapted_te_userbuffers_backward_formal_10w50i,per_sample_local_cuda_event_then_dist_max,separately timed pack planar dQ/dK/dV -> Userbuffers A2A -> unpack complete dQKV -> full DGrad GEMM and beta=1 WGrad GEMM,MAX,2.9.0+cu128,2.19.0.dev0+a7aec214,/tmp/TransformerEngine-v10-clean/transformer_engine/__init__.py,12.8,2.27.5,NVIDIA L20X|NVIDIA L20X|NVIDIA L20X|NVIDIA L20X|NVIDIA L20X|NVIDIA L20X|NVIDIA L20X|NVIDIA L20X,132|132|132|132|132|132|132|132,:4096:8,12,1,True,False,512,4,False,True,0,0.21952000074088573,0.26609280128031965,19.56526640626992,0.17694399505853653,0.20744319707155223,0.04190399870276451,0.04861439894884824,66,13,35,0,0.009477333165705204,0.9696969985961914,False,exact,0,,0.00390625,0.0,0.00048828125,0.00146484375,0,0,0
qkv,production_qwen_dense,model,current production Qwen dense,1024,8,graph,immediate,single,v10_backward_te_userbuffers_v3,complete_route_then_single_full_gemm,recreate_per_entry,reuse_adjacent_same_shape_v1,branch_masked_v1,branch_masked_v1,0,128,2048,4096,4096,2048,128,16,8,128,adapted_te_userbuffers_backward_formal_10w50i,per_sample_local_cuda_event_then_dist_max,pack planar dQ/dK/dV -> Userbuffers A2A -> unpack complete dQKV -> full DGrad GEMM -> adjacent beta=0 WGrad GEMM,MAX,2.9.0+cu128,2.19.0.dev0+a7aec214,/tmp/TransformerEngine-v10-clean/transformer_engine/__init__.py,12.8,2.27.5,NVIDIA L20X|NVIDIA L20X|NVIDIA L20X|NVIDIA L20X|NVIDIA L20X|NVIDIA L20X|NVIDIA L20X|NVIDIA L20X,132|132|132|132|132|132|132|132,:4096:8,4,3,True,False,512,4,False,True,0,0.053872000426054,0.059235199913382525,79.72540952689097,,,,,66,13,35,0,0.009558399207890034,0.9696969985961914,True,exact,0,,0.00390625,0.0,0.00048828125,0.00146484375,0,0,0
qkv,production_qwen_dense,model,current production Qwen dense,1024,8,graph,deferred,single,v10_backward_te_userbuffers_v3,complete_route_then_single_full_gemm,recreate_per_entry,reuse_adjacent_same_shape_v1,branch_masked_v1,branch_masked_v1,1,128,2048,4096,4096,2048,128,16,8,128,adapted_te_userbuffers_backward_formal_10w50i,per_sample_local_cuda_event_then_dist_max,separately timed pack planar dQ/dK/dV -> Userbuffers A2A -> unpack complete dQKV -> full DGrad GEMM and beta=1 WGrad GEMM,MAX,2.9.0+cu128,2.19.0.dev0+a7aec214,/tmp/TransformerEngine-v10-clean/transformer_engine/__init__.py,12.8,2.27.5,NVIDIA L20X|NVIDIA L20X|NVIDIA L20X|NVIDIA L20X|NVIDIA L20X|NVIDIA L20X|NVIDIA L20X|NVIDIA L20X,132|132|132|132|132|132|132|132,:4096:8,4,3,True,False,512,4,False,True,0,0.05851199943572283,0.06259840046986938,73.40318801988896,0.04092799872159958,0.04444000069051981,0.017343999817967415,0.01862720027565956,66,13,35,0,0.009558399207890034,0.9696969985961914,True,exact,0,,0.00390625,0.0,0.00048828125,0.00146484375,0,0,0
qkv,production_qwen_dense,model,current production Qwen dense,4096,4,eager,immediate,single,v10_backward_te_userbuffers_v3,complete_route_then_single_full_gemm,recreate_per_entry,reuse_adjacent_same_shape_v1,branch_masked_v1,branch_masked_v1,0,1024,2048,4096,4096,2048,1024,16,8,128,adapted_te_userbuffers_backward_formal_10w50i,per_sample_local_cuda_event_then_dist_max,pack planar dQ/dK/dV -> Userbuffers A2A -> unpack complete dQKV -> full DGrad GEMM -> adjacent beta=0 WGrad GEMM,MAX,2.9.0+cu128,2.19.0.dev0+a7aec214,/tmp/TransformerEngine-v10-clean/transformer_engine/__init__.py,12.8,2.27.5,NVIDIA L20X|NVIDIA L20X|NVIDIA L20X|NVIDIA L20X,132|132|132|132,:4096:8,8,1,True,False,512,4,True,True,0,0.19036799669265747,0.2154383972287178,180.49114853833655,,,,,66,20,35,0,0.022907733917236328,0.9696969985961914,True,same_geometry_s1k,,,,,,,,,
qkv,production_qwen_dense,model,current production Qwen dense,4096,4,eager,deferred,single,v10_backward_te_userbuffers_v3,complete_route_then_single_full_gemm,recreate_per_entry,reuse_adjacent_same_shape_v1,branch_masked_v1,branch_masked_v1,1,1024,2048,4096,4096,2048,1024,16,8,128,adapted_te_userbuffers_backward_formal_10w50i,per_sample_local_cuda_event_then_dist_max,separately timed pack planar dQ/dK/dV -> Userbuffers A2A -> unpack complete dQKV -> full DGrad GEMM and beta=1 WGrad GEMM,MAX,2.9.0+cu128,2.19.0.dev0+a7aec214,/tmp/TransformerEngine-v10-clean/transformer_engine/__init__.py,12.8,2.27.5,NVIDIA L20X|NVIDIA L20X|NVIDIA L20X|NVIDIA L20X,132|132|132|132,:4096:8,8,1,True,False,512,4,False,True,0,0.20412800088524818,0.2274000009521842,168.32447395257418,0.15060800313949585,0.17125920206308365,0.05315199866890907,0.05886879917234182,66,20,35,0,0.022907733917236328,0.9696969985961914,False,same_geometry_s1k,,,,,,,,,
qkv,production_qwen_dense,model,current production Qwen dense,4096,4,graph,immediate,single,v10_backward_te_userbuffers_v3,complete_route_then_single_full_gemm,recreate_per_entry,reuse_adjacent_same_shape_v1,branch_masked_v1,branch_masked_v1,0,1024,2048,4096,4096,2048,1024,16,8,128,adapted_te_userbuffers_backward_formal_10w50i,per_sample_local_cuda_event_then_dist_max,pack planar dQ/dK/dV -> Userbuffers A2A -> unpack complete dQKV -> full DGrad GEMM -> adjacent beta=0 WGrad GEMM,MAX,2.9.0+cu128,2.19.0.dev0+a7aec214,/tmp/TransformerEngine-v10-clean/transformer_engine/__init__.py,12.8,2.27.5,NVIDIA L20X|NVIDIA L20X|NVIDIA L20X|NVIDIA L20X,132|132|132|132,:4096:8,16,3,True,False,1024,4,False,True,0,0.10739199817180634,0.11219040006399153,319.94691367071033,,,,,66,20,35,0,0.022761600092053413,0.9696969985961914,True,same_geometry_s1k,,,,,,,,,
qkv,production_qwen_dense,model,current production Qwen dense,4096,4,graph,deferred,single,v10_backward_te_userbuffers_v3,complete_route_then_single_full_gemm,recreate_per_entry,reuse_adjacent_same_shape_v1,branch_masked_v1,branch_masked_v1,1,1024,2048,4096,4096,2048,1024,16,8,128,adapted_te_userbuffers_backward_formal_10w50i,per_sample_local_cuda_event_then_dist_max,separately timed pack planar dQ/dK/dV -> Userbuffers A2A -> unpack complete dQKV -> full DGrad GEMM and beta=1 WGrad GEMM,MAX,2.9.0+cu128,2.19.0.dev0+a7aec214,/tmp/TransformerEngine-v10-clean/transformer_engine/__init__.py,12.8,2.27.5,NVIDIA L20X|NVIDIA L20X|NVIDIA L20X|NVIDIA L20X,132|132|132|132,:4096:8,16,3,True,False,1024,4,False,True,0,0.1118560004979372,0.11549280155450106,307.1783204749364,0.07921599969267845,0.0810943990945816,0.03271999955177307,0.03341440111398697,66,20,35,0,0.022761600092053413,0.9696969985961914,True,same_geometry_s1k,,,,,,,,,
qkv,production_qwen_dense,model,current production Qwen dense,4096,8,eager,immediate,single,v10_backward_te_userbuffers_v3,complete_route_then_single_full_gemm,recreate_per_entry,reuse_adjacent_same_shape_v1,branch_masked_v1,branch_masked_v1,0,512,2048,4096,4096,2048,512,16,8,128,adapted_te_userbuffers_backward_formal_10w50i,per_sample_local_cuda_event_then_dist_max,pack planar dQ/dK/dV -> Userbuffers A2A -> unpack complete dQKV -> full DGrad GEMM -> adjacent beta=0 WGrad GEMM,MAX,2.9.0+cu128,2.19.0.dev0+a7aec214,/tmp/TransformerEngine-v10-clean/transformer_engine/__init__.py,12.8,2.27.5,NVIDIA L20X|NVIDIA L20X|NVIDIA L20X|NVIDIA L20X|NVIDIA L20X|NVIDIA L20X|NVIDIA L20X|NVIDIA L20X,132|132|132|132|132|132|132|132,:4096:8,4,1,True,False,512,4,False,True,0,0.22912000119686127,0.2557935923337936,74.98197055803502,,,,,66,135,35,0,0.016467200592160225,0.7878788113594055,True,same_geometry_s1k,,,,,,,,,
qkv,production_qwen_dense,model,current production Qwen dense,4096,8,eager,deferred,single,v10_backward_te_userbuffers_v3,complete_route_then_single_full_gemm,recreate_per_entry,reuse_adjacent_same_shape_v1,branch_masked_v1,branch_masked_v1,1,512,2048,4096,4096,2048,512,16,8,128,adapted_te_userbuffers_backward_formal_10w50i,per_sample_local_cuda_event_then_dist_max,separately timed pack planar dQ/dK/dV -> Userbuffers A2A -> unpack complete dQKV -> full DGrad GEMM and beta=1 WGrad GEMM,MAX,2.9.0+cu128,2.19.0.dev0+a7aec214,/tmp/TransformerEngine-v10-clean/transformer_engine/__init__.py,12.8,2.27.5,NVIDIA L20X|NVIDIA L20X|NVIDIA L20X|NVIDIA L20X|NVIDIA L20X|NVIDIA L20X|NVIDIA L20X|NVIDIA L20X,132|132|132|132|132|132|132|132,:4096:8,4,1,True,False,512,4,False,True,0,0.24211200140416622,0.3272703999653457,70.95835433337743,0.19201600551605225,0.23083520159125326,0.04825599864125252,0.05965920034795999,66,135,35,0,0.016467200592160225,0.7878788113594055,False,same_geometry_s1k,,,,,,,,,
qkv,production_qwen_dense,model,current production Qwen dense,4096,8,graph,immediate,single,v10_backward_te_userbuffers_v3,complete_route_then_single_full_gemm,recreate_per_entry,reuse_adjacent_same_shape_v1,branch_masked_v1,branch_masked_v1,0,512,2048,4096,4096,2048,512,16,8,128,adapted_te_userbuffers_backward_formal_10w50i,per_sample_local_cuda_event_then_dist_max,pack planar dQ/dK/dV -> Userbuffers A2A -> unpack complete dQKV -> full DGrad GEMM -> adjacent beta=0 WGrad GEMM,MAX,2.9.0+cu128,2.19.0.dev0+a7aec214,/tmp/TransformerEngine-v10-clean/transformer_engine/__init__.py,12.8,2.27.5,NVIDIA L20X|NVIDIA L20X|NVIDIA L20X|NVIDIA L20X|NVIDIA L20X|NVIDIA L20X|NVIDIA L20X|NVIDIA L20X,132|132|132|132|132|132|132|132,:4096:8,8,3,True,False,512,4,True,True,0,0.088128000497818,0.09170079790055752,194.94223274049392,,,,,66,18,35,0,0.016074666753411293,0.9696969985961914,True,same_geometry_s1k,,,,,,,,,
qkv,production_qwen_dense,model,current production Qwen dense,4096,8,graph,deferred,single,v10_backward_te_userbuffers_v3,complete_route_then_single_full_gemm,recreate_per_entry,reuse_adjacent_same_shape_v1,branch_masked_v1,branch_masked_v1,1,512,2048,4096,4096,2048,512,16,8,128,adapted_te_userbuffers_backward_formal_10w50i,per_sample_local_cuda_event_then_dist_max,separately timed pack planar dQ/dK/dV -> Userbuffers A2A -> unpack complete dQKV -> full DGrad GEMM and beta=1 WGrad GEMM,MAX,2.9.0+cu128,2.19.0.dev0+a7aec214,/tmp/TransformerEngine-v10-clean/transformer_engine/__init__.py,12.8,2.27.5,NVIDIA L20X|NVIDIA L20X|NVIDIA L20X|NVIDIA L20X|NVIDIA L20X|NVIDIA L20X|NVIDIA L20X|NVIDIA L20X,132|132|132|132|132|132|132|132,:4096:8,8,3,True,False,1024,4,False,True,0,0.09254400245845318,0.09725119909271597,185.64000613343637,0.06510400027036667,0.06741919927299023,0.027424000203609467,0.028259199950844048,66,18,35,0,0.016074666753411293,0.9696969985961914,False,same_geometry_s1k,,,,,,,,,
qkv,production_qwen_dense,model,current production Qwen dense,16384,4,eager,immediate,single,v10_backward_te_userbuffers_v3,complete_route_then_single_full_gemm,recreate_per_entry,reuse_adjacent_same_shape_v1,branch_masked_v1,branch_masked_v1,0,4096,2048,4096,4096,2048,4096,16,8,128,adapted_te_userbuffers_backward_formal_10w50i,per_sample_local_cuda_event_then_dist_max,pack planar dQ/dK/dV -> Userbuffers A2A -> unpack complete dQKV -> full DGrad GEMM -> adjacent beta=0 WGrad GEMM,MAX,2.9.0+cu128,2.19.0.dev0+a7aec214,/tmp/TransformerEngine-v10-clean/transformer_engine/__init__.py,12.8,2.27.5,NVIDIA L20X|NVIDIA L20X|NVIDIA L20X|NVIDIA L20X,132|132|132|132,:4096:8,8,3,True,False,1024,4,False,True,0,0.38763199746608734,0.396372789144516,354.56039328648063,,,,,66,23,35,0,0.08174186199903488,1.9393939971923828,True,same_geometry_s1k,,,,,,,,,
qkv,production_qwen_dense,model,current production Qwen dense,16384,4,eager,deferred,single,v10_backward_te_userbuffers_v3,complete_route_then_single_full_gemm,recreate_per_entry,reuse_adjacent_same_shape_v1,branch_masked_v1,branch_masked_v1,1,4096,2048,4096,4096,2048,4096,16,8,128,adapted_te_userbuffers_backward_formal_10w50i,per_sample_local_cuda_event_then_dist_max,separately timed pack planar dQ/dK/dV -> Userbuffers A2A -> unpack complete dQKV -> full DGrad GEMM and beta=1 WGrad GEMM,MAX,2.9.0+cu128,2.19.0.dev0+a7aec214,/tmp/TransformerEngine-v10-clean/transformer_engine/__init__.py,12.8,2.27.5,NVIDIA L20X|NVIDIA L20X|NVIDIA L20X|NVIDIA L20X,132|132|132|132,:4096:8,8,3,True,False,1024,4,False,True,0,0.4132479950785637,0.420315195992589,332.5822632142985,0.29468798637390137,0.3000752002000809,0.11812799796462059,0.12240160070359707,66,23,35,0,0.08174186199903488,1.9393939971923828,False,same_geometry_s1k,,,,,,,,,
qkv,production_qwen_dense,model,current production Qwen dense,16384,4,graph,immediate,single,v10_backward_te_userbuffers_v3,complete_route_then_single_full_gemm,recreate_per_entry,reuse_adjacent_same_shape_v1,branch_masked_v1,branch_masked_v1,0,4096,2048,4096,4096,2048,4096,16,8,128,adapted_te_userbuffers_backward_formal_10w50i,per_sample_local_cuda_event_then_dist_max,pack planar dQ/dK/dV -> Userbuffers A2A -> unpack complete dQKV -> full DGrad GEMM -> adjacent beta=0 WGrad GEMM,MAX,2.9.0+cu128,2.19.0.dev0+a7aec214,/tmp/TransformerEngine-v10-clean/transformer_engine/__init__.py,12.8,2.27.5,NVIDIA L20X|NVIDIA L20X|NVIDIA L20X|NVIDIA L20X,132|132|132|132,:4096:8,20,3,True,False,1024,4,True,True,0,0.33350399136543274,0.3353488013148308,412.1058728841509,,,,,66,23,35,0,0.08119253069162369,1.9393939971923828,True,same_geometry_s1k,,,,,,,,,
qkv,production_qwen_dense,model,current production Qwen dense,16384,4,graph,deferred,single,v10_backward_te_userbuffers_v3,complete_route_then_single_full_gemm,recreate_per_entry,reuse_adjacent_same_shape_v1,branch_masked_v1,branch_masked_v1,1,4096,2048,4096,4096,2048,4096,16,8,128,adapted_te_userbuffers_backward_formal_10w50i,per_sample_local_cuda_event_then_dist_max,separately timed pack planar dQ/dK/dV -> Userbuffers A2A -> unpack complete dQKV -> full DGrad GEMM and beta=1 WGrad GEMM,MAX,2.9.0+cu128,2.19.0.dev0+a7aec214,/tmp/TransformerEngine-v10-clean/transformer_engine/__init__.py,12.8,2.27.5,NVIDIA L20X|NVIDIA L20X|NVIDIA L20X|NVIDIA L20X,132|132|132|132,:4096:8,20,3,True,False,1024,4,True,True,0,0.34431999921798706,0.41103520579636094,399.1605302745955,0.2465440034866333,0.3134816080331802,0.09772799909114838,0.09827200323343277,66,23,35,0,0.08119253069162369,1.9393939971923828,True,same_geometry_s1k,,,,,,,,,
qkv,production_qwen_dense,model,current production Qwen dense,16384,8,eager,immediate,single,v10_backward_te_userbuffers_v3,complete_route_then_single_full_gemm,recreate_per_entry,reuse_adjacent_same_shape_v1,branch_masked_v1,branch_masked_v1,0,2048,2048,4096,4096,2048,2048,16,8,128,adapted_te_userbuffers_backward_formal_10w50i,per_sample_local_cuda_event_then_dist_max,pack planar dQ/dK/dV -> Userbuffers A2A -> unpack complete dQKV -> full DGrad GEMM -> adjacent beta=0 WGrad GEMM,MAX,2.9.0+cu128,2.19.0.dev0+a7aec214,/tmp/TransformerEngine-v10-clean/transformer_engine/__init__.py,12.8,2.27.5,NVIDIA L20X|NVIDIA L20X|NVIDIA L20X|NVIDIA L20X|NVIDIA L20X|NVIDIA L20X|NVIDIA L20X|NVIDIA L20X,132|132|132|132|132|132|132|132,:4096:8,24,3,True,False,512,4,False,True,0,0.3121279925107956,0.3651759952306746,220.16441455062125,,,,,66,20,35,0,0.04230719804763794,1.9393939971923828,True,same_geometry_s1k,,,,,,,,,
qkv,production_qwen_dense,model,current production Qwen dense,16384,8,eager,deferred,single,v10_backward_te_userbuffers_v3,complete_route_then_single_full_gemm,recreate_per_entry,reuse_adjacent_same_shape_v1,branch_masked_v1,branch_masked_v1,1,2048,2048,4096,4096,2048,2048,16,8,128,adapted_te_userbuffers_backward_formal_10w50i,per_sample_local_cuda_event_then_dist_max,separately timed pack planar dQ/dK/dV -> Userbuffers A2A -> unpack complete dQKV -> full DGrad GEMM and beta=1 WGrad GEMM,MAX,2.9.0+cu128,2.19.0.dev0+a7aec214,/tmp/TransformerEngine-v10-clean/transformer_engine/__init__.py,12.8,2.27.5,NVIDIA L20X|NVIDIA L20X|NVIDIA L20X|NVIDIA L20X|NVIDIA L20X|NVIDIA L20X|NVIDIA L20X|NVIDIA L20X,132|132|132|132|132|132|132|132,:4096:8,24,3,True,False,512,4,False,True,0,0.3309599980711937,0.34540800116956233,207.6368054643799,0.24289599806070328,0.25281279534101486,0.08804799988865852,0.0909327995032072,66,20,35,0,0.04230719804763794,1.9393939971923828,False,same_geometry_s1k,,,,,,,,,
qkv,production_qwen_dense,model,current production Qwen dense,16384,8,graph,immediate,single,v10_backward_te_userbuffers_v3,complete_route_then_single_full_gemm,recreate_per_entry,reuse_adjacent_same_shape_v1,branch_masked_v1,branch_masked_v1,0,2048,2048,4096,4096,2048,2048,16,8,128,adapted_te_userbuffers_backward_formal_10w50i,per_sample_local_cuda_event_then_dist_max,pack planar dQ/dK/dV -> Userbuffers A2A -> unpack complete dQKV -> full DGrad GEMM -> adjacent beta=0 WGrad GEMM,MAX,2.9.0+cu128,2.19.0.dev0+a7aec214,/tmp/TransformerEngine-v10-clean/transformer_engine/__init__.py,12.8,2.27.5,NVIDIA L20X|NVIDIA L20X|NVIDIA L20X|NVIDIA L20X|NVIDIA L20X|NVIDIA L20X|NVIDIA L20X|NVIDIA L20X,132|132|132|132|132|132|132|132,:4096:8,16,3,True,False,1024,4,False,True,0,0.23267200589179993,0.23944480046629907,295.349139543486,,,,,66,20,35,0,0.04272319748997688,1.9393939971923828,True,same_geometry_s1k,,,,,,,,,
qkv,production_qwen_dense,model,current production Qwen dense,16384,8,graph,deferred,single,v10_backward_te_userbuffers_v3,complete_route_then_single_full_gemm,recreate_per_entry,reuse_adjacent_same_shape_v1,branch_masked_v1,branch_masked_v1,1,2048,2048,4096,4096,2048,2048,16,8,128,adapted_te_userbuffers_backward_formal_10w50i,per_sample_local_cuda_event_then_dist_max,separately timed pack planar dQ/dK/dV -> Userbuffers A2A -> unpack complete dQKV -> full DGrad GEMM and beta=1 WGrad GEMM,MAX,2.9.0+cu128,2.19.0.dev0+a7aec214,/tmp/TransformerEngine-v10-clean/transformer_engine/__init__.py,12.8,2.27.5,NVIDIA L20X|NVIDIA L20X|NVIDIA L20X|NVIDIA L20X|NVIDIA L20X|NVIDIA L20X|NVIDIA L20X|NVIDIA L20X,132|132|132|132|132|132|132|132,:4096:8,16,3,True,False,512,4,False,True,0,0.23764800652861595,0.24524799659848212,289.16496182653765,0.1711840033531189,0.178428802639246,0.06631999835371971,0.06729119829833508,66,20,35,0,0.04272319748997688,1.9393939971923828,False,same_geometry_s1k,,,,,,,,,
qkv,production_qwen_dense,model,current production Qwen dense,131072,4,eager,immediate,single,v10_backward_te_userbuffers_v3,complete_route_then_single_full_gemm,recreate_per_entry,reuse_adjacent_same_shape_v1,branch_masked_v1,branch_masked_v1,0,32768,2048,4096,4096,2048,32768,16,8,128,adapted_te_userbuffers_backward_formal_10w50i,per_sample_local_cuda_event_then_dist_max,pack planar dQ/dK/dV -> Userbuffers A2A -> unpack complete dQKV -> full DGrad GEMM -> adjacent beta=0 WGrad GEMM,MAX,2.9.0+cu128,2.19.0.dev0+a7aec214,/tmp/TransformerEngine-v10-clean/transformer_engine/__init__.py,12.8,2.27.5,NVIDIA L20X|NVIDIA L20X|NVIDIA L20X|NVIDIA L20X,132|132|132|132,:4096:8,24,2,False,True,1024,4,True,True,0,2.5431360006332397,2.554758441448212,432.3448008687786,,,,,66,29,35,4,0.5934944152832031,24.84848403930664,True,same_geometry_s1k,,,,,,,,,
qkv,production_qwen_dense,model,current production Qwen dense,131072,4,eager,deferred,single,v10_backward_te_userbuffers_v3,complete_route_then_single_full_gemm,recreate_per_entry,reuse_adjacent_same_shape_v1,branch_masked_v1,branch_masked_v1,1,32768,2048,4096,4096,2048,32768,16,8,128,adapted_te_userbuffers_backward_formal_10w50i,per_sample_local_cuda_event_then_dist_max,separately timed pack planar dQ/dK/dV -> Userbuffers A2A -> unpack complete dQKV -> full DGrad GEMM and beta=1 WGrad GEMM,MAX,2.9.0+cu128,2.19.0.dev0+a7aec214,/tmp/TransformerEngine-v10-clean/transformer_engine/__init__.py,12.8,2.27.5,NVIDIA L20X|NVIDIA L20X|NVIDIA L20X|NVIDIA L20X,132|132|132|132,:4096:8,24,2,True,False,1024,4,True,True,0,2.5681920051574707,2.6136159718036653,428.126723223166,1.85862398147583,1.8750463843345644,0.7087520062923431,0.7479663759469986,66,29,35,4,0.6063584089279175,24.84848403930664,False,same_geometry_s1k,,,,,,,,,
qkv,production_qwen_dense,model,current production Qwen dense,131072,4,graph,immediate,single,v10_backward_te_userbuffers_v3,complete_route_then_single_full_gemm,recreate_per_entry,reuse_adjacent_same_shape_v1,branch_masked_v1,branch_masked_v1,0,32768,2048,4096,4096,2048,32768,16,8,128,adapted_te_userbuffers_backward_formal_10w50i,per_sample_local_cuda_event_then_dist_max,pack planar dQ/dK/dV -> Userbuffers A2A -> unpack complete dQKV -> full DGrad GEMM -> adjacent beta=0 WGrad GEMM,MAX,2.9.0+cu128,2.19.0.dev0+a7aec214,/tmp/TransformerEngine-v10-clean/transformer_engine/__init__.py,12.8,2.27.5,NVIDIA L20X|NVIDIA L20X|NVIDIA L20X|NVIDIA L20X,132|132|132|132,:4096:8,20,3,True,False,1024,4,False,True,0,2.5160160064697266,2.5236640572547913,437.005021012862,,,,,66,29,35,4,0.5953503847122192,24.84848403930664,True,same_geometry_s1k,,,,,,,,,
qkv,production_qwen_dense,model,current production Qwen dense,131072,4,graph,deferred,single,v10_backward_te_userbuffers_v3,complete_route_then_single_full_gemm,recreate_per_entry,reuse_adjacent_same_shape_v1,branch_masked_v1,branch_masked_v1,1,32768,2048,4096,4096,2048,32768,16,8,128,adapted_te_userbuffers_backward_formal_10w50i,per_sample_local_cuda_event_then_dist_max,separately timed pack planar dQ/dK/dV -> Userbuffers A2A -> unpack complete dQKV -> full DGrad GEMM and beta=1 WGrad GEMM,MAX,2.9.0+cu128,2.19.0.dev0+a7aec214,/tmp/TransformerEngine-v10-clean/transformer_engine/__init__.py,12.8,2.27.5,NVIDIA L20X|NVIDIA L20X|NVIDIA L20X|NVIDIA L20X,132|132|132|132,:4096:8,20,3,True,False,1024,4,False,True,0,2.480592042207718,2.492007949948311,443.245648243489,1.8000479936599731,1.8134271562099458,0.6800000071525574,0.6824383974075318,66,29,35,4,0.5953503847122192,24.84848403930664,False,same_geometry_s1k,,,,,,,,,
qkv,production_qwen_dense,model,current production Qwen dense,131072,8,eager,immediate,single,v10_backward_te_userbuffers_v3,complete_route_then_single_full_gemm,recreate_per_entry,reuse_adjacent_same_shape_v1,branch_masked_v1,branch_masked_v1,0,16384,2048,4096,4096,2048,16384,16,8,128,adapted_te_userbuffers_backward_formal_10w50i,per_sample_local_cuda_event_then_dist_max,pack planar dQ/dK/dV -> Userbuffers A2A -> unpack complete dQKV -> full DGrad GEMM -> adjacent beta=0 WGrad GEMM,MAX,2.9.0+cu128,2.19.0.dev0+a7aec214,/tmp/TransformerEngine-v10-clean/transformer_engine/__init__.py,12.8,2.27.5,NVIDIA L20X|NVIDIA L20X|NVIDIA L20X|NVIDIA L20X|NVIDIA L20X|NVIDIA L20X|NVIDIA L20X|NVIDIA L20X,132|132|132|132|132|132|132|132,:4096:8,24,3,True,False,1024,4,False,True,0,1.5781760215759277,1.594209611415863,348.34885739743237,,,,,66,24,35,4,0.31012266874313354,7.757575988769531,True,same_geometry_s1k,,,,,,,,,
qkv,production_qwen_dense,model,current production Qwen dense,131072,8,eager,deferred,single,v10_backward_te_userbuffers_v3,complete_route_then_single_full_gemm,recreate_per_entry,reuse_adjacent_same_shape_v1,branch_masked_v1,branch_masked_v1,1,16384,2048,4096,4096,2048,16384,16,8,128,adapted_te_userbuffers_backward_formal_10w50i,per_sample_local_cuda_event_then_dist_max,separately timed pack planar dQ/dK/dV -> Userbuffers A2A -> unpack complete dQKV -> full DGrad GEMM and beta=1 WGrad GEMM,MAX,2.9.0+cu128,2.19.0.dev0+a7aec214,/tmp/TransformerEngine-v10-clean/transformer_engine/__init__.py,12.8,2.27.5,NVIDIA L20X|NVIDIA L20X|NVIDIA L20X|NVIDIA L20X|NVIDIA L20X|NVIDIA L20X|NVIDIA L20X|NVIDIA L20X,132|132|132|132|132|132|132|132,:4096:8,24,3,True,False,1024,4,False,True,0,1.6105120182037354,1.6197152420878411,341.3546795516393,1.1705120205879211,1.1798016428947449,0.44017599523067474,0.44450880289077754,66,24,35,4,0.31012266874313354,7.757575988769531,True,same_geometry_s1k,,,,,,,,,
qkv,production_qwen_dense,model,current production Qwen dense,131072,8,graph,immediate,single,v10_backward_te_userbuffers_v3,complete_route_then_single_full_gemm,recreate_per_entry,reuse_adjacent_same_shape_v1,branch_masked_v1,branch_masked_v1,0,16384,2048,4096,4096,2048,16384,16,8,128,adapted_te_userbuffers_backward_formal_10w50i,per_sample_local_cuda_event_then_dist_max,pack planar dQ/dK/dV -> Userbuffers A2A -> unpack complete dQKV -> full DGrad GEMM -> adjacent beta=0 WGrad GEMM,MAX,2.9.0+cu128,2.19.0.dev0+a7aec214,/tmp/TransformerEngine-v10-clean/transformer_engine/__init__.py,12.8,2.27.5,NVIDIA L20X|NVIDIA L20X|NVIDIA L20X|NVIDIA L20X|NVIDIA L20X|NVIDIA L20X|NVIDIA L20X|NVIDIA L20X,132|132|132|132|132|132|132|132,:4096:8,24,3,True,False,1024,4,False,True,0,1.5285120010375977,1.5512160301208495,359.6673192718212,,,,,66,24,35,4,0.31012266874313354,7.757575988769531,True,same_geometry_s1k,,,,,,,,,
qkv,production_qwen_dense,model,current production Qwen dense,131072,8,graph,deferred,single,v10_backward_te_userbuffers_v3,complete_route_then_single_full_gemm,recreate_per_entry,reuse_adjacent_same_shape_v1,branch_masked_v1,branch_masked_v1,1,16384,2048,4096,4096,2048,16384,16,8,128,adapted_te_userbuffers_backward_formal_10w50i,per_sample_local_cuda_event_then_dist_max,separately timed pack planar dQ/dK/dV -> Userbuffers A2A -> unpack complete dQKV -> full DGrad GEMM and beta=1 WGrad GEMM,MAX,2.9.0+cu128,2.19.0.dev0+a7aec214,/tmp/TransformerEngine-v10-clean/transformer_engine/__init__.py,12.8,2.27.5,NVIDIA L20X|NVIDIA L20X|NVIDIA L20X|NVIDIA L20X|NVIDIA L20X|NVIDIA L20X|NVIDIA L20X|NVIDIA L20X,132|132|132|132|132|132|132|132,:4096:8,24,3,True,False,1024,4,False,True,0,1.546368047595024,1.5589584156870842,355.5142094037723,1.1252000331878662,1.1362608492374422,0.42180800437927246,0.4250304028391838,66,24,35,4,0.31012266874313354,7.757575988769531,True,same_geometry_s1k,,,,,,,,,
qkv,production_qwen_dense,model,current production Qwen dense,262144,4,eager,immediate,single,v10_backward_te_userbuffers_v3,complete_route_then_single_full_gemm,recreate_per_entry,reuse_adjacent_same_shape_v1,branch_masked_v1,branch_masked_v1,0,65536,2048,4096,4096,2048,65536,16,8,128,adapted_te_userbuffers_backward_formal_10w50i,per_sample_local_cuda_event_then_dist_max,pack planar dQ/dK/dV -> Userbuffers A2A -> unpack complete dQKV -> full DGrad GEMM -> adjacent beta=0 WGrad GEMM,MAX,2.9.0+cu128,2.19.0.dev0+a7aec214,/tmp/TransformerEngine-v10-clean/transformer_engine/__init__.py,12.8,2.27.5,NVIDIA L20X|NVIDIA L20X|NVIDIA L20X|NVIDIA L20X,132|132|132|132,:4096:8,20,2,False,True,1024,4,False,True,0,5.06879997253418,5.184695935249328,433.8350827548209,,,,,66,209,35,4,1.311578631401062,28.5,True,same_geometry_s1k,,,,,,,,,
qkv,production_qwen_dense,model,current production Qwen dense,262144,4,eager,deferred,single,v10_backward_te_userbuffers_v3,complete_route_then_single_full_gemm,recreate_per_entry,reuse_adjacent_same_shape_v1,branch_masked_v1,branch_masked_v1,1,65536,2048,4096,4096,2048,65536,16,8,128,adapted_te_userbuffers_backward_formal_10w50i,per_sample_local_cuda_event_then_dist_max,separately timed pack planar dQ/dK/dV -> Userbuffers A2A -> unpack complete dQKV -> full DGrad GEMM and beta=1 WGrad GEMM,MAX,2.9.0+cu128,2.19.0.dev0+a7aec214,/tmp/TransformerEngine-v10-clean/transformer_engine/__init__.py,12.8,2.27.5,NVIDIA L20X|NVIDIA L20X|NVIDIA L20X|NVIDIA L20X,132|132|132|132,:4096:8,20,2,False,True,1024,4,False,True,0,5.190079987049103,5.2471984207630165,423.6973728804298,3.645135998725891,3.7001999616622925,1.5402079820632935,1.6014368057250976,66,209,35,4,1.311578631401062,28.5,False,same_geometry_s1k,,,,,,,,,
qkv,production_qwen_dense,model,current production Qwen dense,262144,4,graph,immediate,single,v10_backward_te_userbuffers_v3,complete_route_then_single_full_gemm,recreate_per_entry,reuse_adjacent_same_shape_v1,branch_masked_v1,branch_masked_v1,0,65536,2048,4096,4096,2048,65536,16,8,128,adapted_te_userbuffers_backward_formal_10w50i,per_sample_local_cuda_event_then_dist_max,pack planar dQ/dK/dV -> Userbuffers A2A -> unpack complete dQKV -> full DGrad GEMM -> adjacent beta=0 WGrad GEMM,MAX,2.9.0+cu128,2.19.0.dev0+a7aec214,/tmp/TransformerEngine-v10-clean/transformer_engine/__init__.py,12.8,2.27.5,NVIDIA L20X|NVIDIA L20X|NVIDIA L20X|NVIDIA L20X,132|132|132|132,:4096:8,20,3,False,True,1024,4,True,True,0,5.058207988739014,5.079707145690918,434.7435416747673,,,,,66,209,35,4,1.2843371629714966,28.5,True,same_geometry_s1k,,,,,,,,,
qkv,production_qwen_dense,model,current production Qwen dense,262144,4,graph,deferred,single,v10_backward_te_userbuffers_v3,complete_route_then_single_full_gemm,recreate_per_entry,reuse_adjacent_same_shape_v1,branch_masked_v1,branch_masked_v1,1,65536,2048,4096,4096,2048,65536,16,8,128,adapted_te_userbuffers_backward_formal_10w50i,per_sample_local_cuda_event_then_dist_max,separately timed pack planar dQ/dK/dV -> Userbuffers A2A -> unpack complete dQKV -> full DGrad GEMM and beta=1 WGrad GEMM,MAX,2.9.0+cu128,2.19.0.dev0+a7aec214,/tmp/TransformerEngine-v10-clean/transformer_engine/__init__.py,12.8,2.27.5,NVIDIA L20X|NVIDIA L20X|NVIDIA L20X|NVIDIA L20X,132|132|132|132,:4096:8,20,3,False,True,1024,4,True,True,0,5.112447917461395,5.174121558666229,430.13118002460413,3.6100480556488037,3.631753611564636,1.5080799460411072,1.5591072201728822,66,209,35,4,1.2843371629714966,28.5,False,same_geometry_s1k,,,,,,,,,
qkv,production_qwen_dense,model,current production Qwen dense,262144,8,eager,immediate,single,v10_backward_te_userbuffers_v3,complete_route_then_single_full_gemm,recreate_per_entry,reuse_adjacent_same_shape_v1,branch_masked_v1,branch_masked_v1,0,32768,2048,4096,4096,2048,32768,16,8,128,adapted_te_userbuffers_backward_formal_10w50i,per_sample_local_cuda_event_then_dist_max,pack planar dQ/dK/dV -> Userbuffers A2A -> unpack complete dQKV -> full DGrad GEMM -> adjacent beta=0 WGrad GEMM,MAX,2.9.0+cu128,2.19.0.dev0+a7aec214,/tmp/TransformerEngine-v10-clean/transformer_engine/__init__.py,12.8,2.27.5,NVIDIA L20X|NVIDIA L20X|NVIDIA L20X|NVIDIA L20X|NVIDIA L20X|NVIDIA L20X|NVIDIA L20X|NVIDIA L20X,132|132|132|132|132|132|132|132,:4096:8,24,3,True,False,1024,4,True,True,0,3.021728038787842,3.0529199004173275,363.86849301536284,,,,,66,24,35,4,0.6085322499275208,15.515151977539062,True,same_geometry_s1k,,,,,,,,,
qkv,production_qwen_dense,model,current production Qwen dense,262144,8,eager,deferred,single,v10_backward_te_userbuffers_v3,complete_route_then_single_full_gemm,recreate_per_entry,reuse_adjacent_same_shape_v1,branch_masked_v1,branch_masked_v1,1,32768,2048,4096,4096,2048,32768,16,8,128,adapted_te_userbuffers_backward_formal_10w50i,per_sample_local_cuda_event_then_dist_max,separately timed pack planar dQ/dK/dV -> Userbuffers A2A -> unpack complete dQKV -> full DGrad GEMM and beta=1 WGrad GEMM,MAX,2.9.0+cu128,2.19.0.dev0+a7aec214,/tmp/TransformerEngine-v10-clean/transformer_engine/__init__.py,12.8,2.27.5,NVIDIA L20X|NVIDIA L20X|NVIDIA L20X|NVIDIA L20X|NVIDIA L20X|NVIDIA L20X|NVIDIA L20X|NVIDIA L20X,132|132|132|132|132|132|132|132,:4096:8,24,3,True,False,1024,4,True,True,0,3.0574719607830048,3.0796271711587906,359.6146234140509,2.2295199632644653,2.247254347801208,0.8284800052642822,0.8336816042661667,66,24,35,4,0.6085322499275208,15.515151977539062,True,same_geometry_s1k,,,,,,,,,
qkv,production_qwen_dense,model,current production Qwen dense,262144,8,graph,immediate,single,v10_backward_te_userbuffers_v3,complete_route_then_single_full_gemm,recreate_per_entry,reuse_adjacent_same_shape_v1,branch_masked_v1,branch_masked_v1,0,32768,2048,4096,4096,2048,32768,16,8,128,adapted_te_userbuffers_backward_formal_10w50i,per_sample_local_cuda_event_then_dist_max,pack planar dQ/dK/dV -> Userbuffers A2A -> unpack complete dQKV -> full DGrad GEMM -> adjacent beta=0 WGrad GEMM,MAX,2.9.0+cu128,2.19.0.dev0+a7aec214,/tmp/TransformerEngine-v10-clean/transformer_engine/__init__.py,12.8,2.27.5,NVIDIA L20X|NVIDIA L20X|NVIDIA L20X|NVIDIA L20X|NVIDIA L20X|NVIDIA L20X|NVIDIA L20X|NVIDIA L20X,132|132|132|132|132|132|132|132,:4096:8,24,3,True,False,1024,4,False,True,0,2.9706560373306274,2.996884834766388,370.12417929205947,,,,,66,24,35,4,0.6085322499275208,15.515151977539062,True,same_geometry_s1k,,,,,,,,,
qkv,production_qwen_dense,model,current production Qwen dense,262144,8,graph,deferred,single,v10_backward_te_userbuffers_v3,complete_route_then_single_full_gemm,recreate_per_entry,reuse_adjacent_same_shape_v1,branch_masked_v1,branch_masked_v1,1,32768,2048,4096,4096,2048,32768,16,8,128,adapted_te_userbuffers_backward_formal_10w50i,per_sample_local_cuda_event_then_dist_max,separately timed pack planar dQ/dK/dV -> Userbuffers A2A -> unpack complete dQKV -> full DGrad GEMM and beta=1 WGrad GEMM,MAX,2.9.0+cu128,2.19.0.dev0+a7aec214,/tmp/TransformerEngine-v10-clean/transformer_engine/__init__.py,12.8,2.27.5,NVIDIA L20X|NVIDIA L20X|NVIDIA L20X|NVIDIA L20X|NVIDIA L20X|NVIDIA L20X|NVIDIA L20X|NVIDIA L20X,132|132|132|132|132|132|132|132,:4096:8,24,3,True,False,1024,4,False,True,0,2.992335945367813,3.0137583285570146,367.44257591734066,2.178544044494629,2.20020797252655,0.8156639933586121,0.8212191879749298,66,24,35,4,0.6085322499275208,15.515151977539062,True,same_geometry_s1k,,,,,,,,,
qkv,production_qwen_dense,model,current production Qwen dense,524288,4,eager,immediate,single,v10_backward_te_userbuffers_v3,complete_route_then_single_full_gemm,recreate_per_entry,reuse_adjacent_same_shape_v1,branch_masked_v1,branch_masked_v1,0,131072,2048,4096,4096,2048,131072,16,8,128,adapted_te_userbuffers_backward_formal_10w50i,per_sample_local_cuda_event_then_dist_max,pack planar dQ/dK/dV -> Userbuffers A2A -> unpack complete dQKV -> full DGrad GEMM -> adjacent beta=0 WGrad GEMM,MAX,2.9.0+cu128,2.19.0.dev0+a7aec214,/tmp/TransformerEngine-v10-clean/transformer_engine/__init__.py,12.8,2.27.5,NVIDIA L20X|NVIDIA L20X|NVIDIA L20X|NVIDIA L20X,132|132|132|132,:4096:8,24,2,False,True,1024,4,False,True,0,10.066047668457031,10.139923429489135,436.91890362149974,,,,,66,29,35,4,2.6292970180511475,99.39393615722656,True,same_geometry_s1k,,,,,,,,,
qkv,production_qwen_dense,model,current production Qwen dense,524288,4,eager,deferred,single,v10_backward_te_userbuffers_v3,complete_route_then_single_full_gemm,recreate_per_entry,reuse_adjacent_same_shape_v1,branch_masked_v1,branch_masked_v1,1,131072,2048,4096,4096,2048,131072,16,8,128,adapted_te_userbuffers_backward_formal_10w50i,per_sample_local_cuda_event_then_dist_max,separately timed pack planar dQ/dK/dV -> Userbuffers A2A -> unpack complete dQKV -> full DGrad GEMM and beta=1 WGrad GEMM,MAX,2.9.0+cu128,2.19.0.dev0+a7aec214,/tmp/TransformerEngine-v10-clean/transformer_engine/__init__.py,12.8,2.27.5,NVIDIA L20X|NVIDIA L20X|NVIDIA L20X|NVIDIA L20X,132|132|132|132,:4096:8,24,2,False,True,1024,4,False,True,0,10.280400156974792,10.50321763753891,427.80888330695205,7.132800102233887,7.348041653633118,3.1400800943374634,3.188652753829956,66,29,35,4,2.6292970180511475,99.39393615722656,False,same_geometry_s1k,,,,,,,,,
qkv,production_qwen_dense,model,current production Qwen dense,524288,4,graph,immediate,single,v10_backward_te_userbuffers_v3,complete_route_then_single_full_gemm,recreate_per_entry,reuse_adjacent_same_shape_v1,branch_masked_v1,branch_masked_v1,0,131072,2048,4096,4096,2048,131072,16,8,128,adapted_te_userbuffers_backward_formal_10w50i,per_sample_local_cuda_event_then_dist_max,pack planar dQ/dK/dV -> Userbuffers A2A -> unpack complete dQKV -> full DGrad GEMM -> adjacent beta=0 WGrad GEMM,MAX,2.9.0+cu128,2.19.0.dev0+a7aec214,/tmp/TransformerEngine-v10-clean/transformer_engine/__init__.py,12.8,2.27.5,NVIDIA L20X|NVIDIA L20X|NVIDIA L20X|NVIDIA L20X,132|132|132|132,:4096:8,20,3,False,True,1024,4,True,True,0,10.03169584274292,10.081073713302612,438.4150576380975,,,,,66,29,35,4,2.63049054145813,99.39393615722656,True,same_geometry_s1k,,,,,,,,,
qkv,production_qwen_dense,model,current production Qwen dense,524288,4,graph,deferred,single,v10_backward_te_userbuffers_v3,complete_route_then_single_full_gemm,recreate_per_entry,reuse_adjacent_same_shape_v1,branch_masked_v1,branch_masked_v1,1,131072,2048,4096,4096,2048,131072,16,8,128,adapted_te_userbuffers_backward_formal_10w50i,per_sample_local_cuda_event_then_dist_max,separately timed pack planar dQ/dK/dV -> Userbuffers A2A -> unpack complete dQKV -> full DGrad GEMM and beta=1 WGrad GEMM,MAX,2.9.0+cu128,2.19.0.dev0+a7aec214,/tmp/TransformerEngine-v10-clean/transformer_engine/__init__.py,12.8,2.27.5,NVIDIA L20X|NVIDIA L20X|NVIDIA L20X|NVIDIA L20X,132|132|132|132,:4096:8,20,3,False,True,1024,4,True,True,0,10.166288018226624,10.197719812393188,432.61085100274204,7.024143934249878,7.040774536132812,3.140064001083374,3.16642404794693,66,29,35,4,2.63049054145813,99.39393615722656,False,same_geometry_s1k,,,,,,,,,
qkv,production_qwen_dense,model,current production Qwen dense,524288,8,eager,immediate,single,v10_backward_te_userbuffers_v3,complete_route_then_single_full_gemm,recreate_per_entry,reuse_adjacent_same_shape_v1,branch_masked_v1,branch_masked_v1,0,65536,2048,4096,4096,2048,65536,16,8,128,adapted_te_userbuffers_backward_formal_10w50i,per_sample_local_cuda_event_then_dist_max,pack planar dQ/dK/dV -> Userbuffers A2A -> unpack complete dQKV -> full DGrad GEMM -> adjacent beta=0 WGrad GEMM,MAX,2.9.0+cu128,2.19.0.dev0+a7aec214,/tmp/TransformerEngine-v10-clean/transformer_engine/__init__.py,12.8,2.27.5,NVIDIA L20X|NVIDIA L20X|NVIDIA L20X|NVIDIA L20X|NVIDIA L20X|NVIDIA L20X|NVIDIA L20X|NVIDIA L20X,132|132|132|132|132|132|132|132,:4096:8,24,3,True,False,1024,4,False,True,0,5.9411680698394775,5.984422421455383,370.1331505357354,,,,,66,209,35,4,1.2985002994537354,28.5,True,same_geometry_s1k,,,,,,,,,
qkv,production_qwen_dense,model,current production Qwen dense,524288,8,eager,deferred,single,v10_backward_te_userbuffers_v3,complete_route_then_single_full_gemm,recreate_per_entry,reuse_adjacent_same_shape_v1,branch_masked_v1,branch_masked_v1,1,65536,2048,4096,4096,2048,65536,16,8,128,adapted_te_userbuffers_backward_formal_10w50i,per_sample_local_cuda_event_then_dist_max,separately timed pack planar dQ/dK/dV -> Userbuffers A2A -> unpack complete dQKV -> full DGrad GEMM and beta=1 WGrad GEMM,MAX,2.9.0+cu128,2.19.0.dev0+a7aec214,/tmp/TransformerEngine-v10-clean/transformer_engine/__init__.py,12.8,2.27.5,NVIDIA L20X|NVIDIA L20X|NVIDIA L20X|NVIDIA L20X|NVIDIA L20X|NVIDIA L20X|NVIDIA L20X|NVIDIA L20X,132|132|132|132|132|132|132|132,:4096:8,24,3,True,False,1024,4,False,True,0,5.982944011688232,6.045539301633835,367.5486936290905,4.375904083251953,4.433780860900879,1.6089280247688293,1.617028820514679,66,209,35,4,1.2985002994537354,28.5,True,same_geometry_s1k,,,,,,,,,
qkv,production_qwen_dense,model,current production Qwen dense,524288,8,graph,immediate,single,v10_backward_te_userbuffers_v3,complete_route_then_single_full_gemm,recreate_per_entry,reuse_adjacent_same_shape_v1,branch_masked_v1,branch_masked_v1,0,65536,2048,4096,4096,2048,65536,16,8,128,adapted_te_userbuffers_backward_formal_10w50i,per_sample_local_cuda_event_then_dist_max,pack planar dQ/dK/dV -> Userbuffers A2A -> unpack complete dQKV -> full DGrad GEMM -> adjacent beta=0 WGrad GEMM,MAX,2.9.0+cu128,2.19.0.dev0+a7aec214,/tmp/TransformerEngine-v10-clean/transformer_engine/__init__.py,12.8,2.27.5,NVIDIA L20X|NVIDIA L20X|NVIDIA L20X|NVIDIA L20X|NVIDIA L20X|NVIDIA L20X|NVIDIA L20X|NVIDIA L20X,132|132|132|132|132|132|132|132,:4096:8,24,3,True,False,1024,4,False,True,0,5.886368036270142,5.921561670303345,373.57896108470254,,,,,66,209,35,4,1.2985002994537354,28.5,True,same_geometry_s1k,,,,,,,,,
qkv,production_qwen_dense,model,current production Qwen dense,524288,8,graph,deferred,single,v10_backward_te_userbuffers_v3,complete_route_then_single_full_gemm,recreate_per_entry,reuse_adjacent_same_shape_v1,branch_masked_v1,branch_masked_v1,1,65536,2048,4096,4096,2048,65536,16,8,128,adapted_te_userbuffers_backward_formal_10w50i,per_sample_local_cuda_event_then_dist_max,separately timed pack planar dQ/dK/dV -> Userbuffers A2A -> unpack complete dQKV -> full DGrad GEMM and beta=1 WGrad GEMM,MAX,2.9.0+cu128,2.19.0.dev0+a7aec214,/tmp/TransformerEngine-v10-clean/transformer_engine/__init__.py,12.8,2.27.5,NVIDIA L20X|NVIDIA L20X|NVIDIA L20X|NVIDIA L20X|NVIDIA L20X|NVIDIA L20X|NVIDIA L20X|NVIDIA L20X,132|132|132|132|132|132|132|132,:4096:8,24,3,True,False,1024,4,False,True,0,5.910640180110931,5.945348787307739,372.0448527642785,4.321295976638794,4.358352088928223,1.5880959630012512,1.6145920038223267,66,209,35,4,1.2985002994537354,28.5,True,same_geometry_s1k,,,,,,,,,
qkv,nanbeige42_3b,model,Nanbeige4.2-3B,1024,4,eager,immediate,single,v10_backward_te_userbuffers_v3,complete_route_then_single_full_gemm,recreate_per_entry,reuse_adjacent_same_shape_v1,branch_masked_v1,branch_masked_v1,0,256,3072,8192,8192,3072,256,48,8,128,adapted_te_userbuffers_backward_formal_10w50i,per_sample_local_cuda_event_then_dist_max,pack planar dQ/dK/dV -> Userbuffers A2A -> unpack complete dQKV -> full DGrad GEMM -> adjacent beta=0 WGrad GEMM,MAX,2.9.0+cu128,2.19.0.dev0+a7aec214,/tmp/TransformerEngine-v10-clean/transformer_engine/__init__.py,12.8,2.27.5,NVIDIA L20X|NVIDIA L20X|NVIDIA L20X|NVIDIA L20X,132|132|132|132,:4096:8,12,1,True,False,512,4,False,True,0,0.19544000178575516,0.21649759635329247,131.85531897533096,,,,,66,18,35,0,0.026892799884080887,0.7272727489471436,True,exact,0,,0.0,0.0,0.0009765625,0.0029296875,0,0,0
qkv,nanbeige42_3b,model,Nanbeige4.2-3B,1024,4,eager,deferred,single,v10_backward_te_userbuffers_v3,complete_route_then_single_full_gemm,recreate_per_entry,reuse_adjacent_same_shape_v1,branch_masked_v1,branch_masked_v1,1,256,3072,8192,8192,3072,256,48,8,128,adapted_te_userbuffers_backward_formal_10w50i,per_sample_local_cuda_event_then_dist_max,separately timed pack planar dQ/dK/dV -> Userbuffers A2A -> unpack complete dQKV -> full DGrad GEMM and beta=1 WGrad GEMM,MAX,2.9.0+cu128,2.19.0.dev0+a7aec214,/tmp/TransformerEngine-v10-clean/transformer_engine/__init__.py,12.8,2.27.5,NVIDIA L20X|NVIDIA L20X|NVIDIA L20X|NVIDIA L20X,132|132|132|132,:4096:8,12,1,True,False,512,4,False,True,0,0.2221439965069294,0.23503839671611784,116.00495255876139,0.15377600491046906,0.16509439721703528,0.06803200021386147,0.07364160120487212,66,18,35,0,0.026892799884080887,0.7272727489471436,False,exact,0,,0.0,0.0,0.0009765625,0.0029296875,0,0,0
qkv,nanbeige42_3b,model,Nanbeige4.2-3B,1024,4,graph,immediate,single,v10_backward_te_userbuffers_v3,complete_route_then_single_full_gemm,recreate_per_entry,reuse_adjacent_same_shape_v1,branch_masked_v1,branch_masked_v1,0,256,3072,8192,8192,3072,256,48,8,128,adapted_te_userbuffers_backward_formal_10w50i,per_sample_local_cuda_event_then_dist_max,pack planar dQ/dK/dV -> Userbuffers A2A -> unpack complete dQKV -> full DGrad GEMM -> adjacent beta=0 WGrad GEMM,MAX,2.9.0+cu128,2.19.0.dev0+a7aec214,/tmp/TransformerEngine-v10-clean/transformer_engine/__init__.py,12.8,2.27.5,NVIDIA L20X|NVIDIA L20X|NVIDIA L20X|NVIDIA L20X,132|132|132|132,:4096:8,20,3,True,False,512,4,False,True,0,0.10008000209927559,0.10257919877767563,257.49203872355366,,,,,66,18,35,0,0.02664213441312313,0.7272727489471436,True,exact,0,,0.0,0.0,0.0009765625,0.0029296875,0,0,0
qkv,nanbeige42_3b,model,Nanbeige4.2-3B,1024,4,graph,deferred,single,v10_backward_te_userbuffers_v3,complete_route_then_single_full_gemm,recreate_per_entry,reuse_adjacent_same_shape_v1,branch_masked_v1,branch_masked_v1,1,256,3072,8192,8192,3072,256,48,8,128,adapted_te_userbuffers_backward_formal_10w50i,per_sample_local_cuda_event_then_dist_max,separately timed pack planar dQ/dK/dV -> Userbuffers A2A -> unpack complete dQKV -> full DGrad GEMM and beta=1 WGrad GEMM,MAX,2.9.0+cu128,2.19.0.dev0+a7aec214,/tmp/TransformerEngine-v10-clean/transformer_engine/__init__.py,12.8,2.27.5,NVIDIA L20X|NVIDIA L20X|NVIDIA L20X|NVIDIA L20X,132|132|132|132,:4096:8,16,3,True,False,512,4,False,True,0,0.11092799715697765,0.1134384011849761,232.31108860220698,0.06548799946904182,0.06726719811558723,0.04516800120472908,0.04708799887448549,66,18,35,0,0.026771198958158493,0.7272727489471436,False,exact,0,,0.0,0.0,0.0009765625,0.0029296875,0,0,0
qkv,nanbeige42_3b,model,Nanbeige4.2-3B,1024,8,eager,immediate,single,v10_backward_te_userbuffers_v3,complete_route_then_single_full_gemm,recreate_per_entry,reuse_adjacent_same_shape_v1,branch_masked_v1,branch_masked_v1,0,128,3072,8192,8192,3072,128,48,8,128,adapted_te_userbuffers_backward_formal_10w50i,per_sample_local_cuda_event_then_dist_max,pack planar dQ/dK/dV -> Userbuffers A2A -> unpack complete dQKV -> full DGrad GEMM -> adjacent beta=0 WGrad GEMM,MAX,2.9.0+cu128,2.19.0.dev0+a7aec214,/tmp/TransformerEngine-v10-clean/transformer_engine/__init__.py,12.8,2.27.5,NVIDIA L20X|NVIDIA L20X|NVIDIA L20X|NVIDIA L20X|NVIDIA L20X|NVIDIA L20X|NVIDIA L20X|NVIDIA L20X,132|132|132|132|132|132|132|132,:4096:8,20,3,True,False,512,4,False,True,0,0.24270399659872055,0.2616143986582756,53.08895637719352,,,,,66,15,35,0,0.019847465679049492,0.7272727489471436,True,exact,0,,0.00390625,0.0,0.0009765625,0.001953125,0,0,0
qkv,nanbeige42_3b,model,Nanbeige4.2-3B,1024,8,eager,deferred,single,v10_backward_te_userbuffers_v3,complete_route_then_single_full_gemm,recreate_per_entry,reuse_adjacent_same_shape_v1,branch_masked_v1,branch_masked_v1,1,128,3072,8192,8192,3072,128,48,8,128,adapted_te_userbuffers_backward_formal_10w50i,per_sample_local_cuda_event_then_dist_max,separately timed pack planar dQ/dK/dV -> Userbuffers A2A -> unpack complete dQKV -> full DGrad GEMM and beta=1 WGrad GEMM,MAX,2.9.0+cu128,2.19.0.dev0+a7aec214,/tmp/TransformerEngine-v10-clean/transformer_engine/__init__.py,12.8,2.27.5,NVIDIA L20X|NVIDIA L20X|NVIDIA L20X|NVIDIA L20X|NVIDIA L20X|NVIDIA L20X|NVIDIA L20X|NVIDIA L20X,132|132|132|132|132|132|132|132,:4096:8,20,3,True,False,512,4,False,True,0,0.2622079998254776,0.2780832007527351,49.1400029616794,0.19740800559520721,0.20942880362272265,0.06438399851322174,0.0701792012900114,66,15,35,0,0.019847465679049492,0.7272727489471436,False,exact,0,,0.00390625,0.0,0.0009765625,0.001953125,0,0,0
qkv,nanbeige42_3b,model,Nanbeige4.2-3B,1024,8,graph,immediate,single,v10_backward_te_userbuffers_v3,complete_route_then_single_full_gemm,recreate_per_entry,reuse_adjacent_same_shape_v1,branch_masked_v1,branch_masked_v1,0,128,3072,8192,8192,3072,128,48,8,128,adapted_te_userbuffers_backward_formal_10w50i,per_sample_local_cuda_event_then_dist_max,pack planar dQ/dK/dV -> Userbuffers A2A -> unpack complete dQKV -> full DGrad GEMM -> adjacent beta=0 WGrad GEMM,MAX,2.9.0+cu128,2.19.0.dev0+a7aec214,/tmp/TransformerEngine-v10-clean/transformer_engine/__init__.py,12.8,2.27.5,NVIDIA L20X|NVIDIA L20X|NVIDIA L20X|NVIDIA L20X|NVIDIA L20X|NVIDIA L20X|NVIDIA L20X|NVIDIA L20X,132|132|132|132|132|132|132|132,:4096:8,8,3,True,False,512,4,False,True,0,0.09228800237178802,0.0952751986682415,139.61621832589205,,,,,66,15,35,0,0.019938133656978607,0.7272727489471436,True,exact,0,,0.00390625,0.0,0.0009765625,0.001953125,0,0,0
qkv,nanbeige42_3b,model,Nanbeige4.2-3B,1024,8,graph,deferred,single,v10_backward_te_userbuffers_v3,complete_route_then_single_full_gemm,recreate_per_entry,reuse_adjacent_same_shape_v1,branch_masked_v1,branch_masked_v1,1,128,3072,8192,8192,3072,128,48,8,128,adapted_te_userbuffers_backward_formal_10w50i,per_sample_local_cuda_event_then_dist_max,separately timed pack planar dQ/dK/dV -> Userbuffers A2A -> unpack complete dQKV -> full DGrad GEMM and beta=1 WGrad GEMM,MAX,2.9.0+cu128,2.19.0.dev0+a7aec214,/tmp/TransformerEngine-v10-clean/transformer_engine/__init__.py,12.8,2.27.5,NVIDIA L20X|NVIDIA L20X|NVIDIA L20X|NVIDIA L20X|NVIDIA L20X|NVIDIA L20X|NVIDIA L20X|NVIDIA L20X,132|132|132|132|132|132|132|132,:4096:8,8,3,True,False,512,4,True,True,0,0.09734399989247322,0.09988319985568522,132.3646234203725,0.06084800139069557,0.06311039961874484,0.03643200173974037,0.03736160136759281,66,15,35,0,0.019938133656978607,0.7272727489471436,True,exact,0,,0.00390625,0.0,0.0009765625,0.001953125,0,0,0
qkv,nanbeige42_3b,model,Nanbeige4.2-3B,4096,4,eager,immediate,single,v10_backward_te_userbuffers_v3,complete_route_then_single_full_gemm,recreate_per_entry,reuse_adjacent_same_shape_v1,branch_masked_v1,branch_masked_v1,0,1024,3072,8192,8192,3072,1024,48,8,128,adapted_te_userbuffers_backward_formal_10w50i,per_sample_local_cuda_event_then_dist_max,pack planar dQ/dK/dV -> Userbuffers A2A -> unpack complete dQKV -> full DGrad GEMM -> adjacent beta=0 WGrad GEMM,MAX,2.9.0+cu128,2.19.0.dev0+a7aec214,/tmp/TransformerEngine-v10-clean/transformer_engine/__init__.py,12.8,2.27.5,NVIDIA L20X|NVIDIA L20X|NVIDIA L20X|NVIDIA L20X,132|132|132|132,:4096:8,16,3,True,False,512,4,False,True,0,0.2895680069923401,0.3055711999535561,355.97584199530286,,,,,66,31,35,0,0.061850666999816895,0.9696969985961914,True,same_geometry_s1k,,,,,,,,,
qkv,nanbeige42_3b,model,Nanbeige4.2-3B,4096,4,eager,deferred,single,v10_backward_te_userbuffers_v3,complete_route_then_single_full_gemm,recreate_per_entry,reuse_adjacent_same_shape_v1,branch_masked_v1,branch_masked_v1,1,1024,3072,8192,8192,3072,1024,48,8,128,adapted_te_userbuffers_backward_formal_10w50i,per_sample_local_cuda_event_then_dist_max,separately timed pack planar dQ/dK/dV -> Userbuffers A2A -> unpack complete dQKV -> full DGrad GEMM and beta=1 WGrad GEMM,MAX,2.9.0+cu128,2.19.0.dev0+a7aec214,/tmp/TransformerEngine-v10-clean/transformer_engine/__init__.py,12.8,2.27.5,NVIDIA L20X|NVIDIA L20X|NVIDIA L20X|NVIDIA L20X,132|132|132|132,:4096:8,20,3,True,False,512,4,False,True,0,0.31830400228500366,0.3356192003935575,323.8388910099369,0.20510400086641312,0.21568479984998704,0.11246399953961372,0.12064479663968085,66,31,35,0,0.06143360212445259,0.9696969985961914,False,same_geometry_s1k,,,,,,,,,
qkv,nanbeige42_3b,model,Nanbeige4.2-3B,4096,4,graph,immediate,single,v10_backward_te_userbuffers_v3,complete_route_then_single_full_gemm,recreate_per_entry,reuse_adjacent_same_shape_v1,branch_masked_v1,branch_masked_v1,0,1024,3072,8192,8192,3072,1024,48,8,128,adapted_te_userbuffers_backward_formal_10w50i,per_sample_local_cuda_event_then_dist_max,pack planar dQ/dK/dV -> Userbuffers A2A -> unpack complete dQKV -> full DGrad GEMM -> adjacent beta=0 WGrad GEMM,MAX,2.9.0+cu128,2.19.0.dev0+a7aec214,/tmp/TransformerEngine-v10-clean/transformer_engine/__init__.py,12.8,2.27.5,NVIDIA L20X|NVIDIA L20X|NVIDIA L20X|NVIDIA L20X,132|132|132|132,:4096:8,20,3,True,False,1024,4,False,True,0,0.23560000211000443,0.2373824045062065,437.51788701543006,,,,,66,31,35,0,0.06143360212445259,0.9696969985961914,True,same_geometry_s1k,,,,,,,,,
qkv,nanbeige42_3b,model,Nanbeige4.2-3B,4096,4,graph,deferred,single,v10_backward_te_userbuffers_v3,complete_route_then_single_full_gemm,recreate_per_entry,reuse_adjacent_same_shape_v1,branch_masked_v1,branch_masked_v1,1,1024,3072,8192,8192,3072,1024,48,8,128,adapted_te_userbuffers_backward_formal_10w50i,per_sample_local_cuda_event_then_dist_max,separately timed pack planar dQ/dK/dV -> Userbuffers A2A -> unpack complete dQKV -> full DGrad GEMM and beta=1 WGrad GEMM,MAX,2.9.0+cu128,2.19.0.dev0+a7aec214,/tmp/TransformerEngine-v10-clean/transformer_engine/__init__.py,12.8,2.27.5,NVIDIA L20X|NVIDIA L20X|NVIDIA L20X|NVIDIA L20X,132|132|132|132,:4096:8,24,3,True,False,1024,4,False,True,0,0.24619200080633163,0.25340000316500666,418.69441235455844,0.15671999752521515,0.16361600086092948,0.08956799656152725,0.0901936013251543,66,28,35,0,0.06165440008044243,1.9393939971923828,False,same_geometry_s1k,,,,,,,,,
qkv,nanbeige42_3b,model,Nanbeige4.2-3B,4096,8,eager,immediate,single,v10_backward_te_userbuffers_v3,complete_route_then_single_full_gemm,recreate_per_entry,reuse_adjacent_same_shape_v1,branch_masked_v1,branch_masked_v1,0,512,3072,8192,8192,3072,512,48,8,128,adapted_te_userbuffers_backward_formal_10w50i,per_sample_local_cuda_event_then_dist_max,pack planar dQ/dK/dV -> Userbuffers A2A -> unpack complete dQKV -> full DGrad GEMM -> adjacent beta=0 WGrad GEMM,MAX,2.9.0+cu128,2.19.0.dev0+a7aec214,/tmp/TransformerEngine-v10-clean/transformer_engine/__init__.py,12.8,2.27.5,NVIDIA L20X|NVIDIA L20X|NVIDIA L20X|NVIDIA L20X|NVIDIA L20X|NVIDIA L20X|NVIDIA L20X|NVIDIA L20X,132|132|132|132|132|132|132|132,:4096:8,16,3,True,False,512,4,False,True,0,0.2820480018854141,0.32539039105176915,182.7334609976733,,,,,66,28,35,0,0.03365973383188248,0.9696969985961914,True,same_geometry_s1k,,,,,,,,,
qkv,nanbeige42_3b,model,Nanbeige4.2-3B,4096,8,eager,deferred,single,v10_backward_te_userbuffers_v3,complete_route_then_single_full_gemm,recreate_per_entry,reuse_adjacent_same_shape_v1,branch_masked_v1,branch_masked_v1,1,512,3072,8192,8192,3072,512,48,8,128,adapted_te_userbuffers_backward_formal_10w50i,per_sample_local_cuda_event_then_dist_max,separately timed pack planar dQ/dK/dV -> Userbuffers A2A -> unpack complete dQKV -> full DGrad GEMM and beta=1 WGrad GEMM,MAX,2.9.0+cu128,2.19.0.dev0+a7aec214,/tmp/TransformerEngine-v10-clean/transformer_engine/__init__.py,12.8,2.27.5,NVIDIA L20X|NVIDIA L20X|NVIDIA L20X|NVIDIA L20X|NVIDIA L20X|NVIDIA L20X|NVIDIA L20X|NVIDIA L20X,132|132|132|132|132|132|132|132,:4096:8,16,3,True,False,512,4,False,True,0,0.29843199998140335,0.32031040191650395,172.7013442097753,0.20851200073957443,0.22439840584993365,0.09012800082564354,0.09527040198445319,66,28,35,0,0.03365973383188248,0.9696969985961914,False,same_geometry_s1k,,,,,,,,,
qkv,nanbeige42_3b,model,Nanbeige4.2-3B,4096,8,graph,immediate,single,v10_backward_te_userbuffers_v3,complete_route_then_single_full_gemm,recreate_per_entry,reuse_adjacent_same_shape_v1,branch_masked_v1,branch_masked_v1,0,512,3072,8192,8192,3072,512,48,8,128,adapted_te_userbuffers_backward_formal_10w50i,per_sample_local_cuda_event_then_dist_max,pack planar dQ/dK/dV -> Userbuffers A2A -> unpack complete dQKV -> full DGrad GEMM -> adjacent beta=0 WGrad GEMM,MAX,2.9.0+cu128,2.19.0.dev0+a7aec214,/tmp/TransformerEngine-v10-clean/transformer_engine/__init__.py,12.8,2.27.5,NVIDIA L20X|NVIDIA L20X|NVIDIA L20X|NVIDIA L20X|NVIDIA L20X|NVIDIA L20X|NVIDIA L20X|NVIDIA L20X,132|132|132|132|132|132|132|132,:4096:8,12,3,True,False,1024,4,False,True,0,0.17772799730300903,0.18826719596982,289.99149449779685,,,,,66,28,35,0,0.03351253271102905,0.9696969985961914,True,same_geometry_s1k,,,,,,,,,
qkv,nanbeige42_3b,model,Nanbeige4.2-3B,4096,8,graph,deferred,single,v10_backward_te_userbuffers_v3,complete_route_then_single_full_gemm,recreate_per_entry,reuse_adjacent_same_shape_v1,branch_masked_v1,branch_masked_v1,1,512,3072,8192,8192,3072,512,48,8,128,adapted_te_userbuffers_backward_formal_10w50i,per_sample_local_cuda_event_then_dist_max,separately timed pack planar dQ/dK/dV -> Userbuffers A2A -> unpack complete dQKV -> full DGrad GEMM and beta=1 WGrad GEMM,MAX,2.9.0+cu128,2.19.0.dev0+a7aec214,/tmp/TransformerEngine-v10-clean/transformer_engine/__init__.py,12.8,2.27.5,NVIDIA L20X|NVIDIA L20X|NVIDIA L20X|NVIDIA L20X|NVIDIA L20X|NVIDIA L20X|NVIDIA L20X|NVIDIA L20X,132|132|132|132|132|132|132|132,:4096:8,12,3,True,False,1024,4,False,True,0,0.18433599919080734,0.18730560317635536,279.5959974082492,0.114911999553442,0.11765280179679394,0.06942399963736534,0.07067360170185566,66,28,35,0,0.03351253271102905,0.9696969985961914,True,same_geometry_s1k,,,,,,,,,
qkv,nanbeige42_3b,model,Nanbeige4.2-3B,16384,4,eager,immediate,single,v10_backward_te_userbuffers_v3,complete_route_then_single_full_gemm,recreate_per_entry,reuse_adjacent_same_shape_v1,branch_masked_v1,branch_masked_v1,0,4096,3072,8192,8192,3072,4096,48,8,128,adapted_te_userbuffers_backward_formal_10w50i,per_sample_local_cuda_event_then_dist_max,pack planar dQ/dK/dV -> Userbuffers A2A -> unpack complete dQKV -> full DGrad GEMM -> adjacent beta=0 WGrad GEMM,MAX,2.9.0+cu128,2.19.0.dev0+a7aec214,/tmp/TransformerEngine-v10-clean/transformer_engine/__init__.py,12.8,2.27.5,NVIDIA L20X|NVIDIA L20X|NVIDIA L20X|NVIDIA L20X,132|132|132|132,:4096:8,20,2,True,False,1024,4,True,True,0,0.8722240030765533,0.8909984022378921,472.71900218482267,,,,,66,24,35,4,0.23037759959697723,2.909090995788574,True,same_geometry_s1k,,,,,,,,,
qkv,nanbeige42_3b,model,Nanbeige4.2-3B,16384,4,eager,deferred,single,v10_backward_te_userbuffers_v3,complete_route_then_single_full_gemm,recreate_per_entry,reuse_adjacent_same_shape_v1,branch_masked_v1,branch_masked_v1,1,4096,3072,8192,8192,3072,4096,48,8,128,adapted_te_userbuffers_backward_formal_10w50i,per_sample_local_cuda_event_then_dist_max,separately timed pack planar dQ/dK/dV -> Userbuffers A2A -> unpack complete dQKV -> full DGrad GEMM and beta=1 WGrad GEMM,MAX,2.9.0+cu128,2.19.0.dev0+a7aec214,/tmp/TransformerEngine-v10-clean/transformer_engine/__init__.py,12.8,2.27.5,NVIDIA L20X|NVIDIA L20X|NVIDIA L20X|NVIDIA L20X,132|132|132|132,:4096:8,20,2,True,False,1024,4,True,True,0,0.8994080275297165,0.9376479998230934,458.43137685623674,0.6032640039920807,0.6210144221782684,0.2953920066356659,0.3096111923456192,66,24,35,4,0.23037759959697723,2.909090995788574,False,same_geometry_s1k,,,,,,,,,
qkv,nanbeige42_3b,model,Nanbeige4.2-3B,16384,4,graph,immediate,single,v10_backward_te_userbuffers_v3,complete_route_then_single_full_gemm,recreate_per_entry,reuse_adjacent_same_shape_v1,branch_masked_v1,branch_masked_v1,0,4096,3072,8192,8192,3072,4096,48,8,128,adapted_te_userbuffers_backward_formal_10w50i,per_sample_local_cuda_event_then_dist_max,pack planar dQ/dK/dV -> Userbuffers A2A -> unpack complete dQKV -> full DGrad GEMM -> adjacent beta=0 WGrad GEMM,MAX,2.9.0+cu128,2.19.0.dev0+a7aec214,/tmp/TransformerEngine-v10-clean/transformer_engine/__init__.py,12.8,2.27.5,NVIDIA L20X|NVIDIA L20X|NVIDIA L20X|NVIDIA L20X,132|132|132|132,:4096:8,24,3,True,False,1024,4,False,True,0,0.8206240236759186,0.8238463908433915,502.4430780969099,,,,,66,23,35,4,0.22985492646694183,2.909090995788574,True,same_geometry_s1k,,,,,,,,,
qkv,nanbeige42_3b,model,Nanbeige4.2-3B,16384,4,graph,deferred,single,v10_backward_te_userbuffers_v3,complete_route_then_single_full_gemm,recreate_per_entry,reuse_adjacent_same_shape_v1,branch_masked_v1,branch_masked_v1,1,4096,3072,8192,8192,3072,4096,48,8,128,adapted_te_userbuffers_backward_formal_10w50i,per_sample_local_cuda_event_then_dist_max,separately timed pack planar dQ/dK/dV -> Userbuffers A2A -> unpack complete dQKV -> full DGrad GEMM and beta=1 WGrad GEMM,MAX,2.9.0+cu128,2.19.0.dev0+a7aec214,/tmp/TransformerEngine-v10-clean/transformer_engine/__init__.py,12.8,2.27.5,NVIDIA L20X|NVIDIA L20X|NVIDIA L20X|NVIDIA L20X,132|132|132|132,:4096:8,24,3,True,False,1024,4,False,True,0,0.8271839916706085,0.8292576104402543,498.458462165438,0.5541120171546936,0.5563903957605362,0.27300800383090973,0.2739263981580734,66,23,35,4,0.22985492646694183,2.909090995788574,True,same_geometry_s1k,,,,,,,,,
qkv,nanbeige42_3b,model,Nanbeige4.2-3B,16384,8,eager,immediate,single,v10_backward_te_userbuffers_v3,complete_route_then_single_full_gemm,recreate_per_entry,reuse_adjacent_same_shape_v1,branch_masked_v1,branch_masked_v1,0,2048,3072,8192,8192,3072,2048,48,8,128,adapted_te_userbuffers_backward_formal_10w50i,per_sample_local_cuda_event_then_dist_max,pack planar dQ/dK/dV -> Userbuffers A2A -> unpack complete dQKV -> full DGrad GEMM -> adjacent beta=0 WGrad GEMM,MAX,2.9.0+cu128,2.19.0.dev0+a7aec214,/tmp/TransformerEngine-v10-clean/transformer_engine/__init__.py,12.8,2.27.5,NVIDIA L20X|NVIDIA L20X|NVIDIA L20X|NVIDIA L20X|NVIDIA L20X|NVIDIA L20X|NVIDIA L20X|NVIDIA L20X,132|132|132|132|132|132|132|132,:4096:8,20,3,True,False,1024,4,False,True,0,0.5876639783382416,0.6950960218906399,350.81005099370145,,,,,66,495,35,0,0.11791786551475525,2.0,True,same_geometry_s1k,,,,,,,,,
qkv,nanbeige42_3b,model,Nanbeige4.2-3B,16384,8,eager,deferred,single,v10_backward_te_userbuffers_v3,complete_route_then_single_full_gemm,recreate_per_entry,reuse_adjacent_same_shape_v1,branch_masked_v1,branch_masked_v1,1,2048,3072,8192,8192,3072,2048,48,8,128,adapted_te_userbuffers_backward_formal_10w50i,per_sample_local_cuda_event_then_dist_max,separately timed pack planar dQ/dK/dV -> Userbuffers A2A -> unpack complete dQKV -> full DGrad GEMM and beta=1 WGrad GEMM,MAX,2.9.0+cu128,2.19.0.dev0+a7aec214,/tmp/TransformerEngine-v10-clean/transformer_engine/__init__.py,12.8,2.27.5,NVIDIA L20X|NVIDIA L20X|NVIDIA L20X|NVIDIA L20X|NVIDIA L20X|NVIDIA L20X|NVIDIA L20X|NVIDIA L20X,132|132|132|132|132|132|132|132,:4096:8,20,3,True,False,1024,4,False,True,0,0.6197119951248169,0.62655358761549,332.6681294372516,0.41043199598789215,0.4175679966807365,0.20896000415086746,0.212563194334507,66,495,35,0,0.11791786551475525,2.0,True,same_geometry_s1k,,,,,,,,,
qkv,nanbeige42_3b,model,Nanbeige4.2-3B,16384,8,graph,immediate,single,v10_backward_te_userbuffers_v3,complete_route_then_single_full_gemm,recreate_per_entry,reuse_adjacent_same_shape_v1,branch_masked_v1,branch_masked_v1,0,2048,3072,8192,8192,3072,2048,48,8,128,adapted_te_userbuffers_backward_formal_10w50i,per_sample_local_cuda_event_then_dist_max,pack planar dQ/dK/dV -> Userbuffers A2A -> unpack complete dQKV -> full DGrad GEMM -> adjacent beta=0 WGrad GEMM,MAX,2.9.0+cu128,2.19.0.dev0+a7aec214,/tmp/TransformerEngine-v10-clean/transformer_engine/__init__.py,12.8,2.27.5,NVIDIA L20X|NVIDIA L20X|NVIDIA L20X|NVIDIA L20X|NVIDIA L20X|NVIDIA L20X|NVIDIA L20X|NVIDIA L20X,132|132|132|132|132|132|132|132,:4096:8,20,3,True,False,1024,4,False,True,0,0.5371840000152588,0.5418879985809326,383.77619251903263,,,,,66,495,35,0,0.11791786551475525,2.0,True,same_geometry_s1k,,,,,,,,,
qkv,nanbeige42_3b,model,Nanbeige4.2-3B,16384,8,graph,deferred,single,v10_backward_te_userbuffers_v3,complete_route_then_single_full_gemm,recreate_per_entry,reuse_adjacent_same_shape_v1,branch_masked_v1,branch_masked_v1,1,2048,3072,8192,8192,3072,2048,48,8,128,adapted_te_userbuffers_backward_formal_10w50i,per_sample_local_cuda_event_then_dist_max,separately timed pack planar dQ/dK/dV -> Userbuffers A2A -> unpack complete dQKV -> full DGrad GEMM and beta=1 WGrad GEMM,MAX,2.9.0+cu128,2.19.0.dev0+a7aec214,/tmp/TransformerEngine-v10-clean/transformer_engine/__init__.py,12.8,2.27.5,NVIDIA L20X|NVIDIA L20X|NVIDIA L20X|NVIDIA L20X|NVIDIA L20X|NVIDIA L20X|NVIDIA L20X|NVIDIA L20X,132|132|132|132|132|132|132|132,:4096:8,20,3,True,False,1024,4,False,True,0,0.5551839992403984,0.557891208678484,371.33352274212785,0.3678240031003952,0.3704512044787407,0.18719999492168427,0.18804959729313853,66,495,35,0,0.11791786551475525,2.0,True,same_geometry_s1k,,,,,,,,,
qkv,nanbeige42_3b,model,Nanbeige4.2-3B,131072,4,eager,immediate,single,v10_backward_te_userbuffers_v3,complete_route_then_single_full_gemm,recreate_per_entry,reuse_adjacent_same_shape_v1,branch_masked_v1,branch_masked_v1,0,32768,3072,8192,8192,3072,32768,48,8,128,adapted_te_userbuffers_backward_formal_10w50i,per_sample_local_cuda_event_then_dist_max,pack planar dQ/dK/dV -> Userbuffers A2A -> unpack complete dQKV -> full DGrad GEMM -> adjacent beta=0 WGrad GEMM,MAX,2.9.0+cu128,2.19.0.dev0+a7aec214,/tmp/TransformerEngine-v10-clean/transformer_engine/__init__.py,12.8,2.27.5,NVIDIA L20X|NVIDIA L20X|NVIDIA L20X|NVIDIA L20X,132|132|132|132,:4096:8,20,2,False,True,1024,4,False,True,0,6.579295873641968,6.643283319473267,501.35074431636656,,,,,66,29,35,4,1.9566261768341064,37.272727966308594,True,same_geometry_s1k,,,,,,,,,
qkv,nanbeige42_3b,model,Nanbeige4.2-3B,131072,4,eager,deferred,single,v10_backward_te_userbuffers_v3,complete_route_then_single_full_gemm,recreate_per_entry,reuse_adjacent_same_shape_v1,branch_masked_v1,branch_masked_v1,1,32768,3072,8192,8192,3072,32768,48,8,128,adapted_te_userbuffers_backward_formal_10w50i,per_sample_local_cuda_event_then_dist_max,separately timed pack planar dQ/dK/dV -> Userbuffers A2A -> unpack complete dQKV -> full DGrad GEMM and beta=1 WGrad GEMM,MAX,2.9.0+cu128,2.19.0.dev0+a7aec214,/tmp/TransformerEngine-v10-clean/transformer_engine/__init__.py,12.8,2.27.5,NVIDIA L20X|NVIDIA L20X|NVIDIA L20X|NVIDIA L20X,132|132|132|132,:4096:8,20,2,False,True,1024,4,False,True,0,6.723455905914307,6.774467277526856,490.6011029872947,4.404911994934082,4.434836721420288,2.3189600706100464,2.3763503313064573,66,29,35,4,1.9566261768341064,37.272727966308594,False,same_geometry_s1k,,,,,,,,,
qkv,nanbeige42_3b,model,Nanbeige4.2-3B,131072,4,graph,immediate,single,v10_backward_te_userbuffers_v3,complete_route_then_single_full_gemm,recreate_per_entry,reuse_adjacent_same_shape_v1,branch_masked_v1,branch_masked_v1,0,32768,3072,8192,8192,3072,32768,48,8,128,adapted_te_userbuffers_backward_formal_10w50i,per_sample_local_cuda_event_then_dist_max,pack planar dQ/dK/dV -> Userbuffers A2A -> unpack complete dQKV -> full DGrad GEMM -> adjacent beta=0 WGrad GEMM,MAX,2.9.0+cu128,2.19.0.dev0+a7aec214,/tmp/TransformerEngine-v10-clean/transformer_engine/__init__.py,12.8,2.27.5,NVIDIA L20X|NVIDIA L20X|NVIDIA L20X|NVIDIA L20X,132|132|132|132,:4096:8,20,3,False,True,1024,4,True,True,0,6.539711952209473,6.635059094429016,504.385347157924,,,,,66,29,35,4,1.951374888420105,37.272727966308594,True,same_geometry_s1k,,,,,,,,,
qkv,nanbeige42_3b,model,Nanbeige4.2-3B,131072,4,graph,deferred,single,v10_backward_te_userbuffers_v3,complete_route_then_single_full_gemm,recreate_per_entry,reuse_adjacent_same_shape_v1,branch_masked_v1,branch_masked_v1,1,32768,3072,8192,8192,3072,32768,48,8,128,adapted_te_userbuffers_backward_formal_10w50i,per_sample_local_cuda_event_then_dist_max,separately timed pack planar dQ/dK/dV -> Userbuffers A2A -> unpack complete dQKV -> full DGrad GEMM and beta=1 WGrad GEMM,MAX,2.9.0+cu128,2.19.0.dev0+a7aec214,/tmp/TransformerEngine-v10-clean/transformer_engine/__init__.py,12.8,2.27.5,NVIDIA L20X|NVIDIA L20X|NVIDIA L20X|NVIDIA L20X,132|132|132|132,:4096:8,24,3,True,False,1024,4,False,True,0,6.624047875404358,7.485215854644775,497.96362365914274,4.400399923324585,5.12272789478302,2.226431965827942,2.376627194881439,66,209,35,4,1.948311448097229,20.727272033691406,False,same_geometry_s1k,,,,,,,,,
qkv,nanbeige42_3b,model,Nanbeige4.2-3B,131072,8,eager,immediate,single,v10_backward_te_userbuffers_v3,complete_route_then_single_full_gemm,recreate_per_entry,reuse_adjacent_same_shape_v1,branch_masked_v1,branch_masked_v1,0,16384,3072,8192,8192,3072,16384,48,8,128,adapted_te_userbuffers_backward_formal_10w50i,per_sample_local_cuda_event_then_dist_max,pack planar dQ/dK/dV -> Userbuffers A2A -> unpack complete dQKV -> full DGrad GEMM -> adjacent beta=0 WGrad GEMM,MAX,2.9.0+cu128,2.19.0.dev0+a7aec214,/tmp/TransformerEngine-v10-clean/transformer_engine/__init__.py,12.8,2.27.5,NVIDIA L20X|NVIDIA L20X|NVIDIA L20X|NVIDIA L20X|NVIDIA L20X|NVIDIA L20X|NVIDIA L20X|NVIDIA L20X,132|132|132|132|132|132|132|132,:4096:8,24,3,True,False,1024,4,False,True,0,3.816367983818054,3.8591152667999267,432.15629327599686,,,,,66,24,35,4,0.8933227062225342,11.636363983154297,True,same_geometry_s1k,,,,,,,,,
qkv,nanbeige42_3b,model,Nanbeige4.2-3B,131072,8,eager,deferred,single,v10_backward_te_userbuffers_v3,complete_route_then_single_full_gemm,recreate_per_entry,reuse_adjacent_same_shape_v1,branch_masked_v1,branch_masked_v1,1,16384,3072,8192,8192,3072,16384,48,8,128,adapted_te_userbuffers_backward_formal_10w50i,per_sample_local_cuda_event_then_dist_max,separately timed pack planar dQ/dK/dV -> Userbuffers A2A -> unpack complete dQKV -> full DGrad GEMM and beta=1 WGrad GEMM,MAX,2.9.0+cu128,2.19.0.dev0+a7aec214,/tmp/TransformerEngine-v10-clean/transformer_engine/__init__.py,12.8,2.27.5,NVIDIA L20X|NVIDIA L20X|NVIDIA L20X|NVIDIA L20X|NVIDIA L20X|NVIDIA L20X|NVIDIA L20X|NVIDIA L20X,132|132|132|132|132|132|132|132,:4096:8,24,3,True,False,1024,4,False,True,0,3.8514400124549866,3.87957923412323,428.22098652205756,2.619279980659485,2.6411391735076903,1.2278720140457153,1.2447472274303437,66,24,35,4,0.8933227062225342,11.636363983154297,True,same_geometry_s1k,,,,,,,,,
qkv,nanbeige42_3b,model,Nanbeige4.2-3B,131072,8,graph,immediate,single,v10_backward_te_userbuffers_v3,complete_route_then_single_full_gemm,recreate_per_entry,reuse_adjacent_same_shape_v1,branch_masked_v1,branch_masked_v1,0,16384,3072,8192,8192,3072,16384,48,8,128,adapted_te_userbuffers_backward_formal_10w50i,per_sample_local_cuda_event_then_dist_max,pack planar dQ/dK/dV -> Userbuffers A2A -> unpack complete dQKV -> full DGrad GEMM -> adjacent beta=0 WGrad GEMM,MAX,2.9.0+cu128,2.19.0.dev0+a7aec214,/tmp/TransformerEngine-v10-clean/transformer_engine/__init__.py,12.8,2.27.5,NVIDIA L20X|NVIDIA L20X|NVIDIA L20X|NVIDIA L20X|NVIDIA L20X|NVIDIA L20X|NVIDIA L20X|NVIDIA L20X,132|132|132|132|132|132|132|132,:4096:8,24,3,True,False,1024,4,True,True,0,3.756592035293579,3.783953583240509,439.03288570304096,,,,,66,24,35,4,0.8933227062225342,11.636363983154297,True,same_geometry_s1k,,,,,,,,,
qkv,nanbeige42_3b,model,Nanbeige4.2-3B,131072,8,graph,deferred,single,v10_backward_te_userbuffers_v3,complete_route_then_single_full_gemm,recreate_per_entry,reuse_adjacent_same_shape_v1,branch_masked_v1,branch_masked_v1,1,16384,3072,8192,8192,3072,16384,48,8,128,adapted_te_userbuffers_backward_formal_10w50i,per_sample_local_cuda_event_then_dist_max,separately timed pack planar dQ/dK/dV -> Userbuffers A2A -> unpack complete dQKV -> full DGrad GEMM and beta=1 WGrad GEMM,MAX,2.9.0+cu128,2.19.0.dev0+a7aec214,/tmp/TransformerEngine-v10-clean/transformer_engine/__init__.py,12.8,2.27.5,NVIDIA L20X|NVIDIA L20X|NVIDIA L20X|NVIDIA L20X|NVIDIA L20X|NVIDIA L20X|NVIDIA L20X|NVIDIA L20X,132|132|132|132|132|132|132|132,:4096:8,24,3,True,False,1024,4,True,True,0,3.7891679406166077,3.823224055767059,435.2584703320424,2.580880045890808,2.6086847543716427,1.2081440091133118,1.2212015867233275,66,24,35,4,0.8933227062225342,11.636363983154297,True,same_geometry_s1k,,,,,,,,,
qkv,nanbeige42_3b,model,Nanbeige4.2-3B,262144,4,eager,immediate,single,v10_backward_te_userbuffers_v3,complete_route_then_single_full_gemm,recreate_per_entry,reuse_adjacent_same_shape_v1,branch_masked_v1,branch_masked_v1,0,65536,3072,8192,8192,3072,65536,48,8,128,adapted_te_userbuffers_backward_formal_10w50i,per_sample_local_cuda_event_then_dist_max,pack planar dQ/dK/dV -> Userbuffers A2A -> unpack complete dQKV -> full DGrad GEMM -> adjacent beta=0 WGrad GEMM,MAX,2.9.0+cu128,2.19.0.dev0+a7aec214,/tmp/TransformerEngine-v10-clean/transformer_engine/__init__.py,12.8,2.27.5,NVIDIA L20X|NVIDIA L20X|NVIDIA L20X|NVIDIA L20X,132|132|132|132,:4096:8,20,2,False,True,1024,4,True,True,0,13.237504005432129,13.366023778915405,498.36206009447346,,,,,66,24,35,4,3.9745354652404785,46.54545593261719,True,same_geometry_s1k,,,,,,,,,
qkv,nanbeige42_3b,model,Nanbeige4.2-3B,262144,4,eager,deferred,single,v10_backward_te_userbuffers_v3,complete_route_then_single_full_gemm,recreate_per_entry,reuse_adjacent_same_shape_v1,branch_masked_v1,branch_masked_v1,1,65536,3072,8192,8192,3072,65536,48,8,128,adapted_te_userbuffers_backward_formal_10w50i,per_sample_local_cuda_event_then_dist_max,separately timed pack planar dQ/dK/dV -> Userbuffers A2A -> unpack complete dQKV -> full DGrad GEMM and beta=1 WGrad GEMM,MAX,2.9.0+cu128,2.19.0.dev0+a7aec214,/tmp/TransformerEngine-v10-clean/transformer_engine/__init__.py,12.8,2.27.5,NVIDIA L20X|NVIDIA L20X|NVIDIA L20X|NVIDIA L20X,132|132|132|132,:4096:8,20,2,False,True,1024,4,True,True,0,13.446831941604614,13.576778745651247,490.6040170134505,8.75878381729126,8.846185445785522,4.697824001312256,4.776262354850769,66,24,35,4,3.9745354652404785,46.54545593261719,False,same_geometry_s1k,,,,,,,,,
qkv,nanbeige42_3b,model,Nanbeige4.2-3B,262144,4,graph,immediate,single,v10_backward_te_userbuffers_v3,complete_route_then_single_full_gemm,recreate_per_entry,reuse_adjacent_same_shape_v1,branch_masked_v1,branch_masked_v1,0,65536,3072,8192,8192,3072,65536,48,8,128,adapted_te_userbuffers_backward_formal_10w50i,per_sample_local_cuda_event_then_dist_max,pack planar dQ/dK/dV -> Userbuffers A2A -> unpack complete dQKV -> full DGrad GEMM -> adjacent beta=0 WGrad GEMM,MAX,2.9.0+cu128,2.19.0.dev0+a7aec214,/tmp/TransformerEngine-v10-clean/transformer_engine/__init__.py,12.8,2.27.5,NVIDIA L20X|NVIDIA L20X|NVIDIA L20X|NVIDIA L20X,132|132|132|132,:4096:8,20,3,False,True,1024,4,False,True,0,13.182464122772217,15.8627299785614,500.44283869961816,,,,,66,29,35,4,3.9565813541412354,74.54545593261719,True,same_geometry_s1k,,,,,,,,,
qkv,nanbeige42_3b,model,Nanbeige4.2-3B,262144,4,graph,deferred,single,v10_backward_te_userbuffers_v3,complete_route_then_single_full_gemm,recreate_per_entry,reuse_adjacent_same_shape_v1,branch_masked_v1,branch_masked_v1,1,65536,3072,8192,8192,3072,65536,48,8,128,adapted_te_userbuffers_backward_formal_10w50i,per_sample_local_cuda_event_then_dist_max,separately timed pack planar dQ/dK/dV -> Userbuffers A2A -> unpack complete dQKV -> full DGrad GEMM and beta=1 WGrad GEMM,MAX,2.9.0+cu128,2.19.0.dev0+a7aec214,/tmp/TransformerEngine-v10-clean/transformer_engine/__init__.py,12.8,2.27.5,NVIDIA L20X|NVIDIA L20X|NVIDIA L20X|NVIDIA L20X,132|132|132|132,:4096:8,20,3,False,True,1024,4,False,True,0,13.422831773757935,13.585286164283753,491.4812222822819,8.647439956665039,8.685016250610351,4.800047874450684,4.923659110069275,66,29,35,4,3.9565813541412354,74.54545593261719,False,same_geometry_s1k,,,,,,,,,
qkv,nanbeige42_3b,model,Nanbeige4.2-3B,262144,8,eager,immediate,single,v10_backward_te_userbuffers_v3,complete_route_then_single_full_gemm,recreate_per_entry,reuse_adjacent_same_shape_v1,branch_masked_v1,branch_masked_v1,0,32768,3072,8192,8192,3072,32768,48,8,128,adapted_te_userbuffers_backward_formal_10w50i,per_sample_local_cuda_event_then_dist_max,pack planar dQ/dK/dV -> Userbuffers A2A -> unpack complete dQKV -> full DGrad GEMM -> adjacent beta=0 WGrad GEMM,MAX,2.9.0+cu128,2.19.0.dev0+a7aec214,/tmp/TransformerEngine-v10-clean/transformer_engine/__init__.py,12.8,2.27.5,NVIDIA L20X|NVIDIA L20X|NVIDIA L20X|NVIDIA L20X|NVIDIA L20X|NVIDIA L20X|NVIDIA L20X|NVIDIA L20X,132|132|132|132|132|132|132|132,:4096:8,24,3,True,False,1024,4,False,True,0,7.499808073043823,7.548625564575195,439.8159061141518,,,,,66,209,35,4,1.9294837713241577,20.727272033691406,True,same_geometry_s1k,,,,,,,,,
qkv,nanbeige42_3b,model,Nanbeige4.2-3B,262144,8,eager,deferred,single,v10_backward_te_userbuffers_v3,complete_route_then_single_full_gemm,recreate_per_entry,reuse_adjacent_same_shape_v1,branch_masked_v1,branch_masked_v1,1,32768,3072,8192,8192,3072,32768,48,8,128,adapted_te_userbuffers_backward_formal_10w50i,per_sample_local_cuda_event_then_dist_max,separately timed pack planar dQ/dK/dV -> Userbuffers A2A -> unpack complete dQKV -> full DGrad GEMM and beta=1 WGrad GEMM,MAX,2.9.0+cu128,2.19.0.dev0+a7aec214,/tmp/TransformerEngine-v10-clean/transformer_engine/__init__.py,12.8,2.27.5,NVIDIA L20X|NVIDIA L20X|NVIDIA L20X|NVIDIA L20X|NVIDIA L20X|NVIDIA L20X|NVIDIA L20X|NVIDIA L20X,132|132|132|132|132|132|132|132,:4096:8,24,3,True,False,1024,4,False,True,0,7.55291223526001,7.616398477554322,436.72358165756543,5.147536039352417,5.2020622253417965,2.4039520025253296,2.426219248771668,66,209,35,4,1.9294837713241577,20.727272033691406,False,same_geometry_s1k,,,,,,,,,
qkv,nanbeige42_3b,model,Nanbeige4.2-3B,262144,8,graph,immediate,single,v10_backward_te_userbuffers_v3,complete_route_then_single_full_gemm,recreate_per_entry,reuse_adjacent_same_shape_v1,branch_masked_v1,branch_masked_v1,0,32768,3072,8192,8192,3072,32768,48,8,128,adapted_te_userbuffers_backward_formal_10w50i,per_sample_local_cuda_event_then_dist_max,pack planar dQ/dK/dV -> Userbuffers A2A -> unpack complete dQKV -> full DGrad GEMM -> adjacent beta=0 WGrad GEMM,MAX,2.9.0+cu128,2.19.0.dev0+a7aec214,/tmp/TransformerEngine-v10-clean/transformer_engine/__init__.py,12.8,2.27.5,NVIDIA L20X|NVIDIA L20X|NVIDIA L20X|NVIDIA L20X|NVIDIA L20X|NVIDIA L20X|NVIDIA L20X|NVIDIA L20X,132|132|132|132|132|132|132|132,:4096:8,24,3,True,False,1024,4,False,True,0,7.428367853164673,7.4818639039993275,444.04571078460265,,,,,66,209,35,4,1.9294837713241577,20.727272033691406,True,same_geometry_s1k,,,,,,,,,
qkv,nanbeige42_3b,model,Nanbeige4.2-3B,262144,8,graph,deferred,single,v10_backward_te_userbuffers_v3,complete_route_then_single_full_gemm,recreate_per_entry,reuse_adjacent_same_shape_v1,branch_masked_v1,branch_masked_v1,1,32768,3072,8192,8192,3072,32768,48,8,128,adapted_te_userbuffers_backward_formal_10w50i,per_sample_local_cuda_event_then_dist_max,separately timed pack planar dQ/dK/dV -> Userbuffers A2A -> unpack complete dQKV -> full DGrad GEMM and beta=1 WGrad GEMM,MAX,2.9.0+cu128,2.19.0.dev0+a7aec214,/tmp/TransformerEngine-v10-clean/transformer_engine/__init__.py,12.8,2.27.5,NVIDIA L20X|NVIDIA L20X|NVIDIA L20X|NVIDIA L20X|NVIDIA L20X|NVIDIA L20X|NVIDIA L20X|NVIDIA L20X,132|132|132|132|132|132|132|132,:4096:8,24,3,True,False,1024,4,True,True,0,7.461904048919678,7.5060337662696845,442.05002660219895,5.088720083236694,5.120907235145569,2.373136043548584,2.395835208892822,66,209,35,4,1.9294837713241577,20.727272033691406,True,same_geometry_s1k,,,,,,,,,
qkv,nanbeige42_3b,model,Nanbeige4.2-3B,524288,4,eager,immediate,single,v10_backward_te_userbuffers_v3,complete_route_then_single_full_gemm,recreate_per_entry,reuse_adjacent_same_shape_v1,branch_masked_v1,branch_masked_v1,0,131072,3072,8192,8192,3072,131072,48,8,128,adapted_te_userbuffers_backward_formal_10w50i,per_sample_local_cuda_event_then_dist_max,pack planar dQ/dK/dV -> Userbuffers A2A -> unpack complete dQKV -> full DGrad GEMM -> adjacent beta=0 WGrad GEMM,MAX,2.9.0+cu128,2.19.0.dev0+a7aec214,/tmp/TransformerEngine-v10-clean/transformer_engine/__init__.py,12.8,2.27.5,NVIDIA L20X|NVIDIA L20X|NVIDIA L20X|NVIDIA L20X,132|132|132|132,:4096:8,20,2,False,True,1024,4,False,True,0,27.670720100402832,28.88126201629639,476.8267499160572,,,,,66,29,35,4,7.907930374145508,149.09091186523438,True,same_geometry_s1k,,,,,,,,,
qkv,nanbeige42_3b,model,Nanbeige4.2-3B,524288,4,eager,deferred,single,v10_backward_te_userbuffers_v3,complete_route_then_single_full_gemm,recreate_per_entry,reuse_adjacent_same_shape_v1,branch_masked_v1,branch_masked_v1,1,131072,3072,8192,8192,3072,131072,48,8,128,adapted_te_userbuffers_backward_formal_10w50i,per_sample_local_cuda_event_then_dist_max,separately timed pack planar dQ/dK/dV -> Userbuffers A2A -> unpack complete dQKV -> full DGrad GEMM and beta=1 WGrad GEMM,MAX,2.9.0+cu128,2.19.0.dev0+a7aec214,/tmp/TransformerEngine-v10-clean/transformer_engine/__init__.py,12.8,2.27.5,NVIDIA L20X|NVIDIA L20X|NVIDIA L20X|NVIDIA L20X,132|132|132|132,:4096:8,20,2,False,True,1024,4,False,True,0,27.412335872650146,27.680617284774783,481.32124145159275,17.64523220062256,17.824068450927733,9.752240180969238,9.959636831283568,66,29,35,4,7.907930374145508,149.09091186523438,False,same_geometry_s1k,,,,,,,,,
qkv,nanbeige42_3b,model,Nanbeige4.2-3B,524288,4,graph,immediate,single,v10_backward_te_userbuffers_v3,complete_route_then_single_full_gemm,recreate_per_entry,reuse_adjacent_same_shape_v1,branch_masked_v1,branch_masked_v1,0,131072,3072,8192,8192,3072,131072,48,8,128,adapted_te_userbuffers_backward_formal_10w50i,per_sample_local_cuda_event_then_dist_max,pack planar dQ/dK/dV -> Userbuffers A2A -> unpack complete dQKV -> full DGrad GEMM -> adjacent beta=0 WGrad GEMM,MAX,2.9.0+cu128,2.19.0.dev0+a7aec214,/tmp/TransformerEngine-v10-clean/transformer_engine/__init__.py,12.8,2.27.5,NVIDIA L20X|NVIDIA L20X|NVIDIA L20X|NVIDIA L20X,132|132|132|132,:4096:8,20,3,False,True,1024,4,True,True,0,27.959312438964844,28.94719190597534,471.90500703888176,,,,,66,24,35,4,7.936033248901367,93.09091186523438,True,same_geometry_s1k,,,,,,,,,
qkv,nanbeige42_3b,model,Nanbeige4.2-3B,524288,4,graph,deferred,single,v10_backward_te_userbuffers_v3,complete_route_then_single_full_gemm,recreate_per_entry,reuse_adjacent_same_shape_v1,branch_masked_v1,branch_masked_v1,1,131072,3072,8192,8192,3072,131072,48,8,128,adapted_te_userbuffers_backward_formal_10w50i,per_sample_local_cuda_event_then_dist_max,separately timed pack planar dQ/dK/dV -> Userbuffers A2A -> unpack complete dQKV -> full DGrad GEMM and beta=1 WGrad GEMM,MAX,2.9.0+cu128,2.19.0.dev0+a7aec214,/tmp/TransformerEngine-v10-clean/transformer_engine/__init__.py,12.8,2.27.5,NVIDIA L20X|NVIDIA L20X|NVIDIA L20X|NVIDIA L20X,132|132|132|132,:4096:8,20,3,False,True,1024,4,True,True,0,27.59972858428955,27.893780994415284,478.0532349445795,17.633407592773438,17.879824542999266,9.951071739196777,10.307180547714232,66,24,35,4,7.936033248901367,93.09091186523438,False,same_geometry_s1k,,,,,,,,,
qkv,nanbeige42_3b,model,Nanbeige4.2-3B,524288,8,eager,immediate,single,v10_backward_te_userbuffers_v3,complete_route_then_single_full_gemm,recreate_per_entry,reuse_adjacent_same_shape_v1,branch_masked_v1,branch_masked_v1,0,65536,3072,8192,8192,3072,65536,48,8,128,adapted_te_userbuffers_backward_formal_10w50i,per_sample_local_cuda_event_then_dist_max,pack planar dQ/dK/dV -> Userbuffers A2A -> unpack complete dQKV -> full DGrad GEMM -> adjacent beta=0 WGrad GEMM,MAX,2.9.0+cu128,2.19.0.dev0+a7aec214,/tmp/TransformerEngine-v10-clean/transformer_engine/__init__.py,12.8,2.27.5,NVIDIA L20X|NVIDIA L20X|NVIDIA L20X|NVIDIA L20X|NVIDIA L20X|NVIDIA L20X|NVIDIA L20X|NVIDIA L20X,132|132|132|132|132|132|132|132,:4096:8,24,3,True,False,1024,4,True,True,0,14.851360321044922,14.965867471694946,444.2064311986095,,,,,66,29,35,4,3.96140456199646,74.54545593261719,True,same_geometry_s1k,,,,,,,,,
qkv,nanbeige42_3b,model,Nanbeige4.2-3B,524288,8,eager,deferred,single,v10_backward_te_userbuffers_v3,complete_route_then_single_full_gemm,recreate_per_entry,reuse_adjacent_same_shape_v1,branch_masked_v1,branch_masked_v1,1,65536,3072,8192,8192,3072,65536,48,8,128,adapted_te_userbuffers_backward_formal_10w50i,per_sample_local_cuda_event_then_dist_max,separately timed pack planar dQ/dK/dV -> Userbuffers A2A -> unpack complete dQKV -> full DGrad GEMM and beta=1 WGrad GEMM,MAX,2.9.0+cu128,2.19.0.dev0+a7aec214,/tmp/TransformerEngine-v10-clean/transformer_engine/__init__.py,12.8,2.27.5,NVIDIA L20X|NVIDIA L20X|NVIDIA L20X|NVIDIA L20X|NVIDIA L20X|NVIDIA L20X|NVIDIA L20X|NVIDIA L20X,132|132|132|132|132|132|132|132,:4096:8,24,3,True,False,1024,4,True,True,0,14.93004822731018,15.009280133247374,441.8652683645442,10.181792259216309,10.256168270111083,4.7389280796051025,4.797196698188781,66,29,35,4,3.96140456199646,74.54545593261719,True,same_geometry_s1k,,,,,,,,,
qkv,nanbeige42_3b,model,Nanbeige4.2-3B,524288,8,graph,immediate,single,v10_backward_te_userbuffers_v3,complete_route_then_single_full_gemm,recreate_per_entry,reuse_adjacent_same_shape_v1,branch_masked_v1,branch_masked_v1,0,65536,3072,8192,8192,3072,65536,48,8,128,adapted_te_userbuffers_backward_formal_10w50i,per_sample_local_cuda_event_then_dist_max,pack planar dQ/dK/dV -> Userbuffers A2A -> unpack complete dQKV -> full DGrad GEMM -> adjacent beta=0 WGrad GEMM,MAX,2.9.0+cu128,2.19.0.dev0+a7aec214,/tmp/TransformerEngine-v10-clean/transformer_engine/__init__.py,12.8,2.27.5,NVIDIA L20X|NVIDIA L20X|NVIDIA L20X|NVIDIA L20X|NVIDIA L20X|NVIDIA L20X|NVIDIA L20X|NVIDIA L20X,132|132|132|132|132|132|132|132,:4096:8,24,3,True,False,1024,4,True,True,0,14.782384395599365,14.87051682472229,446.27913806786887,,,,,66,29,35,4,3.96140456199646,74.54545593261719,True,same_geometry_s1k,,,,,,,,,
qkv,nanbeige42_3b,model,Nanbeige4.2-3B,524288,8,graph,deferred,single,v10_backward_te_userbuffers_v3,complete_route_then_single_full_gemm,recreate_per_entry,reuse_adjacent_same_shape_v1,branch_masked_v1,branch_masked_v1,1,65536,3072,8192,8192,3072,65536,48,8,128,adapted_te_userbuffers_backward_formal_10w50i,per_sample_local_cuda_event_then_dist_max,separately timed pack planar dQ/dK/dV -> Userbuffers A2A -> unpack complete dQKV -> full DGrad GEMM and beta=1 WGrad GEMM,MAX,2.9.0+cu128,2.19.0.dev0+a7aec214,/tmp/TransformerEngine-v10-clean/transformer_engine/__init__.py,12.8,2.27.5,NVIDIA L20X|NVIDIA L20X|NVIDIA L20X|NVIDIA L20X|NVIDIA L20X|NVIDIA L20X|NVIDIA L20X|NVIDIA L20X,132|132|132|132|132|132|132|132,:4096:8,24,3,True,False,1024,4,True,True,0,14.815376281738281,14.89969344139099,445.28533337271193,10.110464096069336,10.156738996505737,4.706704139709473,4.767259240150452,66,29,35,4,3.96140456199646,74.54545593261719,True,same_geometry_s1k,,,,,,,,,
qkv,llama3_8b,model,Llama 3/3.1 8B,1024,4,eager,immediate,single,v10_backward_te_userbuffers_v3,complete_route_then_single_full_gemm,recreate_per_entry,reuse_adjacent_same_shape_v1,branch_masked_v1,branch_masked_v1,0,256,4096,6144,6144,4096,256,32,8,128,adapted_te_userbuffers_backward_formal_10w50i,per_sample_local_cuda_event_then_dist_max,pack planar dQ/dK/dV -> Userbuffers A2A -> unpack complete dQKV -> full DGrad GEMM -> adjacent beta=0 WGrad GEMM,MAX,2.9.0+cu128,2.19.0.dev0+a7aec214,/tmp/TransformerEngine-v10-clean/transformer_engine/__init__.py,12.8,2.27.5,NVIDIA L20X|NVIDIA L20X|NVIDIA L20X|NVIDIA L20X,132|132|132|132,:4096:8,4,2,True,False,512,4,False,True,0,0.2021920010447502,0.24684160947799677,127.45214272990201,,,,,66,18,35,0,0.022968532517552376,0.9696969985961914,True,exact,0,,0.0,0.0,0.0009765625,0.0029296875,0,0,0
qkv,llama3_8b,model,Llama 3/3.1 8B,1024,4,eager,deferred,single,v10_backward_te_userbuffers_v3,complete_route_then_single_full_gemm,recreate_per_entry,reuse_adjacent_same_shape_v1,branch_masked_v1,branch_masked_v1,1,256,4096,6144,6144,4096,256,32,8,128,adapted_te_userbuffers_backward_formal_10w50i,per_sample_local_cuda_event_then_dist_max,separately timed pack planar dQ/dK/dV -> Userbuffers A2A -> unpack complete dQKV -> full DGrad GEMM and beta=1 WGrad GEMM,MAX,2.9.0+cu128,2.19.0.dev0+a7aec214,/tmp/TransformerEngine-v10-clean/transformer_engine/__init__.py,12.8,2.27.5,NVIDIA L20X|NVIDIA L20X|NVIDIA L20X|NVIDIA L20X,132|132|132|132,:4096:8,4,3,True,False,512,4,False,True,0,0.2223680019378662,0.2364272065460682,115.88809339214446,0.15508799999952316,0.1662400059401989,0.06631999835371971,0.0719455998390913,66,18,35,0,0.02314026840031147,0.9696969985961914,False,exact,0,,0.0,0.0,0.0009765625,0.0029296875,0,0,0
qkv,llama3_8b,model,Llama 3/3.1 8B,1024,4,graph,immediate,single,v10_backward_te_userbuffers_v3,complete_route_then_single_full_gemm,recreate_per_entry,reuse_adjacent_same_shape_v1,branch_masked_v1,branch_masked_v1,0,256,4096,6144,6144,4096,256,32,8,128,adapted_te_userbuffers_backward_formal_10w50i,per_sample_local_cuda_event_then_dist_max,pack planar dQ/dK/dV -> Userbuffers A2A -> unpack complete dQKV -> full DGrad GEMM -> adjacent beta=0 WGrad GEMM,MAX,2.9.0+cu128,2.19.0.dev0+a7aec214,/tmp/TransformerEngine-v10-clean/transformer_engine/__init__.py,12.8,2.27.5,NVIDIA L20X|NVIDIA L20X|NVIDIA L20X|NVIDIA L20X,132|132|132|132,:4096:8,8,3,True,False,512,4,True,True,0,0.0960800014436245,0.1249199967831372,268.21194201501527,,,,,66,18,35,0,0.023614933714270592,0.9696969985961914,True,exact,0,,0.0,0.0,0.0009765625,0.0029296875,0,0,0
qkv,llama3_8b,model,Llama 3/3.1 8B,1024,4,graph,deferred,single,v10_backward_te_userbuffers_v3,complete_route_then_single_full_gemm,recreate_per_entry,reuse_adjacent_same_shape_v1,branch_masked_v1,branch_masked_v1,1,256,4096,6144,6144,4096,256,32,8,128,adapted_te_userbuffers_backward_formal_10w50i,per_sample_local_cuda_event_then_dist_max,separately timed pack planar dQ/dK/dV -> Userbuffers A2A -> unpack complete dQKV -> full DGrad GEMM and beta=1 WGrad GEMM,MAX,2.9.0+cu128,2.19.0.dev0+a7aec214,/tmp/TransformerEngine-v10-clean/transformer_engine/__init__.py,12.8,2.27.5,NVIDIA L20X|NVIDIA L20X|NVIDIA L20X|NVIDIA L20X,132|132|132|132,:4096:8,8,3,True,False,512,4,True,True,0,0.10582400113344193,0.10839680004864931,243.51568169781066,0.06032000109553337,0.06185920163989067,0.045423999428749084,0.04708799887448549,66,18,35,0,0.023614933714270592,0.9696969985961914,False,exact,0,,0.0,0.0,0.0009765625,0.0029296875,0,0,0
qkv,llama3_8b,model,Llama 3/3.1 8B,1024,8,eager,immediate,single,v10_backward_te_userbuffers_v3,complete_route_then_single_full_gemm,recreate_per_entry,reuse_adjacent_same_shape_v1,branch_masked_v1,branch_masked_v1,0,128,4096,6144,6144,4096,128,32,8,128,adapted_te_userbuffers_backward_formal_10w50i,per_sample_local_cuda_event_then_dist_max,pack planar dQ/dK/dV -> Userbuffers A2A -> unpack complete dQKV -> full DGrad GEMM -> adjacent beta=0 WGrad GEMM,MAX,2.9.0+cu128,2.19.0.dev0+a7aec214,/tmp/TransformerEngine-v10-clean/transformer_engine/__init__.py,12.8,2.27.5,NVIDIA L20X|NVIDIA L20X|NVIDIA L20X|NVIDIA L20X|NVIDIA L20X|NVIDIA L20X|NVIDIA L20X|NVIDIA L20X,132|132|132|132|132|132|132|132,:4096:8,12,3,True,False,512,4,False,True,0,0.23771200329065323,0.2592319905757904,54.203833671139776,,,,,66,15,35,0,0.01974186673760414,0.9696969985961914,True,exact,0,,0.0,0.0,0.0009765625,0.001953125,0,0,0
qkv,llama3_8b,model,Llama 3/3.1 8B,1024,8,eager,deferred,single,v10_backward_te_userbuffers_v3,complete_route_then_single_full_gemm,recreate_per_entry,reuse_adjacent_same_shape_v1,branch_masked_v1,branch_masked_v1,1,128,4096,6144,6144,4096,128,32,8,128,adapted_te_userbuffers_backward_formal_10w50i,per_sample_local_cuda_event_then_dist_max,separately timed pack planar dQ/dK/dV -> Userbuffers A2A -> unpack complete dQKV -> full DGrad GEMM and beta=1 WGrad GEMM,MAX,2.9.0+cu128,2.19.0.dev0+a7aec214,/tmp/TransformerEngine-v10-clean/transformer_engine/__init__.py,12.8,2.27.5,NVIDIA L20X|NVIDIA L20X|NVIDIA L20X|NVIDIA L20X|NVIDIA L20X|NVIDIA L20X|NVIDIA L20X|NVIDIA L20X,132|132|132|132|132|132|132|132,:4096:8,12,3,True,False,512,4,False,True,0,0.2492960039526224,0.2998799938708544,51.6851521232114,0.19019199907779694,0.22181919813156126,0.05809599906206131,0.07406879812479017,66,15,35,0,0.01974186673760414,0.9696969985961914,False,exact,0,,0.0,0.0,0.0009765625,0.001953125,0,0,0
qkv,llama3_8b,model,Llama 3/3.1 8B,1024,8,graph,immediate,single,v10_backward_te_userbuffers_v3,complete_route_then_single_full_gemm,recreate_per_entry,reuse_adjacent_same_shape_v1,branch_masked_v1,branch_masked_v1,0,128,4096,6144,6144,4096,128,32,8,128,adapted_te_userbuffers_backward_formal_10w50i,per_sample_local_cuda_event_then_dist_max,pack planar dQ/dK/dV -> Userbuffers A2A -> unpack complete dQKV -> full DGrad GEMM -> adjacent beta=0 WGrad GEMM,MAX,2.9.0+cu128,2.19.0.dev0+a7aec214,/tmp/TransformerEngine-v10-clean/transformer_engine/__init__.py,12.8,2.27.5,NVIDIA L20X|NVIDIA L20X|NVIDIA L20X|NVIDIA L20X|NVIDIA L20X|NVIDIA L20X|NVIDIA L20X|NVIDIA L20X,132|132|132|132|132|132|132|132,:4096:8,4,3,True,False,512,4,False,True,0,0.08983999863266945,0.09145919941365718,143.42054857639468,,,,,66,27,35,0,0.019595734775066376,0.6515151262283325,True,exact,0,,0.0,0.0,0.0009765625,0.001953125,0,0,0
qkv,llama3_8b,model,Llama 3/3.1 8B,1024,8,graph,deferred,single,v10_backward_te_userbuffers_v3,complete_route_then_single_full_gemm,recreate_per_entry,reuse_adjacent_same_shape_v1,branch_masked_v1,branch_masked_v1,1,128,4096,6144,6144,4096,128,32,8,128,adapted_te_userbuffers_backward_formal_10w50i,per_sample_local_cuda_event_then_dist_max,separately timed pack planar dQ/dK/dV -> Userbuffers A2A -> unpack complete dQKV -> full DGrad GEMM and beta=1 WGrad GEMM,MAX,2.9.0+cu128,2.19.0.dev0+a7aec214,/tmp/TransformerEngine-v10-clean/transformer_engine/__init__.py,12.8,2.27.5,NVIDIA L20X|NVIDIA L20X|NVIDIA L20X|NVIDIA L20X|NVIDIA L20X|NVIDIA L20X|NVIDIA L20X|NVIDIA L20X,132|132|132|132|132|132|132|132,:4096:8,12,3,True,False,512,4,False,True,0,0.0938240010291338,0.09580000098794698,137.33055238178383,0.05819199979305267,0.05996000003069639,0.03551999852061272,0.036137599498033524,66,15,35,0,0.01974186673760414,0.9696969985961914,True,exact,0,,0.0,0.0,0.0009765625,0.001953125,0,0,0
qkv,llama3_8b,model,Llama 3/3.1 8B,4096,4,eager,immediate,single,v10_backward_te_userbuffers_v3,complete_route_then_single_full_gemm,recreate_per_entry,reuse_adjacent_same_shape_v1,branch_masked_v1,branch_masked_v1,0,1024,4096,6144,6144,4096,1024,32,8,128,adapted_te_userbuffers_backward_formal_10w50i,per_sample_local_cuda_event_then_dist_max,pack planar dQ/dK/dV -> Userbuffers A2A -> unpack complete dQKV -> full DGrad GEMM -> adjacent beta=0 WGrad GEMM,MAX,2.9.0+cu128,2.19.0.dev0+a7aec214,/tmp/TransformerEngine-v10-clean/transformer_engine/__init__.py,12.8,2.27.5,NVIDIA L20X|NVIDIA L20X|NVIDIA L20X|NVIDIA L20X,132|132|132|132,:4096:8,20,1,True,False,512,4,True,True,0,0.2868319898843765,0.32780639529228206,359.37140465243004,,,,,66,20,35,0,0.06082666665315628,1.9393939971923828,True,same_geometry_s1k,,,,,,,,,
qkv,llama3_8b,model,Llama 3/3.1 8B,4096,4,eager,deferred,single,v10_backward_te_userbuffers_v3,complete_route_then_single_full_gemm,recreate_per_entry,reuse_adjacent_same_shape_v1,branch_masked_v1,branch_masked_v1,1,1024,4096,6144,6144,4096,1024,32,8,128,adapted_te_userbuffers_backward_formal_10w50i,per_sample_local_cuda_event_then_dist_max,separately timed pack planar dQ/dK/dV -> Userbuffers A2A -> unpack complete dQKV -> full DGrad GEMM and beta=1 WGrad GEMM,MAX,2.9.0+cu128,2.19.0.dev0+a7aec214,/tmp/TransformerEngine-v10-clean/transformer_engine/__init__.py,12.8,2.27.5,NVIDIA L20X|NVIDIA L20X|NVIDIA L20X|NVIDIA L20X,132|132|132|132,:4096:8,20,1,True,False,512,4,True,True,0,0.31547200307250023,0.3354463972151279,326.7459999621926,0.20059199631214142,0.22014879584312438,0.11433599889278412,0.1188656035810709,66,20,35,0,0.06082666665315628,1.9393939971923828,True,same_geometry_s1k,,,,,,,,,
qkv,llama3_8b,model,Llama 3/3.1 8B,4096,4,graph,immediate,single,v10_backward_te_userbuffers_v3,complete_route_then_single_full_gemm,recreate_per_entry,reuse_adjacent_same_shape_v1,branch_masked_v1,branch_masked_v1,0,1024,4096,6144,6144,4096,1024,32,8,128,adapted_te_userbuffers_backward_formal_10w50i,per_sample_local_cuda_event_then_dist_max,pack planar dQ/dK/dV -> Userbuffers A2A -> unpack complete dQKV -> full DGrad GEMM -> adjacent beta=0 WGrad GEMM,MAX,2.9.0+cu128,2.19.0.dev0+a7aec214,/tmp/TransformerEngine-v10-clean/transformer_engine/__init__.py,12.8,2.27.5,NVIDIA L20X|NVIDIA L20X|NVIDIA L20X|NVIDIA L20X,132|132|132|132,:4096:8,16,3,True,False,1024,4,False,True,0,0.23121599853038788,0.2332559995353222,445.81350667416154,,,,,66,20,35,0,0.060841601341962814,1.9393939971923828,True,same_geometry_s1k,,,,,,,,,
qkv,llama3_8b,model,Llama 3/3.1 8B,4096,4,graph,deferred,single,v10_backward_te_userbuffers_v3,complete_route_then_single_full_gemm,recreate_per_entry,reuse_adjacent_same_shape_v1,branch_masked_v1,branch_masked_v1,1,1024,4096,6144,6144,4096,1024,32,8,128,adapted_te_userbuffers_backward_formal_10w50i,per_sample_local_cuda_event_then_dist_max,separately timed pack planar dQ/dK/dV -> Userbuffers A2A -> unpack complete dQKV -> full DGrad GEMM and beta=1 WGrad GEMM,MAX,2.9.0+cu128,2.19.0.dev0+a7aec214,/tmp/TransformerEngine-v10-clean/transformer_engine/__init__.py,12.8,2.27.5,NVIDIA L20X|NVIDIA L20X|NVIDIA L20X|NVIDIA L20X,132|132|132|132,:4096:8,20,3,True,False,512,4,False,True,0,0.2436159960925579,0.24636799842119217,423.1217028328334,0.15334400534629822,0.15579519420862198,0.09030400216579437,0.09159680046141147,66,20,35,0,0.060468267649412155,1.9393939971923828,True,same_geometry_s1k,,,,,,,,,
qkv,llama3_8b,model,Llama 3/3.1 8B,4096,8,eager,immediate,single,v10_backward_te_userbuffers_v3,complete_route_then_single_full_gemm,recreate_per_entry,reuse_adjacent_same_shape_v1,branch_masked_v1,branch_masked_v1,0,512,4096,6144,6144,4096,512,32,8,128,adapted_te_userbuffers_backward_formal_10w50i,per_sample_local_cuda_event_then_dist_max,pack planar dQ/dK/dV -> Userbuffers A2A -> unpack complete dQKV -> full DGrad GEMM -> adjacent beta=0 WGrad GEMM,MAX,2.9.0+cu128,2.19.0.dev0+a7aec214,/tmp/TransformerEngine-v10-clean/transformer_engine/__init__.py,12.8,2.27.5,NVIDIA L20X|NVIDIA L20X|NVIDIA L20X|NVIDIA L20X|NVIDIA L20X|NVIDIA L20X|NVIDIA L20X|NVIDIA L20X,132|132|132|132|132|132|132|132,:4096:8,24,1,True,False,512,4,False,True,0,0.28115199506282806,0.30496479421854017,183.31581655852247,,,,,66,20,35,0,0.03338773176074028,0.9696969985961914,True,same_geometry_s1k,,,,,,,,,
qkv,llama3_8b,model,Llama 3/3.1 8B,4096,8,eager,deferred,single,v10_backward_te_userbuffers_v3,complete_route_then_single_full_gemm,recreate_per_entry,reuse_adjacent_same_shape_v1,branch_masked_v1,branch_masked_v1,1,512,4096,6144,6144,4096,512,32,8,128,adapted_te_userbuffers_backward_formal_10w50i,per_sample_local_cuda_event_then_dist_max,separately timed pack planar dQ/dK/dV -> Userbuffers A2A -> unpack complete dQKV -> full DGrad GEMM and beta=1 WGrad GEMM,MAX,2.9.0+cu128,2.19.0.dev0+a7aec214,/tmp/TransformerEngine-v10-clean/transformer_engine/__init__.py,12.8,2.27.5,NVIDIA L20X|NVIDIA L20X|NVIDIA L20X|NVIDIA L20X|NVIDIA L20X|NVIDIA L20X|NVIDIA L20X|NVIDIA L20X,132|132|132|132|132|132|132|132,:4096:8,24,3,True,False,512,4,False,True,0,0.30963199958205223,0.3551519922912121,166.45439625610157,0.215999998152256,0.2567263975739479,0.09299200028181076,0.10233120210468769,66,20,35,0,0.033400531858205795,0.9696969985961914,False,same_geometry_s1k,,,,,,,,,
qkv,llama3_8b,model,Llama 3/3.1 8B,4096,8,graph,immediate,single,v10_backward_te_userbuffers_v3,complete_route_then_single_full_gemm,recreate_per_entry,reuse_adjacent_same_shape_v1,branch_masked_v1,branch_masked_v1,0,512,4096,6144,6144,4096,512,32,8,128,adapted_te_userbuffers_backward_formal_10w50i,per_sample_local_cuda_event_then_dist_max,pack planar dQ/dK/dV -> Userbuffers A2A -> unpack complete dQKV -> full DGrad GEMM -> adjacent beta=0 WGrad GEMM,MAX,2.9.0+cu128,2.19.0.dev0+a7aec214,/tmp/TransformerEngine-v10-clean/transformer_engine/__init__.py,12.8,2.27.5,NVIDIA L20X|NVIDIA L20X|NVIDIA L20X|NVIDIA L20X|NVIDIA L20X|NVIDIA L20X|NVIDIA L20X|NVIDIA L20X,132|132|132|132|132|132|132|132,:4096:8,16,3,True,False,1024,4,False,True,0,0.17476800084114075,0.1814336024224758,294.90299885531147,,,,,66,20,35,0,0.03360213339328766,0.9696969985961914,True,same_geometry_s1k,,,,,,,,,
qkv,llama3_8b,model,Llama 3/3.1 8B,4096,8,graph,deferred,single,v10_backward_te_userbuffers_v3,complete_route_then_single_full_gemm,recreate_per_entry,reuse_adjacent_same_shape_v1,branch_masked_v1,branch_masked_v1,1,512,4096,6144,6144,4096,512,32,8,128,adapted_te_userbuffers_backward_formal_10w50i,per_sample_local_cuda_event_then_dist_max,separately timed pack planar dQ/dK/dV -> Userbuffers A2A -> unpack complete dQKV -> full DGrad GEMM and beta=1 WGrad GEMM,MAX,2.9.0+cu128,2.19.0.dev0+a7aec214,/tmp/TransformerEngine-v10-clean/transformer_engine/__init__.py,12.8,2.27.5,NVIDIA L20X|NVIDIA L20X|NVIDIA L20X|NVIDIA L20X|NVIDIA L20X|NVIDIA L20X|NVIDIA L20X|NVIDIA L20X,132|132|132|132|132|132|132|132,:4096:8,16,3,True,False,1024,4,False,True,0,0.18302400037646294,0.18679520189762114,281.6002679757187,0.11372800171375275,0.11546560004353523,0.06947200000286102,0.07033919915556908,66,20,35,0,0.03360213339328766,0.9696969985961914,True,same_geometry_s1k,,,,,,,,,
qkv,llama3_8b,model,Llama 3/3.1 8B,16384,4,eager,immediate,single,v10_backward_te_userbuffers_v3,complete_route_then_single_full_gemm,recreate_per_entry,reuse_adjacent_same_shape_v1,branch_masked_v1,branch_masked_v1,0,4096,4096,6144,6144,4096,4096,32,8,128,adapted_te_userbuffers_backward_formal_10w50i,per_sample_local_cuda_event_then_dist_max,pack planar dQ/dK/dV -> Userbuffers A2A -> unpack complete dQKV -> full DGrad GEMM -> adjacent beta=0 WGrad GEMM,MAX,2.9.0+cu128,2.19.0.dev0+a7aec214,/tmp/TransformerEngine-v10-clean/transformer_engine/__init__.py,12.8,2.27.5,NVIDIA L20X|NVIDIA L20X|NVIDIA L20X|NVIDIA L20X,132|132|132|132,:4096:8,20,2,True,False,1024,4,False,True,0,0.8576639890670776,0.8676991909742355,480.7440509009791,,,,,66,24,35,4,0.23140907287597656,3.8787879943847656,True,same_geometry_s1k,,,,,,,,,
qkv,llama3_8b,model,Llama 3/3.1 8B,16384,4,eager,deferred,single,v10_backward_te_userbuffers_v3,complete_route_then_single_full_gemm,recreate_per_entry,reuse_adjacent_same_shape_v1,branch_masked_v1,branch_masked_v1,1,4096,4096,6144,6144,4096,4096,32,8,128,adapted_te_userbuffers_backward_formal_10w50i,per_sample_local_cuda_event_then_dist_max,separately timed pack planar dQ/dK/dV -> Userbuffers A2A -> unpack complete dQKV -> full DGrad GEMM and beta=1 WGrad GEMM,MAX,2.9.0+cu128,2.19.0.dev0+a7aec214,/tmp/TransformerEngine-v10-clean/transformer_engine/__init__.py,12.8,2.27.5,NVIDIA L20X|NVIDIA L20X|NVIDIA L20X|NVIDIA L20X,132|132|132|132,:4096:8,20,2,True,False,1024,4,False,True,0,0.8867360055446625,0.9032416060566902,464.9826530532516,0.5900480151176453,0.6049279928207398,0.2962239980697632,0.3011760026216507,66,24,35,4,0.23140907287597656,3.8787879943847656,False,same_geometry_s1k,,,,,,,,,
qkv,llama3_8b,model,Llama 3/3.1 8B,16384,4,graph,immediate,single,v10_backward_te_userbuffers_v3,complete_route_then_single_full_gemm,recreate_per_entry,reuse_adjacent_same_shape_v1,branch_masked_v1,branch_masked_v1,0,4096,4096,6144,6144,4096,4096,32,8,128,adapted_te_userbuffers_backward_formal_10w50i,per_sample_local_cuda_event_then_dist_max,pack planar dQ/dK/dV -> Userbuffers A2A -> unpack complete dQKV -> full DGrad GEMM -> adjacent beta=0 WGrad GEMM,MAX,2.9.0+cu128,2.19.0.dev0+a7aec214,/tmp/TransformerEngine-v10-clean/transformer_engine/__init__.py,12.8,2.27.5,NVIDIA L20X|NVIDIA L20X|NVIDIA L20X|NVIDIA L20X,132|132|132|132,:4096:8,16,3,True,False,1024,4,False,True,0,0.8075039982795715,0.8173856079578399,510.60658683357866,,,,,66,24,35,4,0.23124267160892487,3.8787879943847656,True,same_geometry_s1k,,,,,,,,,
qkv,llama3_8b,model,Llama 3/3.1 8B,16384,4,graph,deferred,single,v10_backward_te_userbuffers_v3,complete_route_then_single_full_gemm,recreate_per_entry,reuse_adjacent_same_shape_v1,branch_masked_v1,branch_masked_v1,1,4096,4096,6144,6144,4096,4096,32,8,128,adapted_te_userbuffers_backward_formal_10w50i,per_sample_local_cuda_event_then_dist_max,separately timed pack planar dQ/dK/dV -> Userbuffers A2A -> unpack complete dQKV -> full DGrad GEMM and beta=1 WGrad GEMM,MAX,2.9.0+cu128,2.19.0.dev0+a7aec214,/tmp/TransformerEngine-v10-clean/transformer_engine/__init__.py,12.8,2.27.5,NVIDIA L20X|NVIDIA L20X|NVIDIA L20X|NVIDIA L20X,132|132|132|132,:4096:8,20,3,True,False,1024,4,False,True,0,0.8149439841508865,0.8205408111214638,505.94503233937576,0.5382560193538666,0.5417296081781388,0.27584001421928406,0.2825696066021919,66,24,35,4,0.22967252135276794,3.8787879943847656,True,same_geometry_s1k,,,,,,,,,
qkv,llama3_8b,model,Llama 3/3.1 8B,16384,8,eager,immediate,single,v10_backward_te_userbuffers_v3,complete_route_then_single_full_gemm,recreate_per_entry,reuse_adjacent_same_shape_v1,branch_masked_v1,branch_masked_v1,0,2048,4096,6144,6144,4096,2048,32,8,128,adapted_te_userbuffers_backward_formal_10w50i,per_sample_local_cuda_event_then_dist_max,pack planar dQ/dK/dV -> Userbuffers A2A -> unpack complete dQKV -> full DGrad GEMM -> adjacent beta=0 WGrad GEMM,MAX,2.9.0+cu128,2.19.0.dev0+a7aec214,/tmp/TransformerEngine-v10-clean/transformer_engine/__init__.py,12.8,2.27.5,NVIDIA L20X|NVIDIA L20X|NVIDIA L20X|NVIDIA L20X|NVIDIA L20X|NVIDIA L20X|NVIDIA L20X|NVIDIA L20X,132|132|132|132|132|132|132|132,:4096:8,20,3,True,False,1024,4,False,True,0,0.5825919806957245,0.5898943752050401,353.8641743091074,,,,,66,24,35,0,0.11797119677066803,1.9393939971923828,True,same_geometry_s1k,,,,,,,,,
qkv,llama3_8b,model,Llama 3/3.1 8B,16384,8,eager,deferred,single,v10_backward_te_userbuffers_v3,complete_route_then_single_full_gemm,recreate_per_entry,reuse_adjacent_same_shape_v1,branch_masked_v1,branch_masked_v1,1,2048,4096,6144,6144,4096,2048,32,8,128,adapted_te_userbuffers_backward_formal_10w50i,per_sample_local_cuda_event_then_dist_max,separately timed pack planar dQ/dK/dV -> Userbuffers A2A -> unpack complete dQKV -> full DGrad GEMM and beta=1 WGrad GEMM,MAX,2.9.0+cu128,2.19.0.dev0+a7aec214,/tmp/TransformerEngine-v10-clean/transformer_engine/__init__.py,12.8,2.27.5,NVIDIA L20X|NVIDIA L20X|NVIDIA L20X|NVIDIA L20X|NVIDIA L20X|NVIDIA L20X|NVIDIA L20X|NVIDIA L20X,132|132|132|132|132|132|132|132,:4096:8,20,3,True,False,1024,4,False,True,0,0.6188800036907196,0.6349968075752259,333.11535189142427,0.41044799983501434,0.41746560484170914,0.2083040028810501,0.2166304014623165,66,24,35,0,0.11797119677066803,1.9393939971923828,False,same_geometry_s1k,,,,,,,,,
qkv,llama3_8b,model,Llama 3/3.1 8B,16384,8,graph,immediate,single,v10_backward_te_userbuffers_v3,complete_route_then_single_full_gemm,recreate_per_entry,reuse_adjacent_same_shape_v1,branch_masked_v1,branch_masked_v1,0,2048,4096,6144,6144,4096,2048,32,8,128,adapted_te_userbuffers_backward_formal_10w50i,per_sample_local_cuda_event_then_dist_max,pack planar dQ/dK/dV -> Userbuffers A2A -> unpack complete dQKV -> full DGrad GEMM -> adjacent beta=0 WGrad GEMM,MAX,2.9.0+cu128,2.19.0.dev0+a7aec214,/tmp/TransformerEngine-v10-clean/transformer_engine/__init__.py,12.8,2.27.5,NVIDIA L20X|NVIDIA L20X|NVIDIA L20X|NVIDIA L20X|NVIDIA L20X|NVIDIA L20X|NVIDIA L20X|NVIDIA L20X,132|132|132|132|132|132|132|132,:4096:8,20,3,True,False,1024,4,False,True,0,0.532511979341507,0.5399776041507721,387.14327227517236,,,,,66,24,35,0,0.11797119677066803,1.9393939971923828,True,same_geometry_s1k,,,,,,,,,
qkv,llama3_8b,model,Llama 3/3.1 8B,16384,8,graph,deferred,single,v10_backward_te_userbuffers_v3,complete_route_then_single_full_gemm,recreate_per_entry,reuse_adjacent_same_shape_v1,branch_masked_v1,branch_masked_v1,1,2048,4096,6144,6144,4096,2048,32,8,128,adapted_te_userbuffers_backward_formal_10w50i,per_sample_local_cuda_event_then_dist_max,separately timed pack planar dQ/dK/dV -> Userbuffers A2A -> unpack complete dQKV -> full DGrad GEMM and beta=1 WGrad GEMM,MAX,2.9.0+cu128,2.19.0.dev0+a7aec214,/tmp/TransformerEngine-v10-clean/transformer_engine/__init__.py,12.8,2.27.5,NVIDIA L20X|NVIDIA L20X|NVIDIA L20X|NVIDIA L20X|NVIDIA L20X|NVIDIA L20X|NVIDIA L20X|NVIDIA L20X,132|132|132|132|132|132|132|132,:4096:8,20,3,True,False,1024,4,False,True,0,0.5491519942879677,0.5993376061320304,375.41233092544024,0.36374400556087494,0.4131248012185096,0.18539199978113174,0.18681600689888,66,24,35,0,0.11797119677066803,1.9393939971923828,True,same_geometry_s1k,,,,,,,,,
qkv,llama3_8b,model,Llama 3/3.1 8B,131072,4,eager,immediate,single,v10_backward_te_userbuffers_v3,complete_route_then_single_full_gemm,recreate_per_entry,reuse_adjacent_same_shape_v1,branch_masked_v1,branch_masked_v1,0,32768,4096,6144,6144,4096,32768,32,8,128,adapted_te_userbuffers_backward_formal_10w50i,per_sample_local_cuda_event_then_dist_max,pack planar dQ/dK/dV -> Userbuffers A2A -> unpack complete dQKV -> full DGrad GEMM -> adjacent beta=0 WGrad GEMM,MAX,2.9.0+cu128,2.19.0.dev0+a7aec214,/tmp/TransformerEngine-v10-clean/transformer_engine/__init__.py,12.8,2.27.5,NVIDIA L20X|NVIDIA L20X|NVIDIA L20X|NVIDIA L20X,132|132|132|132,:4096:8,24,2,False,True,1024,4,True,True,0,6.5289599895477295,6.618824076652527,505.21597445973845,,,,,66,209,35,4,1.83241605758667,28.5,True,same_geometry_s1k,,,,,,,,,
qkv,llama3_8b,model,Llama 3/3.1 8B,131072,4,eager,deferred,single,v10_backward_te_userbuffers_v3,complete_route_then_single_full_gemm,recreate_per_entry,reuse_adjacent_same_shape_v1,branch_masked_v1,branch_masked_v1,1,32768,4096,6144,6144,4096,32768,32,8,128,adapted_te_userbuffers_backward_formal_10w50i,per_sample_local_cuda_event_then_dist_max,separately timed pack planar dQ/dK/dV -> Userbuffers A2A -> unpack complete dQKV -> full DGrad GEMM and beta=1 WGrad GEMM,MAX,2.9.0+cu128,2.19.0.dev0+a7aec214,/tmp/TransformerEngine-v10-clean/transformer_engine/__init__.py,12.8,2.27.5,NVIDIA L20X|NVIDIA L20X|NVIDIA L20X|NVIDIA L20X,132|132|132|132,:4096:8,24,3,True,False,1024,4,False,True,0,6.624943971633911,6.753393507003784,497.89626862526984,4.334239959716797,4.370135951042175,2.3062559366226196,2.397329545021057,66,32,35,4,1.8212405443191528,41.45454406738281,False,same_geometry_s1k,,,,,,,,,
qkv,llama3_8b,model,Llama 3/3.1 8B,131072,4,graph,immediate,single,v10_backward_te_userbuffers_v3,complete_route_then_single_full_gemm,recreate_per_entry,reuse_adjacent_same_shape_v1,branch_masked_v1,branch_masked_v1,0,32768,4096,6144,6144,4096,32768,32,8,128,adapted_te_userbuffers_backward_formal_10w50i,per_sample_local_cuda_event_then_dist_max,pack planar dQ/dK/dV -> Userbuffers A2A -> unpack complete dQKV -> full DGrad GEMM -> adjacent beta=0 WGrad GEMM,MAX,2.9.0+cu128,2.19.0.dev0+a7aec214,/tmp/TransformerEngine-v10-clean/transformer_engine/__init__.py,12.8,2.27.5,NVIDIA L20X|NVIDIA L20X|NVIDIA L20X|NVIDIA L20X,132|132|132|132,:4096:8,24,3,True,False,1024,4,False,True,0,6.515024185180664,6.599176049232483,506.2966444285779,,,,,66,32,35,4,1.8212405443191528,41.45454406738281,True,same_geometry_s1k,,,,,,,,,
qkv,llama3_8b,model,Llama 3/3.1 8B,131072,4,graph,deferred,single,v10_backward_te_userbuffers_v3,complete_route_then_single_full_gemm,recreate_per_entry,reuse_adjacent_same_shape_v1,branch_masked_v1,branch_masked_v1,1,32768,4096,6144,6144,4096,32768,32,8,128,adapted_te_userbuffers_backward_formal_10w50i,per_sample_local_cuda_event_then_dist_max,separately timed pack planar dQ/dK/dV -> Userbuffers A2A -> unpack complete dQKV -> full DGrad GEMM and beta=1 WGrad GEMM,MAX,2.9.0+cu128,2.19.0.dev0+a7aec214,/tmp/TransformerEngine-v10-clean/transformer_engine/__init__.py,12.8,2.27.5,NVIDIA L20X|NVIDIA L20X|NVIDIA L20X|NVIDIA L20X,132|132|132|132,:4096:8,24,3,True,False,1024,4,False,True,0,6.592671871185303,6.626608216762543,500.33354424098667,4.25167989730835,4.268689560890198,2.3400639295578003,2.386120104789734,66,32,35,4,1.8212405443191528,41.45454406738281,True,same_geometry_s1k,,,,,,,,,
qkv,llama3_8b,model,Llama 3/3.1 8B,131072,8,eager,immediate,single,v10_backward_te_userbuffers_v3,complete_route_then_single_full_gemm,recreate_per_entry,reuse_adjacent_same_shape_v1,branch_masked_v1,branch_masked_v1,0,16384,4096,6144,6144,4096,16384,32,8,128,adapted_te_userbuffers_backward_formal_10w50i,per_sample_local_cuda_event_then_dist_max,pack planar dQ/dK/dV -> Userbuffers A2A -> unpack complete dQKV -> full DGrad GEMM -> adjacent beta=0 WGrad GEMM,MAX,2.9.0+cu128,2.19.0.dev0+a7aec214,/tmp/TransformerEngine-v10-clean/transformer_engine/__init__.py,12.8,2.27.5,NVIDIA L20X|NVIDIA L20X|NVIDIA L20X|NVIDIA L20X|NVIDIA L20X|NVIDIA L20X|NVIDIA L20X|NVIDIA L20X,132|132|132|132|132|132|132|132,:4096:8,24,3,True,False,1024,4,False,True,0,3.7843040227890015,3.829334354400635,435.8179025078707,,,,,66,248,35,4,0.923250138759613,12.606060981750488,True,same_geometry_s1k,,,,,,,,,
qkv,llama3_8b,model,Llama 3/3.1 8B,131072,8,eager,deferred,single,v10_backward_te_userbuffers_v3,complete_route_then_single_full_gemm,recreate_per_entry,reuse_adjacent_same_shape_v1,branch_masked_v1,branch_masked_v1,1,16384,4096,6144,6144,4096,16384,32,8,128,adapted_te_userbuffers_backward_formal_10w50i,per_sample_local_cuda_event_then_dist_max,separately timed pack planar dQ/dK/dV -> Userbuffers A2A -> unpack complete dQKV -> full DGrad GEMM and beta=1 WGrad GEMM,MAX,2.9.0+cu128,2.19.0.dev0+a7aec214,/tmp/TransformerEngine-v10-clean/transformer_engine/__init__.py,12.8,2.27.5,NVIDIA L20X|NVIDIA L20X|NVIDIA L20X|NVIDIA L20X|NVIDIA L20X|NVIDIA L20X|NVIDIA L20X|NVIDIA L20X,132|132|132|132|132|132|132|132,:4096:8,24,3,True,False,1024,4,False,True,0,3.828511893749237,3.95514560341835,430.78550816486637,2.5889440774917603,2.672462368011474,1.2344160079956055,1.252932769060135,66,248,35,4,0.923250138759613,12.606060981750488,True,same_geometry_s1k,,,,,,,,,
qkv,llama3_8b,model,Llama 3/3.1 8B,131072,8,graph,immediate,single,v10_backward_te_userbuffers_v3,complete_route_then_single_full_gemm,recreate_per_entry,reuse_adjacent_same_shape_v1,branch_masked_v1,branch_masked_v1,0,16384,4096,6144,6144,4096,16384,32,8,128,adapted_te_userbuffers_backward_formal_10w50i,per_sample_local_cuda_event_then_dist_max,pack planar dQ/dK/dV -> Userbuffers A2A -> unpack complete dQKV -> full DGrad GEMM -> adjacent beta=0 WGrad GEMM,MAX,2.9.0+cu128,2.19.0.dev0+a7aec214,/tmp/TransformerEngine-v10-clean/transformer_engine/__init__.py,12.8,2.27.5,NVIDIA L20X|NVIDIA L20X|NVIDIA L20X|NVIDIA L20X|NVIDIA L20X|NVIDIA L20X|NVIDIA L20X|NVIDIA L20X,132|132|132|132|132|132|132|132,:4096:8,24,3,True,False,1024,4,False,True,0,3.7339839935302734,3.7689648151397703,441.691085050611,,,,,66,248,35,4,0.923250138759613,12.606060981750488,True,same_geometry_s1k,,,,,,,,,
qkv,llama3_8b,model,Llama 3/3.1 8B,131072,8,graph,deferred,single,v10_backward_te_userbuffers_v3,complete_route_then_single_full_gemm,recreate_per_entry,reuse_adjacent_same_shape_v1,branch_masked_v1,branch_masked_v1,1,16384,4096,6144,6144,4096,16384,32,8,128,adapted_te_userbuffers_backward_formal_10w50i,per_sample_local_cuda_event_then_dist_max,separately timed pack planar dQ/dK/dV -> Userbuffers A2A -> unpack complete dQKV -> full DGrad GEMM and beta=1 WGrad GEMM,MAX,2.9.0+cu128,2.19.0.dev0+a7aec214,/tmp/TransformerEngine-v10-clean/transformer_engine/__init__.py,12.8,2.27.5,NVIDIA L20X|NVIDIA L20X|NVIDIA L20X|NVIDIA L20X|NVIDIA L20X|NVIDIA L20X|NVIDIA L20X|NVIDIA L20X,132|132|132|132|132|132|132|132,:4096:8,24,3,True,False,1024,4,False,True,0,3.7748639583587646,3.792207962274551,436.90778260021546,2.56548810005188,2.581556797027588,1.2081279754638672,1.2146640181541444,66,248,35,4,0.923250138759613,12.606060981750488,True,same_geometry_s1k,,,,,,,,,
qkv,llama3_8b,model,Llama 3/3.1 8B,262144,4,eager,immediate,single,v10_backward_te_userbuffers_v3,complete_route_then_single_full_gemm,recreate_per_entry,reuse_adjacent_same_shape_v1,branch_masked_v1,branch_masked_v1,0,65536,4096,6144,6144,4096,65536,32,8,128,adapted_te_userbuffers_backward_formal_10w50i,per_sample_local_cuda_event_then_dist_max,pack planar dQ/dK/dV -> Userbuffers A2A -> unpack complete dQKV -> full DGrad GEMM -> adjacent beta=0 WGrad GEMM,MAX,2.9.0+cu128,2.19.0.dev0+a7aec214,/tmp/TransformerEngine-v10-clean/transformer_engine/__init__.py,12.8,2.27.5,NVIDIA L20X|NVIDIA L20X|NVIDIA L20X|NVIDIA L20X,132|132|132|132,:4096:8,20,2,False,True,1024,4,True,True,0,13.111327648162842,13.261238813400269,503.1580282093233,,,,,66,29,35,4,3.9470016956329346,99.39393615722656,True,same_geometry_s1k,,,,,,,,,
qkv,llama3_8b,model,Llama 3/3.1 8B,262144,4,eager,deferred,single,v10_backward_te_userbuffers_v3,complete_route_then_single_full_gemm,recreate_per_entry,reuse_adjacent_same_shape_v1,branch_masked_v1,branch_masked_v1,1,65536,4096,6144,6144,4096,65536,32,8,128,adapted_te_userbuffers_backward_formal_10w50i,per_sample_local_cuda_event_then_dist_max,separately timed pack planar dQ/dK/dV -> Userbuffers A2A -> unpack complete dQKV -> full DGrad GEMM and beta=1 WGrad GEMM,MAX,2.9.0+cu128,2.19.0.dev0+a7aec214,/tmp/TransformerEngine-v10-clean/transformer_engine/__init__.py,12.8,2.27.5,NVIDIA L20X|NVIDIA L20X|NVIDIA L20X|NVIDIA L20X,132|132|132|132,:4096:8,20,2,False,True,1024,4,True,True,0,13.146047592163086,13.335916781425475,501.8291406908333,8.45689582824707,8.64417929649353,4.683839797973633,4.7351103067398075,66,29,35,4,3.9470016956329346,99.39393615722656,False,same_geometry_s1k,,,,,,,,,
qkv,llama3_8b,model,Llama 3/3.1 8B,262144,4,graph,immediate,single,v10_backward_te_userbuffers_v3,complete_route_then_single_full_gemm,recreate_per_entry,reuse_adjacent_same_shape_v1,branch_masked_v1,branch_masked_v1,0,65536,4096,6144,6144,4096,65536,32,8,128,adapted_te_userbuffers_backward_formal_10w50i,per_sample_local_cuda_event_then_dist_max,pack planar dQ/dK/dV -> Userbuffers A2A -> unpack complete dQKV -> full DGrad GEMM -> adjacent beta=0 WGrad GEMM,MAX,2.9.0+cu128,2.19.0.dev0+a7aec214,/tmp/TransformerEngine-v10-clean/transformer_engine/__init__.py,12.8,2.27.5,NVIDIA L20X|NVIDIA L20X|NVIDIA L20X|NVIDIA L20X,132|132|132|132,:4096:8,24,3,True,False,1024,4,False,True,0,13.123791694641113,15.646084499359128,502.68016440323464,,,,,66,29,35,4,3.9574356079101562,99.39393615722656,True,same_geometry_s1k,,,,,,,,,
qkv,llama3_8b,model,Llama 3/3.1 8B,262144,4,graph,deferred,single,v10_backward_te_userbuffers_v3,complete_route_then_single_full_gemm,recreate_per_entry,reuse_adjacent_same_shape_v1,branch_masked_v1,branch_masked_v1,1,65536,4096,6144,6144,4096,65536,32,8,128,adapted_te_userbuffers_backward_formal_10w50i,per_sample_local_cuda_event_then_dist_max,separately timed pack planar dQ/dK/dV -> Userbuffers A2A -> unpack complete dQKV -> full DGrad GEMM and beta=1 WGrad GEMM,MAX,2.9.0+cu128,2.19.0.dev0+a7aec214,/tmp/TransformerEngine-v10-clean/transformer_engine/__init__.py,12.8,2.27.5,NVIDIA L20X|NVIDIA L20X|NVIDIA L20X|NVIDIA L20X,132|132|132|132,:4096:8,20,3,False,True,1024,4,True,True,0,13.202879667282104,13.5413037776947,499.6690065277288,8.445903778076172,8.505606174468994,4.71235203742981,5.093233513832092,66,29,35,4,3.957911491394043,99.39393615722656,False,same_geometry_s1k,,,,,,,,,
qkv,llama3_8b,model,Llama 3/3.1 8B,262144,8,eager,immediate,single,v10_backward_te_userbuffers_v3,complete_route_then_single_full_gemm,recreate_per_entry,reuse_adjacent_same_shape_v1,branch_masked_v1,branch_masked_v1,0,32768,4096,6144,6144,4096,32768,32,8,128,adapted_te_userbuffers_backward_formal_10w50i,per_sample_local_cuda_event_then_dist_max,pack planar dQ/dK/dV -> Userbuffers A2A -> unpack complete dQKV -> full DGrad GEMM -> adjacent beta=0 WGrad GEMM,MAX,2.9.0+cu128,2.19.0.dev0+a7aec214,/tmp/TransformerEngine-v10-clean/transformer_engine/__init__.py,12.8,2.27.5,NVIDIA L20X|NVIDIA L20X|NVIDIA L20X|NVIDIA L20X|NVIDIA L20X|NVIDIA L20X|NVIDIA L20X|NVIDIA L20X,132|132|132|132|132|132|132|132,:4096:8,24,3,True,False,1024,4,False,True,0,7.428303956985474,7.486569595336914,444.0495303407858,,,,,66,209,35,4,1.8667007684707642,28.5,True,same_geometry_s1k,,,,,,,,,
qkv,llama3_8b,model,Llama 3/3.1 8B,262144,8,eager,deferred,single,v10_backward_te_userbuffers_v3,complete_route_then_single_full_gemm,recreate_per_entry,reuse_adjacent_same_shape_v1,branch_masked_v1,branch_masked_v1,1,32768,4096,6144,6144,4096,32768,32,8,128,adapted_te_userbuffers_backward_formal_10w50i,per_sample_local_cuda_event_then_dist_max,separately timed pack planar dQ/dK/dV -> Userbuffers A2A -> unpack complete dQKV -> full DGrad GEMM and beta=1 WGrad GEMM,MAX,2.9.0+cu128,2.19.0.dev0+a7aec214,/tmp/TransformerEngine-v10-clean/transformer_engine/__init__.py,12.8,2.27.5,NVIDIA L20X|NVIDIA L20X|NVIDIA L20X|NVIDIA L20X|NVIDIA L20X|NVIDIA L20X|NVIDIA L20X|NVIDIA L20X,132|132|132|132|132|132|132|132,:4096:8,24,3,True,False,1024,4,False,True,0,7.478111982345581,7.529249703884124,441.09193485136643,5.090192079544067,5.131380820274353,2.3876800537109375,2.4052000641822815,66,209,35,4,1.8667007684707642,28.5,True,same_geometry_s1k,,,,,,,,,
qkv,llama3_8b,model,Llama 3/3.1 8B,262144,8,graph,immediate,single,v10_backward_te_userbuffers_v3,complete_route_then_single_full_gemm,recreate_per_entry,reuse_adjacent_same_shape_v1,branch_masked_v1,branch_masked_v1,0,32768,4096,6144,6144,4096,32768,32,8,128,adapted_te_userbuffers_backward_formal_10w50i,per_sample_local_cuda_event_then_dist_max,pack planar dQ/dK/dV -> Userbuffers A2A -> unpack complete dQKV -> full DGrad GEMM -> adjacent beta=0 WGrad GEMM,MAX,2.9.0+cu128,2.19.0.dev0+a7aec214,/tmp/TransformerEngine-v10-clean/transformer_engine/__init__.py,12.8,2.27.5,NVIDIA L20X|NVIDIA L20X|NVIDIA L20X|NVIDIA L20X|NVIDIA L20X|NVIDIA L20X|NVIDIA L20X|NVIDIA L20X,132|132|132|132|132|132|132|132,:4096:8,24,3,True,False,1024,4,False,True,0,7.372015953063965,7.46215374469757,447.4400088563373,,,,,66,209,35,4,1.8667007684707642,28.5,True,same_geometry_s1k,,,,,,,,,
qkv,llama3_8b,model,Llama 3/3.1 8B,262144,8,graph,deferred,single,v10_backward_te_userbuffers_v3,complete_route_then_single_full_gemm,recreate_per_entry,reuse_adjacent_same_shape_v1,branch_masked_v1,branch_masked_v1,1,32768,4096,6144,6144,4096,32768,32,8,128,adapted_te_userbuffers_backward_formal_10w50i,per_sample_local_cuda_event_then_dist_max,separately timed pack planar dQ/dK/dV -> Userbuffers A2A -> unpack complete dQKV -> full DGrad GEMM and beta=1 WGrad GEMM,MAX,2.9.0+cu128,2.19.0.dev0+a7aec214,/tmp/TransformerEngine-v10-clean/transformer_engine/__init__.py,12.8,2.27.5,NVIDIA L20X|NVIDIA L20X|NVIDIA L20X|NVIDIA L20X|NVIDIA L20X|NVIDIA L20X|NVIDIA L20X|NVIDIA L20X,132|132|132|132|132|132|132|132,:4096:8,24,3,True,False,1024,4,False,True,0,7.421056151390076,7.453124833106995,444.4832131758139,5.044895887374878,5.0740255355834964,2.3756160736083984,2.395697569847107,66,209,35,4,1.8667007684707642,28.5,True,same_geometry_s1k,,,,,,,,,
qkv,llama3_8b,model,Llama 3/3.1 8B,524288,4,eager,immediate,single,v10_backward_te_userbuffers_v3,complete_route_then_single_full_gemm,recreate_per_entry,reuse_adjacent_same_shape_v1,branch_masked_v1,branch_masked_v1,0,131072,4096,6144,6144,4096,131072,32,8,128,adapted_te_userbuffers_backward_formal_10w50i,per_sample_local_cuda_event_then_dist_max,pack planar dQ/dK/dV -> Userbuffers A2A -> unpack complete dQKV -> full DGrad GEMM -> adjacent beta=0 WGrad GEMM,MAX,2.9.0+cu128,2.19.0.dev0+a7aec214,/tmp/TransformerEngine-v10-clean/transformer_engine/__init__.py,12.8,2.27.5,NVIDIA L20X|NVIDIA L20X|NVIDIA L20X|NVIDIA L20X,132|132|132|132,:4096:8,24,2,False,True,1024,4,True,True,0,26.858847618103027,28.759434318542482,491.23997130908435,,,,,66,29,35,4,7.8709259033203125,198.78787231445312,True,same_geometry_s1k,,,,,,,,,
qkv,llama3_8b,model,Llama 3/3.1 8B,524288,4,eager,deferred,single,v10_backward_te_userbuffers_v3,complete_route_then_single_full_gemm,recreate_per_entry,reuse_adjacent_same_shape_v1,branch_masked_v1,branch_masked_v1,1,131072,4096,6144,6144,4096,131072,32,8,128,adapted_te_userbuffers_backward_formal_10w50i,per_sample_local_cuda_event_then_dist_max,separately timed pack planar dQ/dK/dV -> Userbuffers A2A -> unpack complete dQKV -> full DGrad GEMM and beta=1 WGrad GEMM,MAX,2.9.0+cu128,2.19.0.dev0+a7aec214,/tmp/TransformerEngine-v10-clean/transformer_engine/__init__.py,12.8,2.27.5,NVIDIA L20X|NVIDIA L20X|NVIDIA L20X|NVIDIA L20X,132|132|132|132,:4096:8,24,2,False,True,1024,4,True,True,0,26.7695369720459,27.07143692970276,492.8788849463473,16.997360229492188,17.195317268371582,9.820752143859863,10.05294222831726,66,29,35,4,7.8709259033203125,198.78787231445312,False,same_geometry_s1k,,,,,,,,,
qkv,llama3_8b,model,Llama 3/3.1 8B,524288,4,graph,immediate,single,v10_backward_te_userbuffers_v3,complete_route_then_single_full_gemm,recreate_per_entry,reuse_adjacent_same_shape_v1,branch_masked_v1,branch_masked_v1,0,131072,4096,6144,6144,4096,131072,32,8,128,adapted_te_userbuffers_backward_formal_10w50i,per_sample_local_cuda_event_then_dist_max,pack planar dQ/dK/dV -> Userbuffers A2A -> unpack complete dQKV -> full DGrad GEMM -> adjacent beta=0 WGrad GEMM,MAX,2.9.0+cu128,2.19.0.dev0+a7aec214,/tmp/TransformerEngine-v10-clean/transformer_engine/__init__.py,12.8,2.27.5,NVIDIA L20X|NVIDIA L20X|NVIDIA L20X|NVIDIA L20X,132|132|132|132,:4096:8,20,3,True,False,1024,4,True,True,0,27.217087745666504,29.31334114074707,484.7741116392134,,,,,66,24,35,4,7.949376106262207,124.1212158203125,True,same_geometry_s1k,,,,,,,,,
qkv,llama3_8b,model,Llama 3/3.1 8B,524288,4,graph,deferred,single,v10_backward_te_userbuffers_v3,complete_route_then_single_full_gemm,recreate_per_entry,reuse_adjacent_same_shape_v1,branch_masked_v1,branch_masked_v1,1,131072,4096,6144,6144,4096,131072,32,8,128,adapted_te_userbuffers_backward_formal_10w50i,per_sample_local_cuda_event_then_dist_max,separately timed pack planar dQ/dK/dV -> Userbuffers A2A -> unpack complete dQKV -> full DGrad GEMM and beta=1 WGrad GEMM,MAX,2.9.0+cu128,2.19.0.dev0+a7aec214,/tmp/TransformerEngine-v10-clean/transformer_engine/__init__.py,12.8,2.27.5,NVIDIA L20X|NVIDIA L20X|NVIDIA L20X|NVIDIA L20X,132|132|132|132,:4096:8,20,3,False,True,1024,4,True,True,0,26.616864681243896,27.23824534416199,495.70600036185004,16.897151947021484,17.64708480834961,9.691488265991211,9.845566511154175,66,24,35,4,7.95187520980835,124.1212158203125,False,same_geometry_s1k,,,,,,,,,
qkv,llama3_8b,model,Llama 3/3.1 8B,524288,8,eager,immediate,single,v10_backward_te_userbuffers_v3,complete_route_then_single_full_gemm,recreate_per_entry,reuse_adjacent_same_shape_v1,branch_masked_v1,branch_masked_v1,0,65536,4096,6144,6144,4096,65536,32,8,128,adapted_te_userbuffers_backward_formal_10w50i,per_sample_local_cuda_event_then_dist_max,pack planar dQ/dK/dV -> Userbuffers A2A -> unpack complete dQKV -> full DGrad GEMM -> adjacent beta=0 WGrad GEMM,MAX,2.9.0+cu128,2.19.0.dev0+a7aec214,/tmp/TransformerEngine-v10-clean/transformer_engine/__init__.py,12.8,2.27.5,NVIDIA L20X|NVIDIA L20X|NVIDIA L20X|NVIDIA L20X|NVIDIA L20X|NVIDIA L20X|NVIDIA L20X|NVIDIA L20X,132|132|132|132|132|132|132|132,:4096:8,24,3,True,False,1024,4,False,True,0,14.71347188949585,14.848859119415284,448.3693458758527,,,,,66,29,35,4,3.9578347206115723,99.39393615722656,True,same_geometry_s1k,,,,,,,,,
qkv,llama3_8b,model,Llama 3/3.1 8B,524288,8,eager,deferred,single,v10_backward_te_userbuffers_v3,complete_route_then_single_full_gemm,recreate_per_entry,reuse_adjacent_same_shape_v1,branch_masked_v1,branch_masked_v1,1,65536,4096,6144,6144,4096,65536,32,8,128,adapted_te_userbuffers_backward_formal_10w50i,per_sample_local_cuda_event_then_dist_max,separately timed pack planar dQ/dK/dV -> Userbuffers A2A -> unpack complete dQKV -> full DGrad GEMM and beta=1 WGrad GEMM,MAX,2.9.0+cu128,2.19.0.dev0+a7aec214,/tmp/TransformerEngine-v10-clean/transformer_engine/__init__.py,12.8,2.27.5,NVIDIA L20X|NVIDIA L20X|NVIDIA L20X|NVIDIA L20X|NVIDIA L20X|NVIDIA L20X|NVIDIA L20X|NVIDIA L20X,132|132|132|132|132|132|132|132,:4096:8,24,3,True,False,1024,4,False,True,0,14.839008331298828,14.975041818618774,444.5761886083241,10.102447986602783,10.198107194900512,4.736847877502441,4.811851096153259,66,29,35,4,3.9578347206115723,99.39393615722656,True,same_geometry_s1k,,,,,,,,,
qkv,llama3_8b,model,Llama 3/3.1 8B,524288,8,graph,immediate,single,v10_backward_te_userbuffers_v3,complete_route_then_single_full_gemm,recreate_per_entry,reuse_adjacent_same_shape_v1,branch_masked_v1,branch_masked_v1,0,65536,4096,6144,6144,4096,65536,32,8,128,adapted_te_userbuffers_backward_formal_10w50i,per_sample_local_cuda_event_then_dist_max,pack planar dQ/dK/dV -> Userbuffers A2A -> unpack complete dQKV -> full DGrad GEMM -> adjacent beta=0 WGrad GEMM,MAX,2.9.0+cu128,2.19.0.dev0+a7aec214,/tmp/TransformerEngine-v10-clean/transformer_engine/__init__.py,12.8,2.27.5,NVIDIA L20X|NVIDIA L20X|NVIDIA L20X|NVIDIA L20X|NVIDIA L20X|NVIDIA L20X|NVIDIA L20X|NVIDIA L20X,132|132|132|132|132|132|132|132,:4096:8,24,3,True,False,1024,4,True,True,0,14.641551971435547,14.728060913085937,450.5717549291452,,,,,66,29,35,4,3.9578347206115723,99.39393615722656,True,same_geometry_s1k,,,,,,,,,
qkv,llama3_8b,model,Llama 3/3.1 8B,524288,8,graph,deferred,single,v10_backward_te_userbuffers_v3,complete_route_then_single_full_gemm,recreate_per_entry,reuse_adjacent_same_shape_v1,branch_masked_v1,branch_masked_v1,1,65536,4096,6144,6144,4096,65536,32,8,128,adapted_te_userbuffers_backward_formal_10w50i,per_sample_local_cuda_event_then_dist_max,separately timed pack planar dQ/dK/dV -> Userbuffers A2A -> unpack complete dQKV -> full DGrad GEMM and beta=1 WGrad GEMM,MAX,2.9.0+cu128,2.19.0.dev0+a7aec214,/tmp/TransformerEngine-v10-clean/transformer_engine/__init__.py,12.8,2.27.5,NVIDIA L20X|NVIDIA L20X|NVIDIA L20X|NVIDIA L20X|NVIDIA L20X|NVIDIA L20X|NVIDIA L20X|NVIDIA L20X,132|132|132|132|132|132|132|132,:4096:8,24,3,True,False,1024,4,False,True,0,14.782511711120605,14.843376231193542,446.2752944544024,10.047647953033447,10.115710401535035,4.733551979064941,4.75539345741272,66,29,35,4,3.9578347206115723,99.39393615722656,True,same_geometry_s1k,,,,,,,,,
qkv,qwen25_14b_32b,model,Qwen2.5 14B/32B,1024,4,eager,immediate,single,v10_backward_te_userbuffers_v3,complete_route_then_single_full_gemm,recreate_per_entry,reuse_adjacent_same_shape_v1,branch_masked_v1,branch_masked_v1,0,256,5120,7168,7168,5120,256,40,8,128,adapted_te_userbuffers_backward_formal_10w50i,per_sample_local_cuda_event_then_dist_max,pack planar dQ/dK/dV -> Userbuffers A2A -> unpack complete dQKV -> full DGrad GEMM -> adjacent beta=0 WGrad GEMM,MAX,2.9.0+cu128,2.19.0.dev0+a7aec214,/tmp/TransformerEngine-v10-clean/transformer_engine/__init__.py,12.8,2.27.5,NVIDIA L20X|NVIDIA L20X|NVIDIA L20X|NVIDIA L20X,132|132|132|132,:4096:8,8,3,True,False,512,4,False,True,0,0.2162720039486885,0.2329408049583435,173.76712266889731,,,,,66,28,35,0,0.03166506811976433,0.8181818127632141,True,exact,0,,0.0,0.0,0.0009765625,0.0029296875,0,0,0
qkv,qwen25_14b_32b,model,Qwen2.5 14B/32B,1024,4,eager,deferred,single,v10_backward_te_userbuffers_v3,complete_route_then_single_full_gemm,recreate_per_entry,reuse_adjacent_same_shape_v1,branch_masked_v1,branch_masked_v1,1,256,5120,7168,7168,5120,256,40,8,128,adapted_te_userbuffers_backward_formal_10w50i,per_sample_local_cuda_event_then_dist_max,separately timed pack planar dQ/dK/dV -> Userbuffers A2A -> unpack complete dQKV -> full DGrad GEMM and beta=1 WGrad GEMM,MAX,2.9.0+cu128,2.19.0.dev0+a7aec214,/tmp/TransformerEngine-v10-clean/transformer_engine/__init__.py,12.8,2.27.5,NVIDIA L20X|NVIDIA L20X|NVIDIA L20X|NVIDIA L20X,132|132|132|132,:4096:8,8,3,True,False,512,4,False,True,0,0.2534080035984516,0.27216160036623477,148.3021976667734,0.16200000047683716,0.18133920580148696,0.08991999924182892,0.09335360303521156,66,28,35,0,0.03166506811976433,0.8181818127632141,True,exact,0,,0.0,0.0,0.0009765625,0.0029296875,0,0,0
qkv,qwen25_14b_32b,model,Qwen2.5 14B/32B,1024,4,graph,immediate,single,v10_backward_te_userbuffers_v3,complete_route_then_single_full_gemm,recreate_per_entry,reuse_adjacent_same_shape_v1,branch_masked_v1,branch_masked_v1,0,256,5120,7168,7168,5120,256,40,8,128,adapted_te_userbuffers_backward_formal_10w50i,per_sample_local_cuda_event_then_dist_max,pack planar dQ/dK/dV -> Userbuffers A2A -> unpack complete dQKV -> full DGrad GEMM -> adjacent beta=0 WGrad GEMM,MAX,2.9.0+cu128,2.19.0.dev0+a7aec214,/tmp/TransformerEngine-v10-clean/transformer_engine/__init__.py,12.8,2.27.5,NVIDIA L20X|NVIDIA L20X|NVIDIA L20X|NVIDIA L20X,132|132|132|132,:4096:8,20,3,True,False,1024,4,False,True,0,0.12041600048542023,0.12191999703645706,312.09277578148965,,,,,66,28,35,0,0.03171946480870247,0.8181818127632141,True,exact,0,,0.0,0.0,0.0009765625,0.0029296875,0,0,0
qkv,qwen25_14b_32b,model,Qwen2.5 14B/32B,1024,4,graph,deferred,single,v10_backward_te_userbuffers_v3,complete_route_then_single_full_gemm,recreate_per_entry,reuse_adjacent_same_shape_v1,branch_masked_v1,branch_masked_v1,1,256,5120,7168,7168,5120,256,40,8,128,adapted_te_userbuffers_backward_formal_10w50i,per_sample_local_cuda_event_then_dist_max,separately timed pack planar dQ/dK/dV -> Userbuffers A2A -> unpack complete dQKV -> full DGrad GEMM and beta=1 WGrad GEMM,MAX,2.9.0+cu128,2.19.0.dev0+a7aec214,/tmp/TransformerEngine-v10-clean/transformer_engine/__init__.py,12.8,2.27.5,NVIDIA L20X|NVIDIA L20X|NVIDIA L20X|NVIDIA L20X,132|132|132|132,:4096:8,20,3,True,False,512,4,False,True,0,0.1411679983139038,0.14374239929020405,266.2144699143092,0.07347200065851212,0.07541280053555965,0.06774400174617767,0.0691727977246046,66,28,35,0,0.03171946480870247,0.8181818127632141,False,exact,0,,0.0,0.0,0.0009765625,0.0029296875,0,0,0
qkv,qwen25_14b_32b,model,Qwen2.5 14B/32B,1024,8,eager,immediate,single,v10_backward_te_userbuffers_v3,complete_route_then_single_full_gemm,recreate_per_entry,reuse_adjacent_same_shape_v1,branch_masked_v1,branch_masked_v1,0,128,5120,7168,7168,5120,128,40,8,128,adapted_te_userbuffers_backward_formal_10w50i,per_sample_local_cuda_event_then_dist_max,pack planar dQ/dK/dV -> Userbuffers A2A -> unpack complete dQKV -> full DGrad GEMM -> adjacent beta=0 WGrad GEMM,MAX,2.9.0+cu128,2.19.0.dev0+a7aec214,/tmp/TransformerEngine-v10-clean/transformer_engine/__init__.py,12.8,2.27.5,NVIDIA L20X|NVIDIA L20X|NVIDIA L20X|NVIDIA L20X|NVIDIA L20X|NVIDIA L20X|NVIDIA L20X|NVIDIA L20X,132|132|132|132|132|132|132|132,:4096:8,20,3,True,False,512,4,False,True,0,0.2519359886646271,0.273676797747612,74.58434985647713,,,,,66,27,35,0,0.02468479983508587,0.8181818127632141,True,exact,0,,0.0,0.0,0.0009765625,0.001953125,0,0,0
qkv,qwen25_14b_32b,model,Qwen2.5 14B/32B,1024,8,eager,deferred,single,v10_backward_te_userbuffers_v3,complete_route_then_single_full_gemm,recreate_per_entry,reuse_adjacent_same_shape_v1,branch_masked_v1,branch_masked_v1,1,128,5120,7168,7168,5120,128,40,8,128,adapted_te_userbuffers_backward_formal_10w50i,per_sample_local_cuda_event_then_dist_max,separately timed pack planar dQ/dK/dV -> Userbuffers A2A -> unpack complete dQKV -> full DGrad GEMM and beta=1 WGrad GEMM,MAX,2.9.0+cu128,2.19.0.dev0+a7aec214,/tmp/TransformerEngine-v10-clean/transformer_engine/__init__.py,12.8,2.27.5,NVIDIA L20X|NVIDIA L20X|NVIDIA L20X|NVIDIA L20X|NVIDIA L20X|NVIDIA L20X|NVIDIA L20X|NVIDIA L20X,132|132|132|132|132|132|132|132,:4096:8,8,3,True,False,512,4,False,True,0,0.2908799983561039,0.33834239467978466,64.59874183922449,0.20004799962043762,0.2459535941481589,0.09148799628019333,0.09511840157210827,66,27,35,0,0.024609066545963287,0.8181818127632141,False,exact,0,,0.0,0.0,0.0009765625,0.001953125,0,0,0
qkv,qwen25_14b_32b,model,Qwen2.5 14B/32B,1024,8,graph,immediate,single,v10_backward_te_userbuffers_v3,complete_route_then_single_full_gemm,recreate_per_entry,reuse_adjacent_same_shape_v1,branch_masked_v1,branch_masked_v1,0,128,5120,7168,7168,5120,128,40,8,128,adapted_te_userbuffers_backward_formal_10w50i,per_sample_local_cuda_event_then_dist_max,pack planar dQ/dK/dV -> Userbuffers A2A -> unpack complete dQKV -> full DGrad GEMM -> adjacent beta=0 WGrad GEMM,MAX,2.9.0+cu128,2.19.0.dev0+a7aec214,/tmp/TransformerEngine-v10-clean/transformer_engine/__init__.py,12.8,2.27.5,NVIDIA L20X|NVIDIA L20X|NVIDIA L20X|NVIDIA L20X|NVIDIA L20X|NVIDIA L20X|NVIDIA L20X|NVIDIA L20X,132|132|132|132|132|132|132|132,:4096:8,12,3,True,False,512,4,False,True,0,0.10927999764680862,0.11235359869897366,171.94804469826732,,,,,66,27,35,0,0.024476800113916397,0.8181818127632141,True,exact,0,,0.0,0.0,0.0009765625,0.001953125,0,0,0
qkv,qwen25_14b_32b,model,Qwen2.5 14B/32B,1024,8,graph,deferred,single,v10_backward_te_userbuffers_v3,complete_route_then_single_full_gemm,recreate_per_entry,reuse_adjacent_same_shape_v1,branch_masked_v1,branch_masked_v1,1,128,5120,7168,7168,5120,128,40,8,128,adapted_te_userbuffers_backward_formal_10w50i,per_sample_local_cuda_event_then_dist_max,separately timed pack planar dQ/dK/dV -> Userbuffers A2A -> unpack complete dQKV -> full DGrad GEMM and beta=1 WGrad GEMM,MAX,2.9.0+cu128,2.19.0.dev0+a7aec214,/tmp/TransformerEngine-v10-clean/transformer_engine/__init__.py,12.8,2.27.5,NVIDIA L20X|NVIDIA L20X|NVIDIA L20X|NVIDIA L20X|NVIDIA L20X|NVIDIA L20X|NVIDIA L20X|NVIDIA L20X,132|132|132|132|132|132|132|132,:4096:8,12,3,True,False,1024,4,False,True,0,0.13737600296735764,0.14254240095615386,136.78139932827182,0.06667200103402138,0.0724480003118515,0.07027199864387512,0.07191999964416027,66,27,35,0,0.024476800113916397,0.8181818127632141,True,exact,0,,0.0,0.0,0.0009765625,0.001953125,0,0,0
qkv,qwen25_14b_32b,model,Qwen2.5 14B/32B,4096,4,eager,immediate,single,v10_backward_te_userbuffers_v3,complete_route_then_single_full_gemm,recreate_per_entry,reuse_adjacent_same_shape_v1,branch_masked_v1,branch_masked_v1,0,1024,5120,7168,7168,5120,1024,40,8,128,adapted_te_userbuffers_backward_formal_10w50i,per_sample_local_cuda_event_then_dist_max,pack planar dQ/dK/dV -> Userbuffers A2A -> unpack complete dQKV -> full DGrad GEMM -> adjacent beta=0 WGrad GEMM,MAX,2.9.0+cu128,2.19.0.dev0+a7aec214,/tmp/TransformerEngine-v10-clean/transformer_engine/__init__.py,12.8,2.27.5,NVIDIA L20X|NVIDIA L20X|NVIDIA L20X|NVIDIA L20X,132|132|132|132,:4096:8,16,3,True,False,512,4,False,True,0,0.3534719944000244,0.37032480686903,425.2779788541845,,,,,66,248,35,0,0.08805333077907562,0.9696969985961914,True,same_geometry_s1k,,,,,,,,,
qkv,qwen25_14b_32b,model,Qwen2.5 14B/32B,4096,4,eager,deferred,single,v10_backward_te_userbuffers_v3,complete_route_then_single_full_gemm,recreate_per_entry,reuse_adjacent_same_shape_v1,branch_masked_v1,branch_masked_v1,1,1024,5120,7168,7168,5120,1024,40,8,128,adapted_te_userbuffers_backward_formal_10w50i,per_sample_local_cuda_event_then_dist_max,separately timed pack planar dQ/dK/dV -> Userbuffers A2A -> unpack complete dQKV -> full DGrad GEMM and beta=1 WGrad GEMM,MAX,2.9.0+cu128,2.19.0.dev0+a7aec214,/tmp/TransformerEngine-v10-clean/transformer_engine/__init__.py,12.8,2.27.5,NVIDIA L20X|NVIDIA L20X|NVIDIA L20X|NVIDIA L20X,132|132|132|132,:4096:8,8,3,True,False,512,4,False,True,0,0.39132799953222275,0.40596320331096647,384.1377451643912,0.23745600134134293,0.25219680815935136,0.15246400237083435,0.15890399888157847,66,248,35,0,0.0882176011800766,0.9696969985961914,False,same_geometry_s1k,,,,,,,,,
qkv,qwen25_14b_32b,model,Qwen2.5 14B/32B,4096,4,graph,immediate,single,v10_backward_te_userbuffers_v3,complete_route_then_single_full_gemm,recreate_per_entry,reuse_adjacent_same_shape_v1,branch_masked_v1,branch_masked_v1,0,1024,5120,7168,7168,5120,1024,40,8,128,adapted_te_userbuffers_backward_formal_10w50i,per_sample_local_cuda_event_then_dist_max,pack planar dQ/dK/dV -> Userbuffers A2A -> unpack complete dQKV -> full DGrad GEMM -> adjacent beta=0 WGrad GEMM,MAX,2.9.0+cu128,2.19.0.dev0+a7aec214,/tmp/TransformerEngine-v10-clean/transformer_engine/__init__.py,12.8,2.27.5,NVIDIA L20X|NVIDIA L20X|NVIDIA L20X|NVIDIA L20X,132|132|132|132,:4096:8,20,3,True,False,1024,4,False,True,0,0.3006559908390045,0.30278239250183103,499.9862299118314,,,,,66,248,35,0,0.08764373511075974,0.9696969985961914,True,same_geometry_s1k,,,,,,,,,
qkv,qwen25_14b_32b,model,Qwen2.5 14B/32B,4096,4,graph,deferred,single,v10_backward_te_userbuffers_v3,complete_route_then_single_full_gemm,recreate_per_entry,reuse_adjacent_same_shape_v1,branch_masked_v1,branch_masked_v1,1,1024,5120,7168,7168,5120,1024,40,8,128,adapted_te_userbuffers_backward_formal_10w50i,per_sample_local_cuda_event_then_dist_max,separately timed pack planar dQ/dK/dV -> Userbuffers A2A -> unpack complete dQKV -> full DGrad GEMM and beta=1 WGrad GEMM,MAX,2.9.0+cu128,2.19.0.dev0+a7aec214,/tmp/TransformerEngine-v10-clean/transformer_engine/__init__.py,12.8,2.27.5,NVIDIA L20X|NVIDIA L20X|NVIDIA L20X|NVIDIA L20X,132|132|132|132,:4096:8,20,3,True,False,1024,4,False,True,0,0.3240319937467575,0.3275152012705803,463.91670656288164,0.19339200109243393,0.1955391988158226,0.1308159977197647,0.132192000746727,66,248,35,0,0.08764373511075974,0.9696969985961914,True,same_geometry_s1k,,,,,,,,,
qkv,qwen25_14b_32b,model,Qwen2.5 14B/32B,4096,8,eager,immediate,single,v10_backward_te_userbuffers_v3,complete_route_then_single_full_gemm,recreate_per_entry,reuse_adjacent_same_shape_v1,branch_masked_v1,branch_masked_v1,0,512,5120,7168,7168,5120,512,40,8,128,adapted_te_userbuffers_backward_formal_10w50i,per_sample_local_cuda_event_then_dist_max,pack planar dQ/dK/dV -> Userbuffers A2A -> unpack complete dQKV -> full DGrad GEMM -> adjacent beta=0 WGrad GEMM,MAX,2.9.0+cu128,2.19.0.dev0+a7aec214,/tmp/TransformerEngine-v10-clean/transformer_engine/__init__.py,12.8,2.27.5,NVIDIA L20X|NVIDIA L20X|NVIDIA L20X|NVIDIA L20X|NVIDIA L20X|NVIDIA L20X|NVIDIA L20X|NVIDIA L20X,132|132|132|132|132|132|132|132,:4096:8,12,3,True,False,512,4,False,True,0,0.33532799780368805,0.3467568069696426,224.14450380609804,,,,,66,247,35,0,0.048369064927101135,0.9696969985961914,True,same_geometry_s1k,,,,,,,,,
qkv,qwen25_14b_32b,model,Qwen2.5 14B/32B,4096,8,eager,deferred,single,v10_backward_te_userbuffers_v3,complete_route_then_single_full_gemm,recreate_per_entry,reuse_adjacent_same_shape_v1,branch_masked_v1,branch_masked_v1,1,512,5120,7168,7168,5120,512,40,8,128,adapted_te_userbuffers_backward_formal_10w50i,per_sample_local_cuda_event_then_dist_max,separately timed pack planar dQ/dK/dV -> Userbuffers A2A -> unpack complete dQKV -> full DGrad GEMM and beta=1 WGrad GEMM,MAX,2.9.0+cu128,2.19.0.dev0+a7aec214,/tmp/TransformerEngine-v10-clean/transformer_engine/__init__.py,12.8,2.27.5,NVIDIA L20X|NVIDIA L20X|NVIDIA L20X|NVIDIA L20X|NVIDIA L20X|NVIDIA L20X|NVIDIA L20X|NVIDIA L20X,132|132|132|132|132|132|132|132,:4096:8,20,3,True,False,512,4,False,True,0,0.3694560006260872,0.38528318591415883,203.43945572038123,0.24713600426912308,0.2618560031056404,0.1226080022752285,0.12771839648485184,66,197,35,0,0.04888426885008812,0.939393937587738,False,same_geometry_s1k,,,,,,,,,
qkv,qwen25_14b_32b,model,Qwen2.5 14B/32B,4096,8,graph,immediate,single,v10_backward_te_userbuffers_v3,complete_route_then_single_full_gemm,recreate_per_entry,reuse_adjacent_same_shape_v1,branch_masked_v1,branch_masked_v1,0,512,5120,7168,7168,5120,512,40,8,128,adapted_te_userbuffers_backward_formal_10w50i,per_sample_local_cuda_event_then_dist_max,pack planar dQ/dK/dV -> Userbuffers A2A -> unpack complete dQKV -> full DGrad GEMM -> adjacent beta=0 WGrad GEMM,MAX,2.9.0+cu128,2.19.0.dev0+a7aec214,/tmp/TransformerEngine-v10-clean/transformer_engine/__init__.py,12.8,2.27.5,NVIDIA L20X|NVIDIA L20X|NVIDIA L20X|NVIDIA L20X|NVIDIA L20X|NVIDIA L20X|NVIDIA L20X|NVIDIA L20X,132|132|132|132|132|132|132|132,:4096:8,12,3,True,False,1024,4,False,True,0,0.22803200036287308,0.2313792034983635,329.6113157819645,,,,,66,247,35,0,0.048369064927101135,0.9696969985961914,True,same_geometry_s1k,,,,,,,,,
qkv,qwen25_14b_32b,model,Qwen2.5 14B/32B,4096,8,graph,deferred,single,v10_backward_te_userbuffers_v3,complete_route_then_single_full_gemm,recreate_per_entry,reuse_adjacent_same_shape_v1,branch_masked_v1,branch_masked_v1,1,512,5120,7168,7168,5120,512,40,8,128,adapted_te_userbuffers_backward_formal_10w50i,per_sample_local_cuda_event_then_dist_max,separately timed pack planar dQ/dK/dV -> Userbuffers A2A -> unpack complete dQKV -> full DGrad GEMM and beta=1 WGrad GEMM,MAX,2.9.0+cu128,2.19.0.dev0+a7aec214,/tmp/TransformerEngine-v10-clean/transformer_engine/__init__.py,12.8,2.27.5,NVIDIA L20X|NVIDIA L20X|NVIDIA L20X|NVIDIA L20X|NVIDIA L20X|NVIDIA L20X|NVIDIA L20X|NVIDIA L20X,132|132|132|132|132|132|132|132,:4096:8,12,3,True,False,1024,4,False,True,0,0.2497599981725216,0.25344479605555537,300.93661206740535,0.14715199917554855,0.14996800124645232,0.10268799960613251,0.10404960252344608,66,247,35,0,0.048369064927101135,0.9696969985961914,True,same_geometry_s1k,,,,,,,,,
qkv,qwen25_14b_32b,model,Qwen2.5 14B/32B,16384,4,eager,immediate,single,v10_backward_te_userbuffers_v3,complete_route_then_single_full_gemm,recreate_per_entry,reuse_adjacent_same_shape_v1,branch_masked_v1,branch_masked_v1,0,4096,5120,7168,7168,5120,4096,40,8,128,adapted_te_userbuffers_backward_formal_10w50i,per_sample_local_cuda_event_then_dist_max,pack planar dQ/dK/dV -> Userbuffers A2A -> unpack complete dQKV -> full DGrad GEMM -> adjacent beta=0 WGrad GEMM,MAX,2.9.0+cu128,2.19.0.dev0+a7aec214,/tmp/TransformerEngine-v10-clean/transformer_engine/__init__.py,12.8,2.27.5,NVIDIA L20X|NVIDIA L20X|NVIDIA L20X|NVIDIA L20X,132|132|132|132,:4096:8,8,1,True,False,1024,4,True,True,0,1.138767957687378,1.2310528039932247,528.0227788118635,,,,,66,24,35,4,0.3335797190666199,4.848484992980957,True,same_geometry_s1k,,,,,,,,,
qkv,qwen25_14b_32b,model,Qwen2.5 14B/32B,16384,4,eager,deferred,single,v10_backward_te_userbuffers_v3,complete_route_then_single_full_gemm,recreate_per_entry,reuse_adjacent_same_shape_v1,branch_masked_v1,branch_masked_v1,1,4096,5120,7168,7168,5120,4096,40,8,128,adapted_te_userbuffers_backward_formal_10w50i,per_sample_local_cuda_event_then_dist_max,separately timed pack planar dQ/dK/dV -> Userbuffers A2A -> unpack complete dQKV -> full DGrad GEMM and beta=1 WGrad GEMM,MAX,2.9.0+cu128,2.19.0.dev0+a7aec214,/tmp/TransformerEngine-v10-clean/transformer_engine/__init__.py,12.8,2.27.5,NVIDIA L20X|NVIDIA L20X|NVIDIA L20X|NVIDIA L20X,132|132|132|132,:4096:8,8,1,True,True,1024,4,True,True,0,1.1741280108690262,1.217913581430912,512.1208385063172,0.7546560168266296,0.7983071893453597,0.41859200596809387,0.425943997502327,66,29,35,4,0.3283967971801758,7.878787994384766,False,same_geometry_s1k,,,,,,,,,
qkv,qwen25_14b_32b,model,Qwen2.5 14B/32B,16384,4,graph,immediate,single,v10_backward_te_userbuffers_v3,complete_route_then_single_full_gemm,recreate_per_entry,reuse_adjacent_same_shape_v1,branch_masked_v1,branch_masked_v1,0,4096,5120,7168,7168,5120,4096,40,8,128,adapted_te_userbuffers_backward_formal_10w50i,per_sample_local_cuda_event_then_dist_max,pack planar dQ/dK/dV -> Userbuffers A2A -> unpack complete dQKV -> full DGrad GEMM -> adjacent beta=0 WGrad GEMM,MAX,2.9.0+cu128,2.19.0.dev0+a7aec214,/tmp/TransformerEngine-v10-clean/transformer_engine/__init__.py,12.8,2.27.5,NVIDIA L20X|NVIDIA L20X|NVIDIA L20X|NVIDIA L20X,132|132|132|132,:4096:8,24,3,True,False,1024,4,False,True,0,1.0888479948043823,1.11283997297287,552.2308203800533,,,,,66,24,35,4,0.3331114649772644,4.848484992980957,True,same_geometry_s1k,,,,,,,,,
qkv,qwen25_14b_32b,model,Qwen2.5 14B/32B,16384,4,graph,deferred,single,v10_backward_te_userbuffers_v3,complete_route_then_single_full_gemm,recreate_per_entry,reuse_adjacent_same_shape_v1,branch_masked_v1,branch_masked_v1,1,4096,5120,7168,7168,5120,4096,40,8,128,adapted_te_userbuffers_backward_formal_10w50i,per_sample_local_cuda_event_then_dist_max,separately timed pack planar dQ/dK/dV -> Userbuffers A2A -> unpack complete dQKV -> full DGrad GEMM and beta=1 WGrad GEMM,MAX,2.9.0+cu128,2.19.0.dev0+a7aec214,/tmp/TransformerEngine-v10-clean/transformer_engine/__init__.py,12.8,2.27.5,NVIDIA L20X|NVIDIA L20X|NVIDIA L20X|NVIDIA L20X,132|132|132|132,:4096:8,24,3,True,False,1024,4,False,True,0,1.1123680025339127,1.1242719933390617,540.5544029226679,0.701200008392334,0.7102815836668015,0.4107680022716522,0.41897118985652926,66,24,35,4,0.3331114649772644,4.848484992980957,False,same_geometry_s1k,,,,,,,,,
qkv,qwen25_14b_32b,model,Qwen2.5 14B/32B,16384,8,eager,immediate,single,v10_backward_te_userbuffers_v3,complete_route_then_single_full_gemm,recreate_per_entry,reuse_adjacent_same_shape_v1,branch_masked_v1,branch_masked_v1,0,2048,5120,7168,7168,5120,2048,40,8,128,adapted_te_userbuffers_backward_formal_10w50i,per_sample_local_cuda_event_then_dist_max,pack planar dQ/dK/dV -> Userbuffers A2A -> unpack complete dQKV -> full DGrad GEMM -> adjacent beta=0 WGrad GEMM,MAX,2.9.0+cu128,2.19.0.dev0+a7aec214,/tmp/TransformerEngine-v10-clean/transformer_engine/__init__.py,12.8,2.27.5,NVIDIA L20X|NVIDIA L20X|NVIDIA L20X|NVIDIA L20X|NVIDIA L20X|NVIDIA L20X|NVIDIA L20X|NVIDIA L20X,132|132|132|132|132|132|132|132,:4096:8,12,3,True,False,1024,4,False,True,0,0.7490719854831696,0.8010288059711456,401.36023846369716,,,,,66,29,35,4,0.17045865952968597,3.939393997192383,True,same_geometry_s1k,,,,,,,,,
qkv,qwen25_14b_32b,model,Qwen2.5 14B/32B,16384,8,eager,deferred,single,v10_backward_te_userbuffers_v3,complete_route_then_single_full_gemm,recreate_per_entry,reuse_adjacent_same_shape_v1,branch_masked_v1,branch_masked_v1,1,2048,5120,7168,7168,5120,2048,40,8,128,adapted_te_userbuffers_backward_formal_10w50i,per_sample_local_cuda_event_then_dist_max,separately timed pack planar dQ/dK/dV -> Userbuffers A2A -> unpack complete dQKV -> full DGrad GEMM and beta=1 WGrad GEMM,MAX,2.9.0+cu128,2.19.0.dev0+a7aec214,/tmp/TransformerEngine-v10-clean/transformer_engine/__init__.py,12.8,2.27.5,NVIDIA L20X|NVIDIA L20X|NVIDIA L20X|NVIDIA L20X|NVIDIA L20X|NVIDIA L20X|NVIDIA L20X|NVIDIA L20X,132|132|132|132|132|132|132|132,:4096:8,12,3,True,False,1024,4,False,True,0,0.7881599962711334,0.8015696182847023,381.4551767945537,0.5006240010261536,0.5069855988025666,0.287200003862381,0.2934495911002159,66,29,35,4,0.17045865952968597,3.939393997192383,True,same_geometry_s1k,,,,,,,,,
qkv,qwen25_14b_32b,model,Qwen2.5 14B/32B,16384,8,graph,immediate,single,v10_backward_te_userbuffers_v3,complete_route_then_single_full_gemm,recreate_per_entry,reuse_adjacent_same_shape_v1,branch_masked_v1,branch_masked_v1,0,2048,5120,7168,7168,5120,2048,40,8,128,adapted_te_userbuffers_backward_formal_10w50i,per_sample_local_cuda_event_then_dist_max,pack planar dQ/dK/dV -> Userbuffers A2A -> unpack complete dQKV -> full DGrad GEMM -> adjacent beta=0 WGrad GEMM,MAX,2.9.0+cu128,2.19.0.dev0+a7aec214,/tmp/TransformerEngine-v10-clean/transformer_engine/__init__.py,12.8,2.27.5,NVIDIA L20X|NVIDIA L20X|NVIDIA L20X|NVIDIA L20X|NVIDIA L20X|NVIDIA L20X|NVIDIA L20X|NVIDIA L20X,132|132|132|132|132|132|132|132,:4096:8,24,3,True,False,1024,4,False,True,0,0.6967360079288483,0.7007776170969009,431.5087885492242,,,,,66,29,35,4,0.17020373046398163,3.939393997192383,True,same_geometry_s1k,,,,,,,,,
qkv,qwen25_14b_32b,model,Qwen2.5 14B/32B,16384,8,graph,deferred,single,v10_backward_te_userbuffers_v3,complete_route_then_single_full_gemm,recreate_per_entry,reuse_adjacent_same_shape_v1,branch_masked_v1,branch_masked_v1,1,2048,5120,7168,7168,5120,2048,40,8,128,adapted_te_userbuffers_backward_formal_10w50i,per_sample_local_cuda_event_then_dist_max,separately timed pack planar dQ/dK/dV -> Userbuffers A2A -> unpack complete dQKV -> full DGrad GEMM and beta=1 WGrad GEMM,MAX,2.9.0+cu128,2.19.0.dev0+a7aec214,/tmp/TransformerEngine-v10-clean/transformer_engine/__init__.py,12.8,2.27.5,NVIDIA L20X|NVIDIA L20X|NVIDIA L20X|NVIDIA L20X|NVIDIA L20X|NVIDIA L20X|NVIDIA L20X|NVIDIA L20X,132|132|132|132|132|132|132|132,:4096:8,20,3,True,False,1024,4,False,True,0,0.7155360132455826,0.7232016116380692,420.17131933904943,0.4535039961338043,0.46041119992733004,0.2624000012874603,0.2641135960817337,66,248,35,0,0.17123518884181976,1.9393939971923828,True,same_geometry_s1k,,,,,,,,,
qkv,qwen25_14b_32b,model,Qwen2.5 14B/32B,131072,4,eager,immediate,single,v10_backward_te_userbuffers_v3,complete_route_then_single_full_gemm,recreate_per_entry,reuse_adjacent_same_shape_v1,branch_masked_v1,branch_masked_v1,0,32768,5120,7168,7168,5120,32768,40,8,128,adapted_te_userbuffers_backward_formal_10w50i,per_sample_local_cuda_event_then_dist_max,pack planar dQ/dK/dV -> Userbuffers A2A -> unpack complete dQKV -> full DGrad GEMM -> adjacent beta=0 WGrad GEMM,MAX,2.9.0+cu128,2.19.0.dev0+a7aec214,/tmp/TransformerEngine-v10-clean/transformer_engine/__init__.py,12.8,2.27.5,NVIDIA L20X|NVIDIA L20X|NVIDIA L20X|NVIDIA L20X,132|132|132|132,:4096:8,20,2,True,False,1024,4,False,True,0,8.904688358306885,9.052337217330932,540.205695916643,,,,,66,24,35,4,2.855374813079834,38.787879943847656,True,same_geometry_s1k,,,,,,,,,
qkv,qwen25_14b_32b,model,Qwen2.5 14B/32B,131072,4,eager,deferred,single,v10_backward_te_userbuffers_v3,complete_route_then_single_full_gemm,recreate_per_entry,reuse_adjacent_same_shape_v1,branch_masked_v1,branch_masked_v1,1,32768,5120,7168,7168,5120,32768,40,8,128,adapted_te_userbuffers_backward_formal_10w50i,per_sample_local_cuda_event_then_dist_max,separately timed pack planar dQ/dK/dV -> Userbuffers A2A -> unpack complete dQKV -> full DGrad GEMM and beta=1 WGrad GEMM,MAX,2.9.0+cu128,2.19.0.dev0+a7aec214,/tmp/TransformerEngine-v10-clean/transformer_engine/__init__.py,12.8,2.27.5,NVIDIA L20X|NVIDIA L20X|NVIDIA L20X|NVIDIA L20X,132|132|132|132,:4096:8,20,2,False,True,1024,4,False,True,0,9.063024044036865,9.13242084980011,530.768024905003,5.606672048568726,5.672193479537963,3.4543039798736572,3.4726879835128783,66,24,35,4,2.8719935417175293,38.787879943847656,False,same_geometry_s1k,,,,,,,,,
qkv,qwen25_14b_32b,model,Qwen2.5 14B/32B,131072,4,graph,immediate,single,v10_backward_te_userbuffers_v3,complete_route_then_single_full_gemm,recreate_per_entry,reuse_adjacent_same_shape_v1,branch_masked_v1,branch_masked_v1,0,32768,5120,7168,7168,5120,32768,40,8,128,adapted_te_userbuffers_backward_formal_10w50i,per_sample_local_cuda_event_then_dist_max,pack planar dQ/dK/dV -> Userbuffers A2A -> unpack complete dQKV -> full DGrad GEMM -> adjacent beta=0 WGrad GEMM,MAX,2.9.0+cu128,2.19.0.dev0+a7aec214,/tmp/TransformerEngine-v10-clean/transformer_engine/__init__.py,12.8,2.27.5,NVIDIA L20X|NVIDIA L20X|NVIDIA L20X|NVIDIA L20X,132|132|132|132,:4096:8,24,3,True,False,1024,4,False,True,0,8.889999866485596,9.108067655563353,541.0982501422284,,,,,66,24,35,4,2.8880300521850586,38.787879943847656,True,same_geometry_s1k,,,,,,,,,
qkv,qwen25_14b_32b,model,Qwen2.5 14B/32B,131072,4,graph,deferred,single,v10_backward_te_userbuffers_v3,complete_route_then_single_full_gemm,recreate_per_entry,reuse_adjacent_same_shape_v1,branch_masked_v1,branch_masked_v1,1,32768,5120,7168,7168,5120,32768,40,8,128,adapted_te_userbuffers_backward_formal_10w50i,per_sample_local_cuda_event_then_dist_max,separately timed pack planar dQ/dK/dV -> Userbuffers A2A -> unpack complete dQKV -> full DGrad GEMM and beta=1 WGrad GEMM,MAX,2.9.0+cu128,2.19.0.dev0+a7aec214,/tmp/TransformerEngine-v10-clean/transformer_engine/__init__.py,12.8,2.27.5,NVIDIA L20X|NVIDIA L20X|NVIDIA L20X|NVIDIA L20X,132|132|132|132,:4096:8,24,3,True,False,1024,4,False,True,0,9.018272042274475,9.059432077407838,533.4018921774277,5.5391199588775635,5.589679861068726,3.4731199741363525,3.5411151528358458,66,24,35,4,2.8880300521850586,38.787879943847656,True,same_geometry_s1k,,,,,,,,,
qkv,qwen25_14b_32b,model,Qwen2.5 14B/32B,131072,8,eager,immediate,single,v10_backward_te_userbuffers_v3,complete_route_then_single_full_gemm,recreate_per_entry,reuse_adjacent_same_shape_v1,branch_masked_v1,branch_masked_v1,0,16384,5120,7168,7168,5120,16384,40,8,128,adapted_te_userbuffers_backward_formal_10w50i,per_sample_local_cuda_event_then_dist_max,pack planar dQ/dK/dV -> Userbuffers A2A -> unpack complete dQKV -> full DGrad GEMM -> adjacent beta=0 WGrad GEMM,MAX,2.9.0+cu128,2.19.0.dev0+a7aec214,/tmp/TransformerEngine-v10-clean/transformer_engine/__init__.py,12.8,2.27.5,NVIDIA L20X|NVIDIA L20X|NVIDIA L20X|NVIDIA L20X|NVIDIA L20X|NVIDIA L20X|NVIDIA L20X|NVIDIA L20X,132|132|132|132|132|132|132|132,:4096:8,24,3,True,False,1024,4,False,True,0,5.058768033981323,5.096871995925904,475.44810704970934,,,,,66,23,35,4,1.4127562046051025,19.393939971923828,True,same_geometry_s1k,,,,,,,,,
qkv,qwen25_14b_32b,model,Qwen2.5 14B/32B,131072,8,eager,deferred,single,v10_backward_te_userbuffers_v3,complete_route_then_single_full_gemm,recreate_per_entry,reuse_adjacent_same_shape_v1,branch_masked_v1,branch_masked_v1,1,16384,5120,7168,7168,5120,16384,40,8,128,adapted_te_userbuffers_backward_formal_10w50i,per_sample_local_cuda_event_then_dist_max,separately timed pack planar dQ/dK/dV -> Userbuffers A2A -> unpack complete dQKV -> full DGrad GEMM and beta=1 WGrad GEMM,MAX,2.9.0+cu128,2.19.0.dev0+a7aec214,/tmp/TransformerEngine-v10-clean/transformer_engine/__init__.py,12.8,2.27.5,NVIDIA L20X|NVIDIA L20X|NVIDIA L20X|NVIDIA L20X|NVIDIA L20X|NVIDIA L20X|NVIDIA L20X|NVIDIA L20X,132|132|132|132|132|132|132|132,:4096:8,24,3,True,False,1024,4,False,True,0,5.092512011528015,5.149670392274857,472.2976951876294,3.3052799701690674,3.3647071480751034,1.784608006477356,1.804270374774933,66,23,35,4,1.4127562046051025,19.393939971923828,True,same_geometry_s1k,,,,,,,,,
qkv,qwen25_14b_32b,model,Qwen2.5 14B/32B,131072,8,graph,immediate,single,v10_backward_te_userbuffers_v3,complete_route_then_single_full_gemm,recreate_per_entry,reuse_adjacent_same_shape_v1,branch_masked_v1,branch_masked_v1,0,16384,5120,7168,7168,5120,16384,40,8,128,adapted_te_userbuffers_backward_formal_10w50i,per_sample_local_cuda_event_then_dist_max,pack planar dQ/dK/dV -> Userbuffers A2A -> unpack complete dQKV -> full DGrad GEMM -> adjacent beta=0 WGrad GEMM,MAX,2.9.0+cu128,2.19.0.dev0+a7aec214,/tmp/TransformerEngine-v10-clean/transformer_engine/__init__.py,12.8,2.27.5,NVIDIA L20X|NVIDIA L20X|NVIDIA L20X|NVIDIA L20X|NVIDIA L20X|NVIDIA L20X|NVIDIA L20X|NVIDIA L20X,132|132|132|132|132|132|132|132,:4096:8,24,3,True,False,1024,4,False,True,0,5.001664161682129,5.01752803325653,480.87628597420746,,,,,66,23,35,4,1.4127562046051025,19.393939971923828,True,same_geometry_s1k,,,,,,,,,
qkv,qwen25_14b_32b,model,Qwen2.5 14B/32B,131072,8,graph,deferred,single,v10_backward_te_userbuffers_v3,complete_route_then_single_full_gemm,recreate_per_entry,reuse_adjacent_same_shape_v1,branch_masked_v1,branch_masked_v1,1,16384,5120,7168,7168,5120,16384,40,8,128,adapted_te_userbuffers_backward_formal_10w50i,per_sample_local_cuda_event_then_dist_max,separately timed pack planar dQ/dK/dV -> Userbuffers A2A -> unpack complete dQKV -> full DGrad GEMM and beta=1 WGrad GEMM,MAX,2.9.0+cu128,2.19.0.dev0+a7aec214,/tmp/TransformerEngine-v10-clean/transformer_engine/__init__.py,12.8,2.27.5,NVIDIA L20X|NVIDIA L20X|NVIDIA L20X|NVIDIA L20X|NVIDIA L20X|NVIDIA L20X|NVIDIA L20X|NVIDIA L20X,132|132|132|132|132|132|132|132,:4096:8,20,3,True,False,1024,4,False,True,0,5.035520017147064,5.074375975131988,477.6431585158677,3.273200035095215,3.283625566959381,1.7588160037994385,1.8020400285720826,66,24,35,4,1.3545557260513306,19.393939971923828,True,same_geometry_s1k,,,,,,,,,
qkv,qwen25_14b_32b,model,Qwen2.5 14B/32B,262144,4,eager,immediate,single,v10_backward_te_userbuffers_v3,complete_route_then_single_full_gemm,recreate_per_entry,reuse_adjacent_same_shape_v1,branch_masked_v1,branch_masked_v1,0,65536,5120,7168,7168,5120,65536,40,8,128,adapted_te_userbuffers_backward_formal_10w50i,per_sample_local_cuda_event_then_dist_max,pack planar dQ/dK/dV -> Userbuffers A2A -> unpack complete dQKV -> full DGrad GEMM -> adjacent beta=0 WGrad GEMM,MAX,2.9.0+cu128,2.19.0.dev0+a7aec214,/tmp/TransformerEngine-v10-clean/transformer_engine/__init__.py,12.8,2.27.5,NVIDIA L20X|NVIDIA L20X|NVIDIA L20X|NVIDIA L20X,132|132|132|132,:4096:8,24,3,True,False,1024,4,False,True,0,18.296527862548828,21.86242990493774,525.8225394082924,,,,,66,29,35,4,5.762262344360352,124.24242401123047,True,same_geometry_s1k,,,,,,,,,
qkv,qwen25_14b_32b,model,Qwen2.5 14B/32B,262144,4,eager,deferred,single,v10_backward_te_userbuffers_v3,complete_route_then_single_full_gemm,recreate_per_entry,reuse_adjacent_same_shape_v1,branch_masked_v1,branch_masked_v1,1,65536,5120,7168,7168,5120,65536,40,8,128,adapted_te_userbuffers_backward_formal_10w50i,per_sample_local_cuda_event_then_dist_max,separately timed pack planar dQ/dK/dV -> Userbuffers A2A -> unpack complete dQKV -> full DGrad GEMM and beta=1 WGrad GEMM,MAX,2.9.0+cu128,2.19.0.dev0+a7aec214,/tmp/TransformerEngine-v10-clean/transformer_engine/__init__.py,12.8,2.27.5,NVIDIA L20X|NVIDIA L20X|NVIDIA L20X|NVIDIA L20X,132|132|132|132,:4096:8,24,2,False,True,1024,4,False,True,0,18.429824113845825,18.72081587314606,522.0194551836341,11.13814401626587,11.265156602859497,7.2759199142456055,7.520993542671203,66,29,35,4,5.764951705932617,124.24242401123047,False,same_geometry_s1k,,,,,,,,,
qkv,qwen25_14b_32b,model,Qwen2.5 14B/32B,262144,4,graph,immediate,single,v10_backward_te_userbuffers_v3,complete_route_then_single_full_gemm,recreate_per_entry,reuse_adjacent_same_shape_v1,branch_masked_v1,branch_masked_v1,0,65536,5120,7168,7168,5120,65536,40,8,128,adapted_te_userbuffers_backward_formal_10w50i,per_sample_local_cuda_event_then_dist_max,pack planar dQ/dK/dV -> Userbuffers A2A -> unpack complete dQKV -> full DGrad GEMM -> adjacent beta=0 WGrad GEMM,MAX,2.9.0+cu128,2.19.0.dev0+a7aec214,/tmp/TransformerEngine-v10-clean/transformer_engine/__init__.py,12.8,2.27.5,NVIDIA L20X|NVIDIA L20X|NVIDIA L20X|NVIDIA L20X,132|132|132|132,:4096:8,20,3,False,True,1024,4,True,True,0,18.34391975402832,21.12064323425293,524.4640661343544,,,,,66,29,35,4,5.771152019500732,124.24242401123047,True,same_geometry_s1k,,,,,,,,,
qkv,qwen25_14b_32b,model,Qwen2.5 14B/32B,262144,4,graph,deferred,single,v10_backward_te_userbuffers_v3,complete_route_then_single_full_gemm,recreate_per_entry,reuse_adjacent_same_shape_v1,branch_masked_v1,branch_masked_v1,1,65536,5120,7168,7168,5120,65536,40,8,128,adapted_te_userbuffers_backward_formal_10w50i,per_sample_local_cuda_event_then_dist_max,separately timed pack planar dQ/dK/dV -> Userbuffers A2A -> unpack complete dQKV -> full DGrad GEMM and beta=1 WGrad GEMM,MAX,2.9.0+cu128,2.19.0.dev0+a7aec214,/tmp/TransformerEngine-v10-clean/transformer_engine/__init__.py,12.8,2.27.5,NVIDIA L20X|NVIDIA L20X|NVIDIA L20X|NVIDIA L20X,132|132|132|132,:4096:8,20,3,False,True,1024,4,True,True,0,18.034207582473755,18.697521448135376,533.4709994349706,11.085776329040527,11.177980756759643,6.941648006439209,7.63426866531372,66,29,35,4,5.771152019500732,124.24242401123047,False,same_geometry_s1k,,,,,,,,,
qkv,qwen25_14b_32b,model,Qwen2.5 14B/32B,262144,8,eager,immediate,single,v10_backward_te_userbuffers_v3,complete_route_then_single_full_gemm,recreate_per_entry,reuse_adjacent_same_shape_v1,branch_masked_v1,branch_masked_v1,0,32768,5120,7168,7168,5120,32768,40,8,128,adapted_te_userbuffers_backward_formal_10w50i,per_sample_local_cuda_event_then_dist_max,pack planar dQ/dK/dV -> Userbuffers A2A -> unpack complete dQKV -> full DGrad GEMM -> adjacent beta=0 WGrad GEMM,MAX,2.9.0+cu128,2.19.0.dev0+a7aec214,/tmp/TransformerEngine-v10-clean/transformer_engine/__init__.py,12.8,2.27.5,NVIDIA L20X|NVIDIA L20X|NVIDIA L20X|NVIDIA L20X|NVIDIA L20X|NVIDIA L20X|NVIDIA L20X|NVIDIA L20X,132|132|132|132|132|132|132|132,:4096:8,24,3,True,False,1024,4,True,True,0,9.924255847930908,9.990803289413453,484.70771463665,,,,,66,24,35,4,2.891706705093384,38.787879943847656,True,same_geometry_s1k,,,,,,,,,
qkv,qwen25_14b_32b,model,Qwen2.5 14B/32B,262144,8,eager,deferred,single,v10_backward_te_userbuffers_v3,complete_route_then_single_full_gemm,recreate_per_entry,reuse_adjacent_same_shape_v1,branch_masked_v1,branch_masked_v1,1,32768,5120,7168,7168,5120,32768,40,8,128,adapted_te_userbuffers_backward_formal_10w50i,per_sample_local_cuda_event_then_dist_max,separately timed pack planar dQ/dK/dV -> Userbuffers A2A -> unpack complete dQKV -> full DGrad GEMM and beta=1 WGrad GEMM,MAX,2.9.0+cu128,2.19.0.dev0+a7aec214,/tmp/TransformerEngine-v10-clean/transformer_engine/__init__.py,12.8,2.27.5,NVIDIA L20X|NVIDIA L20X|NVIDIA L20X|NVIDIA L20X|NVIDIA L20X|NVIDIA L20X|NVIDIA L20X|NVIDIA L20X,132|132|132|132|132|132|132|132,:4096:8,24,3,True,False,1024,4,True,True,0,9.982959985733032,10.038391888141632,481.8574228880657,6.475088119506836,6.5139405727386475,3.5130720138549805,3.5351744532585143,66,24,35,4,2.891706705093384,38.787879943847656,True,same_geometry_s1k,,,,,,,,,
qkv,qwen25_14b_32b,model,Qwen2.5 14B/32B,262144,8,graph,immediate,single,v10_backward_te_userbuffers_v3,complete_route_then_single_full_gemm,recreate_per_entry,reuse_adjacent_same_shape_v1,branch_masked_v1,branch_masked_v1,0,32768,5120,7168,7168,5120,32768,40,8,128,adapted_te_userbuffers_backward_formal_10w50i,per_sample_local_cuda_event_then_dist_max,pack planar dQ/dK/dV -> Userbuffers A2A -> unpack complete dQKV -> full DGrad GEMM -> adjacent beta=0 WGrad GEMM,MAX,2.9.0+cu128,2.19.0.dev0+a7aec214,/tmp/TransformerEngine-v10-clean/transformer_engine/__init__.py,12.8,2.27.5,NVIDIA L20X|NVIDIA L20X|NVIDIA L20X|NVIDIA L20X|NVIDIA L20X|NVIDIA L20X|NVIDIA L20X|NVIDIA L20X,132|132|132|132|132|132|132|132,:4096:8,24,3,True,False,1024,4,False,True,0,9.925151824951172,9.978888177871704,484.66395843205805,,,,,66,24,35,4,2.891706705093384,38.787879943847656,True,same_geometry_s1k,,,,,,,,,
qkv,qwen25_14b_32b,model,Qwen2.5 14B/32B,262144,8,graph,deferred,single,v10_backward_te_userbuffers_v3,complete_route_then_single_full_gemm,recreate_per_entry,reuse_adjacent_same_shape_v1,branch_masked_v1,branch_masked_v1,1,32768,5120,7168,7168,5120,32768,40,8,128,adapted_te_userbuffers_backward_formal_10w50i,per_sample_local_cuda_event_then_dist_max,separately timed pack planar dQ/dK/dV -> Userbuffers A2A -> unpack complete dQKV -> full DGrad GEMM and beta=1 WGrad GEMM,MAX,2.9.0+cu128,2.19.0.dev0+a7aec214,/tmp/TransformerEngine-v10-clean/transformer_engine/__init__.py,12.8,2.27.5,NVIDIA L20X|NVIDIA L20X|NVIDIA L20X|NVIDIA L20X|NVIDIA L20X|NVIDIA L20X|NVIDIA L20X|NVIDIA L20X,132|132|132|132|132|132|132|132,:4096:8,24,3,True,False,1024,4,False,True,0,9.944176197052002,10.002118265628814,483.7367395949858,6.468384027481079,6.501195287704467,3.472831964492798,3.5197008728981016,66,24,35,4,2.891706705093384,38.787879943847656,True,same_geometry_s1k,,,,,,,,,
qkv,qwen25_14b_32b,model,Qwen2.5 14B/32B,524288,4,eager,immediate,single,v10_backward_te_userbuffers_v3,complete_route_then_single_full_gemm,recreate_per_entry,reuse_adjacent_same_shape_v1,branch_masked_v1,branch_masked_v1,0,131072,5120,7168,7168,5120,131072,40,8,128,adapted_te_userbuffers_backward_formal_10w50i,per_sample_local_cuda_event_then_dist_max,pack planar dQ/dK/dV -> Userbuffers A2A -> unpack complete dQKV -> full DGrad GEMM -> adjacent beta=0 WGrad GEMM,MAX,2.9.0+cu128,2.19.0.dev0+a7aec214,/tmp/TransformerEngine-v10-clean/transformer_engine/__init__.py,12.8,2.27.5,NVIDIA L20X|NVIDIA L20X|NVIDIA L20X|NVIDIA L20X,132|132|132|132,:4096:8,20,1,False,True,1024,4,True,True,0,37.51822471618652,38.74607830047607,512.8561820724593,,,,,66,29,35,4,11.483798027038574,248.48484802246094,True,same_geometry_s1k,,,,,,,,,
qkv,qwen25_14b_32b,model,Qwen2.5 14B/32B,524288,4,eager,deferred,single,v10_backward_te_userbuffers_v3,complete_route_then_single_full_gemm,recreate_per_entry,reuse_adjacent_same_shape_v1,branch_masked_v1,branch_masked_v1,1,131072,5120,7168,7168,5120,131072,40,8,128,adapted_te_userbuffers_backward_formal_10w50i,per_sample_local_cuda_event_then_dist_max,separately timed pack planar dQ/dK/dV -> Userbuffers A2A -> unpack complete dQKV -> full DGrad GEMM and beta=1 WGrad GEMM,MAX,2.9.0+cu128,2.19.0.dev0+a7aec214,/tmp/TransformerEngine-v10-clean/transformer_engine/__init__.py,12.8,2.27.5,NVIDIA L20X|NVIDIA L20X|NVIDIA L20X|NVIDIA L20X,132|132|132|132,:4096:8,20,1,True,True,1024,4,True,True,0,36.745952129364014,37.768146276474,523.6346419420709,22.283952713012695,23.215094661712644,14.365071773529053,14.845859003067016,66,29,35,4,11.610417366027832,248.48484802246094,False,same_geometry_s1k,,,,,,,,,
qkv,qwen25_14b_32b,model,Qwen2.5 14B/32B,524288,4,graph,immediate,single,v10_backward_te_userbuffers_v3,complete_route_then_single_full_gemm,recreate_per_entry,reuse_adjacent_same_shape_v1,branch_masked_v1,branch_masked_v1,0,131072,5120,7168,7168,5120,131072,40,8,128,adapted_te_userbuffers_backward_formal_10w50i,per_sample_local_cuda_event_then_dist_max,pack planar dQ/dK/dV -> Userbuffers A2A -> unpack complete dQKV -> full DGrad GEMM -> adjacent beta=0 WGrad GEMM,MAX,2.9.0+cu128,2.19.0.dev0+a7aec214,/tmp/TransformerEngine-v10-clean/transformer_engine/__init__.py,12.8,2.27.5,NVIDIA L20X|NVIDIA L20X|NVIDIA L20X|NVIDIA L20X,132|132|132|132,:4096:8,24,3,True,False,1024,4,False,True,0,37.71280097961426,39.889962577819816,510.2101404899894,,,,,66,29,35,4,11.60226058959961,248.48484802246094,True,same_geometry_s1k,,,,,,,,,
qkv,qwen25_14b_32b,model,Qwen2.5 14B/32B,524288,4,graph,deferred,single,v10_backward_te_userbuffers_v3,complete_route_then_single_full_gemm,recreate_per_entry,reuse_adjacent_same_shape_v1,branch_masked_v1,branch_masked_v1,1,131072,5120,7168,7168,5120,131072,40,8,128,adapted_te_userbuffers_backward_formal_10w50i,per_sample_local_cuda_event_then_dist_max,separately timed pack planar dQ/dK/dV -> Userbuffers A2A -> unpack complete dQKV -> full DGrad GEMM and beta=1 WGrad GEMM,MAX,2.9.0+cu128,2.19.0.dev0+a7aec214,/tmp/TransformerEngine-v10-clean/transformer_engine/__init__.py,12.8,2.27.5,NVIDIA L20X|NVIDIA L20X|NVIDIA L20X|NVIDIA L20X,132|132|132|132,:4096:8,20,3,False,True,1024,4,False,True,0,36.891104221343994,37.71703400611877,521.5743440649716,22.470720291137695,23.038933658599852,14.538703918457031,14.712158632278442,66,29,35,4,11.48440170288086,248.48484802246094,False,same_geometry_s1k,,,,,,,,,
qkv,qwen25_14b_32b,model,Qwen2.5 14B/32B,524288,8,eager,immediate,single,v10_backward_te_userbuffers_v3,complete_route_then_single_full_gemm,recreate_per_entry,reuse_adjacent_same_shape_v1,branch_masked_v1,branch_masked_v1,0,65536,5120,7168,7168,5120,65536,40,8,128,adapted_te_userbuffers_backward_formal_10w50i,per_sample_local_cuda_event_then_dist_max,pack planar dQ/dK/dV -> Userbuffers A2A -> unpack complete dQKV -> full DGrad GEMM -> adjacent beta=0 WGrad GEMM,MAX,2.9.0+cu128,2.19.0.dev0+a7aec214,/tmp/TransformerEngine-v10-clean/transformer_engine/__init__.py,12.8,2.27.5,NVIDIA L20X|NVIDIA L20X|NVIDIA L20X|NVIDIA L20X|NVIDIA L20X|NVIDIA L20X|NVIDIA L20X|NVIDIA L20X,132|132|132|132|132|132|132|132,:4096:8,24,3,True,False,1024,4,True,True,0,19.77059268951416,21.91583795547485,486.61802375518056,,,,,66,29,35,4,5.766147136688232,124.24242401123047,True,same_geometry_s1k,,,,,,,,,
qkv,qwen25_14b_32b,model,Qwen2.5 14B/32B,524288,8,eager,deferred,single,v10_backward_te_userbuffers_v3,complete_route_then_single_full_gemm,recreate_per_entry,reuse_adjacent_same_shape_v1,branch_masked_v1,branch_masked_v1,1,65536,5120,7168,7168,5120,65536,40,8,128,adapted_te_userbuffers_backward_formal_10w50i,per_sample_local_cuda_event_then_dist_max,separately timed pack planar dQ/dK/dV -> Userbuffers A2A -> unpack complete dQKV -> full DGrad GEMM and beta=1 WGrad GEMM,MAX,2.9.0+cu128,2.19.0.dev0+a7aec214,/tmp/TransformerEngine-v10-clean/transformer_engine/__init__.py,12.8,2.27.5,NVIDIA L20X|NVIDIA L20X|NVIDIA L20X|NVIDIA L20X|NVIDIA L20X|NVIDIA L20X|NVIDIA L20X|NVIDIA L20X,132|132|132|132|132|132|132|132,:4096:8,24,3,True,False,1024,4,False,True,0,19.810511589050293,20.128206372261047,485.63747078382306,12.836912155151367,12.927855920791625,6.94977593421936,7.235857462882995,66,29,35,4,5.766147136688232,124.24242401123047,True,same_geometry_s1k,,,,,,,,,
qkv,qwen25_14b_32b,model,Qwen2.5 14B/32B,524288,8,graph,immediate,single,v10_backward_te_userbuffers_v3,complete_route_then_single_full_gemm,recreate_per_entry,reuse_adjacent_same_shape_v1,branch_masked_v1,branch_masked_v1,0,65536,5120,7168,7168,5120,65536,40,8,128,adapted_te_userbuffers_backward_formal_10w50i,per_sample_local_cuda_event_then_dist_max,pack planar dQ/dK/dV -> Userbuffers A2A -> unpack complete dQKV -> full DGrad GEMM -> adjacent beta=0 WGrad GEMM,MAX,2.9.0+cu128,2.19.0.dev0+a7aec214,/tmp/TransformerEngine-v10-clean/transformer_engine/__init__.py,12.8,2.27.5,NVIDIA L20X|NVIDIA L20X|NVIDIA L20X|NVIDIA L20X|NVIDIA L20X|NVIDIA L20X|NVIDIA L20X|NVIDIA L20X,132|132|132|132|132|132|132|132,:4096:8,20,3,True,False,1024,4,False,True,0,19.665568351745605,21.798662853240963,489.2168164662284,,,,,66,29,35,4,5.764631748199463,124.24242401123047,True,same_geometry_s1k,,,,,,,,,
qkv,qwen25_14b_32b,model,Qwen2.5 14B/32B,524288,8,graph,deferred,single,v10_backward_te_userbuffers_v3,complete_route_then_single_full_gemm,recreate_per_entry,reuse_adjacent_same_shape_v1,branch_masked_v1,branch_masked_v1,1,65536,5120,7168,7168,5120,65536,40,8,128,adapted_te_userbuffers_backward_formal_10w50i,per_sample_local_cuda_event_then_dist_max,separately timed pack planar dQ/dK/dV -> Userbuffers A2A -> unpack complete dQKV -> full DGrad GEMM and beta=1 WGrad GEMM,MAX,2.9.0+cu128,2.19.0.dev0+a7aec214,/tmp/TransformerEngine-v10-clean/transformer_engine/__init__.py,12.8,2.27.5,NVIDIA L20X|NVIDIA L20X|NVIDIA L20X|NVIDIA L20X|NVIDIA L20X|NVIDIA L20X|NVIDIA L20X|NVIDIA L20X,132|132|132|132|132|132|132|132,:4096:8,24,3,True,False,1024,4,False,True,0,19.877039670944214,20.200470137596128,484.01205120616385,12.842368125915527,12.919187450408934,7.015856027603149,7.40109121799469,66,29,35,4,5.766147136688232,124.24242401123047,True,same_geometry_s1k,,,,,,,,,
qkv,llama31_405b,model,Llama 3.1 405B,1024,4,eager,immediate,single,v10_backward_te_userbuffers_v3,complete_route_then_single_full_gemm,recreate_per_entry,reuse_adjacent_same_shape_v1,branch_masked_v1,branch_masked_v1,0,256,16384,18432,18432,16384,256,128,8,128,adapted_te_userbuffers_backward_formal_10w50i,per_sample_local_cuda_event_then_dist_max,pack planar dQ/dK/dV -> Userbuffers A2A -> unpack complete dQKV -> full DGrad GEMM -> adjacent beta=0 WGrad GEMM,MAX,2.9.0+cu128,2.19.0.dev0+a7aec214,/tmp/TransformerEngine-v10-clean/transformer_engine/__init__.py,12.8,2.27.5,NVIDIA L20X|NVIDIA L20X|NVIDIA L20X|NVIDIA L20X,132|132|132|132,:4096:8,4,2,True,False,512,4,False,True,0,0.6779040098190308,0.7035791963338851,456.16730515364884,,,,,66,24,35,0,0.17975573241710663,0.9696969985961914,True,exact,0,,0.0,0.0,0.0009765625,0.0029296875,0,0,0
qkv,llama31_405b,model,Llama 3.1 405B,1024,4,eager,deferred,single,v10_backward_te_userbuffers_v3,complete_route_then_single_full_gemm,recreate_per_entry,reuse_adjacent_same_shape_v1,branch_masked_v1,branch_masked_v1,1,256,16384,18432,18432,16384,256,128,8,128,adapted_te_userbuffers_backward_formal_10w50i,per_sample_local_cuda_event_then_dist_max,separately timed pack planar dQ/dK/dV -> Userbuffers A2A -> unpack complete dQKV -> full DGrad GEMM and beta=1 WGrad GEMM,MAX,2.9.0+cu128,2.19.0.dev0+a7aec214,/tmp/TransformerEngine-v10-clean/transformer_engine/__init__.py,12.8,2.27.5,NVIDIA L20X|NVIDIA L20X|NVIDIA L20X|NVIDIA L20X,132|132|132|132,:4096:8,4,2,True,False,512,4,False,True,0,0.90590400993824,0.9240320101380348,341.3580709650267,0.3447360098361969,0.36189119070768355,0.5604960024356842,0.5651504158973694,66,24,35,0,0.17975573241710663,0.9696969985961914,False,exact,0,,0.0,0.0,0.0009765625,0.0029296875,0,0,0
qkv,llama31_405b,model,Llama 3.1 405B,1024,4,graph,immediate,single,v10_backward_te_userbuffers_v3,complete_route_then_single_full_gemm,recreate_per_entry,reuse_adjacent_same_shape_v1,branch_masked_v1,branch_masked_v1,0,256,16384,18432,18432,16384,256,128,8,128,adapted_te_userbuffers_backward_formal_10w50i,per_sample_local_cuda_event_then_dist_max,pack planar dQ/dK/dV -> Userbuffers A2A -> unpack complete dQKV -> full DGrad GEMM -> adjacent beta=0 WGrad GEMM,MAX,2.9.0+cu128,2.19.0.dev0+a7aec214,/tmp/TransformerEngine-v10-clean/transformer_engine/__init__.py,12.8,2.27.5,NVIDIA L20X|NVIDIA L20X|NVIDIA L20X|NVIDIA L20X,132|132|132|132,:4096:8,20,3,True,False,512,4,False,True,0,0.5936799943447113,0.5966287881135941,520.8827116590455,,,,,66,24,35,0,0.17894187569618225,0.9696969985961914,True,exact,0,,0.0,0.0,0.0009765625,0.0029296875,0,0,0
qkv,llama31_405b,model,Llama 3.1 405B,1024,4,graph,deferred,single,v10_backward_te_userbuffers_v3,complete_route_then_single_full_gemm,recreate_per_entry,reuse_adjacent_same_shape_v1,branch_masked_v1,branch_masked_v1,1,256,16384,18432,18432,16384,256,128,8,128,adapted_te_userbuffers_backward_formal_10w50i,per_sample_local_cuda_event_then_dist_max,separately timed pack planar dQ/dK/dV -> Userbuffers A2A -> unpack complete dQKV -> full DGrad GEMM and beta=1 WGrad GEMM,MAX,2.9.0+cu128,2.19.0.dev0+a7aec214,/tmp/TransformerEngine-v10-clean/transformer_engine/__init__.py,12.8,2.27.5,NVIDIA L20X|NVIDIA L20X|NVIDIA L20X|NVIDIA L20X,132|132|132|132,:4096:8,20,3,True,False,512,4,False,True,0,0.8203520029783249,0.8276959836483002,376.9572624791538,0.28380799293518066,0.2861615926027298,0.5364800095558167,0.5417567819356918,66,24,35,0,0.17894187569618225,0.9696969985961914,False,exact,0,,0.0,0.0,0.0009765625,0.0029296875,0,0,0
qkv,llama31_405b,model,Llama 3.1 405B,1024,8,eager,immediate,single,v10_backward_te_userbuffers_v3,complete_route_then_single_full_gemm,recreate_per_entry,reuse_adjacent_same_shape_v1,branch_masked_v1,branch_masked_v1,0,128,16384,18432,18432,16384,128,128,8,128,adapted_te_userbuffers_backward_formal_10w50i,per_sample_local_cuda_event_then_dist_max,pack planar dQ/dK/dV -> Userbuffers A2A -> unpack complete dQKV -> full DGrad GEMM -> adjacent beta=0 WGrad GEMM,MAX,2.9.0+cu128,2.19.0.dev0+a7aec214,/tmp/TransformerEngine-v10-clean/transformer_engine/__init__.py,12.8,2.27.5,NVIDIA L20X|NVIDIA L20X|NVIDIA L20X|NVIDIA L20X|NVIDIA L20X|NVIDIA L20X|NVIDIA L20X|NVIDIA L20X,132|132|132|132|132|132|132|132,:4096:8,16,3,True,False,512,4,False,True,0,0.6022720038890839,0.6321088224649429,256.7259006853572,,,,,66,21,35,0,0.14900800585746765,0.9696969985961914,True,exact,0,,0.0,0.0,0.0009765625,0.001953125,0,0,0
qkv,llama31_405b,model,Llama 3.1 405B,1024,8,eager,deferred,single,v10_backward_te_userbuffers_v3,complete_route_then_single_full_gemm,recreate_per_entry,reuse_adjacent_same_shape_v1,branch_masked_v1,branch_masked_v1,1,128,16384,18432,18432,16384,128,128,8,128,adapted_te_userbuffers_backward_formal_10w50i,per_sample_local_cuda_event_then_dist_max,separately timed pack planar dQ/dK/dV -> Userbuffers A2A -> unpack complete dQKV -> full DGrad GEMM and beta=1 WGrad GEMM,MAX,2.9.0+cu128,2.19.0.dev0+a7aec214,/tmp/TransformerEngine-v10-clean/transformer_engine/__init__.py,12.8,2.27.5,NVIDIA L20X|NVIDIA L20X|NVIDIA L20X|NVIDIA L20X|NVIDIA L20X|NVIDIA L20X|NVIDIA L20X|NVIDIA L20X,132|132|132|132|132|132|132|132,:4096:8,8,3,True,False,512,4,False,True,0,0.8503200262784958,0.9016271978616714,181.8360357014095,0.33342400193214417,0.36163040548563,0.514384001493454,0.5670431792736054,66,20,35,0,0.14902827143669128,0.9696969985961914,False,exact,0,,0.0,0.0,0.0009765625,0.001953125,0,0,0
qkv,llama31_405b,model,Llama 3.1 405B,1024,8,graph,immediate,single,v10_backward_te_userbuffers_v3,complete_route_then_single_full_gemm,recreate_per_entry,reuse_adjacent_same_shape_v1,branch_masked_v1,branch_masked_v1,0,128,16384,18432,18432,16384,128,128,8,128,adapted_te_userbuffers_backward_formal_10w50i,per_sample_local_cuda_event_then_dist_max,pack planar dQ/dK/dV -> Userbuffers A2A -> unpack complete dQKV -> full DGrad GEMM -> adjacent beta=0 WGrad GEMM,MAX,2.9.0+cu128,2.19.0.dev0+a7aec214,/tmp/TransformerEngine-v10-clean/transformer_engine/__init__.py,12.8,2.27.5,NVIDIA L20X|NVIDIA L20X|NVIDIA L20X|NVIDIA L20X|NVIDIA L20X|NVIDIA L20X|NVIDIA L20X|NVIDIA L20X,132|132|132|132|132|132|132|132,:4096:8,12,3,True,False,512,4,True,True,0,0.49054399132728577,0.49459198862314224,315.19868837378124,,,,,66,21,35,0,0.14884373545646667,0.9696969985961914,True,exact,0,,0.0,0.0,0.0009765625,0.001953125,0,0,0
qkv,llama31_405b,model,Llama 3.1 405B,1024,8,graph,deferred,single,v10_backward_te_userbuffers_v3,complete_route_then_single_full_gemm,recreate_per_entry,reuse_adjacent_same_shape_v1,branch_masked_v1,branch_masked_v1,1,128,16384,18432,18432,16384,128,128,8,128,adapted_te_userbuffers_backward_formal_10w50i,per_sample_local_cuda_event_then_dist_max,separately timed pack planar dQ/dK/dV -> Userbuffers A2A -> unpack complete dQKV -> full DGrad GEMM and beta=1 WGrad GEMM,MAX,2.9.0+cu128,2.19.0.dev0+a7aec214,/tmp/TransformerEngine-v10-clean/transformer_engine/__init__.py,12.8,2.27.5,NVIDIA L20X|NVIDIA L20X|NVIDIA L20X|NVIDIA L20X|NVIDIA L20X|NVIDIA L20X|NVIDIA L20X|NVIDIA L20X,132|132|132|132|132|132|132|132,:4096:8,12,3,True,False,1024,4,False,True,0,0.714943990111351,0.7182559937238693,216.2670430055905,0.22356799989938736,0.2272527977824211,0.4912160038948059,0.4933743968605995,66,21,35,0,0.14884373545646667,0.9696969985961914,True,exact,0,,0.0,0.0,0.0009765625,0.001953125,0,0,0
qkv,llama31_405b,model,Llama 3.1 405B,4096,4,eager,immediate,single,v10_backward_te_userbuffers_v3,complete_route_then_single_full_gemm,recreate_per_entry,reuse_adjacent_same_shape_v1,branch_masked_v1,branch_masked_v1,0,1024,16384,18432,18432,16384,1024,128,8,128,adapted_te_userbuffers_backward_formal_10w50i,per_sample_local_cuda_event_then_dist_max,pack planar dQ/dK/dV -> Userbuffers A2A -> unpack complete dQKV -> full DGrad GEMM -> adjacent beta=0 WGrad GEMM,MAX,2.9.0+cu128,2.19.0.dev0+a7aec214,/tmp/TransformerEngine-v10-clean/transformer_engine/__init__.py,12.8,2.27.5,NVIDIA L20X|NVIDIA L20X|NVIDIA L20X|NVIDIA L20X,132|132|132|132,:4096:8,16,2,True,False,512,4,False,True,0,1.9887840151786804,2.012339234352112,621.9632558424739,,,,,66,24,35,4,0.6690389513969421,3.8787879943847656,True,same_geometry_s1k,,,,,,,,,
qkv,llama31_405b,model,Llama 3.1 405B,4096,4,eager,deferred,single,v10_backward_te_userbuffers_v3,complete_route_then_single_full_gemm,recreate_per_entry,reuse_adjacent_same_shape_v1,branch_masked_v1,branch_masked_v1,1,1024,16384,18432,18432,16384,1024,128,8,128,adapted_te_userbuffers_backward_formal_10w50i,per_sample_local_cuda_event_then_dist_max,separately timed pack planar dQ/dK/dV -> Userbuffers A2A -> unpack complete dQKV -> full DGrad GEMM and beta=1 WGrad GEMM,MAX,2.9.0+cu128,2.19.0.dev0+a7aec214,/tmp/TransformerEngine-v10-clean/transformer_engine/__init__.py,12.8,2.27.5,NVIDIA L20X|NVIDIA L20X|NVIDIA L20X|NVIDIA L20X,132|132|132|132,:4096:8,16,2,True,False,512,4,False,True,0,2.1080479621887207,2.14734400510788,586.7753501982529,1.09307199716568,1.1233680486679076,1.0166879892349243,1.0382528007030487,66,24,35,4,0.6690389513969421,3.8787879943847656,False,same_geometry_s1k,,,,,,,,,
qkv,llama31_405b,model,Llama 3.1 405B,4096,4,graph,immediate,single,v10_backward_te_userbuffers_v3,complete_route_then_single_full_gemm,recreate_per_entry,reuse_adjacent_same_shape_v1,branch_masked_v1,branch_masked_v1,0,1024,16384,18432,18432,16384,1024,128,8,128,adapted_te_userbuffers_backward_formal_10w50i,per_sample_local_cuda_event_then_dist_max,pack planar dQ/dK/dV -> Userbuffers A2A -> unpack complete dQKV -> full DGrad GEMM -> adjacent beta=0 WGrad GEMM,MAX,2.9.0+cu128,2.19.0.dev0+a7aec214,/tmp/TransformerEngine-v10-clean/transformer_engine/__init__.py,12.8,2.27.5,NVIDIA L20X|NVIDIA L20X|NVIDIA L20X|NVIDIA L20X,132|132|132|132,:4096:8,16,3,True,False,1024,4,False,True,0,1.9974080324172974,2.050284779071808,619.2778646989925,,,,,66,24,35,4,0.669153094291687,3.8787879943847656,True,same_geometry_s1k,,,,,,,,,
qkv,llama31_405b,model,Llama 3.1 405B,4096,4,graph,deferred,single,v10_backward_te_userbuffers_v3,complete_route_then_single_full_gemm,recreate_per_entry,reuse_adjacent_same_shape_v1,branch_masked_v1,branch_masked_v1,1,1024,16384,18432,18432,16384,1024,128,8,128,adapted_te_userbuffers_backward_formal_10w50i,per_sample_local_cuda_event_then_dist_max,separately timed pack planar dQ/dK/dV -> Userbuffers A2A -> unpack complete dQKV -> full DGrad GEMM and beta=1 WGrad GEMM,MAX,2.9.0+cu128,2.19.0.dev0+a7aec214,/tmp/TransformerEngine-v10-clean/transformer_engine/__init__.py,12.8,2.27.5,NVIDIA L20X|NVIDIA L20X|NVIDIA L20X|NVIDIA L20X,132|132|132|132,:4096:8,16,3,True,False,1024,4,False,True,0,2.054256021976471,2.068027228116989,602.1404187282785,1.0203199982643127,1.0319455862045288,1.030128002166748,1.0459375739097596,66,24,35,4,0.669153094291687,3.8787879943847656,True,same_geometry_s1k,,,,,,,,,
qkv,llama31_405b,model,Llama 3.1 405B,4096,8,eager,immediate,single,v10_backward_te_userbuffers_v3,complete_route_then_single_full_gemm,recreate_per_entry,reuse_adjacent_same_shape_v1,branch_masked_v1,branch_masked_v1,0,512,16384,18432,18432,16384,512,128,8,128,adapted_te_userbuffers_backward_formal_10w50i,per_sample_local_cuda_event_then_dist_max,pack planar dQ/dK/dV -> Userbuffers A2A -> unpack complete dQKV -> full DGrad GEMM -> adjacent beta=0 WGrad GEMM,MAX,2.9.0+cu128,2.19.0.dev0+a7aec214,/tmp/TransformerEngine-v10-clean/transformer_engine/__init__.py,12.8,2.27.5,NVIDIA L20X|NVIDIA L20X|NVIDIA L20X|NVIDIA L20X|NVIDIA L20X|NVIDIA L20X|NVIDIA L20X|NVIDIA L20X,132|132|132|132|132|132|132|132,:4096:8,12,3,True,False,1024,4,False,True,0,1.2717440128326416,1.3028015851974486,486.32058368918763,,,,,66,197,35,4,0.3336394727230072,2.9696969985961914,True,same_geometry_s1k,,,,,,,,,
qkv,llama31_405b,model,Llama 3.1 405B,4096,8,eager,deferred,single,v10_backward_te_userbuffers_v3,complete_route_then_single_full_gemm,recreate_per_entry,reuse_adjacent_same_shape_v1,branch_masked_v1,branch_masked_v1,1,512,16384,18432,18432,16384,512,128,8,128,adapted_te_userbuffers_backward_formal_10w50i,per_sample_local_cuda_event_then_dist_max,separately timed pack planar dQ/dK/dV -> Userbuffers A2A -> unpack complete dQKV -> full DGrad GEMM and beta=1 WGrad GEMM,MAX,2.9.0+cu128,2.19.0.dev0+a7aec214,/tmp/TransformerEngine-v10-clean/transformer_engine/__init__.py,12.8,2.27.5,NVIDIA L20X|NVIDIA L20X|NVIDIA L20X|NVIDIA L20X|NVIDIA L20X|NVIDIA L20X|NVIDIA L20X|NVIDIA L20X,132|132|132|132|132|132|132|132,:4096:8,20,3,True,False,512,4,False,True,0,1.3993439972400665,1.4190560162067414,441.97516253603266,0.6684319972991943,0.6812016010284424,0.7314720153808594,0.7399792194366455,66,24,35,0,0.33733758330345154,1.9393939971923828,False,same_geometry_s1k,,,,,,,,,
qkv,llama31_405b,model,Llama 3.1 405B,4096,8,graph,immediate,single,v10_backward_te_userbuffers_v3,complete_route_then_single_full_gemm,recreate_per_entry,reuse_adjacent_same_shape_v1,branch_masked_v1,branch_masked_v1,0,512,16384,18432,18432,16384,512,128,8,128,adapted_te_userbuffers_backward_formal_10w50i,per_sample_local_cuda_event_then_dist_max,pack planar dQ/dK/dV -> Userbuffers A2A -> unpack complete dQKV -> full DGrad GEMM -> adjacent beta=0 WGrad GEMM,MAX,2.9.0+cu128,2.19.0.dev0+a7aec214,/tmp/TransformerEngine-v10-clean/transformer_engine/__init__.py,12.8,2.27.5,NVIDIA L20X|NVIDIA L20X|NVIDIA L20X|NVIDIA L20X|NVIDIA L20X|NVIDIA L20X|NVIDIA L20X|NVIDIA L20X,132|132|132|132|132|132|132|132,:4096:8,12,3,True,False,1024,4,False,True,0,1.2141920328140259,1.2327215671539307,509.371890038361,,,,,66,197,35,4,0.3336394727230072,2.9696969985961914,True,same_geometry_s1k,,,,,,,,,
qkv,llama31_405b,model,Llama 3.1 405B,4096,8,graph,deferred,single,v10_backward_te_userbuffers_v3,complete_route_then_single_full_gemm,recreate_per_entry,reuse_adjacent_same_shape_v1,branch_masked_v1,branch_masked_v1,1,512,16384,18432,18432,16384,512,128,8,128,adapted_te_userbuffers_backward_formal_10w50i,per_sample_local_cuda_event_then_dist_max,separately timed pack planar dQ/dK/dV -> Userbuffers A2A -> unpack complete dQKV -> full DGrad GEMM and beta=1 WGrad GEMM,MAX,2.9.0+cu128,2.19.0.dev0+a7aec214,/tmp/TransformerEngine-v10-clean/transformer_engine/__init__.py,12.8,2.27.5,NVIDIA L20X|NVIDIA L20X|NVIDIA L20X|NVIDIA L20X|NVIDIA L20X|NVIDIA L20X|NVIDIA L20X|NVIDIA L20X,132|132|132|132|132|132|132|132,:4096:8,12,3,True,False,1024,4,False,True,0,1.3253920078277588,1.3346624225378036,466.6357477420174,0.6173440217971802,0.6233840048313142,0.7079359889030457,0.7153439909219741,66,197,35,4,0.3336394727230072,2.9696969985961914,True,same_geometry_s1k,,,,,,,,,
qkv,llama31_405b,model,Llama 3.1 405B,16384,4,eager,immediate,single,v10_backward_te_userbuffers_v3,complete_route_then_single_full_gemm,recreate_per_entry,reuse_adjacent_same_shape_v1,branch_masked_v1,branch_masked_v1,0,4096,16384,18432,18432,16384,4096,128,8,128,adapted_te_userbuffers_backward_formal_10w50i,per_sample_local_cuda_event_then_dist_max,pack planar dQ/dK/dV -> Userbuffers A2A -> unpack complete dQKV -> full DGrad GEMM -> adjacent beta=0 WGrad GEMM,MAX,2.9.0+cu128,2.19.0.dev0+a7aec214,/tmp/TransformerEngine-v10-clean/transformer_engine/__init__.py,12.8,2.27.5,NVIDIA L20X|NVIDIA L20X|NVIDIA L20X|NVIDIA L20X,132|132|132|132,:4096:8,20,2,True,False,1024,4,False,True,0,7.920560121536255,8.01767053604126,624.6783370204802,,,,,66,24,35,4,3.0008745193481445,15.515151977539062,True,same_geometry_s1k,,,,,,,,,
qkv,llama31_405b,model,Llama 3.1 405B,16384,4,eager,deferred,single,v10_backward_te_userbuffers_v3,complete_route_then_single_full_gemm,recreate_per_entry,reuse_adjacent_same_shape_v1,branch_masked_v1,branch_masked_v1,1,4096,16384,18432,18432,16384,4096,128,8,128,adapted_te_userbuffers_backward_formal_10w50i,per_sample_local_cuda_event_then_dist_max,separately timed pack planar dQ/dK/dV -> Userbuffers A2A -> unpack complete dQKV -> full DGrad GEMM and beta=1 WGrad GEMM,MAX,2.9.0+cu128,2.19.0.dev0+a7aec214,/tmp/TransformerEngine-v10-clean/transformer_engine/__init__.py,12.8,2.27.5,NVIDIA L20X|NVIDIA L20X|NVIDIA L20X|NVIDIA L20X,132|132|132|132,:4096:8,20,2,True,False,1024,4,False,True,0,7.898191928863525,8.023574280738831,626.4474666550603,4.1945600509643555,4.26735680103302,3.70251202583313,3.73220477104187,66,24,35,4,3.0008745193481445,15.515151977539062,False,same_geometry_s1k,,,,,,,,,
qkv,llama31_405b,model,Llama 3.1 405B,16384,4,graph,immediate,single,v10_backward_te_userbuffers_v3,complete_route_then_single_full_gemm,recreate_per_entry,reuse_adjacent_same_shape_v1,branch_masked_v1,branch_masked_v1,0,4096,16384,18432,18432,16384,4096,128,8,128,adapted_te_userbuffers_backward_formal_10w50i,per_sample_local_cuda_event_then_dist_max,pack planar dQ/dK/dV -> Userbuffers A2A -> unpack complete dQKV -> full DGrad GEMM -> adjacent beta=0 WGrad GEMM,MAX,2.9.0+cu128,2.19.0.dev0+a7aec214,/tmp/TransformerEngine-v10-clean/transformer_engine/__init__.py,12.8,2.27.5,NVIDIA L20X|NVIDIA L20X|NVIDIA L20X|NVIDIA L20X,132|132|132|132,:4096:8,24,3,True,False,1024,4,False,True,0,7.842895984649658,8.58084969520569,630.8642030540735,,,,,66,201,35,4,2.929439067840576,22.787878036499023,True,same_geometry_s1k,,,,,,,,,
qkv,llama31_405b,model,Llama 3.1 405B,16384,4,graph,deferred,single,v10_backward_te_userbuffers_v3,complete_route_then_single_full_gemm,recreate_per_entry,reuse_adjacent_same_shape_v1,branch_masked_v1,branch_masked_v1,1,4096,16384,18432,18432,16384,4096,128,8,128,adapted_te_userbuffers_backward_formal_10w50i,per_sample_local_cuda_event_then_dist_max,separately timed pack planar dQ/dK/dV -> Userbuffers A2A -> unpack complete dQKV -> full DGrad GEMM and beta=1 WGrad GEMM,MAX,2.9.0+cu128,2.19.0.dev0+a7aec214,/tmp/TransformerEngine-v10-clean/transformer_engine/__init__.py,12.8,2.27.5,NVIDIA L20X|NVIDIA L20X|NVIDIA L20X|NVIDIA L20X,132|132|132|132,:4096:8,20,3,True,False,1024,4,False,True,0,7.787343978881836,7.952384078502655,635.3645528449408,4.195039987564087,4.292761516571045,3.590351939201355,3.663508856296539,66,24,35,4,2.987501859664917,15.515151977539062,True,same_geometry_s1k,,,,,,,,,
qkv,llama31_405b,model,Llama 3.1 405B,16384,8,eager,immediate,single,v10_backward_te_userbuffers_v3,complete_route_then_single_full_gemm,recreate_per_entry,reuse_adjacent_same_shape_v1,branch_masked_v1,branch_masked_v1,0,2048,16384,18432,18432,16384,2048,128,8,128,adapted_te_userbuffers_backward_formal_10w50i,per_sample_local_cuda_event_then_dist_max,pack planar dQ/dK/dV -> Userbuffers A2A -> unpack complete dQKV -> full DGrad GEMM -> adjacent beta=0 WGrad GEMM,MAX,2.9.0+cu128,2.19.0.dev0+a7aec214,/tmp/TransformerEngine-v10-clean/transformer_engine/__init__.py,12.8,2.27.5,NVIDIA L20X|NVIDIA L20X|NVIDIA L20X|NVIDIA L20X|NVIDIA L20X|NVIDIA L20X|NVIDIA L20X|NVIDIA L20X,132|132|132|132|132|132|132|132,:4096:8,24,3,True,False,1024,4,True,True,0,4.208640098571777,4.242428803443909,587.8148533859026,,,,,66,24,35,4,1.3967177867889404,7.757575988769531,True,same_geometry_s1k,,,,,,,,,
qkv,llama31_405b,model,Llama 3.1 405B,16384,8,eager,deferred,single,v10_backward_te_userbuffers_v3,complete_route_then_single_full_gemm,recreate_per_entry,reuse_adjacent_same_shape_v1,branch_masked_v1,branch_masked_v1,1,2048,16384,18432,18432,16384,2048,128,8,128,adapted_te_userbuffers_backward_formal_10w50i,per_sample_local_cuda_event_then_dist_max,separately timed pack planar dQ/dK/dV -> Userbuffers A2A -> unpack complete dQKV -> full DGrad GEMM and beta=1 WGrad GEMM,MAX,2.9.0+cu128,2.19.0.dev0+a7aec214,/tmp/TransformerEngine-v10-clean/transformer_engine/__init__.py,12.8,2.27.5,NVIDIA L20X|NVIDIA L20X|NVIDIA L20X|NVIDIA L20X|NVIDIA L20X|NVIDIA L20X|NVIDIA L20X|NVIDIA L20X,132|132|132|132|132|132|132|132,:4096:8,24,3,True,False,1024,4,True,True,0,4.299087941646576,4.369475305080414,575.4479080389506,2.329759955406189,2.4048545002937316,1.9650399684906006,1.9822048008441924,66,24,35,4,1.3967177867889404,7.757575988769531,True,same_geometry_s1k,,,,,,,,,
qkv,llama31_405b,model,Llama 3.1 405B,16384,8,graph,immediate,single,v10_backward_te_userbuffers_v3,complete_route_then_single_full_gemm,recreate_per_entry,reuse_adjacent_same_shape_v1,branch_masked_v1,branch_masked_v1,0,2048,16384,18432,18432,16384,2048,128,8,128,adapted_te_userbuffers_backward_formal_10w50i,per_sample_local_cuda_event_then_dist_max,pack planar dQ/dK/dV -> Userbuffers A2A -> unpack complete dQKV -> full DGrad GEMM -> adjacent beta=0 WGrad GEMM,MAX,2.9.0+cu128,2.19.0.dev0+a7aec214,/tmp/TransformerEngine-v10-clean/transformer_engine/__init__.py,12.8,2.27.5,NVIDIA L20X|NVIDIA L20X|NVIDIA L20X|NVIDIA L20X|NVIDIA L20X|NVIDIA L20X|NVIDIA L20X|NVIDIA L20X,132|132|132|132|132|132|132|132,:4096:8,24,3,True,False,1024,4,True,True,0,4.151024103164673,4.188473653793335,595.9736925184169,,,,,66,24,35,4,1.3967177867889404,7.757575988769531,True,same_geometry_s1k,,,,,,,,,
qkv,llama31_405b,model,Llama 3.1 405B,16384,8,graph,deferred,single,v10_backward_te_userbuffers_v3,complete_route_then_single_full_gemm,recreate_per_entry,reuse_adjacent_same_shape_v1,branch_masked_v1,branch_masked_v1,1,2048,16384,18432,18432,16384,2048,128,8,128,adapted_te_userbuffers_backward_formal_10w50i,per_sample_local_cuda_event_then_dist_max,separately timed pack planar dQ/dK/dV -> Userbuffers A2A -> unpack complete dQKV -> full DGrad GEMM and beta=1 WGrad GEMM,MAX,2.9.0+cu128,2.19.0.dev0+a7aec214,/tmp/TransformerEngine-v10-clean/transformer_engine/__init__.py,12.8,2.27.5,NVIDIA L20X|NVIDIA L20X|NVIDIA L20X|NVIDIA L20X|NVIDIA L20X|NVIDIA L20X|NVIDIA L20X|NVIDIA L20X,132|132|132|132|132|132|132|132,:4096:8,24,3,True,False,1024,4,True,True,0,4.22403210401535,4.25806884765625,585.6729072073856,2.2747039794921875,2.2852208018302917,1.9449280500411987,1.9832783937454224,66,24,35,4,1.3967177867889404,7.757575988769531,True,same_geometry_s1k,,,,,,,,,
qkv,llama31_405b,model,Llama 3.1 405B,131072,4,eager,immediate,single,v10_backward_te_userbuffers_v3,complete_route_then_single_full_gemm,recreate_per_entry,reuse_adjacent_same_shape_v1,branch_masked_v1,branch_masked_v1,0,32768,16384,18432,18432,16384,32768,128,8,128,adapted_te_userbuffers_backward_formal_10w50i,per_sample_local_cuda_event_then_dist_max,pack planar dQ/dK/dV -> Userbuffers A2A -> unpack complete dQKV -> full DGrad GEMM -> adjacent beta=0 WGrad GEMM,MAX,2.9.0+cu128,2.19.0.dev0+a7aec214,/tmp/TransformerEngine-v10-clean/transformer_engine/__init__.py,12.8,2.27.5,NVIDIA L20X|NVIDIA L20X|NVIDIA L20X|NVIDIA L20X,132|132|132|132,:4096:8,24,2,False,True,1024,4,True,True,0,64.51572799682617,69.99585342407225,613.5313020397638,,,,,66,24,35,4,23.682832717895508,124.1212158203125,True,same_geometry_s1k,,,,,,,,,
qkv,llama31_405b,model,Llama 3.1 405B,131072,4,eager,deferred,single,v10_backward_te_userbuffers_v3,complete_route_then_single_full_gemm,recreate_per_entry,reuse_adjacent_same_shape_v1,branch_masked_v1,branch_masked_v1,1,32768,16384,18432,18432,16384,32768,128,8,128,adapted_te_userbuffers_backward_formal_10w50i,per_sample_local_cuda_event_then_dist_max,separately timed pack planar dQ/dK/dV -> Userbuffers A2A -> unpack complete dQKV -> full DGrad GEMM and beta=1 WGrad GEMM,MAX,2.9.0+cu128,2.19.0.dev0+a7aec214,/tmp/TransformerEngine-v10-clean/transformer_engine/__init__.py,12.8,2.27.5,NVIDIA L20X|NVIDIA L20X|NVIDIA L20X|NVIDIA L20X,132|132|132|132,:4096:8,24,3,True,False,1024,4,False,True,0,65.25889682769775,67.38001537322998,606.544402741667,36.16415977478027,38.326833152770995,29.107775688171387,29.562909030914305,66,24,35,4,23.65601921081543,124.1212158203125,False,same_geometry_s1k,,,,,,,,,
qkv,llama31_405b,model,Llama 3.1 405B,131072,4,graph,immediate,single,v10_backward_te_userbuffers_v3,complete_route_then_single_full_gemm,recreate_per_entry,reuse_adjacent_same_shape_v1,branch_masked_v1,branch_masked_v1,0,32768,16384,18432,18432,16384,32768,128,8,128,adapted_te_userbuffers_backward_formal_10w50i,per_sample_local_cuda_event_then_dist_max,pack planar dQ/dK/dV -> Userbuffers A2A -> unpack complete dQKV -> full DGrad GEMM -> adjacent beta=0 WGrad GEMM,MAX,2.9.0+cu128,2.19.0.dev0+a7aec214,/tmp/TransformerEngine-v10-clean/transformer_engine/__init__.py,12.8,2.27.5,NVIDIA L20X|NVIDIA L20X|NVIDIA L20X|NVIDIA L20X,132|132|132|132,:4096:8,20,3,True,False,1024,4,False,True,0,64.58391952514648,67.1539695739746,612.8834993442003,,,,,66,24,35,4,23.654630661010742,124.1212158203125,True,same_geometry_s1k,,,,,,,,,
qkv,llama31_405b,model,Llama 3.1 405B,131072,4,graph,deferred,single,v10_backward_te_userbuffers_v3,complete_route_then_single_full_gemm,recreate_per_entry,reuse_adjacent_same_shape_v1,branch_masked_v1,branch_masked_v1,1,32768,16384,18432,18432,16384,32768,128,8,128,adapted_te_userbuffers_backward_formal_10w50i,per_sample_local_cuda_event_then_dist_max,separately timed pack planar dQ/dK/dV -> Userbuffers A2A -> unpack complete dQKV -> full DGrad GEMM and beta=1 WGrad GEMM,MAX,2.9.0+cu128,2.19.0.dev0+a7aec214,/tmp/TransformerEngine-v10-clean/transformer_engine/__init__.py,12.8,2.27.5,NVIDIA L20X|NVIDIA L20X|NVIDIA L20X|NVIDIA L20X,132|132|132|132,:4096:8,20,3,False,True,1024,4,False,True,0,64.75411128997803,66.45302095413209,611.2726715170309,35.832624435424805,37.322524452209464,28.970911979675293,29.40768814086914,66,24,35,4,23.780176162719727,124.1212158203125,False,same_geometry_s1k,,,,,,,,,
qkv,llama31_405b,model,Llama 3.1 405B,131072,8,eager,immediate,single,v10_backward_te_userbuffers_v3,complete_route_then_single_full_gemm,recreate_per_entry,reuse_adjacent_same_shape_v1,branch_masked_v1,branch_masked_v1,0,16384,16384,18432,18432,16384,16384,128,8,128,adapted_te_userbuffers_backward_formal_10w50i,per_sample_local_cuda_event_then_dist_max,pack planar dQ/dK/dV -> Userbuffers A2A -> unpack complete dQKV -> full DGrad GEMM -> adjacent beta=0 WGrad GEMM,MAX,2.9.0+cu128,2.19.0.dev0+a7aec214,/tmp/TransformerEngine-v10-clean/transformer_engine/__init__.py,12.8,2.27.5,NVIDIA L20X|NVIDIA L20X|NVIDIA L20X|NVIDIA L20X|NVIDIA L20X|NVIDIA L20X|NVIDIA L20X|NVIDIA L20X,132|132|132|132|132|132|132|132,:4096:8,24,3,True,False,1024,4,True,True,0,32.70039939880371,36.02209949493408,605.2283661309662,,,,,66,24,35,4,11.926125526428223,62.06060791015625,True,same_geometry_s1k,,,,,,,,,
qkv,llama31_405b,model,Llama 3.1 405B,131072,8,eager,deferred,single,v10_backward_te_userbuffers_v3,complete_route_then_single_full_gemm,recreate_per_entry,reuse_adjacent_same_shape_v1,branch_masked_v1,branch_masked_v1,1,16384,16384,18432,18432,16384,16384,128,8,128,adapted_te_userbuffers_backward_formal_10w50i,per_sample_local_cuda_event_then_dist_max,separately timed pack planar dQ/dK/dV -> Userbuffers A2A -> unpack complete dQKV -> full DGrad GEMM and beta=1 WGrad GEMM,MAX,2.9.0+cu128,2.19.0.dev0+a7aec214,/tmp/TransformerEngine-v10-clean/transformer_engine/__init__.py,12.8,2.27.5,NVIDIA L20X|NVIDIA L20X|NVIDIA L20X|NVIDIA L20X|NVIDIA L20X|NVIDIA L20X|NVIDIA L20X|NVIDIA L20X,132|132|132|132|132|132|132|132,:4096:8,24,3,True,False,1024,4,False,True,0,32.573007106781006,36.29830350875854,607.5954005440257,17.9758243560791,20.958759498596187,14.566864013671875,15.401824045181273,66,24,35,4,11.926125526428223,62.06060791015625,True,same_geometry_s1k,,,,,,,,,
qkv,llama31_405b,model,Llama 3.1 405B,131072,8,graph,immediate,single,v10_backward_te_userbuffers_v3,complete_route_then_single_full_gemm,recreate_per_entry,reuse_adjacent_same_shape_v1,branch_masked_v1,branch_masked_v1,0,16384,16384,18432,18432,16384,16384,128,8,128,adapted_te_userbuffers_backward_formal_10w50i,per_sample_local_cuda_event_then_dist_max,pack planar dQ/dK/dV -> Userbuffers A2A -> unpack complete dQKV -> full DGrad GEMM -> adjacent beta=0 WGrad GEMM,MAX,2.9.0+cu128,2.19.0.dev0+a7aec214,/tmp/TransformerEngine-v10-clean/transformer_engine/__init__.py,12.8,2.27.5,NVIDIA L20X|NVIDIA L20X|NVIDIA L20X|NVIDIA L20X|NVIDIA L20X|NVIDIA L20X|NVIDIA L20X|NVIDIA L20X,132|132|132|132|132|132|132|132,:4096:8,24,3,True,False,1024,4,False,True,0,32.82241439819336,36.31131591796875,602.9784725726139,,,,,66,24,35,4,11.926125526428223,62.06060791015625,True,same_geometry_s1k,,,,,,,,,
qkv,llama31_405b,model,Llama 3.1 405B,131072,8,graph,deferred,single,v10_backward_te_userbuffers_v3,complete_route_then_single_full_gemm,recreate_per_entry,reuse_adjacent_same_shape_v1,branch_masked_v1,branch_masked_v1,1,16384,16384,18432,18432,16384,16384,128,8,128,adapted_te_userbuffers_backward_formal_10w50i,per_sample_local_cuda_event_then_dist_max,separately timed pack planar dQ/dK/dV -> Userbuffers A2A -> unpack complete dQKV -> full DGrad GEMM and beta=1 WGrad GEMM,MAX,2.9.0+cu128,2.19.0.dev0+a7aec214,/tmp/TransformerEngine-v10-clean/transformer_engine/__init__.py,12.8,2.27.5,NVIDIA L20X|NVIDIA L20X|NVIDIA L20X|NVIDIA L20X|NVIDIA L20X|NVIDIA L20X|NVIDIA L20X|NVIDIA L20X,132|132|132|132|132|132|132|132,:4096:8,20,3,True,False,1024,4,True,True,0,33.03537559509277,37.15059490203857,599.0913965242725,17.993871688842773,22.659841442108146,14.81931209564209,16.002425479888917,66,24,35,4,11.901095390319824,62.06060791015625,True,same_geometry_s1k,,,,,,,,,
qkv,llama31_405b,model,Llama 3.1 405B,262144,4,eager,immediate,single,v10_backward_te_userbuffers_v3,complete_route_then_single_full_gemm,recreate_per_entry,reuse_adjacent_same_shape_v1,branch_masked_v1,branch_masked_v1,0,65536,16384,18432,18432,16384,65536,128,8,128,adapted_te_userbuffers_backward_formal_10w50i,per_sample_local_cuda_event_then_dist_max,pack planar dQ/dK/dV -> Userbuffers A2A -> unpack complete dQKV -> full DGrad GEMM -> adjacent beta=0 WGrad GEMM,MAX,2.9.0+cu128,2.19.0.dev0+a7aec214,/tmp/TransformerEngine-v10-clean/transformer_engine/__init__.py,12.8,2.27.5,NVIDIA L20X|NVIDIA L20X|NVIDIA L20X|NVIDIA L20X,132|132|132|132,:4096:8,24,2,False,True,1024,4,False,True,0,130.64080047607422,132.74193420410157,605.9733016896998,,,,,66,24,35,4,47.107112884521484,248.242431640625,True,same_geometry_s1k,,,,,,,,,
qkv,llama31_405b,model,Llama 3.1 405B,262144,4,eager,deferred,single,v10_backward_te_userbuffers_v3,complete_route_then_single_full_gemm,recreate_per_entry,reuse_adjacent_same_shape_v1,branch_masked_v1,branch_masked_v1,1,65536,16384,18432,18432,16384,65536,128,8,128,adapted_te_userbuffers_backward_formal_10w50i,per_sample_local_cuda_event_then_dist_max,separately timed pack planar dQ/dK/dV -> Userbuffers A2A -> unpack complete dQKV -> full DGrad GEMM and beta=1 WGrad GEMM,MAX,2.9.0+cu128,2.19.0.dev0+a7aec214,/tmp/TransformerEngine-v10-clean/transformer_engine/__init__.py,12.8,2.27.5,NVIDIA L20X|NVIDIA L20X|NVIDIA L20X|NVIDIA L20X,132|132|132|132,:4096:8,24,2,False,True,1024,4,False,True,0,130.49998474121094,132.60443058013917,606.6271759101005,72.32696151733398,74.16234436035157,58.27908897399902,59.66401042938232,66,24,35,4,47.107112884521484,248.242431640625,False,same_geometry_s1k,,,,,,,,,
qkv,llama31_405b,model,Llama 3.1 405B,262144,4,graph,immediate,single,v10_backward_te_userbuffers_v3,complete_route_then_single_full_gemm,recreate_per_entry,reuse_adjacent_same_shape_v1,branch_masked_v1,branch_masked_v1,0,65536,16384,18432,18432,16384,65536,128,8,128,adapted_te_userbuffers_backward_formal_10w50i,per_sample_local_cuda_event_then_dist_max,pack planar dQ/dK/dV -> Userbuffers A2A -> unpack complete dQKV -> full DGrad GEMM -> adjacent beta=0 WGrad GEMM,MAX,2.9.0+cu128,2.19.0.dev0+a7aec214,/tmp/TransformerEngine-v10-clean/transformer_engine/__init__.py,12.8,2.27.5,NVIDIA L20X|NVIDIA L20X|NVIDIA L20X|NVIDIA L20X,132|132|132|132,:4096:8,20,3,False,True,1024,4,True,True,0,130.1898422241211,133.26921844482422,608.0723030879027,,,,,66,24,35,4,47.10700607299805,248.242431640625,True,same_geometry_s1k,,,,,,,,,
qkv,llama31_405b,model,Llama 3.1 405B,262144,4,graph,deferred,single,v10_backward_te_userbuffers_v3,complete_route_then_single_full_gemm,recreate_per_entry,reuse_adjacent_same_shape_v1,branch_masked_v1,branch_masked_v1,1,65536,16384,18432,18432,16384,65536,128,8,128,adapted_te_userbuffers_backward_formal_10w50i,per_sample_local_cuda_event_then_dist_max,separately timed pack planar dQ/dK/dV -> Userbuffers A2A -> unpack complete dQKV -> full DGrad GEMM and beta=1 WGrad GEMM,MAX,2.9.0+cu128,2.19.0.dev0+a7aec214,/tmp/TransformerEngine-v10-clean/transformer_engine/__init__.py,12.8,2.27.5,NVIDIA L20X|NVIDIA L20X|NVIDIA L20X|NVIDIA L20X,132|132|132|132,:4096:8,20,3,True,False,1024,4,True,True,0,129.29578971862793,133.2380916595459,612.2769919434318,71.78128051757812,75.31058883666992,57.90033531188965,58.63204174041748,66,24,35,4,47.107810974121094,248.242431640625,False,same_geometry_s1k,,,,,,,,,
qkv,llama31_405b,model,Llama 3.1 405B,262144,8,eager,immediate,single,v10_backward_te_userbuffers_v3,complete_route_then_single_full_gemm,recreate_per_entry,reuse_adjacent_same_shape_v1,branch_masked_v1,branch_masked_v1,0,32768,16384,18432,18432,16384,32768,128,8,128,adapted_te_userbuffers_backward_formal_10w50i,per_sample_local_cuda_event_then_dist_max,pack planar dQ/dK/dV -> Userbuffers A2A -> unpack complete dQKV -> full DGrad GEMM -> adjacent beta=0 WGrad GEMM,MAX,2.9.0+cu128,2.19.0.dev0+a7aec214,/tmp/TransformerEngine-v10-clean/transformer_engine/__init__.py,12.8,2.27.5,NVIDIA L20X|NVIDIA L20X|NVIDIA L20X|NVIDIA L20X|NVIDIA L20X|NVIDIA L20X|NVIDIA L20X|NVIDIA L20X,132|132|132|132|132|132|132|132,:4096:8,20,3,True,False,1024,4,True,True,0,65.7274398803711,70.62075424194336,602.2206048490401,,,,,66,24,35,4,23.680442810058594,124.1212158203125,True,same_geometry_s1k,,,,,,,,,
qkv,llama31_405b,model,Llama 3.1 405B,262144,8,eager,deferred,single,v10_backward_te_userbuffers_v3,complete_route_then_single_full_gemm,recreate_per_entry,reuse_adjacent_same_shape_v1,branch_masked_v1,branch_masked_v1,1,32768,16384,18432,18432,16384,32768,128,8,128,adapted_te_userbuffers_backward_formal_10w50i,per_sample_local_cuda_event_then_dist_max,separately timed pack planar dQ/dK/dV -> Userbuffers A2A -> unpack complete dQKV -> full DGrad GEMM and beta=1 WGrad GEMM,MAX,2.9.0+cu128,2.19.0.dev0+a7aec214,/tmp/TransformerEngine-v10-clean/transformer_engine/__init__.py,12.8,2.27.5,NVIDIA L20X|NVIDIA L20X|NVIDIA L20X|NVIDIA L20X|NVIDIA L20X|NVIDIA L20X|NVIDIA L20X|NVIDIA L20X,132|132|132|132|132|132|132|132,:4096:8,20,3,True,False,1024,4,False,True,0,66.09711933135986,68.24082946777344,598.8524008361144,36.916831970214844,39.105645942687985,29.168112754821777,29.81682062149048,66,24,35,4,23.680442810058594,124.1212158203125,False,same_geometry_s1k,,,,,,,,,
qkv,llama31_405b,model,Llama 3.1 405B,262144,8,graph,immediate,single,v10_backward_te_userbuffers_v3,complete_route_then_single_full_gemm,recreate_per_entry,reuse_adjacent_same_shape_v1,branch_masked_v1,branch_masked_v1,0,32768,16384,18432,18432,16384,32768,128,8,128,adapted_te_userbuffers_backward_formal_10w50i,per_sample_local_cuda_event_then_dist_max,pack planar dQ/dK/dV -> Userbuffers A2A -> unpack complete dQKV -> full DGrad GEMM -> adjacent beta=0 WGrad GEMM,MAX,2.9.0+cu128,2.19.0.dev0+a7aec214,/tmp/TransformerEngine-v10-clean/transformer_engine/__init__.py,12.8,2.27.5,NVIDIA L20X|NVIDIA L20X|NVIDIA L20X|NVIDIA L20X|NVIDIA L20X|NVIDIA L20X|NVIDIA L20X|NVIDIA L20X,132|132|132|132|132|132|132|132,:4096:8,20,3,True,False,1024,4,False,True,0,65.33982467651367,68.05415878295898,605.7931559489455,,,,,66,24,35,4,23.680442810058594,124.1212158203125,True,same_geometry_s1k,,,,,,,,,
qkv,llama31_405b,model,Llama 3.1 405B,262144,8,graph,deferred,single,v10_backward_te_userbuffers_v3,complete_route_then_single_full_gemm,recreate_per_entry,reuse_adjacent_same_shape_v1,branch_masked_v1,branch_masked_v1,1,32768,16384,18432,18432,16384,32768,128,8,128,adapted_te_userbuffers_backward_formal_10w50i,per_sample_local_cuda_event_then_dist_max,separately timed pack planar dQ/dK/dV -> Userbuffers A2A -> unpack complete dQKV -> full DGrad GEMM and beta=1 WGrad GEMM,MAX,2.9.0+cu128,2.19.0.dev0+a7aec214,/tmp/TransformerEngine-v10-clean/transformer_engine/__init__.py,12.8,2.27.5,NVIDIA L20X|NVIDIA L20X|NVIDIA L20X|NVIDIA L20X|NVIDIA L20X|NVIDIA L20X|NVIDIA L20X|NVIDIA L20X,132|132|132|132|132|132|132|132,:4096:8,20,3,True,False,1024,4,True,True,0,66.0579195022583,67.99288444519043,599.2077694572686,37.24924659729004,38.67519111633301,29.017616271972656,29.63788757324219,66,24,35,4,23.680442810058594,124.1212158203125,True,same_geometry_s1k,,,,,,,,,
qkv,llama31_405b,model,Llama 3.1 405B,524288,4,eager,immediate,single,v10_backward_te_userbuffers_v3,complete_route_then_single_full_gemm,recreate_per_entry,reuse_adjacent_same_shape_v1,branch_masked_v1,branch_masked_v1,0,131072,16384,18432,18432,16384,131072,128,8,128,adapted_te_userbuffers_backward_formal_10w50i,per_sample_local_cuda_event_then_dist_max,pack planar dQ/dK/dV -> Userbuffers A2A -> unpack complete dQKV -> full DGrad GEMM -> adjacent beta=0 WGrad GEMM,MAX,2.9.0+cu128,2.19.0.dev0+a7aec214,/tmp/TransformerEngine-v10-clean/transformer_engine/__init__.py,12.8,2.27.5,NVIDIA L20X|NVIDIA L20X|NVIDIA L20X|NVIDIA L20X,132|132|132|132,:4096:8,20,2,False,True,1024,4,False,True,0,262.1355438232422,266.1882736206055,603.9992596597491,,,,,66,24,35,4,94.02262115478516,496.48486328125,True,same_geometry_s1k,,,,,,,,,
qkv,llama31_405b,model,Llama 3.1 405B,524288,4,eager,deferred,single,v10_backward_te_userbuffers_v3,complete_route_then_single_full_gemm,recreate_per_entry,reuse_adjacent_same_shape_v1,branch_masked_v1,branch_masked_v1,1,131072,16384,18432,18432,16384,131072,128,8,128,adapted_te_userbuffers_backward_formal_10w50i,per_sample_local_cuda_event_then_dist_max,separately timed pack planar dQ/dK/dV -> Userbuffers A2A -> unpack complete dQKV -> full DGrad GEMM and beta=1 WGrad GEMM,MAX,2.9.0+cu128,2.19.0.dev0+a7aec214,/tmp/TransformerEngine-v10-clean/transformer_engine/__init__.py,12.8,2.27.5,NVIDIA L20X|NVIDIA L20X|NVIDIA L20X|NVIDIA L20X,132|132|132|132,:4096:8,20,2,False,True,1024,4,False,True,0,262.2419242858887,265.5725894927979,603.7542426936186,145.0182876586914,148.51231384277344,116.95636749267578,118.68902740478515,66,24,35,4,94.02262115478516,496.48486328125,False,same_geometry_s1k,,,,,,,,,
qkv,llama31_405b,model,Llama 3.1 405B,524288,4,graph,immediate,single,v10_backward_te_userbuffers_v3,complete_route_then_single_full_gemm,recreate_per_entry,reuse_adjacent_same_shape_v1,branch_masked_v1,branch_masked_v1,0,131072,16384,18432,18432,16384,131072,128,8,128,adapted_te_userbuffers_backward_formal_10w50i,per_sample_local_cuda_event_then_dist_max,pack planar dQ/dK/dV -> Userbuffers A2A -> unpack complete dQKV -> full DGrad GEMM -> adjacent beta=0 WGrad GEMM,MAX,2.9.0+cu128,2.19.0.dev0+a7aec214,/tmp/TransformerEngine-v10-clean/transformer_engine/__init__.py,12.8,2.27.5,NVIDIA L20X|NVIDIA L20X|NVIDIA L20X|NVIDIA L20X,132|132|132|132,:4096:8,20,3,True,False,1024,4,False,True,0,261.9825744628906,266.10776062011723,604.3519296058033,,,,,66,24,35,4,94.02742004394531,496.48486328125,True,same_geometry_s1k,,,,,,,,,
qkv,llama31_405b,model,Llama 3.1 405B,524288,4,graph,deferred,single,v10_backward_te_userbuffers_v3,complete_route_then_single_full_gemm,recreate_per_entry,reuse_adjacent_same_shape_v1,branch_masked_v1,branch_masked_v1,1,131072,16384,18432,18432,16384,131072,128,8,128,adapted_te_userbuffers_backward_formal_10w50i,per_sample_local_cuda_event_then_dist_max,separately timed pack planar dQ/dK/dV -> Userbuffers A2A -> unpack complete dQKV -> full DGrad GEMM and beta=1 WGrad GEMM,MAX,2.9.0+cu128,2.19.0.dev0+a7aec214,/tmp/TransformerEngine-v10-clean/transformer_engine/__init__.py,12.8,2.27.5,NVIDIA L20X|NVIDIA L20X|NVIDIA L20X|NVIDIA L20X,132|132|132|132,:4096:8,20,3,True,False,1024,4,False,True,0,262.36270904541016,264.95016822814944,603.4762904218222,145.30809783935547,147.21371612548828,117.11682891845703,118.46764183044434,66,24,35,4,94.02742004394531,496.48486328125,False,same_geometry_s1k,,,,,,,,,
qkv,llama31_405b,model,Llama 3.1 405B,524288,8,eager,immediate,single,v10_backward_te_userbuffers_v3,complete_route_then_single_full_gemm,recreate_per_entry,reuse_adjacent_same_shape_v1,branch_masked_v1,branch_masked_v1,0,65536,16384,18432,18432,16384,65536,128,8,128,adapted_te_userbuffers_backward_formal_10w50i,per_sample_local_cuda_event_then_dist_max,pack planar dQ/dK/dV -> Userbuffers A2A -> unpack complete dQKV -> full DGrad GEMM -> adjacent beta=0 WGrad GEMM,MAX,2.9.0+cu128,2.19.0.dev0+a7aec214,/tmp/TransformerEngine-v10-clean/transformer_engine/__init__.py,12.8,2.27.5,NVIDIA L20X|NVIDIA L20X|NVIDIA L20X|NVIDIA L20X|NVIDIA L20X|NVIDIA L20X|NVIDIA L20X|NVIDIA L20X,132|132|132|132|132|132|132|132,:4096:8,24,3,True,False,1024,4,False,True,0,132.73970794677734,136.01927032470704,596.3915276325117,,,,,66,24,35,4,47.54410934448242,248.242431640625,True,same_geometry_s1k,,,,,,,,,
qkv,llama31_405b,model,Llama 3.1 405B,524288,8,eager,deferred,single,v10_backward_te_userbuffers_v3,complete_route_then_single_full_gemm,recreate_per_entry,reuse_adjacent_same_shape_v1,branch_masked_v1,branch_masked_v1,1,65536,16384,18432,18432,16384,65536,128,8,128,adapted_te_userbuffers_backward_formal_10w50i,per_sample_local_cuda_event_then_dist_max,separately timed pack planar dQ/dK/dV -> Userbuffers A2A -> unpack complete dQKV -> full DGrad GEMM and beta=1 WGrad GEMM,MAX,2.9.0+cu128,2.19.0.dev0+a7aec214,/tmp/TransformerEngine-v10-clean/transformer_engine/__init__.py,12.8,2.27.5,NVIDIA L20X|NVIDIA L20X|NVIDIA L20X|NVIDIA L20X|NVIDIA L20X|NVIDIA L20X|NVIDIA L20X|NVIDIA L20X,132|132|132|132|132|132|132|132,:4096:8,24,3,True,False,1024,4,False,True,0,132.50092887878418,137.1458173751831,597.4662809518443,74.08419036865234,78.25351371765137,58.49407958984375,59.88296623229981,66,24,35,4,47.54410934448242,248.242431640625,True,same_geometry_s1k,,,,,,,,,
qkv,llama31_405b,model,Llama 3.1 405B,524288,8,graph,immediate,single,v10_backward_te_userbuffers_v3,complete_route_then_single_full_gemm,recreate_per_entry,reuse_adjacent_same_shape_v1,branch_masked_v1,branch_masked_v1,0,65536,16384,18432,18432,16384,65536,128,8,128,adapted_te_userbuffers_backward_formal_10w50i,per_sample_local_cuda_event_then_dist_max,pack planar dQ/dK/dV -> Userbuffers A2A -> unpack complete dQKV -> full DGrad GEMM -> adjacent beta=0 WGrad GEMM,MAX,2.9.0+cu128,2.19.0.dev0+a7aec214,/tmp/TransformerEngine-v10-clean/transformer_engine/__init__.py,12.8,2.27.5,NVIDIA L20X|NVIDIA L20X|NVIDIA L20X|NVIDIA L20X|NVIDIA L20X|NVIDIA L20X|NVIDIA L20X|NVIDIA L20X,132|132|132|132|132|132|132|132,:4096:8,24,3,True,False,1024,4,False,True,0,132.11721801757812,134.9770492553711,599.201515046579,,,,,66,24,35,4,47.54410934448242,248.242431640625,True,same_geometry_s1k,,,,,,,,,
qkv,llama31_405b,model,Llama 3.1 405B,524288,8,graph,deferred,single,v10_backward_te_userbuffers_v3,complete_route_then_single_full_gemm,recreate_per_entry,reuse_adjacent_same_shape_v1,branch_masked_v1,branch_masked_v1,1,65536,16384,18432,18432,16384,65536,128,8,128,adapted_te_userbuffers_backward_formal_10w50i,per_sample_local_cuda_event_then_dist_max,separately timed pack planar dQ/dK/dV -> Userbuffers A2A -> unpack complete dQKV -> full DGrad GEMM and beta=1 WGrad GEMM,MAX,2.9.0+cu128,2.19.0.dev0+a7aec214,/tmp/TransformerEngine-v10-clean/transformer_engine/__init__.py,12.8,2.27.5,NVIDIA L20X|NVIDIA L20X|NVIDIA L20X|NVIDIA L20X|NVIDIA L20X|NVIDIA L20X|NVIDIA L20X|NVIDIA L20X,132|132|132|132|132|132|132|132,:4096:8,24,3,True,False,1024,4,False,True,0,132.48939323425293,136.7757286071777,597.518301407733,73.95027160644531,77.25047607421875,58.436479568481445,59.66606864929199,66,24,35,4,47.54410934448242,248.242431640625,True,same_geometry_s1k,,,,,,,,,
