id,model,global_seq,cp,m,n,k,source,operator,arm_order,eager_baseline_p50_geomean_ms,eager_model_p50_geomean_ms,eager_speedup,eager_baseline_config,eager_model_config,eager_paired_speedups,eager_changed,graph_baseline_p50_geomean_ms,graph_model_p50_geomean_ms,graph_speedup,graph_baseline_config,graph_model_config,graph_paired_speedups,graph_changed,by_order
a2a_gemm/representative_small/s1024/cp4,representative_small,1024,4,256,4096,4096,"[""/home/chen/workspace/fuse-mxfp8-sm90/results/mxfp8_weight/policy_ab/cp4_frozen_v1.json"", ""/home/chen/workspace/fuse-mxfp8-sm90/results/mxfp8_weight/policy_ab/cp4_frozen_reverse_v1.json""]",oproj_forward,balanced_equal_orders,0.0844210380285821,0.08489812018987919,0.9943805332764721,"{""cluster_m"": 1, ""comm_ctas"": 4, ""policy_enum"": 1, ""raster"": ""n"", ""sm_count"": 132, ""swizzle"": 1, ""tile_k"": 64, ""tile_m"": 64, ""tile_n"": 128}","{""cluster_m"": 1, ""comm_ctas"": 4, ""policy_enum"": 1, ""raster"": ""n"", ""sm_count"": 132, ""swizzle"": 1, ""tile_k"": 64, ""tile_m"": 64, ""tile_n"": 128}","[0.9969725409197088, 0.9904207508604544, 0.9853795451453808, 0.9956587938440595, 0.9943513908529514, 1.0035956999125077]",False,0.08171437249332118,0.08150926608556713,1.002516356944482,"{""cluster_m"": 1, ""comm_ctas"": 4, ""policy_enum"": 1, ""raster"": ""n"", ""sm_count"": 132, ""swizzle"": 1, ""tile_k"": 64, ""tile_m"": 64, ""tile_n"": 128}","{""cluster_m"": 1, ""comm_ctas"": 4, ""policy_enum"": 1, ""raster"": ""n"", ""sm_count"": 132, ""swizzle"": 1, ""tile_k"": 64, ""tile_m"": 64, ""tile_n"": 128}","[1.0027413107029424, 1.0072762665815136, 1.0015707953486355, 1.005303425519052, 0.9986263632083002, 0.9996073782538927]",False,"{""baseline-model"": {""eager_baseline_p50_geomean_ms"": 0.08426126394231588, ""eager_model_p50_geomean_ms"": 0.08503397462221272, ""eager_paired_speedups"": [0.9969725409197088, 0.9904207508604544, 0.9853795451453808], ""eager_speedup"": 0.990912918238506, ""graph_baseline_p50_geomean_ms"": 0.08183451997270752, ""graph_model_p50_geomean_ms"": 0.08151987134313837, ""graph_paired_speedups"": [1.0027413107029424, 1.0072762665815136, 1.0015707953486355], ""graph_speedup"": 1.0038597782894518, ""source"": ""/home/chen/workspace/fuse-mxfp8-sm90/results/mxfp8_weight/policy_ab/cp4_frozen_v1.json""}, ""model-baseline"": {""eager_baseline_p50_geomean_ms"": 0.08458111507444616, ""eager_model_p50_geomean_ms"": 0.08476248280522412, ""eager_paired_speedups"": [0.9956587938440595, 0.9943513908529514, 1.0035956999125077], ""eager_speedup"": 0.9978602829367953, ""graph_baseline_p50_geomean_ms"": 0.08159440141158225, ""graph_model_p50_geomean_ms"": 0.08149866220767771, ""graph_paired_speedups"": [1.005303425519052, 0.9986263632083002, 0.9996073782538927], ""graph_speedup"": 1.001174733441152, ""source"": ""/home/chen/workspace/fuse-mxfp8-sm90/results/mxfp8_weight/policy_ab/cp4_frozen_reverse_v1.json""}}"
a2a_gemm/representative_small/s1024/cp8,representative_small,1024,8,128,4096,4096,"[""/home/chen/workspace/fuse-mxfp8-sm90/results/mxfp8_weight/policy_ab/cp8_frozen_v1.json"", ""/home/chen/workspace/fuse-mxfp8-sm90/results/mxfp8_weight/policy_ab/cp8_frozen_reverse_v1.json""]",oproj_forward,balanced_equal_orders,0.08554887012496545,0.0859007766280157,0.9959033373519524,"{""cluster_m"": 1, ""comm_ctas"": 4, ""policy_enum"": 1, ""raster"": ""n"", ""sm_count"": 132, ""swizzle"": 1, ""tile_k"": 64, ""tile_m"": 64, ""tile_n"": 128}","{""cluster_m"": 1, ""comm_ctas"": 4, ""policy_enum"": 1, ""raster"": ""n"", ""sm_count"": 132, ""swizzle"": 1, ""tile_k"": 64, ""tile_m"": 64, ""tile_n"": 128}","[0.9938854455138989, 0.9966511372596651, 0.9914641150260273, 0.9927157577820188, 0.9975700750576332, 1.003178695422266]",False,0.08321285161612713,0.08340636524318878,0.9976798697977375,"{""cluster_m"": 1, ""comm_ctas"": 4, ""policy_enum"": 1, ""raster"": ""n"", ""sm_count"": 132, ""swizzle"": 1, ""tile_k"": 64, ""tile_m"": 64, ""tile_n"": 128}","{""cluster_m"": 1, ""comm_ctas"": 4, ""policy_enum"": 1, ""raster"": ""n"", ""sm_count"": 132, ""swizzle"": 1, ""tile_k"": 64, ""tile_m"": 64, ""tile_n"": 128}","[0.9990421383308363, 0.9969395774640423, 0.9895695141195909, 1.0009624712407095, 1.000770718787235, 0.9988399883494639]",False,"{""baseline-model"": {""eager_baseline_p50_geomean_ms"": 0.0856745519467286, ""eager_model_p50_geomean_ms"": 0.08619187784648707, ""eager_paired_speedups"": [0.9938854455138989, 0.9966511372596651, 0.9914641150260273], ""eager_speedup"": 0.9939979739079369, ""graph_baseline_p50_geomean_ms"": 0.08343999284961652, ""graph_model_p50_geomean_ms"": 0.08384450551039939, ""graph_paired_speedups"": [0.9990421383308363, 0.9969395774640423, 0.9895695141195909], ""graph_speedup"": 0.9951754422270079, ""source"": ""/home/chen/workspace/fuse-mxfp8-sm90/results/mxfp8_weight/policy_ab/cp8_frozen_v1.json""}, ""model-baseline"": {""eager_baseline_p50_geomean_ms"": 0.08542337267440658, ""eager_model_p50_geomean_ms"": 0.08561065856389147, ""eager_paired_speedups"": [0.9927157577820188, 0.9975700750576332, 1.003178695422266], ""eager_speedup"": 0.9978123531272091, ""graph_baseline_p50_geomean_ms"": 0.0829863287089126, ""graph_model_p50_geomean_ms"": 0.08297051453440048, ""graph_paired_speedups"": [1.0009624712407095, 1.000770718787235, 0.9988399883494639], ""graph_speedup"": 1.000190599933011, ""source"": ""/home/chen/workspace/fuse-mxfp8-sm90/results/mxfp8_weight/policy_ab/cp8_frozen_reverse_v1.json""}}"
a2a_gemm/representative_small/s4096/cp4,representative_small,4096,4,1024,4096,4096,"[""/home/chen/workspace/fuse-mxfp8-sm90/results/mxfp8_weight/policy_ab/cp4_frozen_v1.json"", ""/home/chen/workspace/fuse-mxfp8-sm90/results/mxfp8_weight/policy_ab/cp4_frozen_reverse_v1.json""]",oproj_forward,balanced_equal_orders,0.13686092555481552,0.13724496090979327,0.9972018254627929,"{""cluster_m"": 1, ""comm_ctas"": 4, ""policy_enum"": 2, ""raster"": ""n"", ""sm_count"": 132, ""swizzle"": 1, ""tile_k"": 64, ""tile_m"": 128, ""tile_n"": 128}","{""cluster_m"": 1, ""comm_ctas"": 4, ""policy_enum"": 2, ""raster"": ""n"", ""sm_count"": 132, ""swizzle"": 1, ""tile_k"": 64, ""tile_m"": 128, ""tile_n"": 128}","[0.9943997315669897, 0.9992984864293466, 0.9974283849152309, 0.996165463753414, 0.9981362700134686, 0.9977899369821671]",False,0.13447915261738685,0.13437298945707432,1.0007900632466504,"{""cluster_m"": 1, ""comm_ctas"": 4, ""policy_enum"": 2, ""raster"": ""n"", ""sm_count"": 132, ""swizzle"": 1, ""tile_k"": 64, ""tile_m"": 128, ""tile_n"": 128}","{""cluster_m"": 1, ""comm_ctas"": 4, ""policy_enum"": 2, ""raster"": ""n"", ""sm_count"": 132, ""swizzle"": 1, ""tile_k"": 64, ""tile_m"": 128, ""tile_n"": 128}","[0.9989248236567277, 1.0008343607205639, 0.9996420853802797, 0.9994059872633313, 1.0022565215114214, 1.0036852120762825]",False,"{""baseline-model"": {""eager_baseline_p50_geomean_ms"": 0.1365492429212162, ""eager_model_p50_geomean_ms"": 0.13695460704936754, ""eager_paired_speedups"": [0.9943997315669897, 0.9992984864293466, 0.9974283849152309], ""eager_speedup"": 0.9970401570499543, ""graph_baseline_p50_geomean_ms"": 0.13405847049867722, ""graph_model_p50_geomean_ms"": 0.13408527238682064, ""graph_paired_speedups"": [0.9989248236567277, 1.0008343607205639, 0.9996420853802797], ""graph_speedup"": 0.999800113109618, ""source"": ""/home/chen/workspace/fuse-mxfp8-sm90/results/mxfp8_weight/policy_ab/cp4_frozen_v1.json""}, ""model-baseline"": {""eager_baseline_p50_geomean_ms"": 0.1371733196245386, ""eager_model_p50_geomean_ms"": 0.13753593034180198, ""eager_paired_speedups"": [0.996165463753414, 0.9981362700134686, 0.9977899369821671], ""eager_speedup"": 0.9973635200898975, ""graph_baseline_p50_geomean_ms"": 0.13490115485741633, ""graph_model_p50_geomean_ms"": 0.13466132390394986, ""graph_paired_speedups"": [0.9994059872633313, 1.0022565215114214, 1.0036852120762825], ""graph_speedup"": 1.0017809935808852, ""source"": ""/home/chen/workspace/fuse-mxfp8-sm90/results/mxfp8_weight/policy_ab/cp4_frozen_reverse_v1.json""}}"
a2a_gemm/representative_small/s4096/cp8,representative_small,4096,8,512,4096,4096,"[""/home/chen/workspace/fuse-mxfp8-sm90/results/mxfp8_weight/policy_ab/cp8_frozen_v1.json"", ""/home/chen/workspace/fuse-mxfp8-sm90/results/mxfp8_weight/policy_ab/cp8_frozen_reverse_v1.json""]",oproj_forward,balanced_equal_orders,0.11504158272018929,0.11559960091588313,0.995172836313683,"{""cluster_m"": 1, ""comm_ctas"": 4, ""policy_enum"": 2, ""raster"": ""n"", ""sm_count"": 132, ""swizzle"": 1, ""tile_k"": 64, ""tile_m"": 128, ""tile_n"": 128}","{""cluster_m"": 1, ""comm_ctas"": 4, ""policy_enum"": 2, ""raster"": ""n"", ""sm_count"": 132, ""swizzle"": 1, ""tile_k"": 64, ""tile_m"": 128, ""tile_n"": 128}","[0.9950083460036421, 0.9948711094867546, 0.9881330265850379, 0.9893852141046972, 1.0076367611724604, 0.9961223912110028]",False,0.11275417034706361,0.11290315739943584,0.9986803995937402,"{""cluster_m"": 1, ""comm_ctas"": 4, ""policy_enum"": 2, ""raster"": ""n"", ""sm_count"": 132, ""swizzle"": 1, ""tile_k"": 64, ""tile_m"": 128, ""tile_n"": 128}","{""cluster_m"": 1, ""comm_ctas"": 4, ""policy_enum"": 2, ""raster"": ""n"", ""sm_count"": 132, ""swizzle"": 1, ""tile_k"": 64, ""tile_m"": 128, ""tile_n"": 128}","[1.002564122123986, 0.9870568045180412, 0.9982983421547267, 1.0028320144432803, 0.9974507666742563, 1.003979497931626]",False,"{""baseline-model"": {""eager_baseline_p50_geomean_ms"": 0.11474127553920392, ""eager_model_p50_geomean_ms"": 0.11558904816238004, ""eager_paired_speedups"": [0.9950083460036421, 0.9948711094867546, 0.9881330265850379], ""eager_speedup"": 0.9926656319378523, ""graph_baseline_p50_geomean_ms"": 0.11250119855041672, ""graph_model_p50_geomean_ms"": 0.11295850367820683, ""graph_paired_speedups"": [1.002564122123986, 0.9870568045180412, 0.9982983421547267], ""graph_speedup"": 0.9959515652837176, ""source"": ""/home/chen/workspace/fuse-mxfp8-sm90/results/mxfp8_weight/policy_ab/cp8_frozen_v1.json""}, ""model-baseline"": {""eager_baseline_p50_geomean_ms"": 0.11534267588165571, ""eager_model_p50_geomean_ms"": 0.11561015463280448, ""eager_paired_speedups"": [0.9893852141046972, 1.0076367611724604, 0.9961223912110028], ""eager_speedup"": 0.9976863732083197, ""graph_baseline_p50_geomean_ms"": 0.11300771097969375, ""graph_model_p50_geomean_ms"": 0.11284783823868146, ""graph_paired_speedups"": [1.0028320144432803, 0.9974507666742563, 1.003979497931626], ""graph_speedup"": 1.0014167107098155, ""source"": ""/home/chen/workspace/fuse-mxfp8-sm90/results/mxfp8_weight/policy_ab/cp8_frozen_reverse_v1.json""}}"
a2a_gemm/representative_small/s16384/cp4,representative_small,16384,4,4096,4096,4096,"[""/home/chen/workspace/fuse-mxfp8-sm90/results/mxfp8_weight/policy_ab/cp4_frozen_v1.json"", ""/home/chen/workspace/fuse-mxfp8-sm90/results/mxfp8_weight/policy_ab/cp4_frozen_reverse_v1.json""]",oproj_forward,balanced_equal_orders,0.34798583976562725,0.29285460536116836,1.1882546266822995,"{""cluster_m"": 2, ""comm_ctas"": 4, ""policy_enum"": 4, ""raster"": ""n"", ""sm_count"": 132, ""swizzle"": 1, ""tile_k"": 64, ""tile_m"": 128, ""tile_n"": 256}","{""cluster_m"": 2, ""comm_ctas"": 24, ""policy_enum"": 5, ""raster"": ""n"", ""sm_count"": 132, ""swizzle"": 1, ""tile_k"": 64, ""tile_m"": 128, ""tile_n"": 320}","[1.1964373800901063, 1.191807940411764, 1.195678464511837, 1.182227537874231, 1.1823465858528914, 1.1811377661370737]",True,0.3453609248686195,0.28852952671980037,1.1969690894201264,"{""cluster_m"": 2, ""comm_ctas"": 4, ""policy_enum"": 4, ""raster"": ""n"", ""sm_count"": 132, ""swizzle"": 1, ""tile_k"": 64, ""tile_m"": 128, ""tile_n"": 256}","{""cluster_m"": 2, ""comm_ctas"": 24, ""policy_enum"": 5, ""raster"": ""n"", ""sm_count"": 132, ""swizzle"": 1, ""tile_k"": 64, ""tile_m"": 128, ""tile_n"": 320}","[1.1998218141039498, 1.195746559351125, 1.2039425832642265, 1.1982982201906034, 1.1904919933067222, 1.1935608072927297]",True,"{""baseline-model"": {""eager_baseline_p50_geomean_ms"": 0.3475030517248231, ""eager_model_p50_geomean_ms"": 0.2908852754297843, ""eager_paired_speedups"": [1.1964373800901063, 1.191807940411764, 1.195678464511837], ""eager_speedup"": 1.1946395403183805, ""graph_baseline_p50_geomean_ms"": 0.3444635104332765, ""graph_model_p50_geomean_ms"": 0.28709304182519124, ""graph_paired_speedups"": [1.1998218141039498, 1.195746559351125, 1.2039425832642265], ""graph_speedup"": 1.1998323200149785, ""source"": ""/home/chen/workspace/fuse-mxfp8-sm90/results/mxfp8_weight/policy_ab/cp4_frozen_v1.json""}, ""model-baseline"": {""eager_baseline_p50_geomean_ms"": 0.34846929854670605, ""eager_model_p50_geomean_ms"": 0.2948372679040877, ""eager_paired_speedups"": [1.182227537874231, 1.1823465858528914, 1.1811377661370737], ""eager_speedup"": 1.181903838086253, ""graph_baseline_p50_geomean_ms"": 0.3462606772951992, ""graph_model_p50_geomean_ms"": 0.2899731991409318, ""graph_paired_speedups"": [1.1982982201906034, 1.1904919933067222, 1.1935608072927297], ""graph_speedup"": 1.1941126915212292, ""source"": ""/home/chen/workspace/fuse-mxfp8-sm90/results/mxfp8_weight/policy_ab/cp4_frozen_reverse_v1.json""}}"
a2a_gemm/representative_small/s16384/cp8,representative_small,16384,8,2048,4096,4096,"[""/home/chen/workspace/fuse-mxfp8-sm90/results/mxfp8_weight/policy_ab/cp8_frozen_v1.json"", ""/home/chen/workspace/fuse-mxfp8-sm90/results/mxfp8_weight/policy_ab/cp8_frozen_reverse_v1.json""]",oproj_forward,balanced_equal_orders,0.24097247891449883,0.226910076638744,1.0619734587553957,"{""cluster_m"": 2, ""comm_ctas"": 4, ""policy_enum"": 4, ""raster"": ""n"", ""sm_count"": 132, ""swizzle"": 1, ""tile_k"": 64, ""tile_m"": 128, ""tile_n"": 256}","{""cluster_m"": 2, ""comm_ctas"": 24, ""policy_enum"": 5, ""raster"": ""n"", ""sm_count"": 132, ""swizzle"": 1, ""tile_k"": 64, ""tile_m"": 128, ""tile_n"": 320}","[1.0684862898892133, 1.056406654423046, 1.0729077471586896, 1.0538188457273494, 1.061906076066383, 1.0584429313572885]",True,0.23690598340432012,0.22098919861449223,1.0720251708663555,"{""cluster_m"": 2, ""comm_ctas"": 4, ""policy_enum"": 4, ""raster"": ""n"", ""sm_count"": 132, ""swizzle"": 1, ""tile_k"": 64, ""tile_m"": 128, ""tile_n"": 256}","{""cluster_m"": 2, ""comm_ctas"": 24, ""policy_enum"": 5, ""raster"": ""n"", ""sm_count"": 132, ""swizzle"": 1, ""tile_k"": 64, ""tile_m"": 128, ""tile_n"": 320}","[1.076402062747266, 1.0768669852398414, 1.0684773706403243, 1.0747974504775082, 1.0677831803331403, 1.0678697393816738]",True,"{""baseline-model"": {""eager_baseline_p50_geomean_ms"": 0.23990367022450965, ""eager_model_p50_geomean_ms"": 0.22506920196573582, ""eager_paired_speedups"": [1.0684862898892133, 1.056406654423046, 1.0729077471586896], ""eager_speedup"": 1.0659106982617383, ""graph_baseline_p50_geomean_ms"": 0.23646394273349303, ""graph_model_p50_geomean_ms"": 0.22019001571359823, ""graph_paired_speedups"": [1.076402062747266, 1.0768669852398414, 1.0684773706403243], ""graph_speedup"": 1.0739085601458984, ""source"": ""/home/chen/workspace/fuse-mxfp8-sm90/results/mxfp8_weight/policy_ab/cp8_frozen_v1.json""}, ""model-baseline"": {""eager_baseline_p50_geomean_ms"": 0.24204604931578125, ""eager_model_p50_geomean_ms"": 0.22876600810109574, ""eager_paired_speedups"": [1.0538188457273494, 1.061906076066383, 1.0584429313572885], ""eager_speedup"": 1.0580507625451807, ""graph_baseline_p50_geomean_ms"": 0.23734885041658604, ""graph_model_p50_geomean_ms"": 0.22179128216148053, ""graph_paired_speedups"": [1.0747974504775082, 1.0677831803331403, 1.0678697393816738], ""graph_speedup"": 1.070145084619594, ""source"": ""/home/chen/workspace/fuse-mxfp8-sm90/results/mxfp8_weight/policy_ab/cp8_frozen_reverse_v1.json""}}"
a2a_gemm/representative_small/s131072/cp4,representative_small,131072,4,32768,4096,4096,"[""/home/chen/workspace/fuse-mxfp8-sm90/results/mxfp8_weight/policy_ab/cp4_frozen_v1.json"", ""/home/chen/workspace/fuse-mxfp8-sm90/results/mxfp8_weight/policy_ab/cp4_frozen_reverse_v1.json""]",oproj_forward,balanced_equal_orders,1.6613601508641893,1.6794311044572812,0.9892398363081814,"{""cluster_m"": 2, ""comm_ctas"": 8, ""policy_enum"": 5, ""raster"": ""n"", ""sm_count"": 132, ""swizzle"": 1, ""tile_k"": 64, ""tile_m"": 128, ""tile_n"": 320}","{""cluster_m"": 2, ""comm_ctas"": 8, ""policy_enum"": 5, ""raster"": ""n"", ""sm_count"": 132, ""swizzle"": 1, ""tile_k"": 64, ""tile_m"": 128, ""tile_n"": 320}","[0.9740285986580525, 0.990131274152731, 1.01623427292174, 0.9928877311848665, 0.9945918070974701, 0.9682917584746162]",False,1.7447382941244918,1.7404815120051984,1.0024457496904922,"{""cluster_m"": 2, ""comm_ctas"": 8, ""policy_enum"": 5, ""raster"": ""n"", ""sm_count"": 132, ""swizzle"": 1, ""tile_k"": 64, ""tile_m"": 128, ""tile_n"": 320}","{""cluster_m"": 2, ""comm_ctas"": 8, ""policy_enum"": 5, ""raster"": ""n"", ""sm_count"": 132, ""swizzle"": 1, ""tile_k"": 64, ""tile_m"": 128, ""tile_n"": 320}","[0.9656968828914602, 1.0765646363726993, 0.9918006847720607, 1.068292546468416, 0.9223398747181404, 0.9988004902279007]",False,"{""baseline-model"": {""eager_baseline_p50_geomean_ms"": 1.658882544502833, ""eager_model_p50_geomean_ms"": 1.670050213161088, ""eager_paired_speedups"": [0.9740285986580525, 0.990131274152731, 1.01623427292174], ""eager_speedup"": 0.9933129743224202, ""graph_baseline_p50_geomean_ms"": 1.7656391861018623, ""graph_model_p50_geomean_ms"": 1.7476998320132642, ""graph_paired_speedups"": [0.9656968828914602, 1.0765646363726993, 0.9918006847720607], ""graph_speedup"": 1.0102645510172836, ""source"": ""/home/chen/workspace/fuse-mxfp8-sm90/results/mxfp8_weight/policy_ab/cp4_frozen_v1.json""}, ""model-baseline"": {""eager_baseline_p50_geomean_ms"": 1.663841457628146, ""eager_model_p50_geomean_ms"": 1.688864689451435, ""eager_paired_speedups"": [0.9928877311848665, 0.9945918070974701, 0.9682917584746162], ""eager_speedup"": 0.9851834004348708, ""graph_baseline_p50_geomean_ms"": 1.724084818090814, ""graph_model_p50_geomean_ms"": 1.733293004979193, ""graph_paired_speedups"": [1.068292546468416, 0.9223398747181404, 0.9988004902279007], ""graph_speedup"": 0.9946874608840363, ""source"": ""/home/chen/workspace/fuse-mxfp8-sm90/results/mxfp8_weight/policy_ab/cp4_frozen_reverse_v1.json""}}"
a2a_gemm/representative_small/s131072/cp8,representative_small,131072,8,16384,4096,4096,"[""/home/chen/workspace/fuse-mxfp8-sm90/results/mxfp8_weight/policy_ab/cp8_frozen_v1.json"", ""/home/chen/workspace/fuse-mxfp8-sm90/results/mxfp8_weight/policy_ab/cp8_frozen_reverse_v1.json""]",oproj_forward,balanced_equal_orders,1.3423261769077914,1.0038378605521217,1.337194211991066,"{""cluster_m"": 2, ""comm_ctas"": 4, ""policy_enum"": 4, ""raster"": ""n"", ""sm_count"": 132, ""swizzle"": 1, ""tile_k"": 64, ""tile_m"": 128, ""tile_n"": 256}","{""cluster_m"": 2, ""comm_ctas"": 12, ""policy_enum"": 5, ""raster"": ""n"", ""sm_count"": 132, ""swizzle"": 1, ""tile_k"": 64, ""tile_m"": 128, ""tile_n"": 320}","[1.3419109203948596, 1.3370993026971891, 1.338015620453382, 1.3356452759820794, 1.332145915116442, 1.3383677579122106]",True,1.3376362961861463,0.9975535153182088,1.3409168286670363,"{""cluster_m"": 2, ""comm_ctas"": 4, ""policy_enum"": 4, ""raster"": ""n"", ""sm_count"": 132, ""swizzle"": 1, ""tile_k"": 64, ""tile_m"": 128, ""tile_n"": 256}","{""cluster_m"": 2, ""comm_ctas"": 12, ""policy_enum"": 5, ""raster"": ""n"", ""sm_count"": 132, ""swizzle"": 1, ""tile_k"": 64, ""tile_m"": 128, ""tile_n"": 320}","[1.3398872857530135, 1.3440268432301552, 1.3411215035734498, 1.3392481708026092, 1.336512560066937, 1.3447222982642024]",True,"{""baseline-model"": {""eager_baseline_p50_geomean_ms"": 1.3415984811487391, ""eager_model_p50_geomean_ms"": 1.0019353823955253, ""eager_paired_speedups"": [1.3419109203948596, 1.3370993026971891, 1.338015620453382], ""eager_speedup"": 1.3390069905916635, ""graph_baseline_p50_geomean_ms"": 1.3383990927489273, ""graph_model_p50_geomean_ms"": 0.9975565440232176, ""graph_paired_speedups"": [1.3398872857530135, 1.3440268432301552, 1.3411215035734498], ""graph_speedup"": 1.341677422465766, ""source"": ""/home/chen/workspace/fuse-mxfp8-sm90/results/mxfp8_weight/policy_ab/cp8_frozen_v1.json""}, ""model-baseline"": {""eager_baseline_p50_geomean_ms"": 1.3430542673759354, ""eager_model_p50_geomean_ms"": 1.0057439511404176, ""eager_paired_speedups"": [1.3356452759820794, 1.332145915116442, 1.3383677579122106], ""eager_speedup"": 1.3353838875720208, ""graph_baseline_p50_geomean_ms"": 1.336873934365588, ""graph_model_p50_geomean_ms"": 0.9975504866223954, ""graph_paired_speedups"": [1.3392481708026092, 1.336512560066937, 1.3447222982642024], ""graph_speedup"": 1.3401566660471558, ""source"": ""/home/chen/workspace/fuse-mxfp8-sm90/results/mxfp8_weight/policy_ab/cp8_frozen_reverse_v1.json""}}"
a2a_gemm/representative_small/s262144/cp4,representative_small,262144,4,65536,4096,4096,"[""/home/chen/workspace/fuse-mxfp8-sm90/results/mxfp8_weight/policy_ab/cp4_frozen_v1.json"", ""/home/chen/workspace/fuse-mxfp8-sm90/results/mxfp8_weight/policy_ab/cp4_frozen_reverse_v1.json""]",oproj_forward,balanced_equal_orders,3.4387901099315017,3.4195579465716315,1.00562416653274,"{""cluster_m"": 2, ""comm_ctas"": 8, ""policy_enum"": 5, ""raster"": ""n"", ""sm_count"": 132, ""swizzle"": 1, ""tile_k"": 64, ""tile_m"": 128, ""tile_n"": 320}","{""cluster_m"": 2, ""comm_ctas"": 8, ""policy_enum"": 5, ""raster"": ""n"", ""sm_count"": 132, ""swizzle"": 1, ""tile_k"": 64, ""tile_m"": 128, ""tile_n"": 320}","[0.9917189067675167, 0.9914553367315889, 1.1035948058792764, 1.0083091108925741, 1.0087233920585243, 0.9370807789264207]",False,3.4505086737467594,3.4436843783566617,1.0019816843358202,"{""cluster_m"": 2, ""comm_ctas"": 8, ""policy_enum"": 5, ""raster"": ""n"", ""sm_count"": 132, ""swizzle"": 1, ""tile_k"": 64, ""tile_m"": 128, ""tile_n"": 320}","{""cluster_m"": 2, ""comm_ctas"": 8, ""policy_enum"": 5, ""raster"": ""n"", ""sm_count"": 132, ""swizzle"": 1, ""tile_k"": 64, ""tile_m"": 128, ""tile_n"": 320}","[1.0030629695387108, 1.0454412413553642, 0.9990214508297093, 1.0104109885279144, 0.9480380884559332, 1.0083985475559765]",False,"{""baseline-model"": {""eager_baseline_p50_geomean_ms"": 3.490898565232951, ""eager_model_p50_geomean_ms"": 3.3971398921004607, ""eager_paired_speedups"": [0.9917189067675167, 0.9914553367315889, 1.1035948058792764], ""eager_speedup"": 1.0275992970882706, ""graph_baseline_p50_geomean_ms"": 3.4721532402635025, ""graph_model_p50_geomean_ms"": 3.4187289601630604, ""graph_paired_speedups"": [1.0030629695387108, 1.0454412413553642, 0.9990214508297093], ""graph_speedup"": 1.0156269422709359, ""source"": ""/home/chen/workspace/fuse-mxfp8-sm90/results/mxfp8_weight/policy_ab/cp4_frozen_v1.json""}, ""model-baseline"": {""eager_baseline_p50_geomean_ms"": 3.3874594747423137, ""eager_model_p50_geomean_ms"": 3.4421239399508936, ""eager_paired_speedups"": [1.0083091108925741, 1.0087233920585243, 0.9370807789264207], ""eager_speedup"": 0.9841189724245198, ""graph_baseline_p50_geomean_ms"": 3.428999034241378, ""graph_model_p50_geomean_ms"": 3.4688219615900993, ""graph_paired_speedups"": [1.0104109885279144, 0.9480380884559332, 1.0083985475559765], ""graph_speedup"": 0.9885197546055465, ""source"": ""/home/chen/workspace/fuse-mxfp8-sm90/results/mxfp8_weight/policy_ab/cp4_frozen_reverse_v1.json""}}"
a2a_gemm/representative_small/s262144/cp8,representative_small,262144,8,32768,4096,4096,"[""/home/chen/workspace/fuse-mxfp8-sm90/results/mxfp8_weight/policy_ab/cp8_frozen_v1.json"", ""/home/chen/workspace/fuse-mxfp8-sm90/results/mxfp8_weight/policy_ab/cp8_frozen_reverse_v1.json""]",oproj_forward,balanced_equal_orders,1.8244807795646274,1.8269507211462936,0.9986480524334473,"{""cluster_m"": 2, ""comm_ctas"": 8, ""policy_enum"": 5, ""raster"": ""n"", ""sm_count"": 132, ""swizzle"": 1, ""tile_k"": 64, ""tile_m"": 128, ""tile_n"": 320}","{""cluster_m"": 2, ""comm_ctas"": 8, ""policy_enum"": 5, ""raster"": ""n"", ""sm_count"": 132, ""swizzle"": 1, ""tile_k"": 64, ""tile_m"": 128, ""tile_n"": 320}","[0.995254905685164, 0.9988881171285048, 1.0031540921701352, 0.9959590341621825, 1.001061539240396, 0.9975936636750884]",False,1.823310822513244,1.8234082600728838,0.9999465629493004,"{""cluster_m"": 2, ""comm_ctas"": 8, ""policy_enum"": 5, ""raster"": ""n"", ""sm_count"": 132, ""swizzle"": 1, ""tile_k"": 64, ""tile_m"": 128, ""tile_n"": 320}","{""cluster_m"": 2, ""comm_ctas"": 8, ""policy_enum"": 5, ""raster"": ""n"", ""sm_count"": 132, ""swizzle"": 1, ""tile_k"": 64, ""tile_m"": 128, ""tile_n"": 320}","[0.99403510429325, 0.9961508967633027, 1.0034275387872034, 1.0053732214230529, 1.002511265481604, 0.9982315886116458]",False,"{""baseline-model"": {""eager_baseline_p50_geomean_ms"": 1.8237673230518816, ""eager_model_p50_geomean_ms"": 1.8254214765207342, ""eager_paired_speedups"": [0.995254905685164, 0.9988881171285048, 1.0031540921701352], ""eager_speedup"": 0.9990938238154157, ""graph_baseline_p50_geomean_ms"": 1.8198452730113182, ""graph_model_p50_geomean_ms"": 1.823742458241615, ""graph_paired_speedups"": [0.99403510429325, 0.9961508967633027, 1.0034275387872034], ""graph_speedup"": 0.9978630835660565, ""source"": ""/home/chen/workspace/fuse-mxfp8-sm90/results/mxfp8_weight/policy_ab/cp8_frozen_v1.json""}, ""model-baseline"": {""eager_baseline_p50_geomean_ms"": 1.8251945151810665, ""eager_model_p50_geomean_ms"": 1.8284812468946816, ""eager_paired_speedups"": [0.9959590341621825, 1.001061539240396, 0.9975936636750884], ""eager_speedup"": 0.9982024799438356, ""graph_baseline_p50_geomean_ms"": 1.826782971495647, ""graph_model_p50_geomean_ms"": 1.8230741231454837, ""graph_paired_speedups"": [1.0053732214230529, 1.002511265481604, 0.9982315886116458], ""graph_speedup"": 1.0020343925148607, ""source"": ""/home/chen/workspace/fuse-mxfp8-sm90/results/mxfp8_weight/policy_ab/cp8_frozen_reverse_v1.json""}}"
a2a_gemm/representative_small/s524288/cp4,representative_small,524288,4,131072,4096,4096,"[""/home/chen/workspace/fuse-mxfp8-sm90/results/mxfp8_weight/policy_ab/cp4_frozen_v1.json"", ""/home/chen/workspace/fuse-mxfp8-sm90/results/mxfp8_weight/policy_ab/cp4_frozen_reverse_v1.json""]",oproj_forward,balanced_equal_orders,6.838780667047717,6.885509495532651,0.9932134537734282,"{""cluster_m"": 2, ""comm_ctas"": 8, ""policy_enum"": 5, ""raster"": ""n"", ""sm_count"": 132, ""swizzle"": 1, ""tile_k"": 64, ""tile_m"": 128, ""tile_n"": 320}","{""cluster_m"": 2, ""comm_ctas"": 8, ""policy_enum"": 5, ""raster"": ""n"", ""sm_count"": 132, ""swizzle"": 1, ""tile_k"": 64, ""tile_m"": 128, ""tile_n"": 320}","[0.9994851475267005, 1.009140967293168, 1.052339008382999, 1.0008109606279645, 0.976850854194662, 0.9251057867297576]",False,7.045039582164862,7.030853905846407,1.0020176320697918,"{""cluster_m"": 2, ""comm_ctas"": 8, ""policy_enum"": 5, ""raster"": ""n"", ""sm_count"": 132, ""swizzle"": 1, ""tile_k"": 64, ""tile_m"": 128, ""tile_n"": 320}","{""cluster_m"": 2, ""comm_ctas"": 8, ""policy_enum"": 5, ""raster"": ""n"", ""sm_count"": 132, ""swizzle"": 1, ""tile_k"": 64, ""tile_m"": 128, ""tile_n"": 320}","[1.0624247256184003, 1.0232565650418028, 0.9978665667160851, 0.953597307442493, 0.969224661390338, 1.009502802643561]",False,"{""baseline-model"": {""eager_baseline_p50_geomean_ms"": 6.9165906524685745, ""eager_model_p50_geomean_ms"": 6.780537512120238, ""eager_paired_speedups"": [0.9994851475267005, 1.009140967293168, 1.052339008382999], ""eager_speedup"": 1.0200652441056692, ""graph_baseline_p50_geomean_ms"": 7.151866915810946, ""graph_model_p50_geomean_ms"": 6.9604026554715785, ""graph_paired_speedups"": [1.0624247256184003, 1.0232565650418028, 0.9978665667160851], ""graph_speedup"": 1.02750764141337, ""source"": ""/home/chen/workspace/fuse-mxfp8-sm90/results/mxfp8_weight/policy_ab/cp4_frozen_v1.json""}, ""model-baseline"": {""eager_baseline_p50_geomean_ms"": 6.761846025294775, ""eager_model_p50_geomean_ms"": 6.992106588647922, ""eager_paired_speedups"": [1.0008109606279645, 0.976850854194662, 0.9251057867297576], ""eager_speedup"": 0.9670684992521443, ""graph_baseline_p50_geomean_ms"": 6.939807926870776, ""graph_model_p50_geomean_ms"": 7.102018244087708, ""graph_paired_speedups"": [0.953597307442493, 0.969224661390338, 1.009502802643561], ""graph_speedup"": 0.977159968949393, ""source"": ""/home/chen/workspace/fuse-mxfp8-sm90/results/mxfp8_weight/policy_ab/cp4_frozen_reverse_v1.json""}}"
a2a_gemm/representative_small/s524288/cp8,representative_small,524288,8,65536,4096,4096,"[""/home/chen/workspace/fuse-mxfp8-sm90/results/mxfp8_weight/policy_ab/cp8_frozen_v1.json"", ""/home/chen/workspace/fuse-mxfp8-sm90/results/mxfp8_weight/policy_ab/cp8_frozen_reverse_v1.json""]",oproj_forward,balanced_equal_orders,3.5665106959526516,3.569055351138986,0.9992870227732604,"{""cluster_m"": 2, ""comm_ctas"": 8, ""policy_enum"": 5, ""raster"": ""n"", ""sm_count"": 132, ""swizzle"": 1, ""tile_k"": 64, ""tile_m"": 128, ""tile_n"": 320}","{""cluster_m"": 2, ""comm_ctas"": 8, ""policy_enum"": 5, ""raster"": ""n"", ""sm_count"": 132, ""swizzle"": 1, ""tile_k"": 64, ""tile_m"": 128, ""tile_n"": 320}","[1.0046938735813706, 0.9872630427801768, 1.0050920172465752, 0.9994792516917046, 1.0034126622432256, 0.995899850386081]",False,3.5626556109191405,3.570731512033825,0.9977383062581242,"{""cluster_m"": 2, ""comm_ctas"": 8, ""policy_enum"": 5, ""raster"": ""n"", ""sm_count"": 132, ""swizzle"": 1, ""tile_k"": 64, ""tile_m"": 128, ""tile_n"": 320}","{""cluster_m"": 2, ""comm_ctas"": 8, ""policy_enum"": 5, ""raster"": ""n"", ""sm_count"": 132, ""swizzle"": 1, ""tile_k"": 64, ""tile_m"": 128, ""tile_n"": 320}","[0.9991055914730955, 0.9968886539148051, 0.9972739767031186, 1.00789246065517, 0.9860482715964983, 0.9993439251895263]",False,"{""baseline-model"": {""eager_baseline_p50_geomean_ms"": 3.565858276257806, ""eager_model_p50_geomean_ms"": 3.5694934750819627, ""eager_paired_speedups"": [1.0046938735813706, 0.9872630427801768, 1.0050920172465752], ""eager_speedup"": 0.9989815925285943, ""graph_baseline_p50_geomean_ms"": 3.5556259890383126, ""graph_model_p50_geomean_ms"": 3.563624167537238, ""graph_paired_speedups"": [0.9991055914730955, 0.9968886539148051, 0.9972739767031186], ""graph_speedup"": 0.9977556054951628, ""source"": ""/home/chen/workspace/fuse-mxfp8-sm90/results/mxfp8_weight/policy_ab/cp8_frozen_v1.json""}, ""model-baseline"": {""eager_baseline_p50_geomean_ms"": 3.567163235016082, ""eager_model_p50_geomean_ms"": 3.5686172809718713, ""eager_paired_speedups"": [0.9994792516917046, 1.0034126622432256, 0.995899850386081], ""eager_speedup"": 0.9995925464006624, ""graph_baseline_p50_geomean_ms"": 3.5696991306576003, ""graph_model_p50_geomean_ms"": 3.5778530315228965, ""graph_paired_speedups"": [1.00789246065517, 0.9860482715964983, 0.9993439251895263], ""graph_speedup"": 0.9977210073210224, ""source"": ""/home/chen/workspace/fuse-mxfp8-sm90/results/mxfp8_weight/policy_ab/cp8_frozen_reverse_v1.json""}}"
a2a_gemm/representative_medium/s1024/cp4,representative_medium,1024,4,256,5120,5120,"[""/home/chen/workspace/fuse-mxfp8-sm90/results/mxfp8_weight/policy_ab/cp4_frozen_v1.json"", ""/home/chen/workspace/fuse-mxfp8-sm90/results/mxfp8_weight/policy_ab/cp4_frozen_reverse_v1.json""]",oproj_forward,balanced_equal_orders,0.11193049767191693,0.11232524839245567,0.996485645692414,"{""cluster_m"": 1, ""comm_ctas"": 4, ""policy_enum"": 2, ""raster"": ""n"", ""sm_count"": 132, ""swizzle"": 1, ""tile_k"": 64, ""tile_m"": 128, ""tile_n"": 128}","{""cluster_m"": 1, ""comm_ctas"": 4, ""policy_enum"": 2, ""raster"": ""n"", ""sm_count"": 132, ""swizzle"": 1, ""tile_k"": 64, ""tile_m"": 128, ""tile_n"": 128}","[0.9988600653969467, 0.9945861484175129, 0.9981452940985951, 0.9931740756719458, 0.9974398894758132, 0.9967204178003729]",False,0.10940793077545043,0.10928792251059002,1.0010980926538222,"{""cluster_m"": 1, ""comm_ctas"": 4, ""policy_enum"": 2, ""raster"": ""n"", ""sm_count"": 132, ""swizzle"": 1, ""tile_k"": 64, ""tile_m"": 128, ""tile_n"": 128}","{""cluster_m"": 1, ""comm_ctas"": 4, ""policy_enum"": 2, ""raster"": ""n"", ""sm_count"": 132, ""swizzle"": 1, ""tile_k"": 64, ""tile_m"": 128, ""tile_n"": 128}","[0.9986845851207674, 1.0017561966328252, 1.001905614099203, 1.0023412528687332, 1.0005853132171834, 1.0013199769095391]",False,"{""baseline-model"": {""eager_baseline_p50_geomean_ms"": 0.11193050675381376, ""eager_model_p50_geomean_ms"": 0.11224530814024641, ""eager_paired_speedups"": [0.9988600653969467, 0.9945861484175129, 0.9981452940985951], ""eager_speedup"": 0.9971954160788675, ""graph_baseline_p50_geomean_ms"": 0.10940263301771144, ""graph_model_p50_geomean_ms"": 0.10931725293515293, ""graph_paired_speedups"": [0.9986845851207674, 1.0017561966328252, 1.001905614099203], ""graph_speedup"": 1.000781030260696, ""source"": ""/home/chen/workspace/fuse-mxfp8-sm90/results/mxfp8_weight/policy_ab/cp4_frozen_v1.json""}, ""model-baseline"": {""eager_baseline_p50_geomean_ms"": 0.11193048859002089, ""eager_model_p50_geomean_ms"": 0.1124052455775027, ""eager_paired_speedups"": [0.9931740756719458, 0.9974398894758132, 0.9967204178003729], ""eager_speedup"": 0.9957763804968122, ""graph_baseline_p50_geomean_ms"": 0.10941322878973014, ""graph_model_p50_geomean_ms"": 0.10925859995554256, ""graph_paired_speedups"": [1.0023412528687332, 1.0005853132171834, 1.0013199769095391], ""graph_speedup"": 1.001415255497055, ""source"": ""/home/chen/workspace/fuse-mxfp8-sm90/results/mxfp8_weight/policy_ab/cp4_frozen_reverse_v1.json""}}"
a2a_gemm/representative_medium/s1024/cp8,representative_medium,1024,8,128,5120,5120,"[""/home/chen/workspace/fuse-mxfp8-sm90/results/mxfp8_weight/policy_ab/cp8_frozen_v1.json"", ""/home/chen/workspace/fuse-mxfp8-sm90/results/mxfp8_weight/policy_ab/cp8_frozen_reverse_v1.json""]",oproj_forward,balanced_equal_orders,0.11933024014317467,0.11965018527304341,0.9973259955332399,"{""cluster_m"": 1, ""comm_ctas"": 4, ""policy_enum"": 1, ""raster"": ""n"", ""sm_count"": 132, ""swizzle"": 1, ""tile_k"": 64, ""tile_m"": 64, ""tile_n"": 128}","{""cluster_m"": 1, ""comm_ctas"": 4, ""policy_enum"": 1, ""raster"": ""n"", ""sm_count"": 132, ""swizzle"": 1, ""tile_k"": 64, ""tile_m"": 64, ""tile_n"": 128}","[0.99733266376149, 0.9956035456763728, 0.9989299009105683, 0.995171699485087, 1.0024170991427412, 0.9945230682412728]",False,0.11738486675797573,0.11709262399952398,1.0024958255137657,"{""cluster_m"": 1, ""comm_ctas"": 4, ""policy_enum"": 1, ""raster"": ""n"", ""sm_count"": 132, ""swizzle"": 1, ""tile_k"": 64, ""tile_m"": 64, ""tile_n"": 128}","{""cluster_m"": 1, ""comm_ctas"": 4, ""policy_enum"": 1, ""raster"": ""n"", ""sm_count"": 132, ""swizzle"": 1, ""tile_k"": 64, ""tile_m"": 64, ""tile_n"": 128}","[1.0039934207227357, 1.0023348618846772, 1.0048176554662147, 1.0075167355978396, 0.9989178870592174, 0.9974299817656411]",False,"{""baseline-model"": {""eager_baseline_p50_geomean_ms"": 0.11956798363662721, ""eager_model_p50_geomean_ms"": 0.11989316046050708, ""eager_paired_speedups"": [0.99733266376149, 0.9956035456763728, 0.9989299009105683], ""eager_speedup"": 0.9972877783634124, ""graph_baseline_p50_geomean_ms"": 0.11674131931204487, ""graph_model_p50_geomean_ms"": 0.11630925584025896, ""graph_paired_speedups"": [1.0039934207227357, 1.0023348618846772, 1.0048176554662147], ""graph_speedup"": 1.0037147814992418, ""source"": ""/home/chen/workspace/fuse-mxfp8-sm90/results/mxfp8_weight/policy_ab/cp8_frozen_v1.json""}, ""model-baseline"": {""eager_baseline_p50_geomean_ms"": 0.1190929693679779, ""eager_model_p50_geomean_ms"": 0.11940770249850392, ""eager_paired_speedups"": [0.995171699485087, 1.0024170991427412, 0.9945230682412728], ""eager_speedup"": 0.9973642141675914, ""graph_baseline_p50_geomean_ms"": 0.11803196181941752, ""graph_model_p50_geomean_ms"": 0.11788126831388529, ""graph_paired_speedups"": [1.0075167355978396, 0.9989178870592174, 0.9974299817656411], ""graph_speedup"": 1.0012783498827909, ""source"": ""/home/chen/workspace/fuse-mxfp8-sm90/results/mxfp8_weight/policy_ab/cp8_frozen_reverse_v1.json""}}"
a2a_gemm/representative_medium/s4096/cp4,representative_medium,4096,4,1024,5120,5120,"[""/home/chen/workspace/fuse-mxfp8-sm90/results/mxfp8_weight/policy_ab/cp4_frozen_v1.json"", ""/home/chen/workspace/fuse-mxfp8-sm90/results/mxfp8_weight/policy_ab/cp4_frozen_reverse_v1.json""]",oproj_forward,balanced_equal_orders,0.17907169783109744,0.17936904468247264,0.9983422621673572,"{""cluster_m"": 1, ""comm_ctas"": 4, ""policy_enum"": 3, ""raster"": ""n"", ""sm_count"": 132, ""swizzle"": 1, ""tile_k"": 64, ""tile_m"": 128, ""tile_n"": 160}","{""cluster_m"": 1, ""comm_ctas"": 4, ""policy_enum"": 3, ""raster"": ""n"", ""sm_count"": 132, ""swizzle"": 1, ""tile_k"": 64, ""tile_m"": 128, ""tile_n"": 160}","[1.0005305549192693, 1.0019632905474287, 0.9980352145905487, 0.9917886260195017, 0.9964276288653277, 1.0013452019682134]",False,0.17653054275781158,0.1768369331277432,0.9982673847339893,"{""cluster_m"": 1, ""comm_ctas"": 4, ""policy_enum"": 3, ""raster"": ""n"", ""sm_count"": 132, ""swizzle"": 1, ""tile_k"": 64, ""tile_m"": 128, ""tile_n"": 160}","{""cluster_m"": 1, ""comm_ctas"": 4, ""policy_enum"": 3, ""raster"": ""n"", ""sm_count"": 132, ""swizzle"": 1, ""tile_k"": 64, ""tile_m"": 128, ""tile_n"": 160}","[0.998101916854379, 0.9953958511962244, 0.9956694423172355, 1.0020852591643663, 0.9997280828417867, 0.998639713294197]",False,"{""baseline-model"": {""eager_baseline_p50_geomean_ms"": 0.17982696811694757, ""eager_model_p50_geomean_ms"": 0.17979549744095866, ""eager_paired_speedups"": [1.0005305549192693, 1.0019632905474287, 0.9980352145905487], ""eager_speedup"": 1.0001750359516055, ""graph_baseline_p50_geomean_ms"": 0.17655996181534675, ""graph_model_p50_geomean_ms"": 0.17719994988550122, ""graph_paired_speedups"": [0.998101916854379, 0.9953958511962244, 0.9956694423172355], ""graph_speedup"": 0.9963883281537718, ""source"": ""/home/chen/workspace/fuse-mxfp8-sm90/results/mxfp8_weight/policy_ab/cp4_frozen_v1.json""}, ""model-baseline"": {""eager_baseline_p50_geomean_ms"": 0.178319599667931, ""eager_model_p50_geomean_ms"": 0.1789436034173655, ""eager_paired_speedups"": [0.9917886260195017, 0.9964276288653277, 1.0013452019682134], ""eager_speedup"": 0.9965128468549999, ""graph_baseline_p50_geomean_ms"": 0.17650112860218586, ""graph_model_p50_geomean_ms"": 0.17647466005623622, ""graph_paired_speedups"": [1.0020852591643663, 0.9997280828417867, 0.998639713294197], ""graph_speedup"": 1.0001499849663473, ""source"": ""/home/chen/workspace/fuse-mxfp8-sm90/results/mxfp8_weight/policy_ab/cp4_frozen_reverse_v1.json""}}"
a2a_gemm/representative_medium/s4096/cp8,representative_medium,4096,8,512,5120,5120,"[""/home/chen/workspace/fuse-mxfp8-sm90/results/mxfp8_weight/policy_ab/cp8_frozen_v1.json"", ""/home/chen/workspace/fuse-mxfp8-sm90/results/mxfp8_weight/policy_ab/cp8_frozen_reverse_v1.json""]",oproj_forward,balanced_equal_orders,0.1598555257103107,0.16053742002388688,0.9957524276055096,"{""cluster_m"": 1, ""comm_ctas"": 4, ""policy_enum"": 3, ""raster"": ""n"", ""sm_count"": 132, ""swizzle"": 1, ""tile_k"": 64, ""tile_m"": 128, ""tile_n"": 160}","{""cluster_m"": 1, ""comm_ctas"": 4, ""policy_enum"": 3, ""raster"": ""n"", ""sm_count"": 132, ""swizzle"": 1, ""tile_k"": 64, ""tile_m"": 128, ""tile_n"": 160}","[0.9993004376778719, 0.9940239053063866, 0.997399460153358, 0.9939097677105179, 0.9991022607542561, 0.990807550663046]",False,0.15764651553996026,0.15783400603305048,0.9988121033115578,"{""cluster_m"": 1, ""comm_ctas"": 4, ""policy_enum"": 3, ""raster"": ""n"", ""sm_count"": 132, ""swizzle"": 1, ""tile_k"": 64, ""tile_m"": 128, ""tile_n"": 160}","{""cluster_m"": 1, ""comm_ctas"": 4, ""policy_enum"": 3, ""raster"": ""n"", ""sm_count"": 132, ""swizzle"": 1, ""tile_k"": 64, ""tile_m"": 128, ""tile_n"": 160}","[1.001008838826229, 0.9972672091777882, 1.0004054830981137, 0.996333284860544, 0.9975634805065676, 1.000304176635117]",False,"{""baseline-model"": {""eager_baseline_p50_geomean_ms"": 0.15973856459906224, ""eager_model_p50_geomean_ms"": 0.16023440269904968, ""eager_paired_speedups"": [0.9993004376778719, 0.9940239053063866, 0.997399460153358], ""eager_speedup"": 0.9969055453034092, ""graph_baseline_p50_geomean_ms"": 0.15810596805807514, ""graph_model_p50_geomean_ms"": 0.1581756976483741, ""graph_paired_speedups"": [1.001008838826229, 0.9972672091777882, 1.0004054830981137], ""graph_speedup"": 0.9995591636936927, ""source"": ""/home/chen/workspace/fuse-mxfp8-sm90/results/mxfp8_weight/policy_ab/cp8_frozen_v1.json""}, ""model-baseline"": {""eager_baseline_p50_geomean_ms"": 0.15997257246087604, ""eager_model_p50_geomean_ms"": 0.16084101038109172, ""eager_paired_speedups"": [0.9939097677105179, 0.9991022607542561, 0.990807550663046], ""eager_speedup"": 0.9946006437154431, ""graph_baseline_p50_geomean_ms"": 0.15718839818090988, ""graph_model_p50_geomean_ms"": 0.15749305254097665, ""graph_paired_speedups"": [0.996333284860544, 0.9975634805065676, 1.000304176635117], ""graph_speedup"": 0.9980656012747763, ""source"": ""/home/chen/workspace/fuse-mxfp8-sm90/results/mxfp8_weight/policy_ab/cp8_frozen_reverse_v1.json""}}"
a2a_gemm/representative_medium/s16384/cp4,representative_medium,16384,4,4096,5120,5120,"[""/home/chen/workspace/fuse-mxfp8-sm90/results/mxfp8_weight/policy_ab/cp4_frozen_v1.json"", ""/home/chen/workspace/fuse-mxfp8-sm90/results/mxfp8_weight/policy_ab/cp4_frozen_reverse_v1.json""]",oproj_forward,balanced_equal_orders,0.4311286511451505,0.4318138800741288,0.9984131382509964,"{""cluster_m"": 2, ""comm_ctas"": 4, ""policy_enum"": 5, ""raster"": ""n"", ""sm_count"": 132, ""swizzle"": 1, ""tile_k"": 64, ""tile_m"": 128, ""tile_n"": 320}","{""cluster_m"": 2, ""comm_ctas"": 4, ""policy_enum"": 5, ""raster"": ""n"", ""sm_count"": 132, ""swizzle"": 1, ""tile_k"": 64, ""tile_m"": 128, ""tile_n"": 320}","[0.9953231179945029, 0.9998151949283899, 0.9950929979069294, 0.995139839700849, 1.0007077899042536, 1.004437308634011]",False,0.42784555786272355,0.42753728594879664,1.000721041004045,"{""cluster_m"": 2, ""comm_ctas"": 4, ""policy_enum"": 5, ""raster"": ""n"", ""sm_count"": 132, ""swizzle"": 1, ""tile_k"": 64, ""tile_m"": 128, ""tile_n"": 320}","{""cluster_m"": 2, ""comm_ctas"": 4, ""policy_enum"": 5, ""raster"": ""n"", ""sm_count"": 132, ""swizzle"": 1, ""tile_k"": 64, ""tile_m"": 128, ""tile_n"": 320}","[1.0019028836460422, 1.0086584828689218, 1.000709507899705, 0.9985791271260553, 0.9975304932699173, 0.9969921191420558]",False,"{""baseline-model"": {""eager_baseline_p50_geomean_ms"": 0.4322716602616395, ""eager_model_p50_geomean_ms"": 0.4336848648326318, ""eager_paired_speedups"": [0.9953231179945029, 0.9998151949283899, 0.9950929979069294], ""eager_speedup"": 0.9967414021433795, ""graph_baseline_p50_geomean_ms"": 0.42965804337006586, ""graph_model_p50_geomean_ms"": 0.42805247620174347, ""graph_paired_speedups"": [1.0019028836460422, 1.0086584828689218, 1.000709507899705], ""graph_speedup"": 1.0037508652737381, ""source"": ""/home/chen/workspace/fuse-mxfp8-sm90/results/mxfp8_weight/policy_ab/cp4_frozen_v1.json""}, ""model-baseline"": {""eager_baseline_p50_geomean_ms"": 0.42998866436382815, ""eager_model_p50_geomean_ms"": 0.4299509670383222, ""eager_paired_speedups"": [0.995139839700849, 1.0007077899042536, 1.004437308634011], ""eager_speedup"": 1.000087678196808, ""graph_baseline_p50_geomean_ms"": 0.42604071821181294, ""graph_model_p50_geomean_ms"": 0.42702271576234047, ""graph_paired_speedups"": [0.9985791271260553, 0.9975304932699173, 0.9969921191420558], ""graph_speedup"": 0.9977003622658007, ""source"": ""/home/chen/workspace/fuse-mxfp8-sm90/results/mxfp8_weight/policy_ab/cp4_frozen_reverse_v1.json""}}"
a2a_gemm/representative_medium/s16384/cp8,representative_medium,16384,8,2048,5120,5120,"[""/home/chen/workspace/fuse-mxfp8-sm90/results/mxfp8_weight/policy_ab/cp8_frozen_v1.json"", ""/home/chen/workspace/fuse-mxfp8-sm90/results/mxfp8_weight/policy_ab/cp8_frozen_reverse_v1.json""]",oproj_forward,balanced_equal_orders,0.33218524684900613,0.3149260033312267,1.0548041233026633,"{""cluster_m"": 2, ""comm_ctas"": 4, ""policy_enum"": 5, ""raster"": ""n"", ""sm_count"": 132, ""swizzle"": 1, ""tile_k"": 64, ""tile_m"": 128, ""tile_n"": 320}","{""cluster_m"": 2, ""comm_ctas"": 24, ""policy_enum"": 4, ""raster"": ""n"", ""sm_count"": 132, ""swizzle"": 1, ""tile_k"": 64, ""tile_m"": 128, ""tile_n"": 256}","[1.0593374563239728, 1.0635799952894276, 1.0566095228088999, 1.0468741737828742, 1.0516096438193134, 1.0509035464593197]",True,0.32897135907776204,0.3097379725445759,1.0620956687201732,"{""cluster_m"": 2, ""comm_ctas"": 4, ""policy_enum"": 5, ""raster"": ""n"", ""sm_count"": 132, ""swizzle"": 1, ""tile_k"": 64, ""tile_m"": 128, ""tile_n"": 320}","{""cluster_m"": 2, ""comm_ctas"": 24, ""policy_enum"": 4, ""raster"": ""n"", ""sm_count"": 132, ""swizzle"": 1, ""tile_k"": 64, ""tile_m"": 128, ""tile_n"": 256}","[1.0650623616742951, 1.0680979964194648, 1.0656719704788673, 1.0505562851116437, 1.065826360370819, 1.0574658797505827]",True,"{""baseline-model"": {""eager_baseline_p50_geomean_ms"": 0.33457990957703565, ""eager_model_p50_geomean_ms"": 0.31568953815161155, ""eager_paired_speedups"": [1.0593374563239728, 1.0635799952894276, 1.0566095228088999], ""eager_speedup"": 1.0598384461392951, ""graph_baseline_p50_geomean_ms"": 0.33037047977081285, ""graph_model_p50_geomean_ms"": 0.3098356170190246, ""graph_paired_speedups"": [1.0650623616742951, 1.0680979964194648, 1.0656719704788673], ""graph_speedup"": 1.0662766371063384, ""source"": ""/home/chen/workspace/fuse-mxfp8-sm90/results/mxfp8_weight/policy_ab/cp8_frozen_v1.json""}, ""model-baseline"": {""eager_baseline_p50_geomean_ms"": 0.3298077232540115, ""eager_model_p50_geomean_ms"": 0.31416431521575766, ""eager_paired_speedups"": [1.0468741737828742, 1.0516096438193134, 1.0509035464593197], ""eager_speedup"": 1.049793713928046, ""graph_baseline_p50_geomean_ms"": 0.3275781636680933, ""graph_model_p50_geomean_ms"": 0.3096403588427138, ""graph_paired_speedups"": [1.0505562851116437, 1.065826360370819, 1.0574658797505827], ""graph_speedup"": 1.0579310942941098, ""source"": ""/home/chen/workspace/fuse-mxfp8-sm90/results/mxfp8_weight/policy_ab/cp8_frozen_reverse_v1.json""}}"
a2a_gemm/representative_medium/s131072/cp4,representative_medium,131072,4,32768,5120,5120,"[""/home/chen/workspace/fuse-mxfp8-sm90/results/mxfp8_weight/policy_ab/cp4_frozen_v1.json"", ""/home/chen/workspace/fuse-mxfp8-sm90/results/mxfp8_weight/policy_ab/cp4_frozen_reverse_v1.json""]",oproj_forward,balanced_equal_orders,2.6483593687354996,2.651843686200344,0.9986860773570565,"{""cluster_m"": 2, ""comm_ctas"": 6, ""policy_enum"": 5, ""raster"": ""n"", ""sm_count"": 132, ""swizzle"": 1, ""tile_k"": 64, ""tile_m"": 128, ""tile_n"": 320}","{""cluster_m"": 2, ""comm_ctas"": 6, ""policy_enum"": 5, ""raster"": ""n"", ""sm_count"": 132, ""swizzle"": 1, ""tile_k"": 64, ""tile_m"": 128, ""tile_n"": 320}","[1.01341875110505, 0.9910784864110138, 0.8269701436486013, 1.017357117159985, 1.0072164015384364, 1.1657111239017721]",False,2.70256397095875,2.612757490634038,1.0343722984802992,"{""cluster_m"": 2, ""comm_ctas"": 6, ""policy_enum"": 5, ""raster"": ""n"", ""sm_count"": 132, ""swizzle"": 1, ""tile_k"": 64, ""tile_m"": 128, ""tile_n"": 320}","{""cluster_m"": 2, ""comm_ctas"": 6, ""policy_enum"": 5, ""raster"": ""n"", ""sm_count"": 132, ""swizzle"": 1, ""tile_k"": 64, ""tile_m"": 128, ""tile_n"": 320}","[1.0142540396323863, 0.9939751377639705, 1.0106354554943855, 1.0072355465559757, 0.9999009793086419, 1.193593517207139]",False,"{""baseline-model"": {""eager_baseline_p50_geomean_ms"": 2.5892744144046476, ""eager_model_p50_geomean_ms"": 2.7545403694215027, ""eager_paired_speedups"": [1.01341875110505, 0.9910784864110138, 0.8269701436486013], ""eager_speedup"": 0.9400023478139975, ""graph_baseline_p50_geomean_ms"": 2.6695957407228748, ""graph_model_p50_geomean_ms"": 2.6530161971271253, ""graph_paired_speedups"": [1.0142540396323863, 0.9939751377639705, 1.0106354554943855], ""graph_speedup"": 1.0062493186486021, ""source"": ""/home/chen/workspace/fuse-mxfp8-sm90/results/mxfp8_weight/policy_ab/cp4_frozen_v1.json""}, ""model-baseline"": {""eager_baseline_p50_geomean_ms"": 2.7087925895184735, ""eager_model_p50_geomean_ms"": 2.552975811901976, ""eager_paired_speedups"": [1.017357117159985, 1.0072164015384364, 1.1657111239017721], ""eager_speedup"": 1.0610333936146503, ""graph_baseline_p50_geomean_ms"": 2.7359393430656973, ""graph_model_p50_geomean_ms"": 2.5731096976552563, ""graph_paired_speedups"": [1.0072355465559757, 0.9999009793086419, 1.193593517207139], ""graph_speedup"": 1.0632812684040704, ""source"": ""/home/chen/workspace/fuse-mxfp8-sm90/results/mxfp8_weight/policy_ab/cp4_frozen_reverse_v1.json""}}"
a2a_gemm/representative_medium/s131072/cp8,representative_medium,131072,8,16384,5120,5120,"[""/home/chen/workspace/fuse-mxfp8-sm90/results/mxfp8_weight/policy_ab/cp8_frozen_v1.json"", ""/home/chen/workspace/fuse-mxfp8-sm90/results/mxfp8_weight/policy_ab/cp8_frozen_reverse_v1.json""]",oproj_forward,balanced_equal_orders,1.8862144484944707,1.4701188496370179,1.2830353470810816,"{""cluster_m"": 2, ""comm_ctas"": 4, ""policy_enum"": 5, ""raster"": ""n"", ""sm_count"": 132, ""swizzle"": 1, ""tile_k"": 64, ""tile_m"": 128, ""tile_n"": 320}","{""cluster_m"": 2, ""comm_ctas"": 8, ""policy_enum"": 5, ""raster"": ""n"", ""sm_count"": 132, ""swizzle"": 1, ""tile_k"": 64, ""tile_m"": 128, ""tile_n"": 320}","[1.306500181259701, 1.2903471461554563, 1.2952297784332716, 1.272534947323815, 1.2689327370143961, 1.2652039714310108]",True,1.8823919815920052,1.4711766297843463,1.2795146031295621,"{""cluster_m"": 2, ""comm_ctas"": 4, ""policy_enum"": 5, ""raster"": ""n"", ""sm_count"": 132, ""swizzle"": 1, ""tile_k"": 64, ""tile_m"": 128, ""tile_n"": 320}","{""cluster_m"": 2, ""comm_ctas"": 8, ""policy_enum"": 5, ""raster"": ""n"", ""sm_count"": 132, ""swizzle"": 1, ""tile_k"": 64, ""tile_m"": 128, ""tile_n"": 320}","[1.3001016517493302, 1.2876040508020603, 1.288924061621551, 1.272837876631866, 1.2605919261604184, 1.2674676807105343]",True,"{""baseline-model"": {""eager_baseline_p50_geomean_ms"": 1.907340681194304, ""eager_model_p50_geomean_ms"": 1.4701917621658662, ""eager_paired_speedups"": [1.306500181259701, 1.2903471461554563, 1.2952297784332716], ""eager_speedup"": 1.2973414287020877, ""graph_baseline_p50_geomean_ms"": 1.9031252966754302, ""graph_model_p50_geomean_ms"": 1.472781737147693, ""graph_paired_speedups"": [1.3001016517493302, 1.2876040508020603, 1.288924061621551], ""graph_speedup"": 1.2921977837402945, ""source"": ""/home/chen/workspace/fuse-mxfp8-sm90/results/mxfp8_weight/policy_ab/cp8_frozen_v1.json""}, ""model-baseline"": {""eager_baseline_p50_geomean_ms"": 1.8653222157887066, ""eager_model_p50_geomean_ms"": 1.4700459407241853, ""eager_paired_speedups"": [1.272534947323815, 1.2689327370143961, 1.2652039714310108], ""eager_speedup"": 1.26888702190477, ""graph_baseline_p50_geomean_ms"": 1.8618845425216306, ""graph_model_p50_geomean_ms"": 1.4695732717431043, ""graph_paired_speedups"": [1.272837876631866, 1.2605919261604184, 1.2674676807105343], ""graph_speedup"": 1.266955910482227, ""source"": ""/home/chen/workspace/fuse-mxfp8-sm90/results/mxfp8_weight/policy_ab/cp8_frozen_reverse_v1.json""}}"
a2a_gemm/representative_medium/s262144/cp4,representative_medium,262144,4,65536,5120,5120,"[""/home/chen/workspace/fuse-mxfp8-sm90/results/mxfp8_weight/policy_ab/cp4_frozen_v1.json"", ""/home/chen/workspace/fuse-mxfp8-sm90/results/mxfp8_weight/policy_ab/cp4_frozen_reverse_v1.json""]",oproj_forward,balanced_equal_orders,5.340116371245189,5.31753404933019,1.0042467658327163,"{""cluster_m"": 2, ""comm_ctas"": 6, ""policy_enum"": 5, ""raster"": ""n"", ""sm_count"": 132, ""swizzle"": 1, ""tile_k"": 64, ""tile_m"": 128, ""tile_n"": 320}","{""cluster_m"": 2, ""comm_ctas"": 6, ""policy_enum"": 5, ""raster"": ""n"", ""sm_count"": 132, ""swizzle"": 1, ""tile_k"": 64, ""tile_m"": 128, ""tile_n"": 320}","[0.9990656757662718, 1.116654075998077, 0.9088350511062603, 1.0005380032572135, 0.9301512370547409, 1.0870705526993156]",False,5.35663920531471,5.338538093288516,1.0033906495954297,"{""cluster_m"": 2, ""comm_ctas"": 6, ""policy_enum"": 5, ""raster"": ""n"", ""sm_count"": 132, ""swizzle"": 1, ""tile_k"": 64, ""tile_m"": 128, ""tile_n"": 320}","{""cluster_m"": 2, ""comm_ctas"": 6, ""policy_enum"": 5, ""raster"": ""n"", ""sm_count"": 132, ""swizzle"": 1, ""tile_k"": 64, ""tile_m"": 128, ""tile_n"": 320}","[0.9976253667864183, 1.067889580102979, 0.9494065867341592, 0.9809069628879125, 0.9568594653259971, 1.0749747175502804]",False,"{""baseline-model"": {""eager_baseline_p50_geomean_ms"": 5.332869078302327, ""eager_model_p50_geomean_ms"": 5.308375888342408, ""eager_paired_speedups"": [0.9990656757662718, 1.116654075998077, 0.9088350511062603], ""eager_speedup"": 1.004614064729988, ""graph_baseline_p50_geomean_ms"": 5.349121714728698, ""graph_model_p50_geomean_ms"": 5.328853600861534, ""graph_paired_speedups"": [0.9976253667864183, 1.067889580102979, 0.9494065867341592], ""graph_speedup"": 1.0038034660708046, ""source"": ""/home/chen/workspace/fuse-mxfp8-sm90/results/mxfp8_weight/policy_ab/cp4_frozen_v1.json""}, ""model-baseline"": {""eager_baseline_p50_geomean_ms"": 5.347373513155694, ""eager_model_p50_geomean_ms"": 5.3267080102376525, ""eager_paired_speedups"": [1.0005380032572135, 0.9301512370547409, 1.0870705526993156], ""eager_speedup"": 1.003879601224307, ""graph_baseline_p50_geomean_ms"": 5.364167260750005, ""graph_model_p50_geomean_ms"": 5.348240186010155, ""graph_paired_speedups"": [0.9809069628879125, 0.9568594653259971, 1.0749747175502804], ""graph_speedup"": 1.0029780028917763, ""source"": ""/home/chen/workspace/fuse-mxfp8-sm90/results/mxfp8_weight/policy_ab/cp4_frozen_reverse_v1.json""}}"
a2a_gemm/representative_medium/s262144/cp8,representative_medium,262144,8,32768,5120,5120,"[""/home/chen/workspace/fuse-mxfp8-sm90/results/mxfp8_weight/policy_ab/cp8_frozen_v1.json"", ""/home/chen/workspace/fuse-mxfp8-sm90/results/mxfp8_weight/policy_ab/cp8_frozen_reverse_v1.json""]",oproj_forward,balanced_equal_orders,2.8436670611114,2.844696544628054,0.999638104275621,"{""cluster_m"": 2, ""comm_ctas"": 8, ""policy_enum"": 5, ""raster"": ""n"", ""sm_count"": 132, ""swizzle"": 1, ""tile_k"": 64, ""tile_m"": 128, ""tile_n"": 320}","{""cluster_m"": 2, ""comm_ctas"": 8, ""policy_enum"": 5, ""raster"": ""n"", ""sm_count"": 132, ""swizzle"": 1, ""tile_k"": 64, ""tile_m"": 128, ""tile_n"": 320}","[0.9999486846534319, 0.99800799946638, 1.0672655787079104, 0.9980607143687938, 0.9997839895786408, 0.9388785903849427]",False,2.8127112897239748,2.8289031652510364,0.9942762708437834,"{""cluster_m"": 2, ""comm_ctas"": 8, ""policy_enum"": 5, ""raster"": ""n"", ""sm_count"": 132, ""swizzle"": 1, ""tile_k"": 64, ""tile_m"": 128, ""tile_n"": 320}","{""cluster_m"": 2, ""comm_ctas"": 8, ""policy_enum"": 5, ""raster"": ""n"", ""sm_count"": 132, ""swizzle"": 1, ""tile_k"": 64, ""tile_m"": 128, ""tile_n"": 320}","[1.0005366687642276, 0.9660986816010348, 1.0141206812568189, 0.9982102110764334, 0.9977605910867359, 0.9895778262006274]",False,"{""baseline-model"": {""eager_baseline_p50_geomean_ms"": 2.8720283053660083, ""eager_model_p50_geomean_ms"": 2.8122934556817984, ""eager_paired_speedups"": [0.9999486846534319, 0.99800799946638, 1.0672655787079104], ""eager_speedup"": 1.0212406175335376, ""graph_baseline_p50_geomean_ms"": 2.819402673456545, ""graph_model_p50_geomean_ms"": 2.83819606975217, ""graph_paired_speedups"": [1.0005366687642276, 0.9660986816010348, 1.0141206812568189], ""graph_speedup"": 0.9933784009864876, ""source"": ""/home/chen/workspace/fuse-mxfp8-sm90/results/mxfp8_weight/policy_ab/cp8_frozen_v1.json""}, ""model-baseline"": {""eager_baseline_p50_geomean_ms"": 2.8155858837956047, ""eager_model_p50_geomean_ms"": 2.8774729801648444, ""eager_paired_speedups"": [0.9980607143687938, 0.9997839895786408, 0.9388785903849427], ""eager_speedup"": 0.9784925534328752, ""graph_baseline_p50_geomean_ms"": 2.806035786878756, ""graph_model_p50_geomean_ms"": 2.819640687849349, ""graph_paired_speedups"": [0.9982102110764334, 0.9977605910867359, 0.9895778262006274], ""graph_speedup"": 0.995174952245079, ""source"": ""/home/chen/workspace/fuse-mxfp8-sm90/results/mxfp8_weight/policy_ab/cp8_frozen_reverse_v1.json""}}"
a2a_gemm/representative_medium/s524288/cp4,representative_medium,524288,4,131072,5120,5120,"[""/home/chen/workspace/fuse-mxfp8-sm90/results/mxfp8_weight/policy_ab/cp4_frozen_v1.json"", ""/home/chen/workspace/fuse-mxfp8-sm90/results/mxfp8_weight/policy_ab/cp4_frozen_reverse_v1.json""]",oproj_forward,balanced_equal_orders,10.515176755006229,10.50523916723875,1.000945964923718,"{""cluster_m"": 2, ""comm_ctas"": 6, ""policy_enum"": 5, ""raster"": ""n"", ""sm_count"": 132, ""swizzle"": 1, ""tile_k"": 64, ""tile_m"": 128, ""tile_n"": 320}","{""cluster_m"": 2, ""comm_ctas"": 6, ""policy_enum"": 5, ""raster"": ""n"", ""sm_count"": 132, ""swizzle"": 1, ""tile_k"": 64, ""tile_m"": 128, ""tile_n"": 320}","[0.97158810895395, 1.0022185133626926, 1.026183918953246, 1.0317055561715671, 1.0087460795950653, 0.9670665309116541]",False,10.59852158186153,10.569482798349801,1.002747417642447,"{""cluster_m"": 2, ""comm_ctas"": 6, ""policy_enum"": 5, ""raster"": ""n"", ""sm_count"": 132, ""swizzle"": 1, ""tile_k"": 64, ""tile_m"": 128, ""tile_n"": 320}","{""cluster_m"": 2, ""comm_ctas"": 6, ""policy_enum"": 5, ""raster"": ""n"", ""sm_count"": 132, ""swizzle"": 1, ""tile_k"": 64, ""tile_m"": 128, ""tile_n"": 320}","[0.9907891445156074, 1.0219257434134992, 0.9950557246771443, 1.0210131296418765, 0.9887887863339173, 0.9994624265803721]",False,"{""baseline-model"": {""eager_baseline_p50_geomean_ms"": 10.52390450395907, ""eager_model_p50_geomean_ms"": 10.526571864303737, ""eager_paired_speedups"": [0.97158810895395, 1.0022185133626926, 1.026183918953246], ""eager_speedup"": 0.9997466069315772, ""graph_baseline_p50_geomean_ms"": 10.583772248570051, ""graph_model_p50_geomean_ms"": 10.557420629851292, ""graph_paired_speedups"": [0.9907891445156074, 1.0219257434134992, 0.9950557246771443], ""graph_speedup"": 1.0024960281154522, ""source"": ""/home/chen/workspace/fuse-mxfp8-sm90/results/mxfp8_weight/policy_ab/cp4_frozen_v1.json""}, ""model-baseline"": {""eager_baseline_p50_geomean_ms"": 10.50645624420361, ""eager_model_p50_geomean_ms"": 10.483949702098638, ""eager_paired_speedups"": [1.0317055561715671, 1.0087460795950653, 0.9670665309116541], ""eager_speedup"": 1.0021467617400401, ""graph_baseline_p50_geomean_ms"": 10.613291469528836, ""graph_model_p50_geomean_ms"": 10.581558748236212, ""graph_paired_speedups"": [1.0210131296418765, 0.9887887863339173, 0.9994624265803721], ""graph_speedup"": 1.0029988702087878, ""source"": ""/home/chen/workspace/fuse-mxfp8-sm90/results/mxfp8_weight/policy_ab/cp4_frozen_reverse_v1.json""}}"
a2a_gemm/representative_medium/s524288/cp8,representative_medium,524288,8,65536,5120,5120,"[""/home/chen/workspace/fuse-mxfp8-sm90/results/mxfp8_weight/policy_ab/cp8_frozen_v1.json"", ""/home/chen/workspace/fuse-mxfp8-sm90/results/mxfp8_weight/policy_ab/cp8_frozen_reverse_v1.json""]",oproj_forward,balanced_equal_orders,5.514672030257109,5.528889401339179,0.997428530388286,"{""cluster_m"": 2, ""comm_ctas"": 8, ""policy_enum"": 5, ""raster"": ""n"", ""sm_count"": 132, ""swizzle"": 1, ""tile_k"": 64, ""tile_m"": 128, ""tile_n"": 320}","{""cluster_m"": 2, ""comm_ctas"": 8, ""policy_enum"": 5, ""raster"": ""n"", ""sm_count"": 132, ""swizzle"": 1, ""tile_k"": 64, ""tile_m"": 128, ""tile_n"": 320}","[1.0002853551852247, 1.0431049217806878, 0.9550258532619723, 1.0006597010972973, 0.94320573356467, 1.0469618188563439]",False,5.481459538073446,5.492637826352675,0.9979648597572564,"{""cluster_m"": 2, ""comm_ctas"": 8, ""policy_enum"": 5, ""raster"": ""n"", ""sm_count"": 132, ""swizzle"": 1, ""tile_k"": 64, ""tile_m"": 128, ""tile_n"": 320}","{""cluster_m"": 2, ""comm_ctas"": 8, ""policy_enum"": 5, ""raster"": ""n"", ""sm_count"": 132, ""swizzle"": 1, ""tile_k"": 64, ""tile_m"": 128, ""tile_n"": 320}","[0.9985304982059544, 1.0384751333268343, 0.9796729467704091, 1.0015896827912387, 0.9618572958450752, 1.0093748009732033]",False,"{""baseline-model"": {""eager_baseline_p50_geomean_ms"": 5.512321883083098, ""eager_model_p50_geomean_ms"": 5.518811471988611, ""eager_paired_speedups"": [1.0002853551852247, 1.0431049217806878, 0.9550258532619723], ""eager_speedup"": 0.9988240966486256, ""graph_baseline_p50_geomean_ms"": 5.507488895452671, ""graph_model_p50_geomean_ms"": 5.478657019408792, ""graph_paired_speedups"": [0.9985304982059544, 1.0384751333268343, 0.9796729467704091], ""graph_speedup"": 1.0052625809467066, ""source"": ""/home/chen/workspace/fuse-mxfp8-sm90/results/mxfp8_weight/policy_ab/cp8_frozen_v1.json""}, ""model-baseline"": {""eager_baseline_p50_geomean_ms"": 5.517023179403039, ""eager_model_p50_geomean_ms"": 5.538985734047157, ""eager_paired_speedups"": [1.0006597010972973, 0.94320573356467, 1.0469618188563439], ""eager_speedup"": 0.9960349140260252, ""graph_baseline_p50_geomean_ms"": 5.455553199997291, ""graph_model_p50_geomean_ms"": 5.506654310463812, ""graph_paired_speedups"": [1.0015896827912387, 0.9618572958450752, 1.0093748009732033], ""graph_speedup"": 0.9907201165016996, ""source"": ""/home/chen/workspace/fuse-mxfp8-sm90/results/mxfp8_weight/policy_ab/cp8_frozen_reverse_v1.json""}}"
a2a_gemm/representative_large/s1024/cp4,representative_large,1024,4,256,7168,16384,"[""/home/chen/workspace/fuse-mxfp8-sm90/results/mxfp8_weight/policy_ab/cp4_frozen_v1.json"", ""/home/chen/workspace/fuse-mxfp8-sm90/results/mxfp8_weight/policy_ab/cp4_frozen_reverse_v1.json""]",oproj_forward,balanced_equal_orders,0.42361804977198275,0.42346453723145805,1.0003625156938247,"{""cluster_m"": 1, ""comm_ctas"": 4, ""policy_enum"": 2, ""raster"": ""n"", ""sm_count"": 132, ""swizzle"": 1, ""tile_k"": 64, ""tile_m"": 128, ""tile_n"": 128}","{""cluster_m"": 1, ""comm_ctas"": 4, ""policy_enum"": 2, ""raster"": ""n"", ""sm_count"": 132, ""swizzle"": 1, ""tile_k"": 64, ""tile_m"": 128, ""tile_n"": 128}","[0.9970563767882699, 1.0013577835773415, 0.9957799226503966, 1.003298684230552, 0.9983424247653985, 1.0063807745650784]",False,0.41934604553400784,0.42014272105807887,0.9981037978664378,"{""cluster_m"": 1, ""comm_ctas"": 4, ""policy_enum"": 2, ""raster"": ""n"", ""sm_count"": 132, ""swizzle"": 1, ""tile_k"": 64, ""tile_m"": 128, ""tile_n"": 128}","{""cluster_m"": 1, ""comm_ctas"": 4, ""policy_enum"": 2, ""raster"": ""n"", ""sm_count"": 132, ""swizzle"": 1, ""tile_k"": 64, ""tile_m"": 128, ""tile_n"": 128}","[0.9947969942449069, 0.9982138737689458, 1.000800558928458, 0.9965421768955204, 0.9975950432706274, 1.000687964938277]",False,"{""baseline-model"": {""eager_baseline_p50_geomean_ms"": 0.4234549297521872, ""eager_model_p50_geomean_ms"": 0.424277245044402, ""eager_paired_speedups"": [0.9970563767882699, 1.0013577835773415, 0.9957799226503966], ""eager_speedup"": 0.9980618444618002, ""graph_baseline_p50_geomean_ms"": 0.41980235847472214, ""graph_model_p50_geomean_ms"": 0.42067141829394417, ""graph_paired_speedups"": [0.9947969942449069, 0.9982138737689458, 1.000800558928458], ""graph_speedup"": 0.9979341125129286, ""source"": ""/home/chen/workspace/fuse-mxfp8-sm90/results/mxfp8_weight/policy_ab/cp4_frozen_v1.json""}, ""model-baseline"": {""eager_baseline_p50_geomean_ms"": 0.42378123262760564, ""eager_model_p50_geomean_ms"": 0.4226533861694286, ""eager_paired_speedups"": [1.003298684230552, 0.9983424247653985, 1.0063807745650784], ""eager_speedup"": 1.0026684902927172, ""graph_baseline_p50_geomean_ms"": 0.4188902285921741, ""graph_model_p50_geomean_ms"": 0.41961468828562865, ""graph_paired_speedups"": [0.9965421768955204, 0.9975950432706274, 1.000687964938277], ""graph_speedup"": 0.9982735120726726, ""source"": ""/home/chen/workspace/fuse-mxfp8-sm90/results/mxfp8_weight/policy_ab/cp4_frozen_reverse_v1.json""}}"
a2a_gemm/representative_large/s1024/cp8,representative_large,1024,8,128,7168,16384,"[""/home/chen/workspace/fuse-mxfp8-sm90/results/mxfp8_weight/policy_ab/cp8_frozen_v1.json"", ""/home/chen/workspace/fuse-mxfp8-sm90/results/mxfp8_weight/policy_ab/cp8_frozen_reverse_v1.json""]",oproj_forward,balanced_equal_orders,0.4478458925789684,0.4482088697375049,0.9991901606972902,"{""cluster_m"": 1, ""comm_ctas"": 4, ""policy_enum"": 1, ""raster"": ""n"", ""sm_count"": 132, ""swizzle"": 1, ""tile_k"": 64, ""tile_m"": 64, ""tile_n"": 128}","{""cluster_m"": 1, ""comm_ctas"": 4, ""policy_enum"": 1, ""raster"": ""n"", ""sm_count"": 132, ""swizzle"": 1, ""tile_k"": 64, ""tile_m"": 64, ""tile_n"": 128}","[1.0000710546727483, 0.9991097046931295, 1.0010394838968129, 0.9994642134076652, 0.9955371397667155, 0.999928472558982]",False,0.4450744257728185,0.44535698716686606,0.99936553955099,"{""cluster_m"": 1, ""comm_ctas"": 4, ""policy_enum"": 1, ""raster"": ""n"", ""sm_count"": 132, ""swizzle"": 1, ""tile_k"": 64, ""tile_m"": 64, ""tile_n"": 128}","{""cluster_m"": 1, ""comm_ctas"": 4, ""policy_enum"": 1, ""raster"": ""n"", ""sm_count"": 132, ""swizzle"": 1, ""tile_k"": 64, ""tile_m"": 64, ""tile_n"": 128}","[1.0012227062652417, 0.9980602771339485, 0.9960206609779442, 0.9980978813180754, 1.0020137183621516, 1.0007915035612467]",False,"{""baseline-model"": {""eager_baseline_p50_geomean_ms"": 0.4486644221147129, ""eager_model_p50_geomean_ms"": 0.44863162530099765, ""eager_paired_speedups"": [1.0000710546727483, 0.9991097046931295, 1.0010394838968129], ""eager_speedup"": 1.0000731041056077, ""graph_baseline_p50_geomean_ms"": 0.44484779316019635, ""graph_model_p50_geomean_ms"": 0.4455462960284271, ""graph_paired_speedups"": [1.0012227062652417, 0.9980602771339485, 0.9960206609779442], ""graph_speedup"": 0.9984322552460717, ""source"": ""/home/chen/workspace/fuse-mxfp8-sm90/results/mxfp8_weight/policy_ab/cp8_frozen_v1.json""}, ""model-baseline"": {""eager_baseline_p50_geomean_ms"": 0.4470288563432669, ""eager_model_p50_geomean_ms"": 0.4477865125459867, ""eager_paired_speedups"": [0.9994642134076652, 0.9955371397667155, 0.999928472558982], ""eager_speedup"": 0.9983079968210479, ""graph_baseline_p50_geomean_ms"": 0.44530117384592377, ""graph_model_p50_geomean_ms"": 0.44516775874104286, ""graph_paired_speedups"": [0.9980978813180754, 1.0020137183621516, 1.0007915035612467], ""graph_speedup"": 1.0002996962431825, ""source"": ""/home/chen/workspace/fuse-mxfp8-sm90/results/mxfp8_weight/policy_ab/cp8_frozen_reverse_v1.json""}}"
a2a_gemm/representative_large/s4096/cp4,representative_large,4096,4,1024,7168,16384,"[""/home/chen/workspace/fuse-mxfp8-sm90/results/mxfp8_weight/policy_ab/cp4_frozen_v1.json"", ""/home/chen/workspace/fuse-mxfp8-sm90/results/mxfp8_weight/policy_ab/cp4_frozen_reverse_v1.json""]",oproj_forward,balanced_equal_orders,0.6917314854028267,0.671033313137392,1.0308452231211307,"{""cluster_m"": 2, ""comm_ctas"": 4, ""policy_enum"": 4, ""raster"": ""n"", ""sm_count"": 132, ""swizzle"": 1, ""tile_k"": 64, ""tile_m"": 128, ""tile_n"": 256}","{""cluster_m"": 2, ""comm_ctas"": 16, ""policy_enum"": 4, ""raster"": ""n"", ""sm_count"": 132, ""swizzle"": 1, ""tile_k"": 64, ""tile_m"": 128, ""tile_n"": 256}","[1.0221426517432497, 1.0237977327755088, 1.0282564829410232, 1.0440902764172324, 1.0328425449959309, 1.0340974701934706]",True,0.6984079647065209,0.6791733582068912,1.0283206139746286,"{""cluster_m"": 2, ""comm_ctas"": 4, ""policy_enum"": 4, ""raster"": ""n"", ""sm_count"": 132, ""swizzle"": 1, ""tile_k"": 64, ""tile_m"": 128, ""tile_n"": 256}","{""cluster_m"": 2, ""comm_ctas"": 16, ""policy_enum"": 4, ""raster"": ""n"", ""sm_count"": 132, ""swizzle"": 1, ""tile_k"": 64, ""tile_m"": 128, ""tile_n"": 256}","[1.027539320798312, 1.073379960061902, 1.0263325483136627, 1.0416387934372917, 0.9694959456982821, 1.0343513208249648]",True,"{""baseline-model"": {""eager_baseline_p50_geomean_ms"": 0.6932540222672128, ""eager_model_p50_geomean_ms"": 0.676524228216174, ""eager_paired_speedups"": [1.0221426517432497, 1.0237977327755088, 1.0282564829410232], ""eager_speedup"": 1.0247290390399628, ""graph_baseline_p50_geomean_ms"": 0.7046931572329057, ""graph_model_p50_geomean_ms"": 0.67616607319621, ""graph_paired_speedups"": [1.027539320798312, 1.073379960061902, 1.0263325483136627], ""graph_speedup"": 1.0421894637538514, ""source"": ""/home/chen/workspace/fuse-mxfp8-sm90/results/mxfp8_weight/policy_ab/cp4_frozen_v1.json""}, ""model-baseline"": {""eager_baseline_p50_geomean_ms"": 0.6902122923610927, ""eager_model_p50_geomean_ms"": 0.6655869643093738, ""eager_paired_speedups"": [1.0440902764172324, 1.0328425449959309, 1.0340974701934706], ""eager_speedup"": 1.0369979121770672, ""graph_baseline_p50_geomean_ms"": 0.6921788301178189, ""graph_model_p50_geomean_ms"": 0.6821940182795488, ""graph_paired_speedups"": [1.0416387934372917, 0.9694959456982821, 1.0343513208249648], ""graph_speedup"": 1.0146363227626223, ""source"": ""/home/chen/workspace/fuse-mxfp8-sm90/results/mxfp8_weight/policy_ab/cp4_frozen_reverse_v1.json""}}"
a2a_gemm/representative_large/s4096/cp8,representative_large,4096,8,512,7168,16384,"[""/home/chen/workspace/fuse-mxfp8-sm90/results/mxfp8_weight/policy_ab/cp8_frozen_v1.json"", ""/home/chen/workspace/fuse-mxfp8-sm90/results/mxfp8_weight/policy_ab/cp8_frozen_reverse_v1.json""]",oproj_forward,balanced_equal_orders,0.5967700666602114,0.5977350608259194,0.9983855821266788,"{""cluster_m"": 1, ""comm_ctas"": 4, ""policy_enum"": 2, ""raster"": ""n"", ""sm_count"": 132, ""swizzle"": 1, ""tile_k"": 64, ""tile_m"": 128, ""tile_n"": 128}","{""cluster_m"": 1, ""comm_ctas"": 4, ""policy_enum"": 2, ""raster"": ""n"", ""sm_count"": 132, ""swizzle"": 1, ""tile_k"": 64, ""tile_m"": 128, ""tile_n"": 128}","[0.9973573538635481, 0.9990636446105001, 0.9983903547610735, 0.9991428429305571, 0.998820025078026, 0.9975407706929493]",False,0.5934874361778149,0.5936448295356694,0.9997348694875731,"{""cluster_m"": 1, ""comm_ctas"": 4, ""policy_enum"": 2, ""raster"": ""n"", ""sm_count"": 132, ""swizzle"": 1, ""tile_k"": 64, ""tile_m"": 128, ""tile_n"": 128}","{""cluster_m"": 1, ""comm_ctas"": 4, ""policy_enum"": 2, ""raster"": ""n"", ""sm_count"": 132, ""swizzle"": 1, ""tile_k"": 64, ""tile_m"": 128, ""tile_n"": 128}","[1.0004303074504153, 1.001754831922684, 1.0004046628294727, 0.9982766846059987, 0.9994605739438978, 0.9980871216284126]",False,"{""baseline-model"": {""eager_baseline_p50_geomean_ms"": 0.5969270495803272, ""eager_model_p50_geomean_ms"": 0.5979614005743555, ""eager_paired_speedups"": [0.9973573538635481, 0.9990636446105001, 0.9983903547610735], ""eager_speedup"": 0.998270204409457, ""graph_baseline_p50_geomean_ms"": 0.5940420827283814, ""graph_model_p50_geomean_ms"": 0.5935298256216429, ""graph_paired_speedups"": [1.0004303074504153, 1.001754831922684, 1.0004046628294727], ""graph_speedup"": 1.0008630688545466, ""source"": ""/home/chen/workspace/fuse-mxfp8-sm90/results/mxfp8_weight/policy_ab/cp8_frozen_v1.json""}, ""model-baseline"": {""eager_baseline_p50_geomean_ms"": 0.5966131250242646, ""eager_model_p50_geomean_ms"": 0.5975088067513775, ""eager_paired_speedups"": [0.9991428429305571, 0.998820025078026, 0.9975407706929493], ""eager_speedup"": 0.9985009731789853, ""graph_baseline_p50_geomean_ms"": 0.5929333074908897, ""graph_model_p50_geomean_ms"": 0.5937598557331595, ""graph_paired_speedups"": [0.9982766846059987, 0.9994605739438978, 0.9980871216284126], ""graph_speedup"": 0.9986079418568153, ""source"": ""/home/chen/workspace/fuse-mxfp8-sm90/results/mxfp8_weight/policy_ab/cp8_frozen_reverse_v1.json""}}"
a2a_gemm/representative_large/s16384/cp4,representative_large,16384,4,4096,7168,16384,"[""/home/chen/workspace/fuse-mxfp8-sm90/results/mxfp8_weight/policy_ab/cp4_frozen_v1.json"", ""/home/chen/workspace/fuse-mxfp8-sm90/results/mxfp8_weight/policy_ab/cp4_frozen_reverse_v1.json""]",oproj_forward,balanced_equal_orders,1.829173734061692,1.8298010000987122,0.99965719439601,"{""cluster_m"": 2, ""comm_ctas"": 4, ""policy_enum"": 4, ""raster"": ""n"", ""sm_count"": 132, ""swizzle"": 1, ""tile_k"": 64, ""tile_m"": 128, ""tile_n"": 256}","{""cluster_m"": 2, ""comm_ctas"": 4, ""policy_enum"": 4, ""raster"": ""n"", ""sm_count"": 132, ""swizzle"": 1, ""tile_k"": 64, ""tile_m"": 128, ""tile_n"": 256}","[0.9815036145813772, 1.0062360996841482, 0.993760832001758, 1.0053404230160334, 1.014248134212442, 0.9971845473661777]",False,1.911762671051278,1.8993643592726464,1.0065276110495087,"{""cluster_m"": 2, ""comm_ctas"": 4, ""policy_enum"": 4, ""raster"": ""n"", ""sm_count"": 132, ""swizzle"": 1, ""tile_k"": 64, ""tile_m"": 128, ""tile_n"": 256}","{""cluster_m"": 2, ""comm_ctas"": 4, ""policy_enum"": 4, ""raster"": ""n"", ""sm_count"": 132, ""swizzle"": 1, ""tile_k"": 64, ""tile_m"": 128, ""tile_n"": 256}","[0.9504013853335063, 1.0487707263770771, 1.010784466573334, 1.078457777098249, 0.9526515379379054, 1.0045481578747364]",False,"{""baseline-model"": {""eager_baseline_p50_geomean_ms"": 1.8203007863552063, ""eager_model_p50_geomean_ms"": 1.8316898228970764, ""eager_paired_speedups"": [0.9815036145813772, 1.0062360996841482, 0.993760832001758], ""eager_speedup"": 0.9937822242611704, ""graph_baseline_p50_geomean_ms"": 1.9076048773909955, ""graph_model_p50_geomean_ms"": 1.9028579337202884, ""graph_paired_speedups"": [0.9504013853335063, 1.0487707263770771, 1.010784466573334], ""graph_speedup"": 1.002494639030369, ""source"": ""/home/chen/workspace/fuse-mxfp8-sm90/results/mxfp8_weight/policy_ab/cp4_frozen_v1.json""}, ""model-baseline"": {""eager_baseline_p50_geomean_ms"": 1.8380899324230102, ""eager_model_p50_geomean_ms"": 1.8279141250381794, ""eager_paired_speedups"": [1.0053404230160334, 1.014248134212442, 0.9971845473661777], ""eager_speedup"": 1.0055668957559034, ""graph_baseline_p50_geomean_ms"": 1.9159295269908232, ""graph_model_p50_geomean_ms"": 1.8958771988941814, ""graph_paired_speedups"": [1.078457777098249, 0.9526515379379054, 1.0045481578747364], ""graph_speedup"": 1.0105768074579606, ""source"": ""/home/chen/workspace/fuse-mxfp8-sm90/results/mxfp8_weight/policy_ab/cp4_frozen_reverse_v1.json""}}"
a2a_gemm/representative_large/s16384/cp8,representative_large,16384,8,2048,7168,16384,"[""/home/chen/workspace/fuse-mxfp8-sm90/results/mxfp8_weight/policy_ab/cp8_frozen_v1.json"", ""/home/chen/workspace/fuse-mxfp8-sm90/results/mxfp8_weight/policy_ab/cp8_frozen_reverse_v1.json""]",oproj_forward,balanced_equal_orders,1.1381748173783846,1.1381266934450665,1.0000422834589462,"{""cluster_m"": 2, ""comm_ctas"": 4, ""policy_enum"": 5, ""raster"": ""n"", ""sm_count"": 132, ""swizzle"": 1, ""tile_k"": 64, ""tile_m"": 128, ""tile_n"": 320}","{""cluster_m"": 2, ""comm_ctas"": 4, ""policy_enum"": 5, ""raster"": ""n"", ""sm_count"": 132, ""swizzle"": 1, ""tile_k"": 64, ""tile_m"": 128, ""tile_n"": 320}","[1.0025760499253296, 1.0001967376323797, 1.0008285340059402, 0.9965594949473003, 1.0034817371979743, 0.9966324786297869]",False,1.1332899738406037,1.1319901164926238,1.0011482939020775,"{""cluster_m"": 2, ""comm_ctas"": 4, ""policy_enum"": 5, ""raster"": ""n"", ""sm_count"": 132, ""swizzle"": 1, ""tile_k"": 64, ""tile_m"": 128, ""tile_n"": 320}","{""cluster_m"": 2, ""comm_ctas"": 4, ""policy_enum"": 5, ""raster"": ""n"", ""sm_count"": 132, ""swizzle"": 1, ""tile_k"": 64, ""tile_m"": 128, ""tile_n"": 320}","[1.0025709513856753, 0.9985619235055704, 1.0033411321739463, 0.9977146367149503, 1.0029754078484978, 1.0017402081208167]",False,"{""baseline-model"": {""eager_baseline_p50_geomean_ms"": 1.1394184038171287, ""eager_model_p50_geomean_ms"": 1.1380528144591648, ""eager_paired_speedups"": [1.0025760499253296, 1.0001967376323797, 1.0008285340059402], ""eager_speedup"": 1.0011999349596201, ""graph_baseline_p50_geomean_ms"": 1.134239553676237, ""graph_model_p50_geomean_ms"": 1.1325530211649246, ""graph_paired_speedups"": [1.0025709513856753, 0.9985619235055704, 1.0033411321739463], ""graph_speedup"": 1.0014891422121481, ""source"": ""/home/chen/workspace/fuse-mxfp8-sm90/results/mxfp8_weight/policy_ab/cp8_frozen_v1.json""}, ""model-baseline"": {""eager_baseline_p50_geomean_ms"": 1.1369325882173758, ""eager_model_p50_geomean_ms"": 1.138200577226971, ""eager_paired_speedups"": [0.9965594949473003, 1.0034817371979743, 0.9966324786297869], ""eager_speedup"": 0.9988859705090956, ""graph_baseline_p50_geomean_ms"": 1.1323411889885884, ""graph_model_p50_geomean_ms"": 1.1314274915967788, ""graph_paired_speedups"": [0.9977146367149503, 1.0029754078484978, 1.0017402081208167], ""graph_speedup"": 1.0008075615968297, ""source"": ""/home/chen/workspace/fuse-mxfp8-sm90/results/mxfp8_weight/policy_ab/cp8_frozen_reverse_v1.json""}}"
a2a_gemm/representative_large/s131072/cp4,representative_large,131072,4,32768,7168,16384,"[""/home/chen/workspace/fuse-mxfp8-sm90/results/mxfp8_weight/policy_ab/cp4_frozen_v1.json"", ""/home/chen/workspace/fuse-mxfp8-sm90/results/mxfp8_weight/policy_ab/cp4_frozen_reverse_v1.json""]",oproj_forward,balanced_equal_orders,12.342334198981483,12.308222597101961,1.0027714482420518,"{""cluster_m"": 2, ""comm_ctas"": 6, ""policy_enum"": 5, ""raster"": ""n"", ""sm_count"": 132, ""swizzle"": 1, ""tile_k"": 64, ""tile_m"": 128, ""tile_n"": 320}","{""cluster_m"": 2, ""comm_ctas"": 6, ""policy_enum"": 5, ""raster"": ""n"", ""sm_count"": 132, ""swizzle"": 1, ""tile_k"": 64, ""tile_m"": 128, ""tile_n"": 320}","[0.9962257739452026, 0.9929306345325739, 1.0058732530311645, 1.0151594321104709, 1.0049654940374344, 1.0016278955141549]",False,12.452122157347148,12.452252510570185,0.9999895317555672,"{""cluster_m"": 2, ""comm_ctas"": 6, ""policy_enum"": 5, ""raster"": ""n"", ""sm_count"": 132, ""swizzle"": 1, ""tile_k"": 64, ""tile_m"": 128, ""tile_n"": 320}","{""cluster_m"": 2, ""comm_ctas"": 6, ""policy_enum"": 5, ""raster"": ""n"", ""sm_count"": 132, ""swizzle"": 1, ""tile_k"": 64, ""tile_m"": 128, ""tile_n"": 320}","[0.9922986794954567, 1.008623086787118, 0.9938491413633591, 1.0112826565621127, 0.9930318051509803, 1.0010256813955565]",False,"{""baseline-model"": {""eager_baseline_p50_geomean_ms"": 12.312242663939935, ""eager_model_p50_geomean_ms"": 12.33286143311778, ""eager_paired_speedups"": [0.9962257739452026, 0.9929306345325739, 1.0058732530311645], ""eager_speedup"": 0.9983281439356425, ""graph_baseline_p50_geomean_ms"": 12.453059121162125, ""graph_model_p50_geomean_ms"": 12.475140770688029, ""graph_paired_speedups"": [0.9922986794954567, 1.008623086787118, 0.9938491413633591], ""graph_speedup"": 0.9982299478673797, ""source"": ""/home/chen/workspace/fuse-mxfp8-sm90/results/mxfp8_weight/policy_ab/cp4_frozen_v1.json""}, ""model-baseline"": {""eager_baseline_p50_geomean_ms"": 12.372499278746426, ""eager_model_p50_geomean_ms"": 12.283632985043095, ""eager_paired_speedups"": [1.0151594321104709, 1.0049654940374344, 1.0016278955141549], ""eager_speedup"": 1.0072345285642725, ""graph_baseline_p50_geomean_ms"": 12.451185264028997, ""graph_model_p50_geomean_ms"": 12.429406243762138, ""graph_paired_speedups"": [1.0112826565621127, 0.9930318051509803, 1.0010256813955565], ""graph_speedup"": 1.001752217269253, ""source"": ""/home/chen/workspace/fuse-mxfp8-sm90/results/mxfp8_weight/policy_ab/cp4_frozen_reverse_v1.json""}}"
a2a_gemm/representative_large/s131072/cp8,representative_large,131072,8,16384,7168,16384,"[""/home/chen/workspace/fuse-mxfp8-sm90/results/mxfp8_weight/policy_ab/cp8_frozen_v1.json"", ""/home/chen/workspace/fuse-mxfp8-sm90/results/mxfp8_weight/policy_ab/cp8_frozen_reverse_v1.json""]",oproj_forward,balanced_equal_orders,6.475929414009827,6.425379409716309,1.0078672403713738,"{""cluster_m"": 2, ""comm_ctas"": 4, ""policy_enum"": 4, ""raster"": ""n"", ""sm_count"": 132, ""swizzle"": 1, ""tile_k"": 64, ""tile_m"": 128, ""tile_n"": 256}","{""cluster_m"": 2, ""comm_ctas"": 4, ""policy_enum"": 4, ""raster"": ""n"", ""sm_count"": 132, ""swizzle"": 1, ""tile_k"": 64, ""tile_m"": 128, ""tile_n"": 256}","[1.0180442130614786, 1.0327141517752763, 1.054339744371783, 1.0129821518110802, 0.9834757436832491, 0.9491332385532445]",False,6.542565907030268,6.546657911467505,0.9993749475698035,"{""cluster_m"": 2, ""comm_ctas"": 4, ""policy_enum"": 4, ""raster"": ""n"", ""sm_count"": 132, ""swizzle"": 1, ""tile_k"": 64, ""tile_m"": 128, ""tile_n"": 256}","{""cluster_m"": 2, ""comm_ctas"": 4, ""policy_enum"": 4, ""raster"": ""n"", ""sm_count"": 132, ""swizzle"": 1, ""tile_k"": 64, ""tile_m"": 128, ""tile_n"": 256}","[1.018634557059343, 0.983892505563037, 0.9968352376810949, 0.9768473797826338, 1.0048545518042276, 1.015901005328082]",False,"{""baseline-model"": {""eager_baseline_p50_geomean_ms"": 6.590273741983424, ""eager_model_p50_geomean_ms"": 6.367872204593807, ""eager_paired_speedups"": [1.0180442130614786, 1.0327141517752763, 1.054339744371783], ""eager_speedup"": 1.0349255654391392, ""graph_baseline_p50_geomean_ms"": 6.567620228126433, ""graph_model_p50_geomean_ms"": 6.569690120949255, ""graph_paired_speedups"": [1.018634557059343, 0.983892505563037, 0.9968352376810949], ""graph_speedup"": 0.9996849329595908, ""source"": ""/home/chen/workspace/fuse-mxfp8-sm90/results/mxfp8_weight/policy_ab/cp8_frozen_v1.json""}, ""model-baseline"": {""eager_baseline_p50_geomean_ms"": 6.3635690135408565, ""eager_model_p50_geomean_ms"": 6.48340595293712, ""eager_paired_speedups"": [1.0129821518110802, 0.9834757436832491, 0.9491332385532445], ""eager_speedup"": 0.9815163603411289, ""graph_baseline_p50_geomean_ms"": 6.517607163781755, ""graph_model_p50_geomean_ms"": 6.5237064489713585, ""graph_paired_speedups"": [0.9768473797826338, 1.0048545518042276, 1.015901005328082], ""graph_speedup"": 0.9990650583012426, ""source"": ""/home/chen/workspace/fuse-mxfp8-sm90/results/mxfp8_weight/policy_ab/cp8_frozen_reverse_v1.json""}}"
a2a_gemm/representative_large/s262144/cp4,representative_large,262144,4,65536,7168,16384,"[""/home/chen/workspace/fuse-mxfp8-sm90/results/mxfp8_weight/policy_ab/cp4_frozen_v1.json"", ""/home/chen/workspace/fuse-mxfp8-sm90/results/mxfp8_weight/policy_ab/cp4_frozen_reverse_v1.json""]",oproj_forward,balanced_equal_orders,24.775363404356103,24.822108706036097,0.9981167876495265,"{""cluster_m"": 2, ""comm_ctas"": 6, ""policy_enum"": 5, ""raster"": ""n"", ""sm_count"": 132, ""swizzle"": 1, ""tile_k"": 64, ""tile_m"": 128, ""tile_n"": 320}","{""cluster_m"": 2, ""comm_ctas"": 6, ""policy_enum"": 5, ""raster"": ""n"", ""sm_count"": 132, ""swizzle"": 1, ""tile_k"": 64, ""tile_m"": 128, ""tile_n"": 320}","[0.958759367054464, 0.9929102531023928, 0.996967368518781, 1.0200218699226375, 1.0133524207148454, 1.0079003807696045]",False,24.946161646679737,24.978010479875397,0.9987249251408032,"{""cluster_m"": 2, ""comm_ctas"": 6, ""policy_enum"": 5, ""raster"": ""n"", ""sm_count"": 132, ""swizzle"": 1, ""tile_k"": 64, ""tile_m"": 128, ""tile_n"": 320}","{""cluster_m"": 2, ""comm_ctas"": 6, ""policy_enum"": 5, ""raster"": ""n"", ""sm_count"": 132, ""swizzle"": 1, ""tile_k"": 64, ""tile_m"": 128, ""tile_n"": 320}","[1.0003406025671928, 0.9989402602194843, 0.9958898554457472, 0.9943807488663674, 1.0027071497779185, 1.0001146538326662]",False,"{""baseline-model"": {""eager_baseline_p50_geomean_ms"": 24.59292782936481, ""eager_model_p50_geomean_ms"": 25.025151514000708, ""eager_paired_speedups"": [0.958759367054464, 0.9929102531023928, 0.996967368518781], ""eager_speedup"": 0.9827284288610958, ""graph_baseline_p50_geomean_ms"": 24.952219230838246, ""graph_model_p50_geomean_ms"": 24.99249440228612, ""graph_paired_speedups"": [1.0003406025671928, 0.9989402602194843, 0.9958898554457472], ""graph_speedup"": 0.998388509334059, ""source"": ""/home/chen/workspace/fuse-mxfp8-sm90/results/mxfp8_weight/policy_ab/cp4_frozen_v1.json""}, ""model-baseline"": {""eager_baseline_p50_geomean_ms"": 24.959152325287068, ""eager_model_p50_geomean_ms"": 24.620713295964094, ""eager_paired_speedups"": [1.0200218699226375, 1.0133524207148454, 1.0079003807696045], ""eager_speedup"": 1.0137461098407112, ""graph_baseline_p50_geomean_ms"": 24.940105533104894, ""graph_model_p50_geomean_ms"": 24.963534951345043, ""graph_paired_speedups"": [0.9943807488663674, 1.0027071497779185, 1.0001146538326662], ""graph_speedup"": 0.9990614543058183, ""source"": ""/home/chen/workspace/fuse-mxfp8-sm90/results/mxfp8_weight/policy_ab/cp4_frozen_reverse_v1.json""}}"
a2a_gemm/representative_large/s262144/cp8,representative_large,262144,8,32768,7168,16384,"[""/home/chen/workspace/fuse-mxfp8-sm90/results/mxfp8_weight/policy_ab/cp8_frozen_v1.json"", ""/home/chen/workspace/fuse-mxfp8-sm90/results/mxfp8_weight/policy_ab/cp8_frozen_reverse_v1.json""]",oproj_forward,balanced_equal_orders,12.275483985331519,12.298216218409026,0.9981515829065132,"{""cluster_m"": 2, ""comm_ctas"": 6, ""policy_enum"": 5, ""raster"": ""n"", ""sm_count"": 132, ""swizzle"": 1, ""tile_k"": 64, ""tile_m"": 128, ""tile_n"": 320}","{""cluster_m"": 2, ""comm_ctas"": 6, ""policy_enum"": 5, ""raster"": ""n"", ""sm_count"": 132, ""swizzle"": 1, ""tile_k"": 64, ""tile_m"": 128, ""tile_n"": 320}","[0.9943225430859773, 0.9917047566682553, 0.9959504363329618, 1.0081133431612623, 0.9987286656417839, 1.0001720465120465]",False,12.28042022441097,12.268738607995799,1.0009521448608871,"{""cluster_m"": 2, ""comm_ctas"": 6, ""policy_enum"": 5, ""raster"": ""n"", ""sm_count"": 132, ""swizzle"": 1, ""tile_k"": 64, ""tile_m"": 128, ""tile_n"": 320}","{""cluster_m"": 2, ""comm_ctas"": 6, ""policy_enum"": 5, ""raster"": ""n"", ""sm_count"": 132, ""swizzle"": 1, ""tile_k"": 64, ""tile_m"": 128, ""tile_n"": 320}","[0.9984144931365115, 0.9984701718294108, 1.0048569567689352, 1.0085589502785097, 0.9974771432912368, 0.9979882566253285]",False,"{""baseline-model"": {""eager_baseline_p50_geomean_ms"": 12.265710894692324, ""eager_model_p50_geomean_ms"": 12.339860628763747, ""eager_paired_speedups"": [0.9943225430859773, 0.9917047566682553, 0.9959504363329618], ""eager_speedup"": 0.9939910395828475, ""graph_baseline_p50_geomean_ms"": 12.272821381959023, ""graph_model_p50_geomean_ms"": 12.265756581821435, ""graph_paired_speedups"": [0.9984144931365115, 0.9984701718294108, 1.0048569567689352], ""graph_speedup"": 1.0005759775265777, ""source"": ""/home/chen/workspace/fuse-mxfp8-sm90/results/mxfp8_weight/policy_ab/cp8_frozen_v1.json""}, ""model-baseline"": {""eager_baseline_p50_geomean_ms"": 12.28526486298782, ""eager_model_p50_geomean_ms"": 12.256712349099773, ""eager_paired_speedups"": [1.0081133431612623, 0.9987286656417839, 1.0001720465120465], ""eager_speedup"": 1.0023295409955628, ""graph_baseline_p50_geomean_ms"": 12.288023771763678, ""graph_model_p50_geomean_ms"": 12.271721359154398, ""graph_paired_speedups"": [1.0085589502785097, 0.9974771432912368, 0.9979882566253285], ""graph_speedup"": 1.001328453615605, ""source"": ""/home/chen/workspace/fuse-mxfp8-sm90/results/mxfp8_weight/policy_ab/cp8_frozen_reverse_v1.json""}}"
a2a_gemm/representative_large/s524288/cp4,representative_large,524288,4,131072,7168,16384,"[""/home/chen/workspace/fuse-mxfp8-sm90/results/mxfp8_weight/policy_ab/cp4_frozen_v1.json"", ""/home/chen/workspace/fuse-mxfp8-sm90/results/mxfp8_weight/policy_ab/cp4_frozen_reverse_v1.json""]",oproj_forward,balanced_equal_orders,49.799012493012945,49.69330010326944,1.0021272966279917,"{""cluster_m"": 2, ""comm_ctas"": 6, ""policy_enum"": 5, ""raster"": ""n"", ""sm_count"": 132, ""swizzle"": 1, ""tile_k"": 64, ""tile_m"": 128, ""tile_n"": 320}","{""cluster_m"": 2, ""comm_ctas"": 6, ""policy_enum"": 5, ""raster"": ""n"", ""sm_count"": 132, ""swizzle"": 1, ""tile_k"": 64, ""tile_m"": 128, ""tile_n"": 320}","[1.0000851790126573, 1.003909643204161, 1.0020555005875544, 1.0080604047604593, 1.001696885200953, 0.9969906330061666]",False,49.75624445297294,49.73795064121135,1.0003678038907073,"{""cluster_m"": 2, ""comm_ctas"": 6, ""policy_enum"": 5, ""raster"": ""n"", ""sm_count"": 132, ""swizzle"": 1, ""tile_k"": 64, ""tile_m"": 128, ""tile_n"": 320}","{""cluster_m"": 2, ""comm_ctas"": 6, ""policy_enum"": 5, ""raster"": ""n"", ""sm_count"": 132, ""swizzle"": 1, ""tile_k"": 64, ""tile_m"": 128, ""tile_n"": 320}","[0.9998557950921012, 0.9970355057235427, 0.9995043073827296, 0.9990585437672184, 1.00351232656073, 1.0032563629194178]",False,"{""baseline-model"": {""eager_baseline_p50_geomean_ms"": 49.829001658327, ""eager_model_p50_geomean_ms"": 49.72877046595133, ""eager_paired_speedups"": [1.0000851790126573, 1.003909643204161, 1.0020555005875544], ""eager_speedup"": 1.0020155574215177, ""graph_baseline_p50_geomean_ms"": 49.765942475406746, ""graph_model_p50_geomean_ms"": 49.8258457322454, ""graph_paired_speedups"": [0.9998557950921012, 0.9970355057235427, 0.9995043073827296], ""graph_speedup"": 0.9987977473145058, ""source"": ""/home/chen/workspace/fuse-mxfp8-sm90/results/mxfp8_weight/policy_ab/cp4_frozen_v1.json""}, ""model-baseline"": {""eager_baseline_p50_geomean_ms"": 49.76904137642563, ""eager_model_p50_geomean_ms"": 49.65785504076321, ""eager_paired_speedups"": [1.0080604047604593, 1.001696885200953, 0.9969906330061666], ""eager_speedup"": 1.002239048295001, ""graph_baseline_p50_geomean_ms"": 49.74654832041872, ""graph_model_p50_geomean_ms"": 49.6502106011737, ""graph_paired_speedups"": [0.9990585437672184, 1.00351232656073, 1.0032563629194178], ""graph_speedup"": 1.001940328511775, ""source"": ""/home/chen/workspace/fuse-mxfp8-sm90/results/mxfp8_weight/policy_ab/cp4_frozen_reverse_v1.json""}}"
a2a_gemm/representative_large/s524288/cp8,representative_large,524288,8,65536,7168,16384,"[""/home/chen/workspace/fuse-mxfp8-sm90/results/mxfp8_weight/policy_ab/cp8_frozen_v1.json"", ""/home/chen/workspace/fuse-mxfp8-sm90/results/mxfp8_weight/policy_ab/cp8_frozen_reverse_v1.json""]",oproj_forward,balanced_equal_orders,24.470925209975473,24.440328968951448,1.0012518751716841,"{""cluster_m"": 2, ""comm_ctas"": 6, ""policy_enum"": 5, ""raster"": ""n"", ""sm_count"": 132, ""swizzle"": 1, ""tile_k"": 64, ""tile_m"": 128, ""tile_n"": 320}","{""cluster_m"": 2, ""comm_ctas"": 6, ""policy_enum"": 5, ""raster"": ""n"", ""sm_count"": 132, ""swizzle"": 1, ""tile_k"": 64, ""tile_m"": 128, ""tile_n"": 320}","[0.9815822801487661, 0.9886030938286643, 1.001836636402519, 1.0273664051896394, 1.009360696716255, 0.9994077667854108]",False,24.573200370398933,24.549241946930184,1.000975933331081,"{""cluster_m"": 2, ""comm_ctas"": 6, ""policy_enum"": 5, ""raster"": ""n"", ""sm_count"": 132, ""swizzle"": 1, ""tile_k"": 64, ""tile_m"": 128, ""tile_n"": 320}","{""cluster_m"": 2, ""comm_ctas"": 6, ""policy_enum"": 5, ""raster"": ""n"", ""sm_count"": 132, ""swizzle"": 1, ""tile_k"": 64, ""tile_m"": 128, ""tile_n"": 320}","[0.9996713124561134, 1.0010573649513246, 1.0001929569021084, 1.0038824504248955, 0.9975809838306826, 1.0034848128988147]",False,"{""baseline-model"": {""eager_baseline_p50_geomean_ms"": 24.309285430261017, ""eager_model_p50_geomean_ms"": 24.539007771008528, ""eager_paired_speedups"": [0.9815822801487661, 0.9886030938286643, 1.001836636402519], ""eager_speedup"": 0.9906384829047997, ""graph_baseline_p50_geomean_ms"": 24.56888091951941, ""graph_model_p50_geomean_ms"": 24.561339405787617, ""graph_paired_speedups"": [0.9996713124561134, 1.0010573649513246, 1.0001929569021084], ""graph_speedup"": 1.000307048146164, ""source"": ""/home/chen/workspace/fuse-mxfp8-sm90/results/mxfp8_weight/policy_ab/cp8_frozen_v1.json""}, ""model-baseline"": {""eager_baseline_p50_geomean_ms"": 24.633639781397047, ""eager_model_p50_geomean_ms"": 24.34204698432342, ""eager_paired_speedups"": [1.0273664051896394, 1.009360696716255, 0.9994077667854108], ""eager_speedup"": 1.011978976018797, ""graph_baseline_p50_geomean_ms"": 24.577520580680407, ""graph_model_p50_geomean_ms"": 24.53715044656339, ""graph_paired_speedups"": [1.0038824504248955, 0.9975809838306826, 1.0034848128988147], ""graph_speedup"": 1.0016452657860553, ""source"": ""/home/chen/workspace/fuse-mxfp8-sm90/results/mxfp8_weight/policy_ab/cp8_frozen_reverse_v1.json""}}"
a2a_gemm/production_qwen_dense/s1024/cp4,production_qwen_dense,1024,4,256,2048,2048,"[""/home/chen/workspace/fuse-mxfp8-sm90/results/mxfp8_weight/policy_ab/cp4_frozen_v1.json"", ""/home/chen/workspace/fuse-mxfp8-sm90/results/mxfp8_weight/policy_ab/cp4_frozen_reverse_v1.json""]",oproj_forward,balanced_equal_orders,0.034925254843398146,0.03535176713720104,0.9879351916935974,"{""cluster_m"": 1, ""comm_ctas"": 4, ""policy_enum"": 1, ""raster"": ""n"", ""sm_count"": 132, ""swizzle"": 1, ""tile_k"": 64, ""tile_m"": 64, ""tile_n"": 128}","{""cluster_m"": 1, ""comm_ctas"": 4, ""policy_enum"": 1, ""raster"": ""n"", ""sm_count"": 132, ""swizzle"": 1, ""tile_k"": 64, ""tile_m"": 64, ""tile_n"": 128}","[0.9909256264559838, 0.9859791939342302, 0.9959053372877115, 0.9824245907783532, 0.9922901908187012, 0.9801802381941487]",False,0.0329222969973003,0.033055699678326736,0.9959643062369088,"{""cluster_m"": 1, ""comm_ctas"": 4, ""policy_enum"": 1, ""raster"": ""n"", ""sm_count"": 132, ""swizzle"": 1, ""tile_k"": 64, ""tile_m"": 64, ""tile_n"": 128}","{""cluster_m"": 1, ""comm_ctas"": 4, ""policy_enum"": 1, ""raster"": ""n"", ""sm_count"": 132, ""swizzle"": 1, ""tile_k"": 64, ""tile_m"": 64, ""tile_n"": 128}","[0.9927536802427558, 0.985088983526812, 0.9893925095888283, 1.0082684319819153, 1.00583366950591, 0.9946601537382936]",False,"{""baseline-model"": {""eager_baseline_p50_geomean_ms"": 0.034949284080312976, ""eager_model_p50_geomean_ms"": 0.035269231259611164, ""eager_paired_speedups"": [0.9909256264559838, 0.9859791939342302, 0.9959053372877115], ""eager_speedup"": 0.990928433428472, ""graph_baseline_p50_geomean_ms"": 0.03282663496431578, ""graph_model_p50_geomean_ms"": 0.03318928046184809, ""graph_paired_speedups"": [0.9927536802427558, 0.985088983526812, 0.9893925095888283], ""graph_speedup"": 0.9890734148952347, ""source"": ""/home/chen/workspace/fuse-mxfp8-sm90/results/mxfp8_weight/policy_ab/cp4_frozen_v1.json""}, ""model-baseline"": {""eager_baseline_p50_geomean_ms"": 0.03490124212768658, ""eager_model_p50_geomean_ms"": 0.03543449616249635, ""eager_paired_speedups"": [0.9824245907783532, 0.9922901908187012, 0.9801802381941487], ""eager_speedup"": 0.9849509914755279, ""graph_baseline_p50_geomean_ms"": 0.03301823780465706, ""graph_model_p50_geomean_ms"": 0.032922656533027075, ""graph_paired_speedups"": [1.0082684319819153, 1.00583366950591, 0.9946601537382936], ""graph_speedup"": 1.002903206536025, ""source"": ""/home/chen/workspace/fuse-mxfp8-sm90/results/mxfp8_weight/policy_ab/cp4_frozen_reverse_v1.json""}}"
a2a_gemm/production_qwen_dense/s1024/cp8,production_qwen_dense,1024,8,128,2048,2048,"[""/home/chen/workspace/fuse-mxfp8-sm90/results/mxfp8_weight/policy_ab/cp8_frozen_v1.json"", ""/home/chen/workspace/fuse-mxfp8-sm90/results/mxfp8_weight/policy_ab/cp8_frozen_reverse_v1.json""]",oproj_forward,balanced_equal_orders,0.037911861453964545,0.038417008370452525,0.9868509564405198,"{""cluster_m"": 1, ""comm_ctas"": 4, ""policy_enum"": 1, ""raster"": ""n"", ""sm_count"": 132, ""swizzle"": 1, ""tile_k"": 64, ""tile_m"": 64, ""tile_n"": 128}","{""cluster_m"": 1, ""comm_ctas"": 4, ""policy_enum"": 1, ""raster"": ""n"", ""sm_count"": 132, ""swizzle"": 1, ""tile_k"": 64, ""tile_m"": 64, ""tile_n"": 128}","[0.9875311735177682, 0.972222201086543, 0.9903806182077065, 0.9866332456474092, 0.993694879497172, 0.9907911534492315]",False,0.03578110721297997,0.03572522415315829,1.0015642465833694,"{""cluster_m"": 1, ""comm_ctas"": 4, ""policy_enum"": 1, ""raster"": ""n"", ""sm_count"": 132, ""swizzle"": 1, ""tile_k"": 64, ""tile_m"": 64, ""tile_n"": 128}","{""cluster_m"": 1, ""comm_ctas"": 4, ""policy_enum"": 1, ""raster"": ""n"", ""sm_count"": 132, ""swizzle"": 1, ""tile_k"": 64, ""tile_m"": 64, ""tile_n"": 128}","[0.9991043371145808, 0.9982142721646712, 1.0031390373778801, 1.0026809855082173, 1.0062695880638897, 1.0]",False,"{""baseline-model"": {""eager_baseline_p50_geomean_ms"": 0.03799458275508868, ""eager_model_p50_geomean_ms"": 0.03863807839847668, ""eager_paired_speedups"": [0.9875311735177682, 0.972222201086543, 0.9903806182077065], ""eager_speedup"": 0.9833455578004788, ""graph_baseline_p50_geomean_ms"": 0.03575464229967792, ""graph_model_p50_geomean_ms"": 0.03574927077668748, ""graph_paired_speedups"": [0.9991043371145808, 0.9982142721646712, 1.0031390373778801], ""graph_speedup"": 1.00015025545623, ""source"": ""/home/chen/workspace/fuse-mxfp8-sm90/results/mxfp8_weight/policy_ab/cp8_frozen_v1.json""}, ""model-baseline"": {""eager_baseline_p50_geomean_ms"": 0.03782932025255894, ""eager_model_p50_geomean_ms"": 0.03819720320753857, ""eager_paired_speedups"": [0.9866332456474092, 0.993694879497172, 0.9907911534492315], ""eager_speedup"": 0.9903688510129705, ""graph_baseline_p50_geomean_ms"": 0.03580759171511277, ""graph_model_p50_geomean_ms"": 0.035701193704507375, ""graph_paired_speedups"": [1.0026809855082173, 1.0062695880638897, 1.0], ""graph_speedup"": 1.002980236781045, ""source"": ""/home/chen/workspace/fuse-mxfp8-sm90/results/mxfp8_weight/policy_ab/cp8_frozen_reverse_v1.json""}}"
a2a_gemm/production_qwen_dense/s4096/cp4,production_qwen_dense,4096,4,1024,2048,2048,"[""/home/chen/workspace/fuse-mxfp8-sm90/results/mxfp8_weight/policy_ab/cp4_frozen_v1.json"", ""/home/chen/workspace/fuse-mxfp8-sm90/results/mxfp8_weight/policy_ab/cp4_frozen_reverse_v1.json""]",oproj_forward,balanced_equal_orders,0.0587245262005299,0.058967648225974445,0.9958770269332613,"{""cluster_m"": 1, ""comm_ctas"": 4, ""policy_enum"": 2, ""raster"": ""n"", ""sm_count"": 132, ""swizzle"": 1, ""tile_k"": 64, ""tile_m"": 128, ""tile_n"": 128}","{""cluster_m"": 1, ""comm_ctas"": 4, ""policy_enum"": 2, ""raster"": ""n"", ""sm_count"": 132, ""swizzle"": 1, ""tile_k"": 64, ""tile_m"": 128, ""tile_n"": 128}","[0.9986409247154565, 0.9940379579578519, 1.0051490592537595, 1.0002727045593727, 0.9848974983201721, 0.9923892100497526]",False,0.05682033615989622,0.05705897075334459,0.9958177550296174,"{""cluster_m"": 1, ""comm_ctas"": 4, ""policy_enum"": 2, ""raster"": ""n"", ""sm_count"": 132, ""swizzle"": 1, ""tile_k"": 64, ""tile_m"": 128, ""tile_n"": 128}","{""cluster_m"": 1, ""comm_ctas"": 4, ""policy_enum"": 2, ""raster"": ""n"", ""sm_count"": 132, ""swizzle"": 1, ""tile_k"": 64, ""tile_m"": 128, ""tile_n"": 128}","[0.9949066483494257, 0.9900083471369876, 0.9919734326898731, 1.0076595665981496, 0.9957865174510002, 0.994667407176588]",False,"{""baseline-model"": {""eager_baseline_p50_geomean_ms"": 0.05893795813801389, ""eager_model_p50_geomean_ms"": 0.05898127453709355, ""eager_paired_speedups"": [0.9986409247154565, 0.9940379579578519, 1.0051490592537595], ""eager_speedup"": 0.9992655906570401, ""graph_baseline_p50_geomean_ms"": 0.05688878322589811, ""graph_model_p50_geomean_ms"": 0.05733056671572613, ""graph_paired_speedups"": [0.9949066483494257, 0.9900083471369876, 0.9919734326898731], ""graph_speedup"": 0.9922941021668489, ""source"": ""/home/chen/workspace/fuse-mxfp8-sm90/results/mxfp8_weight/policy_ab/cp4_frozen_v1.json""}, ""model-baseline"": {""eager_baseline_p50_geomean_ms"": 0.058511867163794015, ""eager_model_p50_geomean_ms"": 0.058954025062911364, ""eager_paired_speedups"": [1.0002727045593727, 0.9848974983201721, 0.9923892100497526], ""eager_speedup"": 0.9924999540125458, ""graph_baseline_p50_geomean_ms"": 0.05675197144757778, ""graph_model_p50_geomean_ms"": 0.05678866144084302, ""graph_paired_speedups"": [1.0076595665981496, 0.9957865174510002, 0.994667407176588], ""graph_speedup"": 0.9993539204423147, ""source"": ""/home/chen/workspace/fuse-mxfp8-sm90/results/mxfp8_weight/policy_ab/cp4_frozen_reverse_v1.json""}}"
a2a_gemm/production_qwen_dense/s4096/cp8,production_qwen_dense,4096,8,512,2048,2048,"[""/home/chen/workspace/fuse-mxfp8-sm90/results/mxfp8_weight/policy_ab/cp8_frozen_v1.json"", ""/home/chen/workspace/fuse-mxfp8-sm90/results/mxfp8_weight/policy_ab/cp8_frozen_reverse_v1.json""]",oproj_forward,balanced_equal_orders,0.05125567823462074,0.05179681021312036,0.9895527933810387,"{""cluster_m"": 1, ""comm_ctas"": 4, ""policy_enum"": 1, ""raster"": ""n"", ""sm_count"": 132, ""swizzle"": 1, ""tile_k"": 64, ""tile_m"": 64, ""tile_n"": 128}","{""cluster_m"": 1, ""comm_ctas"": 4, ""policy_enum"": 1, ""raster"": ""n"", ""sm_count"": 132, ""swizzle"": 1, ""tile_k"": 64, ""tile_m"": 64, ""tile_n"": 128}","[0.9867854661020344, 0.9886258690798981, 0.9904497834660693, 0.9873104774008346, 0.9953357854396144, 0.9888337344438045]",False,0.049835003136873245,0.049734393523037074,1.002022938387488,"{""cluster_m"": 1, ""comm_ctas"": 4, ""policy_enum"": 1, ""raster"": ""n"", ""sm_count"": 132, ""swizzle"": 1, ""tile_k"": 64, ""tile_m"": 64, ""tile_n"": 128}","{""cluster_m"": 1, ""comm_ctas"": 4, ""policy_enum"": 1, ""raster"": ""n"", ""sm_count"": 132, ""swizzle"": 1, ""tile_k"": 64, ""tile_m"": 64, ""tile_n"": 128}","[1.0029363248082375, 0.9977213368965313, 0.9951267440645771, 1.0019518312482278, 1.0116609043588496, 1.0028203809039185]",False,"{""baseline-model"": {""eager_baseline_p50_geomean_ms"": 0.05142398879310104, ""eager_model_p50_geomean_ms"": 0.05201597000918744, ""eager_paired_speedups"": [0.9867854661020344, 0.9886258690798981, 0.9904497834660693], ""eager_speedup"": 0.9886192410526647, ""graph_baseline_p50_geomean_ms"": 0.049077273604327884, ""graph_model_p50_geomean_ms"": 0.04914659361286927, ""graph_paired_speedups"": [1.0029363248082375, 0.9977213368965313, 0.9951267440645771], ""graph_speedup"": 0.9985895256731847, ""source"": ""/home/chen/workspace/fuse-mxfp8-sm90/results/mxfp8_weight/policy_ab/cp8_frozen_v1.json""}, ""model-baseline"": {""eager_baseline_p50_geomean_ms"": 0.05108791855608503, ""eager_model_p50_geomean_ms"": 0.051578573806854565, ""eager_paired_speedups"": [0.9873104774008346, 0.9953357854396144, 0.9888337344438045], ""eager_speedup"": 0.9904872272621011, ""graph_baseline_p50_geomean_ms"": 0.05060443164946221, ""graph_model_p50_geomean_ms"": 0.050329223599672054, ""graph_paired_speedups"": [1.0019518312482278, 1.0116609043588496, 1.0028203809039185], ""graph_speedup"": 1.0054681560752698, ""source"": ""/home/chen/workspace/fuse-mxfp8-sm90/results/mxfp8_weight/policy_ab/cp8_frozen_reverse_v1.json""}}"
a2a_gemm/production_qwen_dense/s16384/cp4,production_qwen_dense,16384,4,4096,2048,2048,"[""/home/chen/workspace/fuse-mxfp8-sm90/results/mxfp8_weight/policy_ab/cp4_frozen_v1.json"", ""/home/chen/workspace/fuse-mxfp8-sm90/results/mxfp8_weight/policy_ab/cp4_frozen_reverse_v1.json""]",oproj_forward,balanced_equal_orders,0.1667422487224093,0.1166123849915111,1.4298845592991476,"{""cluster_m"": 2, ""comm_ctas"": 4, ""policy_enum"": 4, ""raster"": ""n"", ""sm_count"": 132, ""swizzle"": 1, ""tile_k"": 64, ""tile_m"": 128, ""tile_n"": 256}","{""cluster_m"": 2, ""comm_ctas"": 32, ""policy_enum"": 4, ""raster"": ""n"", ""sm_count"": 132, ""swizzle"": 1, ""tile_k"": 64, ""tile_m"": 128, ""tile_n"": 256}","[1.4072165308240514, 1.41674624809434, 1.4400445228361187, 1.4414922931581444, 1.4286105308742612, 1.4456087474985473]",True,0.16509779980171552,0.11405174771915788,1.4475692227729282,"{""cluster_m"": 2, ""comm_ctas"": 4, ""policy_enum"": 4, ""raster"": ""n"", ""sm_count"": 132, ""swizzle"": 1, ""tile_k"": 64, ""tile_m"": 128, ""tile_n"": 256}","{""cluster_m"": 2, ""comm_ctas"": 32, ""policy_enum"": 4, ""raster"": ""n"", ""sm_count"": 132, ""swizzle"": 1, ""tile_k"": 64, ""tile_m"": 128, ""tile_n"": 256}","[1.4456398622146223, 1.4425698662947224, 1.4343406557776757, 1.4542900426271994, 1.459099166579332, 1.449609163673246]",True,"{""baseline-model"": {""eager_baseline_p50_geomean_ms"": 0.1660105889900588, ""eager_model_p50_geomean_ms"": 0.11680447562126627, ""eager_paired_speedups"": [1.4072165308240514, 1.41674624809434, 1.4400445228361187], ""eager_speedup"": 1.42126907472571, ""graph_baseline_p50_geomean_ms"": 0.1641216546555733, ""graph_model_p50_geomean_ms"": 0.11390674990256804, ""graph_paired_speedups"": [1.4456398622146223, 1.4425698662947224, 1.4343406557776757], ""graph_speedup"": 1.440842222220873, ""source"": ""/home/chen/workspace/fuse-mxfp8-sm90/results/mxfp8_weight/policy_ab/cp4_frozen_v1.json""}, ""model-baseline"": {""eager_baseline_p50_geomean_ms"": 0.1674771331042668, ""eager_model_p50_geomean_ms"": 0.11642061026412043, ""eager_paired_speedups"": [1.4414922931581444, 1.4286105308742612, 1.4456087474985473], ""eager_speedup"": 1.438552269433357, ""graph_baseline_p50_geomean_ms"": 0.1660797507590917, ""graph_model_p50_geomean_ms"": 0.11419693011099755, ""graph_paired_speedups"": [1.4542900426271994, 1.459099166579332, 1.449609163673246], ""graph_speedup"": 1.4543276303282826, ""source"": ""/home/chen/workspace/fuse-mxfp8-sm90/results/mxfp8_weight/policy_ab/cp4_frozen_reverse_v1.json""}}"
a2a_gemm/production_qwen_dense/s16384/cp8,production_qwen_dense,16384,8,2048,2048,2048,"[""/home/chen/workspace/fuse-mxfp8-sm90/results/mxfp8_weight/policy_ab/cp8_frozen_v1.json"", ""/home/chen/workspace/fuse-mxfp8-sm90/results/mxfp8_weight/policy_ab/cp8_frozen_reverse_v1.json""]",oproj_forward,balanced_equal_orders,0.14180615609149552,0.14242371112779245,0.9956639591019869,"{""cluster_m"": 1, ""comm_ctas"": 4, ""policy_enum"": 2, ""raster"": ""n"", ""sm_count"": 132, ""swizzle"": 1, ""tile_k"": 64, ""tile_m"": 128, ""tile_n"": 128}","{""cluster_m"": 1, ""comm_ctas"": 4, ""policy_enum"": 2, ""raster"": ""n"", ""sm_count"": 132, ""swizzle"": 1, ""tile_k"": 64, ""tile_m"": 128, ""tile_n"": 128}","[0.9967407897401707, 0.9995484273786325, 0.9936558331000719, 0.9960730956031397, 0.9989890096714954, 0.989014692306492]",False,0.13972492541655088,0.1398381609054909,0.999190239000522,"{""cluster_m"": 1, ""comm_ctas"": 4, ""policy_enum"": 2, ""raster"": ""n"", ""sm_count"": 132, ""swizzle"": 1, ""tile_k"": 64, ""tile_m"": 128, ""tile_n"": 128}","{""cluster_m"": 1, ""comm_ctas"": 4, ""policy_enum"": 2, ""raster"": ""n"", ""sm_count"": 132, ""swizzle"": 1, ""tile_k"": 64, ""tile_m"": 128, ""tile_n"": 128}","[1.0017245743465912, 0.9986231577903593, 1.0066704976390248, 0.9893496733696883, 1.0011422131724543, 0.9977143215378935]",False,"{""baseline-model"": {""eager_baseline_p50_geomean_ms"": 0.14129964766493414, ""eager_model_p50_geomean_ms"": 0.14177524059712537, ""eager_paired_speedups"": [0.9967407897401707, 0.9995484273786325, 0.9936558331000719], ""eager_speedup"": 0.9966454443654039, ""graph_baseline_p50_geomean_ms"": 0.13957291514701145, ""graph_model_p50_geomean_ms"": 0.1392479195748384, ""graph_paired_speedups"": [1.0017245743465912, 0.9986231577903593, 1.0066704976390248], ""graph_speedup"": 1.002333934849191, ""source"": ""/home/chen/workspace/fuse-mxfp8-sm90/results/mxfp8_weight/policy_ab/cp8_frozen_v1.json""}, ""model-baseline"": {""eager_baseline_p50_geomean_ms"": 0.14231448016862946, ""eager_model_p50_geomean_ms"": 0.14307514771958113, ""eager_paired_speedups"": [0.9960730956031397, 0.9989890096714954, 0.989014692306492], ""eager_speedup"": 0.994683440394257, ""graph_baseline_p50_geomean_ms"": 0.13987710124200797, ""graph_model_p50_geomean_ms"": 0.14043090413943551, ""graph_paired_speedups"": [0.9893496733696883, 1.0011422131724543, 0.9977143215378935], ""graph_speedup"": 0.9960564029632842, ""source"": ""/home/chen/workspace/fuse-mxfp8-sm90/results/mxfp8_weight/policy_ab/cp8_frozen_reverse_v1.json""}}"
a2a_gemm/production_qwen_dense/s131072/cp4,production_qwen_dense,131072,4,32768,2048,2048,"[""/home/chen/workspace/fuse-mxfp8-sm90/results/mxfp8_weight/policy_ab/cp4_frozen_v1.json"", ""/home/chen/workspace/fuse-mxfp8-sm90/results/mxfp8_weight/policy_ab/cp4_frozen_reverse_v1.json""]",oproj_forward,balanced_equal_orders,0.6166958623682426,0.44395946324289115,1.3890814667258191,"{""cluster_m"": 2, ""comm_ctas"": 8, ""policy_enum"": 4, ""raster"": ""n"", ""sm_count"": 132, ""swizzle"": 1, ""tile_k"": 64, ""tile_m"": 128, ""tile_n"": 256}","{""cluster_m"": 2, ""comm_ctas"": 16, ""policy_enum"": 4, ""raster"": ""n"", ""sm_count"": 132, ""swizzle"": 1, ""tile_k"": 64, ""tile_m"": 128, ""tile_n"": 256}","[1.3844516156465014, 1.381636370756263, 1.3830908793764654, 1.3945191435087845, 1.3964077605298837, 1.3944640111648752]",True,0.6154268830183498,0.44171412469957594,1.393269647958216,"{""cluster_m"": 2, ""comm_ctas"": 8, ""policy_enum"": 4, ""raster"": ""n"", ""sm_count"": 132, ""swizzle"": 1, ""tile_k"": 64, ""tile_m"": 128, ""tile_n"": 256}","{""cluster_m"": 2, ""comm_ctas"": 16, ""policy_enum"": 4, ""raster"": ""n"", ""sm_count"": 132, ""swizzle"": 1, ""tile_k"": 64, ""tile_m"": 128, ""tile_n"": 256}","[1.3932339765005086, 1.3913483858435194, 1.3888163746343065, 1.3966636732625244, 1.4011308184203133, 1.3884676334137391]",True,"{""baseline-model"": {""eager_baseline_p50_geomean_ms"": 0.6130824631641556, ""eager_model_p50_geomean_ms"": 0.44328000413858787, ""eager_paired_speedups"": [1.3844516156465014, 1.381636370756263, 1.3830908793764654], ""eager_speedup"": 1.383059144198348, ""graph_baseline_p50_geomean_ms"": 0.6141751826217711, ""graph_model_p50_geomean_ms"": 0.4414931866392548, ""graph_paired_speedups"": [1.3932339765005086, 1.3913483858435194, 1.3888163746343065], ""graph_speedup"": 1.3911317347771779, ""source"": ""/home/chen/workspace/fuse-mxfp8-sm90/results/mxfp8_weight/policy_ab/cp4_frozen_v1.json""}, ""model-baseline"": {""eager_baseline_p50_geomean_ms"": 0.6203305583057914, ""eager_model_p50_geomean_ms"": 0.4446399638213645, ""eager_paired_speedups"": [1.3945191435087845, 1.3964077605298837, 1.3944640111648752], ""eager_speedup"": 1.395130012548785, ""graph_baseline_p50_geomean_ms"": 0.616681134403518, ""graph_model_p50_geomean_ms"": 0.4419351733247438, ""graph_paired_speedups"": [1.3966636732625244, 1.4011308184203133, 1.3884676334137391], ""graph_speedup"": 1.3954108467179347, ""source"": ""/home/chen/workspace/fuse-mxfp8-sm90/results/mxfp8_weight/policy_ab/cp4_frozen_reverse_v1.json""}}"
a2a_gemm/production_qwen_dense/s131072/cp8,production_qwen_dense,131072,8,16384,2048,2048,"[""/home/chen/workspace/fuse-mxfp8-sm90/results/mxfp8_weight/policy_ab/cp8_frozen_v1.json"", ""/home/chen/workspace/fuse-mxfp8-sm90/results/mxfp8_weight/policy_ab/cp8_frozen_reverse_v1.json""]",oproj_forward,balanced_equal_orders,0.9066084509680279,0.3260360892999271,2.7806996854695454,"{""cluster_m"": 2, ""comm_ctas"": 4, ""policy_enum"": 4, ""raster"": ""n"", ""sm_count"": 132, ""swizzle"": 1, ""tile_k"": 64, ""tile_m"": 128, ""tile_n"": 256}","{""cluster_m"": 2, ""comm_ctas"": 16, ""policy_enum"": 4, ""raster"": ""n"", ""sm_count"": 132, ""swizzle"": 1, ""tile_k"": 64, ""tile_m"": 128, ""tile_n"": 256}","[2.758556642404201, 2.7859775114399663, 2.7761938172773903, 2.7788868098702975, 2.7917810967676506, 2.7929490408922573]",True,0.9063664015936884,0.32426117573360225,2.7951739814152665,"{""cluster_m"": 2, ""comm_ctas"": 4, ""policy_enum"": 4, ""raster"": ""n"", ""sm_count"": 132, ""swizzle"": 1, ""tile_k"": 64, ""tile_m"": 128, ""tile_n"": 256}","{""cluster_m"": 2, ""comm_ctas"": 16, ""policy_enum"": 4, ""raster"": ""n"", ""sm_count"": 132, ""swizzle"": 1, ""tile_k"": 64, ""tile_m"": 128, ""tile_n"": 256}","[2.803513401445586, 2.7959355691812853, 2.803087821518297, 2.818122989697832, 2.7901692042754607, 2.760552980140917]",True,"{""baseline-model"": {""eager_baseline_p50_geomean_ms"": 0.906009488236816, ""eager_model_p50_geomean_ms"": 0.32666026811773136, ""eager_paired_speedups"": [2.758556642404201, 2.7859775114399663, 2.7761938172773903], ""eager_speedup"": 2.7735527600506407, ""graph_baseline_p50_geomean_ms"": 0.9083993965697145, ""graph_model_p50_geomean_ms"": 0.32433065838896913, ""graph_paired_speedups"": [2.803513401445586, 2.7959355691812853, 2.803087821518297], ""graph_speedup"": 2.800843438859466, ""source"": ""/home/chen/workspace/fuse-mxfp8-sm90/results/mxfp8_weight/policy_ab/cp8_frozen_v1.json""}, ""model-baseline"": {""eager_baseline_p50_geomean_ms"": 0.9072078096734079, ""eager_model_p50_geomean_ms"": 0.3254131031560861, ""eager_paired_speedups"": [2.7788868098702975, 2.7917810967676506, 2.7929490408922573], ""eager_speedup"": 2.7878650271751995, ""graph_baseline_p50_geomean_ms"": 0.9043379564539878, ""graph_model_p50_geomean_ms"": 0.3241917079637829, ""graph_paired_speedups"": [2.818122989697832, 2.7901692042754607, 2.760552980140917], ""graph_speedup"": 2.789516000066898, ""source"": ""/home/chen/workspace/fuse-mxfp8-sm90/results/mxfp8_weight/policy_ab/cp8_frozen_reverse_v1.json""}}"
a2a_gemm/production_qwen_dense/s262144/cp4,production_qwen_dense,262144,4,65536,2048,2048,"[""/home/chen/workspace/fuse-mxfp8-sm90/results/mxfp8_weight/policy_ab/cp4_frozen_v1.json"", ""/home/chen/workspace/fuse-mxfp8-sm90/results/mxfp8_weight/policy_ab/cp4_frozen_reverse_v1.json""]",oproj_forward,balanced_equal_orders,1.186029947414018,0.8442074748627824,1.4049033948755258,"{""cluster_m"": 2, ""comm_ctas"": 8, ""policy_enum"": 5, ""raster"": ""n"", ""sm_count"": 132, ""swizzle"": 1, ""tile_k"": 64, ""tile_m"": 128, ""tile_n"": 320}","{""cluster_m"": 2, ""comm_ctas"": 16, ""policy_enum"": 4, ""raster"": ""n"", ""sm_count"": 132, ""swizzle"": 1, ""tile_k"": 64, ""tile_m"": 128, ""tile_n"": 256}","[1.3821916886270875, 1.3861613392433363, 1.399474642337424, 1.4539871924945795, 1.4073189739765604, 1.4014530556536653]",True,1.186126799605274,0.8527241630307326,1.390985327998177,"{""cluster_m"": 2, ""comm_ctas"": 8, ""policy_enum"": 5, ""raster"": ""n"", ""sm_count"": 132, ""swizzle"": 1, ""tile_k"": 64, ""tile_m"": 128, ""tile_n"": 320}","{""cluster_m"": 2, ""comm_ctas"": 16, ""policy_enum"": 4, ""raster"": ""n"", ""sm_count"": 132, ""swizzle"": 1, ""tile_k"": 64, ""tile_m"": 128, ""tile_n"": 256}","[1.3557783395030971, 1.4091734041935788, 1.3983070444205505, 1.423009579763547, 1.3942529333673344, 1.3665647979282656]",True,"{""baseline-model"": {""eager_baseline_p50_geomean_ms"": 1.1743105072268316, ""eager_model_p50_geomean_ms"": 0.8452799788944665, ""eager_paired_speedups"": [1.3821916886270875, 1.3861613392433363, 1.399474642337424], ""eager_speedup"": 1.3892562660276204, ""graph_baseline_p50_geomean_ms"": 1.1810019958535432, ""graph_model_p50_geomean_ms"": 0.8511355688109495, ""graph_paired_speedups"": [1.3557783395030971, 1.4091734041935788, 1.3983070444205505], ""graph_speedup"": 1.3875603830109258, ""source"": ""/home/chen/workspace/fuse-mxfp8-sm90/results/mxfp8_weight/policy_ab/cp4_frozen_v1.json""}, ""model-baseline"": {""eager_baseline_p50_geomean_ms"": 1.1978663458311236, ""eager_model_p50_geomean_ms"": 0.8431363316404475, ""eager_paired_speedups"": [1.4539871924945795, 1.4073189739765604, 1.4014530556536653], ""eager_speedup"": 1.420726756609451, ""graph_baseline_p50_geomean_ms"": 1.1912738417728468, ""graph_model_p50_geomean_ms"": 0.8543157222677088, ""graph_paired_speedups"": [1.423009579763547, 1.3942529333673344, 1.3665647979282656], ""graph_speedup"": 1.3944187268504342, ""source"": ""/home/chen/workspace/fuse-mxfp8-sm90/results/mxfp8_weight/policy_ab/cp4_frozen_reverse_v1.json""}}"
a2a_gemm/production_qwen_dense/s262144/cp8,production_qwen_dense,262144,8,32768,2048,2048,"[""/home/chen/workspace/fuse-mxfp8-sm90/results/mxfp8_weight/policy_ab/cp8_frozen_v1.json"", ""/home/chen/workspace/fuse-mxfp8-sm90/results/mxfp8_weight/policy_ab/cp8_frozen_reverse_v1.json""]",oproj_forward,balanced_equal_orders,0.9576270326248408,0.5823477105956617,1.6444248259262837,"{""cluster_m"": 2, ""comm_ctas"": 8, ""policy_enum"": 4, ""raster"": ""n"", ""sm_count"": 132, ""swizzle"": 1, ""tile_k"": 64, ""tile_m"": 128, ""tile_n"": 256}","{""cluster_m"": 2, ""comm_ctas"": 24, ""policy_enum"": 4, ""raster"": ""n"", ""sm_count"": 132, ""swizzle"": 1, ""tile_k"": 64, ""tile_m"": 128, ""tile_n"": 256}","[1.6518626066518058, 1.6541963243206133, 1.6378239681832178, 1.64028518153437, 1.6433779349144273, 1.6390761814640418]",True,0.9557990704682618,0.5782859211467714,1.6528140069065866,"{""cluster_m"": 2, ""comm_ctas"": 8, ""policy_enum"": 4, ""raster"": ""n"", ""sm_count"": 132, ""swizzle"": 1, ""tile_k"": 64, ""tile_m"": 128, ""tile_n"": 256}","{""cluster_m"": 2, ""comm_ctas"": 24, ""policy_enum"": 4, ""raster"": ""n"", ""sm_count"": 132, ""swizzle"": 1, ""tile_k"": 64, ""tile_m"": 128, ""tile_n"": 256}","[1.6678737531409664, 1.6434157796011784, 1.6635776876318007, 1.657169046707588, 1.6445662975130089, 1.6404839865030976]",True,"{""baseline-model"": {""eager_baseline_p50_geomean_ms"": 0.9562119048123294, ""eager_model_p50_geomean_ms"": 0.5802450100921094, ""eager_paired_speedups"": [1.6518626066518058, 1.6541963243206133, 1.6378239681832178], ""eager_speedup"": 1.6479450717905153, ""graph_baseline_p50_geomean_ms"": 0.9564418070592149, ""graph_model_p50_geomean_ms"": 0.5767761760237095, ""graph_paired_speedups"": [1.6678737531409664, 1.6434157796011784, 1.6635776876318007], ""graph_speedup"": 1.6582547040221336, ""source"": ""/home/chen/workspace/fuse-mxfp8-sm90/results/mxfp8_weight/policy_ab/cp8_frozen_v1.json""}, ""model-baseline"": {""eager_baseline_p50_geomean_ms"": 0.9590442547291256, ""eager_model_p50_geomean_ms"": 0.584458030896594, ""eager_paired_speedups"": [1.64028518153437, 1.6433779349144273, 1.6390761814640418], ""eager_speedup"": 1.6409120998096194, ""graph_baseline_p50_geomean_ms"": 0.95515676580147, ""graph_model_p50_geomean_ms"": 0.5797996181153348, ""graph_paired_speedups"": [1.657169046707588, 1.6445662975130089, 1.6404839865030976], ""graph_speedup"": 1.6473911605982956, ""source"": ""/home/chen/workspace/fuse-mxfp8-sm90/results/mxfp8_weight/policy_ab/cp8_frozen_reverse_v1.json""}}"
a2a_gemm/production_qwen_dense/s524288/cp4,production_qwen_dense,524288,4,131072,2048,2048,"[""/home/chen/workspace/fuse-mxfp8-sm90/results/mxfp8_weight/policy_ab/cp4_frozen_v1.json"", ""/home/chen/workspace/fuse-mxfp8-sm90/results/mxfp8_weight/policy_ab/cp4_frozen_reverse_v1.json""]",oproj_forward,balanced_equal_orders,2.359037002920841,1.8054314045148567,1.3066334157152568,"{""cluster_m"": 2, ""comm_ctas"": 8, ""policy_enum"": 4, ""raster"": ""n"", ""sm_count"": 132, ""swizzle"": 1, ""tile_k"": 64, ""tile_m"": 128, ""tile_n"": 256}","{""cluster_m"": 2, ""comm_ctas"": 16, ""policy_enum"": 4, ""raster"": ""n"", ""sm_count"": 132, ""swizzle"": 1, ""tile_k"": 64, ""tile_m"": 128, ""tile_n"": 256}","[1.3058023677760837, 1.302634796054101, 1.3128608819136849, 1.3044324088259953, 1.2977044707131038, 1.3164559977556096]",True,2.390807493672292,1.849944679969434,1.2923670202461381,"{""cluster_m"": 2, ""comm_ctas"": 8, ""policy_enum"": 4, ""raster"": ""n"", ""sm_count"": 132, ""swizzle"": 1, ""tile_k"": 64, ""tile_m"": 128, ""tile_n"": 256}","{""cluster_m"": 2, ""comm_ctas"": 16, ""policy_enum"": 4, ""raster"": ""n"", ""sm_count"": 132, ""swizzle"": 1, ""tile_k"": 64, ""tile_m"": 128, ""tile_n"": 256}","[1.2753805660653224, 1.3120822148646814, 1.3056933608974342, 1.2592680721370881, 1.3139121496575403, 1.2888092376806508]",True,"{""baseline-model"": {""eager_baseline_p50_geomean_ms"": 2.3607595361488647, ""eager_model_p50_geomean_ms"": 1.806115311314765, ""eager_paired_speedups"": [1.3058023677760837, 1.302634796054101, 1.3128608819136849], ""eager_speedup"": 1.3070923663397462, ""graph_baseline_p50_geomean_ms"": 2.3875829795236796, ""graph_model_p50_geomean_ms"": 1.8399716339245693, ""graph_paired_speedups"": [1.2753805660653224, 1.3120822148646814, 1.3056933608974342], ""graph_speedup"": 1.2976194499428686, ""source"": ""/home/chen/workspace/fuse-mxfp8-sm90/results/mxfp8_weight/policy_ab/cp4_frozen_v1.json""}, ""model-baseline"": {""eager_baseline_p50_geomean_ms"": 2.3573157265428595, ""eager_model_p50_geomean_ms"": 1.8047477566843, ""eager_paired_speedups"": [1.3044324088259953, 1.2977044707131038, 1.3164559977556096], ""eager_speedup"": 1.3061746262390392, ""graph_baseline_p50_geomean_ms"": 2.3940363626398087, ""graph_model_p50_geomean_ms"": 1.8599717820908046, ""graph_paired_speedups"": [1.2592680721370881, 1.3139121496575403, 1.2888092376806508], ""graph_speedup"": 1.2871358510335351, ""source"": ""/home/chen/workspace/fuse-mxfp8-sm90/results/mxfp8_weight/policy_ab/cp4_frozen_reverse_v1.json""}}"
a2a_gemm/production_qwen_dense/s524288/cp8,production_qwen_dense,524288,8,65536,2048,2048,"[""/home/chen/workspace/fuse-mxfp8-sm90/results/mxfp8_weight/policy_ab/cp8_frozen_v1.json"", ""/home/chen/workspace/fuse-mxfp8-sm90/results/mxfp8_weight/policy_ab/cp8_frozen_reverse_v1.json""]",oproj_forward,balanced_equal_orders,1.8310177886956076,1.0929197894411864,1.675345076907989,"{""cluster_m"": 2, ""comm_ctas"": 8, ""policy_enum"": 5, ""raster"": ""n"", ""sm_count"": 132, ""swizzle"": 1, ""tile_k"": 64, ""tile_m"": 128, ""tile_n"": 320}","{""cluster_m"": 2, ""comm_ctas"": 24, ""policy_enum"": 4, ""raster"": ""n"", ""sm_count"": 132, ""swizzle"": 1, ""tile_k"": 64, ""tile_m"": 128, ""tile_n"": 256}","[1.6910232479025804, 1.680757781077753, 1.6715648749243754, 1.6649548046310512, 1.668693201938765, 1.6752080516354788]",True,1.824975685341561,1.0934338642403025,1.6690316122681272,"{""cluster_m"": 2, ""comm_ctas"": 8, ""policy_enum"": 5, ""raster"": ""n"", ""sm_count"": 132, ""swizzle"": 1, ""tile_k"": 64, ""tile_m"": 128, ""tile_n"": 320}","{""cluster_m"": 2, ""comm_ctas"": 24, ""policy_enum"": 4, ""raster"": ""n"", ""sm_count"": 132, ""swizzle"": 1, ""tile_k"": 64, ""tile_m"": 128, ""tile_n"": 256}","[1.670282945004342, 1.672248730770699, 1.677465189859068, 1.6640602157619309, 1.663771560844421, 1.6664036285539614]",True,"{""baseline-model"": {""eager_baseline_p50_geomean_ms"": 1.830371946152137, ""eager_model_p50_geomean_ms"": 1.0887964654265614, ""eager_paired_speedups"": [1.6910232479025804, 1.680757781077753, 1.6715648749243754], ""eager_speedup"": 1.6810965173688783, ""graph_baseline_p50_geomean_ms"": 1.8277482738274504, ""graph_model_p50_geomean_ms"": 1.0922823172641352, ""graph_paired_speedups"": [1.670282945004342, 1.672248730770699, 1.677465189859068], ""graph_speedup"": 1.6733295457949484, ""source"": ""/home/chen/workspace/fuse-mxfp8-sm90/results/mxfp8_weight/policy_ab/cp8_frozen_v1.json""}, ""model-baseline"": {""eager_baseline_p50_geomean_ms"": 1.8316638591231387, ""eager_model_p50_geomean_ms"": 1.097058728680024, ""eager_paired_speedups"": [1.6649548046310512, 1.668693201938765, 1.6752080516354788], ""eager_speedup"": 1.6696133135251456, ""graph_baseline_p50_geomean_ms"": 1.8222073027121466, ""graph_model_p50_geomean_ms"": 1.0945866252436653, ""graph_paired_speedups"": [1.6640602157619309, 1.663771560844421, 1.6664036285539614], ""graph_speedup"": 1.6647447179491224, ""source"": ""/home/chen/workspace/fuse-mxfp8-sm90/results/mxfp8_weight/policy_ab/cp8_frozen_reverse_v1.json""}}"
a2a_gemm/llama3_8b/s1024/cp4,llama3_8b,1024,4,256,4096,4096,"[""/home/chen/workspace/fuse-mxfp8-sm90/results/mxfp8_weight/policy_ab/cp4_frozen_v1.json"", ""/home/chen/workspace/fuse-mxfp8-sm90/results/mxfp8_weight/policy_ab/cp4_frozen_reverse_v1.json""]",oproj_forward,balanced_equal_orders,0.08505762743281912,0.08540428499024812,0.9959409816794482,"{""cluster_m"": 1, ""comm_ctas"": 4, ""policy_enum"": 1, ""raster"": ""n"", ""sm_count"": 132, ""swizzle"": 1, ""tile_k"": 64, ""tile_m"": 64, ""tile_n"": 128}","{""cluster_m"": 1, ""comm_ctas"": 4, ""policy_enum"": 1, ""raster"": ""n"", ""sm_count"": 132, ""swizzle"": 1, ""tile_k"": 64, ""tile_m"": 64, ""tile_n"": 128}","[0.997009925434148, 0.994782007423679, 0.9957193914475102, 0.9986812258051102, 0.9969879726665938, 0.9924769909505204]",False,0.08244161601476419,0.0824741458428123,0.9996055754477278,"{""cluster_m"": 1, ""comm_ctas"": 4, ""policy_enum"": 1, ""raster"": ""n"", ""sm_count"": 132, ""swizzle"": 1, ""tile_k"": 64, ""tile_m"": 64, ""tile_n"": 128}","{""cluster_m"": 1, ""comm_ctas"": 4, ""policy_enum"": 1, ""raster"": ""n"", ""sm_count"": 132, ""swizzle"": 1, ""tile_k"": 64, ""tile_m"": 64, ""tile_n"": 128}","[0.9978748805146025, 1.0065916619187212, 0.9990347416591117, 0.9998051427081271, 0.9984429620661875, 0.9959175428292508]",False,"{""baseline-model"": {""eager_baseline_p50_geomean_ms"": 0.08545593962335211, ""eager_model_p50_geomean_ms"": 0.08581320666419105, ""eager_paired_speedups"": [0.997009925434148, 0.994782007423679, 0.9957193914475102], ""eager_speedup"": 0.9958366893077771, ""graph_baseline_p50_geomean_ms"": 0.08283714142056113, ""graph_model_p50_geomean_ms"": 0.08274119081179403, ""graph_paired_speedups"": [0.9978748805146025, 1.0065916619187212, 0.9990347416591117], ""graph_speedup"": 1.0011596474238007, ""source"": ""/home/chen/workspace/fuse-mxfp8-sm90/results/mxfp8_weight/policy_ab/cp4_frozen_v1.json""}, ""model-baseline"": {""eager_baseline_p50_geomean_ms"": 0.084661171784989, ""eager_model_p50_geomean_ms"": 0.08499731193169811, ""eager_paired_speedups"": [0.9986812258051102, 0.9969879726665938, 0.9924769909505204], ""eager_speedup"": 0.9960452849734912, ""graph_baseline_p50_geomean_ms"": 0.08204797913800085, ""graph_model_p50_geomean_ms"": 0.08220796275428888, ""graph_paired_speedups"": [0.9998051427081271, 0.9984429620661875, 0.9959175428292508], ""graph_speedup"": 0.9980539158138952, ""source"": ""/home/chen/workspace/fuse-mxfp8-sm90/results/mxfp8_weight/policy_ab/cp4_frozen_reverse_v1.json""}}"
a2a_gemm/llama3_8b/s1024/cp8,llama3_8b,1024,8,128,4096,4096,"[""/home/chen/workspace/fuse-mxfp8-sm90/results/mxfp8_weight/policy_ab/cp8_frozen_v1.json"", ""/home/chen/workspace/fuse-mxfp8-sm90/results/mxfp8_weight/policy_ab/cp8_frozen_reverse_v1.json""]",oproj_forward,balanced_equal_orders,0.08605504872204428,0.086457583776422,0.995344132500641,"{""cluster_m"": 1, ""comm_ctas"": 4, ""policy_enum"": 1, ""raster"": ""n"", ""sm_count"": 132, ""swizzle"": 1, ""tile_k"": 64, ""tile_m"": 64, ""tile_n"": 128}","{""cluster_m"": 1, ""comm_ctas"": 4, ""policy_enum"": 1, ""raster"": ""n"", ""sm_count"": 132, ""swizzle"": 1, ""tile_k"": 64, ""tile_m"": 64, ""tile_n"": 128}","[0.9959492354593488, 0.9942899666630599, 0.994107939876619, 0.9945986672234249, 0.9985124468284163, 0.9946136291378036]",False,0.08347439198280875,0.08365841507905739,0.9978003038179154,"{""cluster_m"": 1, ""comm_ctas"": 4, ""policy_enum"": 1, ""raster"": ""n"", ""sm_count"": 132, ""swizzle"": 1, ""tile_k"": 64, ""tile_m"": 64, ""tile_n"": 128}","{""cluster_m"": 1, ""comm_ctas"": 4, ""policy_enum"": 1, ""raster"": ""n"", ""sm_count"": 132, ""swizzle"": 1, ""tile_k"": 64, ""tile_m"": 64, ""tile_n"": 128}","[1.0021044291096837, 0.9961911726279841, 0.9965616672329173, 0.9984638900152404, 0.9971291648554523, 0.9963643046490388]",False,"{""baseline-model"": {""eager_baseline_p50_geomean_ms"": 0.08643196596989988, ""eager_model_p50_geomean_ms"": 0.08688533050981113, ""eager_paired_speedups"": [0.9959492354593488, 0.9942899666630599, 0.994107939876619], ""eager_speedup"": 0.9947820358482713, ""graph_baseline_p50_geomean_ms"": 0.083658548750624, ""graph_model_p50_geomean_ms"": 0.08380251328609215, ""graph_paired_speedups"": [1.0021044291096837, 0.9961911726279841, 0.9965616672329173], ""graph_speedup"": 0.9982820976385679, ""source"": ""/home/chen/workspace/fuse-mxfp8-sm90/results/mxfp8_weight/policy_ab/cp8_frozen_v1.json""}, ""model-baseline"": {""eager_baseline_p50_geomean_ms"": 0.08567977515555286, ""eager_model_p50_geomean_ms"": 0.08603194289066969, ""eager_paired_speedups"": [0.9945986672234249, 0.9985124468284163, 0.9946136291378036], ""eager_speedup"": 0.9959065467629346, ""graph_baseline_p50_geomean_ms"": 0.08329064059753521, ""graph_model_p50_geomean_ms"": 0.08351456464852074, ""graph_paired_speedups"": [0.9984638900152404, 0.9971291648554523, 0.9963643046490388], ""graph_speedup"": 0.9973187425220033, ""source"": ""/home/chen/workspace/fuse-mxfp8-sm90/results/mxfp8_weight/policy_ab/cp8_frozen_reverse_v1.json""}}"
a2a_gemm/llama3_8b/s4096/cp4,llama3_8b,4096,4,1024,4096,4096,"[""/home/chen/workspace/fuse-mxfp8-sm90/results/mxfp8_weight/policy_ab/cp4_frozen_v1.json"", ""/home/chen/workspace/fuse-mxfp8-sm90/results/mxfp8_weight/policy_ab/cp4_frozen_reverse_v1.json""]",oproj_forward,balanced_equal_orders,0.13621593940911197,0.13658610596801102,0.9972898666648738,"{""cluster_m"": 1, ""comm_ctas"": 4, ""policy_enum"": 2, ""raster"": ""n"", ""sm_count"": 132, ""swizzle"": 1, ""tile_k"": 64, ""tile_m"": 128, ""tile_n"": 128}","{""cluster_m"": 1, ""comm_ctas"": 4, ""policy_enum"": 2, ""raster"": ""n"", ""sm_count"": 132, ""swizzle"": 1, ""tile_k"": 64, ""tile_m"": 128, ""tile_n"": 128}","[0.9968394664479954, 0.996728182601473, 0.9950883109107798, 0.9947386209979971, 0.9978895372149033, 1.0024746554553843]",False,0.13383706896890563,0.13392165466952358,0.9993683941493507,"{""cluster_m"": 1, ""comm_ctas"": 4, ""policy_enum"": 2, ""raster"": ""n"", ""sm_count"": 132, ""swizzle"": 1, ""tile_k"": 64, ""tile_m"": 128, ""tile_n"": 128}","{""cluster_m"": 1, ""comm_ctas"": 4, ""policy_enum"": 2, ""raster"": ""n"", ""sm_count"": 132, ""swizzle"": 1, ""tile_k"": 64, ""tile_m"": 128, ""tile_n"": 128}","[0.9991666880094764, 0.9944147207623232, 0.9986884641533246, 0.9997604198403833, 1.0026429803711228, 1.0015574855428544]",False,"{""baseline-model"": {""eager_baseline_p50_geomean_ms"": 0.13629326021948684, ""eager_model_p50_geomean_ms"": 0.13681063267501664, ""eager_paired_speedups"": [0.9968394664479954, 0.996728182601473, 0.9950883109107798], ""eager_speedup"": 0.9962183315330558, ""graph_baseline_p50_geomean_ms"": 0.13406389514220057, ""graph_model_p50_geomean_ms"": 0.1344105398007667, ""graph_paired_speedups"": [0.9991666880094764, 0.9944147207623232, 0.9986884641533246], ""graph_speedup"": 0.9974210009194228, ""source"": ""/home/chen/workspace/fuse-mxfp8-sm90/results/mxfp8_weight/policy_ab/cp4_frozen_v1.json""}, ""model-baseline"": {""eager_baseline_p50_geomean_ms"": 0.1361386624637654, ""eager_model_p50_geomean_ms"": 0.1363619477429075, ""eager_paired_speedups"": [0.9947386209979971, 0.9978895372149033, 1.0024746554553843], ""eager_speedup"": 0.9983625543427779, ""graph_baseline_p50_geomean_ms"": 0.13361062656868278, ""graph_model_p50_geomean_ms"": 0.13343454773716204, ""graph_paired_speedups"": [0.9997604198403833, 1.0026429803711228, 1.0015574855428544], ""graph_speedup"": 1.0013195895254021, ""source"": ""/home/chen/workspace/fuse-mxfp8-sm90/results/mxfp8_weight/policy_ab/cp4_frozen_reverse_v1.json""}}"
a2a_gemm/llama3_8b/s4096/cp8,llama3_8b,4096,8,512,4096,4096,"[""/home/chen/workspace/fuse-mxfp8-sm90/results/mxfp8_weight/policy_ab/cp8_frozen_v1.json"", ""/home/chen/workspace/fuse-mxfp8-sm90/results/mxfp8_weight/policy_ab/cp8_frozen_reverse_v1.json""]",oproj_forward,balanced_equal_orders,0.11480225029834418,0.11527142977300558,0.9959297852417954,"{""cluster_m"": 1, ""comm_ctas"": 4, ""policy_enum"": 2, ""raster"": ""n"", ""sm_count"": 132, ""swizzle"": 1, ""tile_k"": 64, ""tile_m"": 128, ""tile_n"": 128}","{""cluster_m"": 1, ""comm_ctas"": 4, ""policy_enum"": 2, ""raster"": ""n"", ""sm_count"": 132, ""swizzle"": 1, ""tile_k"": 64, ""tile_m"": 128, ""tile_n"": 128}","[0.996404839941169, 0.9961089844157478, 0.9903127502583016, 1.0036256772941359, 0.9914115519799168, 0.9977725015510968]",False,0.11265767217057386,0.11269562971746723,0.9996631852806669,"{""cluster_m"": 1, ""comm_ctas"": 4, ""policy_enum"": 2, ""raster"": ""n"", ""sm_count"": 132, ""swizzle"": 1, ""tile_k"": 64, ""tile_m"": 128, ""tile_n"": 128}","{""cluster_m"": 1, ""comm_ctas"": 4, ""policy_enum"": 2, ""raster"": ""n"", ""sm_count"": 132, ""swizzle"": 1, ""tile_k"": 64, ""tile_m"": 128, ""tile_n"": 128}","[0.9935037586152847, 0.9997169593813815, 0.9952294056444917, 1.0031468604481892, 1.003005537983568, 1.003424195087436]",False,"{""baseline-model"": {""eager_baseline_p50_geomean_ms"": 0.11482616102410598, ""eager_model_p50_geomean_ms"": 0.11548772508863345, ""eager_paired_speedups"": [0.996404839941169, 0.9961089844157478, 0.9903127502583016], ""eager_speedup"": 0.9942715638045535, ""graph_baseline_p50_geomean_ms"": 0.11302869696950382, ""graph_model_p50_geomean_ms"": 0.11346592634453835, ""graph_paired_speedups"": [0.9935037586152847, 0.9997169593813815, 0.9952294056444917], ""graph_speedup"": 0.9961466019877473, ""source"": ""/home/chen/workspace/fuse-mxfp8-sm90/results/mxfp8_weight/policy_ab/cp8_frozen_v1.json""}, ""model-baseline"": {""eager_baseline_p50_geomean_ms"": 0.11477834455161151, ""eager_model_p50_geomean_ms"": 0.115055539553794, ""eager_paired_speedups"": [1.0036256772941359, 0.9914115519799168, 0.9977725015510968], ""eager_speedup"": 0.9975907722195948, ""graph_baseline_p50_geomean_ms"": 0.11228786528713887, ""graph_model_p50_geomean_ms"": 0.11193056247434234, ""graph_paired_speedups"": [1.0031468604481892, 1.003005537983568, 1.003424195087436], ""graph_speedup"": 1.0031921827684764, ""source"": ""/home/chen/workspace/fuse-mxfp8-sm90/results/mxfp8_weight/policy_ab/cp8_frozen_reverse_v1.json""}}"
a2a_gemm/llama3_8b/s16384/cp4,llama3_8b,16384,4,4096,4096,4096,"[""/home/chen/workspace/fuse-mxfp8-sm90/results/mxfp8_weight/policy_ab/cp4_frozen_v1.json"", ""/home/chen/workspace/fuse-mxfp8-sm90/results/mxfp8_weight/policy_ab/cp4_frozen_reverse_v1.json""]",oproj_forward,balanced_equal_orders,0.3458797428367223,0.2925840283573409,1.182155241961089,"{""cluster_m"": 2, ""comm_ctas"": 4, ""policy_enum"": 4, ""raster"": ""n"", ""sm_count"": 132, ""swizzle"": 1, ""tile_k"": 64, ""tile_m"": 128, ""tile_n"": 256}","{""cluster_m"": 2, ""comm_ctas"": 24, ""policy_enum"": 5, ""raster"": ""n"", ""sm_count"": 132, ""swizzle"": 1, ""tile_k"": 64, ""tile_m"": 128, ""tile_n"": 320}","[1.197016253346302, 1.187640480996924, 1.1797679065585112, 1.1755024525755218, 1.1804646159658325, 1.1727054493448394]",True,0.343898588266391,0.2879652973562882,1.1942362202098913,"{""cluster_m"": 2, ""comm_ctas"": 4, ""policy_enum"": 4, ""raster"": ""n"", ""sm_count"": 132, ""swizzle"": 1, ""tile_k"": 64, ""tile_m"": 128, ""tile_n"": 256}","{""cluster_m"": 2, ""comm_ctas"": 24, ""policy_enum"": 5, ""raster"": ""n"", ""sm_count"": 132, ""swizzle"": 1, ""tile_k"": 64, ""tile_m"": 128, ""tile_n"": 320}","[1.2022365593771922, 1.205673750012677, 1.1957979845248357, 1.189431051204786, 1.1815214467234783, 1.1909211241474185]",True,"{""baseline-model"": {""eager_baseline_p50_geomean_ms"": 0.3462845274048801, ""eager_model_p50_geomean_ms"": 0.29145569636332397, ""eager_paired_speedups"": [1.197016253346302, 1.187640480996924, 1.1797679065585112], ""eager_speedup"": 1.1881206362602963, ""graph_baseline_p50_geomean_ms"": 0.3448688045507502, ""graph_model_p50_geomean_ms"": 0.2870966074418437, ""graph_paired_speedups"": [1.2022365593771922, 1.205673750012677, 1.1957979845248357], ""graph_speedup"": 1.20122911804386, ""source"": ""/home/chen/workspace/fuse-mxfp8-sm90/results/mxfp8_weight/policy_ab/cp4_frozen_v1.json""}, ""model-baseline"": {""eager_baseline_p50_geomean_ms"": 0.3454754314359563, ""eager_model_p50_geomean_ms"": 0.2937167285387174, ""eager_paired_speedups"": [1.1755024525755218, 1.1804646159658325, 1.1727054493448394], ""eager_speedup"": 1.1762197991062544, ""graph_baseline_p50_geomean_ms"": 0.34293110148271727, ""graph_model_p50_geomean_ms"": 0.2888366157314942, ""graph_paired_speedups"": [1.189431051204786, 1.1815214467234783, 1.1909211241474185], ""graph_speedup"": 1.187284031196065, ""source"": ""/home/chen/workspace/fuse-mxfp8-sm90/results/mxfp8_weight/policy_ab/cp4_frozen_reverse_v1.json""}}"
a2a_gemm/llama3_8b/s16384/cp8,llama3_8b,16384,8,2048,4096,4096,"[""/home/chen/workspace/fuse-mxfp8-sm90/results/mxfp8_weight/policy_ab/cp8_frozen_v1.json"", ""/home/chen/workspace/fuse-mxfp8-sm90/results/mxfp8_weight/policy_ab/cp8_frozen_reverse_v1.json""]",oproj_forward,balanced_equal_orders,0.24198994604025775,0.22599348504305714,1.0707828413467448,"{""cluster_m"": 2, ""comm_ctas"": 4, ""policy_enum"": 4, ""raster"": ""n"", ""sm_count"": 132, ""swizzle"": 1, ""tile_k"": 64, ""tile_m"": 128, ""tile_n"": 256}","{""cluster_m"": 2, ""comm_ctas"": 24, ""policy_enum"": 5, ""raster"": ""n"", ""sm_count"": 132, ""swizzle"": 1, ""tile_k"": 64, ""tile_m"": 128, ""tile_n"": 320}","[1.070732046712618, 1.070228642382098, 1.0834876470724044, 1.0690118119490193, 1.0627254420061192, 1.0686205032393397]",True,0.23919162769607075,0.22124692539561186,1.0811071262046779,"{""cluster_m"": 2, ""comm_ctas"": 4, ""policy_enum"": 4, ""raster"": ""n"", ""sm_count"": 132, ""swizzle"": 1, ""tile_k"": 64, ""tile_m"": 128, ""tile_n"": 256}","{""cluster_m"": 2, ""comm_ctas"": 24, ""policy_enum"": 5, ""raster"": ""n"", ""sm_count"": 132, ""swizzle"": 1, ""tile_k"": 64, ""tile_m"": 128, ""tile_n"": 320}","[1.0824749754440235, 1.0848594008419774, 1.0896521640389607, 1.0672848927541316, 1.0770062542450167, 1.0855118912802288]",True,"{""baseline-model"": {""eager_baseline_p50_geomean_ms"": 0.24280500661009966, ""eager_model_p50_geomean_ms"": 0.22590743569339908, ""eager_paired_speedups"": [1.070732046712618, 1.070228642382098, 1.0834876470724044], ""eager_speedup"": 1.0747986486803112, ""graph_baseline_p50_geomean_ms"": 0.2402608263847243, ""graph_model_p50_geomean_ms"": 0.2213043228571452, ""graph_paired_speedups"": [1.0824749754440235, 1.0848594008419774, 1.0896521640389607], ""graph_speedup"": 1.0856580806142488, ""source"": ""/home/chen/workspace/fuse-mxfp8-sm90/results/mxfp8_weight/policy_ab/cp8_frozen_v1.json""}, ""model-baseline"": {""eager_baseline_p50_geomean_ms"": 0.2411776215084482, ""eager_model_p50_geomean_ms"": 0.2260795671693724, ""eager_paired_speedups"": [1.0690118119490193, 1.0627254420061192, 1.0686205032393397], ""eager_speedup"": 1.0667820384128959, ""graph_baseline_p50_geomean_ms"": 0.23812718711073777, ""graph_model_p50_geomean_ms"": 0.22118954282067696, ""graph_paired_speedups"": [1.0672848927541316, 1.0770062542450167, 1.0855118912802288], ""graph_speedup"": 1.0765752488750897, ""source"": ""/home/chen/workspace/fuse-mxfp8-sm90/results/mxfp8_weight/policy_ab/cp8_frozen_reverse_v1.json""}}"
a2a_gemm/llama3_8b/s131072/cp4,llama3_8b,131072,4,32768,4096,4096,"[""/home/chen/workspace/fuse-mxfp8-sm90/results/mxfp8_weight/policy_ab/cp4_frozen_v1.json"", ""/home/chen/workspace/fuse-mxfp8-sm90/results/mxfp8_weight/policy_ab/cp4_frozen_reverse_v1.json""]",oproj_forward,balanced_equal_orders,1.6858979374102554,1.6786284551678692,1.004330608253426,"{""cluster_m"": 2, ""comm_ctas"": 8, ""policy_enum"": 5, ""raster"": ""n"", ""sm_count"": 132, ""swizzle"": 1, ""tile_k"": 64, ""tile_m"": 128, ""tile_n"": 320}","{""cluster_m"": 2, ""comm_ctas"": 8, ""policy_enum"": 5, ""raster"": ""n"", ""sm_count"": 132, ""swizzle"": 1, ""tile_k"": 64, ""tile_m"": 128, ""tile_n"": 320}","[0.9958463372239947, 0.9867717615262067, 0.9950134469849582, 0.9972816085392208, 1.0258376879794249, 1.0259489180516015]",False,1.7780653450812562,1.7737051550628504,1.0024582383413387,"{""cluster_m"": 2, ""comm_ctas"": 8, ""policy_enum"": 5, ""raster"": ""n"", ""sm_count"": 132, ""swizzle"": 1, ""tile_k"": 64, ""tile_m"": 128, ""tile_n"": 320}","{""cluster_m"": 2, ""comm_ctas"": 8, ""policy_enum"": 5, ""raster"": ""n"", ""sm_count"": 132, ""swizzle"": 1, ""tile_k"": 64, ""tile_m"": 128, ""tile_n"": 320}","[0.8751564563350595, 1.0968008299216099, 1.0023157752478957, 1.153625573586862, 0.9195837292787851, 0.9943139790099371]",False,"{""baseline-model"": {""eager_baseline_p50_geomean_ms"": 1.6771194579549822, ""eager_model_p50_geomean_ms"": 1.689732665955756, ""eager_paired_speedups"": [0.9958463372239947, 0.9867717615262067, 0.9950134469849582], ""eager_speedup"": 0.9925353825164759, ""graph_baseline_p50_geomean_ms"": 1.7598995871592964, ""graph_model_p50_geomean_ms"": 1.7827148288834058, ""graph_paired_speedups"": [0.8751564563350595, 1.0968008299216099, 1.0023157752478957], ""graph_speedup"": 0.9872019678332964, ""source"": ""/home/chen/workspace/fuse-mxfp8-sm90/results/mxfp8_weight/policy_ab/cp4_frozen_v1.json""}, ""model-baseline"": {""eager_baseline_p50_geomean_ms"": 1.6947223657102464, ""eager_model_p50_geomean_ms"": 1.6675972165723925, ""eager_paired_speedups"": [0.9972816085392208, 1.0258376879794249, 1.0259489180516015], ""eager_speedup"": 1.0162660076835628, ""graph_baseline_p50_geomean_ms"": 1.7964186107242741, ""graph_model_p50_geomean_ms"": 1.764741015290163, ""graph_paired_speedups"": [1.153625573586862, 0.9195837292787851, 0.9943139790099371], ""graph_speedup"": 1.017950280046561, ""source"": ""/home/chen/workspace/fuse-mxfp8-sm90/results/mxfp8_weight/policy_ab/cp4_frozen_reverse_v1.json""}}"
a2a_gemm/llama3_8b/s131072/cp8,llama3_8b,131072,8,16384,4096,4096,"[""/home/chen/workspace/fuse-mxfp8-sm90/results/mxfp8_weight/policy_ab/cp8_frozen_v1.json"", ""/home/chen/workspace/fuse-mxfp8-sm90/results/mxfp8_weight/policy_ab/cp8_frozen_reverse_v1.json""]",oproj_forward,balanced_equal_orders,1.3416243171196482,1.0021853424285052,1.338698801829022,"{""cluster_m"": 2, ""comm_ctas"": 4, ""policy_enum"": 4, ""raster"": ""n"", ""sm_count"": 132, ""swizzle"": 1, ""tile_k"": 64, ""tile_m"": 128, ""tile_n"": 256}","{""cluster_m"": 2, ""comm_ctas"": 12, ""policy_enum"": 5, ""raster"": ""n"", ""sm_count"": 132, ""swizzle"": 1, ""tile_k"": 64, ""tile_m"": 128, ""tile_n"": 320}","[1.3196673866493545, 1.3405553662071075, 1.349835948644793, 1.3357247556736658, 1.34631766227842, 1.3403014896056673]",True,1.3393940405807123,0.9982545116903571,1.3417360251271977,"{""cluster_m"": 2, ""comm_ctas"": 4, ""policy_enum"": 4, ""raster"": ""n"", ""sm_count"": 132, ""swizzle"": 1, ""tile_k"": 64, ""tile_m"": 128, ""tile_n"": 256}","{""cluster_m"": 2, ""comm_ctas"": 12, ""policy_enum"": 5, ""raster"": ""n"", ""sm_count"": 132, ""swizzle"": 1, ""tile_k"": 64, ""tile_m"": 128, ""tile_n"": 320}","[1.337038298153649, 1.3433010207708647, 1.3469826175414756, 1.3443801829866444, 1.343288187547615, 1.3354634372027203]",True,"{""baseline-model"": {""eager_baseline_p50_geomean_ms"": 1.3419465337228478, ""eager_model_p50_geomean_ms"": 1.0039801732561267, ""eager_paired_speedups"": [1.3196673866493545, 1.3405553662071075, 1.349835948644793], ""eager_speedup"": 1.3366265285604424, ""graph_baseline_p50_geomean_ms"": 1.3415668869905244, ""graph_model_p50_geomean_ms"": 0.9993538022646764, ""graph_paired_speedups"": [1.337038298153649, 1.3433010207708647, 1.3469826175414756], ""graph_speedup"": 1.3424343650370312, ""source"": ""/home/chen/workspace/fuse-mxfp8-sm90/results/mxfp8_weight/policy_ab/cp8_frozen_v1.json""}, ""model-baseline"": {""eager_baseline_p50_geomean_ms"": 1.3413021778843146, ""eager_model_p50_geomean_ms"": 1.0003937202476139, ""eager_paired_speedups"": [1.3357247556736658, 1.34631766227842, 1.3403014896056673], ""eager_speedup"": 1.3407742878996882, ""graph_baseline_p50_geomean_ms"": 1.3372247133853103, ""graph_model_p50_geomean_ms"": 0.9971564303372006, ""graph_paired_speedups"": [1.3443801829866444, 1.343288187547615, 1.3354634372027203], ""graph_speedup"": 1.3410380484966742, ""source"": ""/home/chen/workspace/fuse-mxfp8-sm90/results/mxfp8_weight/policy_ab/cp8_frozen_reverse_v1.json""}}"
a2a_gemm/llama3_8b/s262144/cp4,llama3_8b,262144,4,65536,4096,4096,"[""/home/chen/workspace/fuse-mxfp8-sm90/results/mxfp8_weight/policy_ab/cp4_frozen_v1.json"", ""/home/chen/workspace/fuse-mxfp8-sm90/results/mxfp8_weight/policy_ab/cp4_frozen_reverse_v1.json""]",oproj_forward,balanced_equal_orders,3.426390008212253,3.4241556404112408,1.0006525310282766,"{""cluster_m"": 2, ""comm_ctas"": 8, ""policy_enum"": 5, ""raster"": ""n"", ""sm_count"": 132, ""swizzle"": 1, ""tile_k"": 64, ""tile_m"": 128, ""tile_n"": 320}","{""cluster_m"": 2, ""comm_ctas"": 8, ""policy_enum"": 5, ""raster"": ""n"", ""sm_count"": 132, ""swizzle"": 1, ""tile_k"": 64, ""tile_m"": 128, ""tile_n"": 320}","[1.008162979909184, 0.9996799570349245, 1.0515532963391965, 1.005730121020867, 1.0006079132588224, 0.9413071964469538]",False,3.455410654781104,3.441184673915078,1.0041340358667363,"{""cluster_m"": 2, ""comm_ctas"": 8, ""policy_enum"": 5, ""raster"": ""n"", ""sm_count"": 132, ""swizzle"": 1, ""tile_k"": 64, ""tile_m"": 128, ""tile_n"": 320}","{""cluster_m"": 2, ""comm_ctas"": 8, ""policy_enum"": 5, ""raster"": ""n"", ""sm_count"": 132, ""swizzle"": 1, ""tile_k"": 64, ""tile_m"": 128, ""tile_n"": 320}","[0.9990059129942029, 1.0836938871839363, 1.0034461433587067, 0.9968720932693097, 0.9526843122475045, 0.99355731604064]",False,"{""baseline-model"": {""eager_baseline_p50_geomean_ms"": 3.460206792427984, ""eager_model_p50_geomean_ms"": 3.3938635769688776, ""eager_paired_speedups"": [1.008162979909184, 0.9996799570349245, 1.0515532963391965], ""eager_speedup"": 1.0195479912361014, ""graph_baseline_p50_geomean_ms"": 3.5064060174807685, ""graph_model_p50_geomean_ms"": 3.410928528546371, ""graph_paired_speedups"": [0.9990059129942029, 1.0836938871839363, 1.0034461433587067], ""graph_speedup"": 1.0279916416117596, ""source"": ""/home/chen/workspace/fuse-mxfp8-sm90/results/mxfp8_weight/policy_ab/cp4_frozen_v1.json""}, ""model-baseline"": {""eager_baseline_p50_geomean_ms"": 3.392903717219412, ""eager_model_p50_geomean_ms"": 3.4547180768626498, ""eager_paired_speedups"": [1.005730121020867, 1.0006079132588224, 0.9413071964469538], ""eager_speedup"": 0.9821072636701603, ""graph_baseline_p50_geomean_ms"": 3.405156942364922, ""graph_model_p50_geomean_ms"": 3.4717092020203077, ""graph_paired_speedups"": [0.9968720932693097, 0.9526843122475045, 0.99355731604064], ""graph_speedup"": 0.9808301168725047, ""source"": ""/home/chen/workspace/fuse-mxfp8-sm90/results/mxfp8_weight/policy_ab/cp4_frozen_reverse_v1.json""}}"
a2a_gemm/llama3_8b/s262144/cp8,llama3_8b,262144,8,32768,4096,4096,"[""/home/chen/workspace/fuse-mxfp8-sm90/results/mxfp8_weight/policy_ab/cp8_frozen_v1.json"", ""/home/chen/workspace/fuse-mxfp8-sm90/results/mxfp8_weight/policy_ab/cp8_frozen_reverse_v1.json""]",oproj_forward,balanced_equal_orders,1.8282584905484718,1.8283797567059477,0.9999336756179722,"{""cluster_m"": 2, ""comm_ctas"": 8, ""policy_enum"": 5, ""raster"": ""n"", ""sm_count"": 132, ""swizzle"": 1, ""tile_k"": 64, ""tile_m"": 128, ""tile_n"": 320}","{""cluster_m"": 2, ""comm_ctas"": 8, ""policy_enum"": 5, ""raster"": ""n"", ""sm_count"": 132, ""swizzle"": 1, ""tile_k"": 64, ""tile_m"": 128, ""tile_n"": 320}","[1.0015611402999247, 1.004988396092476, 0.9938838594403172, 0.9858664138092526, 1.0131435550671148, 1.0003776027742468]",False,1.8224130462562225,1.8254990657350696,0.9983094927098172,"{""cluster_m"": 2, ""comm_ctas"": 8, ""policy_enum"": 5, ""raster"": ""n"", ""sm_count"": 132, ""swizzle"": 1, ""tile_k"": 64, ""tile_m"": 128, ""tile_n"": 320}","{""cluster_m"": 2, ""comm_ctas"": 8, ""policy_enum"": 5, ""raster"": ""n"", ""sm_count"": 132, ""swizzle"": 1, ""tile_k"": 64, ""tile_m"": 128, ""tile_n"": 320}","[1.0058070633665894, 0.9990948825854938, 0.9918202380197434, 0.9892255726728376, 1.0012933647145261, 1.002721091068715]",False,"{""baseline-model"": {""eager_baseline_p50_geomean_ms"": 1.8268821881647754, ""eager_model_p50_geomean_ms"": 1.8266380127579698, ""eager_paired_speedups"": [1.0015611402999247, 1.004988396092476, 0.9938838594403172], ""eager_speedup"": 1.0001336747648415, ""graph_baseline_p50_geomean_ms"": 1.8229064422265924, ""graph_model_p50_geomean_ms"": 1.824930176480079, ""graph_paired_speedups"": [1.0058070633665894, 0.9990948825854938, 0.9918202380197434], ""graph_speedup"": 0.9988910620912689, ""source"": ""/home/chen/workspace/fuse-mxfp8-sm90/results/mxfp8_weight/policy_ab/cp8_frozen_v1.json""}, ""model-baseline"": {""eager_baseline_p50_geomean_ms"": 1.8296358297851538, ""eager_model_p50_geomean_ms"": 1.8301231614493099, ""eager_paired_speedups"": [0.9858664138092526, 1.0131435550671148, 1.0003776027742468], ""eager_speedup"": 0.9997337164654154, ""graph_baseline_p50_geomean_ms"": 1.8219197838306016, ""graph_model_p50_geomean_ms"": 1.8260681323310834, ""graph_paired_speedups"": [0.9892255726728376, 1.0012933647145261, 1.002721091068715], ""graph_speedup"": 0.9977282619267956, ""source"": ""/home/chen/workspace/fuse-mxfp8-sm90/results/mxfp8_weight/policy_ab/cp8_frozen_reverse_v1.json""}}"
a2a_gemm/llama3_8b/s524288/cp4,llama3_8b,524288,4,131072,4096,4096,"[""/home/chen/workspace/fuse-mxfp8-sm90/results/mxfp8_weight/policy_ab/cp4_frozen_v1.json"", ""/home/chen/workspace/fuse-mxfp8-sm90/results/mxfp8_weight/policy_ab/cp4_frozen_reverse_v1.json""]",oproj_forward,balanced_equal_orders,6.872993936591748,6.88187232535563,0.9987098876084676,"{""cluster_m"": 2, ""comm_ctas"": 8, ""policy_enum"": 5, ""raster"": ""n"", ""sm_count"": 132, ""swizzle"": 1, ""tile_k"": 64, ""tile_m"": 128, ""tile_n"": 320}","{""cluster_m"": 2, ""comm_ctas"": 8, ""policy_enum"": 5, ""raster"": ""n"", ""sm_count"": 132, ""swizzle"": 1, ""tile_k"": 64, ""tile_m"": 128, ""tile_n"": 320}","[0.9972440305679444, 1.028526858855804, 1.0650563490291758, 1.0009285631975557, 0.970683002336349, 0.9349016401549666]",False,7.073744589104504,7.034453818287354,1.0055854756932237,"{""cluster_m"": 2, ""comm_ctas"": 8, ""policy_enum"": 5, ""raster"": ""n"", ""sm_count"": 132, ""swizzle"": 1, ""tile_k"": 64, ""tile_m"": 128, ""tile_n"": 320}","{""cluster_m"": 2, ""comm_ctas"": 8, ""policy_enum"": 5, ""raster"": ""n"", ""sm_count"": 132, ""swizzle"": 1, ""tile_k"": 64, ""tile_m"": 128, ""tile_n"": 320}","[1.055692215125022, 1.0341561879626908, 0.9898330206946578, 0.966304710243062, 0.9760822182926888, 1.0144439637897231]",False,"{""baseline-model"": {""eager_baseline_p50_geomean_ms"": 6.949719520605996, ""eager_model_p50_geomean_ms"": 6.747932372093207, ""eager_paired_speedups"": [0.9972440305679444, 1.028526858855804, 1.0650563490291758], ""eager_speedup"": 1.029903552286222, ""graph_baseline_p50_geomean_ms"": 7.140018948800506, ""graph_model_p50_geomean_ms"": 6.9577833309329105, ""graph_paired_speedups"": [1.055692215125022, 1.0341561879626908, 0.9898330206946578], ""graph_speedup"": 1.0261916201180632, ""source"": ""/home/chen/workspace/fuse-mxfp8-sm90/results/mxfp8_weight/policy_ab/cp4_frozen_v1.json""}, ""model-baseline"": {""eager_baseline_p50_geomean_ms"": 6.79711541053788, ""eager_model_p50_geomean_ms"": 7.018470857585757, ""eager_paired_speedups"": [1.0009285631975557, 0.970683002336349, 0.9349016401549666], ""eager_speedup"": 0.9684610150074742, ""graph_baseline_p50_geomean_ms"": 7.008085394548065, ""graph_model_p50_geomean_ms"": 7.111969167194908, ""graph_paired_speedups"": [0.966304710243062, 0.9760822182926888, 1.0144439637897231], ""graph_speedup"": 0.9853931069996732, ""source"": ""/home/chen/workspace/fuse-mxfp8-sm90/results/mxfp8_weight/policy_ab/cp4_frozen_reverse_v1.json""}}"
a2a_gemm/llama3_8b/s524288/cp8,llama3_8b,524288,8,65536,4096,4096,"[""/home/chen/workspace/fuse-mxfp8-sm90/results/mxfp8_weight/policy_ab/cp8_frozen_v1.json"", ""/home/chen/workspace/fuse-mxfp8-sm90/results/mxfp8_weight/policy_ab/cp8_frozen_reverse_v1.json""]",oproj_forward,balanced_equal_orders,3.5677396627817473,3.6079664463299252,0.9888505660608085,"{""cluster_m"": 2, ""comm_ctas"": 8, ""policy_enum"": 5, ""raster"": ""n"", ""sm_count"": 132, ""swizzle"": 1, ""tile_k"": 64, ""tile_m"": 128, ""tile_n"": 320}","{""cluster_m"": 2, ""comm_ctas"": 8, ""policy_enum"": 5, ""raster"": ""n"", ""sm_count"": 132, ""swizzle"": 1, ""tile_k"": 64, ""tile_m"": 128, ""tile_n"": 320}","[0.9987884427623037, 0.9538871042078382, 1.0054708064178144, 0.9964899769810872, 1.0049707639673777, 0.9745804271461987]",False,3.568283636373381,3.580346108277736,0.9966309201570016,"{""cluster_m"": 2, ""comm_ctas"": 8, ""policy_enum"": 5, ""raster"": ""n"", ""sm_count"": 132, ""swizzle"": 1, ""tile_k"": 64, ""tile_m"": 128, ""tile_n"": 320}","{""cluster_m"": 2, ""comm_ctas"": 8, ""policy_enum"": 5, ""raster"": ""n"", ""sm_count"": 132, ""swizzle"": 1, ""tile_k"": 64, ""tile_m"": 128, ""tile_n"": 320}","[0.9867922123295316, 1.007677273336828, 1.0015247607656423, 0.9985048140930377, 0.9844893954347551, 1.0010045873841331]",False,"{""baseline-model"": {""eager_baseline_p50_geomean_ms"": 3.571587099621668, ""eager_model_p50_geomean_ms"": 3.623107848920966, ""eager_paired_speedups"": [0.9987884427623037, 0.9538871042078382, 1.0054708064178144], ""eager_speedup"": 0.9857799570292551, ""graph_baseline_p50_geomean_ms"": 3.5720011354858667, ""graph_model_p50_geomean_ms"": 3.576915101538836, ""graph_paired_speedups"": [0.9867922123295316, 1.007677273336828, 1.0015247607656423], ""graph_speedup"": 0.9986261999758235, ""source"": ""/home/chen/workspace/fuse-mxfp8-sm90/results/mxfp8_weight/policy_ab/cp8_frozen_v1.json""}, ""model-baseline"": {""eager_baseline_p50_geomean_ms"": 3.5638963705335227, ""eager_model_p50_geomean_ms"": 3.5928883214777714, ""eager_paired_speedups"": [0.9964899769810872, 1.0049707639673777, 0.9745804271461987], ""eager_speedup"": 0.991930739741914, ""graph_baseline_p50_geomean_ms"": 3.5645700061845402, ""graph_model_p50_geomean_ms"": 3.583780406066859, ""graph_paired_speedups"": [0.9985048140930377, 0.9844893954347551, 1.0010045873841331], ""graph_speedup"": 0.9946396269565516, ""source"": ""/home/chen/workspace/fuse-mxfp8-sm90/results/mxfp8_weight/policy_ab/cp8_frozen_reverse_v1.json""}}"
a2a_gemm/qwen25_14b_32b/s1024/cp4,qwen25_14b_32b,1024,4,256,5120,5120,"[""/home/chen/workspace/fuse-mxfp8-sm90/results/mxfp8_weight/policy_ab/cp4_frozen_v1.json"", ""/home/chen/workspace/fuse-mxfp8-sm90/results/mxfp8_weight/policy_ab/cp4_frozen_reverse_v1.json""]",oproj_forward,balanced_equal_orders,0.11111438987043504,0.1117966816359912,0.9938970302555336,"{""cluster_m"": 1, ""comm_ctas"": 4, ""policy_enum"": 2, ""raster"": ""n"", ""sm_count"": 132, ""swizzle"": 1, ""tile_k"": 64, ""tile_m"": 128, ""tile_n"": 128}","{""cluster_m"": 1, ""comm_ctas"": 4, ""policy_enum"": 2, ""raster"": ""n"", ""sm_count"": 132, ""swizzle"": 1, ""tile_k"": 64, ""tile_m"": 128, ""tile_n"": 128}","[0.9959741555637469, 0.998993377417811, 0.9899899805914537, 0.9924361439429723, 0.9947180846263799, 0.9912981454590384]",False,0.10880729023592775,0.10875460990634532,1.0004843962902152,"{""cluster_m"": 1, ""comm_ctas"": 4, ""policy_enum"": 2, ""raster"": ""n"", ""sm_count"": 132, ""swizzle"": 1, ""tile_k"": 64, ""tile_m"": 128, ""tile_n"": 128}","{""cluster_m"": 1, ""comm_ctas"": 4, ""policy_enum"": 2, ""raster"": ""n"", ""sm_count"": 132, ""swizzle"": 1, ""tile_k"": 64, ""tile_m"": 128, ""tile_n"": 128}","[0.9969126492827091, 0.9966181186880293, 0.9983792421137839, 1.0054371514148113, 1.000882359648149, 1.0047141688285592]",False,"{""baseline-model"": {""eager_baseline_p50_geomean_ms"": 0.11091720639985615, ""eager_model_p50_geomean_ms"": 0.11147695486645297, ""eager_paired_speedups"": [0.9959741555637469, 0.998993377417811, 0.9899899805914537], ""eager_speedup"": 0.9949787965838562, ""graph_baseline_p50_geomean_ms"": 0.10845332715304115, ""graph_model_p50_geomean_ms"": 0.10874661248587823, ""graph_paired_speedups"": [0.9969126492827091, 0.9966181186880293, 0.9983792421137839], ""graph_speedup"": 0.9973030393670876, ""source"": ""/home/chen/workspace/fuse-mxfp8-sm90/results/mxfp8_weight/policy_ab/cp4_frozen_v1.json""}, ""model-baseline"": {""eager_baseline_p50_geomean_ms"": 0.11131192388465207, ""eager_model_p50_geomean_ms"": 0.1121173254130606, ""eager_paired_speedups"": [0.9924361439429723, 0.9947180846263799, 0.9912981454590384], ""eager_speedup"": 0.9928164400511577, ""graph_baseline_p50_geomean_ms"": 0.10916240856104924, ""graph_model_p50_geomean_ms"": 0.10876260791495705, ""graph_paired_speedups"": [1.0054371514148113, 1.000882359648149, 1.0047141688285592], ""graph_speedup"": 1.003675901615055, ""source"": ""/home/chen/workspace/fuse-mxfp8-sm90/results/mxfp8_weight/policy_ab/cp4_frozen_reverse_v1.json""}}"
a2a_gemm/qwen25_14b_32b/s1024/cp8,qwen25_14b_32b,1024,8,128,5120,5120,"[""/home/chen/workspace/fuse-mxfp8-sm90/results/mxfp8_weight/policy_ab/cp8_frozen_v1.json"", ""/home/chen/workspace/fuse-mxfp8-sm90/results/mxfp8_weight/policy_ab/cp8_frozen_reverse_v1.json""]",oproj_forward,balanced_equal_orders,0.11911718871708403,0.11943960139797768,0.9973006215935089,"{""cluster_m"": 1, ""comm_ctas"": 4, ""policy_enum"": 1, ""raster"": ""n"", ""sm_count"": 132, ""swizzle"": 1, ""tile_k"": 64, ""tile_m"": 64, ""tile_n"": 128}","{""cluster_m"": 1, ""comm_ctas"": 4, ""policy_enum"": 1, ""raster"": ""n"", ""sm_count"": 132, ""swizzle"": 1, ""tile_k"": 64, ""tile_m"": 64, ""tile_n"": 128}","[0.9958539206179239, 0.996257156445414, 0.9957276353965372, 0.9957076085588108, 1.0022868078980516, 0.9979873722879549]",False,0.11627085347815734,0.11648964089430143,0.9981218294222177,"{""cluster_m"": 1, ""comm_ctas"": 4, ""policy_enum"": 1, ""raster"": ""n"", ""sm_count"": 132, ""swizzle"": 1, ""tile_k"": 64, ""tile_m"": 64, ""tile_n"": 128}","{""cluster_m"": 1, ""comm_ctas"": 4, ""policy_enum"": 1, ""raster"": ""n"", ""sm_count"": 132, ""swizzle"": 1, ""tile_k"": 64, ""tile_m"": 64, ""tile_n"": 128}","[0.9987686956976024, 0.9995890942652197, 0.9978124615012898, 0.9951916745724276, 0.9982034136652665, 0.9991718363691352]",False,"{""baseline-model"": {""eager_baseline_p50_geomean_ms"": 0.11923730628938893, ""eager_model_p50_geomean_ms"": 0.11972263648989204, ""eager_paired_speedups"": [0.9958539206179239, 0.996257156445414, 0.9957276353965372], ""eager_speedup"": 0.9959462118883088, ""graph_baseline_p50_geomean_ms"": 0.11677866828370044, ""graph_model_p50_geomean_ms"": 0.11692796737789994, ""graph_paired_speedups"": [0.9987686956976024, 0.9995890942652197, 0.9978124615012898], ""graph_speedup"": 0.9987231532579628, ""source"": ""/home/chen/workspace/fuse-mxfp8-sm90/results/mxfp8_weight/policy_ab/cp8_frozen_v1.json""}, ""model-baseline"": {""eager_baseline_p50_geomean_ms"": 0.11899719214911604, ""eager_model_p50_geomean_ms"": 0.11915723542650379, ""eager_paired_speedups"": [0.9957076085588108, 1.0022868078980516, 0.9979873722879549], ""eager_speedup"": 0.9986568731909996, ""graph_baseline_p50_geomean_ms"": 0.11576524691732643, ""graph_model_p50_geomean_ms"": 0.11605295755998991, ""graph_paired_speedups"": [0.9951916745724276, 0.9982034136652665, 0.9991718363691352], ""graph_speedup"": 0.9975208676391139, ""source"": ""/home/chen/workspace/fuse-mxfp8-sm90/results/mxfp8_weight/policy_ab/cp8_frozen_reverse_v1.json""}}"
a2a_gemm/qwen25_14b_32b/s4096/cp4,qwen25_14b_32b,4096,4,1024,5120,5120,"[""/home/chen/workspace/fuse-mxfp8-sm90/results/mxfp8_weight/policy_ab/cp4_frozen_v1.json"", ""/home/chen/workspace/fuse-mxfp8-sm90/results/mxfp8_weight/policy_ab/cp4_frozen_reverse_v1.json""]",oproj_forward,balanced_equal_orders,0.17906636557673572,0.17982465842997883,0.9957831542133116,"{""cluster_m"": 1, ""comm_ctas"": 4, ""policy_enum"": 3, ""raster"": ""n"", ""sm_count"": 132, ""swizzle"": 1, ""tile_k"": 64, ""tile_m"": 128, ""tile_n"": 160}","{""cluster_m"": 1, ""comm_ctas"": 4, ""policy_enum"": 3, ""raster"": ""n"", ""sm_count"": 132, ""swizzle"": 1, ""tile_k"": 64, ""tile_m"": 128, ""tile_n"": 160}","[0.9921435818229378, 1.0009876852929094, 0.9866122895606493, 0.9974275239488408, 0.9967181493494827, 1.0008872394841775]",False,0.1773193481361941,0.17738609993754662,0.9996236920402666,"{""cluster_m"": 1, ""comm_ctas"": 4, ""policy_enum"": 3, ""raster"": ""n"", ""sm_count"": 132, ""swizzle"": 1, ""tile_k"": 64, ""tile_m"": 128, ""tile_n"": 160}","{""cluster_m"": 1, ""comm_ctas"": 4, ""policy_enum"": 3, ""raster"": ""n"", ""sm_count"": 132, ""swizzle"": 1, ""tile_k"": 64, ""tile_m"": 128, ""tile_n"": 160}","[0.9984665856512892, 1.0018117721063193, 0.9986444653490324, 1.0029738203268348, 0.9965784420380853, 0.9992809162084274]",False,"{""baseline-model"": {""eager_baseline_p50_geomean_ms"": 0.17807451763985327, ""eager_model_p50_geomean_ms"": 0.17928825861721384, ""eager_paired_speedups"": [0.9921435818229378, 1.0009876852929094, 0.9866122895606493], ""eager_speedup"": 0.9932302260799353, ""graph_baseline_p50_geomean_ms"": 0.1769546300371551, ""graph_model_p50_geomean_ms"": 0.17701839902240762, ""graph_paired_speedups"": [0.9984665856512892, 1.0018117721063193, 0.9986444653490324], ""graph_speedup"": 0.9996397606937765, ""source"": ""/home/chen/workspace/fuse-mxfp8-sm90/results/mxfp8_weight/policy_ab/cp4_frozen_v1.json""}, ""model-baseline"": {""eager_baseline_p50_geomean_ms"": 0.18006373795553682, ""eager_model_p50_geomean_ms"": 0.18036266305926302, ""eager_paired_speedups"": [0.9974275239488408, 0.9967181493494827, 1.0008872394841775], ""eager_speedup"": 0.9983426442110807, ""graph_baseline_p50_geomean_ms"": 0.17768481794934046, ""graph_model_p50_geomean_ms"": 0.1777545646374884, ""graph_paired_speedups"": [1.0029738203268348, 0.9965784420380853, 0.9992809162084274], ""graph_speedup"": 0.9996076236450513, ""source"": ""/home/chen/workspace/fuse-mxfp8-sm90/results/mxfp8_weight/policy_ab/cp4_frozen_reverse_v1.json""}}"
a2a_gemm/qwen25_14b_32b/s4096/cp8,qwen25_14b_32b,4096,8,512,5120,5120,"[""/home/chen/workspace/fuse-mxfp8-sm90/results/mxfp8_weight/policy_ab/cp8_frozen_v1.json"", ""/home/chen/workspace/fuse-mxfp8-sm90/results/mxfp8_weight/policy_ab/cp8_frozen_reverse_v1.json""]",oproj_forward,balanced_equal_orders,0.16009478365317675,0.160684720849437,0.9963286042808451,"{""cluster_m"": 1, ""comm_ctas"": 4, ""policy_enum"": 3, ""raster"": ""n"", ""sm_count"": 132, ""swizzle"": 1, ""tile_k"": 64, ""tile_m"": 128, ""tile_n"": 160}","{""cluster_m"": 1, ""comm_ctas"": 4, ""policy_enum"": 3, ""raster"": ""n"", ""sm_count"": 132, ""swizzle"": 1, ""tile_k"": 64, ""tile_m"": 128, ""tile_n"": 160}","[0.9932746461635078, 0.9930679276136035, 0.9932739807855526, 0.994798920306716, 0.9990971272370416, 1.0045121939945054]",False,0.1577893751138429,0.15804596317609082,0.9983764972094733,"{""cluster_m"": 1, ""comm_ctas"": 4, ""policy_enum"": 3, ""raster"": ""n"", ""sm_count"": 132, ""swizzle"": 1, ""tile_k"": 64, ""tile_m"": 128, ""tile_n"": 160}","{""cluster_m"": 1, ""comm_ctas"": 4, ""policy_enum"": 3, ""raster"": ""n"", ""sm_count"": 132, ""swizzle"": 1, ""tile_k"": 64, ""tile_m"": 128, ""tile_n"": 160}","[1.0017132281031729, 0.9955505779539778, 0.9979881146526383, 0.9988875084715455, 0.9953204121410163, 1.0008165827324502]",False,"{""baseline-model"": {""eager_baseline_p50_geomean_ms"": 0.16060262657307786, ""eager_model_p50_geomean_ms"": 0.16170130391213308, ""eager_paired_speedups"": [0.9932746461635078, 0.9930679276136035, 0.9932739807855526], ""eager_speedup"": 0.993205513422129, ""graph_baseline_p50_geomean_ms"": 0.15843063605203064, ""graph_model_p50_geomean_ms"": 0.15868229152751173, ""graph_paired_speedups"": [1.0017132281031729, 0.9955505779539778, 0.9979881146526383], ""graph_speedup"": 0.998414092252774, ""source"": ""/home/chen/workspace/fuse-mxfp8-sm90/results/mxfp8_weight/policy_ab/cp8_frozen_v1.json""}, ""model-baseline"": {""eager_baseline_p50_geomean_ms"": 0.15958854658765545, ""eager_model_p50_geomean_ms"": 0.15967452883677177, ""eager_paired_speedups"": [0.994798920306716, 0.9990971272370416, 1.0045121939945054], ""eager_speedup"": 0.9994615155607932, ""graph_baseline_p50_geomean_ms"": 0.1571507097316732, ""graph_model_p50_geomean_ms"": 0.15741218655093328, ""graph_paired_speedups"": [0.9988875084715455, 0.9953204121410163, 1.0008165827324502], ""graph_speedup"": 0.9983389035818049, ""source"": ""/home/chen/workspace/fuse-mxfp8-sm90/results/mxfp8_weight/policy_ab/cp8_frozen_reverse_v1.json""}}"
a2a_gemm/qwen25_14b_32b/s16384/cp4,qwen25_14b_32b,16384,4,4096,5120,5120,"[""/home/chen/workspace/fuse-mxfp8-sm90/results/mxfp8_weight/policy_ab/cp4_frozen_v1.json"", ""/home/chen/workspace/fuse-mxfp8-sm90/results/mxfp8_weight/policy_ab/cp4_frozen_reverse_v1.json""]",oproj_forward,balanced_equal_orders,0.4335293867273843,0.4356941455144131,0.9950314714821957,"{""cluster_m"": 2, ""comm_ctas"": 4, ""policy_enum"": 5, ""raster"": ""n"", ""sm_count"": 132, ""swizzle"": 1, ""tile_k"": 64, ""tile_m"": 128, ""tile_n"": 320}","{""cluster_m"": 2, ""comm_ctas"": 4, ""policy_enum"": 5, ""raster"": ""n"", ""sm_count"": 132, ""swizzle"": 1, ""tile_k"": 64, ""tile_m"": 128, ""tile_n"": 320}","[0.9936833066337682, 0.9993696331927526, 0.9930866110701058, 0.9986485651686313, 0.9963927666659484, 0.9890457580422745]",False,0.43099419959714325,0.4313436667705201,0.9991898173074079,"{""cluster_m"": 2, ""comm_ctas"": 4, ""policy_enum"": 5, ""raster"": ""n"", ""sm_count"": 132, ""swizzle"": 1, ""tile_k"": 64, ""tile_m"": 128, ""tile_n"": 320}","{""cluster_m"": 2, ""comm_ctas"": 4, ""policy_enum"": 5, ""raster"": ""n"", ""sm_count"": 132, ""swizzle"": 1, ""tile_k"": 64, ""tile_m"": 128, ""tile_n"": 320}","[1.003868719895367, 0.9937224200632646, 1.0009733732757153, 0.9973794822562838, 0.9994458649521349, 0.999778415389053]",False,"{""baseline-model"": {""eager_baseline_p50_geomean_ms"": 0.43047426416253143, ""eager_model_p50_geomean_ms"": 0.4324740989401938, ""eager_paired_speedups"": [0.9936833066337682, 0.9993696331927526, 0.9930866110701058], ""eager_speedup"": 0.9953758276332318, ""graph_baseline_p50_geomean_ms"": 0.4291907776650973, ""graph_model_p50_geomean_ms"": 0.42940016098752565, ""graph_paired_speedups"": [1.003868719895367, 0.9937224200632646, 1.0009733732757153], ""graph_speedup"": 0.999512381825972, ""source"": ""/home/chen/workspace/fuse-mxfp8-sm90/results/mxfp8_weight/policy_ab/cp4_frozen_v1.json""}, ""model-baseline"": {""eager_baseline_p50_geomean_ms"": 0.4366061918286006, ""eager_model_p50_geomean_ms"": 0.43893816739713193, ""eager_paired_speedups"": [0.9986485651686313, 0.9963927666659484, 0.9890457580422745], ""eager_speedup"": 0.9946872344632054, ""graph_baseline_p50_geomean_ms"": 0.4328051993496696, ""graph_model_p50_geomean_ms"": 0.4332959690446939, ""graph_paired_speedups"": [0.9973794822562838, 0.9994458649521349, 0.999778415389053], ""graph_speedup"": 0.9988673568874726, ""source"": ""/home/chen/workspace/fuse-mxfp8-sm90/results/mxfp8_weight/policy_ab/cp4_frozen_reverse_v1.json""}}"
a2a_gemm/qwen25_14b_32b/s16384/cp8,qwen25_14b_32b,16384,8,2048,5120,5120,"[""/home/chen/workspace/fuse-mxfp8-sm90/results/mxfp8_weight/policy_ab/cp8_frozen_v1.json"", ""/home/chen/workspace/fuse-mxfp8-sm90/results/mxfp8_weight/policy_ab/cp8_frozen_reverse_v1.json""]",oproj_forward,balanced_equal_orders,0.32934338578938216,0.31307495061431534,1.0519633881380324,"{""cluster_m"": 2, ""comm_ctas"": 4, ""policy_enum"": 5, ""raster"": ""n"", ""sm_count"": 132, ""swizzle"": 1, ""tile_k"": 64, ""tile_m"": 128, ""tile_n"": 320}","{""cluster_m"": 2, ""comm_ctas"": 24, ""policy_enum"": 4, ""raster"": ""n"", ""sm_count"": 132, ""swizzle"": 1, ""tile_k"": 64, ""tile_m"": 128, ""tile_n"": 256}","[1.0451609260764916, 1.0473137532592263, 1.0474586694719772, 1.0572734675538755, 1.0573114604571614, 1.0573447430484715]",True,0.32609540972721873,0.30935153269051097,1.0541257283941086,"{""cluster_m"": 2, ""comm_ctas"": 4, ""policy_enum"": 5, ""raster"": ""n"", ""sm_count"": 132, ""swizzle"": 1, ""tile_k"": 64, ""tile_m"": 128, ""tile_n"": 320}","{""cluster_m"": 2, ""comm_ctas"": 24, ""policy_enum"": 4, ""raster"": ""n"", ""sm_count"": 132, ""swizzle"": 1, ""tile_k"": 64, ""tile_m"": 128, ""tile_n"": 256}","[1.0511709534199873, 1.0517535595634457, 1.0508606008862271, 1.0552992735877165, 1.057116225860444, 1.0585799172470485]",True,"{""baseline-model"": {""eager_baseline_p50_geomean_ms"": 0.3288690972212039, ""eager_model_p50_geomean_ms"": 0.31421297187164543, ""eager_paired_speedups"": [1.0451609260764916, 1.0473137532592263, 1.0474586694719772], ""eager_speedup"": 1.0466439219942372, ""graph_baseline_p50_geomean_ms"": 0.3257171839140195, ""graph_model_p50_geomean_ms"": 0.3098345565815805, ""graph_paired_speedups"": [1.0511709534199873, 1.0517535595634457, 1.0508606008862271], ""graph_speedup"": 1.0512616394622754, ""source"": ""/home/chen/workspace/fuse-mxfp8-sm90/results/mxfp8_weight/policy_ab/cp8_frozen_v1.json""}, ""model-baseline"": {""eager_baseline_p50_geomean_ms"": 0.3298183583672403, ""eager_model_p50_geomean_ms"": 0.3119410510594548, ""eager_paired_speedups"": [1.0572734675538755, 1.0573114604571614, 1.0573447430484715], ""eager_speedup"": 1.0573098899521833, ""graph_baseline_p50_geomean_ms"": 0.3264740747397382, ""graph_model_p50_geomean_ms"": 0.30886926182093116, ""graph_paired_speedups"": [1.0552992735877165, 1.057116225860444, 1.0585799172470485], ""graph_speedup"": 1.0569976203362499, ""source"": ""/home/chen/workspace/fuse-mxfp8-sm90/results/mxfp8_weight/policy_ab/cp8_frozen_reverse_v1.json""}}"
a2a_gemm/qwen25_14b_32b/s131072/cp4,qwen25_14b_32b,131072,4,32768,5120,5120,"[""/home/chen/workspace/fuse-mxfp8-sm90/results/mxfp8_weight/policy_ab/cp4_frozen_v1.json"", ""/home/chen/workspace/fuse-mxfp8-sm90/results/mxfp8_weight/policy_ab/cp4_frozen_reverse_v1.json""]",oproj_forward,balanced_equal_orders,2.6625390225593915,2.6808360529810704,0.9931748790078628,"{""cluster_m"": 2, ""comm_ctas"": 6, ""policy_enum"": 5, ""raster"": ""n"", ""sm_count"": 132, ""swizzle"": 1, ""tile_k"": 64, ""tile_m"": 128, ""tile_n"": 320}","{""cluster_m"": 2, ""comm_ctas"": 6, ""policy_enum"": 5, ""raster"": ""n"", ""sm_count"": 132, ""swizzle"": 1, ""tile_k"": 64, ""tile_m"": 128, ""tile_n"": 320}","[0.9939211298938138, 0.9998763167325719, 0.8272479069867089, 0.9842438384679264, 0.9923251209937201, 1.1952638484467106]",False,2.664026156271691,2.6721743517605065,0.9969507246099242,"{""cluster_m"": 2, ""comm_ctas"": 6, ""policy_enum"": 5, ""raster"": ""n"", ""sm_count"": 132, ""swizzle"": 1, ""tile_k"": 64, ""tile_m"": 128, ""tile_n"": 320}","{""cluster_m"": 2, ""comm_ctas"": 6, ""policy_enum"": 5, ""raster"": ""n"", ""sm_count"": 132, ""swizzle"": 1, ""tile_k"": 64, ""tile_m"": 128, ""tile_n"": 320}","[1.015068435155109, 1.0019150786178261, 0.9986550594959532, 0.9906895159625158, 1.002152769974491, 0.9737084065196444]",False,"{""baseline-model"": {""eager_baseline_p50_geomean_ms"": 2.584051169257157, ""eager_model_p50_geomean_ms"": 2.758395158631971, ""eager_paired_speedups"": [0.9939211298938138, 0.9998763167325719, 0.8272479069867089], ""eager_speedup"": 0.936795136538276, ""graph_baseline_p50_geomean_ms"": 2.6669017661102394, ""graph_model_p50_geomean_ms"": 2.6531375822407335, ""graph_paired_speedups"": [1.015068435155109, 1.0019150786178261, 0.9986550594959532], ""graph_speedup"": 1.0051878892227972, ""source"": ""/home/chen/workspace/fuse-mxfp8-sm90/results/mxfp8_weight/policy_ab/cp4_frozen_v1.json""}, ""model-baseline"": {""eager_baseline_p50_geomean_ms"": 2.743410862366724, ""eager_model_p50_geomean_ms"": 2.6054577135088457, ""eager_paired_speedups"": [0.9842438384679264, 0.9923251209937201, 1.1952638484467106], ""eager_speedup"": 1.0529477596748607, ""graph_baseline_p50_geomean_ms"": 2.661153647084261, ""graph_model_p50_geomean_ms"": 2.6913477137420405, ""graph_paired_speedups"": [0.9906895159625158, 1.002152769974491, 0.9737084065196444], ""graph_speedup"": 0.9887810606917842, ""source"": ""/home/chen/workspace/fuse-mxfp8-sm90/results/mxfp8_weight/policy_ab/cp4_frozen_reverse_v1.json""}}"
a2a_gemm/qwen25_14b_32b/s131072/cp8,qwen25_14b_32b,131072,8,16384,5120,5120,"[""/home/chen/workspace/fuse-mxfp8-sm90/results/mxfp8_weight/policy_ab/cp8_frozen_v1.json"", ""/home/chen/workspace/fuse-mxfp8-sm90/results/mxfp8_weight/policy_ab/cp8_frozen_reverse_v1.json""]",oproj_forward,balanced_equal_orders,1.86342739250078,1.4748115416366243,1.2635020406966042,"{""cluster_m"": 2, ""comm_ctas"": 4, ""policy_enum"": 5, ""raster"": ""n"", ""sm_count"": 132, ""swizzle"": 1, ""tile_k"": 64, ""tile_m"": 128, ""tile_n"": 320}","{""cluster_m"": 2, ""comm_ctas"": 8, ""policy_enum"": 5, ""raster"": ""n"", ""sm_count"": 132, ""swizzle"": 1, ""tile_k"": 64, ""tile_m"": 128, ""tile_n"": 320}","[1.2584804718065388, 1.2637580158671349, 1.2568154973365242, 1.267308963597555, 1.268391723834226, 1.2663036204513214]",True,1.859851220565207,1.4668091932592195,1.2679571611033176,"{""cluster_m"": 2, ""comm_ctas"": 4, ""policy_enum"": 5, ""raster"": ""n"", ""sm_count"": 132, ""swizzle"": 1, ""tile_k"": 64, ""tile_m"": 128, ""tile_n"": 320}","{""cluster_m"": 2, ""comm_ctas"": 8, ""policy_enum"": 5, ""raster"": ""n"", ""sm_count"": 132, ""swizzle"": 1, ""tile_k"": 64, ""tile_m"": 128, ""tile_n"": 320}","[1.2683049644091553, 1.2599459424111596, 1.2626195625845125, 1.27521449716646, 1.2695442760938387, 1.272179149556306]",True,"{""baseline-model"": {""eager_baseline_p50_geomean_ms"": 1.8616736221161247, ""eager_model_p50_geomean_ms"": 1.4778926917462227, ""eager_paired_speedups"": [1.2584804718065388, 1.2637580158671349, 1.2568154973365242], ""eager_speedup"": 1.2596811882982113, ""graph_baseline_p50_geomean_ms"": 1.8582399926047033, ""graph_model_p50_geomean_ms"": 1.4705702069769282, ""graph_paired_speedups"": [1.2683049644091553, 1.2599459424111596, 1.2626195625845125], ""graph_speedup"": 1.2636186859957632, ""source"": ""/home/chen/workspace/fuse-mxfp8-sm90/results/mxfp8_weight/policy_ab/cp8_frozen_v1.json""}, ""model-baseline"": {""eager_baseline_p50_geomean_ms"": 1.865182815006691, ""eager_model_p50_geomean_ms"": 1.4717368151909704, ""eager_paired_speedups"": [1.267308963597555, 1.268391723834226, 1.2663036204513214], ""eager_speedup"": 1.2673344824663286, ""graph_baseline_p50_geomean_ms"": 1.8614638455764418, ""graph_model_p50_geomean_ms"": 1.4630577984118767, ""graph_paired_speedups"": [1.27521449716646, 1.2695442760938387, 1.272179149556306], ""graph_speedup"": 1.2723105318170127, ""source"": ""/home/chen/workspace/fuse-mxfp8-sm90/results/mxfp8_weight/policy_ab/cp8_frozen_reverse_v1.json""}}"
a2a_gemm/qwen25_14b_32b/s262144/cp4,qwen25_14b_32b,262144,4,65536,5120,5120,"[""/home/chen/workspace/fuse-mxfp8-sm90/results/mxfp8_weight/policy_ab/cp4_frozen_v1.json"", ""/home/chen/workspace/fuse-mxfp8-sm90/results/mxfp8_weight/policy_ab/cp4_frozen_reverse_v1.json""]",oproj_forward,balanced_equal_orders,5.328789284714456,5.346929008995941,0.9966074499491268,"{""cluster_m"": 2, ""comm_ctas"": 6, ""policy_enum"": 5, ""raster"": ""n"", ""sm_count"": 132, ""swizzle"": 1, ""tile_k"": 64, ""tile_m"": 128, ""tile_n"": 320}","{""cluster_m"": 2, ""comm_ctas"": 6, ""policy_enum"": 5, ""raster"": ""n"", ""sm_count"": 132, ""swizzle"": 1, ""tile_k"": 64, ""tile_m"": 128, ""tile_n"": 320}","[1.0000719768207582, 1.079878701182868, 0.9075087043768326, 0.9998012561757006, 0.912328135021708, 1.096031401575873]",False,5.3356268754502025,5.355808964473204,0.9962317384438328,"{""cluster_m"": 2, ""comm_ctas"": 6, ""policy_enum"": 5, ""raster"": ""n"", ""sm_count"": 132, ""swizzle"": 1, ""tile_k"": 64, ""tile_m"": 128, ""tile_n"": 320}","{""cluster_m"": 2, ""comm_ctas"": 6, ""policy_enum"": 5, ""raster"": ""n"", ""sm_count"": 132, ""swizzle"": 1, ""tile_k"": 64, ""tile_m"": 128, ""tile_n"": 320}","[1.0173655875568492, 1.0466766432099472, 0.9575785687933301, 0.9919168141635143, 0.9390052060325207, 1.0293308641450378]",False,"{""baseline-model"": {""eager_baseline_p50_geomean_ms"": 5.319713477140602, ""eager_model_p50_geomean_ms"": 5.355531326108333, ""eager_paired_speedups"": [1.0000719768207582, 1.079878701182868, 0.9075087043768326], ""eager_speedup"": 0.9933119896445907, ""graph_baseline_p50_geomean_ms"": 5.358941653626438, ""graph_model_p50_geomean_ms"": 5.324240899351239, ""graph_paired_speedups"": [1.0173655875568492, 1.0466766432099472, 0.9575785687933301], ""graph_speedup"": 1.0065175026696154, ""source"": ""/home/chen/workspace/fuse-mxfp8-sm90/results/mxfp8_weight/policy_ab/cp4_frozen_v1.json""}, ""model-baseline"": {""eager_baseline_p50_geomean_ms"": 5.337880576258167, ""eager_model_p50_geomean_ms"": 5.338340509347252, ""eager_paired_speedups"": [0.9998012561757006, 0.912328135021708, 1.096031401575873], ""eager_speedup"": 0.9999138434335016, ""graph_baseline_p50_geomean_ms"": 5.312413531272794, ""graph_model_p50_geomean_ms"": 5.387564200452834, ""graph_paired_speedups"": [0.9919168141635143, 0.9390052060325207, 1.0293308641450378], ""graph_speedup"": 0.9860510860968084, ""source"": ""/home/chen/workspace/fuse-mxfp8-sm90/results/mxfp8_weight/policy_ab/cp4_frozen_reverse_v1.json""}}"
a2a_gemm/qwen25_14b_32b/s262144/cp8,qwen25_14b_32b,262144,8,32768,5120,5120,"[""/home/chen/workspace/fuse-mxfp8-sm90/results/mxfp8_weight/policy_ab/cp8_frozen_v1.json"", ""/home/chen/workspace/fuse-mxfp8-sm90/results/mxfp8_weight/policy_ab/cp8_frozen_reverse_v1.json""]",oproj_forward,balanced_equal_orders,2.8508658412786096,2.818437541851831,1.01150577188433,"{""cluster_m"": 2, ""comm_ctas"": 8, ""policy_enum"": 5, ""raster"": ""n"", ""sm_count"": 132, ""swizzle"": 1, ""tile_k"": 64, ""tile_m"": 128, ""tile_n"": 320}","{""cluster_m"": 2, ""comm_ctas"": 8, ""policy_enum"": 5, ""raster"": ""n"", ""sm_count"": 132, ""swizzle"": 1, ""tile_k"": 64, ""tile_m"": 128, ""tile_n"": 320}","[1.0062356709391507, 0.996670550713737, 1.0802482926043728, 1.000051191303852, 0.9989827048820723, 0.9895894741050286]",False,2.821821227915611,2.819945788392394,1.0006650622614577,"{""cluster_m"": 2, ""comm_ctas"": 8, ""policy_enum"": 5, ""raster"": ""n"", ""sm_count"": 132, ""swizzle"": 1, ""tile_k"": 64, ""tile_m"": 128, ""tile_n"": 320}","{""cluster_m"": 2, ""comm_ctas"": 8, ""policy_enum"": 5, ""raster"": ""n"", ""sm_count"": 132, ""swizzle"": 1, ""tile_k"": 64, ""tile_m"": 128, ""tile_n"": 320}","[1.003456558728393, 0.9895438013268105, 1.0148837346105337, 1.0006095705893099, 1.0076816744366353, 0.988085479998156]",False,"{""baseline-model"": {""eager_baseline_p50_geomean_ms"": 2.889644108440569, ""eager_model_p50_geomean_ms"": 2.813537556461504, ""eager_paired_speedups"": [1.0062356709391507, 0.996670550713737, 1.0802482926043728], ""eager_speedup"": 1.0270501283355116, ""graph_baseline_p50_geomean_ms"": 2.8238104684641607, ""graph_model_p50_geomean_ms"": 2.8165593929748325, ""graph_paired_speedups"": [1.003456558728393, 0.9895438013268105, 1.0148837346105337], ""graph_speedup"": 1.0025744443761464, ""source"": ""/home/chen/workspace/fuse-mxfp8-sm90/results/mxfp8_weight/policy_ab/cp8_frozen_v1.json""}, ""model-baseline"": {""eager_baseline_p50_geomean_ms"": 2.812607968306264, ""eager_model_p50_geomean_ms"": 2.8233460609319856, ""eager_paired_speedups"": [1.000051191303852, 0.9989827048820723, 0.9895894741050286], ""eager_speedup"": 0.9961966785530443, ""graph_baseline_p50_geomean_ms"": 2.819833388692683, ""graph_model_p50_geomean_ms"": 2.823336255328545, ""graph_paired_speedups"": [1.0006095705893099, 1.0076816744366353, 0.988085479998156], ""graph_speedup"": 0.998759316525175, ""source"": ""/home/chen/workspace/fuse-mxfp8-sm90/results/mxfp8_weight/policy_ab/cp8_frozen_reverse_v1.json""}}"
a2a_gemm/qwen25_14b_32b/s524288/cp4,qwen25_14b_32b,524288,4,131072,5120,5120,"[""/home/chen/workspace/fuse-mxfp8-sm90/results/mxfp8_weight/policy_ab/cp4_frozen_v1.json"", ""/home/chen/workspace/fuse-mxfp8-sm90/results/mxfp8_weight/policy_ab/cp4_frozen_reverse_v1.json""]",oproj_forward,balanced_equal_orders,10.514224588530926,10.609986866770221,0.9909743264113533,"{""cluster_m"": 2, ""comm_ctas"": 6, ""policy_enum"": 5, ""raster"": ""n"", ""sm_count"": 132, ""swizzle"": 1, ""tile_k"": 64, ""tile_m"": 128, ""tile_n"": 320}","{""cluster_m"": 2, ""comm_ctas"": 6, ""policy_enum"": 5, ""raster"": ""n"", ""sm_count"": 132, ""swizzle"": 1, ""tile_k"": 64, ""tile_m"": 128, ""tile_n"": 320}","[0.9631635665914945, 0.9939493735924096, 0.9877719503038872, 1.0310707959070782, 0.9896151471196168, 0.9815187470387279]",False,10.644119645228999,10.6586835753275,0.9986336089259451,"{""cluster_m"": 2, ""comm_ctas"": 6, ""policy_enum"": 5, ""raster"": ""n"", ""sm_count"": 132, ""swizzle"": 1, ""tile_k"": 64, ""tile_m"": 128, ""tile_n"": 320}","{""cluster_m"": 2, ""comm_ctas"": 6, ""policy_enum"": 5, ""raster"": ""n"", ""sm_count"": 132, ""swizzle"": 1, ""tile_k"": 64, ""tile_m"": 128, ""tile_n"": 320}","[0.9851476220324501, 1.0116472260108247, 0.9971097127672446, 1.0157891737733669, 0.9885320786054136, 0.9939610511127691]",False,"{""baseline-model"": {""eager_baseline_p50_geomean_ms"": 10.508340973422671, ""eager_model_p50_geomean_ms"": 10.705997959940927, ""eager_paired_speedups"": [0.9631635665914945, 0.9939493735924096, 0.9877719503038872], ""eager_speedup"": 0.9815377335902887, ""graph_baseline_p50_geomean_ms"": 10.672804580712157, ""graph_model_p50_geomean_ms"": 10.695163772250115, ""graph_paired_speedups"": [0.9851476220324501, 1.0116472260108247, 0.9971097127672446], ""graph_speedup"": 0.9979094110184665, ""source"": ""/home/chen/workspace/fuse-mxfp8-sm90/results/mxfp8_weight/policy_ab/cp4_frozen_v1.json""}, ""model-baseline"": {""eager_baseline_p50_geomean_ms"": 10.520111497872483, ""eager_model_p50_geomean_ms"": 10.514836798423758, ""eager_paired_speedups"": [1.0310707959070782, 0.9896151471196168, 0.9815187470387279], ""eager_speedup"": 1.0005016434919376, ""graph_baseline_p50_geomean_ms"": 10.615511805275647, ""graph_model_p50_geomean_ms"": 10.622327808922817, ""graph_paired_speedups"": [1.0157891737733669, 0.9885320786054136, 0.9939610511127691], ""graph_speedup"": 0.9993583323947657, ""source"": ""/home/chen/workspace/fuse-mxfp8-sm90/results/mxfp8_weight/policy_ab/cp4_frozen_reverse_v1.json""}}"
a2a_gemm/qwen25_14b_32b/s524288/cp8,qwen25_14b_32b,524288,8,65536,5120,5120,"[""/home/chen/workspace/fuse-mxfp8-sm90/results/mxfp8_weight/policy_ab/cp8_frozen_v1.json"", ""/home/chen/workspace/fuse-mxfp8-sm90/results/mxfp8_weight/policy_ab/cp8_frozen_reverse_v1.json""]",oproj_forward,balanced_equal_orders,5.552038682503471,5.511199907441936,1.0074101422099386,"{""cluster_m"": 2, ""comm_ctas"": 8, ""policy_enum"": 5, ""raster"": ""n"", ""sm_count"": 132, ""swizzle"": 1, ""tile_k"": 64, ""tile_m"": 128, ""tile_n"": 320}","{""cluster_m"": 2, ""comm_ctas"": 8, ""policy_enum"": 5, ""raster"": ""n"", ""sm_count"": 132, ""swizzle"": 1, ""tile_k"": 64, ""tile_m"": 128, ""tile_n"": 320}","[0.9976588591678314, 1.0915563285094616, 0.958331712012796, 1.0014844324198777, 0.9593175505085254, 1.0425268419388807]",False,5.505471558440928,5.488143154324041,1.003157425677433,"{""cluster_m"": 2, ""comm_ctas"": 8, ""policy_enum"": 5, ""raster"": ""n"", ""sm_count"": 132, ""swizzle"": 1, ""tile_k"": 64, ""tile_m"": 128, ""tile_n"": 320}","{""cluster_m"": 2, ""comm_ctas"": 8, ""policy_enum"": 5, ""raster"": ""n"", ""sm_count"": 132, ""swizzle"": 1, ""tile_k"": 64, ""tile_m"": 128, ""tile_n"": 320}","[1.000500248501776, 1.0592170432252348, 0.9714599809518126, 1.005000217610382, 0.978380600829667, 1.0067311097571092]",False,"{""baseline-model"": {""eager_baseline_p50_geomean_ms"": 5.586967007671374, ""eager_model_p50_geomean_ms"": 5.508010360231989, ""eager_paired_speedups"": [0.9976588591678314, 1.0915563285094616, 0.958331712012796], ""eager_speedup"": 1.0143348763483568, ""graph_baseline_p50_geomean_ms"": 5.539818651451721, ""graph_model_p50_geomean_ms"": 5.486388063838229, ""graph_paired_speedups"": [1.000500248501776, 1.0592170432252348, 0.9714599809518126], ""graph_speedup"": 1.0097387547128993, ""source"": ""/home/chen/workspace/fuse-mxfp8-sm90/results/mxfp8_weight/policy_ab/cp8_frozen_v1.json""}, ""model-baseline"": {""eager_baseline_p50_geomean_ms"": 5.517328720518557, ""eager_model_p50_geomean_ms"": 5.514391301636682, ""eager_paired_speedups"": [1.0014844324198777, 0.9593175505085254, 1.0425268419388807], ""eager_speedup"": 1.0005326823435639, ""graph_baseline_p50_geomean_ms"": 5.471337418754515, ""graph_model_p50_geomean_ms"": 5.489898806261681, ""graph_paired_speedups"": [1.005000217610382, 0.978380600829667, 1.0067311097571092], ""graph_speedup"": 0.996618992778884, ""source"": ""/home/chen/workspace/fuse-mxfp8-sm90/results/mxfp8_weight/policy_ab/cp8_frozen_reverse_v1.json""}}"
a2a_gemm/llama31_405b/s1024/cp4,llama31_405b,1024,4,256,16384,16384,"[""/home/chen/workspace/fuse-mxfp8-sm90/results/mxfp8_weight/policy_ab/cp4_frozen_v1.json"", ""/home/chen/workspace/fuse-mxfp8-sm90/results/mxfp8_weight/policy_ab/cp4_frozen_reverse_v1.json""]",oproj_forward,balanced_equal_orders,0.9466526595220789,0.9470948657661415,0.9995330919213619,"{""cluster_m"": 1, ""comm_ctas"": 4, ""policy_enum"": 2, ""raster"": ""n"", ""sm_count"": 132, ""swizzle"": 1, ""tile_k"": 64, ""tile_m"": 128, ""tile_n"": 128}","{""cluster_m"": 1, ""comm_ctas"": 4, ""policy_enum"": 2, ""raster"": ""n"", ""sm_count"": 132, ""swizzle"": 1, ""tile_k"": 64, ""tile_m"": 128, ""tile_n"": 128}","[1.0010139336555874, 0.9989854833923455, 0.9998814519814296, 0.9974563439504179, 1.0000168985225781, 0.9998480737681577]",False,0.9429862952416426,0.9430211473877925,0.9999630420311925,"{""cluster_m"": 1, ""comm_ctas"": 4, ""policy_enum"": 2, ""raster"": ""n"", ""sm_count"": 132, ""swizzle"": 1, ""tile_k"": 64, ""tile_m"": 128, ""tile_n"": 128}","{""cluster_m"": 1, ""comm_ctas"": 4, ""policy_enum"": 2, ""raster"": ""n"", ""sm_count"": 132, ""swizzle"": 1, ""tile_k"": 64, ""tile_m"": 128, ""tile_n"": 128}","[0.9995247263556105, 0.999694496469131, 0.9999830263462083, 1.000440874338653, 0.9982373925632904, 1.0019013494683104]",False,"{""baseline-model"": {""eager_baseline_p50_geomean_ms"": 0.9459778080208884, ""eager_model_p50_geomean_ms"": 0.9460157004417524, ""eager_paired_speedups"": [1.0010139336555874, 0.9989854833923455, 0.9998814519814296], ""eager_speedup"": 0.9999599452515994, ""graph_baseline_p50_geomean_ms"": 0.942426617957828, ""graph_model_p50_geomean_ms"": 0.9426773086990711, ""graph_paired_speedups"": [0.9995247263556105, 0.999694496469131, 0.9999830263462083], ""graph_speedup"": 0.9997340651578965, ""source"": ""/home/chen/workspace/fuse-mxfp8-sm90/results/mxfp8_weight/policy_ab/cp4_frozen_v1.json""}, ""model-baseline"": {""eager_baseline_p50_geomean_ms"": 0.947327992455862, ""eager_model_p50_geomean_ms"": 0.948175262145995, ""eager_paired_speedups"": [0.9974563439504179, 1.0000168985225781, 0.9998480737681577], ""eager_speedup"": 0.9991064208021884, ""graph_baseline_p50_geomean_ms"": 0.9435463049000484, ""graph_model_p50_geomean_ms"": 0.9433651114906327, ""graph_paired_speedups"": [1.000440874338653, 0.9982373925632904, 1.0019013494683104], ""graph_speedup"": 1.0001920713488437, ""source"": ""/home/chen/workspace/fuse-mxfp8-sm90/results/mxfp8_weight/policy_ab/cp4_frozen_reverse_v1.json""}}"
a2a_gemm/llama31_405b/s1024/cp8,llama31_405b,1024,8,128,16384,16384,"[""/home/chen/workspace/fuse-mxfp8-sm90/results/mxfp8_weight/policy_ab/cp8_frozen_v1.json"", ""/home/chen/workspace/fuse-mxfp8-sm90/results/mxfp8_weight/policy_ab/cp8_frozen_reverse_v1.json""]",oproj_forward,balanced_equal_orders,1.0557951135412929,1.0566562882556736,0.9991850001519388,"{""cluster_m"": 1, ""comm_ctas"": 4, ""policy_enum"": 2, ""raster"": ""n"", ""sm_count"": 132, ""swizzle"": 1, ""tile_k"": 64, ""tile_m"": 128, ""tile_n"": 128}","{""cluster_m"": 1, ""comm_ctas"": 4, ""policy_enum"": 2, ""raster"": ""n"", ""sm_count"": 132, ""swizzle"": 1, ""tile_k"": 64, ""tile_m"": 128, ""tile_n"": 128}","[0.9954660658128999, 1.001300204898009, 0.9983236109406834, 0.9994841027684016, 1.001761684056352, 0.9987873183370399]",False,1.0541836465525056,1.0538925132016637,1.0002762457719312,"{""cluster_m"": 1, ""comm_ctas"": 4, ""policy_enum"": 2, ""raster"": ""n"", ""sm_count"": 132, ""swizzle"": 1, ""tile_k"": 64, ""tile_m"": 128, ""tile_n"": 128}","{""cluster_m"": 1, ""comm_ctas"": 4, ""policy_enum"": 2, ""raster"": ""n"", ""sm_count"": 132, ""swizzle"": 1, ""tile_k"": 64, ""tile_m"": 128, ""tile_n"": 128}","[0.9994239812511855, 0.999211348313026, 1.000743317586762, 1.000775394144058, 1.0018553371790648, 0.9996507009939972]",False,"{""baseline-model"": {""eager_baseline_p50_geomean_ms"": 1.057069268754597, ""eager_model_p50_geomean_ms"": 1.0588052302092383, ""eager_paired_speedups"": [0.9954660658128999, 1.001300204898009, 0.9983236109406834], ""eager_speedup"": 0.9983604525127826, ""graph_baseline_p50_geomean_ms"": 1.0548958593183753, ""graph_model_p50_geomean_ms"": 1.0551146343787072, ""graph_paired_speedups"": [0.9994239812511855, 0.999211348313026, 1.000743317586762], ""graph_speedup"": 0.9997926528045351, ""source"": ""/home/chen/workspace/fuse-mxfp8-sm90/results/mxfp8_weight/policy_ab/cp8_frozen_v1.json""}, ""model-baseline"": {""eager_baseline_p50_geomean_ms"": 1.0545224941511893, ""eager_model_p50_geomean_ms"": 1.0545117077761441, ""eager_paired_speedups"": [0.9994841027684016, 1.001761684056352, 0.9987873183370399], ""eager_speedup"": 1.0000102287864285, ""graph_baseline_p50_geomean_ms"": 1.0534719146369675, ""graph_model_p50_geomean_ms"": 1.05267180758661, ""graph_paired_speedups"": [1.000775394144058, 1.0018553371790648, 0.9996507009939972], ""graph_speedup"": 1.0007600726499861, ""source"": ""/home/chen/workspace/fuse-mxfp8-sm90/results/mxfp8_weight/policy_ab/cp8_frozen_reverse_v1.json""}}"
a2a_gemm/llama31_405b/s4096/cp4,llama31_405b,4096,4,1024,16384,16384,"[""/home/chen/workspace/fuse-mxfp8-sm90/results/mxfp8_weight/policy_ab/cp4_frozen_v1.json"", ""/home/chen/workspace/fuse-mxfp8-sm90/results/mxfp8_weight/policy_ab/cp4_frozen_reverse_v1.json""]",oproj_forward,balanced_equal_orders,1.418994800824481,1.417219094415734,1.0012529512308608,"{""cluster_m"": 2, ""comm_ctas"": 4, ""policy_enum"": 4, ""raster"": ""n"", ""sm_count"": 132, ""swizzle"": 1, ""tile_k"": 64, ""tile_m"": 128, ""tile_n"": 256}","{""cluster_m"": 2, ""comm_ctas"": 4, ""policy_enum"": 4, ""raster"": ""n"", ""sm_count"": 132, ""swizzle"": 1, ""tile_k"": 64, ""tile_m"": 128, ""tile_n"": 256}","[0.9960528442371832, 1.0027517656791993, 1.0069626870092876, 1.0128527365180722, 0.9962411026310735, 0.9928025870953825]",False,1.4177057070851469,1.4173297482819316,1.0002652585283496,"{""cluster_m"": 2, ""comm_ctas"": 4, ""policy_enum"": 4, ""raster"": ""n"", ""sm_count"": 132, ""swizzle"": 1, ""tile_k"": 64, ""tile_m"": 128, ""tile_n"": 256}","{""cluster_m"": 2, ""comm_ctas"": 4, ""policy_enum"": 4, ""raster"": ""n"", ""sm_count"": 132, ""swizzle"": 1, ""tile_k"": 64, ""tile_m"": 128, ""tile_n"": 256}","[0.9954183742928191, 1.0008790826773521, 1.0021718148243428, 1.0050643521596998, 1.0017942686315382, 0.9962979744305163]",False,"{""baseline-model"": {""eager_baseline_p50_geomean_ms"": 1.4203849581562369, ""eager_model_p50_geomean_ms"": 1.4176738656397945, ""eager_paired_speedups"": [0.9960528442371832, 1.0027517656791993, 1.0069626870092876], ""eager_speedup"": 1.0019123527506237, ""graph_baseline_p50_geomean_ms"": 1.4166024640568708, ""graph_model_p50_geomean_ms"": 1.4173317284357285, ""graph_paired_speedups"": [0.9954183742928191, 1.0008790826773521, 1.0021718148243428], ""graph_speedup"": 0.9994854666947575, ""source"": ""/home/chen/workspace/fuse-mxfp8-sm90/results/mxfp8_weight/policy_ab/cp4_frozen_v1.json""}, ""model-baseline"": {""eager_baseline_p50_geomean_ms"": 1.4176060040657135, ""eager_model_p50_geomean_ms"": 1.4167644690763306, ""eager_paired_speedups"": [1.0128527365180722, 0.9962411026310735, 0.9928025870953825], ""eager_speedup"": 1.0005939836915385, ""graph_baseline_p50_geomean_ms"": 1.4188098093136643, ""graph_model_p50_geomean_ms"": 1.4173277681309011, ""graph_paired_speedups"": [1.0050643521596998, 1.0017942686315382, 0.9962979744305163], ""graph_speedup"": 1.0010456587502816, ""source"": ""/home/chen/workspace/fuse-mxfp8-sm90/results/mxfp8_weight/policy_ab/cp4_frozen_reverse_v1.json""}}"
a2a_gemm/llama31_405b/s4096/cp8,llama31_405b,4096,8,512,16384,16384,"[""/home/chen/workspace/fuse-mxfp8-sm90/results/mxfp8_weight/policy_ab/cp8_frozen_v1.json"", ""/home/chen/workspace/fuse-mxfp8-sm90/results/mxfp8_weight/policy_ab/cp8_frozen_reverse_v1.json""]",oproj_forward,balanced_equal_orders,1.202482337541097,1.2034965206642976,0.9991573028207504,"{""cluster_m"": 2, ""comm_ctas"": 4, ""policy_enum"": 4, ""raster"": ""n"", ""sm_count"": 132, ""swizzle"": 1, ""tile_k"": 64, ""tile_m"": 128, ""tile_n"": 256}","{""cluster_m"": 2, ""comm_ctas"": 4, ""policy_enum"": 4, ""raster"": ""n"", ""sm_count"": 132, ""swizzle"": 1, ""tile_k"": 64, ""tile_m"": 128, ""tile_n"": 256}","[1.0028824819658695, 0.9992810495248559, 0.9994941135216002, 0.996159362835201, 0.9992014826590345, 0.9979375706686147]",False,1.197871522975741,1.1989658947137993,0.9990872369740595,"{""cluster_m"": 2, ""comm_ctas"": 4, ""policy_enum"": 4, ""raster"": ""n"", ""sm_count"": 132, ""swizzle"": 1, ""tile_k"": 64, ""tile_m"": 128, ""tile_n"": 256}","{""cluster_m"": 2, ""comm_ctas"": 4, ""policy_enum"": 4, ""raster"": ""n"", ""sm_count"": 132, ""swizzle"": 1, ""tile_k"": 64, ""tile_m"": 128, ""tile_n"": 256}","[0.9961327222590586, 0.9988786933030008, 0.9998797667375177, 0.9992520460511146, 0.9992117836502887, 1.0011753233445277]",False,"{""baseline-model"": {""eager_baseline_p50_geomean_ms"": 1.2034035985143525, ""eager_model_p50_geomean_ms"": 1.2027406608510738, ""eager_paired_speedups"": [1.0028824819658695, 0.9992810495248559, 0.9994941135216002], ""eager_speedup"": 1.000551189200513, ""graph_baseline_p50_geomean_ms"": 1.198047664894552, ""graph_model_p50_geomean_ms"": 1.2000928591178381, ""graph_paired_speedups"": [0.9961327222590586, 0.9988786933030008, 0.9998797667375177], ""graph_speedup"": 0.9982958033557591, ""source"": ""/home/chen/workspace/fuse-mxfp8-sm90/results/mxfp8_weight/policy_ab/cp8_frozen_v1.json""}, ""model-baseline"": {""eager_baseline_p50_geomean_ms"": 1.2015617818356183, ""eager_model_p50_geomean_ms"": 1.2042528554960152, ""eager_paired_speedups"": [0.996159362835201, 0.9992014826590345, 0.9979375706686147], ""eager_speedup"": 0.9977653582899014, ""graph_baseline_p50_geomean_ms"": 1.197695406954043, ""graph_model_p50_geomean_ms"": 1.1978399886018405, ""graph_paired_speedups"": [0.9992520460511146, 0.9992117836502887, 1.0011753233445277], ""graph_speedup"": 0.9998792980288072, ""source"": ""/home/chen/workspace/fuse-mxfp8-sm90/results/mxfp8_weight/policy_ab/cp8_frozen_reverse_v1.json""}}"
a2a_gemm/llama31_405b/s16384/cp4,llama31_405b,16384,4,4096,16384,16384,"[""/home/chen/workspace/fuse-mxfp8-sm90/results/mxfp8_weight/policy_ab/cp4_frozen_v1.json"", ""/home/chen/workspace/fuse-mxfp8-sm90/results/mxfp8_weight/policy_ab/cp4_frozen_reverse_v1.json""]",oproj_forward,balanced_equal_orders,4.090210299061462,4.075979345230675,1.0034914195155178,"{""cluster_m"": 2, ""comm_ctas"": 4, ""policy_enum"": 4, ""raster"": ""n"", ""sm_count"": 132, ""swizzle"": 1, ""tile_k"": 64, ""tile_m"": 128, ""tile_n"": 256}","{""cluster_m"": 2, ""comm_ctas"": 4, ""policy_enum"": 4, ""raster"": ""n"", ""sm_count"": 132, ""swizzle"": 1, ""tile_k"": 64, ""tile_m"": 128, ""tile_n"": 256}","[1.003478214336661, 0.8695000924032428, 1.0197793393175523, 1.0123446358119372, 1.1481211072454702, 0.9873749462699918]",False,4.132071624822438,4.117650341116335,1.0035023089654072,"{""cluster_m"": 2, ""comm_ctas"": 4, ""policy_enum"": 4, ""raster"": ""n"", ""sm_count"": 132, ""swizzle"": 1, ""tile_k"": 64, ""tile_m"": 128, ""tile_n"": 256}","{""cluster_m"": 2, ""comm_ctas"": 4, ""policy_enum"": 4, ""raster"": ""n"", ""sm_count"": 132, ""swizzle"": 1, ""tile_k"": 64, ""tile_m"": 128, ""tile_n"": 256}","[0.9647792412505005, 1.0008661903572509, 0.9949474535512598, 1.060022913574636, 0.9993035920206501, 1.0034446941117707]",False,"{""baseline-model"": {""eager_baseline_p50_geomean_ms"": 3.998209483910292, ""eager_model_p50_geomean_ms"": 4.156913125871426, ""eager_paired_speedups"": [1.003478214336661, 0.8695000924032428, 1.0197793393175523], ""eager_speedup"": 0.9618217563957709, ""graph_baseline_p50_geomean_ms"": 4.09660679828148, ""graph_model_p50_geomean_ms"": 4.151670804687154, ""graph_paired_speedups"": [0.9647792412505005, 1.0008661903572509, 0.9949474535512598], ""graph_speedup"": 0.9867369044907147, ""source"": ""/home/chen/workspace/fuse-mxfp8-sm90/results/mxfp8_weight/policy_ab/cp4_frozen_v1.json""}, ""model-baseline"": {""eager_baseline_p50_geomean_ms"": 4.184328099333731, ""eager_model_p50_geomean_ms"": 3.9966213196395164, ""eager_paired_speedups"": [1.0123446358119372, 1.1481211072454702, 0.9873749462699918], ""eager_speedup"": 1.0469663660081632, ""graph_baseline_p50_geomean_ms"": 4.167843474708206, ""graph_model_p50_geomean_ms"": 4.08390865493323, ""graph_paired_speedups"": [1.060022913574636, 0.9993035920206501, 1.0034446941117707], ""graph_speedup"": 1.0205525703111875, ""source"": ""/home/chen/workspace/fuse-mxfp8-sm90/results/mxfp8_weight/policy_ab/cp4_frozen_reverse_v1.json""}}"
a2a_gemm/llama31_405b/s16384/cp8,llama31_405b,16384,8,2048,16384,16384,"[""/home/chen/workspace/fuse-mxfp8-sm90/results/mxfp8_weight/policy_ab/cp8_frozen_v1.json"", ""/home/chen/workspace/fuse-mxfp8-sm90/results/mxfp8_weight/policy_ab/cp8_frozen_reverse_v1.json""]",oproj_forward,balanced_equal_orders,2.402085707949791,2.4017385092743853,1.000144561397532,"{""cluster_m"": 2, ""comm_ctas"": 4, ""policy_enum"": 4, ""raster"": ""n"", ""sm_count"": 132, ""swizzle"": 1, ""tile_k"": 64, ""tile_m"": 128, ""tile_n"": 256}","{""cluster_m"": 2, ""comm_ctas"": 4, ""policy_enum"": 4, ""raster"": ""n"", ""sm_count"": 132, ""swizzle"": 1, ""tile_k"": 64, ""tile_m"": 128, ""tile_n"": 256}","[0.9975553658176834, 1.0058770194215163, 0.999552605984324, 0.9934889669207942, 0.9997473237372504, 1.0046986445741344]",False,2.3990273332433403,2.3954683178074876,1.0014857284520924,"{""cluster_m"": 2, ""comm_ctas"": 4, ""policy_enum"": 4, ""raster"": ""n"", ""sm_count"": 132, ""swizzle"": 1, ""tile_k"": 64, ""tile_m"": 128, ""tile_n"": 256}","{""cluster_m"": 2, ""comm_ctas"": 4, ""policy_enum"": 4, ""raster"": ""n"", ""sm_count"": 132, ""swizzle"": 1, ""tile_k"": 64, ""tile_m"": 128, ""tile_n"": 256}","[0.9985492641743365, 1.0077913586342004, 1.001191841418939, 0.9955819707348693, 0.9980127756784739, 1.0078549584256675]",False,"{""baseline-model"": {""eager_baseline_p50_geomean_ms"": 2.4003586088964877, ""eager_model_p50_geomean_ms"": 2.3979876695770113, ""eager_paired_speedups"": [0.9975553658176834, 1.0058770194215163, 0.999552605984324], ""eager_speedup"": 1.0009887203965047, ""graph_baseline_p50_geomean_ms"": 2.3976986569936196, ""graph_model_p50_geomean_ms"": 2.3917114940587623, ""graph_paired_speedups"": [0.9985492641743365, 1.0077913586342004, 1.001191841418939], ""graph_speedup"": 1.0025032964677094, ""source"": ""/home/chen/workspace/fuse-mxfp8-sm90/results/mxfp8_weight/policy_ab/cp8_frozen_v1.json""}, ""model-baseline"": {""eager_baseline_p50_geomean_ms"": 2.4038140496803875, ""eager_model_p50_geomean_ms"": 2.4054952158903484, ""eager_paired_speedups"": [0.9934889669207942, 0.9997473237372504, 1.0046986445741344], ""eager_speedup"": 0.999301114299104, ""graph_baseline_p50_geomean_ms"": 2.4003567457743165, ""graph_model_p50_geomean_ms"": 2.399231042654533, ""graph_paired_speedups"": [0.9955819707348693, 0.9980127756784739, 1.0078549584256675], ""graph_speedup"": 1.0004691932955894, ""source"": ""/home/chen/workspace/fuse-mxfp8-sm90/results/mxfp8_weight/policy_ab/cp8_frozen_reverse_v1.json""}}"
a2a_gemm/llama31_405b/s131072/cp4,llama31_405b,131072,4,32768,16384,16384,"[""/home/chen/workspace/fuse-mxfp8-sm90/results/mxfp8_weight/policy_ab/cp4_frozen_v1.json"", ""/home/chen/workspace/fuse-mxfp8-sm90/results/mxfp8_weight/policy_ab/cp4_frozen_reverse_v1.json""]",oproj_forward,balanced_equal_orders,29.90104551590444,29.911677126454265,0.9996445665515548,"{""cluster_m"": 2, ""comm_ctas"": 6, ""policy_enum"": 5, ""raster"": ""n"", ""sm_count"": 132, ""swizzle"": 1, ""tile_k"": 64, ""tile_m"": 128, ""tile_n"": 320}","{""cluster_m"": 2, ""comm_ctas"": 6, ""policy_enum"": 5, ""raster"": ""n"", ""sm_count"": 132, ""swizzle"": 1, ""tile_k"": 64, ""tile_m"": 128, ""tile_n"": 320}","[0.9875606744012404, 0.9931243597051248, 1.0008514994341244, 1.0054214285495362, 1.0099316670828145, 1.0011438071201961]",False,30.175647327041943,30.180840389000537,0.9998279351438976,"{""cluster_m"": 2, ""comm_ctas"": 6, ""policy_enum"": 5, ""raster"": ""n"", ""sm_count"": 132, ""swizzle"": 1, ""tile_k"": 64, ""tile_m"": 128, ""tile_n"": 320}","{""cluster_m"": 2, ""comm_ctas"": 6, ""policy_enum"": 5, ""raster"": ""n"", ""sm_count"": 132, ""swizzle"": 1, ""tile_k"": 64, ""tile_m"": 128, ""tile_n"": 320}","[0.9989395475291457, 1.0010981600246416, 1.00013764195352, 0.9973183890720595, 1.0028178671697214, 0.9986655468511587]",False,"{""baseline-model"": {""eager_baseline_p50_geomean_ms"": 29.811562791690157, ""eager_model_p50_geomean_ms"": 29.9966245916433, ""eager_paired_speedups"": [0.9875606744012404, 0.9931243597051248, 1.0008514994341244], ""eager_speedup"": 0.9938305791910771, ""graph_baseline_p50_geomean_ms"": 30.217968005632336, ""graph_model_p50_geomean_ms"": 30.216213653500677, ""graph_paired_speedups"": [0.9989395475291457, 1.0010981600246416, 1.00013764195352], ""graph_speedup"": 1.0000580599591915, ""source"": ""/home/chen/workspace/fuse-mxfp8-sm90/results/mxfp8_weight/policy_ab/cp4_frozen_v1.json""}, ""model-baseline"": {""eager_baseline_p50_geomean_ms"": 29.990796832476292, ""eager_model_p50_geomean_ms"": 29.826970224059895, ""eager_paired_speedups"": [1.0054214285495362, 1.0099316670828145, 1.0011438071201961], ""eager_speedup"": 1.0054925661971599, ""graph_baseline_p50_geomean_ms"": 30.1333859191423, ""graph_model_p50_geomean_ms"": 30.14550853497807, ""graph_paired_speedups"": [0.9973183890720595, 1.0028178671697214, 0.9986655468511587], ""graph_speedup"": 0.9995978632829599, ""source"": ""/home/chen/workspace/fuse-mxfp8-sm90/results/mxfp8_weight/policy_ab/cp4_frozen_reverse_v1.json""}}"
a2a_gemm/llama31_405b/s131072/cp8,llama31_405b,131072,8,16384,16384,16384,"[""/home/chen/workspace/fuse-mxfp8-sm90/results/mxfp8_weight/policy_ab/cp8_frozen_v1.json"", ""/home/chen/workspace/fuse-mxfp8-sm90/results/mxfp8_weight/policy_ab/cp8_frozen_reverse_v1.json""]",oproj_forward,balanced_equal_orders,14.520953759026133,14.495095726843248,1.0017839159306139,"{""cluster_m"": 2, ""comm_ctas"": 4, ""policy_enum"": 4, ""raster"": ""n"", ""sm_count"": 132, ""swizzle"": 1, ""tile_k"": 64, ""tile_m"": 128, ""tile_n"": 256}","{""cluster_m"": 2, ""comm_ctas"": 4, ""policy_enum"": 4, ""raster"": ""n"", ""sm_count"": 132, ""swizzle"": 1, ""tile_k"": 64, ""tile_m"": 128, ""tile_n"": 256}","[0.9946736932235261, 0.9938221699889997, 0.9928896108035031, 1.007489341896304, 1.0104711867758818, 1.011555355800165]",False,14.772050895683217,14.791104715932825,0.9987118054658163,"{""cluster_m"": 2, ""comm_ctas"": 4, ""policy_enum"": 4, ""raster"": ""n"", ""sm_count"": 132, ""swizzle"": 1, ""tile_k"": 64, ""tile_m"": 128, ""tile_n"": 256}","{""cluster_m"": 2, ""comm_ctas"": 4, ""policy_enum"": 4, ""raster"": ""n"", ""sm_count"": 132, ""swizzle"": 1, ""tile_k"": 64, ""tile_m"": 128, ""tile_n"": 256}","[1.0067985751505826, 1.0046161674234846, 0.9964071254377477, 0.9888632933203932, 0.9949215625361847, 1.000774940723892]",False,"{""baseline-model"": {""eager_baseline_p50_geomean_ms"": 14.45455908351539, ""eager_model_p50_geomean_ms"": 14.544811223815646, ""eager_paired_speedups"": [0.9946736932235261, 0.9938221699889997, 0.9928896108035031], ""eager_speedup"": 0.9937948909125431, ""graph_baseline_p50_geomean_ms"": 14.794394258331057, ""graph_model_p50_geomean_ms"": 14.75606846139342, ""graph_paired_speedups"": [1.0067985751505826, 1.0046161674234846, 0.9964071254377477], ""graph_speedup"": 1.0025972905342582, ""source"": ""/home/chen/workspace/fuse-mxfp8-sm90/results/mxfp8_weight/policy_ab/cp8_frozen_v1.json""}, ""model-baseline"": {""eager_baseline_p50_geomean_ms"": 14.587653407722899, ""eager_model_p50_geomean_ms"": 14.44555016199311, ""eager_paired_speedups"": [1.007489341896304, 1.0104711867758818, 1.011555355800165], ""eager_speedup"": 1.0098371639803412, ""graph_baseline_p50_geomean_ms"": 14.749741277293207, ""graph_model_p50_geomean_ms"": 14.82622415923863, ""graph_paired_speedups"": [0.9888632933203932, 0.9949215625361847, 1.000774940723892], ""graph_speedup"": 0.9948413782818903, ""source"": ""/home/chen/workspace/fuse-mxfp8-sm90/results/mxfp8_weight/policy_ab/cp8_frozen_reverse_v1.json""}}"
a2a_gemm/llama31_405b/s262144/cp4,llama31_405b,262144,4,65536,16384,16384,"[""/home/chen/workspace/fuse-mxfp8-sm90/results/mxfp8_weight/policy_ab/cp4_frozen_v1.json"", ""/home/chen/workspace/fuse-mxfp8-sm90/results/mxfp8_weight/policy_ab/cp4_frozen_reverse_v1.json""]",oproj_forward,balanced_equal_orders,59.319104608975564,59.36350563852607,0.9992520483911305,"{""cluster_m"": 2, ""comm_ctas"": 6, ""policy_enum"": 5, ""raster"": ""n"", ""sm_count"": 132, ""swizzle"": 1, ""tile_k"": 64, ""tile_m"": 128, ""tile_n"": 320}","{""cluster_m"": 2, ""comm_ctas"": 6, ""policy_enum"": 5, ""raster"": ""n"", ""sm_count"": 132, ""swizzle"": 1, ""tile_k"": 64, ""tile_m"": 128, ""tile_n"": 320}","[0.9908475850361845, 1.0004230501084062, 1.0011018962131797, 1.007546100121087, 1.0018629714621343, 0.9938210761646404]",False,59.57072422048368,59.523504302647694,1.0007932986874555,"{""cluster_m"": 2, ""comm_ctas"": 6, ""policy_enum"": 5, ""raster"": ""n"", ""sm_count"": 132, ""swizzle"": 1, ""tile_k"": 64, ""tile_m"": 128, ""tile_n"": 320}","{""cluster_m"": 2, ""comm_ctas"": 6, ""policy_enum"": 5, ""raster"": ""n"", ""sm_count"": 132, ""swizzle"": 1, ""tile_k"": 64, ""tile_m"": 128, ""tile_n"": 320}","[0.9970379560849875, 1.0015304116446038, 0.9996565767397595, 1.0052328859404638, 0.9982907115202735, 1.0030346894737732]",False,"{""baseline-model"": {""eager_baseline_p50_geomean_ms"": 59.25523230322126, ""eager_model_p50_geomean_ms"": 59.40692805582837, ""eager_paired_speedups"": [0.9908475850361845, 1.0004230501084062, 1.0011018962131797], ""eager_speedup"": 0.9974464972761337, ""graph_baseline_p50_geomean_ms"": 59.449903084988826, ""graph_model_p50_geomean_ms"": 59.48520064273721, ""graph_paired_speedups"": [0.9970379560849875, 1.0015304116446038, 0.9996565767397595], ""graph_speedup"": 0.9994066161437305, ""source"": ""/home/chen/workspace/fuse-mxfp8-sm90/results/mxfp8_weight/policy_ab/cp4_frozen_v1.json""}, ""model-baseline"": {""eager_baseline_p50_geomean_ms"": 59.38304576386407, ""eager_model_p50_geomean_ms"": 59.320114960052635, ""eager_paired_speedups"": [1.007546100121087, 1.0018629714621343, 0.9938210761646404], ""eager_speedup"": 1.0010608678667237, ""graph_baseline_p50_geomean_ms"": 59.691790903002556, ""graph_model_p50_geomean_ms"": 59.561832627018326, ""graph_paired_speedups"": [1.0052328859404638, 0.9982907115202735, 1.0030346894737732], ""graph_speedup"": 1.0021819052613459, ""source"": ""/home/chen/workspace/fuse-mxfp8-sm90/results/mxfp8_weight/policy_ab/cp4_frozen_reverse_v1.json""}}"
a2a_gemm/llama31_405b/s262144/cp8,llama31_405b,262144,8,32768,16384,16384,"[""/home/chen/workspace/fuse-mxfp8-sm90/results/mxfp8_weight/policy_ab/cp8_frozen_v1.json"", ""/home/chen/workspace/fuse-mxfp8-sm90/results/mxfp8_weight/policy_ab/cp8_frozen_reverse_v1.json""]",oproj_forward,balanced_equal_orders,30.20237352445272,30.22732299729461,0.9991746052786701,"{""cluster_m"": 2, ""comm_ctas"": 6, ""policy_enum"": 5, ""raster"": ""n"", ""sm_count"": 132, ""swizzle"": 1, ""tile_k"": 64, ""tile_m"": 128, ""tile_n"": 320}","{""cluster_m"": 2, ""comm_ctas"": 6, ""policy_enum"": 5, ""raster"": ""n"", ""sm_count"": 132, ""swizzle"": 1, ""tile_k"": 64, ""tile_m"": 128, ""tile_n"": 320}","[0.9891734396709989, 0.9947795243670321, 1.004927105183696, 1.0037176277846254, 1.0042062688002245, 0.9983435157486712]",False,30.280689494198068,30.287101968084702,0.9997882770727484,"{""cluster_m"": 2, ""comm_ctas"": 6, ""policy_enum"": 5, ""raster"": ""n"", ""sm_count"": 132, ""swizzle"": 1, ""tile_k"": 64, ""tile_m"": 128, ""tile_n"": 320}","{""cluster_m"": 2, ""comm_ctas"": 6, ""policy_enum"": 5, ""raster"": ""n"", ""sm_count"": 132, ""swizzle"": 1, ""tile_k"": 64, ""tile_m"": 128, ""tile_n"": 320}","[1.001230440520171, 1.0006182687209604, 0.9988765107350543, 1.0001171382248033, 0.9978461040663482, 1.000044975520039]",False,"{""baseline-model"": {""eager_baseline_p50_geomean_ms"": 30.15577909418556, ""eager_model_p50_geomean_ms"": 30.26861887974503, ""eager_paired_speedups"": [0.9891734396709989, 0.9947795243670321, 1.004927105183696], ""eager_speedup"": 0.9962720537065866, ""graph_baseline_p50_geomean_ms"": 30.28598150251186, ""graph_model_p50_geomean_ms"": 30.27867699119636, ""graph_paired_speedups"": [1.001230440520171, 1.0006182687209604, 0.9988765107350543], ""graph_speedup"": 1.0002412427503886, ""source"": ""/home/chen/workspace/fuse-mxfp8-sm90/results/mxfp8_weight/policy_ab/cp8_frozen_v1.json""}, ""model-baseline"": {""eager_baseline_p50_geomean_ms"": 30.249039948911268, ""eager_model_p50_geomean_ms"": 30.18608345537012, ""eager_paired_speedups"": [1.0037176277846254, 1.0042062688002245, 0.9983435157486712], ""eager_speedup"": 1.0020856131811275, ""graph_baseline_p50_geomean_ms"": 30.275398410581126, ""graph_model_p50_geomean_ms"": 30.295529289204765, ""graph_paired_speedups"": [1.0001171382248033, 0.9978461040663482, 1.000044975520039], ""graph_speedup"": 0.9993355165235277, ""source"": ""/home/chen/workspace/fuse-mxfp8-sm90/results/mxfp8_weight/policy_ab/cp8_frozen_reverse_v1.json""}}"
a2a_gemm/llama31_405b/s524288/cp4,llama31_405b,524288,4,131072,16384,16384,"[""/home/chen/workspace/fuse-mxfp8-sm90/results/mxfp8_weight/policy_ab/cp4_frozen_v1.json"", ""/home/chen/workspace/fuse-mxfp8-sm90/results/mxfp8_weight/policy_ab/cp4_frozen_reverse_v1.json""]",oproj_forward,balanced_equal_orders,116.33309619041623,116.30697056604404,1.0002246264711827,"{""cluster_m"": 2, ""comm_ctas"": 6, ""policy_enum"": 5, ""raster"": ""n"", ""sm_count"": 132, ""swizzle"": 1, ""tile_k"": 64, ""tile_m"": 128, ""tile_n"": 320}","{""cluster_m"": 2, ""comm_ctas"": 6, ""policy_enum"": 5, ""raster"": ""n"", ""sm_count"": 132, ""swizzle"": 1, ""tile_k"": 64, ""tile_m"": 128, ""tile_n"": 320}","[0.9973575093442205, 0.9990740702584145, 1.0002086635577083, 1.0038018773758646, 0.9999709206095224, 1.0009461712098182]",False,116.49386585606256,116.56618295612985,0.9993796048027539,"{""cluster_m"": 2, ""comm_ctas"": 6, ""policy_enum"": 5, ""raster"": ""n"", ""sm_count"": 132, ""swizzle"": 1, ""tile_k"": 64, ""tile_m"": 128, ""tile_n"": 320}","{""cluster_m"": 2, ""comm_ctas"": 6, ""policy_enum"": 5, ""raster"": ""n"", ""sm_count"": 132, ""swizzle"": 1, ""tile_k"": 64, ""tile_m"": 128, ""tile_n"": 320}","[0.9992104813168782, 1.0000624736521138, 0.9979726266568076, 1.000324914968678, 0.9994992449042871, 0.9992095945862123]",False,"{""baseline-model"": {""eager_baseline_p50_geomean_ms"": 116.3821415557613, ""eager_model_p50_geomean_ms"": 116.51270647288104, ""eager_paired_speedups"": [0.9973575093442205, 0.9990740702584145, 1.0002086635577083], ""eager_speedup"": 0.9988793933205032, ""graph_baseline_p50_geomean_ms"": 116.54886825003, ""graph_model_p50_geomean_ms"": 116.65601772786856, ""graph_paired_speedups"": [0.9992104813168782, 1.0000624736521138, 0.9979726266568076], ""graph_speedup"": 0.9990814920659428, ""source"": ""/home/chen/workspace/fuse-mxfp8-sm90/results/mxfp8_weight/policy_ab/cp4_frozen_v1.json""}, ""model-baseline"": {""eager_baseline_p50_geomean_ms"": 116.28407149360177, ""eager_model_p50_geomean_ms"": 116.10159794373314, ""eager_paired_speedups"": [1.0038018773758646, 0.9999709206095224, 1.0009461712098182], ""eager_speedup"": 1.0015716713042755, ""graph_baseline_p50_geomean_ms"": 116.43888941913254, ""graph_model_p50_geomean_ms"": 116.47641736458745, ""graph_paired_speedups"": [1.000324914968678, 0.9994992449042871, 0.9992095945862123], ""graph_speedup"": 0.9996778064924727, ""source"": ""/home/chen/workspace/fuse-mxfp8-sm90/results/mxfp8_weight/policy_ab/cp4_frozen_reverse_v1.json""}}"
a2a_gemm/llama31_405b/s524288/cp8,llama31_405b,524288,8,65536,16384,16384,"[""/home/chen/workspace/fuse-mxfp8-sm90/results/mxfp8_weight/policy_ab/cp8_frozen_v1.json"", ""/home/chen/workspace/fuse-mxfp8-sm90/results/mxfp8_weight/policy_ab/cp8_frozen_reverse_v1.json""]",oproj_forward,balanced_equal_orders,59.727132820037234,59.7234658938797,1.0000613984152236,"{""cluster_m"": 2, ""comm_ctas"": 6, ""policy_enum"": 5, ""raster"": ""n"", ""sm_count"": 132, ""swizzle"": 1, ""tile_k"": 64, ""tile_m"": 128, ""tile_n"": 320}","{""cluster_m"": 2, ""comm_ctas"": 6, ""policy_enum"": 5, ""raster"": ""n"", ""sm_count"": 132, ""swizzle"": 1, ""tile_k"": 64, ""tile_m"": 128, ""tile_n"": 320}","[0.9976769072319044, 0.9995542630232155, 1.001470289576178, 1.0029079007958803, 0.9999592892366904, 0.9988085420167915]",False,59.73515436117777,59.737752565614265,0.9999565064917084,"{""cluster_m"": 2, ""comm_ctas"": 6, ""policy_enum"": 5, ""raster"": ""n"", ""sm_count"": 132, ""swizzle"": 1, ""tile_k"": 64, ""tile_m"": 128, ""tile_n"": 320}","{""cluster_m"": 2, ""comm_ctas"": 6, ""policy_enum"": 5, ""raster"": ""n"", ""sm_count"": 132, ""swizzle"": 1, ""tile_k"": 64, ""tile_m"": 128, ""tile_n"": 320}","[1.000975906852501, 1.0003612427862776, 0.9994618017966774, 1.0009266670873758, 0.9982382245802924, 0.9997778836863681]",False,"{""baseline-model"": {""eager_baseline_p50_geomean_ms"": 59.68862961813865, ""eager_model_p50_geomean_ms"": 59.71454850386999, ""eager_paired_speedups"": [0.9976769072319044, 0.9995542630232155, 1.001470289576178], ""eager_speedup"": 0.9995659535845004, ""graph_baseline_p50_geomean_ms"": 59.75931133261928, ""graph_model_p50_geomean_ms"": 59.743412183787555, ""graph_paired_speedups"": [1.000975906852501, 1.0003612427862776, 0.9994618017966774], ""graph_speedup"": 1.0002661238829622, ""source"": ""/home/chen/workspace/fuse-mxfp8-sm90/results/mxfp8_weight/policy_ab/cp8_frozen_v1.json""}, ""model-baseline"": {""eager_baseline_p50_geomean_ms"": 59.76566085910438, ""eager_model_p50_geomean_ms"": 59.732384615555546, ""eager_paired_speedups"": [1.0029079007958803, 0.9999592892366904, 0.9988085420167915], ""eager_speedup"": 1.0005570888181168, ""graph_baseline_p50_geomean_ms"": 59.71100715489678, ""graph_model_p50_geomean_ms"": 59.732093483588386, ""graph_paired_speedups"": [1.0009266670873758, 0.9982382245802924, 0.9997778836863681], ""graph_speedup"": 0.9996469849378788, ""source"": ""/home/chen/workspace/fuse-mxfp8-sm90/results/mxfp8_weight/policy_ab/cp8_frozen_reverse_v1.json""}}"
a2a_gemm/nanbeige42_3b/s1024/cp4,nanbeige42_3b,1024,4,256,3072,6144,"[""/home/chen/workspace/fuse-mxfp8-sm90/results/mxfp8_weight/policy_ab/cp4_frozen_v1.json"", ""/home/chen/workspace/fuse-mxfp8-sm90/results/mxfp8_weight/policy_ab/cp4_frozen_reverse_v1.json""]",oproj_forward,balanced_equal_orders,0.09593252893467702,0.09653757905224712,0.9937324912898154,"{""cluster_m"": 1, ""comm_ctas"": 4, ""policy_enum"": 1, ""raster"": ""n"", ""sm_count"": 132, ""swizzle"": 1, ""tile_k"": 64, ""tile_m"": 64, ""tile_n"": 128}","{""cluster_m"": 1, ""comm_ctas"": 4, ""policy_enum"": 1, ""raster"": ""n"", ""sm_count"": 132, ""swizzle"": 1, ""tile_k"": 64, ""tile_m"": 64, ""tile_n"": 128}","[0.9878229232010998, 0.9947029004239091, 1.0008302179058126, 0.9935505487576134, 0.9867396519164418, 0.9988298138748227]",False,0.09342790065979417,0.09336578126293549,1.0006653336588462,"{""cluster_m"": 1, ""comm_ctas"": 4, ""policy_enum"": 1, ""raster"": ""n"", ""sm_count"": 132, ""swizzle"": 1, ""tile_k"": 64, ""tile_m"": 64, ""tile_n"": 128}","{""cluster_m"": 1, ""comm_ctas"": 4, ""policy_enum"": 1, ""raster"": ""n"", ""sm_count"": 132, ""swizzle"": 1, ""tile_k"": 64, ""tile_m"": 64, ""tile_n"": 128}","[1.0, 0.9888381467089823, 1.0142808269253496, 0.9984530648964388, 1.0044874350212014, 0.9981080007400602]",False,"{""baseline-model"": {""eager_baseline_p50_geomean_ms"": 0.09620786165395749, ""eager_model_p50_geomean_ms"": 0.09674598055646917, ""eager_paired_speedups"": [0.9878229232010998, 0.9947029004239091, 1.0008302179058126], ""eager_speedup"": 0.9944378164403682, ""graph_baseline_p50_geomean_ms"": 0.09388745211195686, ""graph_model_p50_geomean_ms"": 0.0937950121800983, ""graph_paired_speedups"": [1.0, 0.9888381467089823, 1.0142808269253496], ""graph_speedup"": 1.0009855527464624, ""source"": ""/home/chen/workspace/fuse-mxfp8-sm90/results/mxfp8_weight/policy_ab/cp4_frozen_v1.json""}, ""model-baseline"": {""eager_baseline_p50_geomean_ms"": 0.09565798417705587, ""eager_model_p50_geomean_ms"": 0.09632962646783254, ""eager_paired_speedups"": [0.9935505487576134, 0.9867396519164418, 0.9988298138748227], ""eager_speedup"": 0.9930276664054029, ""graph_baseline_p50_geomean_ms"": 0.09297059857676908, ""graph_model_p50_geomean_ms"": 0.09293851462058826, ""graph_paired_speedups"": [0.9984530648964388, 1.0044874350212014, 0.9981080007400602], ""graph_speedup"": 1.0003452170105347, ""source"": ""/home/chen/workspace/fuse-mxfp8-sm90/results/mxfp8_weight/policy_ab/cp4_frozen_reverse_v1.json""}}"
a2a_gemm/nanbeige42_3b/s1024/cp8,nanbeige42_3b,1024,8,128,3072,6144,"[""/home/chen/workspace/fuse-mxfp8-sm90/results/mxfp8_weight/policy_ab/cp8_frozen_v1.json"", ""/home/chen/workspace/fuse-mxfp8-sm90/results/mxfp8_weight/policy_ab/cp8_frozen_reverse_v1.json""]",oproj_forward,balanced_equal_orders,0.09715640105102148,0.09761307943147557,0.99532154519544,"{""cluster_m"": 1, ""comm_ctas"": 4, ""policy_enum"": 1, ""raster"": ""n"", ""sm_count"": 132, ""swizzle"": 1, ""tile_k"": 64, ""tile_m"": 64, ""tile_n"": 128}","{""cluster_m"": 1, ""comm_ctas"": 4, ""policy_enum"": 1, ""raster"": ""n"", ""sm_count"": 132, ""swizzle"": 1, ""tile_k"": 64, ""tile_m"": 64, ""tile_n"": 128}","[0.9955853162895414, 0.9967314672002353, 1.0008199472255621, 0.9937674553771488, 0.9927845407780087, 0.9922658620133846]",False,0.0952131769627391,0.09521018329880333,1.0000314426864028,"{""cluster_m"": 1, ""comm_ctas"": 4, ""policy_enum"": 1, ""raster"": ""n"", ""sm_count"": 132, ""swizzle"": 1, ""tile_k"": 64, ""tile_m"": 64, ""tile_n"": 128}","{""cluster_m"": 1, ""comm_ctas"": 4, ""policy_enum"": 1, ""raster"": ""n"", ""sm_count"": 132, ""swizzle"": 1, ""tile_k"": 64, ""tile_m"": 64, ""tile_n"": 128}","[0.9994976518880804, 0.9969829580919657, 0.9984915180722402, 1.0016874917688119, 1.0047249769526736, 0.9988231248893683]",False,"{""baseline-model"": {""eager_baseline_p50_geomean_ms"": 0.09755195224965744, ""eager_model_p50_geomean_ms"": 0.09777588679666836, ""eager_paired_speedups"": [0.9955853162895414, 0.9967314672002353, 1.0008199472255621], ""eager_speedup"": 0.9977097160215325, ""graph_baseline_p50_geomean_ms"": 0.09532790134187029, ""graph_model_p50_geomean_ms"": 0.09548798621421492, ""graph_paired_speedups"": [0.9994976518880804, 0.9969829580919657, 0.9984915180722402], ""graph_speedup"": 0.998323507713468, ""source"": ""/home/chen/workspace/fuse-mxfp8-sm90/results/mxfp8_weight/policy_ab/cp8_frozen_v1.json""}, ""model-baseline"": {""eager_baseline_p50_geomean_ms"": 0.09676245372342179, ""eager_model_p50_geomean_ms"": 0.09745054315805225, ""eager_paired_speedups"": [0.9937674553771488, 0.9927845407780087, 0.9922658620133846], ""eager_speedup"": 0.9929390908215411, ""graph_baseline_p50_geomean_ms"": 0.0950985906510885, ""graph_model_p50_geomean_ms"": 0.09493318859459052, ""graph_paired_speedups"": [1.0016874917688119, 1.0047249769526736, 0.9988231248893683], ""graph_speedup"": 1.00174229959982, ""source"": ""/home/chen/workspace/fuse-mxfp8-sm90/results/mxfp8_weight/policy_ab/cp8_frozen_reverse_v1.json""}}"
a2a_gemm/nanbeige42_3b/s4096/cp4,nanbeige42_3b,4096,4,1024,3072,6144,"[""/home/chen/workspace/fuse-mxfp8-sm90/results/mxfp8_weight/policy_ab/cp4_frozen_v1.json"", ""/home/chen/workspace/fuse-mxfp8-sm90/results/mxfp8_weight/policy_ab/cp4_frozen_reverse_v1.json""]",oproj_forward,balanced_equal_orders,0.17935175383457894,0.1804369673602104,0.9939856364163727,"{""cluster_m"": 1, ""comm_ctas"": 4, ""policy_enum"": 2, ""raster"": ""n"", ""sm_count"": 132, ""swizzle"": 1, ""tile_k"": 64, ""tile_m"": 128, ""tile_n"": 128}","{""cluster_m"": 1, ""comm_ctas"": 4, ""policy_enum"": 2, ""raster"": ""n"", ""sm_count"": 132, ""swizzle"": 1, ""tile_k"": 64, ""tile_m"": 128, ""tile_n"": 128}","[0.9901761089015199, 0.9967198950280542, 0.9907128868240426, 0.9948531390071064, 0.9961729655614975, 0.9952989438980154]",False,0.1773966128903634,0.17753563634593234,0.9992169264806186,"{""cluster_m"": 1, ""comm_ctas"": 4, ""policy_enum"": 2, ""raster"": ""n"", ""sm_count"": 132, ""swizzle"": 1, ""tile_k"": 64, ""tile_m"": 128, ""tile_n"": 128}","{""cluster_m"": 1, ""comm_ctas"": 4, ""policy_enum"": 2, ""raster"": ""n"", ""sm_count"": 132, ""swizzle"": 1, ""tile_k"": 64, ""tile_m"": 128, ""tile_n"": 128}","[1.002163543032174, 0.9959546826671525, 0.9993705910917098, 1.000811015203713, 0.996835439973502, 1.0001805488230326]",False,"{""baseline-model"": {""eager_baseline_p50_geomean_ms"": 0.1793702737222895, ""eager_model_p50_geomean_ms"": 0.18071991348067457, ""eager_paired_speedups"": [0.9901761089015199, 0.9967198950280542, 0.9907128868240426], ""eager_speedup"": 0.9925318702715664, ""graph_baseline_p50_geomean_ms"": 0.17765844733499045, ""graph_model_p50_geomean_ms"": 0.17780785709441427, ""graph_paired_speedups"": [1.002163543032174, 0.9959546826671525, 0.9993705910917098], ""graph_speedup"": 0.9991597122766932, ""source"": ""/home/chen/workspace/fuse-mxfp8-sm90/results/mxfp8_weight/policy_ab/cp4_frozen_v1.json""}, ""model-baseline"": {""eager_baseline_p50_geomean_ms"": 0.17933323585903718, ""eager_model_p50_geomean_ms"": 0.18015446423745218, ""eager_paired_speedups"": [0.9948531390071064, 0.9961729655614975, 0.9952989438980154], ""eager_speedup"": 0.9954415318993565, ""graph_baseline_p50_geomean_ms"": 0.17713516433944093, ""graph_model_p50_geomean_ms"": 0.1772638323626998, ""graph_paired_speedups"": [1.000811015203713, 0.996835439973502, 1.0001805488230326], ""graph_speedup"": 0.9992741439607621, ""source"": ""/home/chen/workspace/fuse-mxfp8-sm90/results/mxfp8_weight/policy_ab/cp4_frozen_reverse_v1.json""}}"
a2a_gemm/nanbeige42_3b/s4096/cp8,nanbeige42_3b,4096,8,512,3072,6144,"[""/home/chen/workspace/fuse-mxfp8-sm90/results/mxfp8_weight/policy_ab/cp8_frozen_v1.json"", ""/home/chen/workspace/fuse-mxfp8-sm90/results/mxfp8_weight/policy_ab/cp8_frozen_reverse_v1.json""]",oproj_forward,balanced_equal_orders,0.14038887865229974,0.14074958439769442,0.9974372517905596,"{""cluster_m"": 1, ""comm_ctas"": 4, ""policy_enum"": 2, ""raster"": ""n"", ""sm_count"": 132, ""swizzle"": 1, ""tile_k"": 64, ""tile_m"": 128, ""tile_n"": 128}","{""cluster_m"": 1, ""comm_ctas"": 4, ""policy_enum"": 2, ""raster"": ""n"", ""sm_count"": 132, ""swizzle"": 1, ""tile_k"": 64, ""tile_m"": 128, ""tile_n"": 128}","[0.9905127954298505, 0.9989754921697875, 0.9999999468787042, 1.0065471783178352, 0.9917261863042063, 0.9969484134886829]",False,0.13794096461437655,0.1380183270199046,0.999439477298425,"{""cluster_m"": 1, ""comm_ctas"": 4, ""policy_enum"": 2, ""raster"": ""n"", ""sm_count"": 132, ""swizzle"": 1, ""tile_k"": 64, ""tile_m"": 128, ""tile_n"": 128}","{""cluster_m"": 1, ""comm_ctas"": 4, ""policy_enum"": 2, ""raster"": ""n"", ""sm_count"": 132, ""swizzle"": 1, ""tile_k"": 64, ""tile_m"": 128, ""tile_n"": 128}","[0.9994188975679913, 0.9977945546764716, 1.0002322360002127, 0.995728956644048, 1.001737156605803, 1.0017389150642668]",False,"{""baseline-model"": {""eager_baseline_p50_geomean_ms"": 0.14033064940973575, ""eager_model_p50_geomean_ms"": 0.14082537013580756, ""eager_paired_speedups"": [0.9905127954298505, 0.9989754921697875, 0.9999999468787042], ""eager_speedup"": 0.9964869914732352, ""graph_baseline_p50_geomean_ms"": 0.13765859846065456, ""graph_model_p50_geomean_ms"": 0.1377759768809413, ""graph_paired_speedups"": [0.9994188975679913, 0.9977945546764716, 1.0002322360002127], ""graph_speedup"": 0.9991480487168802, ""source"": ""/home/chen/workspace/fuse-mxfp8-sm90/results/mxfp8_weight/policy_ab/cp8_frozen_v1.json""}, ""model-baseline"": {""eager_baseline_p50_geomean_ms"": 0.1404471320566895, ""eager_model_p50_geomean_ms"": 0.14067383944398038, ""eager_paired_speedups"": [1.0065471783178352, 0.9917261863042063, 0.9969484134886829], ""eager_speedup"": 0.998388418285966, ""graph_baseline_p50_geomean_ms"": 0.138223909959269, ""graph_model_p50_geomean_ms"": 0.1382611034566245, ""graph_paired_speedups"": [0.995728956644048, 1.001737156605803, 1.0017389150642668], ""graph_speedup"": 0.9997309908830064, ""source"": ""/home/chen/workspace/fuse-mxfp8-sm90/results/mxfp8_weight/policy_ab/cp8_frozen_reverse_v1.json""}}"
a2a_gemm/nanbeige42_3b/s16384/cp4,nanbeige42_3b,16384,4,4096,3072,6144,"[""/home/chen/workspace/fuse-mxfp8-sm90/results/mxfp8_weight/policy_ab/cp4_frozen_v1.json"", ""/home/chen/workspace/fuse-mxfp8-sm90/results/mxfp8_weight/policy_ab/cp4_frozen_reverse_v1.json""]",oproj_forward,balanced_equal_orders,0.47513333252802636,0.37411209756615366,1.2700293190706282,"{""cluster_m"": 2, ""comm_ctas"": 4, ""policy_enum"": 4, ""raster"": ""n"", ""sm_count"": 132, ""swizzle"": 1, ""tile_k"": 64, ""tile_m"": 128, ""tile_n"": 256}","{""cluster_m"": 2, ""comm_ctas"": 24, ""policy_enum"": 5, ""raster"": ""n"", ""sm_count"": 132, ""swizzle"": 1, ""tile_k"": 64, ""tile_m"": 128, ""tile_n"": 320}","[1.273549115878953, 1.2654580861441878, 1.2696974681985818, 1.2755668644376497, 1.2675851138351106, 1.2683479304893792]",True,0.4721649246730104,0.3689078246920602,1.27989945745158,"{""cluster_m"": 2, ""comm_ctas"": 4, ""policy_enum"": 4, ""raster"": ""n"", ""sm_count"": 132, ""swizzle"": 1, ""tile_k"": 64, ""tile_m"": 128, ""tile_n"": 256}","{""cluster_m"": 2, ""comm_ctas"": 24, ""policy_enum"": 5, ""raster"": ""n"", ""sm_count"": 132, ""swizzle"": 1, ""tile_k"": 64, ""tile_m"": 128, ""tile_n"": 320}","[1.2843052193480387, 1.2762793598976834, 1.277316712188197, 1.280664400403839, 1.2842402950066596, 1.276617849216916]",True,"{""baseline-model"": {""eager_baseline_p50_geomean_ms"": 0.47636681454711755, ""eager_model_p50_geomean_ms"": 0.3752208187872617, ""eager_paired_speedups"": [1.273549115878953, 1.2654580861441878, 1.2696974681985818], ""eager_speedup"": 1.2695639226169981, ""graph_baseline_p50_geomean_ms"": 0.47273061804012284, ""graph_model_p50_geomean_ms"": 0.3695241861831576, ""graph_paired_speedups"": [1.2843052193480387, 1.2762793598976834, 1.277316712188197], ""graph_speedup"": 1.2792954716252598, ""source"": ""/home/chen/workspace/fuse-mxfp8-sm90/results/mxfp8_weight/policy_ab/cp4_frozen_v1.json""}, ""model-baseline"": {""eager_baseline_p50_geomean_ms"": 0.47390304442976455, ""eager_model_p50_geomean_ms"": 0.37300665244990067, ""eager_paired_speedups"": [1.2755668644376497, 1.2675851138351106, 1.2683479304893792], ""eager_speedup"": 1.2704948861291843, ""graph_baseline_p50_geomean_ms"": 0.4715999082431925, ""graph_model_p50_geomean_ms"": 0.36829249128383784, ""graph_paired_speedups"": [1.280664400403839, 1.2842402950066596, 1.276617849216916], ""graph_speedup"": 1.2805037284339778, ""source"": ""/home/chen/workspace/fuse-mxfp8-sm90/results/mxfp8_weight/policy_ab/cp4_frozen_reverse_v1.json""}}"
a2a_gemm/nanbeige42_3b/s16384/cp8,nanbeige42_3b,16384,8,2048,3072,6144,"[""/home/chen/workspace/fuse-mxfp8-sm90/results/mxfp8_weight/policy_ab/cp8_frozen_v1.json"", ""/home/chen/workspace/fuse-mxfp8-sm90/results/mxfp8_weight/policy_ab/cp8_frozen_reverse_v1.json""]",oproj_forward,balanced_equal_orders,0.346853238507215,0.26706286059565887,1.2987700264034883,"{""cluster_m"": 2, ""comm_ctas"": 4, ""policy_enum"": 4, ""raster"": ""n"", ""sm_count"": 132, ""swizzle"": 1, ""tile_k"": 64, ""tile_m"": 128, ""tile_n"": 256}","{""cluster_m"": 2, ""comm_ctas"": 24, ""policy_enum"": 4, ""raster"": ""n"", ""sm_count"": 132, ""swizzle"": 1, ""tile_k"": 64, ""tile_m"": 128, ""tile_n"": 256}","[1.2679612608337008, 1.2722874300120985, 1.2628584659091955, 1.3323617143870223, 1.3333929729459715, 1.3260727026841608]",True,0.34330793869788734,0.2625724189291791,1.3074790570082095,"{""cluster_m"": 2, ""comm_ctas"": 4, ""policy_enum"": 4, ""raster"": ""n"", ""sm_count"": 132, ""swizzle"": 1, ""tile_k"": 64, ""tile_m"": 128, ""tile_n"": 256}","{""cluster_m"": 2, ""comm_ctas"": 24, ""policy_enum"": 4, ""raster"": ""n"", ""sm_count"": 132, ""swizzle"": 1, ""tile_k"": 64, ""tile_m"": 128, ""tile_n"": 256}","[1.2786784962772737, 1.2754226851906527, 1.2752768132291998, 1.3352433901176666, 1.3494672608230454, 1.3331091060169074]",True,"{""baseline-model"": {""eager_baseline_p50_geomean_ms"": 0.33715708309598436, ""eager_model_p50_geomean_ms"": 0.2659604060941119, ""eager_paired_speedups"": [1.2679612608337008, 1.2722874300120985, 1.2628584659091955], ""eager_speedup"": 1.2676965268908453, ""graph_baseline_p50_geomean_ms"": 0.33430801815226435, ""graph_model_p50_geomean_ms"": 0.26190279840051894, ""graph_paired_speedups"": [1.2786784962772737, 1.2754226851906527, 1.2752768132291998], ""graph_speedup"": 1.2764583662104247, ""source"": ""/home/chen/workspace/fuse-mxfp8-sm90/results/mxfp8_weight/policy_ab/cp8_frozen_v1.json""}, ""model-baseline"": {""eager_baseline_p50_geomean_ms"": 0.3568282414778545, ""eager_model_p50_geomean_ms"": 0.2681698849726464, ""eager_paired_speedups"": [1.3323617143870223, 1.3333929729459715, 1.3260727026841608], ""eager_speedup"": 1.3306051927279277, ""graph_baseline_p50_geomean_ms"": 0.3525501464918846, ""graph_model_p50_geomean_ms"": 0.26324375151152907, ""graph_paired_speedups"": [1.3352433901176666, 1.3494672608230454, 1.3331091060169074], ""graph_speedup"": 1.3392536174840382, ""source"": ""/home/chen/workspace/fuse-mxfp8-sm90/results/mxfp8_weight/policy_ab/cp8_frozen_reverse_v1.json""}}"
a2a_gemm/nanbeige42_3b/s131072/cp4,nanbeige42_3b,131072,4,32768,3072,6144,"[""/home/chen/workspace/fuse-mxfp8-sm90/results/mxfp8_weight/policy_ab/cp4_frozen_v1.json"", ""/home/chen/workspace/fuse-mxfp8-sm90/results/mxfp8_weight/policy_ab/cp4_frozen_reverse_v1.json""]",oproj_forward,balanced_equal_orders,2.0172724589539883,2.0177219287963277,0.999777238956506,"{""cluster_m"": 2, ""comm_ctas"": 8, ""policy_enum"": 5, ""raster"": ""n"", ""sm_count"": 132, ""swizzle"": 1, ""tile_k"": 64, ""tile_m"": 128, ""tile_n"": 320}","{""cluster_m"": 2, ""comm_ctas"": 8, ""policy_enum"": 5, ""raster"": ""n"", ""sm_count"": 132, ""swizzle"": 1, ""tile_k"": 64, ""tile_m"": 128, ""tile_n"": 320}","[0.9779370466466965, 1.0022912636287713, 1.0061530687800406, 1.0158993297017014, 1.0046158287627103, 0.9922015061899392]",False,2.1100430257174274,2.094355055690538,1.0074905971574701,"{""cluster_m"": 2, ""comm_ctas"": 8, ""policy_enum"": 5, ""raster"": ""n"", ""sm_count"": 132, ""swizzle"": 1, ""tile_k"": 64, ""tile_m"": 128, ""tile_n"": 320}","{""cluster_m"": 2, ""comm_ctas"": 8, ""policy_enum"": 5, ""raster"": ""n"", ""sm_count"": 132, ""swizzle"": 1, ""tile_k"": 64, ""tile_m"": 128, ""tile_n"": 320}","[1.1776965371362644, 0.9986647973751899, 1.004944814028009, 0.8913976993355403, 0.9833917974026471, 1.0093750519892304]",False,"{""baseline-model"": {""eager_baseline_p50_geomean_ms"": 2.0096414789242716, ""eager_model_p50_geomean_ms"": 2.0189657555434484, ""eager_paired_speedups"": [0.9779370466466965, 1.0022912636287713, 1.0061530687800406], ""eager_speedup"": 0.9953816568737853, ""graph_baseline_p50_geomean_ms"": 2.163494436763734, ""graph_model_p50_geomean_ms"": 2.046243589399236, ""graph_paired_speedups"": [1.1776965371362644, 0.9986647973751899, 1.004944814028009], ""graph_speedup"": 1.0573005325328457, ""source"": ""/home/chen/workspace/fuse-mxfp8-sm90/results/mxfp8_weight/policy_ab/cp4_frozen_v1.json""}, ""model-baseline"": {""eager_baseline_p50_geomean_ms"": 2.024932415224902, ""eager_model_p50_geomean_ms"": 2.0164788683350996, ""eager_paired_speedups"": [1.0158993297017014, 1.0046158287627103, 0.9922015061899392], ""eager_speedup"": 1.00419223182675, ""graph_baseline_p50_geomean_ms"": 2.057912188135185, ""graph_model_p50_geomean_ms"": 2.14359772317445, ""graph_paired_speedups"": [0.8913976993355403, 0.9833917974026471, 1.0093750519892304], ""graph_speedup"": 0.9600272317361979, ""source"": ""/home/chen/workspace/fuse-mxfp8-sm90/results/mxfp8_weight/policy_ab/cp4_frozen_reverse_v1.json""}}"
a2a_gemm/nanbeige42_3b/s131072/cp8,nanbeige42_3b,131072,8,16384,3072,6144,"[""/home/chen/workspace/fuse-mxfp8-sm90/results/mxfp8_weight/policy_ab/cp8_frozen_v1.json"", ""/home/chen/workspace/fuse-mxfp8-sm90/results/mxfp8_weight/policy_ab/cp8_frozen_reverse_v1.json""]",oproj_forward,balanced_equal_orders,1.9002122106628456,1.1623724745049977,1.6347704822174676,"{""cluster_m"": 2, ""comm_ctas"": 4, ""policy_enum"": 4, ""raster"": ""n"", ""sm_count"": 132, ""swizzle"": 1, ""tile_k"": 64, ""tile_m"": 128, ""tile_n"": 256}","{""cluster_m"": 2, ""comm_ctas"": 12, ""policy_enum"": 5, ""raster"": ""n"", ""sm_count"": 132, ""swizzle"": 1, ""tile_k"": 64, ""tile_m"": 128, ""tile_n"": 320}","[1.615348123766768, 1.6422516827905884, 1.6461730490989155, 1.637398806695744, 1.6366605714282192, 1.6309712307770607]",True,1.8982110706854392,1.1644695333189266,1.6301079730916017,"{""cluster_m"": 2, ""comm_ctas"": 4, ""policy_enum"": 4, ""raster"": ""n"", ""sm_count"": 132, ""swizzle"": 1, ""tile_k"": 64, ""tile_m"": 128, ""tile_n"": 256}","{""cluster_m"": 2, ""comm_ctas"": 12, ""policy_enum"": 5, ""raster"": ""n"", ""sm_count"": 132, ""swizzle"": 1, ""tile_k"": 64, ""tile_m"": 128, ""tile_n"": 320}","[1.6409388017816224, 1.6319959614805506, 1.6274731696200466, 1.6265018834922447, 1.6235094610595906, 1.630285003355736]",True,"{""baseline-model"": {""eager_baseline_p50_geomean_ms"": 1.9009689641769236, ""eager_model_p50_geomean_ms"": 1.1630041069805153, ""eager_paired_speedups"": [1.615348123766768, 1.6422516827905884, 1.6461730490989155], ""eager_speedup"": 1.634533320017565, ""graph_baseline_p50_geomean_ms"": 1.8959418890873843, ""graph_model_p50_geomean_ms"": 1.1606909229049482, ""graph_paired_speedups"": [1.6409388017816224, 1.6319959614805506, 1.6274731696200466], ""graph_speedup"": 1.6334597365009695, ""source"": ""/home/chen/workspace/fuse-mxfp8-sm90/results/mxfp8_weight/policy_ab/cp8_frozen_v1.json""}, ""model-baseline"": {""eager_baseline_p50_geomean_ms"": 1.8994557584034917, ""eager_model_p50_geomean_ms"": 1.1617411850717634, ""eager_paired_speedups"": [1.637398806695744, 1.6366605714282192, 1.6309712307770607], ""eager_speedup"": 1.6350076788283596, ""graph_baseline_p50_geomean_ms"": 1.9004829681816735, ""graph_model_p50_geomean_ms"": 1.1682604449376262, ""graph_paired_speedups"": [1.6265018834922447, 1.6235094610595906, 1.630285003355736], ""graph_speedup"": 1.6267630873038255, ""source"": ""/home/chen/workspace/fuse-mxfp8-sm90/results/mxfp8_weight/policy_ab/cp8_frozen_reverse_v1.json""}}"
a2a_gemm/nanbeige42_3b/s262144/cp4,nanbeige42_3b,262144,4,65536,3072,6144,"[""/home/chen/workspace/fuse-mxfp8-sm90/results/mxfp8_weight/policy_ab/cp4_frozen_v1.json"", ""/home/chen/workspace/fuse-mxfp8-sm90/results/mxfp8_weight/policy_ab/cp4_frozen_reverse_v1.json""]",oproj_forward,balanced_equal_orders,4.126290648000377,4.154005852343151,0.9933280776850276,"{""cluster_m"": 2, ""comm_ctas"": 8, ""policy_enum"": 5, ""raster"": ""n"", ""sm_count"": 132, ""swizzle"": 1, ""tile_k"": 64, ""tile_m"": 128, ""tile_n"": 320}","{""cluster_m"": 2, ""comm_ctas"": 8, ""policy_enum"": 5, ""raster"": ""n"", ""sm_count"": 132, ""swizzle"": 1, ""tile_k"": 64, ""tile_m"": 128, ""tile_n"": 320}","[0.9914486006567457, 0.8937682468201333, 1.0059446708812705, 0.9893823577489712, 1.101894614014258, 0.9885140064938943]",False,4.2060905163497075,4.190073377759673,1.0038226391630876,"{""cluster_m"": 2, ""comm_ctas"": 8, ""policy_enum"": 5, ""raster"": ""n"", ""sm_count"": 132, ""swizzle"": 1, ""tile_k"": 64, ""tile_m"": 128, ""tile_n"": 320}","{""cluster_m"": 2, ""comm_ctas"": 8, ""policy_enum"": 5, ""raster"": ""n"", ""sm_count"": 132, ""swizzle"": 1, ""tile_k"": 64, ""tile_m"": 128, ""tile_n"": 320}","[1.0180527970248574, 1.0011601414265425, 1.0273193034159596, 0.995255814789134, 0.9971325688466981, 0.9846343673366578]",False,"{""baseline-model"": {""eager_baseline_p50_geomean_ms"": 4.045374081363367, ""eager_model_p50_geomean_ms"": 4.203415110076291, ""eager_paired_speedups"": [0.9914486006567457, 0.8937682468201333, 1.0059446708812705], ""eager_speedup"": 0.9624017555786792, ""graph_baseline_p50_geomean_ms"": 4.222735274325087, ""graph_model_p50_geomean_ms"": 4.158474944165305, ""graph_paired_speedups"": [1.0180527970248574, 1.0011601414265425, 1.0273193034159596], ""graph_speedup"": 1.0154528597677248, ""source"": ""/home/chen/workspace/fuse-mxfp8-sm90/results/mxfp8_weight/policy_ab/cp4_frozen_v1.json""}, ""model-baseline"": {""eager_baseline_p50_geomean_ms"": 4.208825727690725, ""eager_model_p50_geomean_ms"": 4.10517737825517, ""eager_paired_speedups"": [0.9893823577489712, 1.101894614014258, 0.9885140064938943], ""eager_speedup"": 1.0252482024247165, ""graph_baseline_p50_geomean_ms"": 4.18951136702608, ""graph_model_p50_geomean_ms"": 4.221911914040488, ""graph_paired_speedups"": [0.995255814789134, 0.9971325688466981, 0.9846343673366578], ""graph_speedup"": 0.9923256222123781, ""source"": ""/home/chen/workspace/fuse-mxfp8-sm90/results/mxfp8_weight/policy_ab/cp4_frozen_reverse_v1.json""}}"
a2a_gemm/nanbeige42_3b/s262144/cp8,nanbeige42_3b,262144,8,32768,3072,6144,"[""/home/chen/workspace/fuse-mxfp8-sm90/results/mxfp8_weight/policy_ab/cp8_frozen_v1.json"", ""/home/chen/workspace/fuse-mxfp8-sm90/results/mxfp8_weight/policy_ab/cp8_frozen_reverse_v1.json""]",oproj_forward,balanced_equal_orders,2.2271749140442303,2.2250316260063725,1.0009632618308915,"{""cluster_m"": 2, ""comm_ctas"": 8, ""policy_enum"": 5, ""raster"": ""n"", ""sm_count"": 132, ""swizzle"": 1, ""tile_k"": 64, ""tile_m"": 128, ""tile_n"": 320}","{""cluster_m"": 2, ""comm_ctas"": 8, ""policy_enum"": 5, ""raster"": ""n"", ""sm_count"": 132, ""swizzle"": 1, ""tile_k"": 64, ""tile_m"": 128, ""tile_n"": 320}","[1.003540040540377, 0.9957168462990756, 0.9980193254719613, 0.9992871047982506, 1.00408592893546, 1.005166838690235]",False,2.220413555987873,2.217546667298444,1.0012928200031619,"{""cluster_m"": 2, ""comm_ctas"": 8, ""policy_enum"": 5, ""raster"": ""n"", ""sm_count"": 132, ""swizzle"": 1, ""tile_k"": 64, ""tile_m"": 128, ""tile_n"": 320}","{""cluster_m"": 2, ""comm_ctas"": 8, ""policy_enum"": 5, ""raster"": ""n"", ""sm_count"": 132, ""swizzle"": 1, ""tile_k"": 64, ""tile_m"": 128, ""tile_n"": 320}","[1.0022649139799864, 0.994547994968456, 0.9991574621020295, 1.004214636521895, 1.0012424905375412, 1.0063720885620482]",False,"{""baseline-model"": {""eager_baseline_p50_geomean_ms"": 2.206897451434106, ""eager_model_p50_geomean_ms"": 2.2089148902253295, ""eager_paired_speedups"": [1.003540040540377, 0.9957168462990756, 0.9980193254719613], ""eager_speedup"": 0.9990866833302853, ""graph_baseline_p50_geomean_ms"": 2.202197080965957, ""graph_model_p50_geomean_ms"": 2.205170188779436, ""graph_paired_speedups"": [1.0022649139799864, 0.994547994968456, 0.9991574621020295], ""graph_speedup"": 0.9986517558469602, ""source"": ""/home/chen/workspace/fuse-mxfp8-sm90/results/mxfp8_weight/policy_ab/cp8_frozen_v1.json""}, ""model-baseline"": {""eager_baseline_p50_geomean_ms"": 2.2476386904722614, ""eager_model_p50_geomean_ms"": 2.2412659530868293, ""eager_paired_speedups"": [0.9992871047982506, 1.00408592893546, 1.005166838690235], ""eager_speedup"": 1.002843365097594, ""graph_baseline_p50_geomean_ms"": 2.2387807168703286, ""graph_model_p50_geomean_ms"": 2.229992608583325, ""graph_paired_speedups"": [1.004214636521895, 1.0012424905375412, 1.0063720885620482], ""graph_speedup"": 1.0039408687962368, ""source"": ""/home/chen/workspace/fuse-mxfp8-sm90/results/mxfp8_weight/policy_ab/cp8_frozen_reverse_v1.json""}}"
a2a_gemm/nanbeige42_3b/s524288/cp4,nanbeige42_3b,524288,4,131072,3072,6144,"[""/home/chen/workspace/fuse-mxfp8-sm90/results/mxfp8_weight/policy_ab/cp4_frozen_v1.json"", ""/home/chen/workspace/fuse-mxfp8-sm90/results/mxfp8_weight/policy_ab/cp4_frozen_reverse_v1.json""]",oproj_forward,balanced_equal_orders,8.303539199160285,8.270414726001384,1.0040051767966083,"{""cluster_m"": 2, ""comm_ctas"": 8, ""policy_enum"": 5, ""raster"": ""n"", ""sm_count"": 132, ""swizzle"": 1, ""tile_k"": 64, ""tile_m"": 128, ""tile_n"": 320}","{""cluster_m"": 2, ""comm_ctas"": 8, ""policy_enum"": 5, ""raster"": ""n"", ""sm_count"": 132, ""swizzle"": 1, ""tile_k"": 64, ""tile_m"": 128, ""tile_n"": 320}","[0.9716286313763925, 0.9514765857016675, 0.9571185906757468, 1.0388697614154125, 1.063052228258382, 1.0481799399109755]",False,8.315767311591278,8.306566938313411,1.0011076023760705,"{""cluster_m"": 2, ""comm_ctas"": 8, ""policy_enum"": 5, ""raster"": ""n"", ""sm_count"": 132, ""swizzle"": 1, ""tile_k"": 64, ""tile_m"": 128, ""tile_n"": 320}","{""cluster_m"": 2, ""comm_ctas"": 8, ""policy_enum"": 5, ""raster"": ""n"", ""sm_count"": 132, ""swizzle"": 1, ""tile_k"": 64, ""tile_m"": 128, ""tile_n"": 320}","[0.9674610479777509, 0.9897816606382491, 0.991933734377317, 1.0308897529921546, 1.0211007993816215, 1.0068114967265709]",False,"{""baseline-model"": {""eager_baseline_p50_geomean_ms"": 8.122965448659686, ""eager_model_p50_geomean_ms"": 8.461094628734926, ""eager_paired_speedups"": [0.9716286313763925, 0.9514765857016675, 0.9571185906757468], ""eager_speedup"": 0.9600371825500084, ""graph_baseline_p50_geomean_ms"": 8.24105764783397, ""graph_model_p50_geomean_ms"": 8.383610668912052, ""graph_paired_speedups"": [0.9674610479777509, 0.9897816606382491, 0.991933734377317], ""graph_speedup"": 0.9829962260047818, ""source"": ""/home/chen/workspace/fuse-mxfp8-sm90/results/mxfp8_weight/policy_ab/cp4_frozen_v1.json""}, ""model-baseline"": {""eager_baseline_p50_geomean_ms"": 8.488127109215785, ""eager_model_p50_geomean_ms"": 8.084032000749223, ""eager_paired_speedups"": [1.0388697614154125, 1.063052228258382, 1.0481799399109755], ""eager_speedup"": 1.0499868269236339, ""graph_baseline_p50_geomean_ms"": 8.391154259029548, ""graph_model_p50_geomean_ms"": 8.23023122442248, ""graph_paired_speedups"": [1.0308897529921546, 1.0211007993816215, 1.0068114967265709], ""graph_speedup"": 1.0195526747935748, ""source"": ""/home/chen/workspace/fuse-mxfp8-sm90/results/mxfp8_weight/policy_ab/cp4_frozen_reverse_v1.json""}}"
a2a_gemm/nanbeige42_3b/s524288/cp8,nanbeige42_3b,524288,8,65536,3072,6144,"[""/home/chen/workspace/fuse-mxfp8-sm90/results/mxfp8_weight/policy_ab/cp8_frozen_v1.json"", ""/home/chen/workspace/fuse-mxfp8-sm90/results/mxfp8_weight/policy_ab/cp8_frozen_reverse_v1.json""]",oproj_forward,balanced_equal_orders,4.335918844413401,4.3570172401933025,0.9951576056240345,"{""cluster_m"": 2, ""comm_ctas"": 8, ""policy_enum"": 5, ""raster"": ""n"", ""sm_count"": 132, ""swizzle"": 1, ""tile_k"": 64, ""tile_m"": 128, ""tile_n"": 320}","{""cluster_m"": 2, ""comm_ctas"": 8, ""policy_enum"": 5, ""raster"": ""n"", ""sm_count"": 132, ""swizzle"": 1, ""tile_k"": 64, ""tile_m"": 128, ""tile_n"": 320}","[0.9986175760022254, 0.9529936137051479, 0.9980282596310139, 1.0002099543494711, 1.0215134117888844, 1.000884397152139]",False,4.360038931737118,4.326419513268707,1.007770725507619,"{""cluster_m"": 2, ""comm_ctas"": 8, ""policy_enum"": 5, ""raster"": ""n"", ""sm_count"": 132, ""swizzle"": 1, ""tile_k"": 64, ""tile_m"": 128, ""tile_n"": 320}","{""cluster_m"": 2, ""comm_ctas"": 8, ""policy_enum"": 5, ""raster"": ""n"", ""sm_count"": 132, ""swizzle"": 1, ""tile_k"": 64, ""tile_m"": 128, ""tile_n"": 320}","[1.0449059255072162, 0.9999141476785594, 1.0220726374225158, 0.9816549968111373, 1.0010325610933355, 0.9982554231801273]",False,"{""baseline-model"": {""eager_baseline_p50_geomean_ms"": 4.290161180561549, ""eager_model_p50_geomean_ms"": 4.364450752193321, ""eager_paired_speedups"": [0.9986175760022254, 0.9529936137051479, 0.9980282596310139], ""eager_speedup"": 0.9829784832388293, ""graph_baseline_p50_geomean_ms"": 4.378814631651678, ""graph_model_p50_geomean_ms"": 4.283998778236187, ""graph_paired_speedups"": [1.0449059255072162, 0.9999141476785594, 1.0220726374225158], ""graph_speedup"": 1.0221325584631789, ""source"": ""/home/chen/workspace/fuse-mxfp8-sm90/results/mxfp8_weight/policy_ab/cp8_frozen_v1.json""}, ""model-baseline"": {""eager_baseline_p50_geomean_ms"": 4.38216454675916, ""eager_model_p50_geomean_ms"": 4.3495963889159714, ""eager_paired_speedups"": [1.0002099543494711, 1.0215134117888844, 1.000884397152139], ""eager_speedup"": 1.0074876275707287, ""graph_baseline_p50_geomean_ms"": 4.341343739205707, ""graph_model_p50_geomean_ms"": 4.369260304154149, ""graph_paired_speedups"": [0.9816549968111373, 1.0010325610933355, 0.9982554231801273], ""graph_speedup"": 0.9936106885364793, ""source"": ""/home/chen/workspace/fuse-mxfp8-sm90/results/mxfp8_weight/policy_ab/cp8_frozen_reverse_v1.json""}}"
