models,ep,h,f,experts,topk,target_rows,cohort,status,pflops,ms,reference_backend,reference_pflops,retention_pct,historical_gain_pct,tile_n,tile_k,along_n,swizzle,comm,compute,buffer_rows,tail_balance,run,case_index,reference_run,reference_case
deepseek_v41_flash,4,5120,2304,384,6,1,small_token_external_reference_snapshot,valid,0.005620159246049523,0.80599999425,cutlass_stock,0.006757498019561628,83.16923260325446,,256,64,1,2,40,108,0,,20260916-110545-5f35b2,0,20260916-110545-5f35b2,0
deepseek_v41_flash,4,5120,2304,384,6,8,small_token_external_reference_snapshot,valid,0.04273966003422969,0.84789599475,cutlass_stock,0.052929300735083014,80.74858243101755,,256,64,1,2,40,108,0,,20260916-110545-5f35b2,1,20260916-110545-5f35b2,1
deepseek_v41_flash,4,5120,2304,384,6,16,small_token_external_reference_snapshot,valid,0.08747498339521104,0.8285520077499999,cutlass_stock,0.10608544047767926,82.45710533069432,,256,64,1,2,40,108,0,,20260916-110545-5f35b2,2,20260916-110545-5f35b2,2
deepseek_v41_flash,4,5120,2304,384,6,32,small_token_external_reference_snapshot,valid,0.16860739267553504,0.85971999175,cutlass_stock,0.21000687758610187,80.28660518815951,,256,64,1,2,40,108,0,,20260916-110545-5f35b2,3,20260916-110545-5f35b2,3
deepseek_v41_flash,4,5120,2304,384,6,64,small_token_external_reference_snapshot,valid,0.3170053718157733,0.914528012,cutlass_stock,0.41268134410065715,76.81601709101066,,256,64,1,2,40,108,0,,20260916-110545-5f35b2,4,20260916-110545-5f35b2,4
deepseek_v41_flash,4,5120,2304,384,6,96,small_token_external_reference_snapshot,valid,0.44196875626143844,0.98392800975,deepgemm_m128,0.6083463696415663,72.65084141487415,,256,64,1,2,40,108,0,,20260916-110545-5f35b2,5,20260916-110545-5f35b2,5
deepseek_v41_flash,4,5120,2304,384,6,128,small_token_external_reference_snapshot,valid,0.5457689701059918,1.062391995,deepgemm_m128,0.8123284883081225,67.18574787924678,,256,64,1,2,40,108,0,,20260916-110545-5f35b2,6,20260916-110545-5f35b2,6
deepseek_v41_flash,4,5120,2304,384,6,192,release_equivalent,valid,0.5436986978676878,1.5996559874999998,deepgemm_m256,1.0233283719955475,53.130423503009595,12.36765742421857,256,64,1,2,40,108,0,true,20260917-004117-491c8e,0,20260916-110545-5f35b2,7
deepseek_v41_flash,4,5120,2304,384,6,256,release_equivalent,valid,0.8881021739980478,1.3057519775,deepgemm_m256,1.3861755425838576,64.068521389622,17.056226323042267,256,64,1,2,40,108,0,true,20260917-004117-491c8e,1,20260916-110545-5f35b2,8
deepseek_v41_flash,4,5120,2304,384,6,384,release_equivalent,valid,0.9695131678249812,1.79416001,cutlass_stock,1.2327305642975153,78.6476133474851,17.642125464606686,256,64,0,1,40,108,0,true,20260917-004117-491c8e,2,20260916-110545-5f35b2,9
deepseek_v41_flash,4,5120,2304,384,6,512,release_equivalent,valid,1.007665127922537,2.301639975,deepgemm_m256,1.4076458413054436,71.58513159730813,16.4015221364062,256,64,0,1,40,108,0,true,20260917-004117-491c8e,3,20260916-110545-5f35b2,10
deepseek_v41_flash,4,5120,2304,384,6,1024,release_equivalent,valid,1.0986673265131697,4.221992015,deepgemm_m256,1.317669241192697,83.37959877690578,14.562602743340335,256,64,0,1,40,108,0,true,20260917-004117-491c8e,4,20260916-110545-5f35b2,11
deepseek_v41_flash,4,5120,2304,384,6,2048,release_equivalent,valid,1.1067189874553127,8.3825519075,deepgemm_m256,1.371226974408002,80.7101237147931,10.627219459302829,256,64,0,1,40,108,0,true,20260917-004117-491c8e,5,20260916-145815-6cf15a,0
deepseek_v41_flash,4,5120,2304,384,6,4096,release_equivalent,valid,1.1219454726847238,16.537576174999998,cutlass_stock,1.3313202544999085,84.27314681741747,20.135574976421864,256,64,0,1,40,108,0,true,20260917-004117-491c8e,6,20260916-145815-6cf15a,1
deepseek_v41_flash,4,5120,2304,384,6,8192,release_equivalent,insufficient_memory,,,cutlass_stock,1.2850195762491643,,,256,64,0,1,40,108,0,true,20260917-004117-491c8e,7,20260916-145815-6cf15a,2
deepseek_v41_flash,8,5120,2304,384,6,1,small_token_external_reference_snapshot,valid,0.005025302984289074,0.45070400075,cutlass_stock,0.006580868086839257,76.3623114454903,,256,64,1,2,40,108,0,,20260916-110752-b9953d,0,20260916-110752-b9953d,0
deepseek_v41_flash,8,5120,2304,384,6,8,small_token_external_reference_snapshot,valid,0.03841719460588265,0.47164800725,deepgemm_m128,0.05005467853544916,76.75045715991415,,256,64,1,2,40,108,0,,20260916-110752-b9953d,1,20260916-110752-b9953d,1
deepseek_v41_flash,8,5120,2304,384,6,16,small_token_external_reference_snapshot,valid,0.08029368091384992,0.45132800175,cutlass_stock,0.10338579071448101,77.66413581494558,,256,64,1,2,40,108,0,,20260916-110752-b9953d,2,20260916-110752-b9953d,2
deepseek_v41_flash,8,5120,2304,384,6,32,small_token_external_reference_snapshot,valid,0.15379921621545425,0.4712480005,cutlass_stock,0.20450782829302191,75.20456184938233,,256,64,1,2,40,108,0,,20260916-110752-b9953d,3,20260916-110752-b9953d,3
deepseek_v41_flash,8,5120,2304,384,6,64,small_token_external_reference_snapshot,valid,0.2797670539745914,0.5181280075,cutlass_stock,0.4042883146121718,69.1998862848579,,256,64,1,2,40,108,0,,20260916-110752-b9953d,4,20260916-110752-b9953d,4
deepseek_v41_flash,8,5120,2304,384,6,96,small_token_external_reference_snapshot,valid,0.3845970688211583,0.5653519929999999,deepgemm_m128,0.6031219966299957,63.76770719193344,,256,64,1,2,40,108,0,,20260916-110752-b9953d,5,20260916-110752-b9953d,5
deepseek_v41_flash,8,5120,2304,384,6,128,small_token_external_reference_snapshot,valid,0.470139027183277,0.6166480035,deepgemm_m128,0.8041983624841862,58.46058001548366,,256,64,1,2,40,108,0,,20260916-110752-b9953d,6,20260916-110752-b9953d,6
deepseek_v41_flash,8,5120,2304,384,6,192,historical_transport_snapshot,valid,0.5116160347821328,0.84998399025,deepgemm_m256,1.0775732013691637,47.47854105243837,17.36126847007988,256,64,1,2,40,108,0,true,20260916-231507-0428c7,0,20260916-110752-b9953d,7
deepseek_v41_flash,8,5120,2304,384,6,256,historical_transport_snapshot,valid,0.8179943741704346,0.708831996,deepgemm_m256,1.4084801495483663,58.076386410751134,28.008894860891687,256,64,1,2,40,108,0,true,20260916-231507-0428c7,1,20260916-110752-b9953d,8
deepseek_v41_flash,8,5120,2304,384,6,384,historical_transport_snapshot,valid,0.9122106972056281,0.95343200875,deepgemm_m128,1.4250594069535558,64.01211716188881,20.091625254027832,256,64,0,1,40,108,0,true,20260916-231507-0428c7,2,20260916-110752-b9953d,9
deepseek_v41_flash,8,5120,2304,384,6,512,historical_transport_snapshot,valid,0.9886248789215161,1.172984005,deepgemm_m256,1.610469551277121,61.38736855580568,21.626209003591647,256,64,0,1,40,108,0,true,20260916-231507-0428c7,3,20260916-110752-b9953d,10
deepseek_v41_flash,8,5120,2304,384,6,1024,historical_transport_snapshot,valid,1.069819156236898,2.167919995,deepgemm_m256,1.5070295555190962,70.98859822084901,75.08468537834582,256,64,0,1,40,108,0,true,20260916-231507-0428c7,4,20260916-110752-b9953d,11
deepseek_v41_flash,8,5120,2304,384,6,2048,historical_transport_snapshot,valid,1.119057433727837,4.1450639975,deepgemm_m256,1.4032444025957633,79.7478637119643,13.190242366095095,256,64,0,1,40,108,0,true,20260916-231507-0428c7,5,20260916-110752-b9953d,12
deepseek_v41_flash,8,5120,2304,384,6,4096,historical_transport_snapshot,valid,1.0936533973643596,8.482696055,deepgemm_m256,1.3962630829307774,78.32717277525984,17.213772107740578,256,64,0,1,40,108,0,true,20260916-231507-0428c7,6,20260916-152805-73b64d,0
deepseek_v41_flash,8,5120,2304,384,6,8192,historical_transport_snapshot,valid,1.0385633949307567,17.86531165,cutlass_stock,1.3031316145505336,79.69750586466819,17.26559441239859,256,64,0,1,40,108,0,true,20260916-231507-0428c7,7,20260916-152805-73b64d,1
deepseek_v4_flash,4,4096,2048,256,6,1,small_token_external_reference_snapshot,valid,0.0051844566476989574,0.427160002,cutlass_stock,0.006609934897368229,78.43430726924662,,256,64,0,2,40,108,0,,20260916-111015-0569f7,0,20260916-111015-0569f7,0
deepseek_v4_flash,4,4096,2048,256,6,8,small_token_external_reference_snapshot,valid,0.04039005785707361,0.42867200075,cutlass_stock,0.05121904641766827,78.85749673609862,,256,64,0,2,40,108,0,,20260916-111015-0569f7,1,20260916-111015-0569f7,1
deepseek_v4_flash,4,4096,2048,256,6,16,small_token_external_reference_snapshot,valid,0.07782259481703897,0.4423759875,cutlass_stock,0.10094902350343526,77.09098326680763,,256,64,0,2,40,108,0,,20260916-111015-0569f7,2,20260916-111015-0569f7,2
deepseek_v4_flash,4,4096,2048,256,6,32,small_token_external_reference_snapshot,valid,0.15056701701866412,0.45729599899999995,cutlass_stock,0.200035135917613,75.27028505665979,,256,64,0,2,40,108,0,,20260916-111015-0569f7,3,20260916-111015-0569f7,3
deepseek_v4_flash,4,4096,2048,256,6,64,small_token_external_reference_snapshot,valid,0.27484502796488325,0.5003039835,cutlass_stock,0.39242597586636424,70.03741976002075,,256,64,0,2,40,108,0,,20260916-111015-0569f7,4,20260916-111015-0569f7,4
deepseek_v4_flash,4,4096,2048,256,6,96,small_token_external_reference_snapshot,valid,0.38337654305200963,0.5377439855,deepgemm_m128,0.5849329080356939,65.54196862328271,,256,64,0,2,40,108,0,,20260916-111015-0569f7,5,20260916-111015-0569f7,5
deepseek_v4_flash,4,4096,2048,256,6,128,small_token_external_reference_snapshot,valid,0.4558735857742309,0.603264004,deepgemm_m128,0.7583110520035697,60.11696447912048,,256,64,0,2,40,108,0,,20260916-111015-0569f7,6,20260916-111015-0569f7,6
deepseek_v4_flash,4,4096,2048,256,6,192,release_equivalent,valid,0.5064023781461657,0.814207986,deepgemm_m256,1.0240742145915835,49.44977335926056,16.090239380187054,256,64,0,2,40,108,0,true,20260917-004117-491c8e,8,20260916-111015-0569f7,7
deepseek_v4_flash,4,4096,2048,256,6,256,release_equivalent,valid,0.7882901596737483,0.69748799475,deepgemm_m256,1.3078566154071818,60.273439028966166,20.679926871243115,256,64,0,2,40,108,0,true,20260917-004117-491c8e,9,20260916-111015-0569f7,8
deepseek_v4_flash,4,4096,2048,256,6,384,release_equivalent,valid,0.8996423021381963,0.91662399475,deepgemm_m128,1.4028963941249402,64.12749408336389,17.427430567488965,256,64,0,2,40,108,0,true,20260917-004117-491c8e,10,20260916-111015-0569f7,9
deepseek_v4_flash,4,4096,2048,256,6,512,release_equivalent,valid,0.9549449474993227,1.1515279999999999,deepgemm_m256,1.3723752221283383,69.58337137698778,16.39352104334415,256,64,0,2,40,108,0,true,20260917-004117-491c8e,11,20260916-111015-0569f7,10
deepseek_v4_flash,4,4096,2048,256,6,1024,release_equivalent,valid,1.0574624120245548,2.0795919925,deepgemm_m256,1.4322141416396081,73.83409933475205,13.99274574288878,256,64,0,2,40,108,0,true,20260917-004117-491c8e,12,20260916-111015-0569f7,11
deepseek_v4_flash,4,4096,2048,256,6,2048,release_equivalent,valid,1.1255176406491416,3.9076959525,deepgemm_m256,1.3893952439131085,81.0077366811204,13.478227615509454,256,64,0,2,40,108,0,true,20260917-004117-491c8e,13,20260916-111015-0569f7,12
deepseek_v4_flash,4,4096,2048,256,6,4096,release_equivalent,valid,1.0968863654838679,8.019208195000001,deepgemm_m256,1.4039801077280853,78.12691643180362,18.531002049885004,256,64,0,2,40,108,0,true,20260917-004117-491c8e,14,20260916-145815-6cf15a,3
deepseek_v4_flash,4,4096,2048,256,6,8192,release_equivalent,valid,1.0305750526011423,17.070392124999998,cutlass_stock,1.2945292020455557,79.61002741171654,16.14552249191523,256,64,0,2,40,108,0,true,20260917-004117-491c8e,15,20260916-150438-18e6c9,0
deepseek_v4_flash,8,4096,2048,256,6,1,small_token_external_reference_snapshot,valid,0.004933669214594263,0.24483999625000002,deepgemm_m128,0.006629272696455406,74.42248102468673,,256,64,0,2,40,108,0,,20260916-111202-5b4d05,0,20260916-111202-5b4d05,0
deepseek_v4_flash,8,4096,2048,256,6,8,small_token_external_reference_snapshot,valid,0.03521069960302169,0.24586400025,deepgemm_m128,0.047721398680273475,73.7838801392397,,256,64,0,2,40,108,0,,20260916-111202-5b4d05,1,20260916-111202-5b4d05,1
deepseek_v4_flash,8,4096,2048,256,6,16,small_token_external_reference_snapshot,valid,0.06734483187277823,0.25709600025,deepgemm_m128,0.09494454483896488,70.93070169223684,,256,64,0,2,40,108,0,,20260916-111202-5b4d05,2,20260916-111202-5b4d05,2
deepseek_v4_flash,8,4096,2048,256,6,32,small_token_external_reference_snapshot,valid,0.1269950963977411,0.27108800425,deepgemm_m128,0.18907539432791182,67.16637923678985,,256,64,0,2,40,108,0,,20260916-111202-5b4d05,3,20260916-111202-5b4d05,3
deepseek_v4_flash,8,4096,2048,256,6,64,small_token_external_reference_snapshot,valid,0.2240281035448017,0.3073440045,deepgemm_m128,0.37776902989070804,59.30293004951069,,256,64,0,2,40,108,0,,20260916-111202-5b4d05,4,20260916-111202-5b4d05,4
deepseek_v4_flash,8,4096,2048,256,6,96,small_token_external_reference_snapshot,valid,0.30127435082511395,0.342144012,deepgemm_m128,0.5693977408964326,52.911054819220396,,256,64,0,2,40,108,0,,20260916-111202-5b4d05,5,20260916-111202-5b4d05,5
deepseek_v4_flash,8,4096,2048,256,6,128,small_token_external_reference_snapshot,valid,0.34502103369648407,0.3985439985,deepgemm_m128,0.7294596408968568,47.29816625252732,,256,64,0,2,40,108,0,,20260916-111202-5b4d05,6,20260916-111202-5b4d05,6
deepseek_v4_flash,8,4096,2048,256,6,192,historical_transport_snapshot,valid,0.45125473113836856,0.45685599725,deepgemm_m256,0.9960114414641851,45.3061794626578,22.639960047060526,256,64,0,2,40,108,0,true,20260916-231507-0428c7,8,20260916-111202-5b4d05,7
deepseek_v4_flash,8,4096,2048,256,6,256,historical_transport_snapshot,valid,0.6199887273253968,0.443576008,deepgemm_m256,1.2149325135218263,51.03071326391486,23.083305093904016,256,64,0,2,40,108,0,true,20260916-231507-0428c7,9,20260916-111202-5b4d05,8
deepseek_v4_flash,8,4096,2048,256,6,384,historical_transport_snapshot,valid,0.800391455619879,0.5151440055000001,deepgemm_m128,1.4371649450290938,55.69238648551062,24.075595838414543,256,64,0,2,40,108,0,true,20260916-231507-0428c7,10,20260916-111202-5b4d05,9
deepseek_v4_flash,8,4096,2048,256,6,512,historical_transport_snapshot,valid,0.8729010700853798,0.62987999625,deepgemm_m256,1.5466708920846446,56.43741500228664,19.82980766076361,256,64,0,2,40,108,0,true,20260916-231507-0428c7,11,20260916-111202-5b4d05,10
deepseek_v4_flash,8,4096,2048,256,6,1024,historical_transport_snapshot,valid,1.0105255856830133,1.0881919875000001,deepgemm_m256,1.6496733648708948,61.25610118958902,16.03761257247811,256,64,0,2,40,108,0,true,20260916-231507-0428c7,12,20260916-111202-5b4d05,11
deepseek_v4_flash,8,4096,2048,256,6,2048,historical_transport_snapshot,valid,1.1074791643255775,1.9856719975,deepgemm_m256,1.441285520122955,76.83967880500869,24.000340720925163,256,64,0,2,40,108,0,true,20260916-231507-0428c7,13,20260916-111202-5b4d05,12
deepseek_v4_flash,8,4096,2048,256,6,4096,historical_transport_snapshot,valid,1.0549604559464465,4.169047952500001,deepgemm_m256,1.4342205351126611,73.55636250624296,18.188517645744184,256,64,0,2,40,108,0,true,20260916-231507-0428c7,14,20260916-111202-5b4d05,13
deepseek_v4_flash,8,4096,2048,256,6,8192,historical_transport_snapshot,valid,1.041487317512652,8.4457678775,deepgemm_m256,1.4037650128437074,74.19242593907056,17.40782092078046,256,64,0,2,40,108,0,true,20260916-231507-0428c7,15,20260916-152805-73b64d,2
deepseek_v4_pro,4,7168,3072,384,6,1,small_token_external_reference_snapshot,valid,0.006221977322671875,1.359007985,cutlass_stock,0.006858463038223432,90.71970335038172,,256,64,0,4,20,128,0,,20260916-111410-8a63b1,0,20260916-111410-8a63b1,0
deepseek_v4_pro,4,7168,3072,384,6,8,small_token_external_reference_snapshot,valid,0.04868084618654221,1.3895759875,cutlass_stock,0.05441329262278695,89.46498886589318,,256,64,0,4,20,128,0,,20260916-111410-8a63b1,1,20260916-111410-8a63b1,1
deepseek_v4_pro,4,7168,3072,384,6,16,small_token_external_reference_snapshot,valid,0.0945649831733614,1.4306719600000002,cutlass_stock,0.10794164662821992,87.60750472805799,,256,64,0,4,20,128,0,,20260916-111410-8a63b1,2,20260916-111410-8a63b1,2
deepseek_v4_pro,4,7168,3072,384,6,32,small_token_external_reference_snapshot,valid,0.18393888886676746,1.4710480275,cutlass_stock,0.21257002896574956,86.53096100222328,,256,64,0,4,20,128,0,,20260916-111410-8a63b1,3,20260916-111410-8a63b1,3
deepseek_v4_pro,4,7168,3072,384,6,64,small_token_external_reference_snapshot,valid,0.35018395420955173,1.5453760024999998,cutlass_stock,0.42379764683814963,82.6299902376024,,256,64,0,4,20,128,0,,20260916-111410-8a63b1,4,20260916-111410-8a63b1,4
deepseek_v4_pro,4,7168,3072,384,6,96,small_token_external_reference_snapshot,valid,0.4954545693837168,1.6383920325,cutlass_stock,0.6286349948503743,78.81434750568465,,256,64,0,4,20,128,0,,20260916-111410-8a63b1,5,20260916-111410-8a63b1,5
deepseek_v4_pro,4,7168,3072,384,6,128,small_token_external_reference_snapshot,valid,0.6191574163495923,1.748072025,deepgemm_m128,0.8361751485700886,74.04637860959991,,256,64,0,4,20,128,0,,20260916-111410-8a63b1,6,20260916-111410-8a63b1,6
deepseek_v4_pro,4,7168,3072,384,6,192,release_equivalent,valid,0.5839196870867134,2.7803440675,deepgemm_m256,0.9750268185017953,59.88755139924782,10.474385019615905,256,64,0,4,20,128,0,true,20260917-004117-491c8e,16,20260916-111410-8a63b1,7
deepseek_v4_pro,4,7168,3072,384,6,256,release_equivalent,valid,0.9888498447266704,2.18907201,deepgemm_m256,1.173254281164534,84.28265386299468,26.534712076465674,256,64,0,4,20,128,0,true,20260917-004117-491c8e,17,20260916-111410-8a63b1,8
deepseek_v4_pro,4,7168,3072,384,6,384,release_equivalent,valid,1.0927463562218775,2.97140801,cutlass_stock,1.1974497829419044,91.25613213918746,33.43977052818134,256,64,1,8,20,128,0,true,20260917-004117-491c8e,18,20260916-111410-8a63b1,9
deepseek_v4_pro,4,7168,3072,384,6,512,release_equivalent,valid,1.1395916642605612,3.7990160599999996,deepgemm_m256,1.2973834414597571,87.8376914521388,31.76654161077699,256,64,1,8,20,128,0,true,20260917-004117-491c8e,19,20260916-111410-8a63b1,10
deepseek_v4_pro,4,7168,3072,384,6,1024,release_equivalent,valid,1.1478085097361979,7.5436398975,deepgemm_m256,1.3502092344189993,85.00967705424594,30.41481345444883,256,64,1,8,20,128,0,true,20260917-004117-491c8e,20,20260916-150438-18e6c9,1
deepseek_v4_pro,4,7168,3072,384,6,2048,release_equivalent,valid,1.1371300335894894,15.2289603,cutlass_stock,1.3316621941081963,85.39177868235693,25.665201353240107,256,64,1,8,20,128,0,true,20260917-004117-491c8e,21,20260916-150438-18e6c9,2
deepseek_v4_pro,4,7168,3072,384,6,4096,release_equivalent,insufficient_memory,,,cutlass_stock,1.2947384397253818,,,256,64,1,8,20,128,0,true,20260917-004117-491c8e,22,20260916-150438-18e6c9,3
deepseek_v4_pro,4,7168,3072,384,6,8192,release_equivalent,insufficient_memory,,,cutlass_stock,1.2400343717972395,,,256,64,1,8,20,128,0,true,20260917-004117-491c8e,23,20260916-151118-91f449,0
deepseek_v4_pro,8,7168,3072,384,6,1,small_token_external_reference_snapshot,valid,0.005807306466289479,0.72802399125,cutlass_stock,0.006799911177126499,85.40268122654399,,256,64,0,4,20,128,0,,20260916-111647-0d59ae,0,20260916-111647-0d59ae,0
deepseek_v4_pro,8,7168,3072,384,6,8,small_token_external_reference_snapshot,valid,0.04625362100020208,0.7312479915000001,cutlass_stock,0.053605406558239005,86.28536554414589,,256,64,0,4,20,128,0,,20260916-111647-0d59ae,1,20260916-111647-0d59ae,1
deepseek_v4_pro,8,7168,3072,384,6,16,small_token_external_reference_snapshot,valid,0.0883112811463362,0.7659920005,cutlass_stock,0.10660124041034497,82.84263935991326,,256,64,0,4,20,128,0,,20260916-111647-0d59ae,2,20260916-111647-0d59ae,2
deepseek_v4_pro,8,7168,3072,384,6,32,small_token_external_reference_snapshot,valid,0.17021220108338708,0.7948400229999999,cutlass_stock,0.2107054913951296,80.78204319990566,,256,64,0,4,20,128,0,,20260916-111647-0d59ae,3,20260916-111647-0d59ae,3
deepseek_v4_pro,8,7168,3072,384,6,64,small_token_external_reference_snapshot,valid,0.3194935728460897,0.8469119965,cutlass_stock,0.42066674368079304,75.94932987821952,,256,64,0,4,20,128,0,,20260916-111647-0d59ae,4,20260916-111647-0d59ae,4
deepseek_v4_pro,8,7168,3072,384,6,96,small_token_external_reference_snapshot,valid,0.43888183139480896,0.9247920064999999,deepgemm_m128,0.6271701607920762,69.97811101863152,,256,64,0,4,20,128,0,,20260916-111647-0d59ae,5,20260916-111647-0d59ae,5
deepseek_v4_pro,8,7168,3072,384,6,128,small_token_external_reference_snapshot,valid,0.5281315980575837,1.0246799875000001,deepgemm_m128,0.836113158902766,63.1650862606507,,256,64,0,4,20,128,0,,20260916-111647-0d59ae,6,20260916-111647-0d59ae,6
deepseek_v4_pro,8,7168,3072,384,6,192,historical_transport_snapshot,valid,0.5654232953932125,1.4356479925,deepgemm_m256,1.114757857444503,50.72162457678496,17.186387177705043,256,64,0,4,20,128,0,true,20260916-231507-0428c7,16,20260916-111647-0d59ae,7
deepseek_v4_pro,8,7168,3072,384,6,256,historical_transport_snapshot,valid,0.9491141280520395,1.14035997,deepgemm_m256,1.460873234368541,64.96895868328313,38.57027838323719,256,64,0,4,20,128,0,true,20260916-231507-0428c7,17,20260916-111647-0d59ae,8
deepseek_v4_pro,8,7168,3072,384,6,384,historical_transport_snapshot,valid,1.066849633159425,1.521768005,cutlass_stock,1.345799897176096,79.27253044066991,44.8299588214828,256,64,1,8,20,128,0,true,20260916-231507-0428c7,18,20260916-111647-0d59ae,9
deepseek_v4_pro,8,7168,3072,384,6,512,historical_transport_snapshot,valid,1.1113148455977588,1.9478400075,deepgemm_m256,1.4129510086760027,78.65204375621698,39.671429738820564,256,64,1,8,20,128,0,true,20260916-231507-0428c7,19,20260916-111647-0d59ae,10
deepseek_v4_pro,8,7168,3072,384,6,1024,historical_transport_snapshot,valid,1.173094048020046,3.6905199900000003,cutlass_stock,1.348669744414731,86.98156482550307,40.890061944902214,256,64,1,8,20,128,0,true,20260916-231507-0428c7,20,20260916-111647-0d59ae,11
deepseek_v4_pro,8,7168,3072,384,6,2048,historical_transport_snapshot,valid,1.1363110890904877,7.61996794,cutlass_stock,1.3868189557440038,81.93651264889705,33.01410360002117,256,64,1,8,20,128,0,true,20260916-231507-0428c7,21,20260916-152805-73b64d,3
deepseek_v4_pro,8,7168,3072,384,6,4096,historical_transport_snapshot,valid,1.1194736573445552,15.469151974999999,cutlass_stock,1.30819248995496,85.57407766368524,30.366087666547713,256,64,1,8,20,128,0,true,20260916-231507-0428c7,22,20260916-153257-6a82d7,0
deepseek_v4_pro,8,7168,3072,384,6,8192,historical_transport_snapshot,insufficient_memory,,,,,,,256,64,1,8,20,128,0,true,20260916-231507-0428c7,23,,
deepseek_v32,4,7168,2048,256,8,1,small_token_external_reference_snapshot,valid,0.005394107775415514,0.6967039852499999,cutlass_stock,0.006822086244367761,79.06830230809277,,256,64,1,1,40,108,0,,20260916-111910-8ecf06,0,20260916-111910-8ecf06,0
deepseek_v32,4,7168,2048,256,8,8,small_token_external_reference_snapshot,valid,0.0419318079439869,0.7169920055000001,cutlass_stock,0.054067107707702185,77.55511571042194,,256,64,1,1,40,108,0,,20260916-111910-8ecf06,1,20260916-111910-8ecf06,1
deepseek_v32,4,7168,2048,256,8,16,small_token_external_reference_snapshot,valid,0.08109044882226861,0.7415120155,cutlass_stock,0.10664140285579515,76.0403057824759,,256,64,1,1,40,108,0,,20260916-111910-8ecf06,2,20260916-111910-8ecf06,2
deepseek_v32,4,7168,2048,256,8,32,small_token_external_reference_snapshot,valid,0.15997856234757568,0.7517199962500001,cutlass_stock,0.2110015762758899,75.81865745798963,,256,64,1,1,40,108,0,,20260916-111910-8ecf06,3,20260916-111910-8ecf06,3
deepseek_v32,4,7168,2048,256,8,64,small_token_external_reference_snapshot,valid,0.29245886647987296,0.822399989,cutlass_stock,0.4215652781280881,69.37451485058324,,256,64,1,1,40,108,0,,20260916-111910-8ecf06,4,20260916-111910-8ecf06,4
deepseek_v32,4,7168,2048,256,8,96,small_token_external_reference_snapshot,valid,0.40169199602461964,0.8981439920000001,deepgemm_m128,0.6235779454815131,64.41728719485772,,256,64,1,1,40,108,0,,20260916-111910-8ecf06,5,20260916-111910-8ecf06,5
deepseek_v32,4,7168,2048,256,8,128,small_token_external_reference_snapshot,valid,0.5018783416780224,0.9584719985000001,deepgemm_m128,0.8297621145368598,60.48460551349116,,256,64,1,1,40,108,0,,20260916-111910-8ecf06,6,20260916-111910-8ecf06,6
deepseek_v32,4,7168,2048,256,8,192,release_equivalent,valid,0.5290051156487735,1.363983985,deepgemm_m256,1.0594891891553815,49.930204202507554,16.635972269131894,256,64,1,1,40,108,0,true,20260917-004117-491c8e,24,20260916-111910-8ecf06,7
deepseek_v32,4,7168,2048,256,8,256,release_equivalent,valid,0.843562296501941,1.1404879975,deepgemm_m256,1.342012531954159,62.85800440876626,24.005865305040164,256,64,1,1,40,108,0,true,20260917-004117-491c8e,25,20260916-111910-8ecf06,8
deepseek_v32,4,7168,2048,256,8,384,release_equivalent,valid,0.9463506434995823,1.5249199875,deepgemm_m128,1.293952502422363,73.13642824817391,18.668523091936983,256,64,1,8,40,108,0,true,20260917-004117-491c8e,26,20260916-111910-8ecf06,9
deepseek_v32,4,7168,2048,256,8,512,release_equivalent,valid,1.0042470208957595,1.9160080224999998,deepgemm_m256,1.4453782553168475,69.47987609482988,20.281333399270785,256,64,1,8,40,108,0,true,20260917-004117-491c8e,27,20260916-111910-8ecf06,10
deepseek_v32,4,7168,2048,256,8,1024,release_equivalent,valid,1.0912208575080244,3.526591955,deepgemm_m256,1.3582803180207708,80.33841343575571,17.49088313507483,256,64,1,8,40,108,0,true,20260917-004117-491c8e,28,20260916-111910-8ecf06,11
deepseek_v32,4,7168,2048,256,8,2048,release_equivalent,valid,1.0774334932399074,7.14343989,deepgemm_m256,1.3680515430816762,78.75679090371685,11.429676249435072,256,64,1,8,40,108,0,true,20260917-004117-491c8e,29,20260916-151118-91f449,1
deepseek_v32,4,7168,2048,256,8,4096,release_equivalent,valid,1.0848598209936091,14.18908,cutlass_stock,1.2985417378962556,83.54447064221218,9.492089162933738,256,64,1,8,40,108,0,true,20260917-004117-491c8e,30,20260916-151118-91f449,2
deepseek_v32,4,7168,2048,256,8,8192,release_equivalent,insufficient_memory,,,cutlass_stock,1.2853655727742301,,,256,64,1,8,40,108,0,true,20260917-004117-491c8e,31,20260916-151118-91f449,3
deepseek_v32,8,7168,2048,256,8,1,small_token_external_reference_snapshot,valid,0.005000128358172313,0.375799991,deepgemm_m128,0.006372592788423615,78.46301378703333,,256,64,1,1,40,108,0,,20260916-112057-f47782,0,20260916-112057-f47782,0
deepseek_v32,8,7168,2048,256,8,8,small_token_external_reference_snapshot,valid,0.03871851340072731,0.38824800375,deepgemm_m128,0.05095723884598014,75.98236144182621,,256,64,1,1,40,108,0,,20260916-112057-f47782,1,20260916-112057-f47782,1
deepseek_v32,8,7168,2048,256,8,16,small_token_external_reference_snapshot,valid,0.07380248788276783,0.407367989,deepgemm_m128,0.10190618494666065,72.42199079613985,,256,64,1,1,40,108,0,,20260916-112057-f47782,2,20260916-112057-f47782,2
deepseek_v32,8,7168,2048,256,8,32,small_token_external_reference_snapshot,valid,0.1394651028043185,0.431143999,deepgemm_m128,0.20451668606713072,68.19253014814663,,256,64,1,1,40,108,0,,20260916-112057-f47782,3,20260916-112057-f47782,3
deepseek_v32,8,7168,2048,256,8,64,small_token_external_reference_snapshot,valid,0.24822301416250325,0.48447999350000004,deepgemm_m128,0.4078238138400811,60.86525743193562,,256,64,1,1,40,108,0,,20260916-112057-f47782,4,20260916-112057-f47782,4
deepseek_v32,8,7168,2048,256,8,96,small_token_external_reference_snapshot,valid,0.3297781070123874,0.54700000575,deepgemm_m128,0.6117688926467343,53.90566780629326,,256,64,1,1,40,108,0,,20260916-112057-f47782,5,20260916-112057-f47782,5
deepseek_v32,8,7168,2048,256,8,128,small_token_external_reference_snapshot,valid,0.3953393965597186,0.608384013,deepgemm_m128,0.8180222168305423,48.3286869752115,,256,64,1,1,40,108,0,,20260916-112057-f47782,6,20260916-112057-f47782,6
deepseek_v32,8,7168,2048,256,8,192,historical_transport_snapshot,valid,0.47868250036414023,0.75368799275,deepgemm_m256,1.090304094842612,43.903577233949505,25.156297111514526,256,64,1,1,40,108,0,true,20260916-231507-0428c7,24,20260916-112057-f47782,7
deepseek_v32,8,7168,2048,256,8,256,historical_transport_snapshot,valid,0.7419736317601233,0.6483199895,deepgemm_m256,1.431996723326968,51.813919660115616,31.290724377703285,256,64,1,1,40,108,0,true,20260916-231507-0428c7,25,20260916-112057-f47782,8
deepseek_v32,8,7168,2048,256,8,384,historical_transport_snapshot,valid,0.847746685745526,0.85114400075,deepgemm_m128,1.4149015816312531,59.91559390075394,24.075833122178068,256,64,1,8,40,108,0,true,20260916-231507-0428c7,26,20260916-112057-f47782,9
deepseek_v32,8,7168,2048,256,8,512,historical_transport_snapshot,valid,0.9392232281294852,1.024328025,deepgemm_m256,1.5907707199203553,59.042023867305595,23.765824673204648,256,64,1,8,40,108,0,true,20260916-231507-0428c7,27,20260916-112057-f47782,10
deepseek_v32,8,7168,2048,256,8,1024,historical_transport_snapshot,valid,1.050517866654491,1.831616015,deepgemm_m256,1.4877473983435312,70.61130591282803,17.960970110866835,256,64,1,8,40,108,0,true,20260916-231507-0428c7,28,20260916-112057-f47782,11
deepseek_v32,8,7168,2048,256,8,2048,historical_transport_snapshot,valid,1.0932395663582322,3.5200799675,deepgemm_m256,1.3947286787386126,78.38367296978176,14.910572553633305,256,64,1,8,40,108,0,true,20260916-231507-0428c7,29,20260916-112057-f47782,12
deepseek_v32,8,7168,2048,256,8,4096,historical_transport_snapshot,valid,1.061208650777196,7.2526561,deepgemm_m256,1.3895093686375093,76.37290361113361,9.610491286082068,256,64,1,8,40,108,0,true,20260916-231507-0428c7,30,20260916-112057-f47782,13
deepseek_v32,8,7168,2048,256,8,8192,historical_transport_snapshot,valid,1.0679207193397098,14.414143775,cutlass_stock,1.3052167859112422,81.81941351559746,8.393924355732318,256,64,1,8,40,108,0,true,20260916-231507-0428c7,31,20260916-153257-6a82d7,2
glm5/glm52/glm53,4,6144,2048,256,8,1,small_token_external_reference_snapshot,valid,0.005358848916144175,0.60110399125,cutlass_stock,0.006765233767360452,79.2115852965566,,256,64,1,1,40,108,0,,20260916-112348-da320e,0,20260916-112348-da320e,0
glm5/glm52/glm53,4,6144,2048,256,8,8,small_token_external_reference_snapshot,valid,0.04293765011382644,0.6001680042499999,cutlass_stock,0.05375787144544086,79.87230327265486,,256,64,1,1,40,108,0,,20260916-112348-da320e,1,20260916-112348-da320e,1
glm5/glm52/glm53,4,6144,2048,256,8,16,small_token_external_reference_snapshot,valid,0.08373561803834689,0.6155039965,cutlass_stock,0.10728120546701318,78.05245818578533,,256,64,1,1,40,108,0,,20260916-112348-da320e,2,20260916-112348-da320e,2
glm5/glm52/glm53,4,6144,2048,256,8,32,small_token_external_reference_snapshot,valid,0.1597513138250801,0.6452479959999999,cutlass_stock,0.21240483324325637,75.21077151861468,,256,64,1,1,40,108,0,,20260916-112348-da320e,3,20260916-112348-da320e,3
glm5/glm52/glm53,4,6144,2048,256,8,64,small_token_external_reference_snapshot,valid,0.2932318733293692,0.70305600775,cutlass_stock,0.41761556503469793,70.21574334879155,,256,64,1,1,40,108,0,,20260916-112348-da320e,4,20260916-112348-da320e,4
glm5/glm52/glm53,4,6144,2048,256,8,96,small_token_external_reference_snapshot,valid,0.3993997297073649,0.7742560205,cutlass_stock,0.6161094488238,64.82610037386206,,256,64,1,1,40,108,0,,20260916-112348-da320e,5,20260916-112348-da320e,5
glm5/glm52/glm53,4,6144,2048,256,8,128,small_token_external_reference_snapshot,valid,0.49516368487998536,0.832688004,deepgemm_m128,0.8183098139971767,60.51053970149426,,256,64,1,1,40,108,0,,20260916-112348-da320e,6,20260916-112348-da320e,6
glm5/glm52/glm53,4,6144,2048,256,8,192,release_equivalent,valid,0.5269359722136967,1.1737200025,deepgemm_m256,1.0586414550993817,49.774734370687355,16.391642988975995,256,64,1,1,40,108,0,true,20260917-004236-2edc7e,0,20260916-112348-da320e,7
glm5/glm52/glm53,4,6144,2048,256,8,256,release_equivalent,valid,0.8518168879439514,0.96808801575,deepgemm_m256,1.3624724328564362,62.519935626008184,24.668832571487176,256,64,1,1,40,108,0,true,20260917-004236-2edc7e,1,20260916-112348-da320e,8
glm5/glm52/glm53,4,6144,2048,256,8,384,release_equivalent,valid,0.9385057609858285,1.3179999875,deepgemm_m128,1.3029419499496155,72.02974476507724,19.33960697400994,256,64,1,4,40,108,0,true,20260917-004236-2edc7e,2,20260916-112348-da320e,9
glm5/glm52/glm53,4,6144,2048,256,8,512,release_equivalent,valid,0.9929125511754879,1.6610399775,deepgemm_m256,1.3865448680671952,71.61056046888554,19.081542545233532,256,64,1,4,40,108,0,true,20260917-004236-2edc7e,3,20260916-112348-da320e,10
glm5/glm52/glm53,4,6144,2048,256,8,1024,release_equivalent,valid,1.046688747015734,3.1513999675,deepgemm_m256,1.3509151465947051,77.47997715875462,16.660026271324103,256,64,1,4,40,108,0,true,20260917-004236-2edc7e,4,20260916-112348-da320e,11
glm5/glm52/glm53,4,6144,2048,256,8,2048,release_equivalent,valid,1.0569530719086304,6.2415919325,deepgemm_m256,1.3758525568519973,76.82168170163372,10.780583820231971,256,64,1,4,40,108,0,true,20260917-004236-2edc7e,5,20260916-112348-da320e,12
glm5/glm52/glm53,4,6144,2048,256,8,4096,release_equivalent,valid,1.0790485598785349,12.2275679,cutlass_stock,1.339247686924267,80.57124685850242,9.41407264645,256,64,1,4,40,108,0,true,20260917-004236-2edc7e,6,20260916-152142-36a5c8,0
glm5/glm52/glm53,4,6144,2048,256,8,8192,release_equivalent,insufficient_memory,,,cutlass_stock,1.290054362391893,,,256,64,1,4,40,108,0,true,20260917-004236-2edc7e,7,20260916-152142-36a5c8,1
glm5/glm52/glm53,8,6144,2048,256,8,1,small_token_external_reference_snapshot,valid,0.004808143848209203,0.334975988,deepgemm_m128,0.006291259238409796,76.42577846505225,,256,64,1,1,40,108,0,,20260916-112610-b37f78,0,20260916-112610-b37f78,0
glm5/glm52/glm53,8,6144,2048,256,8,8,small_token_external_reference_snapshot,valid,0.03881649239673643,0.3319440035,deepgemm_m128,0.050330073907278366,77.12385336100823,,256,64,1,1,40,108,0,,20260916-112610-b37f78,1,20260916-112610-b37f78,1
glm5/glm52/glm53,8,6144,2048,256,8,16,small_token_external_reference_snapshot,valid,0.07355235882512623,0.35035999100000004,deepgemm_m128,0.10066014781455673,73.06998889036961,,256,64,1,1,40,108,0,,20260916-112610-b37f78,2,20260916-112610-b37f78,2
glm5/glm52/glm53,8,6144,2048,256,8,32,small_token_external_reference_snapshot,valid,0.1398010301868256,0.368664004,deepgemm_m128,0.20133916940623883,69.43558503748037,,256,64,1,1,40,108,0,,20260916-112610-b37f78,3,20260916-112610-b37f78,3
glm5/glm52/glm53,8,6144,2048,256,8,64,small_token_external_reference_snapshot,valid,0.24430986089491302,0.42191999425,deepgemm_m128,0.4030688471741607,60.61243943999224,,256,64,1,1,40,108,0,,20260916-112610-b37f78,4,20260916-112610-b37f78,4
glm5/glm52/glm53,8,6144,2048,256,8,96,small_token_external_reference_snapshot,valid,0.32469303405784655,0.4761999995,deepgemm_m128,0.6062341940163333,53.559010241032134,,256,64,1,1,40,108,0,,20260916-112610-b37f78,5,20260916-112610-b37f78,5
glm5/glm52/glm53,8,6144,2048,256,8,128,small_token_external_reference_snapshot,valid,0.38929547043495993,0.52956801675,deepgemm_m128,0.8051553746335818,48.35035357146123,,256,64,1,1,40,108,0,,20260916-112610-b37f78,6,20260916-112610-b37f78,6
glm5/glm52/glm53,8,6144,2048,256,8,192,historical_transport_snapshot,valid,0.4754108546268033,0.65046399825,deepgemm_m256,1.078565442983657,44.07807219482805,25.02336900088382,256,64,1,1,40,108,0,true,20260916-231647-6b82a4,0,20260916-112610-b37f78,7
glm5/glm52/glm53,8,6144,2048,256,8,256,historical_transport_snapshot,valid,0.7292893337245347,0.5653680114999999,deepgemm_m256,1.4217823177438074,51.29402192044608,30.16088185597676,256,64,1,1,40,108,0,true,20260916-231647-6b82a4,1,20260916-112610-b37f78,8
glm5/glm52/glm53,8,6144,2048,256,8,384,historical_transport_snapshot,valid,0.8433539058270563,0.73335202025,deepgemm_m128,1.4201107946489155,59.386486533647755,25.141539316568085,256,64,1,4,40,108,0,true,20260916-231647-6b82a4,2,20260916-112610-b37f78,9
glm5/glm52/glm53,8,6144,2048,256,8,512,historical_transport_snapshot,valid,0.9196685860197543,0.8966640084999999,deepgemm_m256,1.6232180633433457,56.65711876847347,22.3040048562404,256,64,1,4,40,108,0,true,20260916-231647-6b82a4,3,20260916-112610-b37f78,10
glm5/glm52/glm53,8,6144,2048,256,8,1024,historical_transport_snapshot,valid,1.0087509275121267,1.634960025,deepgemm_m256,1.4342952358564538,70.33077307195936,17.067571116914593,256,64,1,4,40,108,0,true,20260916-231647-6b82a4,4,20260916-112610-b37f78,11
glm5/glm52/glm53,8,6144,2048,256,8,2048,historical_transport_snapshot,valid,1.074071874714255,3.0710560075,deepgemm_m256,1.4149369313505664,75.90952295584273,13.864938524733205,256,64,1,4,40,108,0,true,20260916-231647-6b82a4,5,20260916-112610-b37f78,12
glm5/glm52/glm53,8,6144,2048,256,8,4096,historical_transport_snapshot,valid,1.06918248679472,6.1701999875,deepgemm_m256,1.3867290841861821,77.1010357385114,10.279731147855276,256,64,1,4,40,108,0,true,20260916-231647-6b82a4,6,20260916-112610-b37f78,13
glm5/glm52/glm53,8,6144,2048,256,8,8192,historical_transport_snapshot,valid,1.078955359036518,12.228624125,deepgemm_m256,1.31387777298328,82.11991870344613,9.50438506506961,256,64,1,4,40,108,0,true,20260916-231647-6b82a4,7,20260916-153257-6a82d7,3
glm53_flash,4,4096,2048,288,8,1,small_token_external_reference_snapshot,valid,0.005525485721695968,0.43723198750000003,cutlass_stock,0.006412764248958772,86.16386798552793,,256,64,1,4,20,128,0,,20260916-112848-3a78f8,0,20260916-112848-3a78f8,0
glm53_flash,4,4096,2048,288,8,8,small_token_external_reference_snapshot,valid,0.04378172065129372,0.44144799575000004,cutlass_stock,0.05098058766698698,85.87919962257524,,256,64,1,4,20,128,0,,20260916-112848-3a78f8,1,20260916-112848-3a78f8,1
glm53_flash,4,4096,2048,288,8,16,small_token_external_reference_snapshot,valid,0.08501369118533615,0.45468800524999997,cutlass_stock,0.10065281179080934,84.4623112586496,,256,64,1,4,20,128,0,,20260916-112848-3a78f8,2,20260916-112848-3a78f8,2
glm53_flash,4,4096,2048,288,8,32,small_token_external_reference_snapshot,valid,0.1644265379421597,0.47017599649999997,cutlass_stock,0.20017973104277298,82.13945392254834,,256,64,1,4,20,128,0,,20260916-112848-3a78f8,3,20260916-112848-3a78f8,3
glm53_flash,4,4096,2048,288,8,64,small_token_external_reference_snapshot,valid,0.30124148984983923,0.5132720022499999,cutlass_stock,0.3932079991627978,76.6112313308046,,256,64,1,4,20,128,0,,20260916-112848-3a78f8,4,20260916-112848-3a78f8,4
glm53_flash,4,4096,2048,288,8,96,small_token_external_reference_snapshot,valid,0.40911954101761705,0.5668960064999999,deepgemm_m128,0.5828396953102567,70.19417934460262,,256,64,1,4,20,128,0,,20260916-112848-3a78f8,5,20260916-112848-3a78f8,5
glm53_flash,4,4096,2048,288,8,128,small_token_external_reference_snapshot,valid,0.4623823761337267,0.6687920242500001,deepgemm_m128,0.782088121298072,59.1215188598296,,256,64,1,4,20,128,0,,20260916-112848-3a78f8,6,20260916-112848-3a78f8,6
glm53_flash,4,4096,2048,288,8,192,release_equivalent,valid,0.5615532603829929,0.82602399575,deepgemm_m256,1.0131763759196972,55.425025072584276,33.89054079425631,256,64,1,4,20,128,0,true,20260917-004236-2edc7e,8,20260916-112848-3a78f8,7
glm53_flash,4,4096,2048,288,8,256,release_equivalent,valid,0.9051140301629155,0.6833120137500001,deepgemm_m256,1.3539775639636031,66.84852498687684,59.46214402409955,256,64,1,4,20,128,0,true,20260917-004236-2edc7e,9,20260916-112848-3a78f8,8
glm53_flash,4,4096,2048,288,8,384,release_equivalent,valid,1.0032192352279243,0.92473599325,deepgemm_m128,1.402345033660233,71.53868777995682,70.98501507905914,256,64,1,8,20,128,0,true,20260917-004236-2edc7e,10,20260916-112848-3a78f8,9
glm53_flash,4,4096,2048,288,8,512,release_equivalent,valid,1.0507565361726612,1.1771999875,deepgemm_m256,1.4378598810917929,73.07781168320815,75.68536076798085,256,64,1,8,20,128,0,true,20260917-004236-2edc7e,11,20260916-112848-3a78f8,10
glm53_flash,4,4096,2048,288,8,1024,release_equivalent,valid,1.133195250981519,2.1831199525000002,deepgemm_m256,1.3638725656136916,83.08659324572774,85.64403677676518,256,64,1,8,20,128,0,true,20260917-004236-2edc7e,12,20260916-112848-3a78f8,11
glm53_flash,4,4096,2048,288,8,2048,release_equivalent,valid,1.1822864118340282,4.184943915,deepgemm_m256,1.3951493492865543,84.74264152713262,89.70901829875537,256,64,1,8,20,128,0,true,20260917-004236-2edc7e,13,20260916-112848-3a78f8,12
glm53_flash,4,4096,2048,288,8,4096,release_equivalent,valid,1.1474133151919454,8.6242721075,deepgemm_m256,1.4035729221513196,81.74946218207553,82.59312355538408,256,64,1,8,20,128,0,true,20260917-004236-2edc7e,14,20260916-152142-36a5c8,2
glm53_flash,4,4096,2048,288,8,8192,release_equivalent,valid,1.138069445893297,17.3901596,cutlass_stock,1.2818426122646354,88.78386745800766,81.20979148460484,256,64,1,8,20,128,0,true,20260917-004236-2edc7e,15,20260916-152142-36a5c8,3
glm53_flash,8,4096,2048,288,8,1,small_token_external_reference_snapshot,valid,0.005118906522646121,0.262199998,cutlass_stock,0.006720564230910848,76.1678089333929,,256,64,1,4,20,128,0,,20260916-113039-a85e38,0,20260916-113039-a85e38,0
glm53_flash,8,4096,2048,288,8,8,small_token_external_reference_snapshot,valid,0.03658155546030136,0.264168002,cutlass_stock,0.04862178267242545,75.23696880214887,,256,64,1,4,20,128,0,,20260916-113039-a85e38,1,20260916-113039-a85e38,1
glm53_flash,8,4096,2048,288,8,16,small_token_external_reference_snapshot,valid,0.06789722552241415,0.28465600300000005,cutlass_stock,0.09477165816425658,71.64296461367792,,256,64,1,4,20,128,0,,20260916-113039-a85e38,2,20260916-113039-a85e38,2
glm53_flash,8,4096,2048,288,8,32,small_token_external_reference_snapshot,valid,0.13380516555737432,0.28888799249999997,cutlass_stock,0.19154958208126857,69.85406290294327,,256,64,1,4,20,128,0,,20260916-113039-a85e38,3,20260916-113039-a85e38,3
glm53_flash,8,4096,2048,288,8,64,small_token_external_reference_snapshot,valid,0.23742509825620833,0.32561600225,deepgemm_m128,0.3793098312240303,62.59397429537725,,256,64,1,4,20,128,0,,20260916-113039-a85e38,4,20260916-113039-a85e38,4
glm53_flash,8,4096,2048,288,8,96,small_token_external_reference_snapshot,valid,0.3188841026441557,0.36365599925000003,deepgemm_m128,0.5710042676474382,55.84618552116461,,256,64,1,4,20,128,0,,20260916-113039-a85e38,5,20260916-113039-a85e38,5
glm53_flash,8,4096,2048,288,8,128,small_token_external_reference_snapshot,valid,0.37459739573592654,0.41276000425000003,deepgemm_m128,0.7619393234889698,49.16367802368051,,256,64,1,4,20,128,0,,20260916-113039-a85e38,6,20260916-113039-a85e38,6
glm53_flash,8,4096,2048,288,8,192,historical_transport_snapshot,valid,0.4910820618994437,0.4722799955,deepgemm_m256,0.9956052544236863,49.32497691403912,32.28763126809169,256,64,1,4,20,128,0,true,20260916-231647-6b82a4,8,20260916-113039-a85e38,7
glm53_flash,8,4096,2048,288,8,256,historical_transport_snapshot,valid,0.808185508353173,0.38263200975,deepgemm_m256,1.324426283096235,61.02155466620628,60.08906381100283,256,64,1,4,20,128,0,true,20260916-231647-6b82a4,9,20260916-113039-a85e38,8
glm53_flash,8,4096,2048,288,8,384,historical_transport_snapshot,valid,0.9093798214572061,0.5100800095,deepgemm_m128,1.4067169467572096,64.64554390657806,73.87233296387394,256,64,1,8,20,128,0,true,20260916-231647-6b82a4,10,20260916-113039-a85e38,9
glm53_flash,8,4096,2048,288,8,512,historical_transport_snapshot,valid,0.9770788501748128,0.6329840120000001,deepgemm_m256,1.6015041830442278,61.01007168882489,77.32390845916022,256,64,1,8,20,128,0,true,20260916-231647-6b82a4,11,20260916-113039-a85e38,10
glm53_flash,8,4096,2048,288,8,1024,historical_transport_snapshot,valid,1.1015168903185186,1.1229519875,deepgemm_m128,1.5477359649432807,71.16956091143656,93.03122855018768,256,64,1,8,20,128,0,true,20260916-231647-6b82a4,12,20260916-113039-a85e38,11
glm53_flash,8,4096,2048,288,8,2048,historical_transport_snapshot,valid,1.1768914802374657,2.1020639575,deepgemm_m256,1.5024664413778843,78.33063340557278,103.1968607453753,256,64,1,8,20,128,0,true,20260916-231647-6b82a4,13,20260916-113039-a85e38,12
glm53_flash,8,4096,2048,288,8,4096,historical_transport_snapshot,valid,1.1840292080642683,4.1787840124999995,deepgemm_m256,1.4261624175540593,83.02204527973316,102.43458550850382,256,64,1,8,20,128,0,true,20260916-231647-6b82a4,14,20260916-113039-a85e38,13
glm53_flash,8,4096,2048,288,8,8192,historical_transport_snapshot,valid,1.1339390189834193,8.7267520425,deepgemm_m256,1.3957759088281567,81.24076449603102,92.79722676960658,256,64,1,8,20,128,0,true,20260916-231647-6b82a4,15,20260916-153748-f63c87,0
glm47/glm45,4,5120,1536,160,8,1,small_token_external_reference_snapshot,valid,0.005118833677204194,0.24581599625,deepgemm_m128,0.006079641238455789,84.19631153275688,,256,64,0,1,20,128,0,,20260916-132640-a7cdcd,0,20260916-132640-a7cdcd,0
glm47/glm45,4,5120,1536,160,8,8,small_token_external_reference_snapshot,valid,0.039631217649410466,0.254000008,deepgemm_m128,0.048410710987996305,81.86456435072239,,256,64,0,1,20,128,0,,20260916-132640-a7cdcd,1,20260916-132640-a7cdcd,1
glm47/glm45,4,5120,1536,160,8,16,small_token_external_reference_snapshot,valid,0.07735713766191474,0.26025599975,deepgemm_m128,0.09723291839591,79.55858873528237,,256,64,0,1,20,128,0,,20260916-132640-a7cdcd,2,20260916-132640-a7cdcd,2
glm47/glm45,4,5120,1536,160,8,32,small_token_external_reference_snapshot,valid,0.1414207643521312,0.2847199885,deepgemm_m128,0.19443578298994185,72.73391871466727,,256,64,0,1,20,128,0,,20260916-132640-a7cdcd,3,20260916-132640-a7cdcd,3
glm47/glm45,4,5120,1536,160,8,64,small_token_external_reference_snapshot,valid,0.2442276137081137,0.3297360015,deepgemm_m128,0.38891665034069567,62.79690352525853,,256,64,0,1,20,128,0,,20260916-132640-a7cdcd,4,20260916-132640-a7cdcd,4
glm47/glm45,4,5120,1536,160,8,96,small_token_external_reference_snapshot,valid,0.311162970824079,0.388208002,deepgemm_m128,0.5835553334922189,53.32193075195808,,256,64,0,1,20,128,0,,20260916-132640-a7cdcd,5,20260916-132640-a7cdcd,5
glm47/glm45,4,5120,1536,160,8,128,small_token_external_reference_snapshot,valid,0.344112722304754,0.46804800625,deepgemm_m128,0.7781339236063278,44.22281459082703,,256,64,0,1,20,128,0,,20260916-132640-a7cdcd,6,20260916-132640-a7cdcd,6
glm47/glm45,4,5120,1536,160,8,192,release_equivalent,valid,0.5024455636270735,0.48083201025,deepgemm_m256,1.0074725424905373,49.87188657122065,64.41999828358975,256,64,0,1,20,128,0,true,20260917-004236-2edc7e,16,20260916-132640-a7cdcd,7
glm47/glm45,4,5120,1536,160,8,256,release_equivalent,valid,0.8170058778735463,0.394272007,deepgemm_m256,1.327180173076304,61.55953008096768,98.99967289587464,256,64,0,1,20,128,0,true,20260917-004236-2edc7e,17,20260916-132640-a7cdcd,8
glm47/glm45,4,5120,1536,160,8,384,release_equivalent,valid,0.9004812233458962,0.5365840045000001,deepgemm_m128,1.3592739597871721,66.24722094189819,106.69568570786568,256,64,0,8,20,128,0,true,20260917-004236-2edc7e,18,20260916-132640-a7cdcd,9
glm47/glm45,4,5120,1536,160,8,512,release_equivalent,valid,0.9860370925122954,0.6533680115,deepgemm_m256,1.4943798731985656,65.98302815747813,121.78863473483656,256,64,0,8,20,128,0,true,20260917-004236-2edc7e,19,20260916-132640-a7cdcd,10
glm47/glm45,4,5120,1536,160,8,1024,release_equivalent,valid,1.0064505310126355,1.2802320125,deepgemm_m128,1.5458864616386674,65.10507440150423,24.261852107060932,256,64,0,8,40,108,0,true,20260917-004236-2edc7e,20,20260916-132640-a7cdcd,11
glm47/glm45,4,5120,1536,160,8,2048,release_equivalent,valid,1.1731848788360701,2.1965680125000002,deepgemm_m256,1.386899003134533,84.59050559446311,149.54091877908562,256,64,0,8,20,128,0,true,20260917-004236-2edc7e,21,20260916-132640-a7cdcd,12
glm47/glm45,4,5120,1536,160,8,4096,release_equivalent,valid,1.1108554807327469,4.6396321075,deepgemm_m256,1.4035504597970936,79.1461021567646,26.6038318103867,256,64,0,8,40,108,0,true,20260917-004236-2edc7e,22,20260916-132640-a7cdcd,13
glm47/glm45,4,5120,1536,160,8,8192,release_equivalent,valid,1.1413678488315468,9.03120017,deepgemm_m256,1.3681725536197193,83.42279969086323,139.72618635912704,256,64,0,8,20,128,0,true,20260917-004236-2edc7e,23,20260916-132640-a7cdcd,14
glm47/glm45,8,5120,1536,160,8,1,small_token_external_reference_snapshot,valid,0.004851523735183001,0.15561600050000002,deepgemm_m128,0.006578726967955264,73.74563131764846,,256,64,0,1,20,128,0,,20260916-133749-f05896,0,20260916-133749-f05896,0
glm47/glm45,8,5120,1536,160,8,8,small_token_external_reference_snapshot,valid,0.031119631944774767,0.16173600025,deepgemm_m128,0.04383373405783836,70.99470901500793,,256,64,0,1,20,128,0,,20260916-133749-f05896,1,20260916-133749-f05896,1
glm47/glm45,8,5120,1536,160,8,16,small_token_external_reference_snapshot,valid,0.06063469618150896,0.166015998,cutlass_stock,0.09043346249633136,67.04896009479761,,256,64,0,1,20,128,0,,20260916-133749-f05896,2,20260916-133749-f05896,2
glm47/glm45,8,5120,1536,160,8,32,small_token_external_reference_snapshot,valid,0.10683402912142595,0.18844800075,cutlass_stock,0.178531665392103,59.84038119332502,,256,64,0,1,20,128,0,,20260916-133749-f05896,3,20260916-133749-f05896,3
glm47/glm45,8,5120,1536,160,8,64,small_token_external_reference_snapshot,valid,0.17623742993270292,0.22847200175,deepgemm_m128,0.3562798109343776,49.46601646343741,,256,64,0,1,20,128,0,,20260916-133749-f05896,4,20260916-133749-f05896,4
glm47/glm45,8,5120,1536,160,8,96,small_token_external_reference_snapshot,valid,0.2216992780247902,0.27243199949999997,deepgemm_m128,0.5266653006482013,42.09490880677547,,256,64,0,1,20,128,0,,20260916-133749-f05896,5,20260916-133749-f05896,5
glm47/glm45,8,5120,1536,160,8,128,small_token_external_reference_snapshot,valid,0.2568793111973381,0.31349600099999997,deepgemm_m128,0.7021714163265308,36.58356139605111,,256,64,0,1,20,128,0,,20260916-133749-f05896,6,20260916-133749-f05896,6
glm47/glm45,8,5120,1536,160,8,192,historical_transport_snapshot,valid,0.4256016280399293,0.283823997,deepgemm_m256,0.8805397166086301,48.334177324689,66.32279440416733,256,64,0,1,20,128,0,true,20260916-231647-6b82a4,16,20260916-133749-f05896,7
glm47/glm45,8,5120,1536,160,8,256,historical_transport_snapshot,valid,0.6719173443572657,0.23970399775,deepgemm_m256,1.1735738663226103,57.253945715638366,93.9492070903519,256,64,0,1,20,128,0,true,20260916-231647-6b82a4,17,20260916-133749-f05896,8
glm47/glm45,8,5120,1536,160,8,384,historical_transport_snapshot,valid,0.78381926910299,0.308224,deepgemm_m128,1.3548223032169395,57.85402759032391,108.99086459847385,256,64,0,8,20,128,0,true,20260916-231647-6b82a4,18,20260916-133749-f05896,9
glm47/glm45,8,5120,1536,160,8,512,historical_transport_snapshot,valid,0.869849161072905,0.37032000675,deepgemm_m256,1.5569899909794793,55.86735727990748,120.3845324649071,256,64,0,8,20,128,0,true,20260916-231647-6b82a4,19,20260916-133749-f05896,10
glm47/glm45,8,5120,1536,160,8,1024,historical_transport_snapshot,valid,0.929786144592565,0.6928959935,deepgemm_m256,1.6641655716132737,55.871011902452274,32.72987690467863,256,64,0,8,40,108,0,true,20260916-231647-6b82a4,20,20260916-133749-f05896,11
glm47/glm45,8,5120,1536,160,8,2048,historical_transport_snapshot,valid,1.1140635050776393,1.15656799,deepgemm_m256,1.58956687896705,70.08597875426244,158.75314018504002,256,64,0,8,20,128,0,true,20260916-231647-6b82a4,21,20260916-133749-f05896,12
glm47/glm45,8,5120,1536,160,8,4096,historical_transport_snapshot,valid,0.9153653323188058,2.8152479525,cutlass_stock,1.432687302180747,63.89149474037315,8.430659448281762,256,64,0,8,64,84,0,true,20260916-231647-6b82a4,22,20260916-133749-f05896,13
glm47/glm45,8,5120,1536,160,8,8192,historical_transport_snapshot,valid,1.1760782663865998,4.3823280325,deepgemm_m256,1.426015087393242,82.47305914108335,166.10039489324788,256,64,0,8,20,128,0,true,20260916-231647-6b82a4,23,20260916-133749-f05896,14
glm45_air,4,4096,1408,128,8,1,small_token_external_reference_snapshot,valid,0.003854253631565875,0.19152800375,deepgemm_m128,0.0056337192209372595,68.41401710688481,,128,64,0,8,20,128,0,,20260916-134013-d36947,0,20260916-134013-d36947,0
glm45_air,4,4096,1408,128,8,8,small_token_external_reference_snapshot,valid,0.029399717318989917,0.20087200049999998,deepgemm_m128,0.04572864362242824,64.29168895044684,,128,64,0,8,20,128,0,,20260916-134013-d36947,1,20260916-134013-d36947,1
glm45_air,4,4096,1408,128,8,16,small_token_external_reference_snapshot,valid,0.05544104371534882,0.213040002,deepgemm_m128,0.09144029778305031,60.63086523065279,,128,64,0,8,20,128,0,,20260916-134013-d36947,2,20260916-134013-d36947,2
glm45_air,4,4096,1408,128,8,32,small_token_external_reference_snapshot,valid,0.10778179354650315,0.21916799999999997,deepgemm_m128,0.18282397686084426,58.953861193239895,,128,64,0,8,20,128,0,,20260916-134013-d36947,3,20260916-134013-d36947,3
glm45_air,4,4096,1408,128,8,64,small_token_external_reference_snapshot,valid,0.19543899377013865,0.24173599825,deepgemm_m128,0.3658744894927328,53.416950179036895,,128,64,0,8,20,128,0,,20260916-134013-d36947,4,20260916-134013-d36947,4
glm45_air,4,4096,1408,128,8,96,small_token_external_reference_snapshot,valid,0.24356925236708377,0.290951997,deepgemm_m128,0.5483021944548975,44.42244711590689,,128,64,0,8,20,128,0,,20260916-134013-d36947,5,20260916-134013-d36947,5
glm45_air,4,4096,1408,128,8,128,small_token_external_reference_snapshot,valid,0.26980286482426763,0.3502160015,deepgemm_m128,0.7316129871159565,36.877812392018875,,128,64,0,8,20,128,0,,20260916-134013-d36947,6,20260916-134013-d36947,6
glm45_air,4,4096,1408,128,8,192,release_equivalent,valid,0.4682508824573634,0.302687995,deepgemm_m256,0.9596327660052283,48.794799327935024,67.4859866840771,128,64,0,8,20,128,0,true,20260917-004236-2edc7e,24,20260916-134013-d36947,7
glm45_air,4,4096,1408,128,8,256,release_equivalent,valid,0.6870548661251827,0.27505599675000003,deepgemm_m256,1.2459030178357142,55.14513218843318,81.70845306247625,128,64,0,8,20,128,0,true,20260917-004236-2edc7e,25,20260916-134013-d36947,8
glm45_air,4,4096,1408,128,8,384,release_equivalent,valid,0.8439356071781999,0.335887998,deepgemm_m128,1.3498468580293006,62.52084095008361,117.70351839127038,256,64,1,4,20,128,0,true,20260917-004236-2edc7e,26,20260916-134013-d36947,9
glm45_air,4,4096,1408,128,8,512,release_equivalent,valid,0.931516228584343,0.4057440015,deepgemm_m256,1.5061893514088696,61.84589126944863,129.17307441697324,256,64,1,4,20,128,0,true,20260917-004236-2edc7e,27,20260916-134013-d36947,10
glm45_air,4,4096,1408,128,8,1024,release_equivalent,valid,0.9384456576447252,0.805496022,deepgemm_m256,1.5923370460559128,58.93511426925458,27.400754935075277,256,64,1,4,40,108,0,true,20260917-004236-2edc7e,28,20260916-134013-d36947,11
glm45_air,4,4096,1408,128,8,2048,release_equivalent,valid,1.1168021680889408,1.3537119925,deepgemm_m256,1.5079079727002187,74.0630189844462,163.5514836070273,256,64,1,4,20,128,0,true,20260917-004236-2edc7e,29,20260916-134013-d36947,12
glm45_air,4,4096,1408,128,8,4096,release_equivalent,valid,1.077608384099271,2.8058959275,deepgemm_m256,1.4308102526743136,75.31455565719658,32.27119397499465,256,64,1,4,40,108,0,true,20260917-004236-2edc7e,30,20260916-134013-d36947,13
glm45_air,4,4096,1408,128,8,8192,release_equivalent,valid,1.1438324297864524,5.286888005,deepgemm_m256,1.399709002081369,81.71930223250492,164.0497772375263,256,64,1,4,20,128,0,true,20260917-004236-2edc7e,31,20260916-134013-d36947,14
glm45_air,8,4096,1408,128,8,1,small_token_external_reference_snapshot,valid,0.0029263824461556592,0.1261279955,deepgemm_m128,0.004999711956829088,58.53102081527965,,128,64,0,8,20,128,0,,20260916-134210-93cfe1,0,20260916-134210-93cfe1,0
glm45_air,8,4096,1408,128,8,8,small_token_external_reference_snapshot,valid,0.02361174225636309,0.125055999,deepgemm_m128,0.03998036546889466,59.058345213810966,,128,64,0,8,20,128,0,,20260916-134210-93cfe1,1,20260916-134210-93cfe1,1
glm45_air,8,4096,1408,128,8,16,small_token_external_reference_snapshot,valid,0.04235941446683797,0.13941599775,deepgemm_m128,0.07996939524496936,52.96953207796413,,128,64,0,8,20,128,0,,20260916-134210-93cfe1,2,20260916-134210-93cfe1,2
glm45_air,8,4096,1408,128,8,32,small_token_external_reference_snapshot,valid,0.07589939378984166,0.155616,deepgemm_m128,0.15992146187557865,47.460417694838576,,128,64,0,8,20,128,0,,20260916-134210-93cfe1,3,20260916-134210-93cfe1,3
glm45_air,8,4096,1408,128,8,64,small_token_external_reference_snapshot,valid,0.131803333934713,0.1792239955,deepgemm_m128,0.3198429237511573,41.208769726372935,,128,64,0,8,20,128,0,,20260916-134210-93cfe1,4,20260916-134210-93cfe1,4
glm45_air,8,4096,1408,128,8,96,small_token_external_reference_snapshot,valid,0.16867944978187993,0.21006400149999999,deepgemm_m128,0.47976438562673596,35.15881020670741,,128,64,0,8,20,128,0,,20260916-134210-93cfe1,5,20260916-134210-93cfe1,5
glm45_air,8,4096,1408,128,8,128,small_token_external_reference_snapshot,valid,0.19455689835932763,0.2428319975,deepgemm_m128,0.6396858475023146,30.41444470265909,,128,64,0,8,20,128,0,,20260916-134210-93cfe1,6,20260916-134210-93cfe1,6
glm45_air,8,4096,1408,128,8,192,historical_transport_snapshot,valid,0.3440410857534355,0.205984004,deepgemm_m128,0.8029704403048443,42.84604619104307,45.1918555287429,128,64,0,8,20,128,0,true,20260916-231647-6b82a4,24,20260916-134210-93cfe1,7
glm45_air,8,4096,1408,128,8,256,historical_transport_snapshot,valid,0.503910581135783,0.18751199925,deepgemm_m128,1.0710155878987724,47.0497896416621,58.3941263428239,128,64,0,8,20,128,0,true,20260916-231647-6b82a4,25,20260916-134210-93cfe1,8
glm45_air,8,4096,1408,128,8,384,historical_transport_snapshot,valid,0.6465019946609708,0.219231993,deepgemm_m128,1.2442404812590453,51.95956926323249,88.5673725549719,256,64,1,4,20,128,0,true,20260916-231647-6b82a4,26,20260916-134210-93cfe1,9
glm45_air,8,4096,1408,128,8,512,historical_transport_snapshot,valid,0.7628223649587108,0.2477359995,deepgemm_m256,1.536910904898156,49.6334798931796,115.81683307193305,256,64,1,4,20,128,0,true,20260916-231647-6b82a4,27,20260916-134210-93cfe1,10
glm45_air,8,4096,1408,128,8,1024,historical_transport_snapshot,valid,0.8466022879545049,0.446439996,deepgemm_m256,1.6403249863203944,51.61186319874441,34.22453708650246,256,64,1,4,40,108,0,true,20260916-231647-6b82a4,28,20260916-134210-93cfe1,11
glm45_air,8,4096,1408,128,8,2048,historical_transport_snapshot,valid,1.0410321498600574,0.72611998025,deepgemm_m256,1.6621097812410435,62.63317631659399,164.85981136861847,256,64,1,4,20,128,0,true,20260916-231647-6b82a4,29,20260916-134210-93cfe1,12
glm45_air,8,4096,1408,128,8,4096,historical_transport_snapshot,valid,0.8740550251654434,1.7296719825,deepgemm_m256,1.7388371736689439,50.26664016626632,17.169036702021035,256,64,1,4,64,84,0,true,20260916-231647-6b82a4,30,20260916-134210-93cfe1,13
glm45_air,8,4096,1408,128,8,8192,historical_transport_snapshot,valid,1.1521502185600467,2.624360025,deepgemm_m256,1.4389650212029481,80.06797952578934,185.33829004654189,256,64,1,4,20,128,0,true,20260916-231647-6b82a4,31,20260916-134210-93cfe1,14
glm47_flash,4,2048,1536,64,4,1,small_token_external_reference_snapshot,valid,0.002582434558720407,0.0779599976,deepgemm_m128,0.004670717111294752,55.28989440348573,,256,64,1,4,20,128,0,,20260916-134352-7f8681,0,20260916-134352-7f8681,0
glm47_flash,4,2048,1536,64,4,8,small_token_external_reference_snapshot,valid,0.020297065730530455,0.07935199882499999,deepgemm_m128,0.03726889784834038,54.461137576769794,,256,64,1,4,20,128,0,,20260916-134352-7f8681,1,20260916-134352-7f8681,1
glm47_flash,4,2048,1536,64,4,16,small_token_external_reference_snapshot,valid,0.038362537213563364,0.083967998625,deepgemm_m128,0.07462067746574755,51.41006288930112,,256,64,1,4,20,128,0,,20260916-134352-7f8681,2,20260916-134352-7f8681,2
glm47_flash,4,2048,1536,64,4,32,small_token_external_reference_snapshot,valid,0.06760463186370576,0.09529599920000001,deepgemm_m128,0.14308926178341796,47.246474697754145,,256,64,1,4,20,128,0,,20260916-134352-7f8681,3,20260916-134352-7f8681,3
glm47_flash,4,2048,1536,64,4,64,small_token_external_reference_snapshot,valid,0.1187504793072189,0.108503999,deepgemm_m128,0.29793058655133725,39.85843839727971,,256,64,1,4,20,128,0,,20260916-134352-7f8681,4,20260916-134352-7f8681,4
glm47_flash,4,2048,1536,64,4,96,small_token_external_reference_snapshot,valid,0.15596637525755275,0.1239199975,deepgemm_m128,0.43814274025573063,35.59716068022031,,256,64,1,4,20,128,0,,20260916-134352-7f8681,5,20260916-134352-7f8681,5
glm47_flash,4,2048,1536,64,4,128,small_token_external_reference_snapshot,valid,0.18489412252696039,0.139376003,deepgemm_m128,0.5969654197259804,30.972333809859652,,256,64,1,4,20,128,0,,20260916-134352-7f8681,6,20260916-134352-7f8681,6
glm47_flash,4,2048,1536,64,4,192,release_equivalent,valid,0.36209818450639203,0.10675200075,deepgemm_m256,0.7532093910064989,48.07404007835422,52.697841122195555,256,64,1,4,20,128,0,true,20260917-004345-454b80,0,20260916-134352-7f8681,7
glm47_flash,4,2048,1536,64,4,256,release_equivalent,valid,0.4289533939961889,0.1201519985,deepgemm_m256,1.0034970337295503,42.745855700435975,46.60097414026785,256,64,1,4,20,128,0,true,20260917-004345-454b80,1,20260916-134352-7f8681,8
glm47_flash,4,2048,1536,64,4,384,release_equivalent,valid,0.6088505542726339,0.1269760055,deepgemm_m128,1.214945483785888,50.11340528427633,75.07559252996035,256,64,1,4,20,128,0,true,20260917-004345-454b80,2,20260916-134352-7f8681,9
glm47_flash,4,2048,1536,64,4,512,release_equivalent,valid,0.7091305362509269,0.1453600005,deepgemm_m256,1.3222064940648484,53.6323591991182,89.17446412639491,256,64,1,4,20,128,0,true,20260917-004345-454b80,3,20260916-134352-7f8681,10
glm47_flash,4,2048,1536,64,4,1024,release_equivalent,valid,0.8045018465123293,0.25625600625,deepgemm_m256,1.5978301076220711,50.349648731404116,25.11863182914176,256,64,1,4,40,108,0,true,20260917-004345-454b80,4,20260916-134352-7f8681,11
glm47_flash,4,2048,1536,64,4,2048,release_equivalent,valid,0.9900800655513298,0.41644799725,deepgemm_m256,1.6304842661785912,60.723067746725725,131.22214931002407,256,64,1,4,20,128,0,true,20260917-004345-454b80,5,20260916-134352-7f8681,12
glm47_flash,4,2048,1536,64,4,4096,release_equivalent,valid,1.0338005254298834,0.7976719885000001,deepgemm_m256,1.6989025899246541,60.85107713419474,27.35861665524686,256,64,1,4,40,108,0,true,20260917-004345-454b80,6,20260916-134352-7f8681,13
glm47_flash,4,2048,1536,64,4,8192,release_equivalent,valid,1.1645461027718809,1.4162319875,deepgemm_m256,1.5666725215529353,74.332452171788,157.44425946317642,256,64,1,4,20,128,0,true,20260917-004345-454b80,7,20260916-134352-7f8681,14
glm47_flash,8,2048,1536,64,4,1,small_token_external_reference_snapshot,valid,0.001666831639538964,0.060391999774999996,cutlass_stock,0.003758336791274525,44.35024672106911,,256,64,1,4,20,128,0,,20260916-134453-46998d,0,20260916-134453-46998d,0
glm47_flash,8,2048,1536,64,4,8,small_token_external_reference_snapshot,valid,0.013119157592204722,0.061383999875,cutlass_stock,0.030129689976369247,43.542292013273595,,256,64,1,4,20,128,0,,20260916-134453-46998d,1,20260916-134453-46998d,1
glm47_flash,8,2048,1536,64,4,16,small_token_external_reference_snapshot,valid,0.025324099622641514,0.06359999999999999,cutlass_stock,0.06020531899881417,42.06289418238994,,256,64,1,4,20,128,0,,20260916-134453-46998d,2,20260916-134453-46998d,2
glm47_flash,8,2048,1536,64,4,32,small_token_external_reference_snapshot,valid,0.04621822476797832,0.06969600170000001,cutlass_stock,0.12019497985001873,38.45270811280986,,256,64,1,4,20,128,0,,20260916-134453-46998d,3,20260916-134453-46998d,3
glm47_flash,8,2048,1536,64,4,64,small_token_external_reference_snapshot,valid,0.08506457548334047,0.075736003,deepgemm_m128,0.2236962172169482,38.02682787471633,,256,64,1,4,20,128,0,,20260916-134453-46998d,4,20260916-134453-46998d,4
glm47_flash,8,2048,1536,64,4,96,small_token_external_reference_snapshot,valid,0.11495618208414445,0.08406399935,deepgemm_m128,0.334429552502564,34.37381093384775,,256,64,1,4,20,128,0,,20260916-134453-46998d,5,20260916-134453-46998d,5
glm47_flash,8,2048,1536,64,4,128,small_token_external_reference_snapshot,valid,0.13677077955992445,0.0942080021,deepgemm_m128,0.44689588034367245,30.604618564562468,,256,64,1,4,20,128,0,,20260916-134453-46998d,6,20260916-134453-46998d,6
glm47_flash,8,2048,1536,64,4,192,historical_transport_snapshot,valid,0.2243818239426446,0.08613600019999999,deepgemm_m128,0.5869579745610491,38.22791982857826,63.00733859708521,256,64,1,4,20,128,0,true,20260916-231801-1bbbcb,0,20260916-134453-46998d,7
glm47_flash,8,2048,1536,64,4,256,historical_transport_snapshot,valid,0.28231598563782456,0.09128000215000001,deepgemm_m128,0.7818508106948241,36.108677227939786,57.14285453706023,256,64,1,4,20,128,0,true,20260916-231801-1bbbcb,1,20260916-134453-46998d,8
glm47_flash,8,2048,1536,64,4,384,historical_transport_snapshot,valid,0.3694913391939904,0.10461599925000001,deepgemm_m128,1.0406716017715238,35.50508523197994,48.87206079045312,256,64,1,4,20,128,0,true,20260916-231801-1bbbcb,2,20260916-134453-46998d,9
glm47_flash,8,2048,1536,64,4,512,historical_transport_snapshot,valid,0.40894063832715816,0.12603200250000002,deepgemm_m256,1.1380411420031507,35.933730621315796,43.11285619698057,256,64,1,4,20,128,0,true,20260916-231801-1bbbcb,3,20260916-134453-46998d,10
glm47_flash,8,2048,1536,64,4,1024,historical_transport_snapshot,valid,0.5989077653346466,0.172112003,deepgemm_m128,1.3688411370218878,43.75290522300179,25.606580442852668,256,64,1,4,40,108,0,true,20260916-231801-1bbbcb,4,20260916-134453-46998d,11
glm47_flash,8,2048,1536,64,4,2048,historical_transport_snapshot,valid,0.8787057443348001,0.23461600375,deepgemm_m256,1.5980282324579052,54.98687235226595,128.78916939612225,256,64,1,4,20,128,0,true,20260916-231801-1bbbcb,5,20260916-134453-46998d,12
glm47_flash,8,2048,1536,64,4,4096,historical_transport_snapshot,valid,0.8083503470092607,0.510071978,deepgemm_m256,1.7349897967204884,46.591072093750654,6.648482853923787,256,64,1,4,64,84,0,true,20260916-231801-1bbbcb,6,20260916-134453-46998d,13
glm47_flash,8,2048,1536,64,4,8192,historical_transport_snapshot,valid,1.0745477316506487,0.7674240022500001,deepgemm_m256,1.7282411591791782,62.17579797491927,158.88270456424857,256,64,1,4,20,128,0,true,20260916-231801-1bbbcb,7,20260916-134453-46998d,14
qwen35_397b,4,4096,1024,512,10,1,small_token_external_reference_snapshot,valid,0.00520623613846673,0.4189279975,cutlass_stock,0.006533496756370211,79.68529460721946,,256,64,0,2,40,108,0,,20260916-134559-3bb88d,0,20260916-134559-3bb88d,0
qwen35_397b,4,4096,1024,512,10,8,small_token_external_reference_snapshot,valid,0.040273450399464485,0.4290800095,cutlass_stock,0.05111615580667812,78.78810478585112,,256,64,0,2,40,108,0,,20260916-134559-3bb88d,1,20260916-134559-3bb88d,1
qwen35_397b,4,4096,1024,512,10,16,small_token_external_reference_snapshot,valid,0.07843610837734509,0.43848800649999997,cutlass_stock,0.10055577489825514,78.00258956455632,,256,64,0,2,40,108,0,,20260916-134559-3bb88d,2,20260916-134559-3bb88d,2
qwen35_397b,4,4096,1024,512,10,32,small_token_external_reference_snapshot,valid,0.14812691704498662,0.4643760025,cutlass_stock,0.19927973934538612,74.33114752737465,,256,64,0,2,40,108,0,,20260916-134559-3bb88d,3,20260916-134559-3bb88d,3
qwen35_397b,4,4096,1024,512,10,64,small_token_external_reference_snapshot,valid,0.26680908335851344,0.5156240165,cutlass_stock,0.38604243161503793,69.11392673657589,,256,64,0,2,40,108,0,,20260916-134559-3bb88d,4,20260916-134559-3bb88d,4
qwen35_397b,4,4096,1024,512,10,96,small_token_external_reference_snapshot,valid,0.36810005378379346,0.5601520090000001,cutlass_stock,0.5624808609333921,65.44223623412907,,256,64,0,2,40,108,0,,20260916-134559-3bb88d,5,20260916-134559-3bb88d,5
qwen35_397b,4,4096,1024,512,10,128,small_token_external_reference_snapshot,valid,0.4292784066169884,0.64055998625,deepgemm_m128,0.7316528958539085,58.67241270411152,,256,64,0,2,40,108,0,,20260916-134559-3bb88d,6,20260916-134559-3bb88d,6
qwen35_397b,4,4096,1024,512,10,192,release_equivalent,valid,0.4821805772628478,0.8552479895,deepgemm_m256,0.977472635260628,49.329317248281,22.98093774121641,256,64,0,2,40,108,0,true,20260917-004345-454b80,8,20260916-134559-3bb88d,7
qwen35_397b,4,4096,1024,512,10,256,release_equivalent,valid,0.7530123499967705,0.7301199885,deepgemm_m256,1.2718127048302803,59.20780215018042,42.79516126409953,256,64,0,2,40,108,0,true,20260917-004345-454b80,9,20260916-134559-3bb88d,8
qwen35_397b,4,4096,1024,512,10,384,release_equivalent,valid,0.814286433410559,1.0128720125,deepgemm_m128,1.345531808491547,60.51781372031938,46.50854295374263,256,64,0,1,40,108,0,true,20260917-004345-454b80,10,20260916-134559-3bb88d,9
qwen35_397b,4,4096,1024,512,10,512,release_equivalent,valid,0.8947462420887251,1.22892803,deepgemm_m128,1.3258543620597438,67.48450415766007,57.24663957742098,256,64,0,1,40,108,0,true,20260917-004345-454b80,11,20260916-134559-3bb88d,10
qwen35_397b,4,4096,1024,512,10,1024,release_equivalent,valid,0.9878242094152176,2.2262639975000003,deepgemm_m256,1.3167472048237683,75.02003465786181,68.163705616409,256,64,0,1,40,108,0,true,20260917-004345-454b80,12,20260916-134559-3bb88d,11
qwen35_397b,4,4096,1024,512,10,2048,release_equivalent,valid,1.040321661850437,4.2276800875,deepgemm_m256,1.364402880902013,76.24739557590757,73.44547761976332,256,64,0,1,40,108,0,true,20260917-004345-454b80,13,20260916-134559-3bb88d,12
qwen35_397b,4,4096,1024,512,10,4096,release_equivalent,valid,1.0092773498180974,8.715271949999998,deepgemm_m256,1.3678836455694645,73.78385969355782,67.64888300473517,256,64,0,1,40,108,0,true,20260917-004345-454b80,14,20260916-134559-3bb88d,13
qwen35_397b,4,4096,1024,512,10,8192,release_equivalent,insufficient_memory,,,cutlass_stock,1.2928802937072799,,,256,64,0,1,40,108,0,true,20260917-004345-454b80,15,20260916-134559-3bb88d,14
qwen35_397b,8,4096,1024,512,10,1,small_token_external_reference_snapshot,valid,0.0048985799615008496,0.239743993,cutlass_stock,0.0064442773656247,76.0144184300793,,256,64,0,2,40,108,0,,20260916-135022-79e248,0,20260916-135022-79e248,0
qwen35_397b,8,4096,1024,512,10,8,small_token_external_reference_snapshot,valid,0.03519619897370216,0.24787200250000002,cutlass_stock,0.047041628849969805,74.81926079973474,,256,64,0,2,40,108,0,,20260916-135022-79e248,1,20260916-135022-79e248,1
qwen35_397b,8,4096,1024,512,10,16,small_token_external_reference_snapshot,valid,0.06667695296748424,0.259167999,cutlass_stock,0.09268285409990601,71.94097939151817,,256,64,0,2,40,108,0,,20260916-135022-79e248,2,20260916-135022-79e248,2
qwen35_397b,8,4096,1024,512,10,32,small_token_external_reference_snapshot,valid,0.12486673590074251,0.2754399925,cutlass_stock,0.18249263847476102,68.42288924328953,,256,64,0,2,40,108,0,,20260916-135022-79e248,3,20260916-135022-79e248,3
qwen35_397b,8,4096,1024,512,10,64,small_token_external_reference_snapshot,valid,0.21902649596474397,0.31405600175,deepgemm_m128,0.36481492858389986,60.03770098305405,,256,64,0,2,40,108,0,,20260916-135022-79e248,4,20260916-135022-79e248,4
qwen35_397b,8,4096,1024,512,10,96,small_token_external_reference_snapshot,valid,0.28903221761090997,0.35698400425,deepgemm_m128,0.5472456066688517,52.815813245223296,,256,64,0,2,40,108,0,,20260916-135022-79e248,5,20260916-135022-79e248,5
qwen35_397b,8,4096,1024,512,10,128,small_token_external_reference_snapshot,valid,0.3167261479334406,0.434360005,deepgemm_m128,0.6998757198533041,45.254627207217204,,256,64,0,2,40,108,0,,20260916-135022-79e248,6,20260916-135022-79e248,6
qwen35_397b,8,4096,1024,512,10,192,historical_transport_snapshot,valid,0.4246897775127252,0.48551200325,deepgemm_m256,0.9582836927344386,44.317750654911336,27.204268507443953,256,64,0,2,40,108,0,true,20260916-231801-1bbbcb,8,20260916-135022-79e248,7
qwen35_397b,8,4096,1024,512,10,256,historical_transport_snapshot,valid,0.6270719428605828,0.43851199750000003,deepgemm_m256,1.1776585942510536,53.247345701185736,45.03959187570461,256,64,0,2,40,108,0,true,20260916-231801-1bbbcb,9,20260916-135022-79e248,8
qwen35_397b,8,4096,1024,512,10,384,historical_transport_snapshot,valid,0.7489719852606845,0.55059999225,deepgemm_m128,1.346463174171978,55.625136997992755,48.4329856526619,256,64,0,1,40,108,0,true,20260916-231801-1bbbcb,10,20260916-135022-79e248,9
qwen35_397b,8,4096,1024,512,10,512,historical_transport_snapshot,valid,0.8239161561341433,0.66728800525,deepgemm_m256,1.5380960970640103,53.56727435346029,59.61803361068281,256,64,0,1,40,108,0,true,20260916-231801-1bbbcb,11,20260916-135022-79e248,10
qwen35_397b,8,4096,1024,512,10,1024,historical_transport_snapshot,valid,0.9422462260824291,1.166976005,deepgemm_m256,1.622122892362121,58.087228194550576,72.43267803951116,256,64,0,1,40,108,0,true,20260916-231801-1bbbcb,12,20260916-135022-79e248,11
qwen35_397b,8,4096,1024,512,10,2048,historical_transport_snapshot,valid,1.011289153444157,2.17460799,cutlass_stock,1.4090732067876401,71.76980930250329,81.99583744286711,256,64,0,1,40,108,0,true,20260916-231801-1bbbcb,13,20260916-135022-79e248,12
qwen35_397b,8,4096,1024,512,10,4096,historical_transport_snapshot,valid,1.0270631103551555,4.2822560075,deepgemm_m256,1.4231459918086986,72.16849966670284,82.0432993461099,256,64,0,1,40,108,0,true,20260916-231801-1bbbcb,14,20260916-135022-79e248,13
qwen35_397b,8,4096,1024,512,10,8192,historical_transport_snapshot,valid,0.9556760402072255,9.2040882125,deepgemm_m256,1.3969574271721006,68.4112501654275,68.73128349539928,256,64,0,1,40,108,0,true,20260916-231801-1bbbcb,15,20260916-135022-79e248,14
qwen35_122b,4,3072,1024,256,8,1,small_token_external_reference_snapshot,valid,0.004417575713987806,0.18229599675,cutlass_stock,0.005952533617172254,74.2133685938992,,256,64,0,2,40,108,0,,20260916-135332-a490d3,0,20260916-135332-a490d3,0
qwen35_122b,4,3072,1024,256,8,8,small_token_external_reference_snapshot,valid,0.03466068489437679,0.1858720035,cutlass_stock,0.046934746287461526,73.84866785491985,,256,64,0,2,40,108,0,,20260916-135332-a490d3,1,20260916-135332-a490d3,1
qwen35_122b,4,3072,1024,256,8,16,small_token_external_reference_snapshot,valid,0.06622312819452174,0.19456800425,cutlass_stock,0.09256927058410193,71.53899752764721,,256,64,0,2,40,108,0,,20260916-135332-a490d3,2,20260916-135332-a490d3,2
qwen35_122b,4,3072,1024,256,8,32,small_token_external_reference_snapshot,valid,0.12331937870941591,0.20896799875,cutlass_stock,0.1829617969823793,67.40170939690353,,256,64,0,2,40,108,0,,20260916-135332-a490d3,3,20260916-135332-a490d3,3
qwen35_122b,4,3072,1024,256,8,64,small_token_external_reference_snapshot,valid,0.21873665934866224,0.23562400425000002,deepgemm_m128,0.35965225745572127,60.81893129103801,,256,64,0,2,40,108,0,,20260916-135332-a490d3,4,20260916-135332-a490d3,4
qwen35_122b,4,3072,1024,256,8,96,small_token_external_reference_snapshot,valid,0.29142571329262346,0.2652799935,deepgemm_m128,0.5394181587976051,54.025936750484725,,256,64,0,2,40,108,0,,20260916-135332-a490d3,5,20260916-135332-a490d3,5
qwen35_122b,4,3072,1024,256,8,128,small_token_external_reference_snapshot,valid,0.34472808432748564,0.2990160065,deepgemm_m128,0.7285367998680566,47.31786841651903,,256,64,0,2,40,108,0,,20260916-135332-a490d3,6,20260916-135332-a490d3,6
qwen35_122b,4,3072,1024,256,8,192,release_equivalent,valid,0.43950775514418383,0.35179998725,deepgemm_m256,0.9551918993624342,46.012508631777955,27.440595224183006,256,64,0,2,40,108,0,true,20260917-004345-454b80,16,20260916-135332-a490d3,7
qwen35_122b,4,3072,1024,256,8,256,release_equivalent,valid,0.6556034372676061,0.3144559935,deepgemm_m256,1.2655831340732737,51.80247900092895,39.1075404959645,256,64,0,2,40,108,0,true,20260917-004345-454b80,17,20260916-135332-a490d3,8
qwen35_122b,4,3072,1024,256,8,384,release_equivalent,valid,0.7542970381605733,0.40996799625,deepgemm_m128,1.4108586410230435,53.46368631329476,44.395661957722886,256,64,0,8,40,108,0,true,20260917-004345-454b80,18,20260916-135332-a490d3,9
qwen35_122b,4,3072,1024,256,8,512,release_equivalent,valid,0.8413393597873031,0.49007199725,deepgemm_m256,1.5362487590191738,54.76582844073123,55.064563424206135,256,64,0,8,40,108,0,true,20260917-004345-454b80,19,20260916-135332-a490d3,10
qwen35_122b,4,3072,1024,256,8,1024,release_equivalent,valid,0.9428867929405876,0.874584019,deepgemm_m256,1.620385697523842,58.189034523165695,64.50884063089654,256,64,0,8,40,108,0,true,20260917-004345-454b80,20,20260916-135332-a490d3,11
qwen35_122b,4,3072,1024,256,8,2048,release_equivalent,valid,1.0218408079990395,1.6140160275,deepgemm_m256,1.6795120595628548,60.84152847732486,74.34969492581449,256,64,0,8,40,108,0,true,20260917-004345-454b80,21,20260916-135332-a490d3,12
qwen35_122b,4,3072,1024,256,8,4096,release_equivalent,valid,1.058571712591612,3.11602402,deepgemm_m256,1.4017898403237488,75.51572155403345,77.80119759795687,256,64,0,8,40,108,0,true,20260917-004345-454b80,22,20260916-135332-a490d3,13
qwen35_122b,4,3072,1024,256,8,8192,release_equivalent,valid,1.0438969701827987,6.319656015,deepgemm_m256,1.4119618498397921,73.93237786851282,74.30467257797415,256,64,0,8,40,108,0,true,20260917-004345-454b80,23,20260916-135332-a490d3,14
qwen35_122b,8,3072,1024,256,8,1,small_token_external_reference_snapshot,valid,0.003121536034763086,0.12899200249999998,cutlass_stock,0.005448917442671551,57.28726976697646,,256,64,0,2,40,108,0,,20260916-135538-57e015,0,20260916-135538-57e015,0
qwen35_122b,8,3072,1024,256,8,8,small_token_external_reference_snapshot,valid,0.024936718242082562,0.12917599824999998,cutlass_stock,0.041323193443503485,60.345573911599324,,256,64,0,2,40,108,0,,20260916-135538-57e015,1,20260916-135538-57e015,1
qwen35_122b,8,3072,1024,256,8,16,small_token_external_reference_snapshot,valid,0.04691013934503598,0.13733600099999999,cutlass_stock,0.08460878149587435,55.44358223303735,,256,64,0,2,40,108,0,,20260916-135538-57e015,2,20260916-135538-57e015,2
qwen35_122b,8,3072,1024,256,8,32,small_token_external_reference_snapshot,valid,0.08497033802387678,0.151639998,cutlass_stock,0.16525885332903634,51.41651192187433,,256,64,0,2,40,108,0,,20260916-135538-57e015,3,20260916-135538-57e015,3
qwen35_122b,8,3072,1024,256,8,64,small_token_external_reference_snapshot,valid,0.14449492988830576,0.178344,deepgemm_m128,0.3305855475480279,43.70878610998968,,256,64,0,2,40,108,0,,20260916-135538-57e015,4,20260916-135538-57e015,4
qwen35_122b,8,3072,1024,256,8,96,small_token_external_reference_snapshot,valid,0.18862579256374518,0.204927996,deepgemm_m128,0.495776559987109,38.04653301250259,,256,64,0,2,40,108,0,,20260916-135538-57e015,5,20260916-135538-57e015,5
qwen35_122b,8,3072,1024,256,8,128,small_token_external_reference_snapshot,valid,0.22456953540557836,0.229504004,deepgemm_m128,0.6610354133161453,33.97239102198844,,256,64,0,2,40,108,0,,20260916-135538-57e015,6,20260916-135538-57e015,6
qwen35_122b,8,3072,1024,256,8,192,historical_transport_snapshot,valid,0.37182287139743997,0.20791999975,deepgemm_m128,0.8564051943108619,43.41669969629749,37.44902202463572,256,64,0,2,40,108,0,true,20260916-231801-1bbbcb,16,20260916-135538-57e015,7
qwen35_122b,8,3072,1024,256,8,256,historical_transport_snapshot,valid,0.5005011524639041,0.20595200349999998,deepgemm_m128,1.1411656672762769,43.858763614795336,33.77485898067511,256,64,0,2,40,108,0,true,20260916-231801-1bbbcb,17,20260916-135538-57e015,8
qwen35_122b,8,3072,1024,256,8,384,historical_transport_snapshot,valid,0.6107746487388972,0.253151998,deepgemm_m128,1.3230662880510777,46.16357126282685,42.03008423421568,256,64,0,8,40,108,0,true,20260916-231801-1bbbcb,18,20260916-135538-57e015,9
qwen35_122b,8,3072,1024,256,8,512,historical_transport_snapshot,valid,0.6662651621740082,0.309423998,deepgemm_m256,1.5697023680331361,42.445318026044,44.65587515613447,256,64,0,8,40,108,0,true,20260916-231801-1bbbcb,19,20260916-135538-57e015,10
qwen35_122b,8,3072,1024,256,8,1024,historical_transport_snapshot,valid,0.8597959210630601,0.479552008,deepgemm_m256,1.6836956761044182,51.06599329472519,65.20085236510988,256,64,0,8,40,108,0,true,20260916-231801-1bbbcb,20,20260916-135538-57e015,11
qwen35_122b,8,3072,1024,256,8,2048,historical_transport_snapshot,valid,0.9462017041961506,0.87152001225,deepgemm_m256,1.7060163631435414,55.462639435219685,74.4850343222856,256,64,0,8,40,108,0,true,20260916-231801-1bbbcb,21,20260916-135538-57e015,12
qwen35_122b,8,3072,1024,256,8,4096,historical_transport_snapshot,valid,1.0409833701006024,1.5843360125000001,deepgemm_m256,1.5697980133312361,66.31320470915573,87.27037677558313,256,64,0,8,40,108,0,true,20260916-231801-1bbbcb,22,20260916-135538-57e015,13
qwen35_122b,8,3072,1024,256,8,8192,historical_transport_snapshot,valid,1.0622041782936602,3.1053680175,deepgemm_m256,1.447563871855633,73.37874334567496,89.04013733373874,256,64,0,8,40,108,0,true,20260916-231801-1bbbcb,23,20260916-135538-57e015,14
qwen3_235b,4,4096,1536,128,8,1,small_token_external_reference_snapshot,valid,0.004033631106377808,0.19964799625000001,cutlass_stock,0.0057007190446674225,70.75653219835408,,128,64,0,4,20,128,0,,20260916-135731-c2fd3e,0,20260916-135731-c2fd3e,0
qwen3_235b,4,4096,1536,128,8,8,small_token_external_reference_snapshot,valid,0.02871479290792165,0.22436000025,cutlass_stock,0.0455850996744633,62.99162031668789,,128,64,0,4,20,128,0,,20260916-135731-c2fd3e,1,20260916-135731-c2fd3e,1
qwen3_235b,4,4096,1536,128,8,16,small_token_external_reference_snapshot,valid,0.059063871976439336,0.21815200149999997,deepgemm_m128,0.08970773937953663,65.84033037166522,,128,64,0,4,20,128,0,,20260916-135731-c2fd3e,2,20260916-135731-c2fd3e,2
qwen3_235b,4,4096,1536,128,8,32,small_token_external_reference_snapshot,valid,0.11483051070703743,0.224415999,cutlass_stock,0.1796957191101761,63.902752539492525,,128,64,0,4,20,128,0,,20260916-135731-c2fd3e,3,20260916-135731-c2fd3e,3
qwen3_235b,4,4096,1536,128,8,64,small_token_external_reference_snapshot,valid,0.20791489650113096,0.24788799849999998,cutlass_stock,0.35421436599153316,58.69747713905561,,128,64,0,4,20,128,0,,20260916-135731-c2fd3e,4,20260916-135731-c2fd3e,4
qwen3_235b,4,4096,1536,128,8,96,small_token_external_reference_snapshot,valid,0.26202316816597554,0.2950479985,deepgemm_m128,0.5331389329899514,49.14725823839133,,128,64,0,4,20,128,0,,20260916-135731-c2fd3e,5,20260916-135731-c2fd3e,5
qwen3_235b,4,4096,1536,128,8,128,small_token_external_reference_snapshot,valid,0.29177767534659116,0.353279993,deepgemm_m128,0.7177818256108166,40.64991128722084,,128,64,0,4,20,128,0,,20260916-135731-c2fd3e,6,20260916-135731-c2fd3e,6
qwen3_235b,4,4096,1536,128,8,192,release_equivalent,valid,0.4707444007458295,0.32845599950000004,deepgemm_m256,0.8988630164261359,52.37109460988854,56.85754158373955,128,64,0,4,20,128,0,true,20260917-004345-454b80,24,20260916-135731-c2fd3e,7
qwen3_235b,4,4096,1536,128,8,256,release_equivalent,valid,0.706680305460466,0.29172799725,deepgemm_m256,1.1973702839954699,59.01936225629094,72.1795611785423,128,64,0,4,20,128,0,true,20260917-004345-454b80,25,20260916-135731-c2fd3e,8
qwen3_235b,4,4096,1536,128,8,384,release_equivalent,valid,0.8873288092031382,0.34850400675000004,deepgemm_m128,1.383787013760299,64.12322130353813,110.08653783576618,256,64,1,4,20,128,0,true,20260917-004345-454b80,26,20260916-135731-c2fd3e,9
qwen3_235b,4,4096,1536,128,8,512,release_equivalent,valid,0.9564918703246758,0.43107199674999996,deepgemm_m128,1.5074909025853611,63.449263188539526,116.17362888929068,256,64,1,4,20,128,0,true,20260917-004345-454b80,27,20260916-135731-c2fd3e,10
qwen3_235b,4,4096,1536,128,8,1024,release_equivalent,valid,0.953060540229042,0.86524799425,deepgemm_m128,1.52522401531994,62.486594143295235,20.656279406336186,256,64,1,4,40,108,0,true,20260917-004345-454b80,28,20260916-135731-c2fd3e,11
qwen3_235b,4,4096,1536,128,8,2048,release_equivalent,valid,1.133828865100474,1.4545999775,cutlass_stock,1.4470507999931468,78.35446171660621,145.79293467643407,256,64,1,4,20,128,0,true,20260917-004345-454b80,29,20260916-135731-c2fd3e,12
qwen3_235b,4,4096,1536,128,8,4096,release_equivalent,valid,1.0856643284881593,3.038264035,deepgemm_m256,1.4316905680284238,75.83093391354977,23.81623063908598,256,64,1,4,40,108,0,true,20260917-004345-454b80,30,20260916-135731-c2fd3e,13
qwen3_235b,4,4096,1536,128,8,8192,release_equivalent,valid,1.1756129654095888,5.6116000425,deepgemm_m256,1.4034789606923785,83.76420297954616,149.05737969831446,256,64,1,4,20,128,0,true,20260917-004345-454b80,31,20260916-135731-c2fd3e,14
qwen3_235b,8,4096,1536,128,8,1,small_token_external_reference_snapshot,valid,0.0030236482718892293,0.13316799699999998,deepgemm_m128,0.005167520510917369,58.512554822011786,,128,64,0,4,20,128,0,,20260916-135928-8aa7a2,0,20260916-135928-8aa7a2,0
qwen3_235b,8,4096,1536,128,8,8,small_token_external_reference_snapshot,valid,0.024173211638724778,0.13325599924999998,deepgemm_m128,0.041323193443503485,58.49792725185692,,128,64,0,4,20,128,0,,20260916-135928-8aa7a2,1,20260916-135928-8aa7a2,1
qwen3_235b,8,4096,1536,128,8,16,small_token_external_reference_snapshot,valid,0.04653067427241397,0.138455998,deepgemm_m128,0.0826718402261982,56.28358355771629,,128,64,0,4,20,128,0,,20260916-135928-8aa7a2,2,20260916-135928-8aa7a2,2
qwen3_235b,8,4096,1536,128,8,32,small_token_external_reference_snapshot,valid,0.084351773731639,0.152751997,deepgemm_m128,0.16525885332903634,51.04221167727189,,128,64,0,4,20,128,0,,20260916-135928-8aa7a2,3,20260916-135928-8aa7a2,3
qwen3_235b,8,4096,1536,128,8,64,small_token_external_reference_snapshot,valid,0.14300033368940798,0.1802079975,deepgemm_m128,0.3305855475480279,43.256680381235576,,128,64,0,4,20,128,0,,20260916-135928-8aa7a2,4,20260916-135928-8aa7a2,4
qwen3_235b,8,4096,1536,128,8,96,small_token_external_reference_snapshot,valid,0.1780207111208545,0.21713600300000002,deepgemm_m128,0.495776559987109,35.90744813056174,,128,64,0,4,20,128,0,,20260916-135928-8aa7a2,5,20260916-135928-8aa7a2,5
qwen3_235b,8,4096,1536,128,8,128,small_token_external_reference_snapshot,valid,0.2087841019977005,0.2468559965,deepgemm_m128,0.6611710950960558,31.57792340685554,,128,64,0,4,20,128,0,,20260916-135928-8aa7a2,6,20260916-135928-8aa7a2,6
qwen3_235b,8,4096,1536,128,8,192,historical_transport_snapshot,valid,0.36106995645079487,0.21411200225000002,deepgemm_m256,0.8567088859884185,42.14616684338628,39.250484263779754,128,64,0,4,20,128,0,true,20260916-231801-1bbbcb,24,20260916-135928-8aa7a2,7
qwen3_235b,8,4096,1536,128,8,256,historical_transport_snapshot,valid,0.5350428406012346,0.19265600300000002,deepgemm_m256,1.1412667457826227,46.88148871229307,55.182292580833845,128,64,0,4,20,128,0,true,20260916-231801-1bbbcb,25,20260916-135928-8aa7a2,8
qwen3_235b,8,4096,1536,128,8,384,historical_transport_snapshot,valid,0.7018175285859034,0.22031199899999998,deepgemm_m128,1.320084229442913,53.16460214679457,88.27844381276758,256,64,1,4,20,128,0,true,20260916-231801-1bbbcb,26,20260916-135928-8aa7a2,9
qwen3_235b,8,4096,1536,128,8,512,historical_transport_snapshot,valid,0.7986426798810263,0.25813600425,deepgemm_m256,1.4369244784423125,55.580003811111155,107.52161232076558,256,64,1,4,20,128,0,true,20260916-231801-1bbbcb,27,20260916-135928-8aa7a2,10
qwen3_235b,8,4096,1536,128,8,1024,historical_transport_snapshot,valid,0.8553865671463261,0.48202400675,deepgemm_m256,1.6460543567281016,51.96587607511314,29.18692379007739,256,64,1,4,40,108,0,true,20260916-231801-1bbbcb,28,20260916-135928-8aa7a2,11
qwen3_235b,8,4096,1536,128,8,2048,historical_transport_snapshot,valid,1.07361880762469,0.76808799825,deepgemm_m256,1.728009352846402,62.130381751476605,150.37547707835182,256,64,1,4,20,128,0,true,20260916-231801-1bbbcb,29,20260916-135928-8aa7a2,12
qwen3_235b,8,4096,1536,128,8,4096,historical_transport_snapshot,valid,1.057358260821928,1.559800025,deepgemm_m256,1.5825958268656029,66.8116421686812,28.220540963255814,256,64,1,4,40,108,0,true,20260916-231801-1bbbcb,30,20260916-135928-8aa7a2,13
qwen3_235b,8,4096,1536,128,8,8192,historical_transport_snapshot,valid,1.1807673184502838,2.7935519825000004,deepgemm_m256,1.4446171949676463,81.73565443935674,168.26921753907254,256,64,1,4,20,128,0,true,20260916-231801-1bbbcb,31,20260916-135928-8aa7a2,14
kimi_k25,4,7168,2048,384,8,1,small_token_external_reference_snapshot,valid,0.005627959717601077,1.001632005,cutlass_stock,0.006795080650634176,82.82403119197454,,256,64,0,8,40,108,0,,20260916-140116-601744,0,20260916-140116-601744,0
kimi_k25,4,7168,2048,384,8,8,small_token_external_reference_snapshot,valid,0.043598416462713396,1.0343760225,cutlass_stock,0.05356414839129738,81.39477201096858,,256,64,0,8,40,108,0,,20260916-140116-601744,1,20260916-140116-601744,1
kimi_k25,4,7168,2048,384,8,16,small_token_external_reference_snapshot,valid,0.08480671239121115,1.0635279999999998,cutlass_stock,0.10560207949833433,80.30780529520615,,256,64,0,8,40,108,0,,20260916-140116-601744,2,20260916-140116-601744,2
kimi_k25,4,7168,2048,384,8,32,small_token_external_reference_snapshot,valid,0.16523341965934604,1.0917199850000001,cutlass_stock,0.21068121449263016,78.42816933501496,,256,64,0,8,40,108,0,,20260916-140116-601744,3,20260916-140116-601744,3
kimi_k25,4,7168,2048,384,8,64,small_token_external_reference_snapshot,valid,0.3070277401237185,1.1750640275,cutlass_stock,0.4173382738110576,73.56807639999005,,256,64,0,8,40,108,0,,20260916-140116-601744,4,20260916-140116-601744,4
kimi_k25,4,7168,2048,384,8,96,small_token_external_reference_snapshot,valid,0.4282134571327011,1.263775975,deepgemm_m128,0.6202161555039671,69.0426157610727,,256,64,0,8,40,108,0,,20260916-140116-601744,5,20260916-140116-601744,5
kimi_k25,4,7168,2048,384,8,128,small_token_external_reference_snapshot,valid,0.5100565079795326,1.4146560125,deepgemm_m128,0.8284664337912258,61.56634562071675,,256,64,0,8,40,108,0,,20260916-140116-601744,6,20260916-140116-601744,6
kimi_k25,4,7168,2048,384,8,192,release_equivalent,valid,0.5364685705510408,2.0175119625,deepgemm_m256,1.0236403149357434,52.40791738304254,13.377667023374595,256,64,0,8,40,108,0,true,20260917-004438-75aef5,0,20260916-140116-601744,7
kimi_k25,4,7168,2048,384,8,256,release_equivalent,valid,0.881867418988802,1.6364240025,deepgemm_m256,1.3144888655090083,67.08823803139005,18.932989984666282,256,64,0,8,40,108,0,true,20260917-004438-75aef5,1,20260916-140116-601744,8
kimi_k25,4,7168,2048,384,8,384,release_equivalent,valid,0.971255111138206,2.2287280574999997,cutlass_stock,1.2568066687180086,77.27959560629351,23.341740179981564,256,64,1,8,40,108,0,true,20260917-004438-75aef5,2,20260916-140116-601744,9
kimi_k25,4,7168,2048,384,8,512,release_equivalent,valid,1.0107051363619213,2.8556479225,deepgemm_m256,1.2786899465637696,79.04223686734963,16.91048863885285,256,64,1,8,40,108,0,true,20260917-004438-75aef5,3,20260916-140116-601744,10
kimi_k25,4,7168,2048,384,8,1024,release_equivalent,valid,1.0927759493608546,5.282360075,deepgemm_m256,1.3480297832116985,81.0646740131588,14.970276046545372,256,64,1,8,40,108,0,true,20260917-004438-75aef5,4,20260916-140116-601744,11
kimi_k25,4,7168,2048,384,8,2048,release_equivalent,valid,1.083771541464567,10.652496075,deepgemm_m256,1.350732406553933,80.2358436212801,10.69180140486463,256,64,1,8,40,108,0,true,20260917-004438-75aef5,5,20260916-140116-601744,12
kimi_k25,4,7168,2048,384,8,4096,release_equivalent,valid,1.0824148326619518,21.331696025000003,cutlass_stock,1.293250412993495,83.69723464123852,9.762338271459559,256,64,1,8,40,108,0,true,20260917-004438-75aef5,6,20260916-140116-601744,13
kimi_k25,4,7168,2048,384,8,8192,release_equivalent,insufficient_memory,,,cutlass_stock,1.253342596408317,,,256,64,1,8,40,108,0,true,20260917-004438-75aef5,7,20260916-140116-601744,14
kimi_k25,8,7168,2048,384,8,1,small_token_external_reference_snapshot,valid,0.005021972934248535,0.5612480045,cutlass_stock,0.006431337552284103,78.08597968030726,,256,64,0,8,40,108,0,,20260916-141010-bd60f1,0,20260916-141010-bd60f1,0
kimi_k25,8,7168,2048,384,8,8,small_token_external_reference_snapshot,valid,0.03916859647469004,0.5756800175,deepgemm_m128,0.050958621033790744,76.86353296082576,,256,64,0,8,40,108,0,,20260916-141010-bd60f1,1,20260916-141010-bd60f1,1
kimi_k25,8,7168,2048,384,8,16,small_token_external_reference_snapshot,valid,0.07615601904154601,0.5921679885,deepgemm_m128,0.10165992617751496,74.91252640550327,,256,64,0,8,40,108,0,,20260916-141010-bd60f1,2,20260916-141010-bd60f1,2
kimi_k25,8,7168,2048,384,8,32,small_token_external_reference_snapshot,valid,0.14553291072612182,0.619752005,deepgemm_m128,0.20383079815251684,71.39888183984174,,256,64,0,8,40,108,0,,20260916-141010-bd60f1,3,20260916-141010-bd60f1,3
kimi_k25,8,7168,2048,384,8,64,small_token_external_reference_snapshot,valid,0.26566807811081383,0.67900000525,deepgemm_m128,0.4077721786684325,65.15110446679925,,256,64,0,8,40,108,0,,20260916-141010-bd60f1,4,20260916-141010-bd60f1,4
kimi_k25,8,7168,2048,384,8,96,small_token_external_reference_snapshot,valid,0.36295303934299833,0.7455039917499999,deepgemm_m128,0.6128330245148664,59.22543740692184,,256,64,0,8,40,108,0,,20260916-141010-bd60f1,5,20260916-141010-bd60f1,5
kimi_k25,8,7168,2048,384,8,128,small_token_external_reference_snapshot,valid,0.439774893578881,0.82036800675,deepgemm_m128,0.8156033696444777,53.920190860734095,,256,64,0,8,40,108,0,,20260916-141010-bd60f1,6,20260916-141010-bd60f1,6
kimi_k25,8,7168,2048,384,8,192,historical_transport_snapshot,valid,0.5003493691511393,1.08157602,deepgemm_m256,1.0757225327970268,46.512864971802905,21.439085483792432,256,64,0,8,40,108,0,true,20260916-231905-faa30e,0,20260916-141010-bd60f1,7
kimi_k25,8,7168,2048,384,8,256,historical_transport_snapshot,valid,0.7992407205494629,0.902799979,deepgemm_m256,1.4147461904406426,56.49357644147662,27.066020622935795,256,64,0,8,40,108,0,true,20260916-231905-faa30e,1,20260916-141010-bd60f1,8
kimi_k25,8,7168,2048,384,8,384,historical_transport_snapshot,valid,0.9060626839496099,1.1945440175000002,deepgemm_m128,1.3897571449522144,65.19575648454494,22.771533406469867,256,64,1,8,40,108,0,true,20260916-231905-faa30e,2,20260916-141010-bd60f1,9
kimi_k25,8,7168,2048,384,8,512,historical_transport_snapshot,valid,0.9665989284422595,1.49297601,deepgemm_m256,1.5934123938319609,60.6621946825522,19.42107428772417,256,64,1,8,40,108,0,true,20260916-231905-faa30e,3,20260916-141010-bd60f1,10
kimi_k25,8,7168,2048,384,8,1024,historical_transport_snapshot,valid,1.0656889049541642,2.708311975,deepgemm_m256,1.380505847800628,77.19553717588241,16.90233720212384,256,64,1,8,40,108,0,true,20260916-231905-faa30e,4,20260916-141010-bd60f1,11
kimi_k25,8,7168,2048,384,8,2048,historical_transport_snapshot,valid,1.0949898411557606,5.27168,deepgemm_m256,1.3895662198195466,78.80083910631905,13.441179329928987,256,64,1,8,40,108,0,true,20260916-231905-faa30e,5,20260916-141010-bd60f1,12
kimi_k25,8,7168,2048,384,8,4096,historical_transport_snapshot,valid,1.068116724658484,10.808624025,cutlass_stock,1.335219279270712,79.99560381137412,9.402714421829451,256,64,1,8,40,108,0,true,20260916-231905-faa30e,6,20260916-141010-bd60f1,13
kimi_k25,8,7168,2048,384,8,8192,historical_transport_snapshot,valid,1.0659887990780503,21.660400375000002,,,,,256,64,1,8,40,108,0,true,20260916-231905-faa30e,7,,
mimo_v2_flash/mimo_v25,4,4096,2048,256,8,1,small_token_external_reference_snapshot,valid,0.00510129906751712,0.4209679965,cutlass_stock,0.006471754963104243,78.82404535709166,,256,64,0,4,40,108,0,,20260916-141348-071c58,0,20260916-141348-071c58,0
mimo_v2_flash/mimo_v25,4,4096,2048,256,8,8,small_token_external_reference_snapshot,valid,0.0403177318293569,0.426111996,cutlass_stock,0.05081598953790785,79.3406409989922,,256,64,0,4,40,108,0,,20260916-141348-071c58,1,20260916-141348-071c58,1
mimo_v2_flash/mimo_v25,4,4096,2048,256,8,16,small_token_external_reference_snapshot,valid,0.07893999470411069,0.4352640065,cutlass_stock,0.1010532963451728,78.11718920525996,,256,64,0,4,40,108,0,,20260916-141348-071c58,2,20260916-141348-071c58,2
mimo_v2_flash/mimo_v25,4,4096,2048,256,8,32,small_token_external_reference_snapshot,valid,0.15111949894343285,0.45473600175,cutlass_stock,0.1990345829232516,75.9262519728569,,256,64,0,4,40,108,0,,20260916-141348-071c58,3,20260916-141348-071c58,3
mimo_v2_flash/mimo_v25,4,4096,2048,256,8,64,small_token_external_reference_snapshot,valid,0.2755259436880283,0.4988240005,cutlass_stock,0.39130533000311096,70.41200887446072,,256,64,0,4,40,108,0,,20260916-141348-071c58,4,20260916-141348-071c58,4
mimo_v2_flash/mimo_v25,4,4096,2048,256,8,96,small_token_external_reference_snapshot,valid,0.38301185399595483,0.5382560045,deepgemm_m128,0.5849992920152199,65.47219103061582,,256,64,0,4,40,108,0,,20260916-141348-071c58,5,20260916-141348-071c58,5
mimo_v2_flash/mimo_v25,4,4096,2048,256,8,128,small_token_external_reference_snapshot,valid,0.46846735833770825,0.5867599995,deepgemm_m128,0.7802293009106497,60.04226677861669,,256,64,0,4,40,108,0,,20260916-141348-071c58,6,20260916-141348-071c58,6
mimo_v2_flash/mimo_v25,4,4096,2048,256,8,192,release_equivalent,valid,0.5114832235849047,0.80612000825,deepgemm_m256,1.02182058292649,50.05606973780259,17.13193759447913,256,64,0,4,40,108,0,true,20260917-004438-75aef5,8,20260916-141348-071c58,7
mimo_v2_flash/mimo_v25,4,4096,2048,256,8,256,release_equivalent,valid,0.8132867550055339,0.675967991,deepgemm_m256,1.320893338812486,61.57096346149324,20.36072932926789,256,64,0,4,40,108,0,true,20260917-004438-75aef5,9,20260916-141348-071c58,8
mimo_v2_flash/mimo_v25,4,4096,2048,256,8,384,release_equivalent,valid,0.8981842362886742,0.91811199475,deepgemm_m128,1.3882909670846197,64.69711736112792,17.00010713752851,256,64,0,2,40,108,0,true,20260917-004438-75aef5,10,20260916-141348-071c58,9
mimo_v2_flash/mimo_v25,4,4096,2048,256,8,512,release_equivalent,valid,0.9673554085382975,1.1366159925,deepgemm_m128,1.4666099960186998,65.95859916162493,15.959655565025876,256,64,0,2,40,108,0,true,20260917-004438-75aef5,11,20260916-141348-071c58,10
mimo_v2_flash/mimo_v25,4,4096,2048,256,8,1024,release_equivalent,valid,1.0599868295990267,2.0745760175,cutlass_stock,1.3855221925478514,76.50450027435546,13.9224598213596,256,64,0,2,40,108,0,true,20260917-004438-75aef5,12,20260916-141348-071c58,11
mimo_v2_flash/mimo_v25,4,4096,2048,256,8,2048,release_equivalent,valid,1.1315479955305896,3.8867520675,deepgemm_m256,1.4081463325787735,80.35727320031842,6.046178233620991,256,64,0,2,40,108,0,true,20260917-004438-75aef5,13,20260916-141348-071c58,12
mimo_v2_flash/mimo_v25,4,4096,2048,256,8,4096,release_equivalent,valid,1.0965498312615305,8.021608112500001,deepgemm_m256,1.4021485453517446,78.20496871723735,18.304956087444356,256,64,0,2,40,108,0,true,20260917-004438-75aef5,14,20260916-141348-071c58,13
mimo_v2_flash/mimo_v25,4,4096,2048,256,8,8192,release_equivalent,valid,1.0261855370213122,17.14328005,cutlass_stock,1.2885911234568779,79.6362413446078,13.52740122214826,256,64,0,2,40,108,0,true,20260917-004438-75aef5,15,20260916-141348-071c58,14
mimo_v2_flash/mimo_v25,8,4096,2048,256,8,1,small_token_external_reference_snapshot,valid,0.004439150991221283,0.24187999599999999,deepgemm_m128,0.005888550320183758,75.38614344528102,,256,64,0,4,40,108,0,,20260916-141757-483633,0,20260916-141757-483633,0
mimo_v2_flash/mimo_v25,8,4096,2048,256,8,8,small_token_external_reference_snapshot,valid,0.03567722693282075,0.2407680005,deepgemm_m128,0.04708774350616358,75.76754432530996,,256,64,0,4,40,108,0,,20260916-141757-483633,1,20260916-141757-483633,1
mimo_v2_flash/mimo_v25,8,4096,2048,256,8,16,small_token_external_reference_snapshot,valid,0.06708999310494723,0.256072007,deepgemm_m128,0.0942250731477747,71.20184772871326,,256,64,0,4,40,108,0,,20260916-141757-483633,2,20260916-141757-483633,2
mimo_v2_flash/mimo_v25,8,4096,2048,256,8,32,small_token_external_reference_snapshot,valid,0.12848412637018602,0.267423995,deepgemm_m128,0.18849150054165525,68.16441378044628,,256,64,0,4,40,108,0,,20260916-141757-483633,3,20260916-141757-483633,3
mimo_v2_flash/mimo_v25,8,4096,2048,256,8,64,small_token_external_reference_snapshot,valid,0.22515621248096554,0.3052079975,deepgemm_m128,0.37881172285736464,59.43749860289949,,256,64,0,4,40,108,0,,20260916-141757-483633,4,20260916-141757-483633,4
mimo_v2_flash/mimo_v25,8,4096,2048,256,8,96,small_token_external_reference_snapshot,valid,0.30133777202067275,0.3420720025,deepgemm_m128,0.5712152236001073,52.753806196109245,,256,64,0,4,40,108,0,,20260916-141757-483633,5,20260916-141757-483633,5
mimo_v2_flash/mimo_v25,8,4096,2048,256,8,128,small_token_external_reference_snapshot,valid,0.3636489961459038,0.3779439925,deepgemm_m128,0.7574898260588481,48.007112918986266,,256,64,0,4,40,108,0,,20260916-141757-483633,6,20260916-141757-483633,6
mimo_v2_flash/mimo_v25,8,4096,2048,256,8,192,historical_transport_snapshot,valid,0.44936620090382257,0.4587760045,deepgemm_m256,0.9959344358267203,45.12005858405789,23.655987875451356,256,64,0,4,40,108,0,true,20260916-231905-faa30e,8,20260916-141757-483633,7
mimo_v2_flash/mimo_v25,8,4096,2048,256,8,256,historical_transport_snapshot,valid,0.6939819165764596,0.3960879965,deepgemm_m256,1.3271944791340748,52.28939145597159,27.533272836759636,256,64,0,4,40,108,0,true,20260916-231905-faa30e,9,20260916-141757-483633,8
mimo_v2_flash/mimo_v25,8,4096,2048,256,8,384,historical_transport_snapshot,valid,0.8034483998522822,0.513183996,deepgemm_m128,1.4276503979565969,56.2776714104701,26.152025305948932,256,64,0,2,40,108,0,true,20260916-231905-faa30e,10,20260916-141757-483633,9
mimo_v2_flash/mimo_v25,8,4096,2048,256,8,512,historical_transport_snapshot,valid,0.8917195665974713,0.6165120005,deepgemm_m256,1.599727111666633,55.7419799973545,24.75345279187311,256,64,0,2,40,108,0,true,20260916-231905-faa30e,11,20260916-141757-483633,10
mimo_v2_flash/mimo_v25,8,4096,2048,256,8,1024,historical_transport_snapshot,valid,1.010944768396842,1.0876080099999998,deepgemm_m256,1.6828366391754677,60.07385059622723,17.803471307645125,256,64,0,2,40,108,0,true,20260916-231905-faa30e,12,20260916-141757-483633,11
mimo_v2_flash/mimo_v25,8,4096,2048,256,8,2048,historical_transport_snapshot,valid,1.103701257053376,1.9924080375,deepgemm_m256,1.465319957834748,75.32151945055581,17.401255088040667,256,64,0,2,40,108,0,true,20260916-231905-faa30e,13,20260916-141757-483633,12
mimo_v2_flash/mimo_v25,8,4096,2048,256,8,4096,historical_transport_snapshot,valid,1.0719705438147709,4.102768062500001,deepgemm_m256,1.440150413083482,74.43462391678885,18.38251306217966,256,64,0,2,40,108,0,true,20260916-231905-faa30e,14,20260916-141757-483633,13
mimo_v2_flash/mimo_v25,8,4096,2048,256,8,8192,historical_transport_snapshot,valid,1.0424480112605286,8.437920094999999,deepgemm_m256,1.4034532886924018,74.27735712043383,16.31292995788911,256,64,0,2,40,108,0,true,20260916-231905-faa30e,15,20260916-141757-483633,14
mimo_v25_pro,4,6144,2048,384,8,1,small_token_external_reference_snapshot,valid,0.005590541806456779,0.864288002,cutlass_stock,0.006758950139309396,82.71316833575575,,256,64,1,8,40,108,0,,20260916-142105-689975,0,20260916-142105-689975,0
mimo_v25_pro,4,6144,2048,384,8,8,small_token_external_reference_snapshot,valid,0.04409496681945692,0.876623988,cutlass_stock,0.053687091274565404,82.13327593768744,,256,64,1,8,40,108,0,,20260916-142105-689975,1,20260916-142105-689975,1
mimo_v25_pro,4,6144,2048,384,8,16,small_token_external_reference_snapshot,valid,0.08557454369837271,0.9034159925,cutlass_stock,0.10632276652954865,80.48562550767552,,256,64,1,8,40,108,0,,20260916-142105-689975,2,20260916-142105-689975,2
mimo_v25_pro,4,6144,2048,384,8,32,small_token_external_reference_snapshot,valid,0.1660825005958384,0.9309760035,cutlass_stock,0.21058808271862361,78.86604904312122,,256,64,1,8,40,108,0,,20260916-142105-689975,3,20260916-142105-689975,3
mimo_v25_pro,4,6144,2048,384,8,64,small_token_external_reference_snapshot,valid,0.30808662750989046,1.00373602,cutlass_stock,0.41369805535911564,74.47137435597857,,256,64,1,8,40,108,0,,20260916-142105-689975,4,20260916-142105-689975,4
mimo_v25_pro,4,6144,2048,384,8,96,small_token_external_reference_snapshot,valid,0.4297673188636443,1.0793200125,deepgemm_m128,0.6145878110957498,69.9277322303889,,256,64,1,8,40,108,0,,20260916-142105-689975,5,20260916-142105-689975,5
mimo_v25_pro,4,6144,2048,384,8,128,small_token_external_reference_snapshot,valid,0.5477459623251608,1.1291279775,deepgemm_m128,0.8206246937466919,66.74743844525808,,256,64,1,8,40,108,0,,20260916-142105-689975,6,20260916-142105-689975,6
mimo_v25_pro,4,6144,2048,384,8,192,release_equivalent,valid,0.5395712639931879,1.7193520075,deepgemm_m256,1.0633349445905487,50.743302168157086,12.802496756906834,256,64,1,8,40,108,0,true,20260917-004438-75aef5,16,20260916-142105-689975,7
mimo_v25_pro,4,6144,2048,384,8,256,release_equivalent,valid,0.8790254699121598,1.407184005,deepgemm_m128,1.2925509550701229,68.00702645138438,18.585203965561004,256,64,1,8,40,108,0,true,20260917-004438-75aef5,17,20260916-142105-689975,8
mimo_v25_pro,4,6144,2048,384,8,384,release_equivalent,valid,0.9616993874810846,1.92932001,deepgemm_m128,1.3720641324788203,70.09143120326627,20.216863608852552,256,64,0,2,40,108,0,true,20260917-004438-75aef5,18,20260916-142105-689975,9
mimo_v25_pro,4,6144,2048,384,8,512,release_equivalent,valid,1.007580825385049,2.4552880525000003,deepgemm_m256,1.3144449745199551,76.65446975085624,15.984765091019781,256,64,0,2,40,108,0,true,20260917-004438-75aef5,19,20260916-142105-689975,10
mimo_v25_pro,4,6144,2048,384,8,1024,release_equivalent,valid,1.0837267841168652,4.5655440075,cutlass_stock,1.3147635470145065,82.42750467015404,13.065515062829004,256,64,0,2,40,108,0,true,20260917-004438-75aef5,20,20260916-142105-689975,11
mimo_v25_pro,4,6144,2048,384,8,2048,release_equivalent,valid,1.0917914638852,9.0636398775,cutlass_stock,1.3518851882936203,80.76066468804822,15.914401575913661,256,64,0,2,40,108,0,true,20260917-004438-75aef5,21,20260916-142105-689975,12
mimo_v25_pro,4,6144,2048,384,8,4096,release_equivalent,valid,1.0720109714982604,18.461760025,cutlass_stock,1.3024220259293025,82.30903272181385,16.793675526068895,256,64,0,2,40,108,0,true,20260917-004438-75aef5,22,20260916-142105-689975,13
mimo_v25_pro,4,6144,2048,384,8,8192,release_equivalent,insufficient_memory,,,cutlass_stock,1.2752018507794367,,,256,64,0,2,40,108,0,true,20260917-004438-75aef5,23,20260916-142105-689975,14
mimo_v25_pro,8,6144,2048,384,8,1,small_token_external_reference_snapshot,valid,0.004883564848740825,0.49470400800000003,cutlass_stock,0.0064109944126213335,76.17484175507225,,256,64,1,8,40,108,0,,20260916-142859-ef8869,0,20260916-142859-ef8869,0
mimo_v25_pro,8,6144,2048,384,8,8,small_token_external_reference_snapshot,valid,0.03930880446511555,0.49167999625000003,cutlass_stock,0.05072476452881106,77.49430644037514,,256,64,1,8,40,108,0,,20260916-142859-ef8869,1,20260916-142859-ef8869,1
mimo_v25_pro,8,6144,2048,384,8,16,small_token_external_reference_snapshot,valid,0.07594125511866597,0.5090079905,cutlass_stock,0.10144526809228199,74.85933700681265,,256,64,1,8,40,108,0,,20260916-142859-ef8869,2,20260916-142859-ef8869,2
mimo_v25_pro,8,6144,2048,384,8,32,small_token_external_reference_snapshot,valid,0.14624429380299414,0.5286319850000001,deepgemm_m128,0.20130142932133482,72.64940656210955,,256,64,1,8,40,108,0,,20260916-142859-ef8869,3,20260916-142859-ef8869,3
mimo_v25_pro,8,6144,2048,384,8,64,small_token_external_reference_snapshot,valid,0.26388346181688144,0.58593600975,deepgemm_m128,0.40360333878196775,65.38188276966535,,256,64,1,8,40,108,0,,20260916-142859-ef8869,4,20260916-142859-ef8869,4
mimo_v25_pro,8,6144,2048,384,8,96,small_token_external_reference_snapshot,valid,0.3583032029282813,0.647296011,deepgemm_m128,0.6053670862137916,59.18775749260718,,256,64,1,8,40,108,0,,20260916-142859-ef8869,5,20260916-142859-ef8869,5
mimo_v25_pro,8,6144,2048,384,8,128,small_token_external_reference_snapshot,valid,0.4390235329479108,0.704376012,deepgemm_m128,0.8073246870761185,54.38004559700991,,256,64,1,8,40,108,0,,20260916-142859-ef8869,6,20260916-142859-ef8869,6
mimo_v25_pro,8,6144,2048,384,8,192,historical_transport_snapshot,valid,0.5009552146046096,0.9259439855,deepgemm_m256,1.065866246862385,46.999819731536014,19.33508017802228,256,64,1,8,40,108,0,true,20260916-231905-faa30e,16,20260916-142859-ef8869,7
mimo_v25_pro,8,6144,2048,384,8,256,historical_transport_snapshot,valid,0.7924781120512103,0.780432016,deepgemm_m256,1.4080064794653144,56.28369781026513,27.366377771718664,256,64,1,8,40,108,0,true,20260916-231905-faa30e,17,20260916-142859-ef8869,8
mimo_v25_pro,8,6144,2048,384,8,384,historical_transport_snapshot,valid,0.8907366622515631,1.0415120150000001,deepgemm_m128,1.397680083241393,63.72965265311892,22.063307162135803,256,64,0,2,40,108,0,true,20260916-231905-faa30e,18,20260916-142859-ef8869,9
mimo_v25_pro,8,6144,2048,384,8,512,historical_transport_snapshot,valid,0.972463756680602,1.2719760225,deepgemm_m256,1.4773722524339616,65.8238812241447,21.16580719586636,256,64,0,2,40,108,0,true,20260916-231905-faa30e,19,20260916-142859-ef8869,10
mimo_v25_pro,8,6144,2048,384,8,1024,historical_transport_snapshot,valid,1.0563198792546544,2.342000005,deepgemm_m256,1.3872508743746776,76.14483427381548,14.75525210342603,256,64,0,2,40,108,0,true,20260916-231905-faa30e,20,20260916-142859-ef8869,11
mimo_v25_pro,8,6144,2048,384,8,2048,historical_transport_snapshot,valid,1.1037204966528429,4.48283994,deepgemm_m256,1.3978706257308045,78.95727089020271,19.41787096239713,256,64,0,2,40,108,0,true,20260916-231905-faa30e,21,20260916-142859-ef8869,12
mimo_v25_pro,8,6144,2048,384,8,4096,historical_transport_snapshot,valid,1.051776857512916,9.4084639525,deepgemm_m256,1.378489756773066,76.29921458212655,14.906832609241484,256,64,0,2,40,108,0,true,20260916-231905-faa30e,22,20260916-142859-ef8869,13
mimo_v25_pro,8,6144,2048,384,8,8192,historical_transport_snapshot,valid,1.0077409417135126,19.639183525,,,,,256,64,0,2,40,108,0,true,20260916-231905-faa30e,23,,
mixtral_8x7b,4,4096,14336,8,2,1,small_token_external_reference_snapshot,valid,0.002848285590462419,0.16492800075,deepgemm_m128,0.005210315468715913,54.66627899144044,,256,64,0,8,20,128,0,,20260916-143226-056a81,0,20260916-143226-056a81,0
mixtral_8x7b,4,4096,14336,8,2,8,small_token_external_reference_snapshot,valid,0.023506908661520113,0.159871995,deepgemm_m128,0.04163080803371948,56.465175123385436,,256,64,0,8,20,128,0,,20260916-143226-056a81,1,20260916-143226-056a81,1
mixtral_8x7b,4,4096,14336,8,2,16,small_token_external_reference_snapshot,valid,0.04701852176345287,0.159855999,deepgemm_m128,0.08329114169331847,56.450807141745116,,256,64,0,8,20,128,0,,20260916-143226-056a81,2,20260916-143226-056a81,2
mixtral_8x7b,4,4096,14336,8,2,32,small_token_external_reference_snapshot,valid,0.10177923534230407,0.147695996,deepgemm_m128,0.1665675166708054,61.103891909161845,,256,64,0,8,20,128,0,,20260916-143226-056a81,3,20260916-143226-056a81,3
mixtral_8x7b,4,4096,14336,8,2,64,small_token_external_reference_snapshot,valid,0.21904157936439647,0.13725600025,deepgemm_m128,0.3333418777569581,65.7107894268542,,256,64,0,8,20,128,0,,20260916-143226-056a81,4,20260916-143226-056a81,4
mixtral_8x7b,4,4096,14336,8,2,96,small_token_external_reference_snapshot,valid,0.33310551855492654,0.13538399725,deepgemm_m128,0.500456723385124,66.56030441588989,,256,64,0,8,20,128,0,,20260916-143226-056a81,5,20260916-143226-056a81,5
mixtral_8x7b,4,4096,14336,8,2,128,small_token_external_reference_snapshot,valid,0.43360983479880333,0.13867199800000002,deepgemm_m128,0.6669203798107098,65.01673182065205,,256,64,0,8,20,128,0,,20260916-143226-056a81,6,20260916-143226-056a81,6
mixtral_8x7b,4,4096,14336,8,2,192,release_equivalent,valid,0.5565626304081427,0.16205599925,deepgemm_m256,0.8303350384445426,67.02868175366238,28.330948229304752,256,64,0,8,20,128,0,true,20260917-004438-75aef5,24,20260916-143226-056a81,7
mixtral_8x7b,4,4096,14336,8,2,256,release_equivalent,valid,0.7333586420299624,0.163984001,deepgemm_m256,1.1064614652470306,66.27963693848402,17.479756455021466,256,64,0,8,20,128,0,true,20260917-004438-75aef5,25,20260916-143226-056a81,8
mixtral_8x7b,4,4096,14336,8,2,384,release_equivalent,valid,0.8387983816048064,0.215056002,deepgemm_m128,1.3339197016966355,62.882224510060404,18.629562591794112,256,64,1,8,20,128,0,true,20260917-004438-75aef5,26,20260916-143226-056a81,9
mixtral_8x7b,4,4096,14336,8,2,512,release_equivalent,valid,0.958239707806855,0.251000002,deepgemm_m128,1.484826729988642,64.5354564578848,20.41434137120046,256,64,1,8,20,128,0,true,20260917-004438-75aef5,27,20260916-143226-056a81,10
mixtral_8x7b,4,4096,14336,8,2,1024,release_equivalent,valid,1.1024851701379808,0.436320007,deepgemm_m256,1.5555839712466495,70.87275200286655,24.16390993044697,256,64,1,8,20,128,0,true,20260917-004438-75aef5,28,20260916-143226-056a81,11
mixtral_8x7b,4,4096,14336,8,2,2048,release_equivalent,valid,1.1800634272596064,0.81527200325,deepgemm_m256,1.574855072649282,74.93155705270442,17.954254980728734,256,64,1,8,20,128,0,true,20260917-004438-75aef5,29,20260916-143226-056a81,12
mixtral_8x7b,4,4096,14336,8,2,4096,release_equivalent,valid,1.2678068301867003,1.517695995,deepgemm_m256,1.5822314461898452,80.12777354663835,19.021464506137818,256,64,1,8,20,128,0,true,20260917-004438-75aef5,30,20260916-143226-056a81,13
mixtral_8x7b,4,4096,14336,8,2,8192,release_equivalent,valid,1.2375262216526988,3.109663965,deepgemm_m256,1.4399569416608256,85.94189075024381,12.158997620181754,256,64,1,8,20,128,0,true,20260917-004438-75aef5,31,20260916-143226-056a81,14
mixtral_8x7b,8,4096,14336,8,2,1,small_token_external_reference_snapshot,valid,0.004367117081135268,0.1075679995,deepgemm_m128,0.009518602134084456,45.87981533020887,,256,64,0,8,20,128,0,,20260916-143404-782945,0,20260916-143404-782945,0
mixtral_8x7b,8,4096,14336,8,2,8,small_token_external_reference_snapshot,valid,0.01730119505008839,0.10860800000000001,deepgemm_m128,0.038086756422329615,45.42575077342369,,256,64,0,8,20,128,0,,20260916-143404-782945,1,20260916-143404-782945,1
mixtral_8x7b,8,4096,14336,8,2,16,small_token_external_reference_snapshot,valid,0.035966775495273745,0.1044879985,deepgemm_m128,0.07613647513272241,47.23987475461117,,256,64,0,8,20,128,0,,20260916-143404-782945,2,20260916-143404-782945,2
mixtral_8x7b,8,4096,14336,8,2,32,small_token_external_reference_snapshot,valid,0.07188951755958296,0.104551999,deepgemm_m128,0.15222360688729508,47.226260781489216,,256,64,0,8,20,128,0,,20260916-143404-782945,3,20260916-143404-782945,3
mixtral_8x7b,8,4096,14336,8,2,64,small_token_external_reference_snapshot,valid,0.154311257600576,0.09741600042500001,deepgemm_m128,0.30449654907959367,50.67750622035455,,256,64,0,8,20,128,0,,20260916-143404-782945,4,20260916-143404-782945,4
mixtral_8x7b,8,4096,14336,8,2,96,small_token_external_reference_snapshot,valid,0.2391863722854622,0.094272002575,deepgemm_m128,0.4567448238506865,52.36761530627747,,256,64,0,8,20,128,0,,20260916-143404-782945,5,20260916-143404-782945,5
mixtral_8x7b,8,4096,14336,8,2,128,small_token_external_reference_snapshot,valid,0.3139595947920359,0.095760000875,deepgemm_m128,0.6087957879831355,51.57059246946252,,256,64,0,8,20,128,0,,20260916-143404-782945,6,20260916-143404-782945,6
mixtral_8x7b,8,4096,14336,8,2,192,historical_transport_snapshot,valid,0.4171336827760417,0.10811199974999999,deepgemm_m256,0.7564606317775991,55.142814477446564,10.034035791665197,256,64,0,8,20,128,0,true,20260916-231905-faa30e,24,20260916-143404-782945,7
mixtral_8x7b,8,4096,14336,8,2,256,historical_transport_snapshot,valid,0.5639823492158775,0.106616,deepgemm_m256,1.0086141757034655,55.91655985030389,17.295714526900284,256,64,0,8,20,128,0,true,20260916-231905-faa30e,25,20260916-143404-782945,8
mixtral_8x7b,8,4096,14336,8,2,384,historical_transport_snapshot,valid,0.6983578513379585,0.129152,deepgemm_m128,1.2540922304783093,55.68632309217046,20.63924832755204,256,64,1,8,20,128,0,true,20260916-231905-faa30e,26,20260916-143404-782945,9
mixtral_8x7b,8,4096,14336,8,2,512,historical_transport_snapshot,valid,0.7722777277372834,0.15571999549999999,deepgemm_m128,1.3318317698586126,57.98613197365524,23.097872488700368,256,64,1,8,20,128,0,true,20260916-231905-faa30e,27,20260916-143404-782945,10
mixtral_8x7b,8,4096,14336,8,2,1024,historical_transport_snapshot,valid,0.9736947040282281,0.24701599749999997,deepgemm_m256,1.555262082406999,62.60647096348488,23.528842499360824,256,64,1,8,20,128,0,true,20260916-231905-faa30e,28,20260916-143404-782945,11
mixtral_8x7b,8,4096,14336,8,2,2048,historical_transport_snapshot,valid,1.0746629732865935,0.447615996,deepgemm_m256,1.6895067284931653,63.60809076179663,26.49414013568898,256,64,1,8,20,128,0,true,20260916-231905-faa30e,29,20260916-143404-782945,12
mixtral_8x7b,8,4096,14336,8,2,4096,historical_transport_snapshot,valid,1.1561594733712144,0.8321280035,deepgemm_m256,1.7329897066003326,66.71473402108622,19.128786716766232,256,64,1,8,20,128,0,true,20260916-231905-faa30e,30,20260916-143404-782945,13
mixtral_8x7b,8,4096,14336,8,2,8192,historical_transport_snapshot,valid,1.2365464231155843,1.55606398,deepgemm_m256,1.4760968260932126,83.77136250528723,16.675408648685508,256,64,1,8,20,128,0,true,20260916-231905-faa30e,31,20260916-143404-782945,14
mixtral_8x22b,4,6144,16384,8,2,1,small_token_external_reference_snapshot,valid,0.003464935150764147,0.232416,deepgemm_m128,0.006133891868278239,56.488363752925785,,256,64,0,1,20,128,0,,20260916-143531-75780c,0,20260916-143531-75780c,0
mixtral_8x22b,4,6144,16384,8,2,8,small_token_external_reference_snapshot,valid,0.029103952846981865,0.221359998,deepgemm_m128,0.04905618797496668,59.32779135189546,,256,64,0,1,20,128,0,,20260916-143531-75780c,1,20260916-143531-75780c,1
mixtral_8x22b,4,6144,16384,8,2,16,small_token_external_reference_snapshot,valid,0.058768618479100636,0.219247997,deepgemm_m128,0.0975006235235053,60.27512066621069,,256,64,0,1,20,128,0,,20260916-143531-75780c,2,20260916-143531-75780c,2
mixtral_8x22b,4,6144,16384,8,2,32,small_token_external_reference_snapshot,valid,0.12450624118738404,0.206976,deepgemm_m128,0.19357163117263354,64.32050008213513,,256,64,0,1,20,128,0,,20260916-143531-75780c,3,20260916-143531-75780c,3
mixtral_8x22b,4,6144,16384,8,2,64,small_token_external_reference_snapshot,valid,0.27788348883101516,0.185472004,deepgemm_m128,0.39252124171453245,70.79450977410046,,256,64,0,1,20,128,0,,20260916-143531-75780c,4,20260916-143531-75780c,4
mixtral_8x22b,4,6144,16384,8,2,96,small_token_external_reference_snapshot,valid,0.4124664432965049,0.18743200225,deepgemm_m128,0.5891767246031747,70.0072535238576,,256,64,0,1,20,128,0,,20260916-143531-75780c,5,20260916-143531-75780c,5
mixtral_8x22b,4,6144,16384,8,2,128,small_token_external_reference_snapshot,valid,0.5409278554203232,0.19056000550000002,deepgemm_m128,0.7855689661375663,68.85809887321818,,256,64,0,1,20,128,0,,20260916-143531-75780c,6,20260916-143531-75780c,6
mixtral_8x22b,4,6144,16384,8,2,192,release_equivalent,valid,0.6136641404436841,0.2519600095,deepgemm_m256,1.0068951870377323,60.946178742702415,28.518808259530548,256,64,0,1,20,128,0,true,20260917-004552-206fd1,0,20260916-143531-75780c,7
mixtral_8x22b,4,6144,16384,8,2,256,release_equivalent,valid,0.8900871643165733,0.23161600175000002,deepgemm_m256,1.3403622257867929,66.4064644013742,17.65681211186003,256,64,0,1,20,128,0,true,20260917-004552-206fd1,1,20260916-143531-75780c,8
mixtral_8x22b,4,6144,16384,8,2,384,release_equivalent,valid,0.986492095767598,0.313471995,deepgemm_m128,1.3964850406734446,70.6410786392577,17.98438031123002,256,64,1,8,20,128,0,true,20260917-004552-206fd1,2,20260916-143531-75780c,9
mixtral_8x22b,4,6144,16384,8,2,512,release_equivalent,valid,1.0620372880545652,0.388232,deepgemm_m256,1.6102101991749151,65.9564377743205,22.1413983133796,256,64,1,8,20,128,0,true,20260917-004552-206fd1,3,20260916-143531-75780c,10
mixtral_8x22b,4,6144,16384,8,2,1024,release_equivalent,valid,1.173942734714516,0.7024479955,cutlass_stock,1.5276199855851995,76.84782509995787,23.78767109030777,256,64,1,8,20,128,0,true,20260917-004552-206fd1,4,20260916-143531-75780c,11
mixtral_8x22b,4,6144,16384,8,2,2048,release_equivalent,valid,1.2382779943620152,1.3319040224999998,deepgemm_m256,1.5531931250055677,79.72466362530264,19.910142399168286,256,64,1,8,20,128,0,true,20260917-004552-206fd1,5,20260916-143531-75780c,12
mixtral_8x22b,4,6144,16384,8,2,4096,release_equivalent,valid,1.2578881279586007,2.6222800025,deepgemm_m256,1.3989409157320345,89.9171733282514,14.666320706916958,256,64,1,8,20,128,0,true,20260917-004552-206fd1,6,20260916-143531-75780c,13
mixtral_8x22b,4,6144,16384,8,2,8192,release_equivalent,valid,1.233458671889739,5.3484319475,deepgemm_m256,1.400656493867777,88.06289602696678,11.648572957747238,256,64,1,8,20,128,0,true,20260917-004552-206fd1,7,20260916-143531-75780c,14
mixtral_8x22b,8,6144,16384,8,2,1,small_token_external_reference_snapshot,valid,0.005572591751170723,0.144511998,deepgemm_m128,0.011214716124628498,49.68999383705151,,256,64,0,1,20,128,0,,20260916-143729-b7220d,0,20260916-143729-b7220d,0
mixtral_8x22b,8,6144,16384,8,2,8,small_token_external_reference_snapshot,valid,0.021693507067395187,0.14848799975,deepgemm_m128,0.044848871372429634,48.37024077428856,,256,64,0,1,20,128,0,,20260916-143729-b7220d,1,20260916-143729-b7220d,1
mixtral_8x22b,8,6144,16384,8,2,16,small_token_external_reference_snapshot,valid,0.045549001426781636,0.141440004,deepgemm_m128,0.08971772899702798,50.76923138378871,,256,64,0,1,20,128,0,,20260916-143729-b7220d,2,20260916-143729-b7220d,2
mixtral_8x22b,8,6144,16384,8,2,32,small_token_external_reference_snapshot,valid,0.0944917997736224,0.13636000075,deepgemm_m128,0.17943545799405597,52.660606119863196,,256,64,0,1,20,128,0,,20260916-143729-b7220d,3,20260916-143729-b7220d,3
mixtral_8x22b,8,6144,16384,8,2,64,small_token_external_reference_snapshot,valid,0.2019450471291373,0.127608001,deepgemm_m128,0.3587909709794371,56.284874331665144,,256,64,0,1,20,128,0,,20260916-143729-b7220d,4,20260916-143729-b7220d,4
mixtral_8x22b,8,6144,16384,8,2,96,small_token_external_reference_snapshot,valid,0.31965059062377427,0.120927997,deepgemm_m128,0.5381864564691555,59.39402353617087,,256,64,0,1,20,128,0,,20260916-143729-b7220d,5,20260916-143729-b7220d,5
mixtral_8x22b,8,6144,16384,8,2,128,small_token_external_reference_snapshot,valid,0.4267654193578795,0.12076800325,deepgemm_m128,0.717422123162464,59.485957510852515,,256,64,0,1,20,128,0,,20260916-143729-b7220d,6,20260916-143729-b7220d,6
mixtral_8x22b,8,6144,16384,8,2,192,historical_transport_snapshot,valid,0.5239184828408784,0.14755999999999997,deepgemm_m256,0.9420624423628198,55.61398685280565,13.895365783410153,256,64,0,1,20,128,0,true,20260916-232039-0720bb,0,20260916-143729-b7220d,7
mixtral_8x22b,8,6144,16384,8,2,256,historical_transport_snapshot,valid,0.7456972157497247,0.13823199675,deepgemm_m256,1.2555936470192852,59.39001184977095,18.606403983671015,256,64,0,1,20,128,0,true,20260916-232039-0720bb,1,20260916-143729-b7220d,8
mixtral_8x22b,8,6144,16384,8,2,384,historical_transport_snapshot,valid,0.852815285061533,0.18130400024999999,deepgemm_m128,1.2791947231351517,66.66813657356136,18.15734854421671,256,64,1,8,20,128,0,true,20260916-232039-0720bb,2,20260916-143729-b7220d,9
mixtral_8x22b,8,6144,16384,8,2,512,historical_transport_snapshot,valid,0.9426367600608165,0.21870400025,deepgemm_m128,1.511336786103667,62.37105910000382,20.893989226427045,256,64,1,8,20,128,0,true,20260916-232039-0720bb,3,20260916-143729-b7220d,10
mixtral_8x22b,8,6144,16384,8,2,1024,historical_transport_snapshot,valid,1.0808348208069265,0.3814799935,deepgemm_m256,1.7273722970847505,62.571040570178674,24.299049119072613,256,64,1,8,20,128,0,true,20260916-232039-0720bb,4,20260916-143729-b7220d,11
mixtral_8x22b,8,6144,16384,8,2,2048,historical_transport_snapshot,valid,1.1384685282815543,0.72433598325,deepgemm_m256,1.731288947905993,65.7584356244254,25.265623202766662,256,64,1,8,20,128,0,true,20260916-232039-0720bb,5,20260916-143729-b7220d,12
mixtral_8x22b,8,6144,16384,8,2,4096,historical_transport_snapshot,valid,1.2465213958979808,1.323095975,deepgemm_m256,1.569762102443713,79.40829976449744,20.427848214110078,256,64,1,8,20,128,0,true,20260916-232039-0720bb,6,20260916-143729-b7220d,13
mixtral_8x22b,8,6144,16384,8,2,8192,historical_transport_snapshot,insufficient_memory,,,deepgemm_m256,1.497156327023809,,,256,64,1,8,20,128,0,true,20260916-232039-0720bb,7,20260916-143729-b7220d,14
