id,m,n,k,operand_layout,p50_ms,p95_ms,pflops,algorithm,tile,split_k,workspace_bytes,sms,half_drift,run_id,source_id,library_sha256
"artificial_small.qkv.dgrad.s16384.cp4",4096,4096,4096,"nn",0.10526399686932564,0.1072911974042654,1.305659651538942,66,23,1,0,148,0.0009119996755447021,"20260910-144936-dacb6f","1d05d5c6ecc0f88b6fe667e3fe234908666fe1378f6f526e53449196a4d5f761","fc257ced4151346f3eab61fe5e56dbd8ba9fee301c741c7872e59d10148bfe28"
"representative_small.oproj.dgrad.s16384.cp4",4096,4096,4096,"nn",0.10526399686932564,0.1072911974042654,1.305659651538942,66,23,1,0,148,0.0009119996755447021,"20260910-144936-dacb6f","1d05d5c6ecc0f88b6fe667e3fe234908666fe1378f6f526e53449196a4d5f761","fc257ced4151346f3eab61fe5e56dbd8ba9fee301c741c7872e59d10148bfe28"
"llama3_8b.oproj.dgrad.s16384.cp4",4096,4096,4096,"nn",0.10526399686932564,0.1072911974042654,1.305659651538942,66,23,1,0,148,0.0009119996755447021,"20260910-144936-dacb6f","1d05d5c6ecc0f88b6fe667e3fe234908666fe1378f6f526e53449196a4d5f761","fc257ced4151346f3eab61fe5e56dbd8ba9fee301c741c7872e59d10148bfe28"
"artificial_small.qkv.dgrad.s16384.cp8",2048,4096,4096,"nn",0.05867199972271919,0.0607536006718874,1.1712482455134419,66,29,1,0,148,0.0010908182374904324,"20260910-144936-dacb6f","1d05d5c6ecc0f88b6fe667e3fe234908666fe1378f6f526e53449196a4d5f761","fc257ced4151346f3eab61fe5e56dbd8ba9fee301c741c7872e59d10148bfe28"
"representative_small.oproj.dgrad.s16384.cp8",2048,4096,4096,"nn",0.05867199972271919,0.0607536006718874,1.1712482455134419,66,29,1,0,148,0.0010908182374904324,"20260910-144936-dacb6f","1d05d5c6ecc0f88b6fe667e3fe234908666fe1378f6f526e53449196a4d5f761","fc257ced4151346f3eab61fe5e56dbd8ba9fee301c741c7872e59d10148bfe28"
"llama3_8b.oproj.dgrad.s16384.cp8",2048,4096,4096,"nn",0.05867199972271919,0.0607536006718874,1.1712482455134419,66,29,1,0,148,0.0010908182374904324,"20260910-144936-dacb6f","1d05d5c6ecc0f88b6fe667e3fe234908666fe1378f6f526e53449196a4d5f761","fc257ced4151346f3eab61fe5e56dbd8ba9fee301c741c7872e59d10148bfe28"
"artificial_small.qkv.dgrad.s65536.cp4",16384,4096,4096,"nn",0.38097600638866425,0.38533280938863756,1.4430195200459683,66,23,1,0,148,0.005039647603282796,"20260910-144936-dacb6f","1d05d5c6ecc0f88b6fe667e3fe234908666fe1378f6f526e53449196a4d5f761","fc257ced4151346f3eab61fe5e56dbd8ba9fee301c741c7872e59d10148bfe28"
"artificial_small.qkv.dgrad.s131072.cp8",16384,4096,4096,"nn",0.38097600638866425,0.38533280938863756,1.4430195200459683,66,23,1,0,148,0.005039647603282796,"20260910-144936-dacb6f","1d05d5c6ecc0f88b6fe667e3fe234908666fe1378f6f526e53449196a4d5f761","fc257ced4151346f3eab61fe5e56dbd8ba9fee301c741c7872e59d10148bfe28"
"representative_small.oproj.dgrad.s65536.cp4",16384,4096,4096,"nn",0.38097600638866425,0.38533280938863756,1.4430195200459683,66,23,1,0,148,0.005039647603282796,"20260910-144936-dacb6f","1d05d5c6ecc0f88b6fe667e3fe234908666fe1378f6f526e53449196a4d5f761","fc257ced4151346f3eab61fe5e56dbd8ba9fee301c741c7872e59d10148bfe28"
"representative_small.oproj.dgrad.s131072.cp8",16384,4096,4096,"nn",0.38097600638866425,0.38533280938863756,1.4430195200459683,66,23,1,0,148,0.005039647603282796,"20260910-144936-dacb6f","1d05d5c6ecc0f88b6fe667e3fe234908666fe1378f6f526e53449196a4d5f761","fc257ced4151346f3eab61fe5e56dbd8ba9fee301c741c7872e59d10148bfe28"
"llama3_8b.oproj.dgrad.s65536.cp4",16384,4096,4096,"nn",0.38097600638866425,0.38533280938863756,1.4430195200459683,66,23,1,0,148,0.005039647603282796,"20260910-144936-dacb6f","1d05d5c6ecc0f88b6fe667e3fe234908666fe1378f6f526e53449196a4d5f761","fc257ced4151346f3eab61fe5e56dbd8ba9fee301c741c7872e59d10148bfe28"
"llama3_8b.oproj.dgrad.s131072.cp8",16384,4096,4096,"nn",0.38097600638866425,0.38533280938863756,1.4430195200459683,66,23,1,0,148,0.005039647603282796,"20260910-144936-dacb6f","1d05d5c6ecc0f88b6fe667e3fe234908666fe1378f6f526e53449196a4d5f761","fc257ced4151346f3eab61fe5e56dbd8ba9fee301c741c7872e59d10148bfe28"
"artificial_small.qkv.dgrad.s65536.cp8",8192,4096,4096,"nn",0.1974240019917488,0.20007359609007835,1.3923226364111914,66,23,1,0,148,0.0012967113761628748,"20260910-144936-dacb6f","1d05d5c6ecc0f88b6fe667e3fe234908666fe1378f6f526e53449196a4d5f761","fc257ced4151346f3eab61fe5e56dbd8ba9fee301c741c7872e59d10148bfe28"
"representative_small.oproj.dgrad.s65536.cp8",8192,4096,4096,"nn",0.1974240019917488,0.20007359609007835,1.3923226364111914,66,23,1,0,148,0.0012967113761628748,"20260910-144936-dacb6f","1d05d5c6ecc0f88b6fe667e3fe234908666fe1378f6f526e53449196a4d5f761","fc257ced4151346f3eab61fe5e56dbd8ba9fee301c741c7872e59d10148bfe28"
"llama3_8b.oproj.dgrad.s65536.cp8",8192,4096,4096,"nn",0.1974240019917488,0.20007359609007835,1.3923226364111914,66,23,1,0,148,0.0012967113761628748,"20260910-144936-dacb6f","1d05d5c6ecc0f88b6fe667e3fe234908666fe1378f6f526e53449196a4d5f761","fc257ced4151346f3eab61fe5e56dbd8ba9fee301c741c7872e59d10148bfe28"
"artificial_small.qkv.dgrad.s131072.cp4",32768,4096,4096,"nn",0.7647520005702972,0.7732111752033234,1.4377361902369172,66,23,1,0,148,0.0033056622237972997,"20260910-144936-dacb6f","1d05d5c6ecc0f88b6fe667e3fe234908666fe1378f6f526e53449196a4d5f761","fc257ced4151346f3eab61fe5e56dbd8ba9fee301c741c7872e59d10148bfe28"
"artificial_small.qkv.dgrad.s262144.cp8",32768,4096,4096,"nn",0.7647520005702972,0.7732111752033234,1.4377361902369172,66,23,1,0,148,0.0033056622237972997,"20260910-144936-dacb6f","1d05d5c6ecc0f88b6fe667e3fe234908666fe1378f6f526e53449196a4d5f761","fc257ced4151346f3eab61fe5e56dbd8ba9fee301c741c7872e59d10148bfe28"
"representative_small.oproj.dgrad.s131072.cp4",32768,4096,4096,"nn",0.7647520005702972,0.7732111752033234,1.4377361902369172,66,23,1,0,148,0.0033056622237972997,"20260910-144936-dacb6f","1d05d5c6ecc0f88b6fe667e3fe234908666fe1378f6f526e53449196a4d5f761","fc257ced4151346f3eab61fe5e56dbd8ba9fee301c741c7872e59d10148bfe28"
"representative_small.oproj.dgrad.s262144.cp8",32768,4096,4096,"nn",0.7647520005702972,0.7732111752033234,1.4377361902369172,66,23,1,0,148,0.0033056622237972997,"20260910-144936-dacb6f","1d05d5c6ecc0f88b6fe667e3fe234908666fe1378f6f526e53449196a4d5f761","fc257ced4151346f3eab61fe5e56dbd8ba9fee301c741c7872e59d10148bfe28"
"llama3_8b.oproj.dgrad.s131072.cp4",32768,4096,4096,"nn",0.7647520005702972,0.7732111752033234,1.4377361902369172,66,23,1,0,148,0.0033056622237972997,"20260910-144936-dacb6f","1d05d5c6ecc0f88b6fe667e3fe234908666fe1378f6f526e53449196a4d5f761","fc257ced4151346f3eab61fe5e56dbd8ba9fee301c741c7872e59d10148bfe28"
"llama3_8b.oproj.dgrad.s262144.cp8",32768,4096,4096,"nn",0.7647520005702972,0.7732111752033234,1.4377361902369172,66,23,1,0,148,0.0033056622237972997,"20260910-144936-dacb6f","1d05d5c6ecc0f88b6fe667e3fe234908666fe1378f6f526e53449196a4d5f761","fc257ced4151346f3eab61fe5e56dbd8ba9fee301c741c7872e59d10148bfe28"
"artificial_small.qkv.dgrad.s262144.cp4",65536,4096,4096,"nn",1.5035359859466553,1.5185631930828094,1.46256775767655,66,23,1,0,148,0.002596535806251761,"20260910-144936-dacb6f","1d05d5c6ecc0f88b6fe667e3fe234908666fe1378f6f526e53449196a4d5f761","fc257ced4151346f3eab61fe5e56dbd8ba9fee301c741c7872e59d10148bfe28"
"artificial_small.qkv.dgrad.s524288.cp8",65536,4096,4096,"nn",1.5035359859466553,1.5185631930828094,1.46256775767655,66,23,1,0,148,0.002596535806251761,"20260910-144936-dacb6f","1d05d5c6ecc0f88b6fe667e3fe234908666fe1378f6f526e53449196a4d5f761","fc257ced4151346f3eab61fe5e56dbd8ba9fee301c741c7872e59d10148bfe28"
"representative_small.oproj.dgrad.s262144.cp4",65536,4096,4096,"nn",1.5035359859466553,1.5185631930828094,1.46256775767655,66,23,1,0,148,0.002596535806251761,"20260910-144936-dacb6f","1d05d5c6ecc0f88b6fe667e3fe234908666fe1378f6f526e53449196a4d5f761","fc257ced4151346f3eab61fe5e56dbd8ba9fee301c741c7872e59d10148bfe28"
"representative_small.oproj.dgrad.s524288.cp8",65536,4096,4096,"nn",1.5035359859466553,1.5185631930828094,1.46256775767655,66,23,1,0,148,0.002596535806251761,"20260910-144936-dacb6f","1d05d5c6ecc0f88b6fe667e3fe234908666fe1378f6f526e53449196a4d5f761","fc257ced4151346f3eab61fe5e56dbd8ba9fee301c741c7872e59d10148bfe28"
"llama3_8b.oproj.dgrad.s262144.cp4",65536,4096,4096,"nn",1.5035359859466553,1.5185631930828094,1.46256775767655,66,23,1,0,148,0.002596535806251761,"20260910-144936-dacb6f","1d05d5c6ecc0f88b6fe667e3fe234908666fe1378f6f526e53449196a4d5f761","fc257ced4151346f3eab61fe5e56dbd8ba9fee301c741c7872e59d10148bfe28"
"llama3_8b.oproj.dgrad.s524288.cp8",65536,4096,4096,"nn",1.5035359859466553,1.5185631930828094,1.46256775767655,66,23,1,0,148,0.002596535806251761,"20260910-144936-dacb6f","1d05d5c6ecc0f88b6fe667e3fe234908666fe1378f6f526e53449196a4d5f761","fc257ced4151346f3eab61fe5e56dbd8ba9fee301c741c7872e59d10148bfe28"
"artificial_small.qkv.dgrad.s524288.cp4",131072,4096,4096,"nn",2.990000009536743,3.006321597099304,1.4709185608950592,66,23,1,0,148,0.004066910619107663,"20260910-144936-dacb6f","1d05d5c6ecc0f88b6fe667e3fe234908666fe1378f6f526e53449196a4d5f761","fc257ced4151346f3eab61fe5e56dbd8ba9fee301c741c7872e59d10148bfe28"
"representative_small.oproj.dgrad.s524288.cp4",131072,4096,4096,"nn",2.990000009536743,3.006321597099304,1.4709185608950592,66,23,1,0,148,0.004066910619107663,"20260910-144936-dacb6f","1d05d5c6ecc0f88b6fe667e3fe234908666fe1378f6f526e53449196a4d5f761","fc257ced4151346f3eab61fe5e56dbd8ba9fee301c741c7872e59d10148bfe28"
"llama3_8b.oproj.dgrad.s524288.cp4",131072,4096,4096,"nn",2.990000009536743,3.006321597099304,1.4709185608950592,66,23,1,0,148,0.004066910619107663,"20260910-144936-dacb6f","1d05d5c6ecc0f88b6fe667e3fe234908666fe1378f6f526e53449196a4d5f761","fc257ced4151346f3eab61fe5e56dbd8ba9fee301c741c7872e59d10148bfe28"
"artificial_medium.qkv.dgrad.s16384.cp4",4096,5120,5120,"nn",0.15902400016784668,0.16292960047721863,1.3504148089177568,66,32,1,0,148,0.0008049160788311757,"20260910-144936-dacb6f","1d05d5c6ecc0f88b6fe667e3fe234908666fe1378f6f526e53449196a4d5f761","fc257ced4151346f3eab61fe5e56dbd8ba9fee301c741c7872e59d10148bfe28"
"representative_medium.oproj.dgrad.s16384.cp4",4096,5120,5120,"nn",0.15902400016784668,0.16292960047721863,1.3504148089177568,66,32,1,0,148,0.0008049160788311757,"20260910-144936-dacb6f","1d05d5c6ecc0f88b6fe667e3fe234908666fe1378f6f526e53449196a4d5f761","fc257ced4151346f3eab61fe5e56dbd8ba9fee301c741c7872e59d10148bfe28"
"qwen25_14b_32b.oproj.dgrad.s16384.cp4",4096,5120,5120,"nn",0.15902400016784668,0.16292960047721863,1.3504148089177568,66,32,1,0,148,0.0008049160788311757,"20260910-144936-dacb6f","1d05d5c6ecc0f88b6fe667e3fe234908666fe1378f6f526e53449196a4d5f761","fc257ced4151346f3eab61fe5e56dbd8ba9fee301c741c7872e59d10148bfe28"
"artificial_medium.qkv.dgrad.s16384.cp8",2048,5120,5120,"nn",0.08724800124764442,0.0891232006251812,1.2306778477965301,66,32,1,0,148,0.01797180985836442,"20260910-144936-dacb6f","1d05d5c6ecc0f88b6fe667e3fe234908666fe1378f6f526e53449196a4d5f761","fc257ced4151346f3eab61fe5e56dbd8ba9fee301c741c7872e59d10148bfe28"
"representative_medium.oproj.dgrad.s16384.cp8",2048,5120,5120,"nn",0.08724800124764442,0.0891232006251812,1.2306778477965301,66,32,1,0,148,0.01797180985836442,"20260910-144936-dacb6f","1d05d5c6ecc0f88b6fe667e3fe234908666fe1378f6f526e53449196a4d5f761","fc257ced4151346f3eab61fe5e56dbd8ba9fee301c741c7872e59d10148bfe28"
"qwen25_14b_32b.oproj.dgrad.s16384.cp8",2048,5120,5120,"nn",0.08724800124764442,0.0891232006251812,1.2306778477965301,66,32,1,0,148,0.01797180985836442,"20260910-144936-dacb6f","1d05d5c6ecc0f88b6fe667e3fe234908666fe1378f6f526e53449196a4d5f761","fc257ced4151346f3eab61fe5e56dbd8ba9fee301c741c7872e59d10148bfe28"
"artificial_medium.qkv.dgrad.s65536.cp4",16384,5120,5120,"nn",0.6013599932193756,0.6082607984542847,1.4284180339323636,66,513,1,0,148,0.00218175045827712,"20260910-144936-dacb6f","1d05d5c6ecc0f88b6fe667e3fe234908666fe1378f6f526e53449196a4d5f761","fc257ced4151346f3eab61fe5e56dbd8ba9fee301c741c7872e59d10148bfe28"
"artificial_medium.qkv.dgrad.s131072.cp8",16384,5120,5120,"nn",0.6013599932193756,0.6082607984542847,1.4284180339323636,66,513,1,0,148,0.00218175045827712,"20260910-144936-dacb6f","1d05d5c6ecc0f88b6fe667e3fe234908666fe1378f6f526e53449196a4d5f761","fc257ced4151346f3eab61fe5e56dbd8ba9fee301c741c7872e59d10148bfe28"
"representative_medium.oproj.dgrad.s65536.cp4",16384,5120,5120,"nn",0.6013599932193756,0.6082607984542847,1.4284180339323636,66,513,1,0,148,0.00218175045827712,"20260910-144936-dacb6f","1d05d5c6ecc0f88b6fe667e3fe234908666fe1378f6f526e53449196a4d5f761","fc257ced4151346f3eab61fe5e56dbd8ba9fee301c741c7872e59d10148bfe28"
"representative_medium.oproj.dgrad.s131072.cp8",16384,5120,5120,"nn",0.6013599932193756,0.6082607984542847,1.4284180339323636,66,513,1,0,148,0.00218175045827712,"20260910-144936-dacb6f","1d05d5c6ecc0f88b6fe667e3fe234908666fe1378f6f526e53449196a4d5f761","fc257ced4151346f3eab61fe5e56dbd8ba9fee301c741c7872e59d10148bfe28"
"qwen25_14b_32b.oproj.dgrad.s65536.cp4",16384,5120,5120,"nn",0.6013599932193756,0.6082607984542847,1.4284180339323636,66,513,1,0,148,0.00218175045827712,"20260910-144936-dacb6f","1d05d5c6ecc0f88b6fe667e3fe234908666fe1378f6f526e53449196a4d5f761","fc257ced4151346f3eab61fe5e56dbd8ba9fee301c741c7872e59d10148bfe28"
"qwen25_14b_32b.oproj.dgrad.s131072.cp8",16384,5120,5120,"nn",0.6013599932193756,0.6082607984542847,1.4284180339323636,66,513,1,0,148,0.00218175045827712,"20260910-144936-dacb6f","1d05d5c6ecc0f88b6fe667e3fe234908666fe1378f6f526e53449196a4d5f761","fc257ced4151346f3eab61fe5e56dbd8ba9fee301c741c7872e59d10148bfe28"
"artificial_medium.qkv.dgrad.s65536.cp8",8192,5120,5120,"nn",0.3118720054626465,0.3193104133009911,1.377157045445176,66,23,1,0,148,0.02431768629891307,"20260910-144936-dacb6f","1d05d5c6ecc0f88b6fe667e3fe234908666fe1378f6f526e53449196a4d5f761","fc257ced4151346f3eab61fe5e56dbd8ba9fee301c741c7872e59d10148bfe28"
"representative_medium.oproj.dgrad.s65536.cp8",8192,5120,5120,"nn",0.3118720054626465,0.3193104133009911,1.377157045445176,66,23,1,0,148,0.02431768629891307,"20260910-144936-dacb6f","1d05d5c6ecc0f88b6fe667e3fe234908666fe1378f6f526e53449196a4d5f761","fc257ced4151346f3eab61fe5e56dbd8ba9fee301c741c7872e59d10148bfe28"
"qwen25_14b_32b.oproj.dgrad.s65536.cp8",8192,5120,5120,"nn",0.3118720054626465,0.3193104133009911,1.377157045445176,66,23,1,0,148,0.02431768629891307,"20260910-144936-dacb6f","1d05d5c6ecc0f88b6fe667e3fe234908666fe1378f6f526e53449196a4d5f761","fc257ced4151346f3eab61fe5e56dbd8ba9fee301c741c7872e59d10148bfe28"
"artificial_medium.qkv.dgrad.s131072.cp4",32768,5120,5120,"nn",1.1739200353622437,1.17995845079422,1.4634616214467029,66,23,1,0,148,0.011994043191431781,"20260910-144936-dacb6f","1d05d5c6ecc0f88b6fe667e3fe234908666fe1378f6f526e53449196a4d5f761","fc257ced4151346f3eab61fe5e56dbd8ba9fee301c741c7872e59d10148bfe28"
"artificial_medium.qkv.dgrad.s262144.cp8",32768,5120,5120,"nn",1.1739200353622437,1.17995845079422,1.4634616214467029,66,23,1,0,148,0.011994043191431781,"20260910-144936-dacb6f","1d05d5c6ecc0f88b6fe667e3fe234908666fe1378f6f526e53449196a4d5f761","fc257ced4151346f3eab61fe5e56dbd8ba9fee301c741c7872e59d10148bfe28"
"representative_medium.oproj.dgrad.s131072.cp4",32768,5120,5120,"nn",1.1739200353622437,1.17995845079422,1.4634616214467029,66,23,1,0,148,0.011994043191431781,"20260910-144936-dacb6f","1d05d5c6ecc0f88b6fe667e3fe234908666fe1378f6f526e53449196a4d5f761","fc257ced4151346f3eab61fe5e56dbd8ba9fee301c741c7872e59d10148bfe28"
"representative_medium.oproj.dgrad.s262144.cp8",32768,5120,5120,"nn",1.1739200353622437,1.17995845079422,1.4634616214467029,66,23,1,0,148,0.011994043191431781,"20260910-144936-dacb6f","1d05d5c6ecc0f88b6fe667e3fe234908666fe1378f6f526e53449196a4d5f761","fc257ced4151346f3eab61fe5e56dbd8ba9fee301c741c7872e59d10148bfe28"
"qwen25_14b_32b.oproj.dgrad.s131072.cp4",32768,5120,5120,"nn",1.1739200353622437,1.17995845079422,1.4634616214467029,66,23,1,0,148,0.011994043191431781,"20260910-144936-dacb6f","1d05d5c6ecc0f88b6fe667e3fe234908666fe1378f6f526e53449196a4d5f761","fc257ced4151346f3eab61fe5e56dbd8ba9fee301c741c7872e59d10148bfe28"
"qwen25_14b_32b.oproj.dgrad.s262144.cp8",32768,5120,5120,"nn",1.1739200353622437,1.17995845079422,1.4634616214467029,66,23,1,0,148,0.011994043191431781,"20260910-144936-dacb6f","1d05d5c6ecc0f88b6fe667e3fe234908666fe1378f6f526e53449196a4d5f761","fc257ced4151346f3eab61fe5e56dbd8ba9fee301c741c7872e59d10148bfe28"
"artificial_medium.qkv.dgrad.s262144.cp4",65536,5120,5120,"nn",2.3562721014022827,2.3777535915374757,1.4582245551161754,66,23,1,0,148,0.005649645198537699,"20260910-144936-dacb6f","1d05d5c6ecc0f88b6fe667e3fe234908666fe1378f6f526e53449196a4d5f761","fc257ced4151346f3eab61fe5e56dbd8ba9fee301c741c7872e59d10148bfe28"
"artificial_medium.qkv.dgrad.s524288.cp8",65536,5120,5120,"nn",2.3562721014022827,2.3777535915374757,1.4582245551161754,66,23,1,0,148,0.005649645198537699,"20260910-144936-dacb6f","1d05d5c6ecc0f88b6fe667e3fe234908666fe1378f6f526e53449196a4d5f761","fc257ced4151346f3eab61fe5e56dbd8ba9fee301c741c7872e59d10148bfe28"
"representative_medium.oproj.dgrad.s262144.cp4",65536,5120,5120,"nn",2.3562721014022827,2.3777535915374757,1.4582245551161754,66,23,1,0,148,0.005649645198537699,"20260910-144936-dacb6f","1d05d5c6ecc0f88b6fe667e3fe234908666fe1378f6f526e53449196a4d5f761","fc257ced4151346f3eab61fe5e56dbd8ba9fee301c741c7872e59d10148bfe28"
"representative_medium.oproj.dgrad.s524288.cp8",65536,5120,5120,"nn",2.3562721014022827,2.3777535915374757,1.4582245551161754,66,23,1,0,148,0.005649645198537699,"20260910-144936-dacb6f","1d05d5c6ecc0f88b6fe667e3fe234908666fe1378f6f526e53449196a4d5f761","fc257ced4151346f3eab61fe5e56dbd8ba9fee301c741c7872e59d10148bfe28"
"qwen25_14b_32b.oproj.dgrad.s262144.cp4",65536,5120,5120,"nn",2.3562721014022827,2.3777535915374757,1.4582245551161754,66,23,1,0,148,0.005649645198537699,"20260910-144936-dacb6f","1d05d5c6ecc0f88b6fe667e3fe234908666fe1378f6f526e53449196a4d5f761","fc257ced4151346f3eab61fe5e56dbd8ba9fee301c741c7872e59d10148bfe28"
"qwen25_14b_32b.oproj.dgrad.s524288.cp8",65536,5120,5120,"nn",2.3562721014022827,2.3777535915374757,1.4582245551161754,66,23,1,0,148,0.005649645198537699,"20260910-144936-dacb6f","1d05d5c6ecc0f88b6fe667e3fe234908666fe1378f6f526e53449196a4d5f761","fc257ced4151346f3eab61fe5e56dbd8ba9fee301c741c7872e59d10148bfe28"
"artificial_medium.qkv.dgrad.s524288.cp4",131072,5120,5120,"nn",4.672287940979004,4.689201760292053,1.4707885644907606,66,23,1,0,148,0.002602541736498798,"20260910-144936-dacb6f","1d05d5c6ecc0f88b6fe667e3fe234908666fe1378f6f526e53449196a4d5f761","fc257ced4151346f3eab61fe5e56dbd8ba9fee301c741c7872e59d10148bfe28"
"representative_medium.oproj.dgrad.s524288.cp4",131072,5120,5120,"nn",4.672287940979004,4.689201760292053,1.4707885644907606,66,23,1,0,148,0.002602541736498798,"20260910-144936-dacb6f","1d05d5c6ecc0f88b6fe667e3fe234908666fe1378f6f526e53449196a4d5f761","fc257ced4151346f3eab61fe5e56dbd8ba9fee301c741c7872e59d10148bfe28"
"qwen25_14b_32b.oproj.dgrad.s524288.cp4",131072,5120,5120,"nn",4.672287940979004,4.689201760292053,1.4707885644907606,66,23,1,0,148,0.002602541736498798,"20260910-144936-dacb6f","1d05d5c6ecc0f88b6fe667e3fe234908666fe1378f6f526e53449196a4d5f761","fc257ced4151346f3eab61fe5e56dbd8ba9fee301c741c7872e59d10148bfe28"
"artificial_large.qkv.dgrad.s16384.cp4",4096,16384,7168,"nn",0.688543975353241,0.7078160136938095,1.397256687650824,66,29,1,0,148,0.020867218595530708,"20260910-144936-dacb6f","1d05d5c6ecc0f88b6fe667e3fe234908666fe1378f6f526e53449196a4d5f761","fc257ced4151346f3eab61fe5e56dbd8ba9fee301c741c7872e59d10148bfe28"
"representative_large.oproj.dgrad.s16384.cp4",4096,16384,7168,"nn",0.688543975353241,0.7078160136938095,1.397256687650824,66,29,1,0,148,0.020867218595530708,"20260910-144936-dacb6f","1d05d5c6ecc0f88b6fe667e3fe234908666fe1378f6f526e53449196a4d5f761","fc257ced4151346f3eab61fe5e56dbd8ba9fee301c741c7872e59d10148bfe28"
"deepseek_v3.mla_o.dgrad.s16384.cp4",4096,16384,7168,"nn",0.688543975353241,0.7078160136938095,1.397256687650824,66,29,1,0,148,0.020867218595530708,"20260910-144936-dacb6f","1d05d5c6ecc0f88b6fe667e3fe234908666fe1378f6f526e53449196a4d5f761","fc257ced4151346f3eab61fe5e56dbd8ba9fee301c741c7872e59d10148bfe28"
"artificial_large.qkv.dgrad.s16384.cp8",2048,16384,7168,"nn",0.3347039967775345,0.34071840494871136,1.437199261984694,66,23,1,0,148,0.013480603901635703,"20260910-144936-dacb6f","1d05d5c6ecc0f88b6fe667e3fe234908666fe1378f6f526e53449196a4d5f761","fc257ced4151346f3eab61fe5e56dbd8ba9fee301c741c7872e59d10148bfe28"
"representative_large.oproj.dgrad.s16384.cp8",2048,16384,7168,"nn",0.3347039967775345,0.34071840494871136,1.437199261984694,66,23,1,0,148,0.013480603901635703,"20260910-144936-dacb6f","1d05d5c6ecc0f88b6fe667e3fe234908666fe1378f6f526e53449196a4d5f761","fc257ced4151346f3eab61fe5e56dbd8ba9fee301c741c7872e59d10148bfe28"
"deepseek_v3.mla_o.dgrad.s16384.cp8",2048,16384,7168,"nn",0.3347039967775345,0.34071840494871136,1.437199261984694,66,23,1,0,148,0.013480603901635703,"20260910-144936-dacb6f","1d05d5c6ecc0f88b6fe667e3fe234908666fe1378f6f526e53449196a4d5f761","fc257ced4151346f3eab61fe5e56dbd8ba9fee301c741c7872e59d10148bfe28"
"artificial_large.qkv.dgrad.s65536.cp4",16384,16384,7168,"nn",2.648543953895569,2.6669296503067015,1.4529835125280073,66,23,1,0,148,0.011695504243775778,"20260910-144936-dacb6f","1d05d5c6ecc0f88b6fe667e3fe234908666fe1378f6f526e53449196a4d5f761","fc257ced4151346f3eab61fe5e56dbd8ba9fee301c741c7872e59d10148bfe28"
"artificial_large.qkv.dgrad.s131072.cp8",16384,16384,7168,"nn",2.648543953895569,2.6669296503067015,1.4529835125280073,66,23,1,0,148,0.011695504243775778,"20260910-144936-dacb6f","1d05d5c6ecc0f88b6fe667e3fe234908666fe1378f6f526e53449196a4d5f761","fc257ced4151346f3eab61fe5e56dbd8ba9fee301c741c7872e59d10148bfe28"
"representative_large.oproj.dgrad.s65536.cp4",16384,16384,7168,"nn",2.648543953895569,2.6669296503067015,1.4529835125280073,66,23,1,0,148,0.011695504243775778,"20260910-144936-dacb6f","1d05d5c6ecc0f88b6fe667e3fe234908666fe1378f6f526e53449196a4d5f761","fc257ced4151346f3eab61fe5e56dbd8ba9fee301c741c7872e59d10148bfe28"
"representative_large.oproj.dgrad.s131072.cp8",16384,16384,7168,"nn",2.648543953895569,2.6669296503067015,1.4529835125280073,66,23,1,0,148,0.011695504243775778,"20260910-144936-dacb6f","1d05d5c6ecc0f88b6fe667e3fe234908666fe1378f6f526e53449196a4d5f761","fc257ced4151346f3eab61fe5e56dbd8ba9fee301c741c7872e59d10148bfe28"
"deepseek_v3.mla_o.dgrad.s65536.cp4",16384,16384,7168,"nn",2.648543953895569,2.6669296503067015,1.4529835125280073,66,23,1,0,148,0.011695504243775778,"20260910-144936-dacb6f","1d05d5c6ecc0f88b6fe667e3fe234908666fe1378f6f526e53449196a4d5f761","fc257ced4151346f3eab61fe5e56dbd8ba9fee301c741c7872e59d10148bfe28"
"deepseek_v3.mla_o.dgrad.s131072.cp8",16384,16384,7168,"nn",2.648543953895569,2.6669296503067015,1.4529835125280073,66,23,1,0,148,0.011695504243775778,"20260910-144936-dacb6f","1d05d5c6ecc0f88b6fe667e3fe234908666fe1378f6f526e53449196a4d5f761","fc257ced4151346f3eab61fe5e56dbd8ba9fee301c741c7872e59d10148bfe28"
"artificial_large.qkv.dgrad.s65536.cp8",8192,16384,7168,"nn",1.3277440071105957,1.3375919997692107,1.449183982984249,66,23,1,0,148,0.005760229644231726,"20260910-144936-dacb6f","1d05d5c6ecc0f88b6fe667e3fe234908666fe1378f6f526e53449196a4d5f761","fc257ced4151346f3eab61fe5e56dbd8ba9fee301c741c7872e59d10148bfe28"
"representative_large.oproj.dgrad.s65536.cp8",8192,16384,7168,"nn",1.3277440071105957,1.3375919997692107,1.449183982984249,66,23,1,0,148,0.005760229644231726,"20260910-144936-dacb6f","1d05d5c6ecc0f88b6fe667e3fe234908666fe1378f6f526e53449196a4d5f761","fc257ced4151346f3eab61fe5e56dbd8ba9fee301c741c7872e59d10148bfe28"
"deepseek_v3.mla_o.dgrad.s65536.cp8",8192,16384,7168,"nn",1.3277440071105957,1.3375919997692107,1.449183982984249,66,23,1,0,148,0.005760229644231726,"20260910-144936-dacb6f","1d05d5c6ecc0f88b6fe667e3fe234908666fe1378f6f526e53449196a4d5f761","fc257ced4151346f3eab61fe5e56dbd8ba9fee301c741c7872e59d10148bfe28"
"artificial_large.qkv.dgrad.s131072.cp4",32768,16384,7168,"nn",5.122943878173828,5.154601454734802,1.502374723881534,66,513,1,0,148,0.010687673172994655,"20260910-144936-dacb6f","1d05d5c6ecc0f88b6fe667e3fe234908666fe1378f6f526e53449196a4d5f761","fc257ced4151346f3eab61fe5e56dbd8ba9fee301c741c7872e59d10148bfe28"
"artificial_large.qkv.dgrad.s262144.cp8",32768,16384,7168,"nn",5.122943878173828,5.154601454734802,1.502374723881534,66,513,1,0,148,0.010687673172994655,"20260910-144936-dacb6f","1d05d5c6ecc0f88b6fe667e3fe234908666fe1378f6f526e53449196a4d5f761","fc257ced4151346f3eab61fe5e56dbd8ba9fee301c741c7872e59d10148bfe28"
"representative_large.oproj.dgrad.s131072.cp4",32768,16384,7168,"nn",5.122943878173828,5.154601454734802,1.502374723881534,66,513,1,0,148,0.010687673172994655,"20260910-144936-dacb6f","1d05d5c6ecc0f88b6fe667e3fe234908666fe1378f6f526e53449196a4d5f761","fc257ced4151346f3eab61fe5e56dbd8ba9fee301c741c7872e59d10148bfe28"
"representative_large.oproj.dgrad.s262144.cp8",32768,16384,7168,"nn",5.122943878173828,5.154601454734802,1.502374723881534,66,513,1,0,148,0.010687673172994655,"20260910-144936-dacb6f","1d05d5c6ecc0f88b6fe667e3fe234908666fe1378f6f526e53449196a4d5f761","fc257ced4151346f3eab61fe5e56dbd8ba9fee301c741c7872e59d10148bfe28"
"deepseek_v3.mla_o.dgrad.s131072.cp4",32768,16384,7168,"nn",5.122943878173828,5.154601454734802,1.502374723881534,66,513,1,0,148,0.010687673172994655,"20260910-144936-dacb6f","1d05d5c6ecc0f88b6fe667e3fe234908666fe1378f6f526e53449196a4d5f761","fc257ced4151346f3eab61fe5e56dbd8ba9fee301c741c7872e59d10148bfe28"
"deepseek_v3.mla_o.dgrad.s262144.cp8",32768,16384,7168,"nn",5.122943878173828,5.154601454734802,1.502374723881534,66,513,1,0,148,0.010687673172994655,"20260910-144936-dacb6f","1d05d5c6ecc0f88b6fe667e3fe234908666fe1378f6f526e53449196a4d5f761","fc257ced4151346f3eab61fe5e56dbd8ba9fee301c741c7872e59d10148bfe28"
"artificial_large.qkv.dgrad.s262144.cp4",65536,16384,7168,"nn",10.25987195968628,10.312849760055542,1.500326987446604,66,513,1,0,148,0.00024325505189944598,"20260910-144936-dacb6f","1d05d5c6ecc0f88b6fe667e3fe234908666fe1378f6f526e53449196a4d5f761","fc257ced4151346f3eab61fe5e56dbd8ba9fee301c741c7872e59d10148bfe28"
"artificial_large.qkv.dgrad.s524288.cp8",65536,16384,7168,"nn",10.25987195968628,10.312849760055542,1.500326987446604,66,513,1,0,148,0.00024325505189944598,"20260910-144936-dacb6f","1d05d5c6ecc0f88b6fe667e3fe234908666fe1378f6f526e53449196a4d5f761","fc257ced4151346f3eab61fe5e56dbd8ba9fee301c741c7872e59d10148bfe28"
"representative_large.oproj.dgrad.s262144.cp4",65536,16384,7168,"nn",10.25987195968628,10.312849760055542,1.500326987446604,66,513,1,0,148,0.00024325505189944598,"20260910-144936-dacb6f","1d05d5c6ecc0f88b6fe667e3fe234908666fe1378f6f526e53449196a4d5f761","fc257ced4151346f3eab61fe5e56dbd8ba9fee301c741c7872e59d10148bfe28"
"representative_large.oproj.dgrad.s524288.cp8",65536,16384,7168,"nn",10.25987195968628,10.312849760055542,1.500326987446604,66,513,1,0,148,0.00024325505189944598,"20260910-144936-dacb6f","1d05d5c6ecc0f88b6fe667e3fe234908666fe1378f6f526e53449196a4d5f761","fc257ced4151346f3eab61fe5e56dbd8ba9fee301c741c7872e59d10148bfe28"
"deepseek_v3.mla_o.dgrad.s262144.cp4",65536,16384,7168,"nn",10.25987195968628,10.312849760055542,1.500326987446604,66,513,1,0,148,0.00024325505189944598,"20260910-144936-dacb6f","1d05d5c6ecc0f88b6fe667e3fe234908666fe1378f6f526e53449196a4d5f761","fc257ced4151346f3eab61fe5e56dbd8ba9fee301c741c7872e59d10148bfe28"
"deepseek_v3.mla_o.dgrad.s524288.cp8",65536,16384,7168,"nn",10.25987195968628,10.312849760055542,1.500326987446604,66,513,1,0,148,0.00024325505189944598,"20260910-144936-dacb6f","1d05d5c6ecc0f88b6fe667e3fe234908666fe1378f6f526e53449196a4d5f761","fc257ced4151346f3eab61fe5e56dbd8ba9fee301c741c7872e59d10148bfe28"
"artificial_large.qkv.dgrad.s524288.cp4",131072,16384,7168,"nn",20.61094379425049,20.70097131729126,1.4936882990441214,66,513,1,0,148,0.0008740457504881168,"20260910-144936-dacb6f","1d05d5c6ecc0f88b6fe667e3fe234908666fe1378f6f526e53449196a4d5f761","fc257ced4151346f3eab61fe5e56dbd8ba9fee301c741c7872e59d10148bfe28"
"representative_large.oproj.dgrad.s524288.cp4",131072,16384,7168,"nn",20.61094379425049,20.70097131729126,1.4936882990441214,66,513,1,0,148,0.0008740457504881168,"20260910-144936-dacb6f","1d05d5c6ecc0f88b6fe667e3fe234908666fe1378f6f526e53449196a4d5f761","fc257ced4151346f3eab61fe5e56dbd8ba9fee301c741c7872e59d10148bfe28"
"deepseek_v3.mla_o.dgrad.s524288.cp4",131072,16384,7168,"nn",20.61094379425049,20.70097131729126,1.4936882990441214,66,513,1,0,148,0.0008740457504881168,"20260910-144936-dacb6f","1d05d5c6ecc0f88b6fe667e3fe234908666fe1378f6f526e53449196a4d5f761","fc257ced4151346f3eab61fe5e56dbd8ba9fee301c741c7872e59d10148bfe28"
"production_qwen_dense.qkv.dgrad.s16384.cp4",4096,2048,4096,"nn",0.06006399914622307,0.06125279869884252,1.144104250679439,66,29,1,0,148,0.002663845574608236,"20260910-144936-dacb6f","1d05d5c6ecc0f88b6fe667e3fe234908666fe1378f6f526e53449196a4d5f761","fc257ced4151346f3eab61fe5e56dbd8ba9fee301c741c7872e59d10148bfe28"
"glm5.index_q.dgrad.s16384.cp4",4096,2048,4096,"nn",0.06006399914622307,0.06125279869884252,1.144104250679439,66,29,1,0,148,0.002663845574608236,"20260910-144936-dacb6f","1d05d5c6ecc0f88b6fe667e3fe234908666fe1378f6f526e53449196a4d5f761","fc257ced4151346f3eab61fe5e56dbd8ba9fee301c741c7872e59d10148bfe28"
"production_qwen_dense.qkv.dgrad.s16384.cp8",2048,2048,4096,"nn",0.031231999397277832,0.03730719983577727,1.1001453327062622,66,23,1,0,148,0.012295056547312333,"20260910-144936-dacb6f","1d05d5c6ecc0f88b6fe667e3fe234908666fe1378f6f526e53449196a4d5f761","fc257ced4151346f3eab61fe5e56dbd8ba9fee301c741c7872e59d10148bfe28"
"glm5.index_q.dgrad.s16384.cp8",2048,2048,4096,"nn",0.031231999397277832,0.03730719983577727,1.1001453327062622,66,23,1,0,148,0.012295056547312333,"20260910-144936-dacb6f","1d05d5c6ecc0f88b6fe667e3fe234908666fe1378f6f526e53449196a4d5f761","fc257ced4151346f3eab61fe5e56dbd8ba9fee301c741c7872e59d10148bfe28"
"production_qwen_dense.qkv.dgrad.s65536.cp4",16384,2048,4096,"nn",0.19839999824762344,0.20337599888443947,1.3854733335275755,66,23,1,0,148,0.025161256815319145,"20260910-144936-dacb6f","1d05d5c6ecc0f88b6fe667e3fe234908666fe1378f6f526e53449196a4d5f761","fc257ced4151346f3eab61fe5e56dbd8ba9fee301c741c7872e59d10148bfe28"
"production_qwen_dense.qkv.dgrad.s131072.cp8",16384,2048,4096,"nn",0.19839999824762344,0.20337599888443947,1.3854733335275755,66,23,1,0,148,0.025161256815319145,"20260910-144936-dacb6f","1d05d5c6ecc0f88b6fe667e3fe234908666fe1378f6f526e53449196a4d5f761","fc257ced4151346f3eab61fe5e56dbd8ba9fee301c741c7872e59d10148bfe28"
"glm5.index_q.dgrad.s65536.cp4",16384,2048,4096,"nn",0.19839999824762344,0.20337599888443947,1.3854733335275755,66,23,1,0,148,0.025161256815319145,"20260910-144936-dacb6f","1d05d5c6ecc0f88b6fe667e3fe234908666fe1378f6f526e53449196a4d5f761","fc257ced4151346f3eab61fe5e56dbd8ba9fee301c741c7872e59d10148bfe28"
"glm5.index_q.dgrad.s131072.cp8",16384,2048,4096,"nn",0.19839999824762344,0.20337599888443947,1.3854733335275755,66,23,1,0,148,0.025161256815319145,"20260910-144936-dacb6f","1d05d5c6ecc0f88b6fe667e3fe234908666fe1378f6f526e53449196a4d5f761","fc257ced4151346f3eab61fe5e56dbd8ba9fee301c741c7872e59d10148bfe28"
"production_qwen_dense.qkv.dgrad.s65536.cp8",8192,2048,4096,"nn",0.11524799838662148,0.11721919849514961,1.1925495921493987,66,29,1,0,148,0.004442627254167056,"20260910-144936-dacb6f","1d05d5c6ecc0f88b6fe667e3fe234908666fe1378f6f526e53449196a4d5f761","fc257ced4151346f3eab61fe5e56dbd8ba9fee301c741c7872e59d10148bfe28"
"glm5.index_q.dgrad.s65536.cp8",8192,2048,4096,"nn",0.11524799838662148,0.11721919849514961,1.1925495921493987,66,29,1,0,148,0.004442627254167056,"20260910-144936-dacb6f","1d05d5c6ecc0f88b6fe667e3fe234908666fe1378f6f526e53449196a4d5f761","fc257ced4151346f3eab61fe5e56dbd8ba9fee301c741c7872e59d10148bfe28"
"production_qwen_dense.qkv.dgrad.s131072.cp4",32768,2048,4096,"nn",0.3970559984445572,0.4038896083831787,1.3845800492666904,66,23,1,0,148,0.006447427317076796,"20260910-144936-dacb6f","1d05d5c6ecc0f88b6fe667e3fe234908666fe1378f6f526e53449196a4d5f761","fc257ced4151346f3eab61fe5e56dbd8ba9fee301c741c7872e59d10148bfe28"
"production_qwen_dense.qkv.dgrad.s262144.cp8",32768,2048,4096,"nn",0.3970559984445572,0.4038896083831787,1.3845800492666904,66,23,1,0,148,0.006447427317076796,"20260910-144936-dacb6f","1d05d5c6ecc0f88b6fe667e3fe234908666fe1378f6f526e53449196a4d5f761","fc257ced4151346f3eab61fe5e56dbd8ba9fee301c741c7872e59d10148bfe28"
"glm5.index_q.dgrad.s131072.cp4",32768,2048,4096,"nn",0.3970559984445572,0.4038896083831787,1.3845800492666904,66,23,1,0,148,0.006447427317076796,"20260910-144936-dacb6f","1d05d5c6ecc0f88b6fe667e3fe234908666fe1378f6f526e53449196a4d5f761","fc257ced4151346f3eab61fe5e56dbd8ba9fee301c741c7872e59d10148bfe28"
"glm5.index_q.dgrad.s262144.cp8",32768,2048,4096,"nn",0.3970559984445572,0.4038896083831787,1.3845800492666904,66,23,1,0,148,0.006447427317076796,"20260910-144936-dacb6f","1d05d5c6ecc0f88b6fe667e3fe234908666fe1378f6f526e53449196a4d5f761","fc257ced4151346f3eab61fe5e56dbd8ba9fee301c741c7872e59d10148bfe28"
"production_qwen_dense.qkv.dgrad.s262144.cp4",65536,2048,4096,"nn",0.8187519907951355,0.8618463754653931,1.342911699925399,66,24,1,0,148,0.008403015088619788,"20260910-144936-dacb6f","1d05d5c6ecc0f88b6fe667e3fe234908666fe1378f6f526e53449196a4d5f761","fc257ced4151346f3eab61fe5e56dbd8ba9fee301c741c7872e59d10148bfe28"
"production_qwen_dense.qkv.dgrad.s524288.cp8",65536,2048,4096,"nn",0.8187519907951355,0.8618463754653931,1.342911699925399,66,24,1,0,148,0.008403015088619788,"20260910-144936-dacb6f","1d05d5c6ecc0f88b6fe667e3fe234908666fe1378f6f526e53449196a4d5f761","fc257ced4151346f3eab61fe5e56dbd8ba9fee301c741c7872e59d10148bfe28"
"glm5.index_q.dgrad.s262144.cp4",65536,2048,4096,"nn",0.8187519907951355,0.8618463754653931,1.342911699925399,66,24,1,0,148,0.008403015088619788,"20260910-144936-dacb6f","1d05d5c6ecc0f88b6fe667e3fe234908666fe1378f6f526e53449196a4d5f761","fc257ced4151346f3eab61fe5e56dbd8ba9fee301c741c7872e59d10148bfe28"
"glm5.index_q.dgrad.s524288.cp8",65536,2048,4096,"nn",0.8187519907951355,0.8618463754653931,1.342911699925399,66,24,1,0,148,0.008403015088619788,"20260910-144936-dacb6f","1d05d5c6ecc0f88b6fe667e3fe234908666fe1378f6f526e53449196a4d5f761","fc257ced4151346f3eab61fe5e56dbd8ba9fee301c741c7872e59d10148bfe28"
"production_qwen_dense.qkv.dgrad.s524288.cp4",131072,2048,4096,"nn",1.5225759744644165,1.589711982011795,1.4442781788445938,66,23,1,0,148,0.000020982919824968,"20260910-144936-dacb6f","1d05d5c6ecc0f88b6fe667e3fe234908666fe1378f6f526e53449196a4d5f761","fc257ced4151346f3eab61fe5e56dbd8ba9fee301c741c7872e59d10148bfe28"
"glm5.index_q.dgrad.s524288.cp4",131072,2048,4096,"nn",1.5225759744644165,1.589711982011795,1.4442781788445938,66,23,1,0,148,0.000020982919824968,"20260910-144936-dacb6f","1d05d5c6ecc0f88b6fe667e3fe234908666fe1378f6f526e53449196a4d5f761","fc257ced4151346f3eab61fe5e56dbd8ba9fee301c741c7872e59d10148bfe28"
"nanbeige42_3b.qkv.dgrad.s16384.cp4",4096,3072,8192,"nn",0.16051200032234192,0.1625952012836933,1.2843801696694979,66,177,1,0,148,0.0023922698741099192,"20260910-144936-dacb6f","1d05d5c6ecc0f88b6fe667e3fe234908666fe1378f6f526e53449196a4d5f761","fc257ced4151346f3eab61fe5e56dbd8ba9fee301c741c7872e59d10148bfe28"
"nanbeige42_3b.qkv.dgrad.s16384.cp8",2048,3072,8192,"nn",0.08791999891400337,0.08935040235519409,1.1724205684399998,66,177,1,0,148,0.015286656049815165,"20260910-144936-dacb6f","1d05d5c6ecc0f88b6fe667e3fe234908666fe1378f6f526e53449196a4d5f761","fc257ced4151346f3eab61fe5e56dbd8ba9fee301c741c7872e59d10148bfe28"
"nanbeige42_3b.qkv.dgrad.s65536.cp4",16384,3072,8192,"nn",0.6086879968643188,0.615859204530716,1.3547724369137133,66,23,1,0,148,0.001419493952755998,"20260910-144936-dacb6f","1d05d5c6ecc0f88b6fe667e3fe234908666fe1378f6f526e53449196a4d5f761","fc257ced4151346f3eab61fe5e56dbd8ba9fee301c741c7872e59d10148bfe28"
"nanbeige42_3b.qkv.dgrad.s131072.cp8",16384,3072,8192,"nn",0.6086879968643188,0.615859204530716,1.3547724369137133,66,23,1,0,148,0.001419493952755998,"20260910-144936-dacb6f","1d05d5c6ecc0f88b6fe667e3fe234908666fe1378f6f526e53449196a4d5f761","fc257ced4151346f3eab61fe5e56dbd8ba9fee301c741c7872e59d10148bfe28"
"nanbeige42_3b.qkv.dgrad.s65536.cp8",8192,3072,8192,"nn",0.3091839998960495,0.31096959114074707,1.333564675256885,66,32,1,0,148,0.0038294881576628297,"20260910-144936-dacb6f","1d05d5c6ecc0f88b6fe667e3fe234908666fe1378f6f526e53449196a4d5f761","fc257ced4151346f3eab61fe5e56dbd8ba9fee301c741c7872e59d10148bfe28"
"nanbeige42_3b.qkv.dgrad.s131072.cp4",32768,3072,8192,"nn",1.1695839762687683,1.1833776116371155,1.410131700782639,66,23,1,0,148,0.007879682992308316,"20260910-144936-dacb6f","1d05d5c6ecc0f88b6fe667e3fe234908666fe1378f6f526e53449196a4d5f761","fc257ced4151346f3eab61fe5e56dbd8ba9fee301c741c7872e59d10148bfe28"
"nanbeige42_3b.qkv.dgrad.s262144.cp8",32768,3072,8192,"nn",1.1695839762687683,1.1833776116371155,1.410131700782639,66,23,1,0,148,0.007879682992308316,"20260910-144936-dacb6f","1d05d5c6ecc0f88b6fe667e3fe234908666fe1378f6f526e53449196a4d5f761","fc257ced4151346f3eab61fe5e56dbd8ba9fee301c741c7872e59d10148bfe28"
"nanbeige42_3b.qkv.dgrad.s262144.cp4",65536,3072,8192,"nn",2.3417439460754395,2.395246386528015,1.4085805106301479,66,23,1,0,148,0.010112109709787816,"20260910-144936-dacb6f","1d05d5c6ecc0f88b6fe667e3fe234908666fe1378f6f526e53449196a4d5f761","fc257ced4151346f3eab61fe5e56dbd8ba9fee301c741c7872e59d10148bfe28"
"nanbeige42_3b.qkv.dgrad.s524288.cp8",65536,3072,8192,"nn",2.3417439460754395,2.395246386528015,1.4085805106301479,66,23,1,0,148,0.010112109709787816,"20260910-144936-dacb6f","1d05d5c6ecc0f88b6fe667e3fe234908666fe1378f6f526e53449196a4d5f761","fc257ced4151346f3eab61fe5e56dbd8ba9fee301c741c7872e59d10148bfe28"
"nanbeige42_3b.qkv.dgrad.s524288.cp4",131072,3072,8192,"nn",4.504239797592163,4.526913595199585,1.4646355574102878,66,513,1,0,148,0.00490912866406795,"20260910-144936-dacb6f","1d05d5c6ecc0f88b6fe667e3fe234908666fe1378f6f526e53449196a4d5f761","fc257ced4151346f3eab61fe5e56dbd8ba9fee301c741c7872e59d10148bfe28"
"llama3_8b.qkv.dgrad.s16384.cp4",4096,4096,6144,"nn",0.16287999600172043,0.1649824045598507,1.2657074856867165,66,32,1,0,148,0.0003929303100357374,"20260910-144936-dacb6f","1d05d5c6ecc0f88b6fe667e3fe234908666fe1378f6f526e53449196a4d5f761","fc257ced4151346f3eab61fe5e56dbd8ba9fee301c741c7872e59d10148bfe28"
"llama3_8b.qkv.dgrad.s16384.cp8",2048,4096,6144,"nn",0.08659200370311737,0.08911200053989887,1.1904010843473423,66,29,1,0,148,0.0003694659057997887,"20260910-144936-dacb6f","1d05d5c6ecc0f88b6fe667e3fe234908666fe1378f6f526e53449196a4d5f761","fc257ced4151346f3eab61fe5e56dbd8ba9fee301c741c7872e59d10148bfe28"
"llama3_8b.qkv.dgrad.s65536.cp4",16384,4096,6144,"nn",0.5904319882392883,0.5963375777006149,1.3966616600349153,66,23,1,0,148,0.004715214967385285,"20260910-144936-dacb6f","1d05d5c6ecc0f88b6fe667e3fe234908666fe1378f6f526e53449196a4d5f761","fc257ced4151346f3eab61fe5e56dbd8ba9fee301c741c7872e59d10148bfe28"
"llama3_8b.qkv.dgrad.s131072.cp8",16384,4096,6144,"nn",0.5904319882392883,0.5963375777006149,1.3966616600349153,66,23,1,0,148,0.004715214967385285,"20260910-144936-dacb6f","1d05d5c6ecc0f88b6fe667e3fe234908666fe1378f6f526e53449196a4d5f761","fc257ced4151346f3eab61fe5e56dbd8ba9fee301c741c7872e59d10148bfe28"
"llama3_8b.qkv.dgrad.s65536.cp8",8192,4096,6144,"nn",0.3018079996109009,0.3051312014460564,1.3661561686488435,66,23,1,0,148,0.002226622781326269,"20260910-144936-dacb6f","1d05d5c6ecc0f88b6fe667e3fe234908666fe1378f6f526e53449196a4d5f761","fc257ced4151346f3eab61fe5e56dbd8ba9fee301c741c7872e59d10148bfe28"
"llama3_8b.qkv.dgrad.s131072.cp4",32768,4096,6144,"nn",1.1728639602661133,1.1865568041801453,1.40618818340176,66,23,1,0,148,0.009085451974529958,"20260910-144936-dacb6f","1d05d5c6ecc0f88b6fe667e3fe234908666fe1378f6f526e53449196a4d5f761","fc257ced4151346f3eab61fe5e56dbd8ba9fee301c741c7872e59d10148bfe28"
"llama3_8b.qkv.dgrad.s262144.cp8",32768,4096,6144,"nn",1.1728639602661133,1.1865568041801453,1.40618818340176,66,23,1,0,148,0.009085451974529958,"20260910-144936-dacb6f","1d05d5c6ecc0f88b6fe667e3fe234908666fe1378f6f526e53449196a4d5f761","fc257ced4151346f3eab61fe5e56dbd8ba9fee301c741c7872e59d10148bfe28"
"llama3_8b.qkv.dgrad.s262144.cp4",65536,4096,6144,"nn",2.346127986907959,2.37705283164978,1.405948397416822,66,23,1,0,148,0.008920189415564897,"20260910-144936-dacb6f","1d05d5c6ecc0f88b6fe667e3fe234908666fe1378f6f526e53449196a4d5f761","fc257ced4151346f3eab61fe5e56dbd8ba9fee301c741c7872e59d10148bfe28"
"llama3_8b.qkv.dgrad.s524288.cp8",65536,4096,6144,"nn",2.346127986907959,2.37705283164978,1.405948397416822,66,23,1,0,148,0.008920189415564897,"20260910-144936-dacb6f","1d05d5c6ecc0f88b6fe667e3fe234908666fe1378f6f526e53449196a4d5f761","fc257ced4151346f3eab61fe5e56dbd8ba9fee301c741c7872e59d10148bfe28"
"llama3_8b.qkv.dgrad.s524288.cp4",131072,4096,6144,"nn",4.581968069076538,4.6128257513046265,1.4397895548812916,66,23,1,0,148,0.006522994622744198,"20260910-144936-dacb6f","1d05d5c6ecc0f88b6fe667e3fe234908666fe1378f6f526e53449196a4d5f761","fc257ced4151346f3eab61fe5e56dbd8ba9fee301c741c7872e59d10148bfe28"
"qwen25_14b_32b.qkv.dgrad.s16384.cp4",4096,5120,7168,"nn",0.23049599677324295,0.23256320506334305,1.3043511164134047,66,232,1,0,148,0.002221313627083528,"20260910-144936-dacb6f","1d05d5c6ecc0f88b6fe667e3fe234908666fe1378f6f526e53449196a4d5f761","fc257ced4151346f3eab61fe5e56dbd8ba9fee301c741c7872e59d10148bfe28"
"qwen25_14b_32b.qkv.dgrad.s16384.cp8",2048,5120,7168,"nn",0.11979200318455696,0.12208639830350876,1.2548738760834002,66,32,1,0,148,0.0024041232698128936,"20260910-144936-dacb6f","1d05d5c6ecc0f88b6fe667e3fe234908666fe1378f6f526e53449196a4d5f761","fc257ced4151346f3eab61fe5e56dbd8ba9fee301c741c7872e59d10148bfe28"
"qwen25_14b_32b.qkv.dgrad.s65536.cp4",16384,5120,7168,"nn",0.8787679970264435,0.88401760160923,1.3684964028609388,66,32,1,0,148,0.0005826383076683645,"20260910-144936-dacb6f","1d05d5c6ecc0f88b6fe667e3fe234908666fe1378f6f526e53449196a4d5f761","fc257ced4151346f3eab61fe5e56dbd8ba9fee301c741c7872e59d10148bfe28"
"qwen25_14b_32b.qkv.dgrad.s131072.cp8",16384,5120,7168,"nn",0.8787679970264435,0.88401760160923,1.3684964028609388,66,32,1,0,148,0.0005826383076683645,"20260910-144936-dacb6f","1d05d5c6ecc0f88b6fe667e3fe234908666fe1378f6f526e53449196a4d5f761","fc257ced4151346f3eab61fe5e56dbd8ba9fee301c741c7872e59d10148bfe28"
"qwen25_14b_32b.qkv.dgrad.s65536.cp8",8192,5120,7168,"nn",0.43884798884391785,0.44325600415468214,1.3701678866616813,66,23,1,0,148,0.0005833499430741455,"20260910-144936-dacb6f","1d05d5c6ecc0f88b6fe667e3fe234908666fe1378f6f526e53449196a4d5f761","fc257ced4151346f3eab61fe5e56dbd8ba9fee301c741c7872e59d10148bfe28"
"qwen25_14b_32b.qkv.dgrad.s131072.cp4",32768,5120,7168,"nn",1.6378399729728699,1.681044775247574,1.4685083557915097,66,23,1,0,148,0.0013676926909304565,"20260910-144936-dacb6f","1d05d5c6ecc0f88b6fe667e3fe234908666fe1378f6f526e53449196a4d5f761","fc257ced4151346f3eab61fe5e56dbd8ba9fee301c741c7872e59d10148bfe28"
"qwen25_14b_32b.qkv.dgrad.s262144.cp8",32768,5120,7168,"nn",1.6378399729728699,1.681044775247574,1.4685083557915097,66,23,1,0,148,0.0013676926909304565,"20260910-144936-dacb6f","1d05d5c6ecc0f88b6fe667e3fe234908666fe1378f6f526e53449196a4d5f761","fc257ced4151346f3eab61fe5e56dbd8ba9fee301c741c7872e59d10148bfe28"
"qwen25_14b_32b.qkv.dgrad.s262144.cp4",65536,5120,7168,"nn",3.3664640188217163,3.3883999943733216,1.4289068127939348,66,23,1,0,148,0.005589245617210259,"20260910-144936-dacb6f","1d05d5c6ecc0f88b6fe667e3fe234908666fe1378f6f526e53449196a4d5f761","fc257ced4151346f3eab61fe5e56dbd8ba9fee301c741c7872e59d10148bfe28"
"qwen25_14b_32b.qkv.dgrad.s524288.cp8",65536,5120,7168,"nn",3.3664640188217163,3.3883999943733216,1.4289068127939348,66,23,1,0,148,0.005589245617210259,"20260910-144936-dacb6f","1d05d5c6ecc0f88b6fe667e3fe234908666fe1378f6f526e53449196a4d5f761","fc257ced4151346f3eab61fe5e56dbd8ba9fee301c741c7872e59d10148bfe28"
"qwen25_14b_32b.qkv.dgrad.s524288.cp4",131072,5120,7168,"nn",6.503695964813232,6.5524526834487915,1.479270678563505,66,513,1,0,148,0.0028734740992514317,"20260910-144936-dacb6f","1d05d5c6ecc0f88b6fe667e3fe234908666fe1378f6f526e53449196a4d5f761","fc257ced4151346f3eab61fe5e56dbd8ba9fee301c741c7872e59d10148bfe28"
"llama31_405b.qkv.dgrad.s16384.cp4",4096,16384,18432,"nn",1.6123839616775513,1.6518576502799989,1.534312683141621,66,513,1,0,148,0,"20260910-144936-dacb6f","1d05d5c6ecc0f88b6fe667e3fe234908666fe1378f6f526e53449196a4d5f761","fc257ced4151346f3eab61fe5e56dbd8ba9fee301c741c7872e59d10148bfe28"
"llama31_405b.qkv.dgrad.s16384.cp8",2048,16384,18432,"nn",0.8388480246067047,0.8779760122299194,1.4745824570880361,66,23,1,0,148,0.029488043675169162,"20260910-144936-dacb6f","1d05d5c6ecc0f88b6fe667e3fe234908666fe1378f6f526e53449196a4d5f761","fc257ced4151346f3eab61fe5e56dbd8ba9fee301c741c7872e59d10148bfe28"
"llama31_405b.qkv.dgrad.s65536.cp4",16384,16384,18432,"nn",6.58350396156311,6.632262420654297,1.503090862822919,66,513,1,0,148,0.005900797433345054,"20260910-144936-dacb6f","1d05d5c6ecc0f88b6fe667e3fe234908666fe1378f6f526e53449196a4d5f761","fc257ced4151346f3eab61fe5e56dbd8ba9fee301c741c7872e59d10148bfe28"
"llama31_405b.qkv.dgrad.s131072.cp8",16384,16384,18432,"nn",6.58350396156311,6.632262420654297,1.503090862822919,66,513,1,0,148,0.005900797433345054,"20260910-144936-dacb6f","1d05d5c6ecc0f88b6fe667e3fe234908666fe1378f6f526e53449196a4d5f761","fc257ced4151346f3eab61fe5e56dbd8ba9fee301c741c7872e59d10148bfe28"
"llama31_405b.qkv.dgrad.s65536.cp8",8192,16384,18432,"nn",3.259328007698059,3.2927599906921388,1.5180436928428223,66,513,1,0,148,0.0011585435546505323,"20260910-144936-dacb6f","1d05d5c6ecc0f88b6fe667e3fe234908666fe1378f6f526e53449196a4d5f761","fc257ced4151346f3eab61fe5e56dbd8ba9fee301c741c7872e59d10148bfe28"
"llama31_405b.qkv.dgrad.s131072.cp4",32768,16384,18432,"nn",13.24571180343628,13.359430170059204,1.494159739670136,66,513,1,0,148,0.0031865194201611755,"20260910-144936-dacb6f","1d05d5c6ecc0f88b6fe667e3fe234908666fe1378f6f526e53449196a4d5f761","fc257ced4151346f3eab61fe5e56dbd8ba9fee301c741c7872e59d10148bfe28"
"llama31_405b.qkv.dgrad.s262144.cp8",32768,16384,18432,"nn",13.24571180343628,13.359430170059204,1.494159739670136,66,513,1,0,148,0.0031865194201611755,"20260910-144936-dacb6f","1d05d5c6ecc0f88b6fe667e3fe234908666fe1378f6f526e53449196a4d5f761","fc257ced4151346f3eab61fe5e56dbd8ba9fee301c741c7872e59d10148bfe28"
"llama31_405b.qkv.dgrad.s262144.cp4",65536,16384,18432,"nn",26.92459201812744,27.233438873291014,1.4701213884053084,66,513,1,0,148,0.007204751151696516,"20260910-144936-dacb6f","1d05d5c6ecc0f88b6fe667e3fe234908666fe1378f6f526e53449196a4d5f761","fc257ced4151346f3eab61fe5e56dbd8ba9fee301c741c7872e59d10148bfe28"
"llama31_405b.qkv.dgrad.s524288.cp8",65536,16384,18432,"nn",26.92459201812744,27.233438873291014,1.4701213884053084,66,513,1,0,148,0.007204751151696516,"20260910-144936-dacb6f","1d05d5c6ecc0f88b6fe667e3fe234908666fe1378f6f526e53449196a4d5f761","fc257ced4151346f3eab61fe5e56dbd8ba9fee301c741c7872e59d10148bfe28"
"llama31_405b.qkv.dgrad.s524288.cp4",131072,16384,18432,"nn",54.4563045501709,55.24842414855957,1.453731351288022,66,513,1,0,148,0.0027218864404683486,"20260910-144936-dacb6f","1d05d5c6ecc0f88b6fe667e3fe234908666fe1378f6f526e53449196a4d5f761","fc257ced4151346f3eab61fe5e56dbd8ba9fee301c741c7872e59d10148bfe28"
"qwen25_72b.qkv.dgrad.s16384.cp4",4096,8192,10240,"nn",0.5025120079517365,0.5077488034963608,1.3675190970282274,66,23,1,0,148,0.0007004119739014993,"20260910-144936-dacb6f","1d05d5c6ecc0f88b6fe667e3fe234908666fe1378f6f526e53449196a4d5f761","fc257ced4151346f3eab61fe5e56dbd8ba9fee301c741c7872e59d10148bfe28"
"qwen25_72b.qkv.dgrad.s16384.cp8",2048,8192,10240,"nn",0.2624320089817047,0.26470720320940017,1.3092815354850775,66,32,1,0,148,0,"20260910-144936-dacb6f","1d05d5c6ecc0f88b6fe667e3fe234908666fe1378f6f526e53449196a4d5f761","fc257ced4151346f3eab61fe5e56dbd8ba9fee301c741c7872e59d10148bfe28"
"qwen25_72b.qkv.dgrad.s65536.cp4",16384,8192,10240,"nn",1.9417440295219421,2.0036128163337708,1.4156238039865379,66,23,1,0,148,0.03361924107391032,"20260910-144936-dacb6f","1d05d5c6ecc0f88b6fe667e3fe234908666fe1378f6f526e53449196a4d5f761","fc257ced4151346f3eab61fe5e56dbd8ba9fee301c741c7872e59d10148bfe28"
"qwen25_72b.qkv.dgrad.s131072.cp8",16384,8192,10240,"nn",1.9417440295219421,2.0036128163337708,1.4156238039865379,66,23,1,0,148,0.03361924107391032,"20260910-144936-dacb6f","1d05d5c6ecc0f88b6fe667e3fe234908666fe1378f6f526e53449196a4d5f761","fc257ced4151346f3eab61fe5e56dbd8ba9fee301c741c7872e59d10148bfe28"
"qwen25_72b.qkv.dgrad.s65536.cp8",8192,8192,10240,"nn",1.005519986152649,1.0149104356765748,1.3668445716118791,66,23,1,0,148,0.00474183906816822,"20260910-144936-dacb6f","1d05d5c6ecc0f88b6fe667e3fe234908666fe1378f6f526e53449196a4d5f761","fc257ced4151346f3eab61fe5e56dbd8ba9fee301c741c7872e59d10148bfe28"
"qwen25_72b.qkv.dgrad.s131072.cp4",32768,8192,10240,"nn",3.6909279823303223,3.7167215943336487,1.4894785715675318,66,513,1,0,148,0.0035979880722496675,"20260910-144936-dacb6f","1d05d5c6ecc0f88b6fe667e3fe234908666fe1378f6f526e53449196a4d5f761","fc257ced4151346f3eab61fe5e56dbd8ba9fee301c741c7872e59d10148bfe28"
"qwen25_72b.qkv.dgrad.s262144.cp8",32768,8192,10240,"nn",3.6909279823303223,3.7167215943336487,1.4894785715675318,66,513,1,0,148,0.0035979880722496675,"20260910-144936-dacb6f","1d05d5c6ecc0f88b6fe667e3fe234908666fe1378f6f526e53449196a4d5f761","fc257ced4151346f3eab61fe5e56dbd8ba9fee301c741c7872e59d10148bfe28"
"qwen25_72b.qkv.dgrad.s262144.cp4",65536,8192,10240,"nn",7.420128107070923,7.44789605140686,1.481796017414084,66,513,1,0,148,0.00617994707520238,"20260910-144936-dacb6f","1d05d5c6ecc0f88b6fe667e3fe234908666fe1378f6f526e53449196a4d5f761","fc257ced4151346f3eab61fe5e56dbd8ba9fee301c741c7872e59d10148bfe28"
"qwen25_72b.qkv.dgrad.s524288.cp8",65536,8192,10240,"nn",7.420128107070923,7.44789605140686,1.481796017414084,66,513,1,0,148,0.00617994707520238,"20260910-144936-dacb6f","1d05d5c6ecc0f88b6fe667e3fe234908666fe1378f6f526e53449196a4d5f761","fc257ced4151346f3eab61fe5e56dbd8ba9fee301c741c7872e59d10148bfe28"
"qwen25_72b.qkv.dgrad.s524288.cp4",131072,8192,10240,"nn",14.90825605392456,14.973852491378784,1.4750372193755774,66,513,1,0,148,0.0016506700697610248,"20260910-144936-dacb6f","1d05d5c6ecc0f88b6fe667e3fe234908666fe1378f6f526e53449196a4d5f761","fc257ced4151346f3eab61fe5e56dbd8ba9fee301c741c7872e59d10148bfe28"
"qwen3_235b.qkv.dgrad.s16384.cp4",4096,4096,9216,"nn",0.24620799720287323,0.24948159977793694,1.2560016279941992,66,32,1,0,148,0,"20260910-144936-dacb6f","1d05d5c6ecc0f88b6fe667e3fe234908666fe1378f6f526e53449196a4d5f761","fc257ced4151346f3eab61fe5e56dbd8ba9fee301c741c7872e59d10148bfe28"
"qwen3_235b.qkv.dgrad.s16384.cp8",2048,4096,9216,"nn",0.11580800265073776,0.12174720168113708,1.3351307260026817,66,447,1,0,148,0.0024868293710413884,"20260910-144936-dacb6f","1d05d5c6ecc0f88b6fe667e3fe234908666fe1378f6f526e53449196a4d5f761","fc257ced4151346f3eab61fe5e56dbd8ba9fee301c741c7872e59d10148bfe28"
"qwen3_235b.qkv.dgrad.s65536.cp4",16384,4096,9216,"nn",0.9097279906272888,0.9242447912693024,1.3596927806905006,66,23,1,0,148,0.005241076891819228,"20260910-144936-dacb6f","1d05d5c6ecc0f88b6fe667e3fe234908666fe1378f6f526e53449196a4d5f761","fc257ced4151346f3eab61fe5e56dbd8ba9fee301c741c7872e59d10148bfe28"
"qwen3_235b.qkv.dgrad.s131072.cp8",16384,4096,9216,"nn",0.9097279906272888,0.9242447912693024,1.3596927806905006,66,23,1,0,148,0.005241076891819228,"20260910-144936-dacb6f","1d05d5c6ecc0f88b6fe667e3fe234908666fe1378f6f526e53449196a4d5f761","fc257ced4151346f3eab61fe5e56dbd8ba9fee301c741c7872e59d10148bfe28"
"qwen3_235b.qkv.dgrad.s65536.cp8",8192,4096,9216,"nn",0.46695999801158905,0.47001920342445375,1.3244716747849794,66,32,1,0,148,0.004591418716855439,"20260910-144936-dacb6f","1d05d5c6ecc0f88b6fe667e3fe234908666fe1378f6f526e53449196a4d5f761","fc257ced4151346f3eab61fe5e56dbd8ba9fee301c741c7872e59d10148bfe28"
"qwen3_235b.qkv.dgrad.s131072.cp4",32768,4096,9216,"nn",1.7497600317001343,1.7951663970947265,1.413851681188684,66,23,1,0,148,0.005742519902676452,"20260910-144936-dacb6f","1d05d5c6ecc0f88b6fe667e3fe234908666fe1378f6f526e53449196a4d5f761","fc257ced4151346f3eab61fe5e56dbd8ba9fee301c741c7872e59d10148bfe28"
"qwen3_235b.qkv.dgrad.s262144.cp8",32768,4096,9216,"nn",1.7497600317001343,1.7951663970947265,1.413851681188684,66,23,1,0,148,0.005742519902676452,"20260910-144936-dacb6f","1d05d5c6ecc0f88b6fe667e3fe234908666fe1378f6f526e53449196a4d5f761","fc257ced4151346f3eab61fe5e56dbd8ba9fee301c741c7872e59d10148bfe28"
"qwen3_235b.qkv.dgrad.s262144.cp4",65536,4096,9216,"nn",3.562143921852112,3.597174310684204,1.3889956255387415,66,23,1,0,148,0.004770186860876031,"20260910-144936-dacb6f","1d05d5c6ecc0f88b6fe667e3fe234908666fe1378f6f526e53449196a4d5f761","fc257ced4151346f3eab61fe5e56dbd8ba9fee301c741c7872e59d10148bfe28"
"qwen3_235b.qkv.dgrad.s524288.cp8",65536,4096,9216,"nn",3.562143921852112,3.597174310684204,1.3889956255387415,66,23,1,0,148,0.004770186860876031,"20260910-144936-dacb6f","1d05d5c6ecc0f88b6fe667e3fe234908666fe1378f6f526e53449196a4d5f761","fc257ced4151346f3eab61fe5e56dbd8ba9fee301c741c7872e59d10148bfe28"
"qwen3_235b.qkv.dgrad.s524288.cp4",131072,4096,9216,"nn",6.702511787414551,6.73087215423584,1.476402424023362,66,513,1,0,148,0.007080299022793239,"20260910-144936-dacb6f","1d05d5c6ecc0f88b6fe667e3fe234908666fe1378f6f526e53449196a4d5f761","fc257ced4151346f3eab61fe5e56dbd8ba9fee301c741c7872e59d10148bfe28"
"bloom_176b.qkv.dgrad.s16384.cp4",4096,14336,43008,"nn",3.655616044998169,3.6785008311271667,1.3816772543732858,66,535,1,0,148,0.0035715019437133487,"20260910-144936-dacb6f","1d05d5c6ecc0f88b6fe667e3fe234908666fe1378f6f526e53449196a4d5f761","fc257ced4151346f3eab61fe5e56dbd8ba9fee301c741c7872e59d10148bfe28"
"bloom_176b.qkv.dgrad.s16384.cp8",2048,14336,43008,"nn",1.9722879528999329,1.9830624043941498,1.2804625036292214,66,535,2,234881040,148,0.005062149471519682,"20260910-144936-dacb6f","1d05d5c6ecc0f88b6fe667e3fe234908666fe1378f6f526e53449196a4d5f761","fc257ced4151346f3eab61fe5e56dbd8ba9fee301c741c7872e59d10148bfe28"
"bloom_176b.qkv.dgrad.s65536.cp4",16384,14336,43008,"nn",13.587007999420166,13.703011417388916,1.4869738916210395,66,513,1,0,148,0.000984487236813646,"20260910-144936-dacb6f","1d05d5c6ecc0f88b6fe667e3fe234908666fe1378f6f526e53449196a4d5f761","fc257ced4151346f3eab61fe5e56dbd8ba9fee301c741c7872e59d10148bfe28"
"bloom_176b.qkv.dgrad.s131072.cp8",16384,14336,43008,"nn",13.587007999420166,13.703011417388916,1.4869738916210395,66,513,1,0,148,0.000984487236813646,"20260910-144936-dacb6f","1d05d5c6ecc0f88b6fe667e3fe234908666fe1378f6f526e53449196a4d5f761","fc257ced4151346f3eab61fe5e56dbd8ba9fee301c741c7872e59d10148bfe28"
"bloom_176b.qkv.dgrad.s65536.cp8",8192,14336,43008,"nn",6.970879793167114,7.031596755981445,1.449137466133585,66,513,1,0,148,0.000036733032494129466,"20260910-144936-dacb6f","1d05d5c6ecc0f88b6fe667e3fe234908666fe1378f6f526e53449196a4d5f761","fc257ced4151346f3eab61fe5e56dbd8ba9fee301c741c7872e59d10148bfe28"
"bloom_176b.qkv.dgrad.s131072.cp4",32768,14336,43008,"nn",27.485952377319336,27.953840255737305,1.470098316626307,66,513,1,0,148,0.005851405445522396,"20260910-144936-dacb6f","1d05d5c6ecc0f88b6fe667e3fe234908666fe1378f6f526e53449196a4d5f761","fc257ced4151346f3eab61fe5e56dbd8ba9fee301c741c7872e59d10148bfe28"
"bloom_176b.qkv.dgrad.s262144.cp8",32768,14336,43008,"nn",27.485952377319336,27.953840255737305,1.470098316626307,66,513,1,0,148,0.005851405445522396,"20260910-144936-dacb6f","1d05d5c6ecc0f88b6fe667e3fe234908666fe1378f6f526e53449196a4d5f761","fc257ced4151346f3eab61fe5e56dbd8ba9fee301c741c7872e59d10148bfe28"
"bloom_176b.qkv.dgrad.s262144.cp4",65536,14336,43008,"nn",56.18913650512695,57.30002231597901,1.4382514070875987,66,513,1,0,148,0.0028395796368480028,"20260910-144936-dacb6f","1d05d5c6ecc0f88b6fe667e3fe234908666fe1378f6f526e53449196a4d5f761","fc257ced4151346f3eab61fe5e56dbd8ba9fee301c741c7872e59d10148bfe28"
"bloom_176b.qkv.dgrad.s524288.cp8",65536,14336,43008,"nn",56.18913650512695,57.30002231597901,1.4382514070875987,66,513,1,0,148,0.0028395796368480028,"20260910-144936-dacb6f","1d05d5c6ecc0f88b6fe667e3fe234908666fe1378f6f526e53449196a4d5f761","fc257ced4151346f3eab61fe5e56dbd8ba9fee301c741c7872e59d10148bfe28"
"bloom_176b.qkv.dgrad.s524288.cp4",131072,14336,43008,"nn",114.71451187133789,115.56684379577636,1.408960441416094,66,513,1,0,148,0.0006201174851283037,"20260910-144936-dacb6f","1d05d5c6ecc0f88b6fe667e3fe234908666fe1378f6f526e53449196a4d5f761","fc257ced4151346f3eab61fe5e56dbd8ba9fee301c741c7872e59d10148bfe28"
"production_qwen_dense.oproj.dgrad.s16384.cp4",4096,2048,2048,"nn",0.03352000005543232,0.03409759886562824,1.0250518589253879,66,29,1,0,148,0.006682517302678669,"20260910-144936-dacb6f","1d05d5c6ecc0f88b6fe667e3fe234908666fe1378f6f526e53449196a4d5f761","fc257ced4151346f3eab61fe5e56dbd8ba9fee301c741c7872e59d10148bfe28"
"production_qwen_dense.oproj.dgrad.s16384.cp8",2048,2048,2048,"nn",0.019200000911951065,0.019519999623298645,0.8947848108333353,66,20,1,0,148,0.001666582265562351,"20260910-144936-dacb6f","1d05d5c6ecc0f88b6fe667e3fe234908666fe1378f6f526e53449196a4d5f761","fc257ced4151346f3eab61fe5e56dbd8ba9fee301c741c7872e59d10148bfe28"
"production_qwen_dense.oproj.dgrad.s65536.cp4",16384,2048,2048,"nn",0.1067040003836155,0.10782880149781704,1.2880393703880655,66,23,1,0,148,0.010496336347516684,"20260910-144936-dacb6f","1d05d5c6ecc0f88b6fe667e3fe234908666fe1378f6f526e53449196a4d5f761","fc257ced4151346f3eab61fe5e56dbd8ba9fee301c741c7872e59d10148bfe28"
"production_qwen_dense.oproj.dgrad.s131072.cp8",16384,2048,2048,"nn",0.1067040003836155,0.10782880149781704,1.2880393703880655,66,23,1,0,148,0.010496336347516684,"20260910-144936-dacb6f","1d05d5c6ecc0f88b6fe667e3fe234908666fe1378f6f526e53449196a4d5f761","fc257ced4151346f3eab61fe5e56dbd8ba9fee301c741c7872e59d10148bfe28"
"production_qwen_dense.oproj.dgrad.s65536.cp8",8192,2048,2048,"nn",0.06254399940371513,0.06397120282053947,1.098738126617436,66,29,1,0,148,0.0020465748253308547,"20260910-144936-dacb6f","1d05d5c6ecc0f88b6fe667e3fe234908666fe1378f6f526e53449196a4d5f761","fc257ced4151346f3eab61fe5e56dbd8ba9fee301c741c7872e59d10148bfe28"
"production_qwen_dense.oproj.dgrad.s131072.cp4",32768,2048,2048,"nn",0.2098880037665367,0.2133023999631405,1.3096408656578251,66,32,1,0,148,0.0007622816209939614,"20260910-144936-dacb6f","1d05d5c6ecc0f88b6fe667e3fe234908666fe1378f6f526e53449196a4d5f761","fc257ced4151346f3eab61fe5e56dbd8ba9fee301c741c7872e59d10148bfe28"
"production_qwen_dense.oproj.dgrad.s262144.cp8",32768,2048,2048,"nn",0.2098880037665367,0.2133023999631405,1.3096408656578251,66,32,1,0,148,0.0007622816209939614,"20260910-144936-dacb6f","1d05d5c6ecc0f88b6fe667e3fe234908666fe1378f6f526e53449196a4d5f761","fc257ced4151346f3eab61fe5e56dbd8ba9fee301c741c7872e59d10148bfe28"
"production_qwen_dense.oproj.dgrad.s262144.cp4",65536,2048,2048,"nn",0.41603200137615204,0.42278561145067217,1.3214267461866296,66,32,1,0,148,0.005230335069459679,"20260910-144936-dacb6f","1d05d5c6ecc0f88b6fe667e3fe234908666fe1378f6f526e53449196a4d5f761","fc257ced4151346f3eab61fe5e56dbd8ba9fee301c741c7872e59d10148bfe28"
"production_qwen_dense.oproj.dgrad.s524288.cp8",65536,2048,2048,"nn",0.41603200137615204,0.42278561145067217,1.3214267461866296,66,32,1,0,148,0.005230335069459679,"20260910-144936-dacb6f","1d05d5c6ecc0f88b6fe667e3fe234908666fe1378f6f526e53449196a4d5f761","fc257ced4151346f3eab61fe5e56dbd8ba9fee301c741c7872e59d10148bfe28"
"production_qwen_dense.oproj.dgrad.s524288.cp4",131072,2048,2048,"nn",0.8121599853038788,0.819353586435318,1.3538116229213206,66,23,1,0,148,0.00019697949846333608,"20260910-144936-dacb6f","1d05d5c6ecc0f88b6fe667e3fe234908666fe1378f6f526e53449196a4d5f761","fc257ced4151346f3eab61fe5e56dbd8ba9fee301c741c7872e59d10148bfe28"
"llama31_405b.oproj.dgrad.s16384.cp4",4096,16384,16384,"nn",1.4656000137329102,1.4826719760894775,1.5004252421853133,66,513,1,0,148,0.00709610858456539,"20260910-144936-dacb6f","1d05d5c6ecc0f88b6fe667e3fe234908666fe1378f6f526e53449196a4d5f761","fc257ced4151346f3eab61fe5e56dbd8ba9fee301c741c7872e59d10148bfe28"
"llama31_405b.oproj.dgrad.s16384.cp8",2048,16384,16384,"nn",0.7629120051860809,0.7704495936632156,1.4412037303146377,66,513,1,0,148,0.008263109778285383,"20260910-144936-dacb6f","1d05d5c6ecc0f88b6fe667e3fe234908666fe1378f6f526e53449196a4d5f761","fc257ced4151346f3eab61fe5e56dbd8ba9fee301c741c7872e59d10148bfe28"
"llama31_405b.oproj.dgrad.s65536.cp4",16384,16384,16384,"nn",5.855647802352905,5.9074960231781,1.5021554094618823,66,513,1,0,148,0.002065767176850411,"20260910-144936-dacb6f","1d05d5c6ecc0f88b6fe667e3fe234908666fe1378f6f526e53449196a4d5f761","fc257ced4151346f3eab61fe5e56dbd8ba9fee301c741c7872e59d10148bfe28"
"llama31_405b.oproj.dgrad.s131072.cp8",16384,16384,16384,"nn",5.855647802352905,5.9074960231781,1.5021554094618823,66,513,1,0,148,0.002065767176850411,"20260910-144936-dacb6f","1d05d5c6ecc0f88b6fe667e3fe234908666fe1378f6f526e53449196a4d5f761","fc257ced4151346f3eab61fe5e56dbd8ba9fee301c741c7872e59d10148bfe28"
"llama31_405b.oproj.dgrad.s65536.cp8",8192,16384,16384,"nn",2.92247998714447,2.950753617286682,1.5049021825471225,66,513,1,0,148,0.007642744465051329,"20260910-144936-dacb6f","1d05d5c6ecc0f88b6fe667e3fe234908666fe1378f6f526e53449196a4d5f761","fc257ced4151346f3eab61fe5e56dbd8ba9fee301c741c7872e59d10148bfe28"
"llama31_405b.oproj.dgrad.s131072.cp4",32768,16384,16384,"nn",11.794655799865723,11.905151796340942,1.4915387394871058,66,513,1,0,148,0.005732805081797242,"20260910-144936-dacb6f","1d05d5c6ecc0f88b6fe667e3fe234908666fe1378f6f526e53449196a4d5f761","fc257ced4151346f3eab61fe5e56dbd8ba9fee301c741c7872e59d10148bfe28"
"llama31_405b.oproj.dgrad.s262144.cp8",32768,16384,16384,"nn",11.794655799865723,11.905151796340942,1.4915387394871058,66,513,1,0,148,0.005732805081797242,"20260910-144936-dacb6f","1d05d5c6ecc0f88b6fe667e3fe234908666fe1378f6f526e53449196a4d5f761","fc257ced4151346f3eab61fe5e56dbd8ba9fee301c741c7872e59d10148bfe28"
"llama31_405b.oproj.dgrad.s262144.cp4",65536,16384,16384,"nn",23.85696029663086,24.26536645889282,1.474805325211562,66,513,1,0,148,0.001526393121541091,"20260910-144936-dacb6f","1d05d5c6ecc0f88b6fe667e3fe234908666fe1378f6f526e53449196a4d5f761","fc257ced4151346f3eab61fe5e56dbd8ba9fee301c741c7872e59d10148bfe28"
"llama31_405b.oproj.dgrad.s524288.cp8",65536,16384,16384,"nn",23.85696029663086,24.26536645889282,1.474805325211562,66,513,1,0,148,0.001526393121541091,"20260910-144936-dacb6f","1d05d5c6ecc0f88b6fe667e3fe234908666fe1378f6f526e53449196a4d5f761","fc257ced4151346f3eab61fe5e56dbd8ba9fee301c741c7872e59d10148bfe28"
"llama31_405b.oproj.dgrad.s524288.cp4",131072,16384,16384,"nn",48.24809646606445,48.75832538604736,1.4584771075302054,66,513,1,0,148,0.0001976605060630779,"20260910-144936-dacb6f","1d05d5c6ecc0f88b6fe667e3fe234908666fe1378f6f526e53449196a4d5f761","fc257ced4151346f3eab61fe5e56dbd8ba9fee301c741c7872e59d10148bfe28"
"nanbeige42_3b.oproj.dgrad.s16384.cp4",4096,6144,3072,"nn",0.12644799798727036,0.128305596858263,1.2227858496546984,66,31,1,0,148,0.004302137640475424,"20260910-144936-dacb6f","1d05d5c6ecc0f88b6fe667e3fe234908666fe1378f6f526e53449196a4d5f761","fc257ced4151346f3eab61fe5e56dbd8ba9fee301c741c7872e59d10148bfe28"
"nanbeige42_3b.oproj.dgrad.s16384.cp8",2048,6144,3072,"nn",0.06756800040602684,0.06927199847996235,1.1441719580783132,66,177,1,0,148,0.015155108046815554,"20260910-144936-dacb6f","1d05d5c6ecc0f88b6fe667e3fe234908666fe1378f6f526e53449196a4d5f761","fc257ced4151346f3eab61fe5e56dbd8ba9fee301c741c7872e59d10148bfe28"
"nanbeige42_3b.oproj.dgrad.s65536.cp4",16384,6144,3072,"nn",0.43278399109840393,0.44082239717245103,1.4290623113260552,66,23,1,0,148,0.0029575491944157694,"20260910-144936-dacb6f","1d05d5c6ecc0f88b6fe667e3fe234908666fe1378f6f526e53449196a4d5f761","fc257ced4151346f3eab61fe5e56dbd8ba9fee301c741c7872e59d10148bfe28"
"nanbeige42_3b.oproj.dgrad.s131072.cp8",16384,6144,3072,"nn",0.43278399109840393,0.44082239717245103,1.4290623113260552,66,23,1,0,148,0.0029575491944157694,"20260910-144936-dacb6f","1d05d5c6ecc0f88b6fe667e3fe234908666fe1378f6f526e53449196a4d5f761","fc257ced4151346f3eab61fe5e56dbd8ba9fee301c741c7872e59d10148bfe28"
"nanbeige42_3b.oproj.dgrad.s65536.cp8",8192,6144,3072,"nn",0.23854400217533112,0.2435504026710987,1.2963547290730397,66,29,1,0,148,0.00013417941324242116,"20260910-144936-dacb6f","1d05d5c6ecc0f88b6fe667e3fe234908666fe1378f6f526e53449196a4d5f761","fc257ced4151346f3eab61fe5e56dbd8ba9fee301c741c7872e59d10148bfe28"
"nanbeige42_3b.oproj.dgrad.s131072.cp4",32768,6144,3072,"nn",0.8381760120391846,0.8454240143299103,1.475764712281187,66,23,1,0,148,0.02619017142337007,"20260910-144936-dacb6f","1d05d5c6ecc0f88b6fe667e3fe234908666fe1378f6f526e53449196a4d5f761","fc257ced4151346f3eab61fe5e56dbd8ba9fee301c741c7872e59d10148bfe28"
"nanbeige42_3b.oproj.dgrad.s262144.cp8",32768,6144,3072,"nn",0.8381760120391846,0.8454240143299103,1.475764712281187,66,23,1,0,148,0.02619017142337007,"20260910-144936-dacb6f","1d05d5c6ecc0f88b6fe667e3fe234908666fe1378f6f526e53449196a4d5f761","fc257ced4151346f3eab61fe5e56dbd8ba9fee301c741c7872e59d10148bfe28"
"nanbeige42_3b.oproj.dgrad.s262144.cp4",65536,6144,3072,"nn",1.6553919911384583,1.6808464407920838,1.4944503632608677,66,513,1,0,148,0.012255701778595507,"20260910-144936-dacb6f","1d05d5c6ecc0f88b6fe667e3fe234908666fe1378f6f526e53449196a4d5f761","fc257ced4151346f3eab61fe5e56dbd8ba9fee301c741c7872e59d10148bfe28"
"nanbeige42_3b.oproj.dgrad.s524288.cp8",65536,6144,3072,"nn",1.6553919911384583,1.6808464407920838,1.4944503632608677,66,513,1,0,148,0.012255701778595507,"20260910-144936-dacb6f","1d05d5c6ecc0f88b6fe667e3fe234908666fe1378f6f526e53449196a4d5f761","fc257ced4151346f3eab61fe5e56dbd8ba9fee301c741c7872e59d10148bfe28"
"nanbeige42_3b.oproj.dgrad.s524288.cp4",131072,6144,3072,"nn",3.407072067260742,3.446252739429474,1.4522153413003653,66,23,1,0,148,0.004949652547434987,"20260910-144936-dacb6f","1d05d5c6ecc0f88b6fe667e3fe234908666fe1378f6f526e53449196a4d5f761","fc257ced4151346f3eab61fe5e56dbd8ba9fee301c741c7872e59d10148bfe28"
"qwen25_7b.oproj.dgrad.s16384.cp4",4096,3584,3584,"nn",0.08720000088214874,0.08859679996967315,1.2067281844895212,66,29,1,0,148,0.0014679010706450033,"20260910-144936-dacb6f","1d05d5c6ecc0f88b6fe667e3fe234908666fe1378f6f526e53449196a4d5f761","fc257ced4151346f3eab61fe5e56dbd8ba9fee301c741c7872e59d10148bfe28"
"qwen25_7b.oproj.dgrad.s16384.cp8",2048,3584,3584,"nn",0.045791998505592346,0.04703680016100407,1.148963816671478,66,570,1,0,148,0.004192904180831481,"20260910-144936-dacb6f","1d05d5c6ecc0f88b6fe667e3fe234908666fe1378f6f526e53449196a4d5f761","fc257ced4151346f3eab61fe5e56dbd8ba9fee301c741c7872e59d10148bfe28"
"qwen25_7b.oproj.dgrad.s65536.cp4",16384,3584,3584,"nn",0.3123199939727783,0.3152863934636116,1.3476780325651712,66,32,1,0,148,0.003995908287626005,"20260910-144936-dacb6f","1d05d5c6ecc0f88b6fe667e3fe234908666fe1378f6f526e53449196a4d5f761","fc257ced4151346f3eab61fe5e56dbd8ba9fee301c741c7872e59d10148bfe28"
"qwen25_7b.oproj.dgrad.s131072.cp8",16384,3584,3584,"nn",0.3123199939727783,0.3152863934636116,1.3476780325651712,66,32,1,0,148,0.003995908287626005,"20260910-144936-dacb6f","1d05d5c6ecc0f88b6fe667e3fe234908666fe1378f6f526e53449196a4d5f761","fc257ced4151346f3eab61fe5e56dbd8ba9fee301c741c7872e59d10148bfe28"
"qwen25_7b.oproj.dgrad.s65536.cp8",8192,3584,3584,"nn",0.1733279973268509,0.17571040093898774,1.2141915948358901,66,20,1,0,148,0.008861792776640336,"20260910-144936-dacb6f","1d05d5c6ecc0f88b6fe667e3fe234908666fe1378f6f526e53449196a4d5f761","fc257ced4151346f3eab61fe5e56dbd8ba9fee301c741c7872e59d10148bfe28"
"qwen25_7b.oproj.dgrad.s131072.cp4",32768,3584,3584,"nn",0.610832005739212,0.6143103957176208,1.378142569653436,66,23,1,0,148,0.0013621113965906037,"20260910-144936-dacb6f","1d05d5c6ecc0f88b6fe667e3fe234908666fe1378f6f526e53449196a4d5f761","fc257ced4151346f3eab61fe5e56dbd8ba9fee301c741c7872e59d10148bfe28"
"qwen25_7b.oproj.dgrad.s262144.cp8",32768,3584,3584,"nn",0.610832005739212,0.6143103957176208,1.378142569653436,66,23,1,0,148,0.0013621113965906037,"20260910-144936-dacb6f","1d05d5c6ecc0f88b6fe667e3fe234908666fe1378f6f526e53449196a4d5f761","fc257ced4151346f3eab61fe5e56dbd8ba9fee301c741c7872e59d10148bfe28"
"qwen25_7b.oproj.dgrad.s262144.cp4",65536,3584,3584,"nn",1.1572799682617188,1.201947146654129,1.4548140693741343,66,23,1,0,148,0.036167609946798344,"20260910-144936-dacb6f","1d05d5c6ecc0f88b6fe667e3fe234908666fe1378f6f526e53449196a4d5f761","fc257ced4151346f3eab61fe5e56dbd8ba9fee301c741c7872e59d10148bfe28"
"qwen25_7b.oproj.dgrad.s524288.cp8",65536,3584,3584,"nn",1.1572799682617188,1.201947146654129,1.4548140693741343,66,23,1,0,148,0.036167609946798344,"20260910-144936-dacb6f","1d05d5c6ecc0f88b6fe667e3fe234908666fe1378f6f526e53449196a4d5f761","fc257ced4151346f3eab61fe5e56dbd8ba9fee301c741c7872e59d10148bfe28"
"qwen25_7b.oproj.dgrad.s524288.cp4",131072,3584,3584,"nn",2.349792003631592,2.390089583396912,1.433001029393208,66,23,1,0,148,0.01289644148558272,"20260910-144936-dacb6f","1d05d5c6ecc0f88b6fe667e3fe234908666fe1378f6f526e53449196a4d5f761","fc257ced4151346f3eab61fe5e56dbd8ba9fee301c741c7872e59d10148bfe28"
"gemma2_9b.oproj.dgrad.s16384.cp4",4096,4096,3584,"nn",0.10000000149011612,0.10216319896280765,1.2025908249600001,66,20,1,0,148,0.005440041341781,"20260910-144936-dacb6f","1d05d5c6ecc0f88b6fe667e3fe234908666fe1378f6f526e53449196a4d5f761","fc257ced4151346f3eab61fe5e56dbd8ba9fee301c741c7872e59d10148bfe28"
"gemma2_9b.oproj.dgrad.s16384.cp8",2048,4096,3584,"nn",0.047839999198913574,0.0495568010956049,1.2568884437892198,66,447,1,0,148,0.0006689014255776692,"20260910-144936-dacb6f","1d05d5c6ecc0f88b6fe667e3fe234908666fe1378f6f526e53449196a4d5f761","fc257ced4151346f3eab61fe5e56dbd8ba9fee301c741c7872e59d10148bfe28"
"gemma2_9b.oproj.dgrad.s65536.cp4",16384,4096,3584,"nn",0.34457598626613617,0.3483407959342003,1.3960239724322157,66,23,1,0,148,0.005014853981579307,"20260910-144936-dacb6f","1d05d5c6ecc0f88b6fe667e3fe234908666fe1378f6f526e53449196a4d5f761","fc257ced4151346f3eab61fe5e56dbd8ba9fee301c741c7872e59d10148bfe28"
"gemma2_9b.oproj.dgrad.s131072.cp8",16384,4096,3584,"nn",0.34457598626613617,0.3483407959342003,1.3960239724322157,66,23,1,0,148,0.005014853981579307,"20260910-144936-dacb6f","1d05d5c6ecc0f88b6fe667e3fe234908666fe1378f6f526e53449196a4d5f761","fc257ced4151346f3eab61fe5e56dbd8ba9fee301c741c7872e59d10148bfe28"
"gemma2_9b.oproj.dgrad.s65536.cp8",8192,4096,3584,"nn",0.18080000579357147,0.18286560252308845,1.3302995623275133,66,32,1,0,148,0.0012389062383198347,"20260910-144936-dacb6f","1d05d5c6ecc0f88b6fe667e3fe234908666fe1378f6f526e53449196a4d5f761","fc257ced4151346f3eab61fe5e56dbd8ba9fee301c741c7872e59d10148bfe28"
"gemma2_9b.oproj.dgrad.s131072.cp4",32768,4096,3584,"nn",0.6882239878177643,0.6952991902828216,1.3979063376656795,66,23,1,0,148,0.002696752019500311,"20260910-144936-dacb6f","1d05d5c6ecc0f88b6fe667e3fe234908666fe1378f6f526e53449196a4d5f761","fc257ced4151346f3eab61fe5e56dbd8ba9fee301c741c7872e59d10148bfe28"
"gemma2_9b.oproj.dgrad.s262144.cp8",32768,4096,3584,"nn",0.6882239878177643,0.6952991902828216,1.3979063376656795,66,23,1,0,148,0.002696752019500311,"20260910-144936-dacb6f","1d05d5c6ecc0f88b6fe667e3fe234908666fe1378f6f526e53449196a4d5f761","fc257ced4151346f3eab61fe5e56dbd8ba9fee301c741c7872e59d10148bfe28"
"gemma2_9b.oproj.dgrad.s262144.cp4",65536,4096,3584,"nn",1.3342880010604858,1.3457199811935425,1.4420764835468043,66,23,1,0,148,0.004868478620086682,"20260910-144936-dacb6f","1d05d5c6ecc0f88b6fe667e3fe234908666fe1378f6f526e53449196a4d5f761","fc257ced4151346f3eab61fe5e56dbd8ba9fee301c741c7872e59d10148bfe28"
"gemma2_9b.oproj.dgrad.s524288.cp8",65536,4096,3584,"nn",1.3342880010604858,1.3457199811935425,1.4420764835468043,66,23,1,0,148,0.004868478620086682,"20260910-144936-dacb6f","1d05d5c6ecc0f88b6fe667e3fe234908666fe1378f6f526e53449196a4d5f761","fc257ced4151346f3eab61fe5e56dbd8ba9fee301c741c7872e59d10148bfe28"
"gemma2_9b.oproj.dgrad.s524288.cp4",131072,4096,3584,"nn",2.671728014945984,2.685393524169922,1.4403751713079236,66,23,1,0,148,0.004647226167639334,"20260910-144936-dacb6f","1d05d5c6ecc0f88b6fe667e3fe234908666fe1378f6f526e53449196a4d5f761","fc257ced4151346f3eab61fe5e56dbd8ba9fee301c741c7872e59d10148bfe28"
"llama31_70b.oproj.dgrad.s16384.cp4",4096,8192,8192,"nn",0.42027199268341064,0.42476639747619627,1.3080952893811533,66,24,1,0,148,0.00007615947482014593,"20260910-144936-dacb6f","1d05d5c6ecc0f88b6fe667e3fe234908666fe1378f6f526e53449196a4d5f761","fc257ced4151346f3eab61fe5e56dbd8ba9fee301c741c7872e59d10148bfe28"
"qwen25_72b.oproj.dgrad.s16384.cp4",4096,8192,8192,"nn",0.42027199268341064,0.42476639747619627,1.3080952893811533,66,24,1,0,148,0.00007615947482014593,"20260910-144936-dacb6f","1d05d5c6ecc0f88b6fe667e3fe234908666fe1378f6f526e53449196a4d5f761","fc257ced4151346f3eab61fe5e56dbd8ba9fee301c741c7872e59d10148bfe28"
"llama31_70b.oproj.dgrad.s16384.cp8",2048,8192,8192,"nn",0.21804799884557724,0.22425439730286598,1.2606302667270521,66,29,1,0,148,0.011593763350645514,"20260910-144936-dacb6f","1d05d5c6ecc0f88b6fe667e3fe234908666fe1378f6f526e53449196a4d5f761","fc257ced4151346f3eab61fe5e56dbd8ba9fee301c741c7872e59d10148bfe28"
"qwen25_72b.oproj.dgrad.s16384.cp8",2048,8192,8192,"nn",0.21804799884557724,0.22425439730286598,1.2606302667270521,66,29,1,0,148,0.011593763350645514,"20260910-144936-dacb6f","1d05d5c6ecc0f88b6fe667e3fe234908666fe1378f6f526e53449196a4d5f761","fc257ced4151346f3eab61fe5e56dbd8ba9fee301c741c7872e59d10148bfe28"
"llama31_70b.oproj.dgrad.s65536.cp4",16384,8192,8192,"nn",1.5469439625740051,1.5699951887130736,1.4215274171231005,66,23,1,0,148,0.024843823045547036,"20260910-144936-dacb6f","1d05d5c6ecc0f88b6fe667e3fe234908666fe1378f6f526e53449196a4d5f761","fc257ced4151346f3eab61fe5e56dbd8ba9fee301c741c7872e59d10148bfe28"
"llama31_70b.oproj.dgrad.s131072.cp8",16384,8192,8192,"nn",1.5469439625740051,1.5699951887130736,1.4215274171231005,66,23,1,0,148,0.024843823045547036,"20260910-144936-dacb6f","1d05d5c6ecc0f88b6fe667e3fe234908666fe1378f6f526e53449196a4d5f761","fc257ced4151346f3eab61fe5e56dbd8ba9fee301c741c7872e59d10148bfe28"
"qwen25_72b.oproj.dgrad.s65536.cp4",16384,8192,8192,"nn",1.5469439625740051,1.5699951887130736,1.4215274171231005,66,23,1,0,148,0.024843823045547036,"20260910-144936-dacb6f","1d05d5c6ecc0f88b6fe667e3fe234908666fe1378f6f526e53449196a4d5f761","fc257ced4151346f3eab61fe5e56dbd8ba9fee301c741c7872e59d10148bfe28"
"qwen25_72b.oproj.dgrad.s131072.cp8",16384,8192,8192,"nn",1.5469439625740051,1.5699951887130736,1.4215274171231005,66,23,1,0,148,0.024843823045547036,"20260910-144936-dacb6f","1d05d5c6ecc0f88b6fe667e3fe234908666fe1378f6f526e53449196a4d5f761","fc257ced4151346f3eab61fe5e56dbd8ba9fee301c741c7872e59d10148bfe28"
"llama31_70b.oproj.dgrad.s65536.cp8",8192,8192,8192,"nn",0.7550239861011505,0.7663808017969131,1.45626052683934,66,23,1,0,148,0.00203438794546593,"20260910-144936-dacb6f","1d05d5c6ecc0f88b6fe667e3fe234908666fe1378f6f526e53449196a4d5f761","fc257ced4151346f3eab61fe5e56dbd8ba9fee301c741c7872e59d10148bfe28"
"qwen25_72b.oproj.dgrad.s65536.cp8",8192,8192,8192,"nn",0.7550239861011505,0.7663808017969131,1.45626052683934,66,23,1,0,148,0.00203438794546593,"20260910-144936-dacb6f","1d05d5c6ecc0f88b6fe667e3fe234908666fe1378f6f526e53449196a4d5f761","fc257ced4151346f3eab61fe5e56dbd8ba9fee301c741c7872e59d10148bfe28"
"llama31_70b.oproj.dgrad.s131072.cp4",32768,8192,8192,"nn",3.077247977256775,3.098950374126434,1.429214201653211,66,23,1,0,148,0.007424858003425838,"20260910-144936-dacb6f","1d05d5c6ecc0f88b6fe667e3fe234908666fe1378f6f526e53449196a4d5f761","fc257ced4151346f3eab61fe5e56dbd8ba9fee301c741c7872e59d10148bfe28"
"llama31_70b.oproj.dgrad.s262144.cp8",32768,8192,8192,"nn",3.077247977256775,3.098950374126434,1.429214201653211,66,23,1,0,148,0.007424858003425838,"20260910-144936-dacb6f","1d05d5c6ecc0f88b6fe667e3fe234908666fe1378f6f526e53449196a4d5f761","fc257ced4151346f3eab61fe5e56dbd8ba9fee301c741c7872e59d10148bfe28"
"qwen25_72b.oproj.dgrad.s131072.cp4",32768,8192,8192,"nn",3.077247977256775,3.098950374126434,1.429214201653211,66,23,1,0,148,0.007424858003425838,"20260910-144936-dacb6f","1d05d5c6ecc0f88b6fe667e3fe234908666fe1378f6f526e53449196a4d5f761","fc257ced4151346f3eab61fe5e56dbd8ba9fee301c741c7872e59d10148bfe28"
"qwen25_72b.oproj.dgrad.s262144.cp8",32768,8192,8192,"nn",3.077247977256775,3.098950374126434,1.429214201653211,66,23,1,0,148,0.007424858003425838,"20260910-144936-dacb6f","1d05d5c6ecc0f88b6fe667e3fe234908666fe1378f6f526e53449196a4d5f761","fc257ced4151346f3eab61fe5e56dbd8ba9fee301c741c7872e59d10148bfe28"
"llama31_70b.oproj.dgrad.s262144.cp4",65536,8192,8192,"nn",5.914704084396362,5.984327816963196,1.4871569053493408,66,513,1,0,148,0.004203793870759862,"20260910-144936-dacb6f","1d05d5c6ecc0f88b6fe667e3fe234908666fe1378f6f526e53449196a4d5f761","fc257ced4151346f3eab61fe5e56dbd8ba9fee301c741c7872e59d10148bfe28"
"llama31_70b.oproj.dgrad.s524288.cp8",65536,8192,8192,"nn",5.914704084396362,5.984327816963196,1.4871569053493408,66,513,1,0,148,0.004203793870759862,"20260910-144936-dacb6f","1d05d5c6ecc0f88b6fe667e3fe234908666fe1378f6f526e53449196a4d5f761","fc257ced4151346f3eab61fe5e56dbd8ba9fee301c741c7872e59d10148bfe28"
"qwen25_72b.oproj.dgrad.s262144.cp4",65536,8192,8192,"nn",5.914704084396362,5.984327816963196,1.4871569053493408,66,513,1,0,148,0.004203793870759862,"20260910-144936-dacb6f","1d05d5c6ecc0f88b6fe667e3fe234908666fe1378f6f526e53449196a4d5f761","fc257ced4151346f3eab61fe5e56dbd8ba9fee301c741c7872e59d10148bfe28"
"qwen25_72b.oproj.dgrad.s524288.cp8",65536,8192,8192,"nn",5.914704084396362,5.984327816963196,1.4871569053493408,66,513,1,0,148,0.004203793870759862,"20260910-144936-dacb6f","1d05d5c6ecc0f88b6fe667e3fe234908666fe1378f6f526e53449196a4d5f761","fc257ced4151346f3eab61fe5e56dbd8ba9fee301c741c7872e59d10148bfe28"
"llama31_70b.oproj.dgrad.s524288.cp4",131072,8192,8192,"nn",11.847280025482178,11.912608289718628,1.4849134996874531,66,513,1,0,148,0.0060152428924185085,"20260910-144936-dacb6f","1d05d5c6ecc0f88b6fe667e3fe234908666fe1378f6f526e53449196a4d5f761","fc257ced4151346f3eab61fe5e56dbd8ba9fee301c741c7872e59d10148bfe28"
"qwen25_72b.oproj.dgrad.s524288.cp4",131072,8192,8192,"nn",11.847280025482178,11.912608289718628,1.4849134996874531,66,513,1,0,148,0.0060152428924185085,"20260910-144936-dacb6f","1d05d5c6ecc0f88b6fe667e3fe234908666fe1378f6f526e53449196a4d5f761","fc257ced4151346f3eab61fe5e56dbd8ba9fee301c741c7872e59d10148bfe28"
"qwen3_235b.oproj.dgrad.s16384.cp4",4096,8192,4096,"nn",0.20556800067424774,0.20807040482759476,1.3371629146677544,66,32,1,0,148,0.0012453394909258027,"20260910-144936-dacb6f","1d05d5c6ecc0f88b6fe667e3fe234908666fe1378f6f526e53449196a4d5f761","fc257ced4151346f3eab61fe5e56dbd8ba9fee301c741c7872e59d10148bfe28"
"qwen35_397b.gdn_o.dgrad.s16384.cp4",4096,8192,4096,"nn",0.20556800067424774,0.20807040482759476,1.3371629146677544,66,32,1,0,148,0.0012453394909258027,"20260910-144936-dacb6f","1d05d5c6ecc0f88b6fe667e3fe234908666fe1378f6f526e53449196a4d5f761","fc257ced4151346f3eab61fe5e56dbd8ba9fee301c741c7872e59d10148bfe28"
"qwen35_397b.full_o.dgrad.s16384.cp4",4096,8192,4096,"nn",0.20556800067424774,0.20807040482759476,1.3371629146677544,66,32,1,0,148,0.0012453394909258027,"20260910-144936-dacb6f","1d05d5c6ecc0f88b6fe667e3fe234908666fe1378f6f526e53449196a4d5f761","fc257ced4151346f3eab61fe5e56dbd8ba9fee301c741c7872e59d10148bfe28"
"qwen3_235b.oproj.dgrad.s16384.cp8",2048,8192,4096,"nn",0.1128000020980835,0.1144832033663988,1.2184304159187167,66,20,1,0,148,0.002269520785005839,"20260910-144936-dacb6f","1d05d5c6ecc0f88b6fe667e3fe234908666fe1378f6f526e53449196a4d5f761","fc257ced4151346f3eab61fe5e56dbd8ba9fee301c741c7872e59d10148bfe28"
"qwen35_397b.gdn_o.dgrad.s16384.cp8",2048,8192,4096,"nn",0.1128000020980835,0.1144832033663988,1.2184304159187167,66,20,1,0,148,0.002269520785005839,"20260910-144936-dacb6f","1d05d5c6ecc0f88b6fe667e3fe234908666fe1378f6f526e53449196a4d5f761","fc257ced4151346f3eab61fe5e56dbd8ba9fee301c741c7872e59d10148bfe28"
"qwen35_397b.full_o.dgrad.s16384.cp8",2048,8192,4096,"nn",0.1128000020980835,0.1144832033663988,1.2184304159187167,66,20,1,0,148,0.002269520785005839,"20260910-144936-dacb6f","1d05d5c6ecc0f88b6fe667e3fe234908666fe1378f6f526e53449196a4d5f761","fc257ced4151346f3eab61fe5e56dbd8ba9fee301c741c7872e59d10148bfe28"
"qwen3_235b.oproj.dgrad.s65536.cp4",16384,8192,4096,"nn",0.7304480075836182,0.7364288121461868,1.505256522518659,66,23,1,0,148,0.0023218498029030712,"20260910-145720-b26485","228e3d7b176baa98307e15dd5e01f34b67a62c0b98f5d08670d29b6f6d060e03","fc257ced4151346f3eab61fe5e56dbd8ba9fee301c741c7872e59d10148bfe28"
"qwen3_235b.oproj.dgrad.s131072.cp8",16384,8192,4096,"nn",0.7304480075836182,0.7364288121461868,1.505256522518659,66,23,1,0,148,0.0023218498029030712,"20260910-145720-b26485","228e3d7b176baa98307e15dd5e01f34b67a62c0b98f5d08670d29b6f6d060e03","fc257ced4151346f3eab61fe5e56dbd8ba9fee301c741c7872e59d10148bfe28"
"qwen35_397b.gdn_o.dgrad.s65536.cp4",16384,8192,4096,"nn",0.7304480075836182,0.7364288121461868,1.505256522518659,66,23,1,0,148,0.0023218498029030712,"20260910-145720-b26485","228e3d7b176baa98307e15dd5e01f34b67a62c0b98f5d08670d29b6f6d060e03","fc257ced4151346f3eab61fe5e56dbd8ba9fee301c741c7872e59d10148bfe28"
"qwen35_397b.gdn_o.dgrad.s131072.cp8",16384,8192,4096,"nn",0.7304480075836182,0.7364288121461868,1.505256522518659,66,23,1,0,148,0.0023218498029030712,"20260910-145720-b26485","228e3d7b176baa98307e15dd5e01f34b67a62c0b98f5d08670d29b6f6d060e03","fc257ced4151346f3eab61fe5e56dbd8ba9fee301c741c7872e59d10148bfe28"
"qwen35_397b.full_o.dgrad.s65536.cp4",16384,8192,4096,"nn",0.7304480075836182,0.7364288121461868,1.505256522518659,66,23,1,0,148,0.0023218498029030712,"20260910-145720-b26485","228e3d7b176baa98307e15dd5e01f34b67a62c0b98f5d08670d29b6f6d060e03","fc257ced4151346f3eab61fe5e56dbd8ba9fee301c741c7872e59d10148bfe28"
"qwen35_397b.full_o.dgrad.s131072.cp8",16384,8192,4096,"nn",0.7304480075836182,0.7364288121461868,1.505256522518659,66,23,1,0,148,0.0023218498029030712,"20260910-145720-b26485","228e3d7b176baa98307e15dd5e01f34b67a62c0b98f5d08670d29b6f6d060e03","fc257ced4151346f3eab61fe5e56dbd8ba9fee301c741c7872e59d10148bfe28"
"qwen3_235b.oproj.dgrad.s65536.cp8",8192,8192,4096,"nn",0.3839679956436157,0.38817279040813446,1.4317750961678122,66,513,1,0,148,0.002166902569640017,"20260910-145720-b26485","228e3d7b176baa98307e15dd5e01f34b67a62c0b98f5d08670d29b6f6d060e03","fc257ced4151346f3eab61fe5e56dbd8ba9fee301c741c7872e59d10148bfe28"
"qwen35_397b.gdn_o.dgrad.s65536.cp8",8192,8192,4096,"nn",0.3839679956436157,0.38817279040813446,1.4317750961678122,66,513,1,0,148,0.002166902569640017,"20260910-145720-b26485","228e3d7b176baa98307e15dd5e01f34b67a62c0b98f5d08670d29b6f6d060e03","fc257ced4151346f3eab61fe5e56dbd8ba9fee301c741c7872e59d10148bfe28"
"qwen35_397b.full_o.dgrad.s65536.cp8",8192,8192,4096,"nn",0.3839679956436157,0.38817279040813446,1.4317750961678122,66,513,1,0,148,0.002166902569640017,"20260910-145720-b26485","228e3d7b176baa98307e15dd5e01f34b67a62c0b98f5d08670d29b6f6d060e03","fc257ced4151346f3eab61fe5e56dbd8ba9fee301c741c7872e59d10148bfe28"
"qwen3_235b.oproj.dgrad.s131072.cp4",32768,8192,4096,"nn",1.4815679788589478,1.5074143707752228,1.4842540382423839,66,23,1,0,148,0.016523025326165064,"20260910-145720-b26485","228e3d7b176baa98307e15dd5e01f34b67a62c0b98f5d08670d29b6f6d060e03","fc257ced4151346f3eab61fe5e56dbd8ba9fee301c741c7872e59d10148bfe28"
"qwen3_235b.oproj.dgrad.s262144.cp8",32768,8192,4096,"nn",1.4815679788589478,1.5074143707752228,1.4842540382423839,66,23,1,0,148,0.016523025326165064,"20260910-145720-b26485","228e3d7b176baa98307e15dd5e01f34b67a62c0b98f5d08670d29b6f6d060e03","fc257ced4151346f3eab61fe5e56dbd8ba9fee301c741c7872e59d10148bfe28"
"qwen35_397b.gdn_o.dgrad.s131072.cp4",32768,8192,4096,"nn",1.4815679788589478,1.5074143707752228,1.4842540382423839,66,23,1,0,148,0.016523025326165064,"20260910-145720-b26485","228e3d7b176baa98307e15dd5e01f34b67a62c0b98f5d08670d29b6f6d060e03","fc257ced4151346f3eab61fe5e56dbd8ba9fee301c741c7872e59d10148bfe28"
"qwen35_397b.gdn_o.dgrad.s262144.cp8",32768,8192,4096,"nn",1.4815679788589478,1.5074143707752228,1.4842540382423839,66,23,1,0,148,0.016523025326165064,"20260910-145720-b26485","228e3d7b176baa98307e15dd5e01f34b67a62c0b98f5d08670d29b6f6d060e03","fc257ced4151346f3eab61fe5e56dbd8ba9fee301c741c7872e59d10148bfe28"
"qwen35_397b.full_o.dgrad.s131072.cp4",32768,8192,4096,"nn",1.4815679788589478,1.5074143707752228,1.4842540382423839,66,23,1,0,148,0.016523025326165064,"20260910-145720-b26485","228e3d7b176baa98307e15dd5e01f34b67a62c0b98f5d08670d29b6f6d060e03","fc257ced4151346f3eab61fe5e56dbd8ba9fee301c741c7872e59d10148bfe28"
"qwen35_397b.full_o.dgrad.s262144.cp8",32768,8192,4096,"nn",1.4815679788589478,1.5074143707752228,1.4842540382423839,66,23,1,0,148,0.016523025326165064,"20260910-145720-b26485","228e3d7b176baa98307e15dd5e01f34b67a62c0b98f5d08670d29b6f6d060e03","fc257ced4151346f3eab61fe5e56dbd8ba9fee301c741c7872e59d10148bfe28"
"qwen3_235b.oproj.dgrad.s262144.cp4",65536,8192,4096,"nn",2.9745919704437256,3.003488099575043,1.4785377472957861,66,23,1,0,148,0.009972473504455593,"20260910-145720-b26485","228e3d7b176baa98307e15dd5e01f34b67a62c0b98f5d08670d29b6f6d060e03","fc257ced4151346f3eab61fe5e56dbd8ba9fee301c741c7872e59d10148bfe28"
"qwen3_235b.oproj.dgrad.s524288.cp8",65536,8192,4096,"nn",2.9745919704437256,3.003488099575043,1.4785377472957861,66,23,1,0,148,0.009972473504455593,"20260910-145720-b26485","228e3d7b176baa98307e15dd5e01f34b67a62c0b98f5d08670d29b6f6d060e03","fc257ced4151346f3eab61fe5e56dbd8ba9fee301c741c7872e59d10148bfe28"
"qwen35_397b.gdn_o.dgrad.s262144.cp4",65536,8192,4096,"nn",2.9745919704437256,3.003488099575043,1.4785377472957861,66,23,1,0,148,0.009972473504455593,"20260910-145720-b26485","228e3d7b176baa98307e15dd5e01f34b67a62c0b98f5d08670d29b6f6d060e03","fc257ced4151346f3eab61fe5e56dbd8ba9fee301c741c7872e59d10148bfe28"
"qwen35_397b.gdn_o.dgrad.s524288.cp8",65536,8192,4096,"nn",2.9745919704437256,3.003488099575043,1.4785377472957861,66,23,1,0,148,0.009972473504455593,"20260910-145720-b26485","228e3d7b176baa98307e15dd5e01f34b67a62c0b98f5d08670d29b6f6d060e03","fc257ced4151346f3eab61fe5e56dbd8ba9fee301c741c7872e59d10148bfe28"
"qwen35_397b.full_o.dgrad.s262144.cp4",65536,8192,4096,"nn",2.9745919704437256,3.003488099575043,1.4785377472957861,66,23,1,0,148,0.009972473504455593,"20260910-145720-b26485","228e3d7b176baa98307e15dd5e01f34b67a62c0b98f5d08670d29b6f6d060e03","fc257ced4151346f3eab61fe5e56dbd8ba9fee301c741c7872e59d10148bfe28"
"qwen35_397b.full_o.dgrad.s524288.cp8",65536,8192,4096,"nn",2.9745919704437256,3.003488099575043,1.4785377472957861,66,23,1,0,148,0.009972473504455593,"20260910-145720-b26485","228e3d7b176baa98307e15dd5e01f34b67a62c0b98f5d08670d29b6f6d060e03","fc257ced4151346f3eab61fe5e56dbd8ba9fee301c741c7872e59d10148bfe28"
"qwen3_235b.oproj.dgrad.s524288.cp4",131072,8192,4096,"nn",5.917423963546753,5.9337503671646115,1.4864733499568021,66,513,1,0,148,0.0019738531939132477,"20260910-145720-b26485","228e3d7b176baa98307e15dd5e01f34b67a62c0b98f5d08670d29b6f6d060e03","fc257ced4151346f3eab61fe5e56dbd8ba9fee301c741c7872e59d10148bfe28"
"qwen35_397b.gdn_o.dgrad.s524288.cp4",131072,8192,4096,"nn",5.917423963546753,5.9337503671646115,1.4864733499568021,66,513,1,0,148,0.0019738531939132477,"20260910-145720-b26485","228e3d7b176baa98307e15dd5e01f34b67a62c0b98f5d08670d29b6f6d060e03","fc257ced4151346f3eab61fe5e56dbd8ba9fee301c741c7872e59d10148bfe28"
"qwen35_397b.full_o.dgrad.s524288.cp4",131072,8192,4096,"nn",5.917423963546753,5.9337503671646115,1.4864733499568021,66,513,1,0,148,0.0019738531939132477,"20260910-145720-b26485","228e3d7b176baa98307e15dd5e01f34b67a62c0b98f5d08670d29b6f6d060e03","fc257ced4151346f3eab61fe5e56dbd8ba9fee301c741c7872e59d10148bfe28"
"bloom_176b.oproj.dgrad.s16384.cp4",4096,14336,14336,"nn",1.1713119745254517,1.194756805896759,1.4373857833342043,66,210,1,0,148,0.019260454012481786,"20260910-145720-b26485","228e3d7b176baa98307e15dd5e01f34b67a62c0b98f5d08670d29b6f6d060e03","fc257ced4151346f3eab61fe5e56dbd8ba9fee301c741c7872e59d10148bfe28"
"bloom_176b.oproj.dgrad.s16384.cp8",2048,14336,14336,"nn",0.6537600159645081,0.6621664047241211,1.2876492435439815,66,209,1,0,148,0.00230054448863554,"20260910-145720-b26485","228e3d7b176baa98307e15dd5e01f34b67a62c0b98f5d08670d29b6f6d060e03","fc257ced4151346f3eab61fe5e56dbd8ba9fee301c741c7872e59d10148bfe28"
"bloom_176b.oproj.dgrad.s65536.cp4",16384,14336,14336,"nn",4.473567962646484,4.5056736946105955,1.5053998902799686,66,513,1,0,148,0.0018884532441275361,"20260910-145720-b26485","228e3d7b176baa98307e15dd5e01f34b67a62c0b98f5d08670d29b6f6d060e03","fc257ced4151346f3eab61fe5e56dbd8ba9fee301c741c7872e59d10148bfe28"
"bloom_176b.oproj.dgrad.s131072.cp8",16384,14336,14336,"nn",4.473567962646484,4.5056736946105955,1.5053998902799686,66,513,1,0,148,0.0018884532441275361,"20260910-145720-b26485","228e3d7b176baa98307e15dd5e01f34b67a62c0b98f5d08670d29b6f6d060e03","fc257ced4151346f3eab61fe5e56dbd8ba9fee301c741c7872e59d10148bfe28"
"bloom_176b.oproj.dgrad.s65536.cp8",8192,14336,14336,"nn",2.309231996536255,2.402337682247162,1.4581706667475298,66,210,1,0,148,0.03751199845626832,"20260910-145720-b26485","228e3d7b176baa98307e15dd5e01f34b67a62c0b98f5d08670d29b6f6d060e03","fc257ced4151346f3eab61fe5e56dbd8ba9fee301c741c7872e59d10148bfe28"
"bloom_176b.oproj.dgrad.s131072.cp4",32768,14336,14336,"nn",8.993983745574951,9.047625970840453,1.497558570403551,66,513,1,0,148,0.0012880034308585667,"20260910-145720-b26485","228e3d7b176baa98307e15dd5e01f34b67a62c0b98f5d08670d29b6f6d060e03","fc257ced4151346f3eab61fe5e56dbd8ba9fee301c741c7872e59d10148bfe28"
"bloom_176b.oproj.dgrad.s262144.cp8",32768,14336,14336,"nn",8.993983745574951,9.047625970840453,1.497558570403551,66,513,1,0,148,0.0012880034308585667,"20260910-145720-b26485","228e3d7b176baa98307e15dd5e01f34b67a62c0b98f5d08670d29b6f6d060e03","fc257ced4151346f3eab61fe5e56dbd8ba9fee301c741c7872e59d10148bfe28"
"bloom_176b.oproj.dgrad.s262144.cp4",65536,14336,14336,"nn",18.19328022003174,18.305686378479002,1.480658493395371,66,513,1,0,148,0.0006085850753447718,"20260910-145720-b26485","228e3d7b176baa98307e15dd5e01f34b67a62c0b98f5d08670d29b6f6d060e03","fc257ced4151346f3eab61fe5e56dbd8ba9fee301c741c7872e59d10148bfe28"
"bloom_176b.oproj.dgrad.s524288.cp8",65536,14336,14336,"nn",18.19328022003174,18.305686378479002,1.480658493395371,66,513,1,0,148,0.0006085850753447718,"20260910-145720-b26485","228e3d7b176baa98307e15dd5e01f34b67a62c0b98f5d08670d29b6f6d060e03","fc257ced4151346f3eab61fe5e56dbd8ba9fee301c741c7872e59d10148bfe28"
"bloom_176b.oproj.dgrad.s524288.cp4",131072,14336,14336,"nn",36.82929611206055,37.27720966339111,1.4628590673331148,66,513,1,0,148,0.0031019477907840414,"20260910-145720-b26485","228e3d7b176baa98307e15dd5e01f34b67a62c0b98f5d08670d29b6f6d060e03","fc257ced4151346f3eab61fe5e56dbd8ba9fee301c741c7872e59d10148bfe28"
"kimi_k3_kda.oproj.dgrad.s16384.cp4",4096,12288,7168,"nn",0.5129280090332031,0.5181743860244751,1.406736409438877,66,23,1,0,148,0.0009981983623504212,"20260910-145720-b26485","228e3d7b176baa98307e15dd5e01f34b67a62c0b98f5d08670d29b6f6d060e03","fc257ced4151346f3eab61fe5e56dbd8ba9fee301c741c7872e59d10148bfe28"
"kimi_k3.mla_o.dgrad.s16384.cp4",4096,12288,7168,"nn",0.5129280090332031,0.5181743860244751,1.406736409438877,66,23,1,0,148,0.0009981983623504212,"20260910-145720-b26485","228e3d7b176baa98307e15dd5e01f34b67a62c0b98f5d08670d29b6f6d060e03","fc257ced4151346f3eab61fe5e56dbd8ba9fee301c741c7872e59d10148bfe28"
"kimi_k3_kda.oproj.dgrad.s16384.cp8",2048,12288,7168,"nn",0.27398400008678436,0.27744319587945937,1.3167821943972053,66,29,1,0,148,0.00548938624569697,"20260910-145720-b26485","228e3d7b176baa98307e15dd5e01f34b67a62c0b98f5d08670d29b6f6d060e03","fc257ced4151346f3eab61fe5e56dbd8ba9fee301c741c7872e59d10148bfe28"
"kimi_k3.mla_o.dgrad.s16384.cp8",2048,12288,7168,"nn",0.27398400008678436,0.27744319587945937,1.3167821943972053,66,29,1,0,148,0.00548938624569697,"20260910-145720-b26485","228e3d7b176baa98307e15dd5e01f34b67a62c0b98f5d08670d29b6f6d060e03","fc257ced4151346f3eab61fe5e56dbd8ba9fee301c741c7872e59d10148bfe28"
"kimi_k3_kda.oproj.dgrad.s65536.cp4",16384,12288,7168,"nn",1.9911999702453613,2.016497564315796,1.4494867748297284,66,23,1,0,148,0.0070068386093462675,"20260910-145720-b26485","228e3d7b176baa98307e15dd5e01f34b67a62c0b98f5d08670d29b6f6d060e03","fc257ced4151346f3eab61fe5e56dbd8ba9fee301c741c7872e59d10148bfe28"
"kimi_k3_kda.oproj.dgrad.s131072.cp8",16384,12288,7168,"nn",1.9911999702453613,2.016497564315796,1.4494867748297284,66,23,1,0,148,0.0070068386093462675,"20260910-145720-b26485","228e3d7b176baa98307e15dd5e01f34b67a62c0b98f5d08670d29b6f6d060e03","fc257ced4151346f3eab61fe5e56dbd8ba9fee301c741c7872e59d10148bfe28"
"kimi_k3.mla_o.dgrad.s65536.cp4",16384,12288,7168,"nn",1.9911999702453613,2.016497564315796,1.4494867748297284,66,23,1,0,148,0.0070068386093462675,"20260910-145720-b26485","228e3d7b176baa98307e15dd5e01f34b67a62c0b98f5d08670d29b6f6d060e03","fc257ced4151346f3eab61fe5e56dbd8ba9fee301c741c7872e59d10148bfe28"
"kimi_k3.mla_o.dgrad.s131072.cp8",16384,12288,7168,"nn",1.9911999702453613,2.016497564315796,1.4494867748297284,66,23,1,0,148,0.0070068386093462675,"20260910-145720-b26485","228e3d7b176baa98307e15dd5e01f34b67a62c0b98f5d08670d29b6f6d060e03","fc257ced4151346f3eab61fe5e56dbd8ba9fee301c741c7872e59d10148bfe28"
"kimi_k3_kda.oproj.dgrad.s65536.cp8",8192,12288,7168,"nn",1.0405439734458923,1.0499520301818848,1.386879409504399,66,32,1,0,148,0.017068032518644926,"20260910-145720-b26485","228e3d7b176baa98307e15dd5e01f34b67a62c0b98f5d08670d29b6f6d060e03","fc257ced4151346f3eab61fe5e56dbd8ba9fee301c741c7872e59d10148bfe28"
"kimi_k3.mla_o.dgrad.s65536.cp8",8192,12288,7168,"nn",1.0405439734458923,1.0499520301818848,1.386879409504399,66,32,1,0,148,0.017068032518644926,"20260910-145720-b26485","228e3d7b176baa98307e15dd5e01f34b67a62c0b98f5d08670d29b6f6d060e03","fc257ced4151346f3eab61fe5e56dbd8ba9fee301c741c7872e59d10148bfe28"
"kimi_k3_kda.oproj.dgrad.s131072.cp4",32768,12288,7168,"nn",3.87390398979187,3.8908576369285583,1.4900823719521585,66,513,1,0,148,0.0016768491483833017,"20260910-145720-b26485","228e3d7b176baa98307e15dd5e01f34b67a62c0b98f5d08670d29b6f6d060e03","fc257ced4151346f3eab61fe5e56dbd8ba9fee301c741c7872e59d10148bfe28"
"kimi_k3_kda.oproj.dgrad.s262144.cp8",32768,12288,7168,"nn",3.87390398979187,3.8908576369285583,1.4900823719521585,66,513,1,0,148,0.0016768491483833017,"20260910-145720-b26485","228e3d7b176baa98307e15dd5e01f34b67a62c0b98f5d08670d29b6f6d060e03","fc257ced4151346f3eab61fe5e56dbd8ba9fee301c741c7872e59d10148bfe28"
"kimi_k3.mla_o.dgrad.s131072.cp4",32768,12288,7168,"nn",3.87390398979187,3.8908576369285583,1.4900823719521585,66,513,1,0,148,0.0016768491483833017,"20260910-145720-b26485","228e3d7b176baa98307e15dd5e01f34b67a62c0b98f5d08670d29b6f6d060e03","fc257ced4151346f3eab61fe5e56dbd8ba9fee301c741c7872e59d10148bfe28"
"kimi_k3.mla_o.dgrad.s262144.cp8",32768,12288,7168,"nn",3.87390398979187,3.8908576369285583,1.4900823719521585,66,513,1,0,148,0.0016768491483833017,"20260910-145720-b26485","228e3d7b176baa98307e15dd5e01f34b67a62c0b98f5d08670d29b6f6d060e03","fc257ced4151346f3eab61fe5e56dbd8ba9fee301c741c7872e59d10148bfe28"
"kimi_k3_kda.oproj.dgrad.s262144.cp4",65536,12288,7168,"nn",8.005119800567627,8.105952310562134,1.4421860483373872,66,513,1,0,148,0.011060907783098988,"20260910-145720-b26485","228e3d7b176baa98307e15dd5e01f34b67a62c0b98f5d08670d29b6f6d060e03","fc257ced4151346f3eab61fe5e56dbd8ba9fee301c741c7872e59d10148bfe28"
"kimi_k3_kda.oproj.dgrad.s524288.cp8",65536,12288,7168,"nn",8.005119800567627,8.105952310562134,1.4421860483373872,66,513,1,0,148,0.011060907783098988,"20260910-145720-b26485","228e3d7b176baa98307e15dd5e01f34b67a62c0b98f5d08670d29b6f6d060e03","fc257ced4151346f3eab61fe5e56dbd8ba9fee301c741c7872e59d10148bfe28"
"kimi_k3.mla_o.dgrad.s262144.cp4",65536,12288,7168,"nn",8.005119800567627,8.105952310562134,1.4421860483373872,66,513,1,0,148,0.011060907783098988,"20260910-145720-b26485","228e3d7b176baa98307e15dd5e01f34b67a62c0b98f5d08670d29b6f6d060e03","fc257ced4151346f3eab61fe5e56dbd8ba9fee301c741c7872e59d10148bfe28"
"kimi_k3.mla_o.dgrad.s524288.cp8",65536,12288,7168,"nn",8.005119800567627,8.105952310562134,1.4421860483373872,66,513,1,0,148,0.011060907783098988,"20260910-145720-b26485","228e3d7b176baa98307e15dd5e01f34b67a62c0b98f5d08670d29b6f6d060e03","fc257ced4151346f3eab61fe5e56dbd8ba9fee301c741c7872e59d10148bfe28"
"kimi_k3_kda.oproj.dgrad.s524288.cp4",131072,12288,7168,"nn",15.56281566619873,15.666169500350952,1.4836482471128405,66,513,1,0,148,0.003544869581363085,"20260910-145720-b26485","228e3d7b176baa98307e15dd5e01f34b67a62c0b98f5d08670d29b6f6d060e03","fc257ced4151346f3eab61fe5e56dbd8ba9fee301c741c7872e59d10148bfe28"
"kimi_k3.mla_o.dgrad.s524288.cp4",131072,12288,7168,"nn",15.56281566619873,15.666169500350952,1.4836482471128405,66,513,1,0,148,0.003544869581363085,"20260910-145720-b26485","228e3d7b176baa98307e15dd5e01f34b67a62c0b98f5d08670d29b6f6d060e03","fc257ced4151346f3eab61fe5e56dbd8ba9fee301c741c7872e59d10148bfe28"
"kimi_linear_48b_kda.oproj.dgrad.s16384.cp4",4096,4096,2304,"nn",0.06689600273966789,0.06882080249488354,1.1556656326515782,66,20,1,0,148,0.008610334127274102,"20260910-145720-b26485","228e3d7b176baa98307e15dd5e01f34b67a62c0b98f5d08670d29b6f6d060e03","fc257ced4151346f3eab61fe5e56dbd8ba9fee301c741c7872e59d10148bfe28"
"kimi_linear_48b.mla_o.dgrad.s16384.cp4",4096,4096,2304,"nn",0.06689600273966789,0.06882080249488354,1.1556656326515782,66,20,1,0,148,0.008610334127274102,"20260910-145720-b26485","228e3d7b176baa98307e15dd5e01f34b67a62c0b98f5d08670d29b6f6d060e03","fc257ced4151346f3eab61fe5e56dbd8ba9fee301c741c7872e59d10148bfe28"
"kimi_linear_48b_kda.oproj.dgrad.s16384.cp8",2048,4096,2304,"nn",0.03611199930310249,0.037839999236166474,1.0704116750655523,66,29,1,0,148,0.003544555192881675,"20260910-145720-b26485","228e3d7b176baa98307e15dd5e01f34b67a62c0b98f5d08670d29b6f6d060e03","fc257ced4151346f3eab61fe5e56dbd8ba9fee301c741c7872e59d10148bfe28"
"kimi_linear_48b.mla_o.dgrad.s16384.cp8",2048,4096,2304,"nn",0.03611199930310249,0.037839999236166474,1.0704116750655523,66,29,1,0,148,0.003544555192881675,"20260910-145720-b26485","228e3d7b176baa98307e15dd5e01f34b67a62c0b98f5d08670d29b6f6d060e03","fc257ced4151346f3eab61fe5e56dbd8ba9fee301c741c7872e59d10148bfe28"
"kimi_linear_48b_kda.oproj.dgrad.s65536.cp4",16384,4096,2304,"nn",0.22939199954271317,0.23277120664715767,1.3480751112874774,66,32,1,0,148,0.02789985719655535,"20260910-145720-b26485","228e3d7b176baa98307e15dd5e01f34b67a62c0b98f5d08670d29b6f6d060e03","fc257ced4151346f3eab61fe5e56dbd8ba9fee301c741c7872e59d10148bfe28"
"kimi_linear_48b_kda.oproj.dgrad.s131072.cp8",16384,4096,2304,"nn",0.22939199954271317,0.23277120664715767,1.3480751112874774,66,32,1,0,148,0.02789985719655535,"20260910-145720-b26485","228e3d7b176baa98307e15dd5e01f34b67a62c0b98f5d08670d29b6f6d060e03","fc257ced4151346f3eab61fe5e56dbd8ba9fee301c741c7872e59d10148bfe28"
"kimi_linear_48b.mla_o.dgrad.s65536.cp4",16384,4096,2304,"nn",0.22939199954271317,0.23277120664715767,1.3480751112874774,66,32,1,0,148,0.02789985719655535,"20260910-145720-b26485","228e3d7b176baa98307e15dd5e01f34b67a62c0b98f5d08670d29b6f6d060e03","fc257ced4151346f3eab61fe5e56dbd8ba9fee301c741c7872e59d10148bfe28"
"kimi_linear_48b.mla_o.dgrad.s131072.cp8",16384,4096,2304,"nn",0.22939199954271317,0.23277120664715767,1.3480751112874774,66,32,1,0,148,0.02789985719655535,"20260910-145720-b26485","228e3d7b176baa98307e15dd5e01f34b67a62c0b98f5d08670d29b6f6d060e03","fc257ced4151346f3eab61fe5e56dbd8ba9fee301c741c7872e59d10148bfe28"
"kimi_linear_48b_kda.oproj.dgrad.s65536.cp8",8192,4096,2304,"nn",0.12323199957609177,0.1260640062391758,1.2546970201560992,66,32,1,0,148,0.017138415248587374,"20260910-145720-b26485","228e3d7b176baa98307e15dd5e01f34b67a62c0b98f5d08670d29b6f6d060e03","fc257ced4151346f3eab61fe5e56dbd8ba9fee301c741c7872e59d10148bfe28"
"kimi_linear_48b.mla_o.dgrad.s65536.cp8",8192,4096,2304,"nn",0.12323199957609177,0.1260640062391758,1.2546970201560992,66,32,1,0,148,0.017138415248587374,"20260910-145720-b26485","228e3d7b176baa98307e15dd5e01f34b67a62c0b98f5d08670d29b6f6d060e03","fc257ced4151346f3eab61fe5e56dbd8ba9fee301c741c7872e59d10148bfe28"
"kimi_linear_48b_kda.oproj.dgrad.s131072.cp4",32768,4096,2304,"nn",0.442671999335289,0.44647039473056793,1.3971412051195808,66,23,1,0,148,0.00007223834344619649,"20260910-145720-b26485","228e3d7b176baa98307e15dd5e01f34b67a62c0b98f5d08670d29b6f6d060e03","fc257ced4151346f3eab61fe5e56dbd8ba9fee301c741c7872e59d10148bfe28"
"kimi_linear_48b_kda.oproj.dgrad.s262144.cp8",32768,4096,2304,"nn",0.442671999335289,0.44647039473056793,1.3971412051195808,66,23,1,0,148,0.00007223834344619649,"20260910-145720-b26485","228e3d7b176baa98307e15dd5e01f34b67a62c0b98f5d08670d29b6f6d060e03","fc257ced4151346f3eab61fe5e56dbd8ba9fee301c741c7872e59d10148bfe28"
"kimi_linear_48b.mla_o.dgrad.s131072.cp4",32768,4096,2304,"nn",0.442671999335289,0.44647039473056793,1.3971412051195808,66,23,1,0,148,0.00007223834344619649,"20260910-145720-b26485","228e3d7b176baa98307e15dd5e01f34b67a62c0b98f5d08670d29b6f6d060e03","fc257ced4151346f3eab61fe5e56dbd8ba9fee301c741c7872e59d10148bfe28"
"kimi_linear_48b.mla_o.dgrad.s262144.cp8",32768,4096,2304,"nn",0.442671999335289,0.44647039473056793,1.3971412051195808,66,23,1,0,148,0.00007223834344619649,"20260910-145720-b26485","228e3d7b176baa98307e15dd5e01f34b67a62c0b98f5d08670d29b6f6d060e03","fc257ced4151346f3eab61fe5e56dbd8ba9fee301c741c7872e59d10148bfe28"
"kimi_linear_48b_kda.oproj.dgrad.s262144.cp4",65536,4096,2304,"nn",0.9177280068397522,0.9260591953992844,1.3478400702921867,66,29,1,0,148,0.0014993906898658504,"20260910-145720-b26485","228e3d7b176baa98307e15dd5e01f34b67a62c0b98f5d08670d29b6f6d060e03","fc257ced4151346f3eab61fe5e56dbd8ba9fee301c741c7872e59d10148bfe28"
"kimi_linear_48b_kda.oproj.dgrad.s524288.cp8",65536,4096,2304,"nn",0.9177280068397522,0.9260591953992844,1.3478400702921867,66,29,1,0,148,0.0014993906898658504,"20260910-145720-b26485","228e3d7b176baa98307e15dd5e01f34b67a62c0b98f5d08670d29b6f6d060e03","fc257ced4151346f3eab61fe5e56dbd8ba9fee301c741c7872e59d10148bfe28"
"kimi_linear_48b.mla_o.dgrad.s262144.cp4",65536,4096,2304,"nn",0.9177280068397522,0.9260591953992844,1.3478400702921867,66,29,1,0,148,0.0014993906898658504,"20260910-145720-b26485","228e3d7b176baa98307e15dd5e01f34b67a62c0b98f5d08670d29b6f6d060e03","fc257ced4151346f3eab61fe5e56dbd8ba9fee301c741c7872e59d10148bfe28"
"kimi_linear_48b.mla_o.dgrad.s524288.cp8",65536,4096,2304,"nn",0.9177280068397522,0.9260591953992844,1.3478400702921867,66,29,1,0,148,0.0014993906898658504,"20260910-145720-b26485","228e3d7b176baa98307e15dd5e01f34b67a62c0b98f5d08670d29b6f6d060e03","fc257ced4151346f3eab61fe5e56dbd8ba9fee301c741c7872e59d10148bfe28"
"kimi_linear_48b_kda.oproj.dgrad.s524288.cp4",131072,4096,2304,"nn",1.7405279874801636,1.7850704193115234,1.4213509810190252,66,23,1,0,148,0.02386400784570121,"20260910-145720-b26485","228e3d7b176baa98307e15dd5e01f34b67a62c0b98f5d08670d29b6f6d060e03","fc257ced4151346f3eab61fe5e56dbd8ba9fee301c741c7872e59d10148bfe28"
"kimi_linear_48b.mla_o.dgrad.s524288.cp4",131072,4096,2304,"nn",1.7405279874801636,1.7850704193115234,1.4213509810190252,66,23,1,0,148,0.02386400784570121,"20260910-145720-b26485","228e3d7b176baa98307e15dd5e01f34b67a62c0b98f5d08670d29b6f6d060e03","fc257ced4151346f3eab61fe5e56dbd8ba9fee301c741c7872e59d10148bfe28"
"qwen35_397b.gdn_input_packed.dgrad.s16384.cp4",4096,4096,20608,"nn",0.48740799725055695,0.49136479794979093,1.418708225053051,66,447,1,0,148,0.0030200495594584027,"20260910-145720-b26485","228e3d7b176baa98307e15dd5e01f34b67a62c0b98f5d08670d29b6f6d060e03","fc257ced4151346f3eab61fe5e56dbd8ba9fee301c741c7872e59d10148bfe28"
"qwen35_397b.gdn_input_packed.dgrad.s16384.cp8",2048,4096,20608,"nn",0.2422880008816719,0.2464672066271305,1.4269995462831613,66,447,1,0,148,0.021660153364097587,"20260910-145720-b26485","228e3d7b176baa98307e15dd5e01f34b67a62c0b98f5d08670d29b6f6d060e03","fc257ced4151346f3eab61fe5e56dbd8ba9fee301c741c7872e59d10148bfe28"
"qwen35_397b.gdn_input_packed.dgrad.s65536.cp4",16384,4096,20608,"nn",1.83160001039505,1.8593407571315765,1.5101326288087442,66,513,1,0,148,0.006901069730242123,"20260910-145720-b26485","228e3d7b176baa98307e15dd5e01f34b67a62c0b98f5d08670d29b6f6d060e03","fc257ced4151346f3eab61fe5e56dbd8ba9fee301c741c7872e59d10148bfe28"
"qwen35_397b.gdn_input_packed.dgrad.s131072.cp8",16384,4096,20608,"nn",1.83160001039505,1.8593407571315765,1.5101326288087442,66,513,1,0,148,0.006901069730242123,"20260910-145720-b26485","228e3d7b176baa98307e15dd5e01f34b67a62c0b98f5d08670d29b6f6d060e03","fc257ced4151346f3eab61fe5e56dbd8ba9fee301c741c7872e59d10148bfe28"
"qwen35_397b.gdn_input_packed.dgrad.s65536.cp8",8192,4096,20608,"nn",0.9634400010108948,0.9955984085798264,1.4354598811144452,66,23,1,0,148,0.02374825389584072,"20260910-145720-b26485","228e3d7b176baa98307e15dd5e01f34b67a62c0b98f5d08670d29b6f6d060e03","fc257ced4151346f3eab61fe5e56dbd8ba9fee301c741c7872e59d10148bfe28"
"qwen35_397b.gdn_input_packed.dgrad.s131072.cp4",32768,4096,20608,"nn",3.7012479305267334,3.7209696173667908,1.4946088403380045,66,513,1,0,148,0.0026542500627570226,"20260910-145720-b26485","228e3d7b176baa98307e15dd5e01f34b67a62c0b98f5d08670d29b6f6d060e03","fc257ced4151346f3eab61fe5e56dbd8ba9fee301c741c7872e59d10148bfe28"
"qwen35_397b.gdn_input_packed.dgrad.s262144.cp8",32768,4096,20608,"nn",3.7012479305267334,3.7209696173667908,1.4946088403380045,66,513,1,0,148,0.0026542500627570226,"20260910-145720-b26485","228e3d7b176baa98307e15dd5e01f34b67a62c0b98f5d08670d29b6f6d060e03","fc257ced4151346f3eab61fe5e56dbd8ba9fee301c741c7872e59d10148bfe28"
"qwen35_397b.gdn_input_packed.dgrad.s262144.cp4",65536,4096,20608,"nn",7.389312028884888,7.410598492622375,1.497275485356061,66,513,1,0,148,0.0002035296914102049,"20260910-145720-b26485","228e3d7b176baa98307e15dd5e01f34b67a62c0b98f5d08670d29b6f6d060e03","fc257ced4151346f3eab61fe5e56dbd8ba9fee301c741c7872e59d10148bfe28"
"qwen35_397b.gdn_input_packed.dgrad.s524288.cp8",65536,4096,20608,"nn",7.389312028884888,7.410598492622375,1.497275485356061,66,513,1,0,148,0.0002035296914102049,"20260910-145720-b26485","228e3d7b176baa98307e15dd5e01f34b67a62c0b98f5d08670d29b6f6d060e03","fc257ced4151346f3eab61fe5e56dbd8ba9fee301c741c7872e59d10148bfe28"
"qwen35_397b.gdn_input_packed.dgrad.s524288.cp4",131072,4096,20608,"nn",14.981055736541748,15.080811023712158,1.477043534056031,66,513,1,0,148,0.0004976836036647159,"20260910-145720-b26485","228e3d7b176baa98307e15dd5e01f34b67a62c0b98f5d08670d29b6f6d060e03","fc257ced4151346f3eab61fe5e56dbd8ba9fee301c741c7872e59d10148bfe28"
"qwen35_397b.full_input_packed.dgrad.s16384.cp4",4096,4096,17408,"nn",0.42321600019931793,0.43056320697069167,1.3801830554159218,66,447,1,0,148,0.0046122842965057005,"20260910-145720-b26485","228e3d7b176baa98307e15dd5e01f34b67a62c0b98f5d08670d29b6f6d060e03","fc257ced4151346f3eab61fe5e56dbd8ba9fee301c741c7872e59d10148bfe28"
"qwen35_397b.full_input_packed.dgrad.s16384.cp8",2048,4096,17408,"nn",0.2237600013613701,0.22833759859204292,1.3052278081475774,66,23,1,0,148,0.0011440916506648667,"20260910-145720-b26485","228e3d7b176baa98307e15dd5e01f34b67a62c0b98f5d08670d29b6f6d060e03","fc257ced4151346f3eab61fe5e56dbd8ba9fee301c741c7872e59d10148bfe28"
"qwen35_397b.full_input_packed.dgrad.s65536.cp4",16384,4096,17408,"nn",1.5579359531402588,1.576166433095932,1.4997164705740966,66,513,1,0,148,0.002731826072158712,"20260910-145720-b26485","228e3d7b176baa98307e15dd5e01f34b67a62c0b98f5d08670d29b6f6d060e03","fc257ced4151346f3eab61fe5e56dbd8ba9fee301c741c7872e59d10148bfe28"
"qwen35_397b.full_input_packed.dgrad.s131072.cp8",16384,4096,17408,"nn",1.5579359531402588,1.576166433095932,1.4997164705740966,66,513,1,0,148,0.002731826072158712,"20260910-145720-b26485","228e3d7b176baa98307e15dd5e01f34b67a62c0b98f5d08670d29b6f6d060e03","fc257ced4151346f3eab61fe5e56dbd8ba9fee301c741c7872e59d10148bfe28"
"qwen35_397b.full_input_packed.dgrad.s65536.cp8",8192,4096,17408,"nn",0.8357920050621033,0.8584447860717773,1.3977533853356194,66,210,1,0,148,0.04510213508333141,"20260910-145720-b26485","228e3d7b176baa98307e15dd5e01f34b67a62c0b98f5d08670d29b6f6d060e03","fc257ced4151346f3eab61fe5e56dbd8ba9fee301c741c7872e59d10148bfe28"
"qwen35_397b.full_input_packed.dgrad.s131072.cp4",32768,4096,17408,"nn",3.13864004611969,3.1579551577568052,1.4888373146914855,66,513,1,0,148,0.005821605152771558,"20260910-145720-b26485","228e3d7b176baa98307e15dd5e01f34b67a62c0b98f5d08670d29b6f6d060e03","fc257ced4151346f3eab61fe5e56dbd8ba9fee301c741c7872e59d10148bfe28"
"qwen35_397b.full_input_packed.dgrad.s262144.cp8",32768,4096,17408,"nn",3.13864004611969,3.1579551577568052,1.4888373146914855,66,513,1,0,148,0.005821605152771558,"20260910-145720-b26485","228e3d7b176baa98307e15dd5e01f34b67a62c0b98f5d08670d29b6f6d060e03","fc257ced4151346f3eab61fe5e56dbd8ba9fee301c741c7872e59d10148bfe28"
"qwen35_397b.full_input_packed.dgrad.s262144.cp4",65536,4096,17408,"nn",6.24289608001709,6.2816609144210815,1.497037387184958,66,513,1,0,148,0.0012814400401090656,"20260910-145720-b26485","228e3d7b176baa98307e15dd5e01f34b67a62c0b98f5d08670d29b6f6d060e03","fc257ced4151346f3eab61fe5e56dbd8ba9fee301c741c7872e59d10148bfe28"
"qwen35_397b.full_input_packed.dgrad.s524288.cp8",65536,4096,17408,"nn",6.24289608001709,6.2816609144210815,1.497037387184958,66,513,1,0,148,0.0012814400401090656,"20260910-145720-b26485","228e3d7b176baa98307e15dd5e01f34b67a62c0b98f5d08670d29b6f6d060e03","fc257ced4151346f3eab61fe5e56dbd8ba9fee301c741c7872e59d10148bfe28"
"qwen35_397b.full_input_packed.dgrad.s524288.cp4",131072,4096,17408,"nn",12.64027214050293,12.761143970489503,1.4787417125536901,66,513,1,0,148,0.0009291334139009827,"20260910-145720-b26485","228e3d7b176baa98307e15dd5e01f34b67a62c0b98f5d08670d29b6f6d060e03","fc257ced4151346f3eab61fe5e56dbd8ba9fee301c741c7872e59d10148bfe28"
"glm5.mla_input_packed.dgrad.s16384.cp4",4096,6144,2624,"nn",0.10779200121760368,0.11109279990196227,1.2252323257769835,66,29,1,0,148,0.010390391355579252,"20260910-145720-b26485","228e3d7b176baa98307e15dd5e01f34b67a62c0b98f5d08670d29b6f6d060e03","fc257ced4151346f3eab61fe5e56dbd8ba9fee301c741c7872e59d10148bfe28"
"glm5.mla_input_packed.dgrad.s16384.cp8",2048,6144,2624,"nn",0.05552000179886818,0.056063998490571976,1.1893933724142312,66,23,1,0,148,0.0034582394769778475,"20260910-145720-b26485","228e3d7b176baa98307e15dd5e01f34b67a62c0b98f5d08670d29b6f6d060e03","fc257ced4151346f3eab61fe5e56dbd8ba9fee301c741c7872e59d10148bfe28"
"glm5.mla_input_packed.dgrad.s65536.cp4",16384,6144,2624,"nn",0.373199999332428,0.38199360966682433,1.4155438862619976,66,23,1,0,148,0.0004286679176401799,"20260910-145720-b26485","228e3d7b176baa98307e15dd5e01f34b67a62c0b98f5d08670d29b6f6d060e03","fc257ced4151346f3eab61fe5e56dbd8ba9fee301c741c7872e59d10148bfe28"
"glm5.mla_input_packed.dgrad.s131072.cp8",16384,6144,2624,"nn",0.373199999332428,0.38199360966682433,1.4155438862619976,66,23,1,0,148,0.0004286679176401799,"20260910-145720-b26485","228e3d7b176baa98307e15dd5e01f34b67a62c0b98f5d08670d29b6f6d060e03","fc257ced4151346f3eab61fe5e56dbd8ba9fee301c741c7872e59d10148bfe28"
"glm5.mla_input_packed.dgrad.s65536.cp8",8192,6144,2624,"nn",0.19967999309301376,0.21535200402140617,1.3228189996028277,66,29,1,0,148,0.001602501735502514,"20260910-145720-b26485","228e3d7b176baa98307e15dd5e01f34b67a62c0b98f5d08670d29b6f6d060e03","fc257ced4151346f3eab61fe5e56dbd8ba9fee301c741c7872e59d10148bfe28"
"glm5.mla_input_packed.dgrad.s131072.cp4",32768,6144,2624,"nn",0.7772800028324127,0.7829328030347824,1.3593067504192597,66,32,1,0,148,0.0043228090559828385,"20260910-145720-b26485","228e3d7b176baa98307e15dd5e01f34b67a62c0b98f5d08670d29b6f6d060e03","fc257ced4151346f3eab61fe5e56dbd8ba9fee301c741c7872e59d10148bfe28"
"glm5.mla_input_packed.dgrad.s262144.cp8",32768,6144,2624,"nn",0.7772800028324127,0.7829328030347824,1.3593067504192597,66,32,1,0,148,0.0043228090559828385,"20260910-145720-b26485","228e3d7b176baa98307e15dd5e01f34b67a62c0b98f5d08670d29b6f6d060e03","fc257ced4151346f3eab61fe5e56dbd8ba9fee301c741c7872e59d10148bfe28"
"glm5.mla_input_packed.dgrad.s262144.cp4",65536,6144,2624,"nn",1.435520052909851,1.473516833782196,1.472026744139604,66,23,1,0,148,0.026504700417662657,"20260910-145720-b26485","228e3d7b176baa98307e15dd5e01f34b67a62c0b98f5d08670d29b6f6d060e03","fc257ced4151346f3eab61fe5e56dbd8ba9fee301c741c7872e59d10148bfe28"
"glm5.mla_input_packed.dgrad.s524288.cp8",65536,6144,2624,"nn",1.435520052909851,1.473516833782196,1.472026744139604,66,23,1,0,148,0.026504700417662657,"20260910-145720-b26485","228e3d7b176baa98307e15dd5e01f34b67a62c0b98f5d08670d29b6f6d060e03","fc257ced4151346f3eab61fe5e56dbd8ba9fee301c741c7872e59d10148bfe28"
"glm5.mla_input_packed.dgrad.s524288.cp4",131072,6144,2624,"nn",2.916287899017334,2.955888056755066,1.449187448429926,66,23,1,0,148,0.011554392902825898,"20260910-145720-b26485","228e3d7b176baa98307e15dd5e01f34b67a62c0b98f5d08670d29b6f6d060e03","fc257ced4151346f3eab61fe5e56dbd8ba9fee301c741c7872e59d10148bfe28"
"glm5.mla_q_b.dgrad.s16384.cp4",4096,2048,16384,"nn",0.2085919976234436,0.2127920001745224,1.3177778154280764,66,23,1,0,148,0.004295428068349662,"20260910-145720-b26485","228e3d7b176baa98307e15dd5e01f34b67a62c0b98f5d08670d29b6f6d060e03","fc257ced4151346f3eab61fe5e56dbd8ba9fee301c741c7872e59d10148bfe28"
"glm5.mla_q_b.dgrad.s16384.cp8",2048,2048,16384,"nn",0.12211199849843979,0.12410559877753258,1.1255155526240612,66,20,1,0,148,0.0015723390358334053,"20260910-145720-b26485","228e3d7b176baa98307e15dd5e01f34b67a62c0b98f5d08670d29b6f6d060e03","fc257ced4151346f3eab61fe5e56dbd8ba9fee301c741c7872e59d10148bfe28"
"glm5.mla_q_b.dgrad.s65536.cp4",16384,2048,16384,"nn",0.7888000011444092,0.8017487764358521,1.3939041914056836,66,232,1,0,148,0.03257603899328602,"20260910-145720-b26485","228e3d7b176baa98307e15dd5e01f34b67a62c0b98f5d08670d29b6f6d060e03","fc257ced4151346f3eab61fe5e56dbd8ba9fee301c741c7872e59d10148bfe28"
"glm5.mla_q_b.dgrad.s131072.cp8",16384,2048,16384,"nn",0.7888000011444092,0.8017487764358521,1.3939041914056836,66,232,1,0,148,0.03257603899328602,"20260910-145720-b26485","228e3d7b176baa98307e15dd5e01f34b67a62c0b98f5d08670d29b6f6d060e03","fc257ced4151346f3eab61fe5e56dbd8ba9fee301c741c7872e59d10148bfe28"
"glm5.mla_q_b.dgrad.s65536.cp8",8192,2048,16384,"nn",0.41606399416923523,0.42110559791326524,1.3213251364990388,66,23,1,0,148,0.00015385947687348087,"20260910-145720-b26485","228e3d7b176baa98307e15dd5e01f34b67a62c0b98f5d08670d29b6f6d060e03","fc257ced4151346f3eab61fe5e56dbd8ba9fee301c741c7872e59d10148bfe28"
"glm5.mla_q_b.dgrad.s131072.cp4",32768,2048,16384,"nn",1.4427199959754944,1.4737647593021392,1.524220404296214,66,513,1,0,148,0.014261949838513602,"20260910-145720-b26485","228e3d7b176baa98307e15dd5e01f34b67a62c0b98f5d08670d29b6f6d060e03","fc257ced4151346f3eab61fe5e56dbd8ba9fee301c741c7872e59d10148bfe28"
"glm5.mla_q_b.dgrad.s262144.cp8",32768,2048,16384,"nn",1.4427199959754944,1.4737647593021392,1.524220404296214,66,513,1,0,148,0.014261949838513602,"20260910-145720-b26485","228e3d7b176baa98307e15dd5e01f34b67a62c0b98f5d08670d29b6f6d060e03","fc257ced4151346f3eab61fe5e56dbd8ba9fee301c741c7872e59d10148bfe28"
"glm5.mla_q_b.dgrad.s262144.cp4",65536,2048,16384,"nn",3.008895993232727,3.0276095509529113,1.461681135205602,66,513,1,0,148,0.005211238516398817,"20260910-145720-b26485","228e3d7b176baa98307e15dd5e01f34b67a62c0b98f5d08670d29b6f6d060e03","fc257ced4151346f3eab61fe5e56dbd8ba9fee301c741c7872e59d10148bfe28"
"glm5.mla_q_b.dgrad.s524288.cp8",65536,2048,16384,"nn",3.008895993232727,3.0276095509529113,1.461681135205602,66,513,1,0,148,0.005211238516398817,"20260910-145720-b26485","228e3d7b176baa98307e15dd5e01f34b67a62c0b98f5d08670d29b6f6d060e03","fc257ced4151346f3eab61fe5e56dbd8ba9fee301c741c7872e59d10148bfe28"
"glm5.mla_q_b.dgrad.s524288.cp4",131072,2048,16384,"nn",5.934048175811768,6.005739045143128,1.4823090008036057,66,513,1,0,148,0.0006039566877234553,"20260910-145720-b26485","228e3d7b176baa98307e15dd5e01f34b67a62c0b98f5d08670d29b6f6d060e03","fc257ced4151346f3eab61fe5e56dbd8ba9fee301c741c7872e59d10148bfe28"
"glm5.mla_kv_b.dgrad.s16384.cp4",4096,512,28672,"nn",0.1093439981341362,0.11135999858379364,1.0998233679042344,66,20,1,0,148,0.002341252868733188,"20260910-145720-b26485","228e3d7b176baa98307e15dd5e01f34b67a62c0b98f5d08670d29b6f6d060e03","fc257ced4151346f3eab61fe5e56dbd8ba9fee301c741c7872e59d10148bfe28"
"glm5.mla_kv_b.dgrad.s16384.cp8",2048,512,28672,"nn",0.06427199766039848,0.06493440270423889,0.9355480509834708,66,24,4,16777232,148,0.0004978878022878843,"20260910-145720-b26485","228e3d7b176baa98307e15dd5e01f34b67a62c0b98f5d08670d29b6f6d060e03","fc257ced4151346f3eab61fe5e56dbd8ba9fee301c741c7872e59d10148bfe28"
"glm5.mla_kv_b.dgrad.s65536.cp4",16384,512,28672,"nn",0.3672799915075302,0.37363041043281553,1.3097264982433368,66,513,1,0,148,0.006447405752323854,"20260910-145720-b26485","228e3d7b176baa98307e15dd5e01f34b67a62c0b98f5d08670d29b6f6d060e03","fc257ced4151346f3eab61fe5e56dbd8ba9fee301c741c7872e59d10148bfe28"
"glm5.mla_kv_b.dgrad.s131072.cp8",16384,512,28672,"nn",0.3672799915075302,0.37363041043281553,1.3097264982433368,66,513,1,0,148,0.006447405752323854,"20260910-145720-b26485","228e3d7b176baa98307e15dd5e01f34b67a62c0b98f5d08670d29b6f6d060e03","fc257ced4151346f3eab61fe5e56dbd8ba9fee301c741c7872e59d10148bfe28"
"glm5.mla_kv_b.dgrad.s65536.cp8",8192,512,28672,"nn",0.2051680013537407,0.20642079561948776,1.1722986381356333,66,24,1,0,148,0.0029634839554939225,"20260910-145720-b26485","228e3d7b176baa98307e15dd5e01f34b67a62c0b98f5d08670d29b6f6d060e03","fc257ced4151346f3eab61fe5e56dbd8ba9fee301c741c7872e59d10148bfe28"
"glm5.mla_kv_b.dgrad.s131072.cp4",32768,512,28672,"nn",0.7618879973888397,0.7803407967090606,1.2627481698113605,66,447,1,0,148,0.012012336220085188,"20260910-145720-b26485","228e3d7b176baa98307e15dd5e01f34b67a62c0b98f5d08670d29b6f6d060e03","fc257ced4151346f3eab61fe5e56dbd8ba9fee301c741c7872e59d10148bfe28"
"glm5.mla_kv_b.dgrad.s262144.cp8",32768,512,28672,"nn",0.7618879973888397,0.7803407967090606,1.2627481698113605,66,447,1,0,148,0.012012336220085188,"20260910-145720-b26485","228e3d7b176baa98307e15dd5e01f34b67a62c0b98f5d08670d29b6f6d060e03","fc257ced4151346f3eab61fe5e56dbd8ba9fee301c741c7872e59d10148bfe28"
"glm5.mla_kv_b.dgrad.s262144.cp4",65536,512,28672,"nn",1.4218239784240723,1.430460798740387,1.3532936409897187,66,513,1,0,148,0.0012378508012493206,"20260910-145720-b26485","228e3d7b176baa98307e15dd5e01f34b67a62c0b98f5d08670d29b6f6d060e03","fc257ced4151346f3eab61fe5e56dbd8ba9fee301c741c7872e59d10148bfe28"
"glm5.mla_kv_b.dgrad.s524288.cp8",65536,512,28672,"nn",1.4218239784240723,1.430460798740387,1.3532936409897187,66,513,1,0,148,0.0012378508012493206,"20260910-145720-b26485","228e3d7b176baa98307e15dd5e01f34b67a62c0b98f5d08670d29b6f6d060e03","fc257ced4151346f3eab61fe5e56dbd8ba9fee301c741c7872e59d10148bfe28"
"glm5.mla_kv_b.dgrad.s524288.cp4",131072,512,28672,"nn",2.8105119466781616,2.8512272238731384,1.3692490088022662,66,513,1,0,148,0.00593206316703952,"20260910-145720-b26485","228e3d7b176baa98307e15dd5e01f34b67a62c0b98f5d08670d29b6f6d060e03","fc257ced4151346f3eab61fe5e56dbd8ba9fee301c741c7872e59d10148bfe28"
"glm5.mla_o.dgrad.s16384.cp4",4096,16384,6144,"nn",0.5602400004863739,0.5742303878068924,1.471929387612616,66,513,1,0,148,0.019248946792928278,"20260910-145720-b26485","228e3d7b176baa98307e15dd5e01f34b67a62c0b98f5d08670d29b6f6d060e03","fc257ced4151346f3eab61fe5e56dbd8ba9fee301c741c7872e59d10148bfe28"
"glm5.mla_o.dgrad.s16384.cp8",2048,16384,6144,"nn",0.3041120022535324,0.3067664071917534,1.3558059443910382,66,32,1,0,148,0.0024201549042215565,"20260910-145720-b26485","228e3d7b176baa98307e15dd5e01f34b67a62c0b98f5d08670d29b6f6d060e03","fc257ced4151346f3eab61fe5e56dbd8ba9fee301c741c7872e59d10148bfe28"
"glm5.mla_o.dgrad.s65536.cp4",16384,16384,6144,"nn",2.2487040758132935,2.2760048270225526,1.4668603658464985,66,23,1,0,148,0.0030452465945206234,"20260910-145720-b26485","228e3d7b176baa98307e15dd5e01f34b67a62c0b98f5d08670d29b6f6d060e03","fc257ced4151346f3eab61fe5e56dbd8ba9fee301c741c7872e59d10148bfe28"
"glm5.mla_o.dgrad.s131072.cp8",16384,16384,6144,"nn",2.2487040758132935,2.2760048270225526,1.4668603658464985,66,23,1,0,148,0.0030452465945206234,"20260910-145720-b26485","228e3d7b176baa98307e15dd5e01f34b67a62c0b98f5d08670d29b6f6d060e03","fc257ced4151346f3eab61fe5e56dbd8ba9fee301c741c7872e59d10148bfe28"
"glm5.mla_o.dgrad.s65536.cp8",8192,16384,6144,"nn",1.1431840062141418,1.1570879578590394,1.4426963924432812,66,23,1,0,148,0.008733412254629891,"20260910-145720-b26485","228e3d7b176baa98307e15dd5e01f34b67a62c0b98f5d08670d29b6f6d060e03","fc257ced4151346f3eab61fe5e56dbd8ba9fee301c741c7872e59d10148bfe28"
"glm5.mla_o.dgrad.s131072.cp4",32768,16384,6144,"nn",4.467200040817261,4.503772926330567,1.4767795725237067,66,23,1,0,148,0.00891123588639359,"20260910-145720-b26485","228e3d7b176baa98307e15dd5e01f34b67a62c0b98f5d08670d29b6f6d060e03","fc257ced4151346f3eab61fe5e56dbd8ba9fee301c741c7872e59d10148bfe28"
"glm5.mla_o.dgrad.s262144.cp8",32768,16384,6144,"nn",4.467200040817261,4.503772926330567,1.4767795725237067,66,23,1,0,148,0.00891123588639359,"20260910-145720-b26485","228e3d7b176baa98307e15dd5e01f34b67a62c0b98f5d08670d29b6f6d060e03","fc257ced4151346f3eab61fe5e56dbd8ba9fee301c741c7872e59d10148bfe28"
"glm5.mla_o.dgrad.s262144.cp4",65536,16384,6144,"nn",8.834928035736084,8.888524961471557,1.493406565389497,66,513,1,0,148,0.0009489325642060931,"20260910-145720-b26485","228e3d7b176baa98307e15dd5e01f34b67a62c0b98f5d08670d29b6f6d060e03","fc257ced4151346f3eab61fe5e56dbd8ba9fee301c741c7872e59d10148bfe28"
"glm5.mla_o.dgrad.s524288.cp8",65536,16384,6144,"nn",8.834928035736084,8.888524961471557,1.493406565389497,66,513,1,0,148,0.0009489325642060931,"20260910-145720-b26485","228e3d7b176baa98307e15dd5e01f34b67a62c0b98f5d08670d29b6f6d060e03","fc257ced4151346f3eab61fe5e56dbd8ba9fee301c741c7872e59d10148bfe28"
"glm5.mla_o.dgrad.s524288.cp4",131072,16384,6144,"nn",17.695775985717773,17.779512691497803,1.4912190958973446,66,513,1,0,148,0.0017269397973610438,"20260910-145720-b26485","228e3d7b176baa98307e15dd5e01f34b67a62c0b98f5d08670d29b6f6d060e03","fc257ced4151346f3eab61fe5e56dbd8ba9fee301c741c7872e59d10148bfe28"
"glm5.index_k.dgrad.s16384.cp4",4096,6144,128,"nn",0.017231999896466732,0.017969599831849335,0.373865539850715,66,31,1,0,148,0.007427989367400543,"20260910-145720-b26485","228e3d7b176baa98307e15dd5e01f34b67a62c0b98f5d08670d29b6f6d060e03","fc257ced4151346f3eab61fe5e56dbd8ba9fee301c741c7872e59d10148bfe28"
"glm5.index_k.dgrad.s16384.cp8",2048,6144,128,"nn",0.013232000172138214,0.013856000266969204,0.24344206696601553,66,232,1,0,148,0.01934697339874739,"20260910-145720-b26485","228e3d7b176baa98307e15dd5e01f34b67a62c0b98f5d08670d29b6f6d060e03","fc257ced4151346f3eab61fe5e56dbd8ba9fee301c741c7872e59d10148bfe28"
"glm5.index_k.dgrad.s65536.cp4",16384,6144,128,"nn",0.04766400158405304,0.04818399976938963,0.5406554825355203,66,23,1,0,148,0.01678412668737731,"20260910-145720-b26485","228e3d7b176baa98307e15dd5e01f34b67a62c0b98f5d08670d29b6f6d060e03","fc257ced4151346f3eab61fe5e56dbd8ba9fee301c741c7872e59d10148bfe28"
"glm5.index_k.dgrad.s131072.cp8",16384,6144,128,"nn",0.04766400158405304,0.04818399976938963,0.5406554825355203,66,23,1,0,148,0.01678412668737731,"20260910-145720-b26485","228e3d7b176baa98307e15dd5e01f34b67a62c0b98f5d08670d29b6f6d060e03","fc257ced4151346f3eab61fe5e56dbd8ba9fee301c741c7872e59d10148bfe28"
"glm5.index_k.dgrad.s65536.cp8",8192,6144,128,"nn",0.027327999472618103,0.02846879968419671,0.47149085687411235,66,210,1,0,148,0.01405149319692838,"20260910-145720-b26485","228e3d7b176baa98307e15dd5e01f34b67a62c0b98f5d08670d29b6f6d060e03","fc257ced4151346f3eab61fe5e56dbd8ba9fee301c741c7872e59d10148bfe28"
"glm5.index_k.dgrad.s131072.cp4",32768,6144,128,"nn",0.08963199704885483,0.09143359921872615,0.5750134912637037,66,210,1,0,148,0.008211332759721511,"20260910-145720-b26485","228e3d7b176baa98307e15dd5e01f34b67a62c0b98f5d08670d29b6f6d060e03","fc257ced4151346f3eab61fe5e56dbd8ba9fee301c741c7872e59d10148bfe28"
"glm5.index_k.dgrad.s262144.cp8",32768,6144,128,"nn",0.08963199704885483,0.09143359921872615,0.5750134912637037,66,210,1,0,148,0.008211332759721511,"20260910-145720-b26485","228e3d7b176baa98307e15dd5e01f34b67a62c0b98f5d08670d29b6f6d060e03","fc257ced4151346f3eab61fe5e56dbd8ba9fee301c741c7872e59d10148bfe28"
"glm5.index_k.dgrad.s262144.cp4",65536,6144,128,"nn",0.17215999960899353,0.1729951985180378,0.5987407954118932,66,587,1,0,148,0.0009293318314458471,"20260910-145720-b26485","228e3d7b176baa98307e15dd5e01f34b67a62c0b98f5d08670d29b6f6d060e03","fc257ced4151346f3eab61fe5e56dbd8ba9fee301c741c7872e59d10148bfe28"
"glm5.index_k.dgrad.s524288.cp8",65536,6144,128,"nn",0.17215999960899353,0.1729951985180378,0.5987407954118932,66,587,1,0,148,0.0009293318314458471,"20260910-145720-b26485","228e3d7b176baa98307e15dd5e01f34b67a62c0b98f5d08670d29b6f6d060e03","fc257ced4151346f3eab61fe5e56dbd8ba9fee301c741c7872e59d10148bfe28"
"glm5.index_k.dgrad.s524288.cp4",131072,6144,128,"nn",0.3323359936475754,0.3351776033639908,0.6203313337965434,66,177,1,0,148,0.006932795688197446,"20260910-145720-b26485","228e3d7b176baa98307e15dd5e01f34b67a62c0b98f5d08670d29b6f6d060e03","fc257ced4151346f3eab61fe5e56dbd8ba9fee301c741c7872e59d10148bfe28"
"glm5.index_weights.dgrad.s16384.cp4",4096,6144,32,"nn",0.01524799969047308,0.016638399846851826,0.10562780487241928,66,209,1,0,148,0.0020986519093243116,"20260910-145720-b26485","228e3d7b176baa98307e15dd5e01f34b67a62c0b98f5d08670d29b6f6d060e03","fc257ced4151346f3eab61fe5e56dbd8ba9fee301c741c7872e59d10148bfe28"
"glm5.index_weights.dgrad.s16384.cp8",2048,6144,32,"nn",0.011392000131309032,0.012852800078690052,0.07069051603912366,66,210,1,0,148,0.025280927581577177,"20260910-145720-b26485","228e3d7b176baa98307e15dd5e01f34b67a62c0b98f5d08670d29b6f6d060e03","fc257ced4151346f3eab61fe5e56dbd8ba9fee301c741c7872e59d10148bfe28"
"glm5.index_weights.dgrad.s65536.cp4",16384,6144,32,"nn",0.04155199974775314,0.04244800079613924,0.1550455088349476,66,210,1,0,148,0.001540250474492179,"20260910-145720-b26485","228e3d7b176baa98307e15dd5e01f34b67a62c0b98f5d08670d29b6f6d060e03","fc257ced4151346f3eab61fe5e56dbd8ba9fee301c741c7872e59d10148bfe28"
"glm5.index_weights.dgrad.s131072.cp8",16384,6144,32,"nn",0.04155199974775314,0.04244800079613924,0.1550455088349476,66,210,1,0,148,0.001540250474492179,"20260910-145720-b26485","228e3d7b176baa98307e15dd5e01f34b67a62c0b98f5d08670d29b6f6d060e03","fc257ced4151346f3eab61fe5e56dbd8ba9fee301c741c7872e59d10148bfe28"
"glm5.index_weights.dgrad.s65536.cp8",8192,6144,32,"nn",0.02486399933695793,0.025407999753952026,0.12955379496057015,66,210,1,0,148,0.009009002934954697,"20260910-145720-b26485","228e3d7b176baa98307e15dd5e01f34b67a62c0b98f5d08670d29b6f6d060e03","fc257ced4151346f3eab61fe5e56dbd8ba9fee301c741c7872e59d10148bfe28"
"glm5.index_weights.dgrad.s131072.cp4",32768,6144,32,"nn",0.07176000252366066,0.07292799651622772,0.17955548264859103,66,513,1,0,148,0.005351107300452595,"20260910-145720-b26485","228e3d7b176baa98307e15dd5e01f34b67a62c0b98f5d08670d29b6f6d060e03","fc257ced4151346f3eab61fe5e56dbd8ba9fee301c741c7872e59d10148bfe28"
"glm5.index_weights.dgrad.s262144.cp8",32768,6144,32,"nn",0.07176000252366066,0.07292799651622772,0.17955548264859103,66,513,1,0,148,0.005351107300452595,"20260910-145720-b26485","228e3d7b176baa98307e15dd5e01f34b67a62c0b98f5d08670d29b6f6d060e03","fc257ced4151346f3eab61fe5e56dbd8ba9fee301c741c7872e59d10148bfe28"
"glm5.index_weights.dgrad.s262144.cp4",65536,6144,32,"nn",0.13300800323486328,0.13456319645047188,0.19374626450482169,66,513,1,0,148,0.003608776860807778,"20260910-145720-b26485","228e3d7b176baa98307e15dd5e01f34b67a62c0b98f5d08670d29b6f6d060e03","fc257ced4151346f3eab61fe5e56dbd8ba9fee301c741c7872e59d10148bfe28"
"glm5.index_weights.dgrad.s524288.cp8",65536,6144,32,"nn",0.13300800323486328,0.13456319645047188,0.19374626450482169,66,513,1,0,148,0.003608776860807778,"20260910-145720-b26485","228e3d7b176baa98307e15dd5e01f34b67a62c0b98f5d08670d29b6f6d060e03","fc257ced4151346f3eab61fe5e56dbd8ba9fee301c741c7872e59d10148bfe28"
"glm5.index_weights.dgrad.s524288.cp4",131072,6144,32,"nn",0.2701759934425354,0.27102079838514326,0.1907630907368612,66,210,1,0,148,0.0013028368110578868,"20260910-145720-b26485","228e3d7b176baa98307e15dd5e01f34b67a62c0b98f5d08670d29b6f6d060e03","fc257ced4151346f3eab61fe5e56dbd8ba9fee301c741c7872e59d10148bfe28"
"deepseek_v3.mla_input_packed.dgrad.s16384.cp4",4096,7168,2112,"nn",0.10304000228643417,0.1045599989593029,1.2035828602492917,66,29,1,0,148,0.0012422454562775514,"20260910-145720-b26485","228e3d7b176baa98307e15dd5e01f34b67a62c0b98f5d08670d29b6f6d060e03","fc257ced4151346f3eab61fe5e56dbd8ba9fee301c741c7872e59d10148bfe28"
"deepseek_v3.mla_input_packed.dgrad.s16384.cp8",2048,7168,2112,"nn",0.053807999938726425,0.05483680032193661,1.1524046685736684,66,29,1,0,148,0.005947116358204718,"20260910-145720-b26485","228e3d7b176baa98307e15dd5e01f34b67a62c0b98f5d08670d29b6f6d060e03","fc257ced4151346f3eab61fe5e56dbd8ba9fee301c741c7872e59d10148bfe28"
"deepseek_v3.mla_input_packed.dgrad.s65536.cp4",16384,7168,2112,"nn",0.3794720023870468,0.38644000291824343,1.307260402789951,66,32,1,0,148,0.01323941178676534,"20260910-145720-b26485","228e3d7b176baa98307e15dd5e01f34b67a62c0b98f5d08670d29b6f6d060e03","fc257ced4151346f3eab61fe5e56dbd8ba9fee301c741c7872e59d10148bfe28"
"deepseek_v3.mla_input_packed.dgrad.s131072.cp8",16384,7168,2112,"nn",0.3794720023870468,0.38644000291824343,1.307260402789951,66,32,1,0,148,0.01323941178676534,"20260910-145720-b26485","228e3d7b176baa98307e15dd5e01f34b67a62c0b98f5d08670d29b6f6d060e03","fc257ced4151346f3eab61fe5e56dbd8ba9fee301c741c7872e59d10148bfe28"
"deepseek_v3.mla_input_packed.dgrad.s65536.cp8",8192,7168,2112,"nn",0.19360000640153885,0.19646719768643378,1.2811691794552982,66,29,1,0,148,0.000991743055960978,"20260910-145720-b26485","228e3d7b176baa98307e15dd5e01f34b67a62c0b98f5d08670d29b6f6d060e03","fc257ced4151346f3eab61fe5e56dbd8ba9fee301c741c7872e59d10148bfe28"
"deepseek_v3.mla_input_packed.dgrad.s131072.cp4",32768,7168,2112,"nn",0.7170559763908386,0.7301423907279968,1.383626213353287,66,32,1,0,148,0.0005801232115534542,"20260910-145720-b26485","228e3d7b176baa98307e15dd5e01f34b67a62c0b98f5d08670d29b6f6d060e03","fc257ced4151346f3eab61fe5e56dbd8ba9fee301c741c7872e59d10148bfe28"
"deepseek_v3.mla_input_packed.dgrad.s262144.cp8",32768,7168,2112,"nn",0.7170559763908386,0.7301423907279968,1.383626213353287,66,32,1,0,148,0.0005801232115534542,"20260910-145720-b26485","228e3d7b176baa98307e15dd5e01f34b67a62c0b98f5d08670d29b6f6d060e03","fc257ced4151346f3eab61fe5e56dbd8ba9fee301c741c7872e59d10148bfe28"
"deepseek_v3.mla_input_packed.dgrad.s262144.cp4",65536,7168,2112,"nn",1.3574079871177673,1.4098767936229706,1.461811709952644,66,23,1,0,148,0.038874083930872896,"20260910-145720-b26485","228e3d7b176baa98307e15dd5e01f34b67a62c0b98f5d08670d29b6f6d060e03","fc257ced4151346f3eab61fe5e56dbd8ba9fee301c741c7872e59d10148bfe28"
"deepseek_v3.mla_input_packed.dgrad.s524288.cp8",65536,7168,2112,"nn",1.3574079871177673,1.4098767936229706,1.461811709952644,66,23,1,0,148,0.038874083930872896,"20260910-145720-b26485","228e3d7b176baa98307e15dd5e01f34b67a62c0b98f5d08670d29b6f6d060e03","fc257ced4151346f3eab61fe5e56dbd8ba9fee301c741c7872e59d10148bfe28"
"deepseek_v3.mla_input_packed.dgrad.s524288.cp4",131072,7168,2112,"nn",2.759999990463257,2.7887647271156313,1.4378803605857593,66,23,1,0,148,0.0037681365488858726,"20260910-145720-b26485","228e3d7b176baa98307e15dd5e01f34b67a62c0b98f5d08670d29b6f6d060e03","fc257ced4151346f3eab61fe5e56dbd8ba9fee301c741c7872e59d10148bfe28"
"deepseek_v3.mla_q_b.dgrad.s16384.cp4",4096,1536,24576,"nn",0.2364480048418045,0.23892799392342567,1.3078462874698198,66,177,1,0,148,0.001082698707826191,"20260910-145720-b26485","228e3d7b176baa98307e15dd5e01f34b67a62c0b98f5d08670d29b6f6d060e03","fc257ced4151346f3eab61fe5e56dbd8ba9fee301c741c7872e59d10148bfe28"
"deepseek_v3.mla_q_b.dgrad.s16384.cp8",2048,1536,24576,"nn",0.12992000579833984,0.13242239505052567,1.1901078798903175,66,32,1,0,148,0.001724093635075717,"20260910-145720-b26485","228e3d7b176baa98307e15dd5e01f34b67a62c0b98f5d08670d29b6f6d060e03","fc257ced4151346f3eab61fe5e56dbd8ba9fee301c741c7872e59d10148bfe28"
"deepseek_v3.mla_q_b.dgrad.s65536.cp4",16384,1536,24576,"nn",0.8843840062618256,0.8932703763246537,1.3986577917396164,66,232,1,0,148,0.001121684806569354,"20260910-145720-b26485","228e3d7b176baa98307e15dd5e01f34b67a62c0b98f5d08670d29b6f6d060e03","fc257ced4151346f3eab61fe5e56dbd8ba9fee301c741c7872e59d10148bfe28"
"deepseek_v3.mla_q_b.dgrad.s131072.cp8",16384,1536,24576,"nn",0.8843840062618256,0.8932703763246537,1.3986577917396164,66,232,1,0,148,0.001121684806569354,"20260910-145720-b26485","228e3d7b176baa98307e15dd5e01f34b67a62c0b98f5d08670d29b6f6d060e03","fc257ced4151346f3eab61fe5e56dbd8ba9fee301c741c7872e59d10148bfe28"
"deepseek_v3.mla_q_b.dgrad.s65536.cp8",8192,1536,24576,"nn",0.4593280106782913,0.4659232020378113,1.346478499560032,66,232,1,0,148,0.0018810068366303292,"20260910-145720-b26485","228e3d7b176baa98307e15dd5e01f34b67a62c0b98f5d08670d29b6f6d060e03","fc257ced4151346f3eab61fe5e56dbd8ba9fee301c741c7872e59d10148bfe28"
"deepseek_v3.mla_q_b.dgrad.s131072.cp4",32768,1536,24576,"nn",1.720848023891449,1.7492256224155427,1.4376058362792725,66,513,1,0,148,0.00721505034855171,"20260910-145720-b26485","228e3d7b176baa98307e15dd5e01f34b67a62c0b98f5d08670d29b6f6d060e03","fc257ced4151346f3eab61fe5e56dbd8ba9fee301c741c7872e59d10148bfe28"
"deepseek_v3.mla_q_b.dgrad.s262144.cp8",32768,1536,24576,"nn",1.720848023891449,1.7492256224155427,1.4376058362792725,66,513,1,0,148,0.00721505034855171,"20260910-145720-b26485","228e3d7b176baa98307e15dd5e01f34b67a62c0b98f5d08670d29b6f6d060e03","fc257ced4151346f3eab61fe5e56dbd8ba9fee301c741c7872e59d10148bfe28"
"deepseek_v3.mla_q_b.dgrad.s262144.cp4",65536,1536,24576,"nn",3.430240035057068,3.4586511731147764,1.442407025288446,66,513,1,0,148,0.013815980635093613,"20260910-145720-b26485","228e3d7b176baa98307e15dd5e01f34b67a62c0b98f5d08670d29b6f6d060e03","fc257ced4151346f3eab61fe5e56dbd8ba9fee301c741c7872e59d10148bfe28"
"deepseek_v3.mla_q_b.dgrad.s524288.cp8",65536,1536,24576,"nn",3.430240035057068,3.4586511731147764,1.442407025288446,66,513,1,0,148,0.013815980635093613,"20260910-145720-b26485","228e3d7b176baa98307e15dd5e01f34b67a62c0b98f5d08670d29b6f6d060e03","fc257ced4151346f3eab61fe5e56dbd8ba9fee301c741c7872e59d10148bfe28"
"deepseek_v3.mla_q_b.dgrad.s524288.cp4",131072,1536,24576,"nn",6.721487998962402,6.763739204406738,1.472234221278322,66,513,1,0,148,0.0020519322456569538,"20260910-145720-b26485","228e3d7b176baa98307e15dd5e01f34b67a62c0b98f5d08670d29b6f6d060e03","fc257ced4151346f3eab61fe5e56dbd8ba9fee301c741c7872e59d10148bfe28"
"deepseek_v3.mla_kv_b.dgrad.s16384.cp4",4096,512,32768,"nn",0.12228799983859062,0.12557919919490815,1.123895669676561,66,20,1,0,148,0.005233525967714739,"20260910-145720-b26485","228e3d7b176baa98307e15dd5e01f34b67a62c0b98f5d08670d29b6f6d060e03","fc257ced4151346f3eab61fe5e56dbd8ba9fee301c741c7872e59d10148bfe28"
"deepseek_v3.mla_kv_b.dgrad.s16384.cp8",2048,512,32768,"nn",0.07294400036334991,0.07456320151686668,0.9420853859631135,66,32,3,12582928,148,0.0026320740629217788,"20260910-145720-b26485","228e3d7b176baa98307e15dd5e01f34b67a62c0b98f5d08670d29b6f6d060e03","fc257ced4151346f3eab61fe5e56dbd8ba9fee301c741c7872e59d10148bfe28"
"deepseek_v3.mla_kv_b.dgrad.s65536.cp4",16384,512,32768,"nn",0.41625599563121796,0.4276704013347626,1.3207156645379738,66,447,1,0,148,0.025753417811766374,"20260910-145720-b26485","228e3d7b176baa98307e15dd5e01f34b67a62c0b98f5d08670d29b6f6d060e03","fc257ced4151346f3eab61fe5e56dbd8ba9fee301c741c7872e59d10148bfe28"
"deepseek_v3.mla_kv_b.dgrad.s131072.cp8",16384,512,32768,"nn",0.41625599563121796,0.4276704013347626,1.3207156645379738,66,447,1,0,148,0.025753417811766374,"20260910-145720-b26485","228e3d7b176baa98307e15dd5e01f34b67a62c0b98f5d08670d29b6f6d060e03","fc257ced4151346f3eab61fe5e56dbd8ba9fee301c741c7872e59d10148bfe28"
"deepseek_v3.mla_kv_b.dgrad.s65536.cp8",8192,512,32768,"nn",0.22595199942588806,0.2286384016275406,1.2165323061642548,66,24,1,0,148,0.0007080874174376138,"20260910-145720-b26485","228e3d7b176baa98307e15dd5e01f34b67a62c0b98f5d08670d29b6f6d060e03","fc257ced4151346f3eab61fe5e56dbd8ba9fee301c741c7872e59d10148bfe28"
"deepseek_v3.mla_kv_b.dgrad.s131072.cp4",32768,512,32768,"nn",0.848224014043808,0.8610976070165635,1.2962514731623878,66,447,1,0,148,0.001131767543547595,"20260910-145720-b26485","228e3d7b176baa98307e15dd5e01f34b67a62c0b98f5d08670d29b6f6d060e03","fc257ced4151346f3eab61fe5e56dbd8ba9fee301c741c7872e59d10148bfe28"
"deepseek_v3.mla_kv_b.dgrad.s262144.cp8",32768,512,32768,"nn",0.848224014043808,0.8610976070165635,1.2962514731623878,66,447,1,0,148,0.001131767543547595,"20260910-145720-b26485","228e3d7b176baa98307e15dd5e01f34b67a62c0b98f5d08670d29b6f6d060e03","fc257ced4151346f3eab61fe5e56dbd8ba9fee301c741c7872e59d10148bfe28"
"deepseek_v3.mla_kv_b.dgrad.s262144.cp4",65536,512,32768,"nn",1.632975995540619,1.648508793115616,1.3466353832249587,66,513,1,0,148,0.032588342189419195,"20260910-145720-b26485","228e3d7b176baa98307e15dd5e01f34b67a62c0b98f5d08670d29b6f6d060e03","fc257ced4151346f3eab61fe5e56dbd8ba9fee301c741c7872e59d10148bfe28"
"deepseek_v3.mla_kv_b.dgrad.s524288.cp8",65536,512,32768,"nn",1.632975995540619,1.648508793115616,1.3466353832249587,66,513,1,0,148,0.032588342189419195,"20260910-145720-b26485","228e3d7b176baa98307e15dd5e01f34b67a62c0b98f5d08670d29b6f6d060e03","fc257ced4151346f3eab61fe5e56dbd8ba9fee301c741c7872e59d10148bfe28"
"deepseek_v3.mla_kv_b.dgrad.s524288.cp4",131072,512,32768,"nn",3.2121280431747437,3.2427935361862184,1.369200247309301,66,513,1,0,148,0.00013946782447970578,"20260910-145720-b26485","228e3d7b176baa98307e15dd5e01f34b67a62c0b98f5d08670d29b6f6d060e03","fc257ced4151346f3eab61fe5e56dbd8ba9fee301c741c7872e59d10148bfe28"
"kimi_k3.kda_input_packed.dgrad.s16384.cp4",4096,7168,49376,"nn",2.2025279998779297,2.2296384930610658,1.316383428685897,66,535,1,0,148,0.010925656349073703,"20260910-145720-b26485","228e3d7b176baa98307e15dd5e01f34b67a62c0b98f5d08670d29b6f6d060e03","fc257ced4151346f3eab61fe5e56dbd8ba9fee301c741c7872e59d10148bfe28"
"kimi_k3.kda_input_packed.dgrad.s16384.cp8",2048,7168,49376,"nn",1.0892159938812256,1.107123202085495,1.330944172938836,66,570,1,0,148,0.02077091773826131,"20260910-145720-b26485","228e3d7b176baa98307e15dd5e01f34b67a62c0b98f5d08670d29b6f6d060e03","fc257ced4151346f3eab61fe5e56dbd8ba9fee301c741c7872e59d10148bfe28"
"kimi_k3.kda_input_packed.dgrad.s65536.cp4",16384,7168,49376,"nn",8.070544242858887,8.159622430801392,1.437014046640768,66,513,1,0,148,0.01652628589936945,"20260910-145720-b26485","228e3d7b176baa98307e15dd5e01f34b67a62c0b98f5d08670d29b6f6d060e03","fc257ced4151346f3eab61fe5e56dbd8ba9fee301c741c7872e59d10148bfe28"
"kimi_k3.kda_input_packed.dgrad.s131072.cp8",16384,7168,49376,"nn",8.070544242858887,8.159622430801392,1.437014046640768,66,513,1,0,148,0.01652628589936945,"20260910-145720-b26485","228e3d7b176baa98307e15dd5e01f34b67a62c0b98f5d08670d29b6f6d060e03","fc257ced4151346f3eab61fe5e56dbd8ba9fee301c741c7872e59d10148bfe28"
"kimi_k3.kda_input_packed.dgrad.s65536.cp8",8192,7168,49376,"nn",3.9762879610061646,4.0290271759033205,1.4583306786072605,66,513,1,0,148,0.015507957438290351,"20260910-145720-b26485","228e3d7b176baa98307e15dd5e01f34b67a62c0b98f5d08670d29b6f6d060e03","fc257ced4151346f3eab61fe5e56dbd8ba9fee301c741c7872e59d10148bfe28"
"kimi_k3.kda_input_packed.dgrad.s131072.cp4",32768,7168,49376,"nn",15.856704235076904,16.044305419921876,1.4627863733964326,66,513,1,0,148,0.004893859277157679,"20260910-145720-b26485","228e3d7b176baa98307e15dd5e01f34b67a62c0b98f5d08670d29b6f6d060e03","fc257ced4151346f3eab61fe5e56dbd8ba9fee301c741c7872e59d10148bfe28"
"kimi_k3.kda_input_packed.dgrad.s262144.cp8",32768,7168,49376,"nn",15.856704235076904,16.044305419921876,1.4627863733964326,66,513,1,0,148,0.004893859277157679,"20260910-145720-b26485","228e3d7b176baa98307e15dd5e01f34b67a62c0b98f5d08670d29b6f6d060e03","fc257ced4151346f3eab61fe5e56dbd8ba9fee301c741c7872e59d10148bfe28"
"kimi_k3.kda_input_packed.dgrad.s262144.cp4",65536,7168,49376,"nn",31.869791984558105,32.54522514343262,1.4556085520286217,66,513,1,0,148,0.0036096823441832773,"20260910-145720-b26485","228e3d7b176baa98307e15dd5e01f34b67a62c0b98f5d08670d29b6f6d060e03","fc257ced4151346f3eab61fe5e56dbd8ba9fee301c741c7872e59d10148bfe28"
"kimi_k3.kda_input_packed.dgrad.s524288.cp8",65536,7168,49376,"nn",31.869791984558105,32.54522514343262,1.4556085520286217,66,513,1,0,148,0.0036096823441832773,"20260910-145720-b26485","228e3d7b176baa98307e15dd5e01f34b67a62c0b98f5d08670d29b6f6d060e03","fc257ced4151346f3eab61fe5e56dbd8ba9fee301c741c7872e59d10148bfe28"
"kimi_k3.kda_input_packed.dgrad.s524288.cp4",131072,7168,49376,"nn",65.71397018432617,66.72280540466309,1.411874571996587,66,513,1,0,148,0.0007776380642802961,"20260910-145720-b26485","228e3d7b176baa98307e15dd5e01f34b67a62c0b98f5d08670d29b6f6d060e03","fc257ced4151346f3eab61fe5e56dbd8ba9fee301c741c7872e59d10148bfe28"
"kimi_k3.mla_input_packed.dgrad.s16384.cp4",4096,7168,14400,"nn",0.6390720009803772,0.6454992234706879,1.3231242881910632,66,570,1,0,148,0.007611000677215283,"20260910-145720-b26485","228e3d7b176baa98307e15dd5e01f34b67a62c0b98f5d08670d29b6f6d060e03","fc257ced4151346f3eab61fe5e56dbd8ba9fee301c741c7872e59d10148bfe28"
"kimi_k3.mla_input_packed.dgrad.s16384.cp8",2048,7168,14400,"nn",0.33694399893283844,0.34116159826517106,1.2547659092877095,66,29,1,0,148,0.004748643956913185,"20260910-145720-b26485","228e3d7b176baa98307e15dd5e01f34b67a62c0b98f5d08670d29b6f6d060e03","fc257ced4151346f3eab61fe5e56dbd8ba9fee301c741c7872e59d10148bfe28"
"kimi_k3.mla_input_packed.dgrad.s65536.cp4",16384,7168,14400,"nn",2.4163999557495117,2.46768479347229,1.3997214068607664,66,177,1,0,148,0.00007942681662449645,"20260910-145720-b26485","228e3d7b176baa98307e15dd5e01f34b67a62c0b98f5d08670d29b6f6d060e03","fc257ced4151346f3eab61fe5e56dbd8ba9fee301c741c7872e59d10148bfe28"
"kimi_k3.mla_input_packed.dgrad.s131072.cp8",16384,7168,14400,"nn",2.4163999557495117,2.46768479347229,1.3997214068607664,66,177,1,0,148,0.00007942681662449645,"20260910-145720-b26485","228e3d7b176baa98307e15dd5e01f34b67a62c0b98f5d08670d29b6f6d060e03","fc257ced4151346f3eab61fe5e56dbd8ba9fee301c741c7872e59d10148bfe28"
"kimi_k3.mla_input_packed.dgrad.s65536.cp8",8192,7168,14400,"nn",1.2377119660377502,1.2567023873329162,1.3663464676792338,66,535,1,0,148,0.009876351294831812,"20260910-145720-b26485","228e3d7b176baa98307e15dd5e01f34b67a62c0b98f5d08670d29b6f6d060e03","fc257ced4151346f3eab61fe5e56dbd8ba9fee301c741c7872e59d10148bfe28"
"kimi_k3.mla_input_packed.dgrad.s131072.cp4",32768,7168,14400,"nn",4.505615949630737,4.559830451011658,1.5013648670509518,66,513,1,0,148,0.00676846868303993,"20260910-145720-b26485","228e3d7b176baa98307e15dd5e01f34b67a62c0b98f5d08670d29b6f6d060e03","fc257ced4151346f3eab61fe5e56dbd8ba9fee301c741c7872e59d10148bfe28"
"kimi_k3.mla_input_packed.dgrad.s262144.cp8",32768,7168,14400,"nn",4.505615949630737,4.559830451011658,1.5013648670509518,66,513,1,0,148,0.00676846868303993,"20260910-145720-b26485","228e3d7b176baa98307e15dd5e01f34b67a62c0b98f5d08670d29b6f6d060e03","fc257ced4151346f3eab61fe5e56dbd8ba9fee301c741c7872e59d10148bfe28"
"kimi_k3.mla_input_packed.dgrad.s262144.cp4",65536,7168,14400,"nn",9.098975658416748,9.184537506103515,1.4868868200438858,66,513,1,0,148,0.0076245936274282455,"20260910-145720-b26485","228e3d7b176baa98307e15dd5e01f34b67a62c0b98f5d08670d29b6f6d060e03","fc257ced4151346f3eab61fe5e56dbd8ba9fee301c741c7872e59d10148bfe28"
"kimi_k3.mla_input_packed.dgrad.s524288.cp8",65536,7168,14400,"nn",9.098975658416748,9.184537506103515,1.4868868200438858,66,513,1,0,148,0.0076245936274282455,"20260910-145720-b26485","228e3d7b176baa98307e15dd5e01f34b67a62c0b98f5d08670d29b6f6d060e03","fc257ced4151346f3eab61fe5e56dbd8ba9fee301c741c7872e59d10148bfe28"
"kimi_k3.mla_input_packed.dgrad.s524288.cp4",131072,7168,14400,"nn",18.382271766662598,18.56312780380249,1.4719776917819218,66,513,1,0,148,0.0010879259467433012,"20260910-145720-b26485","228e3d7b176baa98307e15dd5e01f34b67a62c0b98f5d08670d29b6f6d060e03","fc257ced4151346f3eab61fe5e56dbd8ba9fee301c741c7872e59d10148bfe28"
"kimi_k3.kda_f_b.dgrad.s16384.cp4",4096,128,12288,"nn",0.02747200056910515,0.02829119935631752,0.4690194241802064,66,17,2,4194320,148,0.008153750668354113,"20260910-145720-b26485","228e3d7b176baa98307e15dd5e01f34b67a62c0b98f5d08670d29b6f6d060e03","fc257ced4151346f3eab61fe5e56dbd8ba9fee301c741c7872e59d10148bfe28"
"kimi_k3.kda_f_b.dgrad.s16384.cp8",2048,128,12288,"nn",0.01524799969047308,0.016329600382596253,0.4225112194896771,66,17,4,4194320,148,0.006295894649628659,"20260910-145720-b26485","228e3d7b176baa98307e15dd5e01f34b67a62c0b98f5d08670d29b6f6d060e03","fc257ced4151346f3eab61fe5e56dbd8ba9fee301c741c7872e59d10148bfe28"
"kimi_k3.kda_f_b.dgrad.s65536.cp4",16384,128,12288,"nn",0.07035199925303459,0.07119199819862843,0.7325962033662728,66,19,1,0,148,0.00045485905167659514,"20260910-145720-b26485","228e3d7b176baa98307e15dd5e01f34b67a62c0b98f5d08670d29b6f6d060e03","fc257ced4151346f3eab61fe5e56dbd8ba9fee301c741c7872e59d10148bfe28"
"kimi_k3.kda_f_b.dgrad.s131072.cp8",16384,128,12288,"nn",0.07035199925303459,0.07119199819862843,0.7325962033662728,66,19,1,0,148,0.00045485905167659514,"20260910-145720-b26485","228e3d7b176baa98307e15dd5e01f34b67a62c0b98f5d08670d29b6f6d060e03","fc257ced4151346f3eab61fe5e56dbd8ba9fee301c741c7872e59d10148bfe28"
"kimi_k3.kda_f_b.dgrad.s65536.cp8",8192,128,12288,"nn",0.04118400067090988,0.04167040064930916,0.6257236634662929,66,17,1,0,148,0.005439046765671248,"20260910-145720-b26485","228e3d7b176baa98307e15dd5e01f34b67a62c0b98f5d08670d29b6f6d060e03","fc257ced4151346f3eab61fe5e56dbd8ba9fee301c741c7872e59d10148bfe28"
"kimi_k3.kda_f_b.dgrad.s131072.cp4",32768,128,12288,"nn",0.1287360042333603,0.1304623991250992,0.8007023032744427,66,22,1,0,148,0.001491435617612344,"20260910-145720-b26485","228e3d7b176baa98307e15dd5e01f34b67a62c0b98f5d08670d29b6f6d060e03","fc257ced4151346f3eab61fe5e56dbd8ba9fee301c741c7872e59d10148bfe28"
"kimi_k3.kda_f_b.dgrad.s262144.cp8",32768,128,12288,"nn",0.1287360042333603,0.1304623991250992,0.8007023032744427,66,22,1,0,148,0.001491435617612344,"20260910-145720-b26485","228e3d7b176baa98307e15dd5e01f34b67a62c0b98f5d08670d29b6f6d060e03","fc257ced4151346f3eab61fe5e56dbd8ba9fee301c741c7872e59d10148bfe28"
"kimi_k3.kda_f_b.dgrad.s262144.cp4",65536,128,12288,"nn",0.2566559910774231,0.2590032026171684,0.8032480728096858,66,23,1,0,148,0.000872741189970304,"20260910-145720-b26485","228e3d7b176baa98307e15dd5e01f34b67a62c0b98f5d08670d29b6f6d060e03","fc257ced4151346f3eab61fe5e56dbd8ba9fee301c741c7872e59d10148bfe28"
"kimi_k3.kda_f_b.dgrad.s524288.cp8",65536,128,12288,"nn",0.2566559910774231,0.2590032026171684,0.8032480728096858,66,23,1,0,148,0.000872741189970304,"20260910-145720-b26485","228e3d7b176baa98307e15dd5e01f34b67a62c0b98f5d08670d29b6f6d060e03","fc257ced4151346f3eab61fe5e56dbd8ba9fee301c741c7872e59d10148bfe28"
"kimi_k3.kda_f_b.dgrad.s524288.cp4",131072,128,12288,"nn",0.49724799394607544,0.5008400171995163,0.8291976346529296,66,32,1,0,148,0.0014157733525587306,"20260910-145720-b26485","228e3d7b176baa98307e15dd5e01f34b67a62c0b98f5d08670d29b6f6d060e03","fc257ced4151346f3eab61fe5e56dbd8ba9fee301c741c7872e59d10148bfe28"
"kimi_k3.mla_q_b.dgrad.s16384.cp4",4096,1536,18432,"nn",0.1786080002784729,0.1812224008142948,1.298532168897216,66,177,1,0,148,0.002866634741010063,"20260910-145720-b26485","228e3d7b176baa98307e15dd5e01f34b67a62c0b98f5d08670d29b6f6d060e03","fc257ced4151346f3eab61fe5e56dbd8ba9fee301c741c7872e59d10148bfe28"
"kimi_k3.mla_q_b.dgrad.s16384.cp8",2048,1536,18432,"nn",0.10076799988746643,0.10333440043032169,1.1508030041432198,66,31,1,0,148,0.003810762587272674,"20260910-145720-b26485","228e3d7b176baa98307e15dd5e01f34b67a62c0b98f5d08670d29b6f6d060e03","fc257ced4151346f3eab61fe5e56dbd8ba9fee301c741c7872e59d10148bfe28"
"kimi_k3.mla_q_b.dgrad.s65536.cp4",16384,1536,18432,"nn",0.7016160190105438,0.713875213265419,1.3222516459135443,66,209,1,0,148,0.014458128969154153,"20260910-145720-b26485","228e3d7b176baa98307e15dd5e01f34b67a62c0b98f5d08670d29b6f6d060e03","fc257ced4151346f3eab61fe5e56dbd8ba9fee301c741c7872e59d10148bfe28"
"kimi_k3.mla_q_b.dgrad.s131072.cp8",16384,1536,18432,"nn",0.7016160190105438,0.713875213265419,1.3222516459135443,66,209,1,0,148,0.014458128969154153,"20260910-145720-b26485","228e3d7b176baa98307e15dd5e01f34b67a62c0b98f5d08670d29b6f6d060e03","fc257ced4151346f3eab61fe5e56dbd8ba9fee301c741c7872e59d10148bfe28"
"kimi_k3.mla_q_b.dgrad.s65536.cp8",8192,1536,18432,"nn",0.3373599946498871,0.34391520619392396,1.3749599102566716,66,232,1,0,148,0.020678144188789976,"20260910-145720-b26485","228e3d7b176baa98307e15dd5e01f34b67a62c0b98f5d08670d29b6f6d060e03","fc257ced4151346f3eab61fe5e56dbd8ba9fee301c741c7872e59d10148bfe28"
"kimi_k3.mla_q_b.dgrad.s131072.cp4",32768,1536,18432,"nn",1.2880160212516785,1.306214451789856,1.4405301186152324,66,513,1,0,148,0.014534004605327062,"20260910-145720-b26485","228e3d7b176baa98307e15dd5e01f34b67a62c0b98f5d08670d29b6f6d060e03","fc257ced4151346f3eab61fe5e56dbd8ba9fee301c741c7872e59d10148bfe28"
"kimi_k3.mla_q_b.dgrad.s262144.cp8",32768,1536,18432,"nn",1.2880160212516785,1.306214451789856,1.4405301186152324,66,513,1,0,148,0.014534004605327062,"20260910-145720-b26485","228e3d7b176baa98307e15dd5e01f34b67a62c0b98f5d08670d29b6f6d060e03","fc257ced4151346f3eab61fe5e56dbd8ba9fee301c741c7872e59d10148bfe28"
"kimi_k3.mla_q_b.dgrad.s262144.cp4",65536,1536,18432,"nn",2.545040011405945,2.5859328269958497,1.4580720645307386,66,513,1,0,148,0.001948912432574623,"20260910-145720-b26485","228e3d7b176baa98307e15dd5e01f34b67a62c0b98f5d08670d29b6f6d060e03","fc257ced4151346f3eab61fe5e56dbd8ba9fee301c741c7872e59d10148bfe28"
"kimi_k3.mla_q_b.dgrad.s524288.cp8",65536,1536,18432,"nn",2.545040011405945,2.5859328269958497,1.4580720645307386,66,513,1,0,148,0.001948912432574623,"20260910-145720-b26485","228e3d7b176baa98307e15dd5e01f34b67a62c0b98f5d08670d29b6f6d060e03","fc257ced4151346f3eab61fe5e56dbd8ba9fee301c741c7872e59d10148bfe28"
"kimi_k3.mla_q_b.dgrad.s524288.cp4",131072,1536,18432,"nn",5.0559680461883545,5.104001712799072,1.46790949224514,66,513,1,0,148,0.00491137832038048,"20260910-145720-b26485","228e3d7b176baa98307e15dd5e01f34b67a62c0b98f5d08670d29b6f6d060e03","fc257ced4151346f3eab61fe5e56dbd8ba9fee301c741c7872e59d10148bfe28"
"kimi_k3.mla_kv_b.dgrad.s16384.cp4",4096,512,24576,"nn",0.0987359993159771,0.09940959699451923,1.0439881686326347,66,447,4,33554448,148,0.0019445943051457837,"20260910-145720-b26485","228e3d7b176baa98307e15dd5e01f34b67a62c0b98f5d08670d29b6f6d060e03","fc257ced4151346f3eab61fe5e56dbd8ba9fee301c741c7872e59d10148bfe28"
"kimi_k3.mla_kv_b.dgrad.s16384.cp8",2048,512,24576,"nn",0.05793600156903267,0.05887519922107458,0.8895955218895949,66,23,4,16777232,148,0.005523313702729224,"20260910-145720-b26485","228e3d7b176baa98307e15dd5e01f34b67a62c0b98f5d08670d29b6f6d060e03","fc257ced4151346f3eab61fe5e56dbd8ba9fee301c741c7872e59d10148bfe28"
"kimi_k3.mla_kv_b.dgrad.s65536.cp4",16384,512,24576,"nn",0.30559998750686646,0.312608003616333,1.3492044413343955,66,513,1,0,148,0.018743477084685215,"20260910-145720-b26485","228e3d7b176baa98307e15dd5e01f34b67a62c0b98f5d08670d29b6f6d060e03","fc257ced4151346f3eab61fe5e56dbd8ba9fee301c741c7872e59d10148bfe28"
"kimi_k3.mla_kv_b.dgrad.s131072.cp8",16384,512,24576,"nn",0.30559998750686646,0.312608003616333,1.3492044413343955,66,513,1,0,148,0.018743477084685215,"20260910-145720-b26485","228e3d7b176baa98307e15dd5e01f34b67a62c0b98f5d08670d29b6f6d060e03","fc257ced4151346f3eab61fe5e56dbd8ba9fee301c741c7872e59d10148bfe28"
"kimi_k3.mla_kv_b.dgrad.s65536.cp8",8192,512,24576,"nn",0.16502400487661362,0.16925439983606339,1.249263283618296,66,23,1,0,148,0.0003878253189614932,"20260910-145720-b26485","228e3d7b176baa98307e15dd5e01f34b67a62c0b98f5d08670d29b6f6d060e03","fc257ced4151346f3eab61fe5e56dbd8ba9fee301c741c7872e59d10148bfe28"
"kimi_k3.mla_kv_b.dgrad.s131072.cp4",32768,512,24576,"nn",0.6549600064754486,0.6696704030036926,1.259059656588225,66,447,1,0,148,0.0033223200581740456,"20260910-145720-b26485","228e3d7b176baa98307e15dd5e01f34b67a62c0b98f5d08670d29b6f6d060e03","fc257ced4151346f3eab61fe5e56dbd8ba9fee301c741c7872e59d10148bfe28"
"kimi_k3.mla_kv_b.dgrad.s262144.cp8",32768,512,24576,"nn",0.6549600064754486,0.6696704030036926,1.259059656588225,66,447,1,0,148,0.0033223200581740456,"20260910-145720-b26485","228e3d7b176baa98307e15dd5e01f34b67a62c0b98f5d08670d29b6f6d060e03","fc257ced4151346f3eab61fe5e56dbd8ba9fee301c741c7872e59d10148bfe28"
"kimi_k3.mla_kv_b.dgrad.s262144.cp4",65536,512,24576,"nn",1.198576033115387,1.2108463943004608,1.3760223766340112,66,513,1,0,148,0.007181841911854475,"20260910-145720-b26485","228e3d7b176baa98307e15dd5e01f34b67a62c0b98f5d08670d29b6f6d060e03","fc257ced4151346f3eab61fe5e56dbd8ba9fee301c741c7872e59d10148bfe28"
"kimi_k3.mla_kv_b.dgrad.s524288.cp8",65536,512,24576,"nn",1.198576033115387,1.2108463943004608,1.3760223766340112,66,513,1,0,148,0.007181841911854475,"20260910-145720-b26485","228e3d7b176baa98307e15dd5e01f34b67a62c0b98f5d08670d29b6f6d060e03","fc257ced4151346f3eab61fe5e56dbd8ba9fee301c741c7872e59d10148bfe28"
"kimi_k3.mla_kv_b.dgrad.s524288.cp4",131072,512,24576,"nn",2.3940640687942505,2.4501680016517637,1.3777972470842346,66,513,1,0,148,0.01522432182858372,"20260910-145720-b26485","228e3d7b176baa98307e15dd5e01f34b67a62c0b98f5d08670d29b6f6d060e03","fc257ced4151346f3eab61fe5e56dbd8ba9fee301c741c7872e59d10148bfe28"
"kimi_linear_48b.kda_input_packed.dgrad.s16384.cp4",4096,2304,12576,"nn",0.1682879999279976,0.17145439758896827,1.4104633251898933,66,447,1,0,148,0.015402152180393234,"20260910-145720-b26485","228e3d7b176baa98307e15dd5e01f34b67a62c0b98f5d08670d29b6f6d060e03","fc257ced4151346f3eab61fe5e56dbd8ba9fee301c741c7872e59d10148bfe28"
"kimi_linear_48b.kda_input_packed.dgrad.s16384.cp8",2048,2304,12576,"nn",0.10521600022912025,0.10745919868350029,1.1279845814852865,66,20,1,0,148,0.0021288991653184313,"20260910-145720-b26485","228e3d7b176baa98307e15dd5e01f34b67a62c0b98f5d08670d29b6f6d060e03","fc257ced4151346f3eab61fe5e56dbd8ba9fee301c741c7872e59d10148bfe28"
"kimi_linear_48b.kda_input_packed.dgrad.s65536.cp4",16384,2304,12576,"nn",0.6798239946365356,0.6912848055362701,1.3966206185170351,66,447,1,0,148,0.017886987339676794,"20260910-145720-b26485","228e3d7b176baa98307e15dd5e01f34b67a62c0b98f5d08670d29b6f6d060e03","fc257ced4151346f3eab61fe5e56dbd8ba9fee301c741c7872e59d10148bfe28"
"kimi_linear_48b.kda_input_packed.dgrad.s131072.cp8",16384,2304,12576,"nn",0.6798239946365356,0.6912848055362701,1.3966206185170351,66,447,1,0,148,0.017886987339676794,"20260910-145720-b26485","228e3d7b176baa98307e15dd5e01f34b67a62c0b98f5d08670d29b6f6d060e03","fc257ced4151346f3eab61fe5e56dbd8ba9fee301c741c7872e59d10148bfe28"
"kimi_linear_48b.kda_input_packed.dgrad.s65536.cp8",8192,2304,12576,"nn",0.3444800078868866,0.3495135933160782,1.3781005952945797,66,23,1,0,148,0.009103602258740524,"20260910-145720-b26485","228e3d7b176baa98307e15dd5e01f34b67a62c0b98f5d08670d29b6f6d060e03","fc257ced4151346f3eab61fe5e56dbd8ba9fee301c741c7872e59d10148bfe28"
"kimi_linear_48b.kda_input_packed.dgrad.s131072.cp4",32768,2304,12576,"nn",1.3043359518051147,1.3156879901885987,1.4558461055344145,66,513,1,0,148,0.006992054060283709,"20260910-145720-b26485","228e3d7b176baa98307e15dd5e01f34b67a62c0b98f5d08670d29b6f6d060e03","fc257ced4151346f3eab61fe5e56dbd8ba9fee301c741c7872e59d10148bfe28"
"kimi_linear_48b.kda_input_packed.dgrad.s262144.cp8",32768,2304,12576,"nn",1.3043359518051147,1.3156879901885987,1.4558461055344145,66,513,1,0,148,0.006992054060283709,"20260910-145720-b26485","228e3d7b176baa98307e15dd5e01f34b67a62c0b98f5d08670d29b6f6d060e03","fc257ced4151346f3eab61fe5e56dbd8ba9fee301c741c7872e59d10148bfe28"
"kimi_linear_48b.kda_input_packed.dgrad.s262144.cp4",65536,2304,12576,"nn",2.57151997089386,2.5967136144638063,1.4768793843618786,66,513,1,0,148,0.005649591013094006,"20260910-145720-b26485","228e3d7b176baa98307e15dd5e01f34b67a62c0b98f5d08670d29b6f6d060e03","fc257ced4151346f3eab61fe5e56dbd8ba9fee301c741c7872e59d10148bfe28"
"kimi_linear_48b.kda_input_packed.dgrad.s524288.cp8",65536,2304,12576,"nn",2.57151997089386,2.5967136144638063,1.4768793843618786,66,513,1,0,148,0.005649591013094006,"20260910-145720-b26485","228e3d7b176baa98307e15dd5e01f34b67a62c0b98f5d08670d29b6f6d060e03","fc257ced4151346f3eab61fe5e56dbd8ba9fee301c741c7872e59d10148bfe28"
"kimi_linear_48b.kda_input_packed.dgrad.s524288.cp4",131072,2304,12576,"nn",5.34878396987915,5.410726308822632,1.4200703759489495,66,210,1,0,148,0.004313549185524069,"20260910-145720-b26485","228e3d7b176baa98307e15dd5e01f34b67a62c0b98f5d08670d29b6f6d060e03","fc257ced4151346f3eab61fe5e56dbd8ba9fee301c741c7872e59d10148bfe28"
"kimi_linear_48b.mla_input_packed.dgrad.s16384.cp4",4096,2304,6720,"nn",0.09556799754500389,0.09857759810984135,1.3271780953689212,66,447,1,0,148,0.011719415561935974,"20260910-145720-b26485","228e3d7b176baa98307e15dd5e01f34b67a62c0b98f5d08670d29b6f6d060e03","fc257ced4151346f3eab61fe5e56dbd8ba9fee301c741c7872e59d10148bfe28"
"kimi_linear_48b.mla_input_packed.dgrad.s16384.cp8",2048,2304,6720,"nn",0.05438400059938431,0.05535840056836605,1.166112749725109,66,22,1,0,148,0.001176825658690145,"20260910-145720-b26485","228e3d7b176baa98307e15dd5e01f34b67a62c0b98f5d08670d29b6f6d060e03","fc257ced4151346f3eab61fe5e56dbd8ba9fee301c741c7872e59d10148bfe28"
"kimi_linear_48b.mla_input_packed.dgrad.s65536.cp4",16384,2304,6720,"nn",0.3529919981956482,0.35930720418691636,1.437264908081009,66,513,1,0,148,0.004804614753615323,"20260910-145720-b26485","228e3d7b176baa98307e15dd5e01f34b67a62c0b98f5d08670d29b6f6d060e03","fc257ced4151346f3eab61fe5e56dbd8ba9fee301c741c7872e59d10148bfe28"
"kimi_linear_48b.mla_input_packed.dgrad.s131072.cp8",16384,2304,6720,"nn",0.3529919981956482,0.35930720418691636,1.437264908081009,66,513,1,0,148,0.004804614753615323,"20260910-145720-b26485","228e3d7b176baa98307e15dd5e01f34b67a62c0b98f5d08670d29b6f6d060e03","fc257ced4151346f3eab61fe5e56dbd8ba9fee301c741c7872e59d10148bfe28"
"kimi_linear_48b.mla_input_packed.dgrad.s65536.cp8",8192,2304,6720,"nn",0.18636799603700638,0.18917279839515685,1.3611323366358965,66,447,1,0,148,0.0003434092155761945,"20260910-145720-b26485","228e3d7b176baa98307e15dd5e01f34b67a62c0b98f5d08670d29b6f6d060e03","fc257ced4151346f3eab61fe5e56dbd8ba9fee301c741c7872e59d10148bfe28"
"kimi_linear_48b.mla_input_packed.dgrad.s131072.cp4",32768,2304,6720,"nn",0.741424024105072,0.7695279777050018,1.3685637242531572,66,24,1,0,148,0.03698825093369411,"20260910-145720-b26485","228e3d7b176baa98307e15dd5e01f34b67a62c0b98f5d08670d29b6f6d060e03","fc257ced4151346f3eab61fe5e56dbd8ba9fee301c741c7872e59d10148bfe28"
"kimi_linear_48b.mla_input_packed.dgrad.s262144.cp8",32768,2304,6720,"nn",0.741424024105072,0.7695279777050018,1.3685637242531572,66,24,1,0,148,0.03698825093369411,"20260910-145720-b26485","228e3d7b176baa98307e15dd5e01f34b67a62c0b98f5d08670d29b6f6d060e03","fc257ced4151346f3eab61fe5e56dbd8ba9fee301c741c7872e59d10148bfe28"
"kimi_linear_48b.mla_input_packed.dgrad.s262144.cp4",65536,2304,6720,"nn",1.4483359456062317,1.4910928070545197,1.4011749508230034,66,23,1,0,148,0.028302840708348827,"20260910-145720-b26485","228e3d7b176baa98307e15dd5e01f34b67a62c0b98f5d08670d29b6f6d060e03","fc257ced4151346f3eab61fe5e56dbd8ba9fee301c741c7872e59d10148bfe28"
"kimi_linear_48b.mla_input_packed.dgrad.s524288.cp8",65536,2304,6720,"nn",1.4483359456062317,1.4910928070545197,1.4011749508230034,66,23,1,0,148,0.028302840708348827,"20260910-145720-b26485","228e3d7b176baa98307e15dd5e01f34b67a62c0b98f5d08670d29b6f6d060e03","fc257ced4151346f3eab61fe5e56dbd8ba9fee301c741c7872e59d10148bfe28"
"kimi_linear_48b.mla_input_packed.dgrad.s524288.cp4",131072,2304,6720,"nn",2.9116801023483276,2.9355984210968016,1.393952615689664,66,23,1,0,148,0.0009891527689542612,"20260910-145720-b26485","228e3d7b176baa98307e15dd5e01f34b67a62c0b98f5d08670d29b6f6d060e03","fc257ced4151346f3eab61fe5e56dbd8ba9fee301c741c7872e59d10148bfe28"
"kimi_linear_48b.kda_f_b.dgrad.s16384.cp4",4096,128,4096,"nn",0.011471999809145927,0.012945599853992462,0.3743869741503904,66,15,1,0,148,0.011157605078630676,"20260910-145720-b26485","228e3d7b176baa98307e15dd5e01f34b67a62c0b98f5d08670d29b6f6d060e03","fc257ced4151346f3eab61fe5e56dbd8ba9fee301c741c7872e59d10148bfe28"
"kimi_linear_48b.kda_g_b.dgrad.s16384.cp4",4096,128,4096,"nn",0.011471999809145927,0.012945599853992462,0.3743869741503904,66,15,1,0,148,0.011157605078630676,"20260910-145720-b26485","228e3d7b176baa98307e15dd5e01f34b67a62c0b98f5d08670d29b6f6d060e03","fc257ced4151346f3eab61fe5e56dbd8ba9fee301c741c7872e59d10148bfe28"
"kimi_linear_48b.kda_f_b.dgrad.s16384.cp8",2048,128,4096,"nn",0.011231999844312668,0.012212800281122326,0.1911933473794856,66,13,1,0,148,0.005698049164413262,"20260910-150310-39bafc","228e3d7b176baa98307e15dd5e01f34b67a62c0b98f5d08670d29b6f6d060e03","fc257ced4151346f3eab61fe5e56dbd8ba9fee301c741c7872e59d10148bfe28"
"kimi_linear_48b.kda_g_b.dgrad.s16384.cp8",2048,128,4096,"nn",0.011231999844312668,0.012212800281122326,0.1911933473794856,66,13,1,0,148,0.005698049164413262,"20260910-150310-39bafc","228e3d7b176baa98307e15dd5e01f34b67a62c0b98f5d08670d29b6f6d060e03","fc257ced4151346f3eab61fe5e56dbd8ba9fee301c741c7872e59d10148bfe28"
"kimi_linear_48b.kda_f_b.dgrad.s65536.cp4",16384,128,4096,"nn",0.029360000044107437,0.03077920051291585,0.5851454072953248,66,19,1,0,148,0.0021798531073374643,"20260910-150310-39bafc","228e3d7b176baa98307e15dd5e01f34b67a62c0b98f5d08670d29b6f6d060e03","fc257ced4151346f3eab61fe5e56dbd8ba9fee301c741c7872e59d10148bfe28"
"kimi_linear_48b.kda_f_b.dgrad.s131072.cp8",16384,128,4096,"nn",0.029360000044107437,0.03077920051291585,0.5851454072953248,66,19,1,0,148,0.0021798531073374643,"20260910-150310-39bafc","228e3d7b176baa98307e15dd5e01f34b67a62c0b98f5d08670d29b6f6d060e03","fc257ced4151346f3eab61fe5e56dbd8ba9fee301c741c7872e59d10148bfe28"
"kimi_linear_48b.kda_g_b.dgrad.s65536.cp4",16384,128,4096,"nn",0.029360000044107437,0.03077920051291585,0.5851454072953248,66,19,1,0,148,0.0021798531073374643,"20260910-150310-39bafc","228e3d7b176baa98307e15dd5e01f34b67a62c0b98f5d08670d29b6f6d060e03","fc257ced4151346f3eab61fe5e56dbd8ba9fee301c741c7872e59d10148bfe28"
"kimi_linear_48b.kda_g_b.dgrad.s131072.cp8",16384,128,4096,"nn",0.029360000044107437,0.03077920051291585,0.5851454072953248,66,19,1,0,148,0.0021798531073374643,"20260910-150310-39bafc","228e3d7b176baa98307e15dd5e01f34b67a62c0b98f5d08670d29b6f6d060e03","fc257ced4151346f3eab61fe5e56dbd8ba9fee301c741c7872e59d10148bfe28"
"kimi_linear_48b.kda_f_b.dgrad.s65536.cp8",8192,128,4096,"nn",0.013391999993473291,0.014865599991753697,0.641422834243308,66,17,1,0,148,0.004778939369488636,"20260910-150310-39bafc","228e3d7b176baa98307e15dd5e01f34b67a62c0b98f5d08670d29b6f6d060e03","fc257ced4151346f3eab61fe5e56dbd8ba9fee301c741c7872e59d10148bfe28"
"kimi_linear_48b.kda_g_b.dgrad.s65536.cp8",8192,128,4096,"nn",0.013391999993473291,0.014865599991753697,0.641422834243308,66,17,1,0,148,0.004778939369488636,"20260910-150310-39bafc","228e3d7b176baa98307e15dd5e01f34b67a62c0b98f5d08670d29b6f6d060e03","fc257ced4151346f3eab61fe5e56dbd8ba9fee301c741c7872e59d10148bfe28"
"kimi_linear_48b.kda_f_b.dgrad.s131072.cp4",32768,128,4096,"nn",0.05358400009572506,0.0543248001486063,0.6412313061103705,66,19,1,0,148,0.0029859191688342314,"20260910-150310-39bafc","228e3d7b176baa98307e15dd5e01f34b67a62c0b98f5d08670d29b6f6d060e03","fc257ced4151346f3eab61fe5e56dbd8ba9fee301c741c7872e59d10148bfe28"
"kimi_linear_48b.kda_f_b.dgrad.s262144.cp8",32768,128,4096,"nn",0.05358400009572506,0.0543248001486063,0.6412313061103705,66,19,1,0,148,0.0029859191688342314,"20260910-150310-39bafc","228e3d7b176baa98307e15dd5e01f34b67a62c0b98f5d08670d29b6f6d060e03","fc257ced4151346f3eab61fe5e56dbd8ba9fee301c741c7872e59d10148bfe28"
"kimi_linear_48b.kda_g_b.dgrad.s131072.cp4",32768,128,4096,"nn",0.05358400009572506,0.0543248001486063,0.6412313061103705,66,19,1,0,148,0.0029859191688342314,"20260910-150310-39bafc","228e3d7b176baa98307e15dd5e01f34b67a62c0b98f5d08670d29b6f6d060e03","fc257ced4151346f3eab61fe5e56dbd8ba9fee301c741c7872e59d10148bfe28"
"kimi_linear_48b.kda_g_b.dgrad.s262144.cp8",32768,128,4096,"nn",0.05358400009572506,0.0543248001486063,0.6412313061103705,66,19,1,0,148,0.0029859191688342314,"20260910-150310-39bafc","228e3d7b176baa98307e15dd5e01f34b67a62c0b98f5d08670d29b6f6d060e03","fc257ced4151346f3eab61fe5e56dbd8ba9fee301c741c7872e59d10148bfe28"
"kimi_linear_48b.kda_f_b.dgrad.s262144.cp4",65536,128,4096,"nn",0.09171199798583984,0.09333600290119648,0.7492964742367749,66,22,1,0,148,0.0003489210176047917,"20260910-150310-39bafc","228e3d7b176baa98307e15dd5e01f34b67a62c0b98f5d08670d29b6f6d060e03","fc257ced4151346f3eab61fe5e56dbd8ba9fee301c741c7872e59d10148bfe28"
"kimi_linear_48b.kda_f_b.dgrad.s524288.cp8",65536,128,4096,"nn",0.09171199798583984,0.09333600290119648,0.7492964742367749,66,22,1,0,148,0.0003489210176047917,"20260910-150310-39bafc","228e3d7b176baa98307e15dd5e01f34b67a62c0b98f5d08670d29b6f6d060e03","fc257ced4151346f3eab61fe5e56dbd8ba9fee301c741c7872e59d10148bfe28"
"kimi_linear_48b.kda_g_b.dgrad.s262144.cp4",65536,128,4096,"nn",0.09171199798583984,0.09333600290119648,0.7492964742367749,66,22,1,0,148,0.0003489210176047917,"20260910-150310-39bafc","228e3d7b176baa98307e15dd5e01f34b67a62c0b98f5d08670d29b6f6d060e03","fc257ced4151346f3eab61fe5e56dbd8ba9fee301c741c7872e59d10148bfe28"
"kimi_linear_48b.kda_g_b.dgrad.s524288.cp8",65536,128,4096,"nn",0.09171199798583984,0.09333600290119648,0.7492964742367749,66,22,1,0,148,0.0003489210176047917,"20260910-150310-39bafc","228e3d7b176baa98307e15dd5e01f34b67a62c0b98f5d08670d29b6f6d060e03","fc257ced4151346f3eab61fe5e56dbd8ba9fee301c741c7872e59d10148bfe28"
"kimi_linear_48b.kda_f_b.dgrad.s524288.cp4",131072,128,4096,"nn",0.18169599771499634,0.18299519941210746,0.7564225695691064,66,32,1,0,148,0,"20260910-150310-39bafc","228e3d7b176baa98307e15dd5e01f34b67a62c0b98f5d08670d29b6f6d060e03","fc257ced4151346f3eab61fe5e56dbd8ba9fee301c741c7872e59d10148bfe28"
"kimi_linear_48b.kda_g_b.dgrad.s524288.cp4",131072,128,4096,"nn",0.18169599771499634,0.18299519941210746,0.7564225695691064,66,32,1,0,148,0,"20260910-150310-39bafc","228e3d7b176baa98307e15dd5e01f34b67a62c0b98f5d08670d29b6f6d060e03","fc257ced4151346f3eab61fe5e56dbd8ba9fee301c741c7872e59d10148bfe28"
"kimi_linear_48b.mla_kv_b.dgrad.s16384.cp4",4096,512,8192,"nn",0.03548799827694893,0.036742400377988815,0.968207282356588,66,20,1,0,148,0.008115376512257673,"20260910-150310-39bafc","228e3d7b176baa98307e15dd5e01f34b67a62c0b98f5d08670d29b6f6d060e03","fc257ced4151346f3eab61fe5e56dbd8ba9fee301c741c7872e59d10148bfe28"
"kimi_linear_48b.mla_kv_b.dgrad.s16384.cp8",2048,512,8192,"nn",0.02051199972629547,0.021539200097322464,0.8375521359809777,66,17,1,0,148,0.009360445814387844,"20260910-150310-39bafc","228e3d7b176baa98307e15dd5e01f34b67a62c0b98f5d08670d29b6f6d060e03","fc257ced4151346f3eab61fe5e56dbd8ba9fee301c741c7872e59d10148bfe28"
"kimi_linear_48b.mla_kv_b.dgrad.s65536.cp4",16384,512,8192,"nn",0.1151839978992939,0.1173711996525526,1.1932122167886876,66,513,1,0,148,0.0011112739355258656,"20260910-150310-39bafc","228e3d7b176baa98307e15dd5e01f34b67a62c0b98f5d08670d29b6f6d060e03","fc257ced4151346f3eab61fe5e56dbd8ba9fee301c741c7872e59d10148bfe28"
"kimi_linear_48b.mla_kv_b.dgrad.s131072.cp8",16384,512,8192,"nn",0.1151839978992939,0.1173711996525526,1.1932122167886876,66,513,1,0,148,0.0011112739355258656,"20260910-150310-39bafc","228e3d7b176baa98307e15dd5e01f34b67a62c0b98f5d08670d29b6f6d060e03","fc257ced4151346f3eab61fe5e56dbd8ba9fee301c741c7872e59d10148bfe28"
"kimi_linear_48b.mla_kv_b.dgrad.s65536.cp8",8192,512,8192,"nn",0.06497600302100182,0.0667440015822649,1.057613173186233,66,23,1,0,148,0.004432324689168812,"20260910-150310-39bafc","228e3d7b176baa98307e15dd5e01f34b67a62c0b98f5d08670d29b6f6d060e03","fc257ced4151346f3eab61fe5e56dbd8ba9fee301c741c7872e59d10148bfe28"
"kimi_linear_48b.mla_kv_b.dgrad.s131072.cp4",32768,512,8192,"nn",0.23110400140285492,0.23381279557943344,1.1894121489694134,66,32,1,0,148,0.004430874800367551,"20260910-150310-39bafc","228e3d7b176baa98307e15dd5e01f34b67a62c0b98f5d08670d29b6f6d060e03","fc257ced4151346f3eab61fe5e56dbd8ba9fee301c741c7872e59d10148bfe28"
"kimi_linear_48b.mla_kv_b.dgrad.s262144.cp8",32768,512,8192,"nn",0.23110400140285492,0.23381279557943344,1.1894121489694134,66,32,1,0,148,0.004430874800367551,"20260910-150310-39bafc","228e3d7b176baa98307e15dd5e01f34b67a62c0b98f5d08670d29b6f6d060e03","fc257ced4151346f3eab61fe5e56dbd8ba9fee301c741c7872e59d10148bfe28"
"kimi_linear_48b.mla_kv_b.dgrad.s262144.cp4",65536,512,8192,"nn",0.4697439968585968,0.47244000285863874,1.1703306855744418,66,20,1,0,148,0.01015023924956698,"20260910-150310-39bafc","228e3d7b176baa98307e15dd5e01f34b67a62c0b98f5d08670d29b6f6d060e03","fc257ced4151346f3eab61fe5e56dbd8ba9fee301c741c7872e59d10148bfe28"
"kimi_linear_48b.mla_kv_b.dgrad.s524288.cp8",65536,512,8192,"nn",0.4697439968585968,0.47244000285863874,1.1703306855744418,66,20,1,0,148,0.01015023924956698,"20260910-150310-39bafc","228e3d7b176baa98307e15dd5e01f34b67a62c0b98f5d08670d29b6f6d060e03","fc257ced4151346f3eab61fe5e56dbd8ba9fee301c741c7872e59d10148bfe28"
"kimi_linear_48b.mla_kv_b.dgrad.s524288.cp4",131072,512,8192,"nn",0.8054240047931671,0.8221343934535981,1.3651339185729319,66,513,1,0,148,0.0017083836792190499,"20260910-150310-39bafc","228e3d7b176baa98307e15dd5e01f34b67a62c0b98f5d08670d29b6f6d060e03","fc257ced4151346f3eab61fe5e56dbd8ba9fee301c741c7872e59d10148bfe28"
"artificial_small.qkv.wgrad.s16384.cp4",4096,4096,4096,"tn",0.10691200196743011,0.10863040015101433,1.28553343818096,66,23,1,0,148,0.0011972554278250802,"20260910-150324-a0b36f","228e3d7b176baa98307e15dd5e01f34b67a62c0b98f5d08670d29b6f6d060e03","fc257ced4151346f3eab61fe5e56dbd8ba9fee301c741c7872e59d10148bfe28"
"representative_small.oproj.wgrad.s16384.cp4",4096,4096,4096,"tn",0.10691200196743011,0.10863040015101433,1.28553343818096,66,23,1,0,148,0.0011972554278250802,"20260910-150324-a0b36f","228e3d7b176baa98307e15dd5e01f34b67a62c0b98f5d08670d29b6f6d060e03","fc257ced4151346f3eab61fe5e56dbd8ba9fee301c741c7872e59d10148bfe28"
"llama3_8b.oproj.wgrad.s16384.cp4",4096,4096,4096,"tn",0.10691200196743011,0.10863040015101433,1.28553343818096,66,23,1,0,148,0.0011972554278250802,"20260910-150324-a0b36f","228e3d7b176baa98307e15dd5e01f34b67a62c0b98f5d08670d29b6f6d060e03","fc257ced4151346f3eab61fe5e56dbd8ba9fee301c741c7872e59d10148bfe28"
"artificial_small.qkv.wgrad.s16384.cp8",4096,4096,2048,"tn",0.0599839985370636,0.06154559925198555,1.1456301415708197,66,20,1,0,148,0.004267775244456656,"20260910-150324-a0b36f","228e3d7b176baa98307e15dd5e01f34b67a62c0b98f5d08670d29b6f6d060e03","fc257ced4151346f3eab61fe5e56dbd8ba9fee301c741c7872e59d10148bfe28"
"representative_small.oproj.wgrad.s16384.cp8",4096,4096,2048,"tn",0.0599839985370636,0.06154559925198555,1.1456301415708197,66,20,1,0,148,0.004267775244456656,"20260910-150324-a0b36f","228e3d7b176baa98307e15dd5e01f34b67a62c0b98f5d08670d29b6f6d060e03","fc257ced4151346f3eab61fe5e56dbd8ba9fee301c741c7872e59d10148bfe28"
"llama3_8b.oproj.wgrad.s16384.cp8",4096,4096,2048,"tn",0.0599839985370636,0.06154559925198555,1.1456301415708197,66,20,1,0,148,0.004267775244456656,"20260910-150324-a0b36f","228e3d7b176baa98307e15dd5e01f34b67a62c0b98f5d08670d29b6f6d060e03","fc257ced4151346f3eab61fe5e56dbd8ba9fee301c741c7872e59d10148bfe28"
"artificial_small.qkv.wgrad.s65536.cp4",4096,4096,16384,"tn",0.4102399945259094,0.41651519685983657,1.3400834175695642,66,23,1,0,148,0.001013993812007959,"20260910-150324-a0b36f","228e3d7b176baa98307e15dd5e01f34b67a62c0b98f5d08670d29b6f6d060e03","fc257ced4151346f3eab61fe5e56dbd8ba9fee301c741c7872e59d10148bfe28"
"artificial_small.qkv.wgrad.s131072.cp8",4096,4096,16384,"tn",0.4102399945259094,0.41651519685983657,1.3400834175695642,66,23,1,0,148,0.001013993812007959,"20260910-150324-a0b36f","228e3d7b176baa98307e15dd5e01f34b67a62c0b98f5d08670d29b6f6d060e03","fc257ced4151346f3eab61fe5e56dbd8ba9fee301c741c7872e59d10148bfe28"
"representative_small.oproj.wgrad.s65536.cp4",4096,4096,16384,"tn",0.4102399945259094,0.41651519685983657,1.3400834175695642,66,23,1,0,148,0.001013993812007959,"20260910-150324-a0b36f","228e3d7b176baa98307e15dd5e01f34b67a62c0b98f5d08670d29b6f6d060e03","fc257ced4151346f3eab61fe5e56dbd8ba9fee301c741c7872e59d10148bfe28"
"representative_small.oproj.wgrad.s131072.cp8",4096,4096,16384,"tn",0.4102399945259094,0.41651519685983657,1.3400834175695642,66,23,1,0,148,0.001013993812007959,"20260910-150324-a0b36f","228e3d7b176baa98307e15dd5e01f34b67a62c0b98f5d08670d29b6f6d060e03","fc257ced4151346f3eab61fe5e56dbd8ba9fee301c741c7872e59d10148bfe28"
"llama3_8b.oproj.wgrad.s65536.cp4",4096,4096,16384,"tn",0.4102399945259094,0.41651519685983657,1.3400834175695642,66,23,1,0,148,0.001013993812007959,"20260910-150324-a0b36f","228e3d7b176baa98307e15dd5e01f34b67a62c0b98f5d08670d29b6f6d060e03","fc257ced4151346f3eab61fe5e56dbd8ba9fee301c741c7872e59d10148bfe28"
"llama3_8b.oproj.wgrad.s131072.cp8",4096,4096,16384,"tn",0.4102399945259094,0.41651519685983657,1.3400834175695642,66,23,1,0,148,0.001013993812007959,"20260910-150324-a0b36f","228e3d7b176baa98307e15dd5e01f34b67a62c0b98f5d08670d29b6f6d060e03","fc257ced4151346f3eab61fe5e56dbd8ba9fee301c741c7872e59d10148bfe28"
"artificial_small.qkv.wgrad.s65536.cp8",4096,4096,8192,"tn",0.21747200191020966,0.2233615979552269,1.2639691754780105,66,20,1,0,148,0.003237154453256028,"20260910-150324-a0b36f","228e3d7b176baa98307e15dd5e01f34b67a62c0b98f5d08670d29b6f6d060e03","fc257ced4151346f3eab61fe5e56dbd8ba9fee301c741c7872e59d10148bfe28"
"representative_small.oproj.wgrad.s65536.cp8",4096,4096,8192,"tn",0.21747200191020966,0.2233615979552269,1.2639691754780105,66,20,1,0,148,0.003237154453256028,"20260910-150324-a0b36f","228e3d7b176baa98307e15dd5e01f34b67a62c0b98f5d08670d29b6f6d060e03","fc257ced4151346f3eab61fe5e56dbd8ba9fee301c741c7872e59d10148bfe28"
"llama3_8b.oproj.wgrad.s65536.cp8",4096,4096,8192,"tn",0.21747200191020966,0.2233615979552269,1.2639691754780105,66,20,1,0,148,0.003237154453256028,"20260910-150324-a0b36f","228e3d7b176baa98307e15dd5e01f34b67a62c0b98f5d08670d29b6f6d060e03","fc257ced4151346f3eab61fe5e56dbd8ba9fee301c741c7872e59d10148bfe28"
"artificial_small.qkv.wgrad.s131072.cp4",4096,4096,32768,"tn",0.7597119808197021,0.7831632047891617,1.447274303334885,66,447,1,0,148,0.021818784652450067,"20260910-150324-a0b36f","228e3d7b176baa98307e15dd5e01f34b67a62c0b98f5d08670d29b6f6d060e03","fc257ced4151346f3eab61fe5e56dbd8ba9fee301c741c7872e59d10148bfe28"
"artificial_small.qkv.wgrad.s262144.cp8",4096,4096,32768,"tn",0.7597119808197021,0.7831632047891617,1.447274303334885,66,447,1,0,148,0.021818784652450067,"20260910-150324-a0b36f","228e3d7b176baa98307e15dd5e01f34b67a62c0b98f5d08670d29b6f6d060e03","fc257ced4151346f3eab61fe5e56dbd8ba9fee301c741c7872e59d10148bfe28"
"representative_small.oproj.wgrad.s131072.cp4",4096,4096,32768,"tn",0.7597119808197021,0.7831632047891617,1.447274303334885,66,447,1,0,148,0.021818784652450067,"20260910-150324-a0b36f","228e3d7b176baa98307e15dd5e01f34b67a62c0b98f5d08670d29b6f6d060e03","fc257ced4151346f3eab61fe5e56dbd8ba9fee301c741c7872e59d10148bfe28"
"representative_small.oproj.wgrad.s262144.cp8",4096,4096,32768,"tn",0.7597119808197021,0.7831632047891617,1.447274303334885,66,447,1,0,148,0.021818784652450067,"20260910-150324-a0b36f","228e3d7b176baa98307e15dd5e01f34b67a62c0b98f5d08670d29b6f6d060e03","fc257ced4151346f3eab61fe5e56dbd8ba9fee301c741c7872e59d10148bfe28"
"llama3_8b.oproj.wgrad.s131072.cp4",4096,4096,32768,"tn",0.7597119808197021,0.7831632047891617,1.447274303334885,66,447,1,0,148,0.021818784652450067,"20260910-150324-a0b36f","228e3d7b176baa98307e15dd5e01f34b67a62c0b98f5d08670d29b6f6d060e03","fc257ced4151346f3eab61fe5e56dbd8ba9fee301c741c7872e59d10148bfe28"
"llama3_8b.oproj.wgrad.s262144.cp8",4096,4096,32768,"tn",0.7597119808197021,0.7831632047891617,1.447274303334885,66,447,1,0,148,0.021818784652450067,"20260910-150324-a0b36f","228e3d7b176baa98307e15dd5e01f34b67a62c0b98f5d08670d29b6f6d060e03","fc257ced4151346f3eab61fe5e56dbd8ba9fee301c741c7872e59d10148bfe28"
"artificial_small.qkv.wgrad.s262144.cp4",4096,4096,65536,"tn",1.4832159876823425,1.501918411254883,1.482604876035735,66,513,1,0,148,0.011844527267967048,"20260910-150324-a0b36f","228e3d7b176baa98307e15dd5e01f34b67a62c0b98f5d08670d29b6f6d060e03","fc257ced4151346f3eab61fe5e56dbd8ba9fee301c741c7872e59d10148bfe28"
"artificial_small.qkv.wgrad.s524288.cp8",4096,4096,65536,"tn",1.4832159876823425,1.501918411254883,1.482604876035735,66,513,1,0,148,0.011844527267967048,"20260910-150324-a0b36f","228e3d7b176baa98307e15dd5e01f34b67a62c0b98f5d08670d29b6f6d060e03","fc257ced4151346f3eab61fe5e56dbd8ba9fee301c741c7872e59d10148bfe28"
"representative_small.oproj.wgrad.s262144.cp4",4096,4096,65536,"tn",1.4832159876823425,1.501918411254883,1.482604876035735,66,513,1,0,148,0.011844527267967048,"20260910-150324-a0b36f","228e3d7b176baa98307e15dd5e01f34b67a62c0b98f5d08670d29b6f6d060e03","fc257ced4151346f3eab61fe5e56dbd8ba9fee301c741c7872e59d10148bfe28"
"representative_small.oproj.wgrad.s524288.cp8",4096,4096,65536,"tn",1.4832159876823425,1.501918411254883,1.482604876035735,66,513,1,0,148,0.011844527267967048,"20260910-150324-a0b36f","228e3d7b176baa98307e15dd5e01f34b67a62c0b98f5d08670d29b6f6d060e03","fc257ced4151346f3eab61fe5e56dbd8ba9fee301c741c7872e59d10148bfe28"
"llama3_8b.oproj.wgrad.s262144.cp4",4096,4096,65536,"tn",1.4832159876823425,1.501918411254883,1.482604876035735,66,513,1,0,148,0.011844527267967048,"20260910-150324-a0b36f","228e3d7b176baa98307e15dd5e01f34b67a62c0b98f5d08670d29b6f6d060e03","fc257ced4151346f3eab61fe5e56dbd8ba9fee301c741c7872e59d10148bfe28"
"llama3_8b.oproj.wgrad.s524288.cp8",4096,4096,65536,"tn",1.4832159876823425,1.501918411254883,1.482604876035735,66,513,1,0,148,0.011844527267967048,"20260910-150324-a0b36f","228e3d7b176baa98307e15dd5e01f34b67a62c0b98f5d08670d29b6f6d060e03","fc257ced4151346f3eab61fe5e56dbd8ba9fee301c741c7872e59d10148bfe28"
"artificial_small.qkv.wgrad.s524288.cp4",4096,4096,131072,"tn",3.1128640174865723,3.171684813499451,1.4128617525204734,66,210,2,134217744,148,0.01730115228681208,"20260910-150324-a0b36f","228e3d7b176baa98307e15dd5e01f34b67a62c0b98f5d08670d29b6f6d060e03","fc257ced4151346f3eab61fe5e56dbd8ba9fee301c741c7872e59d10148bfe28"
"representative_small.oproj.wgrad.s524288.cp4",4096,4096,131072,"tn",3.1128640174865723,3.171684813499451,1.4128617525204734,66,210,2,134217744,148,0.01730115228681208,"20260910-150324-a0b36f","228e3d7b176baa98307e15dd5e01f34b67a62c0b98f5d08670d29b6f6d060e03","fc257ced4151346f3eab61fe5e56dbd8ba9fee301c741c7872e59d10148bfe28"
"llama3_8b.oproj.wgrad.s524288.cp4",4096,4096,131072,"tn",3.1128640174865723,3.171684813499451,1.4128617525204734,66,210,2,134217744,148,0.01730115228681208,"20260910-150324-a0b36f","228e3d7b176baa98307e15dd5e01f34b67a62c0b98f5d08670d29b6f6d060e03","fc257ced4151346f3eab61fe5e56dbd8ba9fee301c741c7872e59d10148bfe28"
"artificial_medium.qkv.wgrad.s16384.cp4",5120,5120,4096,"tn",0.17003200203180313,0.17362879514694213,1.2629879212963275,66,20,1,0,148,0.0001881574803618846,"20260910-150324-a0b36f","228e3d7b176baa98307e15dd5e01f34b67a62c0b98f5d08670d29b6f6d060e03","fc257ced4151346f3eab61fe5e56dbd8ba9fee301c741c7872e59d10148bfe28"
"representative_medium.oproj.wgrad.s16384.cp4",5120,5120,4096,"tn",0.17003200203180313,0.17362879514694213,1.2629879212963275,66,20,1,0,148,0.0001881574803618846,"20260910-150324-a0b36f","228e3d7b176baa98307e15dd5e01f34b67a62c0b98f5d08670d29b6f6d060e03","fc257ced4151346f3eab61fe5e56dbd8ba9fee301c741c7872e59d10148bfe28"
"qwen25_14b_32b.oproj.wgrad.s16384.cp4",5120,5120,4096,"tn",0.17003200203180313,0.17362879514694213,1.2629879212963275,66,20,1,0,148,0.0001881574803618846,"20260910-150324-a0b36f","228e3d7b176baa98307e15dd5e01f34b67a62c0b98f5d08670d29b6f6d060e03","fc257ced4151346f3eab61fe5e56dbd8ba9fee301c741c7872e59d10148bfe28"
"artificial_medium.qkv.wgrad.s16384.cp8",5120,5120,2048,"tn",0.09097599983215332,0.09273919835686684,1.180247346532059,66,20,1,0,148,0.0007034875950322474,"20260910-150324-a0b36f","228e3d7b176baa98307e15dd5e01f34b67a62c0b98f5d08670d29b6f6d060e03","fc257ced4151346f3eab61fe5e56dbd8ba9fee301c741c7872e59d10148bfe28"
"representative_medium.oproj.wgrad.s16384.cp8",5120,5120,2048,"tn",0.09097599983215332,0.09273919835686684,1.180247346532059,66,20,1,0,148,0.0007034875950322474,"20260910-150324-a0b36f","228e3d7b176baa98307e15dd5e01f34b67a62c0b98f5d08670d29b6f6d060e03","fc257ced4151346f3eab61fe5e56dbd8ba9fee301c741c7872e59d10148bfe28"
"qwen25_14b_32b.oproj.wgrad.s16384.cp8",5120,5120,2048,"tn",0.09097599983215332,0.09273919835686684,1.180247346532059,66,20,1,0,148,0.0007034875950322474,"20260910-150324-a0b36f","228e3d7b176baa98307e15dd5e01f34b67a62c0b98f5d08670d29b6f6d060e03","fc257ced4151346f3eab61fe5e56dbd8ba9fee301c741c7872e59d10148bfe28"
"artificial_medium.qkv.wgrad.s65536.cp4",5120,5120,16384,"tn",0.6115039885044098,0.6184144020080566,1.4047225780176664,66,513,1,0,148,0.0015175448271035515,"20260910-150324-a0b36f","228e3d7b176baa98307e15dd5e01f34b67a62c0b98f5d08670d29b6f6d060e03","fc257ced4151346f3eab61fe5e56dbd8ba9fee301c741c7872e59d10148bfe28"
"artificial_medium.qkv.wgrad.s131072.cp8",5120,5120,16384,"tn",0.6115039885044098,0.6184144020080566,1.4047225780176664,66,513,1,0,148,0.0015175448271035515,"20260910-150324-a0b36f","228e3d7b176baa98307e15dd5e01f34b67a62c0b98f5d08670d29b6f6d060e03","fc257ced4151346f3eab61fe5e56dbd8ba9fee301c741c7872e59d10148bfe28"
"representative_medium.oproj.wgrad.s65536.cp4",5120,5120,16384,"tn",0.6115039885044098,0.6184144020080566,1.4047225780176664,66,513,1,0,148,0.0015175448271035515,"20260910-150324-a0b36f","228e3d7b176baa98307e15dd5e01f34b67a62c0b98f5d08670d29b6f6d060e03","fc257ced4151346f3eab61fe5e56dbd8ba9fee301c741c7872e59d10148bfe28"
"representative_medium.oproj.wgrad.s131072.cp8",5120,5120,16384,"tn",0.6115039885044098,0.6184144020080566,1.4047225780176664,66,513,1,0,148,0.0015175448271035515,"20260910-150324-a0b36f","228e3d7b176baa98307e15dd5e01f34b67a62c0b98f5d08670d29b6f6d060e03","fc257ced4151346f3eab61fe5e56dbd8ba9fee301c741c7872e59d10148bfe28"
"qwen25_14b_32b.oproj.wgrad.s65536.cp4",5120,5120,16384,"tn",0.6115039885044098,0.6184144020080566,1.4047225780176664,66,513,1,0,148,0.0015175448271035515,"20260910-150324-a0b36f","228e3d7b176baa98307e15dd5e01f34b67a62c0b98f5d08670d29b6f6d060e03","fc257ced4151346f3eab61fe5e56dbd8ba9fee301c741c7872e59d10148bfe28"
"qwen25_14b_32b.oproj.wgrad.s131072.cp8",5120,5120,16384,"tn",0.6115039885044098,0.6184144020080566,1.4047225780176664,66,513,1,0,148,0.0015175448271035515,"20260910-150324-a0b36f","228e3d7b176baa98307e15dd5e01f34b67a62c0b98f5d08670d29b6f6d060e03","fc257ced4151346f3eab61fe5e56dbd8ba9fee301c741c7872e59d10148bfe28"
"artificial_medium.qkv.wgrad.s65536.cp8",5120,5120,8192,"tn",0.33856000006198883,0.341027195751667,1.2685985630947574,66,20,1,0,148,0.002646522986832481,"20260910-150324-a0b36f","228e3d7b176baa98307e15dd5e01f34b67a62c0b98f5d08670d29b6f6d060e03","fc257ced4151346f3eab61fe5e56dbd8ba9fee301c741c7872e59d10148bfe28"
"representative_medium.oproj.wgrad.s65536.cp8",5120,5120,8192,"tn",0.33856000006198883,0.341027195751667,1.2685985630947574,66,20,1,0,148,0.002646522986832481,"20260910-150324-a0b36f","228e3d7b176baa98307e15dd5e01f34b67a62c0b98f5d08670d29b6f6d060e03","fc257ced4151346f3eab61fe5e56dbd8ba9fee301c741c7872e59d10148bfe28"
"qwen25_14b_32b.oproj.wgrad.s65536.cp8",5120,5120,8192,"tn",0.33856000006198883,0.341027195751667,1.2685985630947574,66,20,1,0,148,0.002646522986832481,"20260910-150324-a0b36f","228e3d7b176baa98307e15dd5e01f34b67a62c0b98f5d08670d29b6f6d060e03","fc257ced4151346f3eab61fe5e56dbd8ba9fee301c741c7872e59d10148bfe28"
"artificial_medium.qkv.wgrad.s131072.cp4",5120,5120,32768,"tn",1.2074399590492249,1.231819176673889,1.4228342415906092,66,535,1,0,148,0.011740551552288264,"20260910-150324-a0b36f","228e3d7b176baa98307e15dd5e01f34b67a62c0b98f5d08670d29b6f6d060e03","fc257ced4151346f3eab61fe5e56dbd8ba9fee301c741c7872e59d10148bfe28"
"artificial_medium.qkv.wgrad.s262144.cp8",5120,5120,32768,"tn",1.2074399590492249,1.231819176673889,1.4228342415906092,66,535,1,0,148,0.011740551552288264,"20260910-150324-a0b36f","228e3d7b176baa98307e15dd5e01f34b67a62c0b98f5d08670d29b6f6d060e03","fc257ced4151346f3eab61fe5e56dbd8ba9fee301c741c7872e59d10148bfe28"
"representative_medium.oproj.wgrad.s131072.cp4",5120,5120,32768,"tn",1.2074399590492249,1.231819176673889,1.4228342415906092,66,535,1,0,148,0.011740551552288264,"20260910-150324-a0b36f","228e3d7b176baa98307e15dd5e01f34b67a62c0b98f5d08670d29b6f6d060e03","fc257ced4151346f3eab61fe5e56dbd8ba9fee301c741c7872e59d10148bfe28"
"representative_medium.oproj.wgrad.s262144.cp8",5120,5120,32768,"tn",1.2074399590492249,1.231819176673889,1.4228342415906092,66,535,1,0,148,0.011740551552288264,"20260910-150324-a0b36f","228e3d7b176baa98307e15dd5e01f34b67a62c0b98f5d08670d29b6f6d060e03","fc257ced4151346f3eab61fe5e56dbd8ba9fee301c741c7872e59d10148bfe28"
"qwen25_14b_32b.oproj.wgrad.s131072.cp4",5120,5120,32768,"tn",1.2074399590492249,1.231819176673889,1.4228342415906092,66,535,1,0,148,0.011740551552288264,"20260910-150324-a0b36f","228e3d7b176baa98307e15dd5e01f34b67a62c0b98f5d08670d29b6f6d060e03","fc257ced4151346f3eab61fe5e56dbd8ba9fee301c741c7872e59d10148bfe28"
"qwen25_14b_32b.oproj.wgrad.s262144.cp8",5120,5120,32768,"tn",1.2074399590492249,1.231819176673889,1.4228342415906092,66,535,1,0,148,0.011740551552288264,"20260910-150324-a0b36f","228e3d7b176baa98307e15dd5e01f34b67a62c0b98f5d08670d29b6f6d060e03","fc257ced4151346f3eab61fe5e56dbd8ba9fee301c741c7872e59d10148bfe28"
"artificial_medium.qkv.wgrad.s262144.cp4",5120,5120,65536,"tn",2.3702880144119263,2.3829535841941833,1.4496018272498723,66,513,1,0,148,0.0006750348795682352,"20260910-150324-a0b36f","228e3d7b176baa98307e15dd5e01f34b67a62c0b98f5d08670d29b6f6d060e03","fc257ced4151346f3eab61fe5e56dbd8ba9fee301c741c7872e59d10148bfe28"
"artificial_medium.qkv.wgrad.s524288.cp8",5120,5120,65536,"tn",2.3702880144119263,2.3829535841941833,1.4496018272498723,66,513,1,0,148,0.0006750348795682352,"20260910-150324-a0b36f","228e3d7b176baa98307e15dd5e01f34b67a62c0b98f5d08670d29b6f6d060e03","fc257ced4151346f3eab61fe5e56dbd8ba9fee301c741c7872e59d10148bfe28"
"representative_medium.oproj.wgrad.s262144.cp4",5120,5120,65536,"tn",2.3702880144119263,2.3829535841941833,1.4496018272498723,66,513,1,0,148,0.0006750348795682352,"20260910-150324-a0b36f","228e3d7b176baa98307e15dd5e01f34b67a62c0b98f5d08670d29b6f6d060e03","fc257ced4151346f3eab61fe5e56dbd8ba9fee301c741c7872e59d10148bfe28"
"representative_medium.oproj.wgrad.s524288.cp8",5120,5120,65536,"tn",2.3702880144119263,2.3829535841941833,1.4496018272498723,66,513,1,0,148,0.0006750348795682352,"20260910-150324-a0b36f","228e3d7b176baa98307e15dd5e01f34b67a62c0b98f5d08670d29b6f6d060e03","fc257ced4151346f3eab61fe5e56dbd8ba9fee301c741c7872e59d10148bfe28"
"qwen25_14b_32b.oproj.wgrad.s262144.cp4",5120,5120,65536,"tn",2.3702880144119263,2.3829535841941833,1.4496018272498723,66,513,1,0,148,0.0006750348795682352,"20260910-150324-a0b36f","228e3d7b176baa98307e15dd5e01f34b67a62c0b98f5d08670d29b6f6d060e03","fc257ced4151346f3eab61fe5e56dbd8ba9fee301c741c7872e59d10148bfe28"
"qwen25_14b_32b.oproj.wgrad.s524288.cp8",5120,5120,65536,"tn",2.3702880144119263,2.3829535841941833,1.4496018272498723,66,513,1,0,148,0.0006750348795682352,"20260910-150324-a0b36f","228e3d7b176baa98307e15dd5e01f34b67a62c0b98f5d08670d29b6f6d060e03","fc257ced4151346f3eab61fe5e56dbd8ba9fee301c741c7872e59d10148bfe28"
"artificial_medium.qkv.wgrad.s524288.cp4",5120,5120,131072,"tn",4.672528028488159,4.730302572250366,1.4707129912762629,66,513,1,0,148,0.0043488104374716135,"20260910-150324-a0b36f","228e3d7b176baa98307e15dd5e01f34b67a62c0b98f5d08670d29b6f6d060e03","fc257ced4151346f3eab61fe5e56dbd8ba9fee301c741c7872e59d10148bfe28"
"representative_medium.oproj.wgrad.s524288.cp4",5120,5120,131072,"tn",4.672528028488159,4.730302572250366,1.4707129912762629,66,513,1,0,148,0.0043488104374716135,"20260910-150324-a0b36f","228e3d7b176baa98307e15dd5e01f34b67a62c0b98f5d08670d29b6f6d060e03","fc257ced4151346f3eab61fe5e56dbd8ba9fee301c741c7872e59d10148bfe28"
"qwen25_14b_32b.oproj.wgrad.s524288.cp4",5120,5120,131072,"tn",4.672528028488159,4.730302572250366,1.4707129912762629,66,513,1,0,148,0.0043488104374716135,"20260910-150324-a0b36f","228e3d7b176baa98307e15dd5e01f34b67a62c0b98f5d08670d29b6f6d060e03","fc257ced4151346f3eab61fe5e56dbd8ba9fee301c741c7872e59d10148bfe28"
"artificial_large.qkv.wgrad.s16384.cp4",7168,16384,4096,"tn",0.7100799977779388,0.71630400121212,1.3548792774259586,66,24,1,0,148,0.0013068734753999682,"20260910-150324-a0b36f","228e3d7b176baa98307e15dd5e01f34b67a62c0b98f5d08670d29b6f6d060e03","fc257ced4151346f3eab61fe5e56dbd8ba9fee301c741c7872e59d10148bfe28"
"representative_large.oproj.wgrad.s16384.cp4",7168,16384,4096,"tn",0.7100799977779388,0.71630400121212,1.3548792774259586,66,24,1,0,148,0.0013068734753999682,"20260910-150324-a0b36f","228e3d7b176baa98307e15dd5e01f34b67a62c0b98f5d08670d29b6f6d060e03","fc257ced4151346f3eab61fe5e56dbd8ba9fee301c741c7872e59d10148bfe28"
"deepseek_v3.mla_o.wgrad.s16384.cp4",7168,16384,4096,"tn",0.7100799977779388,0.71630400121212,1.3548792774259586,66,24,1,0,148,0.0013068734753999682,"20260910-150324-a0b36f","228e3d7b176baa98307e15dd5e01f34b67a62c0b98f5d08670d29b6f6d060e03","fc257ced4151346f3eab61fe5e56dbd8ba9fee301c741c7872e59d10148bfe28"
"artificial_large.qkv.wgrad.s16384.cp8",7168,16384,2048,"tn",0.3568959981203079,0.36360480040311816,1.3478333735472288,66,32,1,0,148,0.0010759518907130154,"20260910-150324-a0b36f","228e3d7b176baa98307e15dd5e01f34b67a62c0b98f5d08670d29b6f6d060e03","fc257ced4151346f3eab61fe5e56dbd8ba9fee301c741c7872e59d10148bfe28"
"representative_large.oproj.wgrad.s16384.cp8",7168,16384,2048,"tn",0.3568959981203079,0.36360480040311816,1.3478333735472288,66,32,1,0,148,0.0010759518907130154,"20260910-150324-a0b36f","228e3d7b176baa98307e15dd5e01f34b67a62c0b98f5d08670d29b6f6d060e03","fc257ced4151346f3eab61fe5e56dbd8ba9fee301c741c7872e59d10148bfe28"
"deepseek_v3.mla_o.wgrad.s16384.cp8",7168,16384,2048,"tn",0.3568959981203079,0.36360480040311816,1.3478333735472288,66,32,1,0,148,0.0010759518907130154,"20260910-150324-a0b36f","228e3d7b176baa98307e15dd5e01f34b67a62c0b98f5d08670d29b6f6d060e03","fc257ced4151346f3eab61fe5e56dbd8ba9fee301c741c7872e59d10148bfe28"
"artificial_large.qkv.wgrad.s65536.cp4",7168,16384,16384,"tn",2.6231839656829834,2.6481024265289306,1.4670304285021973,66,513,1,0,148,0.009881089006602268,"20260910-150324-a0b36f","228e3d7b176baa98307e15dd5e01f34b67a62c0b98f5d08670d29b6f6d060e03","fc257ced4151346f3eab61fe5e56dbd8ba9fee301c741c7872e59d10148bfe28"
"artificial_large.qkv.wgrad.s131072.cp8",7168,16384,16384,"tn",2.6231839656829834,2.6481024265289306,1.4670304285021973,66,513,1,0,148,0.009881089006602268,"20260910-150324-a0b36f","228e3d7b176baa98307e15dd5e01f34b67a62c0b98f5d08670d29b6f6d060e03","fc257ced4151346f3eab61fe5e56dbd8ba9fee301c741c7872e59d10148bfe28"
"representative_large.oproj.wgrad.s65536.cp4",7168,16384,16384,"tn",2.6231839656829834,2.6481024265289306,1.4670304285021973,66,513,1,0,148,0.009881089006602268,"20260910-150324-a0b36f","228e3d7b176baa98307e15dd5e01f34b67a62c0b98f5d08670d29b6f6d060e03","fc257ced4151346f3eab61fe5e56dbd8ba9fee301c741c7872e59d10148bfe28"
"representative_large.oproj.wgrad.s131072.cp8",7168,16384,16384,"tn",2.6231839656829834,2.6481024265289306,1.4670304285021973,66,513,1,0,148,0.009881089006602268,"20260910-150324-a0b36f","228e3d7b176baa98307e15dd5e01f34b67a62c0b98f5d08670d29b6f6d060e03","fc257ced4151346f3eab61fe5e56dbd8ba9fee301c741c7872e59d10148bfe28"
"deepseek_v3.mla_o.wgrad.s65536.cp4",7168,16384,16384,"tn",2.6231839656829834,2.6481024265289306,1.4670304285021973,66,513,1,0,148,0.009881089006602268,"20260910-150324-a0b36f","228e3d7b176baa98307e15dd5e01f34b67a62c0b98f5d08670d29b6f6d060e03","fc257ced4151346f3eab61fe5e56dbd8ba9fee301c741c7872e59d10148bfe28"
"deepseek_v3.mla_o.wgrad.s131072.cp8",7168,16384,16384,"tn",2.6231839656829834,2.6481024265289306,1.4670304285021973,66,513,1,0,148,0.009881089006602268,"20260910-150324-a0b36f","228e3d7b176baa98307e15dd5e01f34b67a62c0b98f5d08670d29b6f6d060e03","fc257ced4151346f3eab61fe5e56dbd8ba9fee301c741c7872e59d10148bfe28"
"artificial_large.qkv.wgrad.s65536.cp8",7168,16384,8192,"tn",1.3872320055961609,1.4067231833934783,1.3870393278455981,66,23,1,0,148,0.04117549575187063,"20260910-150324-a0b36f","228e3d7b176baa98307e15dd5e01f34b67a62c0b98f5d08670d29b6f6d060e03","fc257ced4151346f3eab61fe5e56dbd8ba9fee301c741c7872e59d10148bfe28"
"representative_large.oproj.wgrad.s65536.cp8",7168,16384,8192,"tn",1.3872320055961609,1.4067231833934783,1.3870393278455981,66,23,1,0,148,0.04117549575187063,"20260910-150324-a0b36f","228e3d7b176baa98307e15dd5e01f34b67a62c0b98f5d08670d29b6f6d060e03","fc257ced4151346f3eab61fe5e56dbd8ba9fee301c741c7872e59d10148bfe28"
"deepseek_v3.mla_o.wgrad.s65536.cp8",7168,16384,8192,"tn",1.3872320055961609,1.4067231833934783,1.3870393278455981,66,23,1,0,148,0.04117549575187063,"20260910-150324-a0b36f","228e3d7b176baa98307e15dd5e01f34b67a62c0b98f5d08670d29b6f6d060e03","fc257ced4151346f3eab61fe5e56dbd8ba9fee301c741c7872e59d10148bfe28"
"artificial_large.qkv.wgrad.s131072.cp4",7168,16384,32768,"tn",5.289247989654541,5.378486299514771,1.4551371781935847,66,513,1,0,148,0.023504292189658157,"20260910-150324-a0b36f","228e3d7b176baa98307e15dd5e01f34b67a62c0b98f5d08670d29b6f6d060e03","fc257ced4151346f3eab61fe5e56dbd8ba9fee301c741c7872e59d10148bfe28"
"artificial_large.qkv.wgrad.s262144.cp8",7168,16384,32768,"tn",5.289247989654541,5.378486299514771,1.4551371781935847,66,513,1,0,148,0.023504292189658157,"20260910-150324-a0b36f","228e3d7b176baa98307e15dd5e01f34b67a62c0b98f5d08670d29b6f6d060e03","fc257ced4151346f3eab61fe5e56dbd8ba9fee301c741c7872e59d10148bfe28"
"representative_large.oproj.wgrad.s131072.cp4",7168,16384,32768,"tn",5.289247989654541,5.378486299514771,1.4551371781935847,66,513,1,0,148,0.023504292189658157,"20260910-150324-a0b36f","228e3d7b176baa98307e15dd5e01f34b67a62c0b98f5d08670d29b6f6d060e03","fc257ced4151346f3eab61fe5e56dbd8ba9fee301c741c7872e59d10148bfe28"
"representative_large.oproj.wgrad.s262144.cp8",7168,16384,32768,"tn",5.289247989654541,5.378486299514771,1.4551371781935847,66,513,1,0,148,0.023504292189658157,"20260910-150324-a0b36f","228e3d7b176baa98307e15dd5e01f34b67a62c0b98f5d08670d29b6f6d060e03","fc257ced4151346f3eab61fe5e56dbd8ba9fee301c741c7872e59d10148bfe28"
"deepseek_v3.mla_o.wgrad.s131072.cp4",7168,16384,32768,"tn",5.289247989654541,5.378486299514771,1.4551371781935847,66,513,1,0,148,0.023504292189658157,"20260910-150324-a0b36f","228e3d7b176baa98307e15dd5e01f34b67a62c0b98f5d08670d29b6f6d060e03","fc257ced4151346f3eab61fe5e56dbd8ba9fee301c741c7872e59d10148bfe28"
"deepseek_v3.mla_o.wgrad.s262144.cp8",7168,16384,32768,"tn",5.289247989654541,5.378486299514771,1.4551371781935847,66,513,1,0,148,0.023504292189658157,"20260910-150324-a0b36f","228e3d7b176baa98307e15dd5e01f34b67a62c0b98f5d08670d29b6f6d060e03","fc257ced4151346f3eab61fe5e56dbd8ba9fee301c741c7872e59d10148bfe28"
"artificial_large.qkv.wgrad.s262144.cp4",7168,16384,65536,"tn",10.59273624420166,10.808404588699341,1.453180975528399,66,513,1,0,148,0.008721390070970513,"20260910-150324-a0b36f","228e3d7b176baa98307e15dd5e01f34b67a62c0b98f5d08670d29b6f6d060e03","fc257ced4151346f3eab61fe5e56dbd8ba9fee301c741c7872e59d10148bfe28"
"artificial_large.qkv.wgrad.s524288.cp8",7168,16384,65536,"tn",10.59273624420166,10.808404588699341,1.453180975528399,66,513,1,0,148,0.008721390070970513,"20260910-150324-a0b36f","228e3d7b176baa98307e15dd5e01f34b67a62c0b98f5d08670d29b6f6d060e03","fc257ced4151346f3eab61fe5e56dbd8ba9fee301c741c7872e59d10148bfe28"
"representative_large.oproj.wgrad.s262144.cp4",7168,16384,65536,"tn",10.59273624420166,10.808404588699341,1.453180975528399,66,513,1,0,148,0.008721390070970513,"20260910-150324-a0b36f","228e3d7b176baa98307e15dd5e01f34b67a62c0b98f5d08670d29b6f6d060e03","fc257ced4151346f3eab61fe5e56dbd8ba9fee301c741c7872e59d10148bfe28"
"representative_large.oproj.wgrad.s524288.cp8",7168,16384,65536,"tn",10.59273624420166,10.808404588699341,1.453180975528399,66,513,1,0,148,0.008721390070970513,"20260910-150324-a0b36f","228e3d7b176baa98307e15dd5e01f34b67a62c0b98f5d08670d29b6f6d060e03","fc257ced4151346f3eab61fe5e56dbd8ba9fee301c741c7872e59d10148bfe28"
"deepseek_v3.mla_o.wgrad.s262144.cp4",7168,16384,65536,"tn",10.59273624420166,10.808404588699341,1.453180975528399,66,513,1,0,148,0.008721390070970513,"20260910-150324-a0b36f","228e3d7b176baa98307e15dd5e01f34b67a62c0b98f5d08670d29b6f6d060e03","fc257ced4151346f3eab61fe5e56dbd8ba9fee301c741c7872e59d10148bfe28"
"deepseek_v3.mla_o.wgrad.s524288.cp8",7168,16384,65536,"tn",10.59273624420166,10.808404588699341,1.453180975528399,66,513,1,0,148,0.008721390070970513,"20260910-150324-a0b36f","228e3d7b176baa98307e15dd5e01f34b67a62c0b98f5d08670d29b6f6d060e03","fc257ced4151346f3eab61fe5e56dbd8ba9fee301c741c7872e59d10148bfe28"
"artificial_large.qkv.wgrad.s524288.cp4",7168,16384,131072,"tn",21.682095527648926,22.43233404159546,1.419896224443315,66,513,1,0,148,0.008952588098036866,"20260910-150324-a0b36f","228e3d7b176baa98307e15dd5e01f34b67a62c0b98f5d08670d29b6f6d060e03","fc257ced4151346f3eab61fe5e56dbd8ba9fee301c741c7872e59d10148bfe28"
"representative_large.oproj.wgrad.s524288.cp4",7168,16384,131072,"tn",21.682095527648926,22.43233404159546,1.419896224443315,66,513,1,0,148,0.008952588098036866,"20260910-150324-a0b36f","228e3d7b176baa98307e15dd5e01f34b67a62c0b98f5d08670d29b6f6d060e03","fc257ced4151346f3eab61fe5e56dbd8ba9fee301c741c7872e59d10148bfe28"
"deepseek_v3.mla_o.wgrad.s524288.cp4",7168,16384,131072,"tn",21.682095527648926,22.43233404159546,1.419896224443315,66,513,1,0,148,0.008952588098036866,"20260910-150324-a0b36f","228e3d7b176baa98307e15dd5e01f34b67a62c0b98f5d08670d29b6f6d060e03","fc257ced4151346f3eab61fe5e56dbd8ba9fee301c741c7872e59d10148bfe28"
"production_qwen_dense.qkv.wgrad.s16384.cp4",4096,2048,4096,"tn",0.058111999183893204,0.059945599921047685,1.1825350650653033,66,24,1,0,148,0.009361240787339398,"20260910-150324-a0b36f","228e3d7b176baa98307e15dd5e01f34b67a62c0b98f5d08670d29b6f6d060e03","fc257ced4151346f3eab61fe5e56dbd8ba9fee301c741c7872e59d10148bfe28"
"glm5.index_q.wgrad.s16384.cp4",4096,2048,4096,"tn",0.058111999183893204,0.059945599921047685,1.1825350650653033,66,24,1,0,148,0.009361240787339398,"20260910-150324-a0b36f","228e3d7b176baa98307e15dd5e01f34b67a62c0b98f5d08670d29b6f6d060e03","fc257ced4151346f3eab61fe5e56dbd8ba9fee301c741c7872e59d10148bfe28"
"production_qwen_dense.qkv.wgrad.s16384.cp8",4096,2048,2048,"tn",0.03161599859595299,0.032308800145983696,1.086783270935438,66,23,1,0,148,0.00910926367894821,"20260910-150324-a0b36f","228e3d7b176baa98307e15dd5e01f34b67a62c0b98f5d08670d29b6f6d060e03","fc257ced4151346f3eab61fe5e56dbd8ba9fee301c741c7872e59d10148bfe28"
"glm5.index_q.wgrad.s16384.cp8",4096,2048,2048,"tn",0.03161599859595299,0.032308800145983696,1.086783270935438,66,23,1,0,148,0.00910926367894821,"20260910-150324-a0b36f","228e3d7b176baa98307e15dd5e01f34b67a62c0b98f5d08670d29b6f6d060e03","fc257ced4151346f3eab61fe5e56dbd8ba9fee301c741c7872e59d10148bfe28"
"production_qwen_dense.qkv.wgrad.s65536.cp4",4096,2048,16384,"tn",0.20132800191640854,0.2052255980670452,1.3653237717927058,66,513,1,0,148,0.004450408849718192,"20260910-150324-a0b36f","228e3d7b176baa98307e15dd5e01f34b67a62c0b98f5d08670d29b6f6d060e03","fc257ced4151346f3eab61fe5e56dbd8ba9fee301c741c7872e59d10148bfe28"
"production_qwen_dense.qkv.wgrad.s131072.cp8",4096,2048,16384,"tn",0.20132800191640854,0.2052255980670452,1.3653237717927058,66,513,1,0,148,0.004450408849718192,"20260910-150324-a0b36f","228e3d7b176baa98307e15dd5e01f34b67a62c0b98f5d08670d29b6f6d060e03","fc257ced4151346f3eab61fe5e56dbd8ba9fee301c741c7872e59d10148bfe28"
"glm5.index_q.wgrad.s65536.cp4",4096,2048,16384,"tn",0.20132800191640854,0.2052255980670452,1.3653237717927058,66,513,1,0,148,0.004450408849718192,"20260910-150324-a0b36f","228e3d7b176baa98307e15dd5e01f34b67a62c0b98f5d08670d29b6f6d060e03","fc257ced4151346f3eab61fe5e56dbd8ba9fee301c741c7872e59d10148bfe28"
"glm5.index_q.wgrad.s131072.cp8",4096,2048,16384,"tn",0.20132800191640854,0.2052255980670452,1.3653237717927058,66,513,1,0,148,0.004450408849718192,"20260910-150324-a0b36f","228e3d7b176baa98307e15dd5e01f34b67a62c0b98f5d08670d29b6f6d060e03","fc257ced4151346f3eab61fe5e56dbd8ba9fee301c741c7872e59d10148bfe28"
"production_qwen_dense.qkv.wgrad.s65536.cp8",4096,2048,8192,"tn",0.11924799904227257,0.12111999839544296,1.1525472509042176,66,20,1,0,148,0.00026835036160601726,"20260910-150324-a0b36f","228e3d7b176baa98307e15dd5e01f34b67a62c0b98f5d08670d29b6f6d060e03","fc257ced4151346f3eab61fe5e56dbd8ba9fee301c741c7872e59d10148bfe28"
"glm5.index_q.wgrad.s65536.cp8",4096,2048,8192,"tn",0.11924799904227257,0.12111999839544296,1.1525472509042176,66,20,1,0,148,0.00026835036160601726,"20260910-150324-a0b36f","228e3d7b176baa98307e15dd5e01f34b67a62c0b98f5d08670d29b6f6d060e03","fc257ced4151346f3eab61fe5e56dbd8ba9fee301c741c7872e59d10148bfe28"
"production_qwen_dense.qkv.wgrad.s131072.cp4",4096,2048,32768,"tn",0.38366399705410004,0.39643038958311083,1.4329095722017398,66,447,1,0,148,0.0012510848243822497,"20260910-150324-a0b36f","228e3d7b176baa98307e15dd5e01f34b67a62c0b98f5d08670d29b6f6d060e03","fc257ced4151346f3eab61fe5e56dbd8ba9fee301c741c7872e59d10148bfe28"
"production_qwen_dense.qkv.wgrad.s262144.cp8",4096,2048,32768,"tn",0.38366399705410004,0.39643038958311083,1.4329095722017398,66,447,1,0,148,0.0012510848243822497,"20260910-150324-a0b36f","228e3d7b176baa98307e15dd5e01f34b67a62c0b98f5d08670d29b6f6d060e03","fc257ced4151346f3eab61fe5e56dbd8ba9fee301c741c7872e59d10148bfe28"
"glm5.index_q.wgrad.s131072.cp4",4096,2048,32768,"tn",0.38366399705410004,0.39643038958311083,1.4329095722017398,66,447,1,0,148,0.0012510848243822497,"20260910-150324-a0b36f","228e3d7b176baa98307e15dd5e01f34b67a62c0b98f5d08670d29b6f6d060e03","fc257ced4151346f3eab61fe5e56dbd8ba9fee301c741c7872e59d10148bfe28"
"glm5.index_q.wgrad.s262144.cp8",4096,2048,32768,"tn",0.38366399705410004,0.39643038958311083,1.4329095722017398,66,447,1,0,148,0.0012510848243822497,"20260910-150324-a0b36f","228e3d7b176baa98307e15dd5e01f34b67a62c0b98f5d08670d29b6f6d060e03","fc257ced4151346f3eab61fe5e56dbd8ba9fee301c741c7872e59d10148bfe28"
"production_qwen_dense.qkv.wgrad.s262144.cp4",4096,2048,65536,"tn",0.7559040188789368,0.7781423985958099,1.454565130380785,66,513,1,0,148,0.022606039363773672,"20260910-150324-a0b36f","228e3d7b176baa98307e15dd5e01f34b67a62c0b98f5d08670d29b6f6d060e03","fc257ced4151346f3eab61fe5e56dbd8ba9fee301c741c7872e59d10148bfe28"
"production_qwen_dense.qkv.wgrad.s524288.cp8",4096,2048,65536,"tn",0.7559040188789368,0.7781423985958099,1.454565130380785,66,513,1,0,148,0.022606039363773672,"20260910-150324-a0b36f","228e3d7b176baa98307e15dd5e01f34b67a62c0b98f5d08670d29b6f6d060e03","fc257ced4151346f3eab61fe5e56dbd8ba9fee301c741c7872e59d10148bfe28"
"glm5.index_q.wgrad.s262144.cp4",4096,2048,65536,"tn",0.7559040188789368,0.7781423985958099,1.454565130380785,66,513,1,0,148,0.022606039363773672,"20260910-150324-a0b36f","228e3d7b176baa98307e15dd5e01f34b67a62c0b98f5d08670d29b6f6d060e03","fc257ced4151346f3eab61fe5e56dbd8ba9fee301c741c7872e59d10148bfe28"
"glm5.index_q.wgrad.s524288.cp8",4096,2048,65536,"tn",0.7559040188789368,0.7781423985958099,1.454565130380785,66,513,1,0,148,0.022606039363773672,"20260910-150324-a0b36f","228e3d7b176baa98307e15dd5e01f34b67a62c0b98f5d08670d29b6f6d060e03","fc257ced4151346f3eab61fe5e56dbd8ba9fee301c741c7872e59d10148bfe28"
"production_qwen_dense.qkv.wgrad.s524288.cp4",4096,2048,131072,"tn",1.4512640237808228,1.4875583827495575,1.515246860335668,66,513,1,0,148,0.0017198828495118936,"20260910-150324-a0b36f","228e3d7b176baa98307e15dd5e01f34b67a62c0b98f5d08670d29b6f6d060e03","fc257ced4151346f3eab61fe5e56dbd8ba9fee301c741c7872e59d10148bfe28"
"glm5.index_q.wgrad.s524288.cp4",4096,2048,131072,"tn",1.4512640237808228,1.4875583827495575,1.515246860335668,66,513,1,0,148,0.0017198828495118936,"20260910-150324-a0b36f","228e3d7b176baa98307e15dd5e01f34b67a62c0b98f5d08670d29b6f6d060e03","fc257ced4151346f3eab61fe5e56dbd8ba9fee301c741c7872e59d10148bfe28"
"nanbeige42_3b.qkv.wgrad.s16384.cp4",8192,3072,4096,"tn",0.1539359986782074,0.15633760169148445,1.3392476872090198,66,32,1,0,148,0.0022867304198163295,"20260910-150324-a0b36f","228e3d7b176baa98307e15dd5e01f34b67a62c0b98f5d08670d29b6f6d060e03","fc257ced4151346f3eab61fe5e56dbd8ba9fee301c741c7872e59d10148bfe28"
"nanbeige42_3b.qkv.wgrad.s16384.cp8",8192,3072,2048,"tn",0.08718400076031685,0.08900799974799156,1.1823180194194312,66,32,1,0,148,0.0003670426154422733,"20260910-150324-a0b36f","228e3d7b176baa98307e15dd5e01f34b67a62c0b98f5d08670d29b6f6d060e03","fc257ced4151346f3eab61fe5e56dbd8ba9fee301c741c7872e59d10148bfe28"
"nanbeige42_3b.qkv.wgrad.s65536.cp4",8192,3072,16384,"tn",0.5945280194282532,0.6007408082485199,1.3870392881146885,66,210,1,0,148,0.00021534860055992641,"20260910-150324-a0b36f","228e3d7b176baa98307e15dd5e01f34b67a62c0b98f5d08670d29b6f6d060e03","fc257ced4151346f3eab61fe5e56dbd8ba9fee301c741c7872e59d10148bfe28"
"nanbeige42_3b.qkv.wgrad.s131072.cp8",8192,3072,16384,"tn",0.5945280194282532,0.6007408082485199,1.3870392881146885,66,210,1,0,148,0.00021534860055992641,"20260910-150324-a0b36f","228e3d7b176baa98307e15dd5e01f34b67a62c0b98f5d08670d29b6f6d060e03","fc257ced4151346f3eab61fe5e56dbd8ba9fee301c741c7872e59d10148bfe28"
"nanbeige42_3b.qkv.wgrad.s65536.cp8",8192,3072,8192,"tn",0.31192000210285187,0.315596804022789,1.3218673302010413,66,32,1,0,148,0.00041036475311687315,"20260910-150324-a0b36f","228e3d7b176baa98307e15dd5e01f34b67a62c0b98f5d08670d29b6f6d060e03","fc257ced4151346f3eab61fe5e56dbd8ba9fee301c741c7872e59d10148bfe28"
"nanbeige42_3b.qkv.wgrad.s131072.cp4",8192,3072,32768,"tn",1.1704320311546326,1.1916863918304443,1.4091099677415662,66,535,1,0,148,0.006452341956910953,"20260910-150324-a0b36f","228e3d7b176baa98307e15dd5e01f34b67a62c0b98f5d08670d29b6f6d060e03","fc257ced4151346f3eab61fe5e56dbd8ba9fee301c741c7872e59d10148bfe28"
"nanbeige42_3b.qkv.wgrad.s262144.cp8",8192,3072,32768,"tn",1.1704320311546326,1.1916863918304443,1.4091099677415662,66,535,1,0,148,0.006452341956910953,"20260910-150324-a0b36f","228e3d7b176baa98307e15dd5e01f34b67a62c0b98f5d08670d29b6f6d060e03","fc257ced4151346f3eab61fe5e56dbd8ba9fee301c741c7872e59d10148bfe28"
"nanbeige42_3b.qkv.wgrad.s262144.cp4",8192,3072,65536,"tn",2.202880024909973,2.21777765750885,1.497373822463529,66,513,1,0,148,0.0014671712584224219,"20260910-150324-a0b36f","228e3d7b176baa98307e15dd5e01f34b67a62c0b98f5d08670d29b6f6d060e03","fc257ced4151346f3eab61fe5e56dbd8ba9fee301c741c7872e59d10148bfe28"
"nanbeige42_3b.qkv.wgrad.s524288.cp8",8192,3072,65536,"tn",2.202880024909973,2.21777765750885,1.497373822463529,66,513,1,0,148,0.0014671712584224219,"20260910-150324-a0b36f","228e3d7b176baa98307e15dd5e01f34b67a62c0b98f5d08670d29b6f6d060e03","fc257ced4151346f3eab61fe5e56dbd8ba9fee301c741c7872e59d10148bfe28"
"nanbeige42_3b.qkv.wgrad.s524288.cp4",8192,3072,131072,"tn",4.435424089431763,4.518352055549622,1.4873594122318015,66,513,1,0,148,0.01740896627234517,"20260910-150324-a0b36f","228e3d7b176baa98307e15dd5e01f34b67a62c0b98f5d08670d29b6f6d060e03","fc257ced4151346f3eab61fe5e56dbd8ba9fee301c741c7872e59d10148bfe28"
"llama3_8b.qkv.wgrad.s16384.cp4",6144,4096,4096,"tn",0.15828800201416016,0.16046880334615707,1.3024261320169892,66,32,1,0,148,0.0032345407797465912,"20260910-150324-a0b36f","228e3d7b176baa98307e15dd5e01f34b67a62c0b98f5d08670d29b6f6d060e03","fc257ced4151346f3eab61fe5e56dbd8ba9fee301c741c7872e59d10148bfe28"
"llama3_8b.qkv.wgrad.s16384.cp8",6144,4096,2048,"tn",0.08656000345945358,0.08821120113134384,1.1908411620187185,66,20,1,0,148,0.004066488166049472,"20260910-150324-a0b36f","228e3d7b176baa98307e15dd5e01f34b67a62c0b98f5d08670d29b6f6d060e03","fc257ced4151346f3eab61fe5e56dbd8ba9fee301c741c7872e59d10148bfe28"
"llama3_8b.qkv.wgrad.s65536.cp4",6144,4096,16384,"tn",0.6120800077915192,0.6186016023159027,1.3472645901430567,66,210,1,0,148,0.009201384146662403,"20260910-150324-a0b36f","228e3d7b176baa98307e15dd5e01f34b67a62c0b98f5d08670d29b6f6d060e03","fc257ced4151346f3eab61fe5e56dbd8ba9fee301c741c7872e59d10148bfe28"
"llama3_8b.qkv.wgrad.s131072.cp8",6144,4096,16384,"tn",0.6120800077915192,0.6186016023159027,1.3472645901430567,66,210,1,0,148,0.009201384146662403,"20260910-150324-a0b36f","228e3d7b176baa98307e15dd5e01f34b67a62c0b98f5d08670d29b6f6d060e03","fc257ced4151346f3eab61fe5e56dbd8ba9fee301c741c7872e59d10148bfe28"
"llama3_8b.qkv.wgrad.s65536.cp8",6144,4096,8192,"tn",0.31536000967025757,0.3175599992275238,1.307448147427193,66,32,1,0,148,0,"20260910-150324-a0b36f","228e3d7b176baa98307e15dd5e01f34b67a62c0b98f5d08670d29b6f6d060e03","fc257ced4151346f3eab61fe5e56dbd8ba9fee301c741c7872e59d10148bfe28"
"llama3_8b.qkv.wgrad.s131072.cp4",6144,4096,32768,"tn",1.1238719820976257,1.162750393152237,1.4674869272795303,66,447,1,0,148,0.042083126872171604,"20260910-150324-a0b36f","228e3d7b176baa98307e15dd5e01f34b67a62c0b98f5d08670d29b6f6d060e03","fc257ced4151346f3eab61fe5e56dbd8ba9fee301c741c7872e59d10148bfe28"
"llama3_8b.qkv.wgrad.s262144.cp8",6144,4096,32768,"tn",1.1238719820976257,1.162750393152237,1.4674869272795303,66,447,1,0,148,0.042083126872171604,"20260910-150324-a0b36f","228e3d7b176baa98307e15dd5e01f34b67a62c0b98f5d08670d29b6f6d060e03","fc257ced4151346f3eab61fe5e56dbd8ba9fee301c741c7872e59d10148bfe28"
"llama3_8b.qkv.wgrad.s262144.cp4",6144,4096,65536,"tn",2.26692795753479,2.2803104400634764,1.4550682443896668,66,513,1,0,148,0.004870014624242166,"20260910-150324-a0b36f","228e3d7b176baa98307e15dd5e01f34b67a62c0b98f5d08670d29b6f6d060e03","fc257ced4151346f3eab61fe5e56dbd8ba9fee301c741c7872e59d10148bfe28"
"llama3_8b.qkv.wgrad.s524288.cp8",6144,4096,65536,"tn",2.26692795753479,2.2803104400634764,1.4550682443896668,66,513,1,0,148,0.004870014624242166,"20260910-150324-a0b36f","228e3d7b176baa98307e15dd5e01f34b67a62c0b98f5d08670d29b6f6d060e03","fc257ced4151346f3eab61fe5e56dbd8ba9fee301c741c7872e59d10148bfe28"
"llama3_8b.qkv.wgrad.s524288.cp4",6144,4096,131072,"tn",4.5074238777160645,4.545384049415588,1.463600927188319,66,513,1,0,148,0.010230247209463741,"20260910-150324-a0b36f","228e3d7b176baa98307e15dd5e01f34b67a62c0b98f5d08670d29b6f6d060e03","fc257ced4151346f3eab61fe5e56dbd8ba9fee301c741c7872e59d10148bfe28"
"qwen25_14b_32b.qkv.wgrad.s16384.cp4",7168,5120,4096,"tn",0.22351999580860138,0.22588320299983025,1.3450595756875485,66,23,1,0,148,0.0037222237370195662,"20260910-150324-a0b36f","228e3d7b176baa98307e15dd5e01f34b67a62c0b98f5d08670d29b6f6d060e03","fc257ced4151346f3eab61fe5e56dbd8ba9fee301c741c7872e59d10148bfe28"
"qwen25_14b_32b.qkv.wgrad.s16384.cp8",7168,5120,2048,"tn",0.11527999863028526,0.11712319776415825,1.303989045333909,66,23,1,0,148,0.0027758712737684784,"20260910-150324-a0b36f","228e3d7b176baa98307e15dd5e01f34b67a62c0b98f5d08670d29b6f6d060e03","fc257ced4151346f3eab61fe5e56dbd8ba9fee301c741c7872e59d10148bfe28"
"qwen25_14b_32b.qkv.wgrad.s65536.cp4",7168,5120,16384,"tn",0.8842719793319702,0.8966432183980941,1.3599784579722927,66,23,1,0,148,0.0007599276929541613,"20260910-150324-a0b36f","228e3d7b176baa98307e15dd5e01f34b67a62c0b98f5d08670d29b6f6d060e03","fc257ced4151346f3eab61fe5e56dbd8ba9fee301c741c7872e59d10148bfe28"
"qwen25_14b_32b.qkv.wgrad.s131072.cp8",7168,5120,16384,"tn",0.8842719793319702,0.8966432183980941,1.3599784579722927,66,23,1,0,148,0.0007599276929541613,"20260910-150324-a0b36f","228e3d7b176baa98307e15dd5e01f34b67a62c0b98f5d08670d29b6f6d060e03","fc257ced4151346f3eab61fe5e56dbd8ba9fee301c741c7872e59d10148bfe28"
"qwen25_14b_32b.qkv.wgrad.s65536.cp8",7168,5120,8192,"tn",0.455375999212265,0.4686400070786476,1.320437226555977,66,24,1,0,148,0.004075751103591566,"20260910-150324-a0b36f","228e3d7b176baa98307e15dd5e01f34b67a62c0b98f5d08670d29b6f6d060e03","fc257ced4151346f3eab61fe5e56dbd8ba9fee301c741c7872e59d10148bfe28"
"qwen25_14b_32b.qkv.wgrad.s131072.cp4",7168,5120,32768,"tn",1.6574559807777405,1.6856192171573638,1.451128544983378,66,513,1,0,148,0.013012677840080322,"20260910-150324-a0b36f","228e3d7b176baa98307e15dd5e01f34b67a62c0b98f5d08670d29b6f6d060e03","fc257ced4151346f3eab61fe5e56dbd8ba9fee301c741c7872e59d10148bfe28"
"qwen25_14b_32b.qkv.wgrad.s262144.cp8",7168,5120,32768,"tn",1.6574559807777405,1.6856192171573638,1.451128544983378,66,513,1,0,148,0.013012677840080322,"20260910-150324-a0b36f","228e3d7b176baa98307e15dd5e01f34b67a62c0b98f5d08670d29b6f6d060e03","fc257ced4151346f3eab61fe5e56dbd8ba9fee301c741c7872e59d10148bfe28"
"qwen25_14b_32b.qkv.wgrad.s262144.cp4",7168,5120,65536,"tn",3.2914880514144897,3.313528072834015,1.461455516890844,66,513,1,0,148,0.004637426608515453,"20260910-150324-a0b36f","228e3d7b176baa98307e15dd5e01f34b67a62c0b98f5d08670d29b6f6d060e03","fc257ced4151346f3eab61fe5e56dbd8ba9fee301c741c7872e59d10148bfe28"
"qwen25_14b_32b.qkv.wgrad.s524288.cp8",7168,5120,65536,"tn",3.2914880514144897,3.313528072834015,1.461455516890844,66,513,1,0,148,0.004637426608515453,"20260910-150324-a0b36f","228e3d7b176baa98307e15dd5e01f34b67a62c0b98f5d08670d29b6f6d060e03","fc257ced4151346f3eab61fe5e56dbd8ba9fee301c741c7872e59d10148bfe28"
"qwen25_14b_32b.qkv.wgrad.s524288.cp4",7168,5120,131072,"tn",6.545536041259766,6.652207946777343,1.4698149521132844,66,513,1,0,148,0.011234514442502447,"20260910-150324-a0b36f","228e3d7b176baa98307e15dd5e01f34b67a62c0b98f5d08670d29b6f6d060e03","fc257ced4151346f3eab61fe5e56dbd8ba9fee301c741c7872e59d10148bfe28"
"llama31_405b.qkv.wgrad.s16384.cp4",18432,16384,4096,"tn",1.656816005706787,1.6648671984672547,1.493165900120967,66,23,1,0,148,0.007996039826224351,"20260910-150324-a0b36f","228e3d7b176baa98307e15dd5e01f34b67a62c0b98f5d08670d29b6f6d060e03","fc257ced4151346f3eab61fe5e56dbd8ba9fee301c741c7872e59d10148bfe28"
"llama31_405b.qkv.wgrad.s16384.cp8",18432,16384,2048,"tn",0.8537119925022125,0.8571760177612304,1.4489085219741649,66,23,1,0,148,0.0031485919010664767,"20260910-150324-a0b36f","228e3d7b176baa98307e15dd5e01f34b67a62c0b98f5d08670d29b6f6d060e03","fc257ced4151346f3eab61fe5e56dbd8ba9fee301c741c7872e59d10148bfe28"
"llama31_405b.qkv.wgrad.s65536.cp4",18432,16384,16384,"tn",6.780143976211548,6.917518353462219,1.459497716376406,66,513,1,0,148,0.01756657512830111,"20260910-150324-a0b36f","228e3d7b176baa98307e15dd5e01f34b67a62c0b98f5d08670d29b6f6d060e03","fc257ced4151346f3eab61fe5e56dbd8ba9fee301c741c7872e59d10148bfe28"
"llama31_405b.qkv.wgrad.s131072.cp8",18432,16384,16384,"tn",6.780143976211548,6.917518353462219,1.459497716376406,66,513,1,0,148,0.01756657512830111,"20260910-150324-a0b36f","228e3d7b176baa98307e15dd5e01f34b67a62c0b98f5d08670d29b6f6d060e03","fc257ced4151346f3eab61fe5e56dbd8ba9fee301c741c7872e59d10148bfe28"
"llama31_405b.qkv.wgrad.s65536.cp8",18432,16384,8192,"tn",3.4255679845809937,3.4726351261138917,1.4443742898295453,66,23,1,0,148,0.0001962016160568229,"20260910-150324-a0b36f","228e3d7b176baa98307e15dd5e01f34b67a62c0b98f5d08670d29b6f6d060e03","fc257ced4151346f3eab61fe5e56dbd8ba9fee301c741c7872e59d10148bfe28"
"llama31_405b.qkv.wgrad.s131072.cp4",18432,16384,32768,"tn",13.752287864685059,13.832436847686768,1.4391212207526924,66,513,1,0,148,0.000839995287205505,"20260910-150324-a0b36f","228e3d7b176baa98307e15dd5e01f34b67a62c0b98f5d08670d29b6f6d060e03","fc257ced4151346f3eab61fe5e56dbd8ba9fee301c741c7872e59d10148bfe28"
"llama31_405b.qkv.wgrad.s262144.cp8",18432,16384,32768,"tn",13.752287864685059,13.832436847686768,1.4391212207526924,66,513,1,0,148,0.000839995287205505,"20260910-150324-a0b36f","228e3d7b176baa98307e15dd5e01f34b67a62c0b98f5d08670d29b6f6d060e03","fc257ced4151346f3eab61fe5e56dbd8ba9fee301c741c7872e59d10148bfe28"
"llama31_405b.qkv.wgrad.s262144.cp4",18432,16384,65536,"tn",28.329184532165527,28.79432773590088,1.3972311329679583,66,513,1,0,148,0.0016988885789180471,"20260910-150324-a0b36f","228e3d7b176baa98307e15dd5e01f34b67a62c0b98f5d08670d29b6f6d060e03","fc257ced4151346f3eab61fe5e56dbd8ba9fee301c741c7872e59d10148bfe28"
"llama31_405b.qkv.wgrad.s524288.cp8",18432,16384,65536,"tn",28.329184532165527,28.79432773590088,1.3972311329679583,66,513,1,0,148,0.0016988885789180471,"20260910-150324-a0b36f","228e3d7b176baa98307e15dd5e01f34b67a62c0b98f5d08670d29b6f6d060e03","fc257ced4151346f3eab61fe5e56dbd8ba9fee301c741c7872e59d10148bfe28"
"llama31_405b.qkv.wgrad.s524288.cp4",18432,16384,131072,"tn",57.43641471862793,58.23178977966309,1.3783039485958208,66,513,1,0,148,0.000685811678145511,"20260910-150324-a0b36f","228e3d7b176baa98307e15dd5e01f34b67a62c0b98f5d08670d29b6f6d060e03","fc257ced4151346f3eab61fe5e56dbd8ba9fee301c741c7872e59d10148bfe28"
"qwen25_72b.qkv.wgrad.s16384.cp4",10240,8192,4096,"tn",0.5131359994411469,0.5187104225158692,1.339205918330461,66,24,1,0,148,0.000436636408193362,"20260910-150324-a0b36f","228e3d7b176baa98307e15dd5e01f34b67a62c0b98f5d08670d29b6f6d060e03","fc257ced4151346f3eab61fe5e56dbd8ba9fee301c741c7872e59d10148bfe28"
"qwen25_72b.qkv.wgrad.s16384.cp8",10240,8192,2048,"tn",0.2523840069770813,0.25443520694971083,1.361407118443926,66,513,1,0,148,0.0008875136651834624,"20260910-150324-a0b36f","228e3d7b176baa98307e15dd5e01f34b67a62c0b98f5d08670d29b6f6d060e03","fc257ced4151346f3eab61fe5e56dbd8ba9fee301c741c7872e59d10148bfe28"
"qwen25_72b.qkv.wgrad.s65536.cp4",10240,8192,16384,"tn",1.830896019935608,1.8720879673957824,1.501329971505795,66,513,1,0,148,0.01511830224350821,"20260910-150324-a0b36f","228e3d7b176baa98307e15dd5e01f34b67a62c0b98f5d08670d29b6f6d060e03","fc257ced4151346f3eab61fe5e56dbd8ba9fee301c741c7872e59d10148bfe28"
"qwen25_72b.qkv.wgrad.s131072.cp8",10240,8192,16384,"tn",1.830896019935608,1.8720879673957824,1.501329971505795,66,513,1,0,148,0.01511830224350821,"20260910-150324-a0b36f","228e3d7b176baa98307e15dd5e01f34b67a62c0b98f5d08670d29b6f6d060e03","fc257ced4151346f3eab61fe5e56dbd8ba9fee301c741c7872e59d10148bfe28"
"qwen25_72b.qkv.wgrad.s65536.cp8",10240,8192,8192,"tn",0.947087973356247,0.9752128273248672,1.4511740972166518,66,23,1,0,148,0.004088360366542697,"20260910-150324-a0b36f","228e3d7b176baa98307e15dd5e01f34b67a62c0b98f5d08670d29b6f6d060e03","fc257ced4151346f3eab61fe5e56dbd8ba9fee301c741c7872e59d10148bfe28"
"qwen25_72b.qkv.wgrad.s131072.cp4",10240,8192,32768,"tn",3.6319040060043335,3.651808023452759,1.5136848688157316,66,513,1,0,148,0.0016828253899784547,"20260910-150324-a0b36f","228e3d7b176baa98307e15dd5e01f34b67a62c0b98f5d08670d29b6f6d060e03","fc257ced4151346f3eab61fe5e56dbd8ba9fee301c741c7872e59d10148bfe28"
"qwen25_72b.qkv.wgrad.s262144.cp8",10240,8192,32768,"tn",3.6319040060043335,3.651808023452759,1.5136848688157316,66,513,1,0,148,0.0016828253899784547,"20260910-150324-a0b36f","228e3d7b176baa98307e15dd5e01f34b67a62c0b98f5d08670d29b6f6d060e03","fc257ced4151346f3eab61fe5e56dbd8ba9fee301c741c7872e59d10148bfe28"
"qwen25_72b.qkv.wgrad.s262144.cp4",10240,8192,65536,"tn",7.359247922897339,7.46745765209198,1.494054337203416,66,513,1,0,148,0.0017480200407406984,"20260910-150324-a0b36f","228e3d7b176baa98307e15dd5e01f34b67a62c0b98f5d08670d29b6f6d060e03","fc257ced4151346f3eab61fe5e56dbd8ba9fee301c741c7872e59d10148bfe28"
"qwen25_72b.qkv.wgrad.s524288.cp8",10240,8192,65536,"tn",7.359247922897339,7.46745765209198,1.494054337203416,66,513,1,0,148,0.0017480200407406984,"20260910-150324-a0b36f","228e3d7b176baa98307e15dd5e01f34b67a62c0b98f5d08670d29b6f6d060e03","fc257ced4151346f3eab61fe5e56dbd8ba9fee301c741c7872e59d10148bfe28"
"qwen25_72b.qkv.wgrad.s524288.cp4",10240,8192,131072,"tn",14.846335887908936,14.926841545104981,1.481189212041818,66,513,1,0,148,0.0031899767666784765,"20260910-150324-a0b36f","228e3d7b176baa98307e15dd5e01f34b67a62c0b98f5d08670d29b6f6d060e03","fc257ced4151346f3eab61fe5e56dbd8ba9fee301c741c7872e59d10148bfe28"
"qwen3_235b.qkv.wgrad.s16384.cp4",9216,4096,4096,"tn",0.22142399847507477,0.22384639829397202,1.3965859502207942,66,513,1,0,148,0.0010116751470926402,"20260910-150324-a0b36f","228e3d7b176baa98307e15dd5e01f34b67a62c0b98f5d08670d29b6f6d060e03","fc257ced4151346f3eab61fe5e56dbd8ba9fee301c741c7872e59d10148bfe28"
"qwen3_235b.qkv.wgrad.s16384.cp8",9216,4096,2048,"tn",0.12011199817061424,0.12275839932262897,1.2872887389348913,66,447,1,0,148,0.007726119203770671,"20260910-150324-a0b36f","228e3d7b176baa98307e15dd5e01f34b67a62c0b98f5d08670d29b6f6d060e03","fc257ced4151346f3eab61fe5e56dbd8ba9fee301c741c7872e59d10148bfe28"
"qwen3_235b.qkv.wgrad.s65536.cp4",9216,4096,16384,"tn",0.8175039887428284,0.8240127980709075,1.5130820133981289,66,513,1,0,148,0.0030532011329420616,"20260910-150324-a0b36f","228e3d7b176baa98307e15dd5e01f34b67a62c0b98f5d08670d29b6f6d060e03","fc257ced4151346f3eab61fe5e56dbd8ba9fee301c741c7872e59d10148bfe28"
"qwen3_235b.qkv.wgrad.s131072.cp8",9216,4096,16384,"tn",0.8175039887428284,0.8240127980709075,1.5130820133981289,66,513,1,0,148,0.0030532011329420616,"20260910-150324-a0b36f","228e3d7b176baa98307e15dd5e01f34b67a62c0b98f5d08670d29b6f6d060e03","fc257ced4151346f3eab61fe5e56dbd8ba9fee301c741c7872e59d10148bfe28"
"qwen3_235b.qkv.wgrad.s65536.cp8",9216,4096,8192,"tn",0.42239999771118164,0.4283471941947937,1.4641934042975207,66,513,1,0,148,0.018257520853159216,"20260910-150324-a0b36f","228e3d7b176baa98307e15dd5e01f34b67a62c0b98f5d08670d29b6f6d060e03","fc257ced4151346f3eab61fe5e56dbd8ba9fee301c741c7872e59d10148bfe28"
"qwen3_235b.qkv.wgrad.s131072.cp4",9216,4096,32768,"tn",1.6787520051002502,1.6968496561050415,1.473654926385786,66,513,1,0,148,0.017555894710362605,"20260910-150324-a0b36f","228e3d7b176baa98307e15dd5e01f34b67a62c0b98f5d08670d29b6f6d060e03","fc257ced4151346f3eab61fe5e56dbd8ba9fee301c741c7872e59d10148bfe28"
"qwen3_235b.qkv.wgrad.s262144.cp8",9216,4096,32768,"tn",1.6787520051002502,1.6968496561050415,1.473654926385786,66,513,1,0,148,0.017555894710362605,"20260910-150324-a0b36f","228e3d7b176baa98307e15dd5e01f34b67a62c0b98f5d08670d29b6f6d060e03","fc257ced4151346f3eab61fe5e56dbd8ba9fee301c741c7872e59d10148bfe28"
"qwen3_235b.qkv.wgrad.s262144.cp4",9216,4096,65536,"tn",3.269984006881714,3.3038943886756895,1.5130967963694322,66,513,1,0,148,0.008719309017289952,"20260910-150324-a0b36f","228e3d7b176baa98307e15dd5e01f34b67a62c0b98f5d08670d29b6f6d060e03","fc257ced4151346f3eab61fe5e56dbd8ba9fee301c741c7872e59d10148bfe28"
"qwen3_235b.qkv.wgrad.s524288.cp8",9216,4096,65536,"tn",3.269984006881714,3.3038943886756895,1.5130967963694322,66,513,1,0,148,0.008719309017289952,"20260910-150324-a0b36f","228e3d7b176baa98307e15dd5e01f34b67a62c0b98f5d08670d29b6f6d060e03","fc257ced4151346f3eab61fe5e56dbd8ba9fee301c741c7872e59d10148bfe28"
"qwen3_235b.qkv.wgrad.s524288.cp4",9216,4096,131072,"tn",6.58785605430603,6.614711880683899,1.5020978856263747,66,513,1,0,148,0.0008889139488809699,"20260910-150324-a0b36f","228e3d7b176baa98307e15dd5e01f34b67a62c0b98f5d08670d29b6f6d060e03","fc257ced4151346f3eab61fe5e56dbd8ba9fee301c741c7872e59d10148bfe28"
"bloom_176b.qkv.wgrad.s16384.cp4",43008,14336,4096,"tn",3.4229120016098022,3.459382474422455,1.4756095212849647,66,23,1,0,148,0.00013087935357997696,"20260910-150324-a0b36f","228e3d7b176baa98307e15dd5e01f34b67a62c0b98f5d08670d29b6f6d060e03","fc257ced4151346f3eab61fe5e56dbd8ba9fee301c741c7872e59d10148bfe28"
"bloom_176b.qkv.wgrad.s16384.cp8",43008,14336,2048,"tn",1.735376000404358,1.7584128022193908,1.4552700794868374,66,23,1,0,148,0.010105040127731698,"20260910-150324-a0b36f","228e3d7b176baa98307e15dd5e01f34b67a62c0b98f5d08670d29b6f6d060e03","fc257ced4151346f3eab61fe5e56dbd8ba9fee301c741c7872e59d10148bfe28"
"bloom_176b.qkv.wgrad.s65536.cp4",43008,14336,16384,"tn",13.61078405380249,13.649291276931763,1.484376365132299,66,513,1,0,148,0.0007500030742138341,"20260910-150324-a0b36f","228e3d7b176baa98307e15dd5e01f34b67a62c0b98f5d08670d29b6f6d060e03","fc257ced4151346f3eab61fe5e56dbd8ba9fee301c741c7872e59d10148bfe28"
"bloom_176b.qkv.wgrad.s131072.cp8",43008,14336,16384,"tn",13.61078405380249,13.649291276931763,1.484376365132299,66,513,1,0,148,0.0007500030742138341,"20260910-150324-a0b36f","228e3d7b176baa98307e15dd5e01f34b67a62c0b98f5d08670d29b6f6d060e03","fc257ced4151346f3eab61fe5e56dbd8ba9fee301c741c7872e59d10148bfe28"
"bloom_176b.qkv.wgrad.s65536.cp8",43008,14336,8192,"tn",6.764240026473999,6.819011068344116,1.4934069519495976,66,513,1,0,148,0.002720215750583539,"20260910-150324-a0b36f","228e3d7b176baa98307e15dd5e01f34b67a62c0b98f5d08670d29b6f6d060e03","fc257ced4151346f3eab61fe5e56dbd8ba9fee301c741c7872e59d10148bfe28"
"bloom_176b.qkv.wgrad.s131072.cp4",43008,14336,32768,"tn",27.4399356842041,27.964169216156005,1.4725636672693978,66,513,1,0,148,0.0012571570053972394,"20260910-150324-a0b36f","228e3d7b176baa98307e15dd5e01f34b67a62c0b98f5d08670d29b6f6d060e03","fc257ced4151346f3eab61fe5e56dbd8ba9fee301c741c7872e59d10148bfe28"
"bloom_176b.qkv.wgrad.s262144.cp8",43008,14336,32768,"tn",27.4399356842041,27.964169216156005,1.4725636672693978,66,513,1,0,148,0.0012571570053972394,"20260910-150324-a0b36f","228e3d7b176baa98307e15dd5e01f34b67a62c0b98f5d08670d29b6f6d060e03","fc257ced4151346f3eab61fe5e56dbd8ba9fee301c741c7872e59d10148bfe28"
"bloom_176b.qkv.wgrad.s262144.cp4",43008,14336,65536,"tn",56.19068908691406,57.93551788330078,1.4382116673553367,66,513,1,0,148,0.01203614216704734,"20260910-150324-a0b36f","228e3d7b176baa98307e15dd5e01f34b67a62c0b98f5d08670d29b6f6d060e03","fc257ced4151346f3eab61fe5e56dbd8ba9fee301c741c7872e59d10148bfe28"
"bloom_176b.qkv.wgrad.s524288.cp8",43008,14336,65536,"tn",56.19068908691406,57.93551788330078,1.4382116673553367,66,513,1,0,148,0.01203614216704734,"20260910-150324-a0b36f","228e3d7b176baa98307e15dd5e01f34b67a62c0b98f5d08670d29b6f6d060e03","fc257ced4151346f3eab61fe5e56dbd8ba9fee301c741c7872e59d10148bfe28"
"bloom_176b.qkv.wgrad.s524288.cp4",43008,14336,131072,"tn",114.52312088012695,115.97834129333496,1.4113150955102824,66,513,1,0,148,0.0010044784831055853,"20260910-150324-a0b36f","228e3d7b176baa98307e15dd5e01f34b67a62c0b98f5d08670d29b6f6d060e03","fc257ced4151346f3eab61fe5e56dbd8ba9fee301c741c7872e59d10148bfe28"
"production_qwen_dense.oproj.wgrad.s16384.cp4",2048,2048,4096,"tn",0.03403200022876263,0.03585760109126568,1.0096302931662648,66,209,1,0,148,0.03479072143072514,"20260910-150324-a0b36f","228e3d7b176baa98307e15dd5e01f34b67a62c0b98f5d08670d29b6f6d060e03","fc257ced4151346f3eab61fe5e56dbd8ba9fee301c741c7872e59d10148bfe28"
"production_qwen_dense.oproj.wgrad.s16384.cp8",2048,2048,2048,"tn",0.019039999693632126,0.019519999623298645,0.9023040683002614,66,20,1,0,148,0.00672274037367558,"20260910-150324-a0b36f","228e3d7b176baa98307e15dd5e01f34b67a62c0b98f5d08670d29b6f6d060e03","fc257ced4151346f3eab61fe5e56dbd8ba9fee301c741c7872e59d10148bfe28"
"production_qwen_dense.oproj.wgrad.s65536.cp4",2048,2048,16384,"tn",0.10972800105810165,0.11180000193417072,1.2525422148101033,66,23,1,0,148,0.0017497945841650855,"20260910-150324-a0b36f","228e3d7b176baa98307e15dd5e01f34b67a62c0b98f5d08670d29b6f6d060e03","fc257ced4151346f3eab61fe5e56dbd8ba9fee301c741c7872e59d10148bfe28"
"production_qwen_dense.oproj.wgrad.s131072.cp8",2048,2048,16384,"tn",0.10972800105810165,0.11180000193417072,1.2525422148101033,66,23,1,0,148,0.0017497945841650855,"20260910-150324-a0b36f","228e3d7b176baa98307e15dd5e01f34b67a62c0b98f5d08670d29b6f6d060e03","fc257ced4151346f3eab61fe5e56dbd8ba9fee301c741c7872e59d10148bfe28"
"production_qwen_dense.oproj.wgrad.s65536.cp8",2048,2048,8192,"tn",0.05967999994754791,0.060785600915551186,1.1514657640146915,66,23,1,0,148,0.005898105819717422,"20260910-150324-a0b36f","228e3d7b176baa98307e15dd5e01f34b67a62c0b98f5d08670d29b6f6d060e03","fc257ced4151346f3eab61fe5e56dbd8ba9fee301c741c7872e59d10148bfe28"
"production_qwen_dense.oproj.wgrad.s131072.cp4",2048,2048,32768,"tn",0.20319999754428864,0.20950720086693764,1.352745621387563,66,23,1,0,148,0.009763780659304526,"20260910-150324-a0b36f","228e3d7b176baa98307e15dd5e01f34b67a62c0b98f5d08670d29b6f6d060e03","fc257ced4151346f3eab61fe5e56dbd8ba9fee301c741c7872e59d10148bfe28"
"production_qwen_dense.oproj.wgrad.s262144.cp8",2048,2048,32768,"tn",0.20319999754428864,0.20950720086693764,1.352745621387563,66,23,1,0,148,0.009763780659304526,"20260910-150324-a0b36f","228e3d7b176baa98307e15dd5e01f34b67a62c0b98f5d08670d29b6f6d060e03","fc257ced4151346f3eab61fe5e56dbd8ba9fee301c741c7872e59d10148bfe28"
"production_qwen_dense.oproj.wgrad.s262144.cp4",2048,2048,65536,"tn",0.40411199629306793,0.4098687916994095,1.3604045881610232,66,23,1,0,148,0.0005542875666167407,"20260910-150324-a0b36f","228e3d7b176baa98307e15dd5e01f34b67a62c0b98f5d08670d29b6f6d060e03","fc257ced4151346f3eab61fe5e56dbd8ba9fee301c741c7872e59d10148bfe28"
"production_qwen_dense.oproj.wgrad.s524288.cp8",2048,2048,65536,"tn",0.40411199629306793,0.4098687916994095,1.3604045881610232,66,23,1,0,148,0.0005542875666167407,"20260910-150324-a0b36f","228e3d7b176baa98307e15dd5e01f34b67a62c0b98f5d08670d29b6f6d060e03","fc257ced4151346f3eab61fe5e56dbd8ba9fee301c741c7872e59d10148bfe28"
"production_qwen_dense.oproj.wgrad.s524288.cp4",2048,2048,131072,"tn",0.7726399898529053,0.7976175755262375,1.423058141198884,66,513,2,33554448,148,0.015489771150376449,"20260910-150324-a0b36f","228e3d7b176baa98307e15dd5e01f34b67a62c0b98f5d08670d29b6f6d060e03","fc257ced4151346f3eab61fe5e56dbd8ba9fee301c741c7872e59d10148bfe28"
"llama31_405b.oproj.wgrad.s16384.cp4",16384,16384,4096,"tn",1.5260319709777832,1.535649597644806,1.441007329710797,66,23,1,0,148,0.009960485213826987,"20260910-150324-a0b36f","228e3d7b176baa98307e15dd5e01f34b67a62c0b98f5d08670d29b6f6d060e03","fc257ced4151346f3eab61fe5e56dbd8ba9fee301c741c7872e59d10148bfe28"
"llama31_405b.oproj.wgrad.s16384.cp8",16384,16384,2048,"tn",0.803712010383606,0.8108064025640488,1.3680418029975825,66,24,1,0,148,0.0019907223719876446,"20260910-150324-a0b36f","228e3d7b176baa98307e15dd5e01f34b67a62c0b98f5d08670d29b6f6d060e03","fc257ced4151346f3eab61fe5e56dbd8ba9fee301c741c7872e59d10148bfe28"
"llama31_405b.oproj.wgrad.s65536.cp4",16384,16384,16384,"tn",5.833087921142578,5.90480945110321,1.5079651020389613,66,513,1,0,148,0.003823713679011764,"20260910-150324-a0b36f","228e3d7b176baa98307e15dd5e01f34b67a62c0b98f5d08670d29b6f6d060e03","fc257ced4151346f3eab61fe5e56dbd8ba9fee301c741c7872e59d10148bfe28"
"llama31_405b.oproj.wgrad.s131072.cp8",16384,16384,16384,"tn",5.833087921142578,5.90480945110321,1.5079651020389613,66,513,1,0,148,0.003823713679011764,"20260910-150324-a0b36f","228e3d7b176baa98307e15dd5e01f34b67a62c0b98f5d08670d29b6f6d060e03","fc257ced4151346f3eab61fe5e56dbd8ba9fee301c741c7872e59d10148bfe28"
"llama31_405b.oproj.wgrad.s65536.cp8",16384,16384,8192,"tn",3.081552028656006,3.099404788017273,1.4272179960635527,66,23,1,0,148,0.015015745495964941,"20260910-150324-a0b36f","228e3d7b176baa98307e15dd5e01f34b67a62c0b98f5d08670d29b6f6d060e03","fc257ced4151346f3eab61fe5e56dbd8ba9fee301c741c7872e59d10148bfe28"
"llama31_405b.oproj.wgrad.s131072.cp4",16384,16384,32768,"tn",11.686448097229004,11.819187116622924,1.5053492642120505,66,513,1,0,148,0.0009036137941750083,"20260910-150324-a0b36f","228e3d7b176baa98307e15dd5e01f34b67a62c0b98f5d08670d29b6f6d060e03","fc257ced4151346f3eab61fe5e56dbd8ba9fee301c741c7872e59d10148bfe28"
"llama31_405b.oproj.wgrad.s262144.cp8",16384,16384,32768,"tn",11.686448097229004,11.819187116622924,1.5053492642120505,66,513,1,0,148,0.0009036137941750083,"20260910-150324-a0b36f","228e3d7b176baa98307e15dd5e01f34b67a62c0b98f5d08670d29b6f6d060e03","fc257ced4151346f3eab61fe5e56dbd8ba9fee301c741c7872e59d10148bfe28"
"llama31_405b.oproj.wgrad.s262144.cp4",16384,16384,65536,"tn",23.83232021331787,24.23978633880615,1.4763301169967675,66,513,1,0,148,0.0025927171905849216,"20260910-150324-a0b36f","228e3d7b176baa98307e15dd5e01f34b67a62c0b98f5d08670d29b6f6d060e03","fc257ced4151346f3eab61fe5e56dbd8ba9fee301c741c7872e59d10148bfe28"
"llama31_405b.oproj.wgrad.s524288.cp8",16384,16384,65536,"tn",23.83232021331787,24.23978633880615,1.4763301169967675,66,513,1,0,148,0.0025927171905849216,"20260910-150324-a0b36f","228e3d7b176baa98307e15dd5e01f34b67a62c0b98f5d08670d29b6f6d060e03","fc257ced4151346f3eab61fe5e56dbd8ba9fee301c741c7872e59d10148bfe28"
"llama31_405b.oproj.wgrad.s524288.cp4",16384,16384,131072,"tn",48.51715278625488,50.0992431640625,1.4503889889762815,66,513,1,0,148,0.004421676001311635,"20260910-150324-a0b36f","228e3d7b176baa98307e15dd5e01f34b67a62c0b98f5d08670d29b6f6d060e03","fc257ced4151346f3eab61fe5e56dbd8ba9fee301c741c7872e59d10148bfe28"
"nanbeige42_3b.oproj.wgrad.s16384.cp4",3072,6144,4096,"tn",0.1257600039243698,0.1281023994088173,1.229475332626305,66,20,1,0,148,0.005852402438927576,"20260910-150324-a0b36f","228e3d7b176baa98307e15dd5e01f34b67a62c0b98f5d08670d29b6f6d060e03","fc257ced4151346f3eab61fe5e56dbd8ba9fee301c741c7872e59d10148bfe28"
"nanbeige42_3b.oproj.wgrad.s16384.cp8",3072,6144,2048,"tn",0.06694400310516357,0.06863680109381676,1.1548369942346175,66,20,1,0,148,0.012428281042155254,"20260910-150324-a0b36f","228e3d7b176baa98307e15dd5e01f34b67a62c0b98f5d08670d29b6f6d060e03","fc257ced4151346f3eab61fe5e56dbd8ba9fee301c741c7872e59d10148bfe28"
"nanbeige42_3b.oproj.wgrad.s65536.cp4",3072,6144,16384,"tn",0.42075200378894806,0.4251487970352173,1.4699283308326945,66,447,1,0,148,0.01642778350860309,"20260910-150324-a0b36f","228e3d7b176baa98307e15dd5e01f34b67a62c0b98f5d08670d29b6f6d060e03","fc257ced4151346f3eab61fe5e56dbd8ba9fee301c741c7872e59d10148bfe28"
"nanbeige42_3b.oproj.wgrad.s131072.cp8",3072,6144,16384,"tn",0.42075200378894806,0.4251487970352173,1.4699283308326945,66,447,1,0,148,0.01642778350860309,"20260910-150324-a0b36f","228e3d7b176baa98307e15dd5e01f34b67a62c0b98f5d08670d29b6f6d060e03","fc257ced4151346f3eab61fe5e56dbd8ba9fee301c741c7872e59d10148bfe28"
"nanbeige42_3b.oproj.wgrad.s65536.cp8",3072,6144,8192,"tn",0.2173919975757599,0.22293280139565466,1.4224886323344648,66,447,1,0,148,0.018694311371704436,"20260910-150324-a0b36f","228e3d7b176baa98307e15dd5e01f34b67a62c0b98f5d08670d29b6f6d060e03","fc257ced4151346f3eab61fe5e56dbd8ba9fee301c741c7872e59d10148bfe28"
"nanbeige42_3b.oproj.wgrad.s131072.cp4",3072,6144,32768,"tn",0.8358240127563477,0.8608384042978287,1.4799174974272788,66,513,1,0,148,0.021669638018084834,"20260910-150324-a0b36f","228e3d7b176baa98307e15dd5e01f34b67a62c0b98f5d08670d29b6f6d060e03","fc257ced4151346f3eab61fe5e56dbd8ba9fee301c741c7872e59d10148bfe28"
"nanbeige42_3b.oproj.wgrad.s262144.cp8",3072,6144,32768,"tn",0.8358240127563477,0.8608384042978287,1.4799174974272788,66,513,1,0,148,0.021669638018084834,"20260910-150324-a0b36f","228e3d7b176baa98307e15dd5e01f34b67a62c0b98f5d08670d29b6f6d060e03","fc257ced4151346f3eab61fe5e56dbd8ba9fee301c741c7872e59d10148bfe28"
"nanbeige42_3b.oproj.wgrad.s262144.cp4",3072,6144,65536,"tn",1.6617760062217712,1.6859056234359742,1.4887091600995515,66,513,1,0,148,0.0030424704469785213,"20260910-150324-a0b36f","228e3d7b176baa98307e15dd5e01f34b67a62c0b98f5d08670d29b6f6d060e03","fc257ced4151346f3eab61fe5e56dbd8ba9fee301c741c7872e59d10148bfe28"
"nanbeige42_3b.oproj.wgrad.s524288.cp8",3072,6144,65536,"tn",1.6617760062217712,1.6859056234359742,1.4887091600995515,66,513,1,0,148,0.0030424704469785213,"20260910-150324-a0b36f","228e3d7b176baa98307e15dd5e01f34b67a62c0b98f5d08670d29b6f6d060e03","fc257ced4151346f3eab61fe5e56dbd8ba9fee301c741c7872e59d10148bfe28"
"nanbeige42_3b.oproj.wgrad.s524288.cp4",3072,6144,131072,"tn",3.288383960723877,3.330662441253662,1.5046303546325632,66,513,1,0,148,0.00190734343535848,"20260910-150324-a0b36f","228e3d7b176baa98307e15dd5e01f34b67a62c0b98f5d08670d29b6f6d060e03","fc257ced4151346f3eab61fe5e56dbd8ba9fee301c741c7872e59d10148bfe28"
"qwen25_7b.oproj.wgrad.s16384.cp4",3584,3584,4096,"tn",0.08481599763035774,0.0867231972515583,1.240646831870038,66,177,1,0,148,0.0003772901876748563,"20260910-150324-a0b36f","228e3d7b176baa98307e15dd5e01f34b67a62c0b98f5d08670d29b6f6d060e03","fc257ced4151346f3eab61fe5e56dbd8ba9fee301c741c7872e59d10148bfe28"
"qwen25_7b.oproj.wgrad.s16384.cp8",3584,3584,2048,"tn",0.04580799862742424,0.04638879932463169,1.148562498962824,66,177,1,0,148,0.0076842247109358275,"20260910-150324-a0b36f","228e3d7b176baa98307e15dd5e01f34b67a62c0b98f5d08670d29b6f6d060e03","fc257ced4151346f3eab61fe5e56dbd8ba9fee301c741c7872e59d10148bfe28"
"qwen25_7b.oproj.wgrad.s65536.cp4",3584,3584,16384,"tn",0.31486399471759796,0.3182671904563904,1.3367892235043006,66,177,1,0,148,0.0030489113549278957,"20260910-150324-a0b36f","228e3d7b176baa98307e15dd5e01f34b67a62c0b98f5d08670d29b6f6d060e03","fc257ced4151346f3eab61fe5e56dbd8ba9fee301c741c7872e59d10148bfe28"
"qwen25_7b.oproj.wgrad.s131072.cp8",3584,3584,16384,"tn",0.31486399471759796,0.3182671904563904,1.3367892235043006,66,177,1,0,148,0.0030489113549278957,"20260910-150324-a0b36f","228e3d7b176baa98307e15dd5e01f34b67a62c0b98f5d08670d29b6f6d060e03","fc257ced4151346f3eab61fe5e56dbd8ba9fee301c741c7872e59d10148bfe28"
"qwen25_7b.oproj.wgrad.s65536.cp8",3584,3584,8192,"tn",0.16230399906635284,0.16578880250453948,1.296661811875398,66,177,1,0,148,0.0029573898803318425,"20260910-150324-a0b36f","228e3d7b176baa98307e15dd5e01f34b67a62c0b98f5d08670d29b6f6d060e03","fc257ced4151346f3eab61fe5e56dbd8ba9fee301c741c7872e59d10148bfe28"
"qwen25_7b.oproj.wgrad.s131072.cp4",3584,3584,32768,"tn",0.6413439810276031,0.6447231829166412,1.3125773608527382,66,210,1,0,148,0.0016963807461668212,"20260910-150324-a0b36f","228e3d7b176baa98307e15dd5e01f34b67a62c0b98f5d08670d29b6f6d060e03","fc257ced4151346f3eab61fe5e56dbd8ba9fee301c741c7872e59d10148bfe28"
"qwen25_7b.oproj.wgrad.s262144.cp8",3584,3584,32768,"tn",0.6413439810276031,0.6447231829166412,1.3125773608527382,66,210,1,0,148,0.0016963807461668212,"20260910-150324-a0b36f","228e3d7b176baa98307e15dd5e01f34b67a62c0b98f5d08670d29b6f6d060e03","fc257ced4151346f3eab61fe5e56dbd8ba9fee301c741c7872e59d10148bfe28"
"qwen25_7b.oproj.wgrad.s262144.cp4",3584,3584,65536,"tn",1.1733919978141785,1.1977712094783783,1.434837789219885,66,513,3,154140688,148,0.003981560531764021,"20260910-150324-a0b36f","228e3d7b176baa98307e15dd5e01f34b67a62c0b98f5d08670d29b6f6d060e03","fc257ced4151346f3eab61fe5e56dbd8ba9fee301c741c7872e59d10148bfe28"
"qwen25_7b.oproj.wgrad.s524288.cp8",3584,3584,65536,"tn",1.1733919978141785,1.1977712094783783,1.434837789219885,66,513,3,154140688,148,0.003981560531764021,"20260910-150324-a0b36f","228e3d7b176baa98307e15dd5e01f34b67a62c0b98f5d08670d29b6f6d060e03","fc257ced4151346f3eab61fe5e56dbd8ba9fee301c741c7872e59d10148bfe28"
"qwen25_7b.oproj.wgrad.s524288.cp4",3584,3584,131072,"tn",2.2957760095596313,2.322380816936493,1.466717286896772,66,513,3,154140688,148,0.0012684358199670637,"20260910-150324-a0b36f","228e3d7b176baa98307e15dd5e01f34b67a62c0b98f5d08670d29b6f6d060e03","fc257ced4151346f3eab61fe5e56dbd8ba9fee301c741c7872e59d10148bfe28"
"gemma2_9b.oproj.wgrad.s16384.cp4",3584,4096,4096,"tn",0.10275200009346008,0.10367519967257977,1.1703819310438337,66,209,1,0,148,0,"20260910-150324-a0b36f","228e3d7b176baa98307e15dd5e01f34b67a62c0b98f5d08670d29b6f6d060e03","fc257ced4151346f3eab61fe5e56dbd8ba9fee301c741c7872e59d10148bfe28"
"gemma2_9b.oproj.wgrad.s16384.cp8",3584,4096,2048,"tn",0.05374399945139885,0.054310400038957596,1.1188140584582964,66,587,1,0,148,0.002977099210184937,"20260910-150324-a0b36f","228e3d7b176baa98307e15dd5e01f34b67a62c0b98f5d08670d29b6f6d060e03","fc257ced4151346f3eab61fe5e56dbd8ba9fee301c741c7872e59d10148bfe28"
"gemma2_9b.oproj.wgrad.s65536.cp4",3584,4096,16384,"tn",0.3619200140237808,0.36804800033569335,1.3291233380654994,66,513,1,0,148,0.005835546802642502,"20260910-150324-a0b36f","228e3d7b176baa98307e15dd5e01f34b67a62c0b98f5d08670d29b6f6d060e03","fc257ced4151346f3eab61fe5e56dbd8ba9fee301c741c7872e59d10148bfe28"
"gemma2_9b.oproj.wgrad.s131072.cp8",3584,4096,16384,"tn",0.3619200140237808,0.36804800033569335,1.3291233380654994,66,513,1,0,148,0.005835546802642502,"20260910-150324-a0b36f","228e3d7b176baa98307e15dd5e01f34b67a62c0b98f5d08670d29b6f6d060e03","fc257ced4151346f3eab61fe5e56dbd8ba9fee301c741c7872e59d10148bfe28"
"gemma2_9b.oproj.wgrad.s65536.cp8",3584,4096,8192,"tn",0.20161599665880203,0.20573440194129944,1.1929518121671303,66,209,1,0,148,0.006983552115798852,"20260910-150324-a0b36f","228e3d7b176baa98307e15dd5e01f34b67a62c0b98f5d08670d29b6f6d060e03","fc257ced4151346f3eab61fe5e56dbd8ba9fee301c741c7872e59d10148bfe28"
"gemma2_9b.oproj.wgrad.s131072.cp4",3584,4096,32768,"tn",0.7070240080356598,0.7169007867574692,1.3607355102084122,66,513,1,0,148,0.0044807345066169655,"20260910-150324-a0b36f","228e3d7b176baa98307e15dd5e01f34b67a62c0b98f5d08670d29b6f6d060e03","fc257ced4151346f3eab61fe5e56dbd8ba9fee301c741c7872e59d10148bfe28"
"gemma2_9b.oproj.wgrad.s262144.cp8",3584,4096,32768,"tn",0.7070240080356598,0.7169007867574692,1.3607355102084122,66,513,1,0,148,0.0044807345066169655,"20260910-150324-a0b36f","228e3d7b176baa98307e15dd5e01f34b67a62c0b98f5d08670d29b6f6d060e03","fc257ced4151346f3eab61fe5e56dbd8ba9fee301c741c7872e59d10148bfe28"
"gemma2_9b.oproj.wgrad.s262144.cp4",3584,4096,65536,"tn",1.398368000984192,1.4305119693279267,1.3759935490899093,66,513,3,176160784,148,0.02233460675251171,"20260910-150324-a0b36f","228e3d7b176baa98307e15dd5e01f34b67a62c0b98f5d08670d29b6f6d060e03","fc257ced4151346f3eab61fe5e56dbd8ba9fee301c741c7872e59d10148bfe28"
"gemma2_9b.oproj.wgrad.s524288.cp8",3584,4096,65536,"tn",1.398368000984192,1.4305119693279267,1.3759935490899093,66,513,3,176160784,148,0.02233460675251171,"20260910-150324-a0b36f","228e3d7b176baa98307e15dd5e01f34b67a62c0b98f5d08670d29b6f6d060e03","fc257ced4151346f3eab61fe5e56dbd8ba9fee301c741c7872e59d10148bfe28"
"gemma2_9b.oproj.wgrad.s524288.cp4",3584,4096,131072,"tn",2.688015937805176,2.7062447309494018,1.4316472767487436,66,513,3,176160784,148,0.0038570717476013707,"20260910-150324-a0b36f","228e3d7b176baa98307e15dd5e01f34b67a62c0b98f5d08670d29b6f6d060e03","fc257ced4151346f3eab61fe5e56dbd8ba9fee301c741c7872e59d10148bfe28"
"llama31_70b.oproj.wgrad.s16384.cp4",8192,8192,4096,"tn",0.38145600259304047,0.39189919233322146,1.4412037303146377,66,23,1,0,148,0.019294522275586555,"20260910-150324-a0b36f","228e3d7b176baa98307e15dd5e01f34b67a62c0b98f5d08670d29b6f6d060e03","fc257ced4151346f3eab61fe5e56dbd8ba9fee301c741c7872e59d10148bfe28"
"qwen25_72b.oproj.wgrad.s16384.cp4",8192,8192,4096,"tn",0.38145600259304047,0.39189919233322146,1.4412037303146377,66,23,1,0,148,0.019294522275586555,"20260910-150324-a0b36f","228e3d7b176baa98307e15dd5e01f34b67a62c0b98f5d08670d29b6f6d060e03","fc257ced4151346f3eab61fe5e56dbd8ba9fee301c741c7872e59d10148bfe28"
"llama31_70b.oproj.wgrad.s16384.cp8",8192,8192,2048,"tn",0.21379199624061584,0.2158527970314026,1.2857259007705508,66,32,1,0,148,0.0007484315208856166,"20260910-150324-a0b36f","228e3d7b176baa98307e15dd5e01f34b67a62c0b98f5d08670d29b6f6d060e03","fc257ced4151346f3eab61fe5e56dbd8ba9fee301c741c7872e59d10148bfe28"
"qwen25_72b.oproj.wgrad.s16384.cp8",8192,8192,2048,"tn",0.21379199624061584,0.2158527970314026,1.2857259007705508,66,32,1,0,148,0.0007484315208856166,"20260910-150324-a0b36f","228e3d7b176baa98307e15dd5e01f34b67a62c0b98f5d08670d29b6f6d060e03","fc257ced4151346f3eab61fe5e56dbd8ba9fee301c741c7872e59d10148bfe28"
"llama31_70b.oproj.wgrad.s65536.cp4",8192,8192,16384,"tn",1.4667199850082397,1.4857680261135102,1.4992795339457015,66,513,1,0,148,0.0003054356078262063,"20260910-150324-a0b36f","228e3d7b176baa98307e15dd5e01f34b67a62c0b98f5d08670d29b6f6d060e03","fc257ced4151346f3eab61fe5e56dbd8ba9fee301c741c7872e59d10148bfe28"
"llama31_70b.oproj.wgrad.s131072.cp8",8192,8192,16384,"tn",1.4667199850082397,1.4857680261135102,1.4992795339457015,66,513,1,0,148,0.0003054356078262063,"20260910-150324-a0b36f","228e3d7b176baa98307e15dd5e01f34b67a62c0b98f5d08670d29b6f6d060e03","fc257ced4151346f3eab61fe5e56dbd8ba9fee301c741c7872e59d10148bfe28"
"qwen25_72b.oproj.wgrad.s65536.cp4",8192,8192,16384,"tn",1.4667199850082397,1.4857680261135102,1.4992795339457015,66,513,1,0,148,0.0003054356078262063,"20260910-150324-a0b36f","228e3d7b176baa98307e15dd5e01f34b67a62c0b98f5d08670d29b6f6d060e03","fc257ced4151346f3eab61fe5e56dbd8ba9fee301c741c7872e59d10148bfe28"
"qwen25_72b.oproj.wgrad.s131072.cp8",8192,8192,16384,"tn",1.4667199850082397,1.4857680261135102,1.4992795339457015,66,513,1,0,148,0.0003054356078262063,"20260910-150324-a0b36f","228e3d7b176baa98307e15dd5e01f34b67a62c0b98f5d08670d29b6f6d060e03","fc257ced4151346f3eab61fe5e56dbd8ba9fee301c741c7872e59d10148bfe28"
"llama31_70b.oproj.wgrad.s65536.cp8",8192,8192,8192,"tn",0.7858240008354187,0.7927920073270798,1.399183057029432,66,23,1,0,148,0.0017509941452247314,"20260910-150324-a0b36f","228e3d7b176baa98307e15dd5e01f34b67a62c0b98f5d08670d29b6f6d060e03","fc257ced4151346f3eab61fe5e56dbd8ba9fee301c741c7872e59d10148bfe28"
"qwen25_72b.oproj.wgrad.s65536.cp8",8192,8192,8192,"tn",0.7858240008354187,0.7927920073270798,1.399183057029432,66,23,1,0,148,0.0017509941452247314,"20260910-150324-a0b36f","228e3d7b176baa98307e15dd5e01f34b67a62c0b98f5d08670d29b6f6d060e03","fc257ced4151346f3eab61fe5e56dbd8ba9fee301c741c7872e59d10148bfe28"
"llama31_70b.oproj.wgrad.s131072.cp4",8192,8192,32768,"tn",2.9016480445861816,2.922371232509613,1.515706399785377,66,513,1,0,148,0.006550732868631862,"20260910-150324-a0b36f","228e3d7b176baa98307e15dd5e01f34b67a62c0b98f5d08670d29b6f6d060e03","fc257ced4151346f3eab61fe5e56dbd8ba9fee301c741c7872e59d10148bfe28"
"llama31_70b.oproj.wgrad.s262144.cp8",8192,8192,32768,"tn",2.9016480445861816,2.922371232509613,1.515706399785377,66,513,1,0,148,0.006550732868631862,"20260910-150324-a0b36f","228e3d7b176baa98307e15dd5e01f34b67a62c0b98f5d08670d29b6f6d060e03","fc257ced4151346f3eab61fe5e56dbd8ba9fee301c741c7872e59d10148bfe28"
"qwen25_72b.oproj.wgrad.s131072.cp4",8192,8192,32768,"tn",2.9016480445861816,2.922371232509613,1.515706399785377,66,513,1,0,148,0.006550732868631862,"20260910-150324-a0b36f","228e3d7b176baa98307e15dd5e01f34b67a62c0b98f5d08670d29b6f6d060e03","fc257ced4151346f3eab61fe5e56dbd8ba9fee301c741c7872e59d10148bfe28"
"qwen25_72b.oproj.wgrad.s262144.cp8",8192,8192,32768,"tn",2.9016480445861816,2.922371232509613,1.515706399785377,66,513,1,0,148,0.006550732868631862,"20260910-150324-a0b36f","228e3d7b176baa98307e15dd5e01f34b67a62c0b98f5d08670d29b6f6d060e03","fc257ced4151346f3eab61fe5e56dbd8ba9fee301c741c7872e59d10148bfe28"
"llama31_70b.oproj.wgrad.s262144.cp4",8192,8192,65536,"tn",5.793199777603149,5.832333016395569,1.5183479527521582,66,513,1,0,148,0.00032034977058816244,"20260910-150324-a0b36f","228e3d7b176baa98307e15dd5e01f34b67a62c0b98f5d08670d29b6f6d060e03","fc257ced4151346f3eab61fe5e56dbd8ba9fee301c741c7872e59d10148bfe28"
"llama31_70b.oproj.wgrad.s524288.cp8",8192,8192,65536,"tn",5.793199777603149,5.832333016395569,1.5183479527521582,66,513,1,0,148,0.00032034977058816244,"20260910-150324-a0b36f","228e3d7b176baa98307e15dd5e01f34b67a62c0b98f5d08670d29b6f6d060e03","fc257ced4151346f3eab61fe5e56dbd8ba9fee301c741c7872e59d10148bfe28"
"qwen25_72b.oproj.wgrad.s262144.cp4",8192,8192,65536,"tn",5.793199777603149,5.832333016395569,1.5183479527521582,66,513,1,0,148,0.00032034977058816244,"20260910-150324-a0b36f","228e3d7b176baa98307e15dd5e01f34b67a62c0b98f5d08670d29b6f6d060e03","fc257ced4151346f3eab61fe5e56dbd8ba9fee301c741c7872e59d10148bfe28"
"qwen25_72b.oproj.wgrad.s524288.cp8",8192,8192,65536,"tn",5.793199777603149,5.832333016395569,1.5183479527521582,66,513,1,0,148,0.00032034977058816244,"20260910-150324-a0b36f","228e3d7b176baa98307e15dd5e01f34b67a62c0b98f5d08670d29b6f6d060e03","fc257ced4151346f3eab61fe5e56dbd8ba9fee301c741c7872e59d10148bfe28"
"llama31_70b.oproj.wgrad.s524288.cp4",8192,8192,131072,"tn",11.6321439743042,11.822752046585084,1.5123769172112842,66,513,1,0,148,0.005243422110360364,"20260910-150324-a0b36f","228e3d7b176baa98307e15dd5e01f34b67a62c0b98f5d08670d29b6f6d060e03","fc257ced4151346f3eab61fe5e56dbd8ba9fee301c741c7872e59d10148bfe28"
"qwen25_72b.oproj.wgrad.s524288.cp4",8192,8192,131072,"tn",11.6321439743042,11.822752046585084,1.5123769172112842,66,513,1,0,148,0.005243422110360364,"20260910-150324-a0b36f","228e3d7b176baa98307e15dd5e01f34b67a62c0b98f5d08670d29b6f6d060e03","fc257ced4151346f3eab61fe5e56dbd8ba9fee301c741c7872e59d10148bfe28"
"qwen3_235b.oproj.wgrad.s16384.cp4",4096,8192,4096,"tn",0.2043199986219406,0.20617279782891273,1.3453304071943284,66,23,1,0,148,0.004698475015794925,"20260910-150324-a0b36f","228e3d7b176baa98307e15dd5e01f34b67a62c0b98f5d08670d29b6f6d060e03","fc257ced4151346f3eab61fe5e56dbd8ba9fee301c741c7872e59d10148bfe28"
"qwen35_397b.gdn_o.wgrad.s16384.cp4",4096,8192,4096,"tn",0.2043199986219406,0.20617279782891273,1.3453304071943284,66,23,1,0,148,0.004698475015794925,"20260910-150324-a0b36f","228e3d7b176baa98307e15dd5e01f34b67a62c0b98f5d08670d29b6f6d060e03","fc257ced4151346f3eab61fe5e56dbd8ba9fee301c741c7872e59d10148bfe28"
"qwen35_397b.full_o.wgrad.s16384.cp4",4096,8192,4096,"tn",0.2043199986219406,0.20617279782891273,1.3453304071943284,66,23,1,0,148,0.004698475015794925,"20260910-150324-a0b36f","228e3d7b176baa98307e15dd5e01f34b67a62c0b98f5d08670d29b6f6d060e03","fc257ced4151346f3eab61fe5e56dbd8ba9fee301c741c7872e59d10148bfe28"
"qwen3_235b.oproj.wgrad.s16384.cp8",4096,8192,2048,"tn",0.1136000007390976,0.11621280163526534,1.2098499346637572,66,20,1,0,148,0.009295779783925293,"20260910-150324-a0b36f","228e3d7b176baa98307e15dd5e01f34b67a62c0b98f5d08670d29b6f6d060e03","fc257ced4151346f3eab61fe5e56dbd8ba9fee301c741c7872e59d10148bfe28"
"qwen35_397b.gdn_o.wgrad.s16384.cp8",4096,8192,2048,"tn",0.1136000007390976,0.11621280163526534,1.2098499346637572,66,20,1,0,148,0.009295779783925293,"20260910-150324-a0b36f","228e3d7b176baa98307e15dd5e01f34b67a62c0b98f5d08670d29b6f6d060e03","fc257ced4151346f3eab61fe5e56dbd8ba9fee301c741c7872e59d10148bfe28"
"qwen35_397b.full_o.wgrad.s16384.cp8",4096,8192,2048,"tn",0.1136000007390976,0.11621280163526534,1.2098499346637572,66,20,1,0,148,0.009295779783925293,"20260910-150324-a0b36f","228e3d7b176baa98307e15dd5e01f34b67a62c0b98f5d08670d29b6f6d060e03","fc257ced4151346f3eab61fe5e56dbd8ba9fee301c741c7872e59d10148bfe28"
"qwen3_235b.oproj.wgrad.s65536.cp4",4096,8192,16384,"tn",0.7410399913787842,0.7675504058599472,1.4837412832878842,66,513,1,0,148,0.03670514940252182,"20260910-151044-4dcf41","df03c9c2980f947ff154672aae181f0939c6e19850422df90912b1b6053820bb","fc257ced4151346f3eab61fe5e56dbd8ba9fee301c741c7872e59d10148bfe28"
"qwen3_235b.oproj.wgrad.s131072.cp8",4096,8192,16384,"tn",0.7410399913787842,0.7675504058599472,1.4837412832878842,66,513,1,0,148,0.03670514940252182,"20260910-151044-4dcf41","df03c9c2980f947ff154672aae181f0939c6e19850422df90912b1b6053820bb","fc257ced4151346f3eab61fe5e56dbd8ba9fee301c741c7872e59d10148bfe28"
"qwen35_397b.gdn_o.wgrad.s65536.cp4",4096,8192,16384,"tn",0.7410399913787842,0.7675504058599472,1.4837412832878842,66,513,1,0,148,0.03670514940252182,"20260910-151044-4dcf41","df03c9c2980f947ff154672aae181f0939c6e19850422df90912b1b6053820bb","fc257ced4151346f3eab61fe5e56dbd8ba9fee301c741c7872e59d10148bfe28"
"qwen35_397b.gdn_o.wgrad.s131072.cp8",4096,8192,16384,"tn",0.7410399913787842,0.7675504058599472,1.4837412832878842,66,513,1,0,148,0.03670514940252182,"20260910-151044-4dcf41","df03c9c2980f947ff154672aae181f0939c6e19850422df90912b1b6053820bb","fc257ced4151346f3eab61fe5e56dbd8ba9fee301c741c7872e59d10148bfe28"
"qwen35_397b.full_o.wgrad.s65536.cp4",4096,8192,16384,"tn",0.7410399913787842,0.7675504058599472,1.4837412832878842,66,513,1,0,148,0.03670514940252182,"20260910-151044-4dcf41","df03c9c2980f947ff154672aae181f0939c6e19850422df90912b1b6053820bb","fc257ced4151346f3eab61fe5e56dbd8ba9fee301c741c7872e59d10148bfe28"
"qwen35_397b.full_o.wgrad.s131072.cp8",4096,8192,16384,"tn",0.7410399913787842,0.7675504058599472,1.4837412832878842,66,513,1,0,148,0.03670514940252182,"20260910-151044-4dcf41","df03c9c2980f947ff154672aae181f0939c6e19850422df90912b1b6053820bb","fc257ced4151346f3eab61fe5e56dbd8ba9fee301c741c7872e59d10148bfe28"
"qwen3_235b.oproj.wgrad.s65536.cp8",4096,8192,8192,"tn",0.40190400183200836,0.4084304004907608,1.367878427141893,66,23,1,0,148,0.00023884629158505064,"20260910-151044-4dcf41","df03c9c2980f947ff154672aae181f0939c6e19850422df90912b1b6053820bb","fc257ced4151346f3eab61fe5e56dbd8ba9fee301c741c7872e59d10148bfe28"
"qwen35_397b.gdn_o.wgrad.s65536.cp8",4096,8192,8192,"tn",0.40190400183200836,0.4084304004907608,1.367878427141893,66,23,1,0,148,0.00023884629158505064,"20260910-151044-4dcf41","df03c9c2980f947ff154672aae181f0939c6e19850422df90912b1b6053820bb","fc257ced4151346f3eab61fe5e56dbd8ba9fee301c741c7872e59d10148bfe28"
"qwen35_397b.full_o.wgrad.s65536.cp8",4096,8192,8192,"tn",0.40190400183200836,0.4084304004907608,1.367878427141893,66,23,1,0,148,0.00023884629158505064,"20260910-151044-4dcf41","df03c9c2980f947ff154672aae181f0939c6e19850422df90912b1b6053820bb","fc257ced4151346f3eab61fe5e56dbd8ba9fee301c741c7872e59d10148bfe28"
"qwen3_235b.oproj.wgrad.s131072.cp4",4096,8192,32768,"tn",1.5302079916000366,1.540828776359558,1.4370747425339399,66,210,1,0,148,0.001442937478552061,"20260910-151044-4dcf41","df03c9c2980f947ff154672aae181f0939c6e19850422df90912b1b6053820bb","fc257ced4151346f3eab61fe5e56dbd8ba9fee301c741c7872e59d10148bfe28"
"qwen3_235b.oproj.wgrad.s262144.cp8",4096,8192,32768,"tn",1.5302079916000366,1.540828776359558,1.4370747425339399,66,210,1,0,148,0.001442937478552061,"20260910-151044-4dcf41","df03c9c2980f947ff154672aae181f0939c6e19850422df90912b1b6053820bb","fc257ced4151346f3eab61fe5e56dbd8ba9fee301c741c7872e59d10148bfe28"
"qwen35_397b.gdn_o.wgrad.s131072.cp4",4096,8192,32768,"tn",1.5302079916000366,1.540828776359558,1.4370747425339399,66,210,1,0,148,0.001442937478552061,"20260910-151044-4dcf41","df03c9c2980f947ff154672aae181f0939c6e19850422df90912b1b6053820bb","fc257ced4151346f3eab61fe5e56dbd8ba9fee301c741c7872e59d10148bfe28"
"qwen35_397b.gdn_o.wgrad.s262144.cp8",4096,8192,32768,"tn",1.5302079916000366,1.540828776359558,1.4370747425339399,66,210,1,0,148,0.001442937478552061,"20260910-151044-4dcf41","df03c9c2980f947ff154672aae181f0939c6e19850422df90912b1b6053820bb","fc257ced4151346f3eab61fe5e56dbd8ba9fee301c741c7872e59d10148bfe28"
"qwen35_397b.full_o.wgrad.s131072.cp4",4096,8192,32768,"tn",1.5302079916000366,1.540828776359558,1.4370747425339399,66,210,1,0,148,0.001442937478552061,"20260910-151044-4dcf41","df03c9c2980f947ff154672aae181f0939c6e19850422df90912b1b6053820bb","fc257ced4151346f3eab61fe5e56dbd8ba9fee301c741c7872e59d10148bfe28"
"qwen35_397b.full_o.wgrad.s262144.cp8",4096,8192,32768,"tn",1.5302079916000366,1.540828776359558,1.4370747425339399,66,210,1,0,148,0.001442937478552061,"20260910-151044-4dcf41","df03c9c2980f947ff154672aae181f0939c6e19850422df90912b1b6053820bb","fc257ced4151346f3eab61fe5e56dbd8ba9fee301c741c7872e59d10148bfe28"
"qwen3_235b.oproj.wgrad.s262144.cp4",4096,8192,65536,"tn",3.0582079887390137,3.07777281999588,1.438112295598783,66,210,1,0,148,0.011237966254761226,"20260910-151044-4dcf41","df03c9c2980f947ff154672aae181f0939c6e19850422df90912b1b6053820bb","fc257ced4151346f3eab61fe5e56dbd8ba9fee301c741c7872e59d10148bfe28"
"qwen3_235b.oproj.wgrad.s524288.cp8",4096,8192,65536,"tn",3.0582079887390137,3.07777281999588,1.438112295598783,66,210,1,0,148,0.011237966254761226,"20260910-151044-4dcf41","df03c9c2980f947ff154672aae181f0939c6e19850422df90912b1b6053820bb","fc257ced4151346f3eab61fe5e56dbd8ba9fee301c741c7872e59d10148bfe28"
"qwen35_397b.gdn_o.wgrad.s262144.cp4",4096,8192,65536,"tn",3.0582079887390137,3.07777281999588,1.438112295598783,66,210,1,0,148,0.011237966254761226,"20260910-151044-4dcf41","df03c9c2980f947ff154672aae181f0939c6e19850422df90912b1b6053820bb","fc257ced4151346f3eab61fe5e56dbd8ba9fee301c741c7872e59d10148bfe28"
"qwen35_397b.gdn_o.wgrad.s524288.cp8",4096,8192,65536,"tn",3.0582079887390137,3.07777281999588,1.438112295598783,66,210,1,0,148,0.011237966254761226,"20260910-151044-4dcf41","df03c9c2980f947ff154672aae181f0939c6e19850422df90912b1b6053820bb","fc257ced4151346f3eab61fe5e56dbd8ba9fee301c741c7872e59d10148bfe28"
"qwen35_397b.full_o.wgrad.s262144.cp4",4096,8192,65536,"tn",3.0582079887390137,3.07777281999588,1.438112295598783,66,210,1,0,148,0.011237966254761226,"20260910-151044-4dcf41","df03c9c2980f947ff154672aae181f0939c6e19850422df90912b1b6053820bb","fc257ced4151346f3eab61fe5e56dbd8ba9fee301c741c7872e59d10148bfe28"
"qwen35_397b.full_o.wgrad.s524288.cp8",4096,8192,65536,"tn",3.0582079887390137,3.07777281999588,1.438112295598783,66,210,1,0,148,0.011237966254761226,"20260910-151044-4dcf41","df03c9c2980f947ff154672aae181f0939c6e19850422df90912b1b6053820bb","fc257ced4151346f3eab61fe5e56dbd8ba9fee301c741c7872e59d10148bfe28"
"qwen3_235b.oproj.wgrad.s524288.cp4",4096,8192,131072,"tn",6.131680011749268,6.183113598823548,1.4345322987098634,66,210,1,0,148,0.002317120257188217,"20260910-151044-4dcf41","df03c9c2980f947ff154672aae181f0939c6e19850422df90912b1b6053820bb","fc257ced4151346f3eab61fe5e56dbd8ba9fee301c741c7872e59d10148bfe28"
"qwen35_397b.gdn_o.wgrad.s524288.cp4",4096,8192,131072,"tn",6.131680011749268,6.183113598823548,1.4345322987098634,66,210,1,0,148,0.002317120257188217,"20260910-151044-4dcf41","df03c9c2980f947ff154672aae181f0939c6e19850422df90912b1b6053820bb","fc257ced4151346f3eab61fe5e56dbd8ba9fee301c741c7872e59d10148bfe28"
"qwen35_397b.full_o.wgrad.s524288.cp4",4096,8192,131072,"tn",6.131680011749268,6.183113598823548,1.4345322987098634,66,210,1,0,148,0.002317120257188217,"20260910-151044-4dcf41","df03c9c2980f947ff154672aae181f0939c6e19850422df90912b1b6053820bb","fc257ced4151346f3eab61fe5e56dbd8ba9fee301c741c7872e59d10148bfe28"
"bloom_176b.oproj.wgrad.s16384.cp4",14336,14336,4096,"tn",1.1161920428276062,1.142108792066574,1.5083669435296567,66,23,1,0,148,0.016484683948149677,"20260910-151044-4dcf41","df03c9c2980f947ff154672aae181f0939c6e19850422df90912b1b6053820bb","fc257ced4151346f3eab61fe5e56dbd8ba9fee301c741c7872e59d10148bfe28"
"bloom_176b.oproj.wgrad.s16384.cp8",14336,14336,2048,"tn",0.5861440002918243,0.589024007320404,1.4361890415953846,66,23,1,0,148,0.0016924170553702465,"20260910-151044-4dcf41","df03c9c2980f947ff154672aae181f0939c6e19850422df90912b1b6053820bb","fc257ced4151346f3eab61fe5e56dbd8ba9fee301c741c7872e59d10148bfe28"
"bloom_176b.oproj.wgrad.s65536.cp4",14336,14336,16384,"tn",4.52672004699707,4.601979160308838,1.4877237050688676,66,513,1,0,148,0.02168105237211399,"20260910-151044-4dcf41","df03c9c2980f947ff154672aae181f0939c6e19850422df90912b1b6053820bb","fc257ced4151346f3eab61fe5e56dbd8ba9fee301c741c7872e59d10148bfe28"
"bloom_176b.oproj.wgrad.s131072.cp8",14336,14336,16384,"tn",4.52672004699707,4.601979160308838,1.4877237050688676,66,513,1,0,148,0.02168105237211399,"20260910-151044-4dcf41","df03c9c2980f947ff154672aae181f0939c6e19850422df90912b1b6053820bb","fc257ced4151346f3eab61fe5e56dbd8ba9fee301c741c7872e59d10148bfe28"
"bloom_176b.oproj.wgrad.s65536.cp8",14336,14336,8192,"tn",2.3304319381713867,2.3459951996803285,1.4449056867570111,66,23,1,0,148,0.00035694774383244636,"20260910-151044-4dcf41","df03c9c2980f947ff154672aae181f0939c6e19850422df90912b1b6053820bb","fc257ced4151346f3eab61fe5e56dbd8ba9fee301c741c7872e59d10148bfe28"
"bloom_176b.oproj.wgrad.s131072.cp4",14336,14336,32768,"tn",9.156911849975586,9.22496314048767,1.4709126461987194,66,513,1,0,148,0.0003844103732269579,"20260910-151044-4dcf41","df03c9c2980f947ff154672aae181f0939c6e19850422df90912b1b6053820bb","fc257ced4151346f3eab61fe5e56dbd8ba9fee301c741c7872e59d10148bfe28"
"bloom_176b.oproj.wgrad.s262144.cp8",14336,14336,32768,"tn",9.156911849975586,9.22496314048767,1.4709126461987194,66,513,1,0,148,0.0003844103732269579,"20260910-151044-4dcf41","df03c9c2980f947ff154672aae181f0939c6e19850422df90912b1b6053820bb","fc257ced4151346f3eab61fe5e56dbd8ba9fee301c741c7872e59d10148bfe28"
"bloom_176b.oproj.wgrad.s262144.cp4",14336,14336,65536,"tn",18.791824340820312,19.007955169677736,1.4334975887357664,66,513,1,0,148,0.003332511869275972,"20260910-151044-4dcf41","df03c9c2980f947ff154672aae181f0939c6e19850422df90912b1b6053820bb","fc257ced4151346f3eab61fe5e56dbd8ba9fee301c741c7872e59d10148bfe28"
"bloom_176b.oproj.wgrad.s524288.cp8",14336,14336,65536,"tn",18.791824340820312,19.007955169677736,1.4334975887357664,66,513,1,0,148,0.003332511869275972,"20260910-151044-4dcf41","df03c9c2980f947ff154672aae181f0939c6e19850422df90912b1b6053820bb","fc257ced4151346f3eab61fe5e56dbd8ba9fee301c741c7872e59d10148bfe28"
"bloom_176b.oproj.wgrad.s524288.cp4",14336,14336,131072,"tn",38.86003112792969,39.54719486236572,1.386413448400506,66,232,1,0,148,0.006077202499989202,"20260910-151044-4dcf41","df03c9c2980f947ff154672aae181f0939c6e19850422df90912b1b6053820bb","fc257ced4151346f3eab61fe5e56dbd8ba9fee301c741c7872e59d10148bfe28"
"kimi_k3_kda.oproj.wgrad.s16384.cp4",7168,12288,4096,"tn",0.5177280008792877,0.5208832085132599,1.3936941878796238,66,23,1,0,148,0.003152301547961846,"20260910-151044-4dcf41","df03c9c2980f947ff154672aae181f0939c6e19850422df90912b1b6053820bb","fc257ced4151346f3eab61fe5e56dbd8ba9fee301c741c7872e59d10148bfe28"
"kimi_k3.mla_o.wgrad.s16384.cp4",7168,12288,4096,"tn",0.5177280008792877,0.5208832085132599,1.3936941878796238,66,23,1,0,148,0.003152301547961846,"20260910-151044-4dcf41","df03c9c2980f947ff154672aae181f0939c6e19850422df90912b1b6053820bb","fc257ced4151346f3eab61fe5e56dbd8ba9fee301c741c7872e59d10148bfe28"
"kimi_k3_kda.oproj.wgrad.s16384.cp8",7168,12288,2048,"tn",0.2655840069055557,0.2677296012639999,1.358429888409267,66,23,1,0,148,0.008675175016429575,"20260910-151044-4dcf41","df03c9c2980f947ff154672aae181f0939c6e19850422df90912b1b6053820bb","fc257ced4151346f3eab61fe5e56dbd8ba9fee301c741c7872e59d10148bfe28"
"kimi_k3.mla_o.wgrad.s16384.cp8",7168,12288,2048,"tn",0.2655840069055557,0.2677296012639999,1.358429888409267,66,23,1,0,148,0.008675175016429575,"20260910-151044-4dcf41","df03c9c2980f947ff154672aae181f0939c6e19850422df90912b1b6053820bb","fc257ced4151346f3eab61fe5e56dbd8ba9fee301c741c7872e59d10148bfe28"
"kimi_k3_kda.oproj.wgrad.s65536.cp4",7168,12288,16384,"tn",1.9940319657325745,2.0060416579246523,1.4474281618909008,66,513,1,0,148,0.013608592376975101,"20260910-151044-4dcf41","df03c9c2980f947ff154672aae181f0939c6e19850422df90912b1b6053820bb","fc257ced4151346f3eab61fe5e56dbd8ba9fee301c741c7872e59d10148bfe28"
"kimi_k3_kda.oproj.wgrad.s131072.cp8",7168,12288,16384,"tn",1.9940319657325745,2.0060416579246523,1.4474281618909008,66,513,1,0,148,0.013608592376975101,"20260910-151044-4dcf41","df03c9c2980f947ff154672aae181f0939c6e19850422df90912b1b6053820bb","fc257ced4151346f3eab61fe5e56dbd8ba9fee301c741c7872e59d10148bfe28"
"kimi_k3.mla_o.wgrad.s65536.cp4",7168,12288,16384,"tn",1.9940319657325745,2.0060416579246523,1.4474281618909008,66,513,1,0,148,0.013608592376975101,"20260910-151044-4dcf41","df03c9c2980f947ff154672aae181f0939c6e19850422df90912b1b6053820bb","fc257ced4151346f3eab61fe5e56dbd8ba9fee301c741c7872e59d10148bfe28"
"kimi_k3.mla_o.wgrad.s131072.cp8",7168,12288,16384,"tn",1.9940319657325745,2.0060416579246523,1.4474281618909008,66,513,1,0,148,0.013608592376975101,"20260910-151044-4dcf41","df03c9c2980f947ff154672aae181f0939c6e19850422df90912b1b6053820bb","fc257ced4151346f3eab61fe5e56dbd8ba9fee301c741c7872e59d10148bfe28"
"kimi_k3_kda.oproj.wgrad.s65536.cp8",7168,12288,8192,"tn",1.0223360061645508,1.0350848495960236,1.4115799529256954,66,23,1,0,148,0.000532184325142701,"20260910-151044-4dcf41","df03c9c2980f947ff154672aae181f0939c6e19850422df90912b1b6053820bb","fc257ced4151346f3eab61fe5e56dbd8ba9fee301c741c7872e59d10148bfe28"
"kimi_k3.mla_o.wgrad.s65536.cp8",7168,12288,8192,"tn",1.0223360061645508,1.0350848495960236,1.4115799529256954,66,23,1,0,148,0.000532184325142701,"20260910-151044-4dcf41","df03c9c2980f947ff154672aae181f0939c6e19850422df90912b1b6053820bb","fc257ced4151346f3eab61fe5e56dbd8ba9fee301c741c7872e59d10148bfe28"
"kimi_k3_kda.oproj.wgrad.s131072.cp4",7168,12288,32768,"tn",4.0194079875946045,4.126622295379638,1.4361408604550459,66,513,1,0,148,0.024871372916132693,"20260910-151044-4dcf41","df03c9c2980f947ff154672aae181f0939c6e19850422df90912b1b6053820bb","fc257ced4151346f3eab61fe5e56dbd8ba9fee301c741c7872e59d10148bfe28"
"kimi_k3_kda.oproj.wgrad.s262144.cp8",7168,12288,32768,"tn",4.0194079875946045,4.126622295379638,1.4361408604550459,66,513,1,0,148,0.024871372916132693,"20260910-151044-4dcf41","df03c9c2980f947ff154672aae181f0939c6e19850422df90912b1b6053820bb","fc257ced4151346f3eab61fe5e56dbd8ba9fee301c741c7872e59d10148bfe28"
"kimi_k3.mla_o.wgrad.s131072.cp4",7168,12288,32768,"tn",4.0194079875946045,4.126622295379638,1.4361408604550459,66,513,1,0,148,0.024871372916132693,"20260910-151044-4dcf41","df03c9c2980f947ff154672aae181f0939c6e19850422df90912b1b6053820bb","fc257ced4151346f3eab61fe5e56dbd8ba9fee301c741c7872e59d10148bfe28"
"kimi_k3.mla_o.wgrad.s262144.cp8",7168,12288,32768,"tn",4.0194079875946045,4.126622295379638,1.4361408604550459,66,513,1,0,148,0.024871372916132693,"20260910-151044-4dcf41","df03c9c2980f947ff154672aae181f0939c6e19850422df90912b1b6053820bb","fc257ced4151346f3eab61fe5e56dbd8ba9fee301c741c7872e59d10148bfe28"
"kimi_k3_kda.oproj.wgrad.s262144.cp4",7168,12288,65536,"tn",8.117215633392334,8.201054763793945,1.422269976930893,66,513,1,0,148,0.004438926431156371,"20260910-151044-4dcf41","df03c9c2980f947ff154672aae181f0939c6e19850422df90912b1b6053820bb","fc257ced4151346f3eab61fe5e56dbd8ba9fee301c741c7872e59d10148bfe28"
"kimi_k3_kda.oproj.wgrad.s524288.cp8",7168,12288,65536,"tn",8.117215633392334,8.201054763793945,1.422269976930893,66,513,1,0,148,0.004438926431156371,"20260910-151044-4dcf41","df03c9c2980f947ff154672aae181f0939c6e19850422df90912b1b6053820bb","fc257ced4151346f3eab61fe5e56dbd8ba9fee301c741c7872e59d10148bfe28"
"kimi_k3.mla_o.wgrad.s262144.cp4",7168,12288,65536,"tn",8.117215633392334,8.201054763793945,1.422269976930893,66,513,1,0,148,0.004438926431156371,"20260910-151044-4dcf41","df03c9c2980f947ff154672aae181f0939c6e19850422df90912b1b6053820bb","fc257ced4151346f3eab61fe5e56dbd8ba9fee301c741c7872e59d10148bfe28"
"kimi_k3.mla_o.wgrad.s524288.cp8",7168,12288,65536,"tn",8.117215633392334,8.201054763793945,1.422269976930893,66,513,1,0,148,0.004438926431156371,"20260910-151044-4dcf41","df03c9c2980f947ff154672aae181f0939c6e19850422df90912b1b6053820bb","fc257ced4151346f3eab61fe5e56dbd8ba9fee301c741c7872e59d10148bfe28"
"kimi_k3_kda.oproj.wgrad.s524288.cp4",7168,12288,131072,"tn",16.381792068481445,16.93385305404663,1.4094760870344978,66,513,1,0,148,0.010216239168859548,"20260910-151044-4dcf41","df03c9c2980f947ff154672aae181f0939c6e19850422df90912b1b6053820bb","fc257ced4151346f3eab61fe5e56dbd8ba9fee301c741c7872e59d10148bfe28"
"kimi_k3.mla_o.wgrad.s524288.cp4",7168,12288,131072,"tn",16.381792068481445,16.93385305404663,1.4094760870344978,66,513,1,0,148,0.010216239168859548,"20260910-151044-4dcf41","df03c9c2980f947ff154672aae181f0939c6e19850422df90912b1b6053820bb","fc257ced4151346f3eab61fe5e56dbd8ba9fee301c741c7872e59d10148bfe28"
"kimi_linear_48b_kda.oproj.wgrad.s16384.cp4",2304,4096,4096,"tn",0.06247999891638756,0.06382400169968605,1.2373465535980173,66,23,1,0,148,0.0020486115810620024,"20260910-151044-4dcf41","df03c9c2980f947ff154672aae181f0939c6e19850422df90912b1b6053820bb","fc257ced4151346f3eab61fe5e56dbd8ba9fee301c741c7872e59d10148bfe28"
"kimi_linear_48b.mla_o.wgrad.s16384.cp4",2304,4096,4096,"tn",0.06247999891638756,0.06382400169968605,1.2373465535980173,66,23,1,0,148,0.0020486115810620024,"20260910-151044-4dcf41","df03c9c2980f947ff154672aae181f0939c6e19850422df90912b1b6053820bb","fc257ced4151346f3eab61fe5e56dbd8ba9fee301c741c7872e59d10148bfe28"
"kimi_linear_48b_kda.oproj.wgrad.s16384.cp8",2304,4096,2048,"tn",0.0352960005402565,0.03601759858429432,1.0951582352769051,66,23,1,0,148,0.024478774943539096,"20260910-151044-4dcf41","df03c9c2980f947ff154672aae181f0939c6e19850422df90912b1b6053820bb","fc257ced4151346f3eab61fe5e56dbd8ba9fee301c741c7872e59d10148bfe28"
"kimi_linear_48b.mla_o.wgrad.s16384.cp8",2304,4096,2048,"tn",0.0352960005402565,0.03601759858429432,1.0951582352769051,66,23,1,0,148,0.024478774943539096,"20260910-151044-4dcf41","df03c9c2980f947ff154672aae181f0939c6e19850422df90912b1b6053820bb","fc257ced4151346f3eab61fe5e56dbd8ba9fee301c741c7872e59d10148bfe28"
"kimi_linear_48b_kda.oproj.wgrad.s65536.cp4",2304,4096,16384,"tn",0.21316800266504288,0.21612800657749176,1.4506757179590137,66,513,1,0,148,0.0022517272685171836,"20260910-151044-4dcf41","df03c9c2980f947ff154672aae181f0939c6e19850422df90912b1b6053820bb","fc257ced4151346f3eab61fe5e56dbd8ba9fee301c741c7872e59d10148bfe28"
"kimi_linear_48b_kda.oproj.wgrad.s131072.cp8",2304,4096,16384,"tn",0.21316800266504288,0.21612800657749176,1.4506757179590137,66,513,1,0,148,0.0022517272685171836,"20260910-151044-4dcf41","df03c9c2980f947ff154672aae181f0939c6e19850422df90912b1b6053820bb","fc257ced4151346f3eab61fe5e56dbd8ba9fee301c741c7872e59d10148bfe28"
"kimi_linear_48b.mla_o.wgrad.s65536.cp4",2304,4096,16384,"tn",0.21316800266504288,0.21612800657749176,1.4506757179590137,66,513,1,0,148,0.0022517272685171836,"20260910-151044-4dcf41","df03c9c2980f947ff154672aae181f0939c6e19850422df90912b1b6053820bb","fc257ced4151346f3eab61fe5e56dbd8ba9fee301c741c7872e59d10148bfe28"
"kimi_linear_48b.mla_o.wgrad.s131072.cp8",2304,4096,16384,"tn",0.21316800266504288,0.21612800657749176,1.4506757179590137,66,513,1,0,148,0.0022517272685171836,"20260910-151044-4dcf41","df03c9c2980f947ff154672aae181f0939c6e19850422df90912b1b6053820bb","fc257ced4151346f3eab61fe5e56dbd8ba9fee301c741c7872e59d10148bfe28"
"kimi_linear_48b_kda.oproj.wgrad.s65536.cp8",2304,4096,8192,"tn",0.12942399829626083,0.13179199770092964,1.1946688766488762,66,20,1,0,148,0.006922919498854268,"20260910-151044-4dcf41","df03c9c2980f947ff154672aae181f0939c6e19850422df90912b1b6053820bb","fc257ced4151346f3eab61fe5e56dbd8ba9fee301c741c7872e59d10148bfe28"
"kimi_linear_48b.mla_o.wgrad.s65536.cp8",2304,4096,8192,"tn",0.12942399829626083,0.13179199770092964,1.1946688766488762,66,20,1,0,148,0.006922919498854268,"20260910-151044-4dcf41","df03c9c2980f947ff154672aae181f0939c6e19850422df90912b1b6053820bb","fc257ced4151346f3eab61fe5e56dbd8ba9fee301c741c7872e59d10148bfe28"
"kimi_linear_48b_kda.oproj.wgrad.s131072.cp4",2304,4096,32768,"tn",0.4428959935903549,0.4512704089283943,1.3964346021970173,66,23,1,0,148,0.020880790069472202,"20260910-151044-4dcf41","df03c9c2980f947ff154672aae181f0939c6e19850422df90912b1b6053820bb","fc257ced4151346f3eab61fe5e56dbd8ba9fee301c741c7872e59d10148bfe28"
"kimi_linear_48b_kda.oproj.wgrad.s262144.cp8",2304,4096,32768,"tn",0.4428959935903549,0.4512704089283943,1.3964346021970173,66,23,1,0,148,0.020880790069472202,"20260910-151044-4dcf41","df03c9c2980f947ff154672aae181f0939c6e19850422df90912b1b6053820bb","fc257ced4151346f3eab61fe5e56dbd8ba9fee301c741c7872e59d10148bfe28"
"kimi_linear_48b.mla_o.wgrad.s131072.cp4",2304,4096,32768,"tn",0.4428959935903549,0.4512704089283943,1.3964346021970173,66,23,1,0,148,0.020880790069472202,"20260910-151044-4dcf41","df03c9c2980f947ff154672aae181f0939c6e19850422df90912b1b6053820bb","fc257ced4151346f3eab61fe5e56dbd8ba9fee301c741c7872e59d10148bfe28"
"kimi_linear_48b.mla_o.wgrad.s262144.cp8",2304,4096,32768,"tn",0.4428959935903549,0.4512704089283943,1.3964346021970173,66,23,1,0,148,0.020880790069472202,"20260910-151044-4dcf41","df03c9c2980f947ff154672aae181f0939c6e19850422df90912b1b6053820bb","fc257ced4151346f3eab61fe5e56dbd8ba9fee301c741c7872e59d10148bfe28"
"kimi_linear_48b_kda.oproj.wgrad.s262144.cp4",2304,4096,65536,"tn",0.8114400207996368,0.8373967856168747,1.5243894182456543,66,513,1,0,148,0.028748897847753342,"20260910-151044-4dcf41","df03c9c2980f947ff154672aae181f0939c6e19850422df90912b1b6053820bb","fc257ced4151346f3eab61fe5e56dbd8ba9fee301c741c7872e59d10148bfe28"
"kimi_linear_48b_kda.oproj.wgrad.s524288.cp8",2304,4096,65536,"tn",0.8114400207996368,0.8373967856168747,1.5243894182456543,66,513,1,0,148,0.028748897847753342,"20260910-151044-4dcf41","df03c9c2980f947ff154672aae181f0939c6e19850422df90912b1b6053820bb","fc257ced4151346f3eab61fe5e56dbd8ba9fee301c741c7872e59d10148bfe28"
"kimi_linear_48b.mla_o.wgrad.s262144.cp4",2304,4096,65536,"tn",0.8114400207996368,0.8373967856168747,1.5243894182456543,66,513,1,0,148,0.028748897847753342,"20260910-151044-4dcf41","df03c9c2980f947ff154672aae181f0939c6e19850422df90912b1b6053820bb","fc257ced4151346f3eab61fe5e56dbd8ba9fee301c741c7872e59d10148bfe28"
"kimi_linear_48b.mla_o.wgrad.s524288.cp8",2304,4096,65536,"tn",0.8114400207996368,0.8373967856168747,1.5243894182456543,66,513,1,0,148,0.028748897847753342,"20260910-151044-4dcf41","df03c9c2980f947ff154672aae181f0939c6e19850422df90912b1b6053820bb","fc257ced4151346f3eab61fe5e56dbd8ba9fee301c741c7872e59d10148bfe28"
"kimi_linear_48b_kda.oproj.wgrad.s524288.cp4",2304,4096,131072,"tn",1.6414400339126587,1.6638767838478088,1.5071529336341487,66,513,1,0,148,0.0030217009503030524,"20260910-151044-4dcf41","df03c9c2980f947ff154672aae181f0939c6e19850422df90912b1b6053820bb","fc257ced4151346f3eab61fe5e56dbd8ba9fee301c741c7872e59d10148bfe28"
"kimi_linear_48b.mla_o.wgrad.s524288.cp4",2304,4096,131072,"tn",1.6414400339126587,1.6638767838478088,1.5071529336341487,66,513,1,0,148,0.0030217009503030524,"20260910-151044-4dcf41","df03c9c2980f947ff154672aae181f0939c6e19850422df90912b1b6053820bb","fc257ced4151346f3eab61fe5e56dbd8ba9fee301c741c7872e59d10148bfe28"
"qwen35_397b.gdn_input_packed.wgrad.s16384.cp4",20608,4096,4096,"tn",0.4875680059194565,0.49300639480352404,1.418242637459338,66,23,1,0,148,0.002756528969088911,"20260910-151044-4dcf41","df03c9c2980f947ff154672aae181f0939c6e19850422df90912b1b6053820bb","fc257ced4151346f3eab61fe5e56dbd8ba9fee301c741c7872e59d10148bfe28"
"qwen35_397b.gdn_input_packed.wgrad.s16384.cp8",20608,4096,2048,"tn",0.2510560005903244,0.25429119914770126,1.3771623323681867,66,23,1,0,148,0.00012737354154772386,"20260910-151044-4dcf41","df03c9c2980f947ff154672aae181f0939c6e19850422df90912b1b6053820bb","fc257ced4151346f3eab61fe5e56dbd8ba9fee301c741c7872e59d10148bfe28"
"qwen35_397b.gdn_input_packed.wgrad.s65536.cp4",20608,4096,16384,"tn",1.898368000984192,1.9157871782779694,1.4570193646279401,66,513,1,0,148,0.005124440608326768,"20260910-151044-4dcf41","df03c9c2980f947ff154672aae181f0939c6e19850422df90912b1b6053820bb","fc257ced4151346f3eab61fe5e56dbd8ba9fee301c741c7872e59d10148bfe28"
"qwen35_397b.gdn_input_packed.wgrad.s131072.cp8",20608,4096,16384,"tn",1.898368000984192,1.9157871782779694,1.4570193646279401,66,513,1,0,148,0.005124440608326768,"20260910-151044-4dcf41","df03c9c2980f947ff154672aae181f0939c6e19850422df90912b1b6053820bb","fc257ced4151346f3eab61fe5e56dbd8ba9fee301c741c7872e59d10148bfe28"
"qwen35_397b.gdn_input_packed.wgrad.s65536.cp8",20608,4096,8192,"tn",0.9821600019931793,0.9926495790481568,1.408099969969663,66,23,1,0,148,0.0021829224039055196,"20260910-151044-4dcf41","df03c9c2980f947ff154672aae181f0939c6e19850422df90912b1b6053820bb","fc257ced4151346f3eab61fe5e56dbd8ba9fee301c741c7872e59d10148bfe28"
"qwen35_397b.gdn_input_packed.wgrad.s131072.cp4",20608,4096,32768,"tn",3.7007839679718018,3.7264192581176756,1.494796217537589,66,513,1,0,148,0.0004323481452032645,"20260910-151044-4dcf41","df03c9c2980f947ff154672aae181f0939c6e19850422df90912b1b6053820bb","fc257ced4151346f3eab61fe5e56dbd8ba9fee301c741c7872e59d10148bfe28"
"qwen35_397b.gdn_input_packed.wgrad.s262144.cp8",20608,4096,32768,"tn",3.7007839679718018,3.7264192581176756,1.494796217537589,66,513,1,0,148,0.0004323481452032645,"20260910-151044-4dcf41","df03c9c2980f947ff154672aae181f0939c6e19850422df90912b1b6053820bb","fc257ced4151346f3eab61fe5e56dbd8ba9fee301c741c7872e59d10148bfe28"
"qwen35_397b.gdn_input_packed.wgrad.s262144.cp4",20608,4096,65536,"tn",7.400736093521118,7.485499143600464,1.494964232568933,66,513,1,0,148,0.0033336622538166294,"20260910-151044-4dcf41","df03c9c2980f947ff154672aae181f0939c6e19850422df90912b1b6053820bb","fc257ced4151346f3eab61fe5e56dbd8ba9fee301c741c7872e59d10148bfe28"
"qwen35_397b.gdn_input_packed.wgrad.s524288.cp8",20608,4096,65536,"tn",7.400736093521118,7.485499143600464,1.494964232568933,66,513,1,0,148,0.0033336622538166294,"20260910-151044-4dcf41","df03c9c2980f947ff154672aae181f0939c6e19850422df90912b1b6053820bb","fc257ced4151346f3eab61fe5e56dbd8ba9fee301c741c7872e59d10148bfe28"
"qwen35_397b.gdn_input_packed.wgrad.s524288.cp4",20608,4096,131072,"tn",14.95795202255249,15.18739356994629,1.4793249420528651,66,513,1,0,148,0.0018826170302181774,"20260910-151044-4dcf41","df03c9c2980f947ff154672aae181f0939c6e19850422df90912b1b6053820bb","fc257ced4151346f3eab61fe5e56dbd8ba9fee301c741c7872e59d10148bfe28"
"qwen35_397b.full_input_packed.wgrad.s16384.cp4",17408,4096,4096,"tn",0.43248000741004944,0.4461376056075096,1.3506186233995774,66,32,1,0,148,0.0057713745418241005,"20260910-151044-4dcf41","df03c9c2980f947ff154672aae181f0939c6e19850422df90912b1b6053820bb","fc257ced4151346f3eab61fe5e56dbd8ba9fee301c741c7872e59d10148bfe28"
"qwen35_397b.full_input_packed.wgrad.s16384.cp8",17408,4096,2048,"tn",0.21380800008773804,0.2183424010872841,1.3659815161647435,66,23,1,0,148,0.0008980087831322379,"20260910-151044-4dcf41","df03c9c2980f947ff154672aae181f0939c6e19850422df90912b1b6053820bb","fc257ced4151346f3eab61fe5e56dbd8ba9fee301c741c7872e59d10148bfe28"
"qwen35_397b.full_input_packed.wgrad.s65536.cp4",17408,4096,16384,"tn",1.6828479766845703,1.6950704097747802,1.3883976695429938,66,23,1,0,148,0.00463973582591803,"20260910-151044-4dcf41","df03c9c2980f947ff154672aae181f0939c6e19850422df90912b1b6053820bb","fc257ced4151346f3eab61fe5e56dbd8ba9fee301c741c7872e59d10148bfe28"
"qwen35_397b.full_input_packed.wgrad.s131072.cp8",17408,4096,16384,"tn",1.6828479766845703,1.6950704097747802,1.3883976695429938,66,23,1,0,148,0.00463973582591803,"20260910-151044-4dcf41","df03c9c2980f947ff154672aae181f0939c6e19850422df90912b1b6053820bb","fc257ced4151346f3eab61fe5e56dbd8ba9fee301c741c7872e59d10148bfe28"
"qwen35_397b.full_input_packed.wgrad.s65536.cp8",17408,4096,8192,"tn",0.8148159980773926,0.8241023927927017,1.4337360916679491,66,23,1,0,148,0.002395696845668258,"20260910-151044-4dcf41","df03c9c2980f947ff154672aae181f0939c6e19850422df90912b1b6053820bb","fc257ced4151346f3eab61fe5e56dbd8ba9fee301c741c7872e59d10148bfe28"
"qwen35_397b.full_input_packed.wgrad.s131072.cp4",17408,4096,32768,"tn",3.1628479957580566,3.2415775656700134,1.4774419840331325,66,513,1,0,148,0.011847553125875833,"20260910-151044-4dcf41","df03c9c2980f947ff154672aae181f0939c6e19850422df90912b1b6053820bb","fc257ced4151346f3eab61fe5e56dbd8ba9fee301c741c7872e59d10148bfe28"
"qwen35_397b.full_input_packed.wgrad.s262144.cp8",17408,4096,32768,"tn",3.1628479957580566,3.2415775656700134,1.4774419840331325,66,513,1,0,148,0.011847553125875833,"20260910-151044-4dcf41","df03c9c2980f947ff154672aae181f0939c6e19850422df90912b1b6053820bb","fc257ced4151346f3eab61fe5e56dbd8ba9fee301c741c7872e59d10148bfe28"
"qwen35_397b.full_input_packed.wgrad.s262144.cp4",17408,4096,65536,"tn",6.3673601150512695,6.436916732788086,1.46777450422572,66,513,1,0,148,0.0003316777652781832,"20260910-151044-4dcf41","df03c9c2980f947ff154672aae181f0939c6e19850422df90912b1b6053820bb","fc257ced4151346f3eab61fe5e56dbd8ba9fee301c741c7872e59d10148bfe28"
"qwen35_397b.full_input_packed.wgrad.s524288.cp8",17408,4096,65536,"tn",6.3673601150512695,6.436916732788086,1.46777450422572,66,513,1,0,148,0.0003316777652781832,"20260910-151044-4dcf41","df03c9c2980f947ff154672aae181f0939c6e19850422df90912b1b6053820bb","fc257ced4151346f3eab61fe5e56dbd8ba9fee301c741c7872e59d10148bfe28"
"qwen35_397b.full_input_packed.wgrad.s524288.cp4",17408,4096,131072,"tn",12.862319946289062,13.120038318634034,1.4532135532505381,66,513,1,0,148,0.01101139457497227,"20260910-151044-4dcf41","df03c9c2980f947ff154672aae181f0939c6e19850422df90912b1b6053820bb","fc257ced4151346f3eab61fe5e56dbd8ba9fee301c741c7872e59d10148bfe28"
"glm5.mla_input_packed.wgrad.s16384.cp4",2624,6144,4096,"tn",0.11444799974560738,0.11590400338172913,1.1539759947361505,66,570,1,0,148,0.0025164458410304753,"20260910-151044-4dcf41","df03c9c2980f947ff154672aae181f0939c6e19850422df90912b1b6053820bb","fc257ced4151346f3eab61fe5e56dbd8ba9fee301c741c7872e59d10148bfe28"
"glm5.mla_input_packed.wgrad.s16384.cp8",2624,6144,2048,"tn",0.05860799923539162,0.06037280149757862,1.1267254135528204,66,20,1,0,148,0.007097997675507303,"20260910-151044-4dcf41","df03c9c2980f947ff154672aae181f0939c6e19850422df90912b1b6053820bb","fc257ced4151346f3eab61fe5e56dbd8ba9fee301c741c7872e59d10148bfe28"
"glm5.mla_input_packed.wgrad.s65536.cp4",2624,6144,16384,"tn",0.41816000640392303,0.42442239075899124,1.2633464925330646,66,570,1,0,148,0.021580313448215812,"20260910-151044-4dcf41","df03c9c2980f947ff154672aae181f0939c6e19850422df90912b1b6053820bb","fc257ced4151346f3eab61fe5e56dbd8ba9fee301c741c7872e59d10148bfe28"
"glm5.mla_input_packed.wgrad.s131072.cp8",2624,6144,16384,"tn",0.41816000640392303,0.42442239075899124,1.2633464925330646,66,570,1,0,148,0.021580313448215812,"20260910-151044-4dcf41","df03c9c2980f947ff154672aae181f0939c6e19850422df90912b1b6053820bb","fc257ced4151346f3eab61fe5e56dbd8ba9fee301c741c7872e59d10148bfe28"
"glm5.mla_input_packed.wgrad.s65536.cp8",2624,6144,8192,"tn",0.21535999327898026,0.21960479989647866,1.2265067651716948,66,570,1,0,148,0.0034175249658979206,"20260910-151044-4dcf41","df03c9c2980f947ff154672aae181f0939c6e19850422df90912b1b6053820bb","fc257ced4151346f3eab61fe5e56dbd8ba9fee301c741c7872e59d10148bfe28"
"glm5.mla_input_packed.wgrad.s131072.cp4",2624,6144,32768,"tn",0.8094879984855652,0.8235376089811325,1.3052225070571453,66,535,1,0,148,0.01735422877109894,"20260910-151044-4dcf41","df03c9c2980f947ff154672aae181f0939c6e19850422df90912b1b6053820bb","fc257ced4151346f3eab61fe5e56dbd8ba9fee301c741c7872e59d10148bfe28"
"glm5.mla_input_packed.wgrad.s262144.cp8",2624,6144,32768,"tn",0.8094879984855652,0.8235376089811325,1.3052225070571453,66,535,1,0,148,0.01735422877109894,"20260910-151044-4dcf41","df03c9c2980f947ff154672aae181f0939c6e19850422df90912b1b6053820bb","fc257ced4151346f3eab61fe5e56dbd8ba9fee301c741c7872e59d10148bfe28"
"glm5.mla_input_packed.wgrad.s262144.cp4",2624,6144,65536,"tn",1.5775520205497742,1.6101039826869965,1.339495548866642,66,535,1,0,148,0.00014198850633645436,"20260910-151044-4dcf41","df03c9c2980f947ff154672aae181f0939c6e19850422df90912b1b6053820bb","fc257ced4151346f3eab61fe5e56dbd8ba9fee301c741c7872e59d10148bfe28"
"glm5.mla_input_packed.wgrad.s524288.cp8",2624,6144,65536,"tn",1.5775520205497742,1.6101039826869965,1.339495548866642,66,535,1,0,148,0.00014198850633645436,"20260910-151044-4dcf41","df03c9c2980f947ff154672aae181f0939c6e19850422df90912b1b6053820bb","fc257ced4151346f3eab61fe5e56dbd8ba9fee301c741c7872e59d10148bfe28"
"glm5.mla_input_packed.wgrad.s524288.cp4",2624,6144,131072,"tn",3.1383039951324463,3.165191912651062,1.3466661693127786,66,535,1,0,148,0.0008258754975404165,"20260910-151044-4dcf41","df03c9c2980f947ff154672aae181f0939c6e19850422df90912b1b6053820bb","fc257ced4151346f3eab61fe5e56dbd8ba9fee301c741c7872e59d10148bfe28"
"glm5.mla_q_b.wgrad.s16384.cp4",16384,2048,4096,"tn",0.2176000028848648,0.22127200439572334,1.2632256585467132,66,32,1,0,148,0.001323573712023696,"20260910-151044-4dcf41","df03c9c2980f947ff154672aae181f0939c6e19850422df90912b1b6053820bb","fc257ced4151346f3eab61fe5e56dbd8ba9fee301c741c7872e59d10148bfe28"
"glm5.mla_q_b.wgrad.s16384.cp8",16384,2048,2048,"tn",0.11895999684929848,0.11999199725687504,1.1553375681920295,66,20,1,0,148,0.0067249383171013154,"20260910-151044-4dcf41","df03c9c2980f947ff154672aae181f0939c6e19850422df90912b1b6053820bb","fc257ced4151346f3eab61fe5e56dbd8ba9fee301c741c7872e59d10148bfe28"
"glm5.mla_q_b.wgrad.s65536.cp4",16384,2048,16384,"tn",0.7688640058040619,0.8016240119934082,1.4300469517052679,66,232,1,0,148,0.033420708215248035,"20260910-151044-4dcf41","df03c9c2980f947ff154672aae181f0939c6e19850422df90912b1b6053820bb","fc257ced4151346f3eab61fe5e56dbd8ba9fee301c741c7872e59d10148bfe28"
"glm5.mla_q_b.wgrad.s131072.cp8",16384,2048,16384,"tn",0.7688640058040619,0.8016240119934082,1.4300469517052679,66,232,1,0,148,0.033420708215248035,"20260910-151044-4dcf41","df03c9c2980f947ff154672aae181f0939c6e19850422df90912b1b6053820bb","fc257ced4151346f3eab61fe5e56dbd8ba9fee301c741c7872e59d10148bfe28"
"glm5.mla_q_b.wgrad.s65536.cp8",16384,2048,8192,"tn",0.4082400053739548,0.4111200079321861,1.3466485563667734,66,23,1,0,148,0.0005486827653275563,"20260910-151044-4dcf41","df03c9c2980f947ff154672aae181f0939c6e19850422df90912b1b6053820bb","fc257ced4151346f3eab61fe5e56dbd8ba9fee301c741c7872e59d10148bfe28"
"glm5.mla_q_b.wgrad.s131072.cp4",16384,2048,32768,"tn",1.6076480150222778,1.6401872336864471,1.367851193173978,66,24,1,0,148,0.011644359094579245,"20260910-151044-4dcf41","df03c9c2980f947ff154672aae181f0939c6e19850422df90912b1b6053820bb","fc257ced4151346f3eab61fe5e56dbd8ba9fee301c741c7872e59d10148bfe28"
"glm5.mla_q_b.wgrad.s262144.cp8",16384,2048,32768,"tn",1.6076480150222778,1.6401872336864471,1.367851193173978,66,24,1,0,148,0.011644359094579245,"20260910-151044-4dcf41","df03c9c2980f947ff154672aae181f0939c6e19850422df90912b1b6053820bb","fc257ced4151346f3eab61fe5e56dbd8ba9fee301c741c7872e59d10148bfe28"
"glm5.mla_q_b.wgrad.s262144.cp4",16384,2048,65536,"tn",3.072543978691101,3.1127391934394835,1.4314022977720116,66,232,1,0,148,0.006009303739641792,"20260910-151044-4dcf41","df03c9c2980f947ff154672aae181f0939c6e19850422df90912b1b6053820bb","fc257ced4151346f3eab61fe5e56dbd8ba9fee301c741c7872e59d10148bfe28"
"glm5.mla_q_b.wgrad.s524288.cp8",16384,2048,65536,"tn",3.072543978691101,3.1127391934394835,1.4314022977720116,66,232,1,0,148,0.006009303739641792,"20260910-151044-4dcf41","df03c9c2980f947ff154672aae181f0939c6e19850422df90912b1b6053820bb","fc257ced4151346f3eab61fe5e56dbd8ba9fee301c741c7872e59d10148bfe28"
"glm5.mla_q_b.wgrad.s524288.cp4",16384,2048,131072,"tn",6.207472085952759,6.249721431732178,1.4170169274080473,66,232,1,0,148,0.0008351505270101715,"20260910-151044-4dcf41","df03c9c2980f947ff154672aae181f0939c6e19850422df90912b1b6053820bb","fc257ced4151346f3eab61fe5e56dbd8ba9fee301c741c7872e59d10148bfe28"
"glm5.mla_kv_b.wgrad.s16384.cp4",28672,512,4096,"tn",0.11001599952578545,0.11169280111789703,1.0931054101800328,66,29,1,0,148,0.0052355742605654605,"20260910-151044-4dcf41","df03c9c2980f947ff154672aae181f0939c6e19850422df90912b1b6053820bb","fc257ced4151346f3eab61fe5e56dbd8ba9fee301c741c7872e59d10148bfe28"
"glm5.mla_kv_b.wgrad.s16384.cp8",28672,512,2048,"tn",0.06176000088453293,0.06264800019562244,0.9736000855378669,66,20,1,0,148,0.0015544159588152756,"20260910-151044-4dcf41","df03c9c2980f947ff154672aae181f0939c6e19850422df90912b1b6053820bb","fc257ced4151346f3eab61fe5e56dbd8ba9fee301c741c7872e59d10148bfe28"
"glm5.mla_kv_b.wgrad.s65536.cp4",28672,512,16384,"tn",0.4119520038366318,0.4149471938610077,1.1676999569657756,66,29,1,0,148,0.0006990616347299144,"20260910-151044-4dcf41","df03c9c2980f947ff154672aae181f0939c6e19850422df90912b1b6053820bb","fc257ced4151346f3eab61fe5e56dbd8ba9fee301c741c7872e59d10148bfe28"
"glm5.mla_kv_b.wgrad.s131072.cp8",28672,512,16384,"tn",0.4119520038366318,0.4149471938610077,1.1676999569657756,66,29,1,0,148,0.0006990616347299144,"20260910-151044-4dcf41","df03c9c2980f947ff154672aae181f0939c6e19850422df90912b1b6053820bb","fc257ced4151346f3eab61fe5e56dbd8ba9fee301c741c7872e59d10148bfe28"
"glm5.mla_kv_b.wgrad.s65536.cp8",28672,512,8192,"tn",0.21404800564050674,0.21970880404114723,1.1236646090501299,66,29,1,0,148,0.026909847343647476,"20260910-151044-4dcf41","df03c9c2980f947ff154672aae181f0939c6e19850422df90912b1b6053820bb","fc257ced4151346f3eab61fe5e56dbd8ba9fee301c741c7872e59d10148bfe28"
"glm5.mla_kv_b.wgrad.s131072.cp4",28672,512,32768,"tn",0.7610400021076202,0.772025591135025,1.2641551976763914,66,447,1,0,148,0.0005046156906658041,"20260910-151044-4dcf41","df03c9c2980f947ff154672aae181f0939c6e19850422df90912b1b6053820bb","fc257ced4151346f3eab61fe5e56dbd8ba9fee301c741c7872e59d10148bfe28"
"glm5.mla_kv_b.wgrad.s262144.cp8",28672,512,32768,"tn",0.7610400021076202,0.772025591135025,1.2641551976763914,66,447,1,0,148,0.0005046156906658041,"20260910-151044-4dcf41","df03c9c2980f947ff154672aae181f0939c6e19850422df90912b1b6053820bb","fc257ced4151346f3eab61fe5e56dbd8ba9fee301c741c7872e59d10148bfe28"
"glm5.mla_kv_b.wgrad.s262144.cp4",28672,512,65536,"tn",1.5505920052528381,1.5702480316162108,1.2409101440544643,66,29,1,0,148,0.009018545227861706,"20260910-151044-4dcf41","df03c9c2980f947ff154672aae181f0939c6e19850422df90912b1b6053820bb","fc257ced4151346f3eab61fe5e56dbd8ba9fee301c741c7872e59d10148bfe28"
"glm5.mla_kv_b.wgrad.s524288.cp8",28672,512,65536,"tn",1.5505920052528381,1.5702480316162108,1.2409101440544643,66,29,1,0,148,0.009018545227861706,"20260910-151044-4dcf41","df03c9c2980f947ff154672aae181f0939c6e19850422df90912b1b6053820bb","fc257ced4151346f3eab61fe5e56dbd8ba9fee301c741c7872e59d10148bfe28"
"glm5.mla_kv_b.wgrad.s524288.cp4",28672,512,131072,"tn",2.8483039140701294,2.939308738708496,1.3510814903585635,66,513,3,176160784,148,0.015593824295132046,"20260910-151044-4dcf41","df03c9c2980f947ff154672aae181f0939c6e19850422df90912b1b6053820bb","fc257ced4151346f3eab61fe5e56dbd8ba9fee301c741c7872e59d10148bfe28"
"glm5.mla_o.wgrad.s16384.cp4",6144,16384,4096,"tn",0.5663679838180542,0.5778831988573074,1.456003418966058,66,23,1,0,148,0.010283119124048445,"20260910-151044-4dcf41","df03c9c2980f947ff154672aae181f0939c6e19850422df90912b1b6053820bb","fc257ced4151346f3eab61fe5e56dbd8ba9fee301c741c7872e59d10148bfe28"
"glm5.mla_o.wgrad.s16384.cp8",6144,16384,2048,"tn",0.29121600091457367,0.29345439523458483,1.4158454862408145,66,23,1,0,148,0.0003296291416312856,"20260910-151044-4dcf41","df03c9c2980f947ff154672aae181f0939c6e19850422df90912b1b6053820bb","fc257ced4151346f3eab61fe5e56dbd8ba9fee301c741c7872e59d10148bfe28"
"glm5.mla_o.wgrad.s65536.cp4",6144,16384,16384,"tn",2.2628480195999146,2.2771520614624023,1.4576917471952895,66,513,1,0,148,0.0013151306135318216,"20260910-151044-4dcf41","df03c9c2980f947ff154672aae181f0939c6e19850422df90912b1b6053820bb","fc257ced4151346f3eab61fe5e56dbd8ba9fee301c741c7872e59d10148bfe28"
"glm5.mla_o.wgrad.s131072.cp8",6144,16384,16384,"tn",2.2628480195999146,2.2771520614624023,1.4576917471952895,66,513,1,0,148,0.0013151306135318216,"20260910-151044-4dcf41","df03c9c2980f947ff154672aae181f0939c6e19850422df90912b1b6053820bb","fc257ced4151346f3eab61fe5e56dbd8ba9fee301c741c7872e59d10148bfe28"
"glm5.mla_o.wgrad.s65536.cp8",6144,16384,8192,"tn",1.132752001285553,1.1528864204883575,1.455982809822677,66,23,1,0,148,0.0101416380658715,"20260910-151044-4dcf41","df03c9c2980f947ff154672aae181f0939c6e19850422df90912b1b6053820bb","fc257ced4151346f3eab61fe5e56dbd8ba9fee301c741c7872e59d10148bfe28"
"glm5.mla_o.wgrad.s131072.cp4",6144,16384,32768,"tn",4.500928163528442,4.584318327903747,1.4657131878070935,66,513,1,0,148,0.017269387259769318,"20260910-151044-4dcf41","df03c9c2980f947ff154672aae181f0939c6e19850422df90912b1b6053820bb","fc257ced4151346f3eab61fe5e56dbd8ba9fee301c741c7872e59d10148bfe28"
"glm5.mla_o.wgrad.s262144.cp8",6144,16384,32768,"tn",4.500928163528442,4.584318327903747,1.4657131878070935,66,513,1,0,148,0.017269387259769318,"20260910-151044-4dcf41","df03c9c2980f947ff154672aae181f0939c6e19850422df90912b1b6053820bb","fc257ced4151346f3eab61fe5e56dbd8ba9fee301c741c7872e59d10148bfe28"
"glm5.mla_o.wgrad.s262144.cp4",6144,16384,65536,"tn",9.076623916625977,9.19274868965149,1.4536395530439268,66,513,1,0,148,0.0029472983011348533,"20260910-151044-4dcf41","df03c9c2980f947ff154672aae181f0939c6e19850422df90912b1b6053820bb","fc257ced4151346f3eab61fe5e56dbd8ba9fee301c741c7872e59d10148bfe28"
"glm5.mla_o.wgrad.s524288.cp8",6144,16384,65536,"tn",9.076623916625977,9.19274868965149,1.4536395530439268,66,513,1,0,148,0.0029472983011348533,"20260910-151044-4dcf41","df03c9c2980f947ff154672aae181f0939c6e19850422df90912b1b6053820bb","fc257ced4151346f3eab61fe5e56dbd8ba9fee301c741c7872e59d10148bfe28"
"glm5.mla_o.wgrad.s524288.cp4",6144,16384,131072,"tn",18.346976280212402,18.643075370788573,1.438290357146442,66,210,1,0,148,0.013696812263975438,"20260910-151044-4dcf41","df03c9c2980f947ff154672aae181f0939c6e19850422df90912b1b6053820bb","fc257ced4151346f3eab61fe5e56dbd8ba9fee301c741c7872e59d10148bfe28"
"glm5.index_k.wgrad.s16384.cp4",128,6144,4096,"tn",0.011408000253140926,0.013015999877825379,0.564730960820782,66,17,1,0,148,0.030855529323557604,"20260910-151044-4dcf41","df03c9c2980f947ff154672aae181f0939c6e19850422df90912b1b6053820bb","fc257ced4151346f3eab61fe5e56dbd8ba9fee301c741c7872e59d10148bfe28"
"glm5.index_k.wgrad.s16384.cp8",128,6144,2048,"tn",0.009296000003814697,0.009936000127345322,0.3465173699094386,66,17,1,0,148,0.020654001641436,"20260910-151044-4dcf41","df03c9c2980f947ff154672aae181f0939c6e19850422df90912b1b6053820bb","fc257ced4151346f3eab61fe5e56dbd8ba9fee301c741c7872e59d10148bfe28"
"glm5.index_k.wgrad.s65536.cp4",128,6144,16384,"tn",0.04560000076889992,0.04727360028773546,0.5651272662603879,66,31,4,12582928,148,0.005614077741088571,"20260910-151044-4dcf41","df03c9c2980f947ff154672aae181f0939c6e19850422df90912b1b6053820bb","fc257ced4151346f3eab61fe5e56dbd8ba9fee301c741c7872e59d10148bfe28"
"glm5.index_k.wgrad.s131072.cp8",128,6144,16384,"tn",0.04560000076889992,0.04727360028773546,0.5651272662603879,66,31,4,12582928,148,0.005614077741088571,"20260910-151044-4dcf41","df03c9c2980f947ff154672aae181f0939c6e19850422df90912b1b6053820bb","fc257ced4151346f3eab61fe5e56dbd8ba9fee301c741c7872e59d10148bfe28"
"glm5.index_k.wgrad.s65536.cp8",128,6144,8192,"tn",0.021263999864459038,0.022383999917656182,0.6059491144719209,66,17,1,0,148,0.006019609455937501,"20260910-151044-4dcf41","df03c9c2980f947ff154672aae181f0939c6e19850422df90912b1b6053820bb","fc257ced4151346f3eab61fe5e56dbd8ba9fee301c741c7872e59d10148bfe28"
"glm5.index_k.wgrad.s131072.cp4",128,6144,32768,"tn",0.07527999952435493,0.07726559974253178,0.6846387868975167,66,20,3,9437200,148,0.0025504976513796318,"20260910-151044-4dcf41","df03c9c2980f947ff154672aae181f0939c6e19850422df90912b1b6053820bb","fc257ced4151346f3eab61fe5e56dbd8ba9fee301c741c7872e59d10148bfe28"
"glm5.index_k.wgrad.s262144.cp8",128,6144,32768,"tn",0.07527999952435493,0.07726559974253178,0.6846387868975167,66,20,3,9437200,148,0.0025504976513796318,"20260910-151044-4dcf41","df03c9c2980f947ff154672aae181f0939c6e19850422df90912b1b6053820bb","fc257ced4151346f3eab61fe5e56dbd8ba9fee301c741c7872e59d10148bfe28"
"glm5.index_k.wgrad.s262144.cp4",128,6144,65536,"tn",0.13502400368452072,0.13764000162482262,0.7634140026305344,66,20,3,9437200,148,0.008768822821651291,"20260910-151044-4dcf41","df03c9c2980f947ff154672aae181f0939c6e19850422df90912b1b6053820bb","fc257ced4151346f3eab61fe5e56dbd8ba9fee301c741c7872e59d10148bfe28"
"glm5.index_k.wgrad.s524288.cp8",128,6144,65536,"tn",0.13502400368452072,0.13764000162482262,0.7634140026305344,66,20,3,9437200,148,0.008768822821651291,"20260910-151044-4dcf41","df03c9c2980f947ff154672aae181f0939c6e19850422df90912b1b6053820bb","fc257ced4151346f3eab61fe5e56dbd8ba9fee301c741c7872e59d10148bfe28"
"glm5.index_k.wgrad.s524288.cp4",128,6144,131072,"tn",0.2505279928445816,0.2524191990494728,0.8228957884793863,66,264,9,28311568,148,0.0008940887304552662,"20260910-151044-4dcf41","df03c9c2980f947ff154672aae181f0939c6e19850422df90912b1b6053820bb","fc257ced4151346f3eab61fe5e56dbd8ba9fee301c741c7872e59d10148bfe28"
"glm5.index_weights.wgrad.s16384.cp4",32,6144,4096,"tn",0.011327999643981457,0.012671999633312225,0.14217980107862338,66,13,1,0,148,0.005649678497209691,"20260910-151044-4dcf41","df03c9c2980f947ff154672aae181f0939c6e19850422df90912b1b6053820bb","fc257ced4151346f3eab61fe5e56dbd8ba9fee301c741c7872e59d10148bfe28"
"glm5.index_weights.wgrad.s16384.cp8",32,6144,2048,"tn",0.009184000082314014,0.009667200036346912,0.08768579712350065,66,13,1,0,148,0.0034843470575976966,"20260910-151044-4dcf41","df03c9c2980f947ff154672aae181f0939c6e19850422df90912b1b6053820bb","fc257ced4151346f3eab61fe5e56dbd8ba9fee301c741c7872e59d10148bfe28"
"glm5.index_weights.wgrad.s65536.cp4",32,6144,16384,"tn",0.03977600112557411,0.041524799540638924,0.16196829147457473,66,208,4,3145744,148,0.0024135339972534225,"20260910-151044-4dcf41","df03c9c2980f947ff154672aae181f0939c6e19850422df90912b1b6053820bb","fc257ced4151346f3eab61fe5e56dbd8ba9fee301c741c7872e59d10148bfe28"
"glm5.index_weights.wgrad.s131072.cp8",32,6144,16384,"tn",0.03977600112557411,0.041524799540638924,0.16196829147457473,66,208,4,3145744,148,0.0024135339972534225,"20260910-151044-4dcf41","df03c9c2980f947ff154672aae181f0939c6e19850422df90912b1b6053820bb","fc257ced4151346f3eab61fe5e56dbd8ba9fee301c741c7872e59d10148bfe28"
"glm5.index_weights.wgrad.s65536.cp8",32,6144,8192,"tn",0.019039999693632126,0.019633600488305092,0.16918201280629905,66,16,3,2359312,148,0,"20260910-151044-4dcf41","df03c9c2980f947ff154672aae181f0939c6e19850422df90912b1b6053820bb","fc257ced4151346f3eab61fe5e56dbd8ba9fee301c741c7872e59d10148bfe28"
"glm5.index_weights.wgrad.s131072.cp4",32,6144,32768,"tn",0.06892800331115723,0.07019359804689884,0.18693275982236887,66,16,3,2359312,148,0,"20260910-151044-4dcf41","df03c9c2980f947ff154672aae181f0939c6e19850422df90912b1b6053820bb","fc257ced4151346f3eab61fe5e56dbd8ba9fee301c741c7872e59d10148bfe28"
"glm5.index_weights.wgrad.s262144.cp8",32,6144,32768,"tn",0.06892800331115723,0.07019359804689884,0.18693275982236887,66,16,3,2359312,148,0,"20260910-151044-4dcf41","df03c9c2980f947ff154672aae181f0939c6e19850422df90912b1b6053820bb","fc257ced4151346f3eab61fe5e56dbd8ba9fee301c741c7872e59d10148bfe28"
"glm5.index_weights.wgrad.s262144.cp4",32,6144,65536,"tn",0.12547199428081512,0.12677280083298684,0.20538291372276565,66,16,3,2359312,148,0.001020155735858284,"20260910-151044-4dcf41","df03c9c2980f947ff154672aae181f0939c6e19850422df90912b1b6053820bb","fc257ced4151346f3eab61fe5e56dbd8ba9fee301c741c7872e59d10148bfe28"
"glm5.index_weights.wgrad.s524288.cp8",32,6144,65536,"tn",0.12547199428081512,0.12677280083298684,0.20538291372276565,66,16,3,2359312,148,0.001020155735858284,"20260910-151044-4dcf41","df03c9c2980f947ff154672aae181f0939c6e19850422df90912b1b6053820bb","fc257ced4151346f3eab61fe5e56dbd8ba9fee301c741c7872e59d10148bfe28"
"glm5.index_weights.wgrad.s524288.cp4",32,6144,131072,"tn",0.23923200368881226,0.2426928035914898,0.2154377623281607,66,35,6,4718608,148,0.0009363678469980045,"20260910-151044-4dcf41","df03c9c2980f947ff154672aae181f0939c6e19850422df90912b1b6053820bb","fc257ced4151346f3eab61fe5e56dbd8ba9fee301c741c7872e59d10148bfe28"
"deepseek_v3.mla_input_packed.wgrad.s16384.cp4",2112,7168,4096,"tn",0.11185600236058235,0.11385120265185833,1.1087217320016005,66,570,1,0,148,0.0011443371115885546,"20260910-151044-4dcf41","df03c9c2980f947ff154672aae181f0939c6e19850422df90912b1b6053820bb","fc257ced4151346f3eab61fe5e56dbd8ba9fee301c741c7872e59d10148bfe28"
"deepseek_v3.mla_input_packed.wgrad.s16384.cp8",2112,7168,2048,"tn",0.05766399949789047,0.0585807990282774,1.075343210251458,66,20,1,0,148,0.007214196829239394,"20260910-151044-4dcf41","df03c9c2980f947ff154672aae181f0939c6e19850422df90912b1b6053820bb","fc257ced4151346f3eab61fe5e56dbd8ba9fee301c741c7872e59d10148bfe28"
"deepseek_v3.mla_input_packed.wgrad.s65536.cp4",2112,7168,16384,"tn",0.3818559944629669,0.3877120018005371,1.2990989532209887,66,209,1,0,148,0.00486046902039271,"20260910-151044-4dcf41","df03c9c2980f947ff154672aae181f0939c6e19850422df90912b1b6053820bb","fc257ced4151346f3eab61fe5e56dbd8ba9fee301c741c7872e59d10148bfe28"
"deepseek_v3.mla_input_packed.wgrad.s131072.cp8",2112,7168,16384,"tn",0.3818559944629669,0.3877120018005371,1.2990989532209887,66,209,1,0,148,0.00486046902039271,"20260910-151044-4dcf41","df03c9c2980f947ff154672aae181f0939c6e19850422df90912b1b6053820bb","fc257ced4151346f3eab61fe5e56dbd8ba9fee301c741c7872e59d10148bfe28"
"deepseek_v3.mla_input_packed.wgrad.s65536.cp8",2112,7168,8192,"tn",0.1934400051832199,0.1960623987019062,1.282228880779186,66,209,1,0,148,0.0033084675091296957,"20260910-151044-4dcf41","df03c9c2980f947ff154672aae181f0939c6e19850422df90912b1b6053820bb","fc257ced4151346f3eab61fe5e56dbd8ba9fee301c741c7872e59d10148bfe28"
"deepseek_v3.mla_input_packed.wgrad.s131072.cp4",2112,7168,32768,"tn",0.8126560151576996,0.823430398106575,1.2208578129868037,66,209,1,0,148,0.005394633333297883,"20260910-151044-4dcf41","df03c9c2980f947ff154672aae181f0939c6e19850422df90912b1b6053820bb","fc257ced4151346f3eab61fe5e56dbd8ba9fee301c741c7872e59d10148bfe28"
"deepseek_v3.mla_input_packed.wgrad.s262144.cp8",2112,7168,32768,"tn",0.8126560151576996,0.823430398106575,1.2208578129868037,66,209,1,0,148,0.005394633333297883,"20260910-151044-4dcf41","df03c9c2980f947ff154672aae181f0939c6e19850422df90912b1b6053820bb","fc257ced4151346f3eab61fe5e56dbd8ba9fee301c741c7872e59d10148bfe28"
"deepseek_v3.mla_input_packed.wgrad.s262144.cp4",2112,7168,65536,"tn",1.453007996082306,1.4677584171295166,1.3656324645852813,66,513,1,0,148,0.01101166164815822,"20260910-151044-4dcf41","df03c9c2980f947ff154672aae181f0939c6e19850422df90912b1b6053820bb","fc257ced4151346f3eab61fe5e56dbd8ba9fee301c741c7872e59d10148bfe28"
"deepseek_v3.mla_input_packed.wgrad.s524288.cp8",2112,7168,65536,"tn",1.453007996082306,1.4677584171295166,1.3656324645852813,66,513,1,0,148,0.01101166164815822,"20260910-151044-4dcf41","df03c9c2980f947ff154672aae181f0939c6e19850422df90912b1b6053820bb","fc257ced4151346f3eab61fe5e56dbd8ba9fee301c741c7872e59d10148bfe28"
"deepseek_v3.mla_input_packed.wgrad.s524288.cp4",2112,7168,131072,"tn",2.898095965385437,2.919099140167236,1.369364516877272,66,513,4,242221072,148,0.005167539241818649,"20260910-151044-4dcf41","df03c9c2980f947ff154672aae181f0939c6e19850422df90912b1b6053820bb","fc257ced4151346f3eab61fe5e56dbd8ba9fee301c741c7872e59d10148bfe28"
"deepseek_v3.mla_q_b.wgrad.s16384.cp4",24576,1536,4096,"tn",0.2386239990592003,0.24116799607872963,1.295920135993032,66,447,1,0,148,0.008984883680376511,"20260910-151044-4dcf41","df03c9c2980f947ff154672aae181f0939c6e19850422df90912b1b6053820bb","fc257ced4151346f3eab61fe5e56dbd8ba9fee301c741c7872e59d10148bfe28"
"deepseek_v3.mla_q_b.wgrad.s16384.cp8",24576,1536,2048,"tn",0.12297599762678146,0.12435040064156055,1.2573089516642995,66,23,1,0,148,0.0005204307227643729,"20260910-151044-4dcf41","df03c9c2980f947ff154672aae181f0939c6e19850422df90912b1b6053820bb","fc257ced4151346f3eab61fe5e56dbd8ba9fee301c741c7872e59d10148bfe28"
"deepseek_v3.mla_q_b.wgrad.s65536.cp4",24576,1536,16384,"tn",0.8755360245704651,0.8898383975028992,1.412792331251982,66,513,1,0,148,0.0012060678912199742,"20260910-151044-4dcf41","df03c9c2980f947ff154672aae181f0939c6e19850422df90912b1b6053820bb","fc257ced4151346f3eab61fe5e56dbd8ba9fee301c741c7872e59d10148bfe28"
"deepseek_v3.mla_q_b.wgrad.s131072.cp8",24576,1536,16384,"tn",0.8755360245704651,0.8898383975028992,1.412792331251982,66,513,1,0,148,0.0012060678912199742,"20260910-151044-4dcf41","df03c9c2980f947ff154672aae181f0939c6e19850422df90912b1b6053820bb","fc257ced4151346f3eab61fe5e56dbd8ba9fee301c741c7872e59d10148bfe28"
"deepseek_v3.mla_q_b.wgrad.s65536.cp8",24576,1536,8192,"tn",0.42454400658607483,0.42792159765958787,1.4567990150123726,66,513,1,0,148,0.0004522884793216136,"20260910-151044-4dcf41","df03c9c2980f947ff154672aae181f0939c6e19850422df90912b1b6053820bb","fc257ced4151346f3eab61fe5e56dbd8ba9fee301c741c7872e59d10148bfe28"
"deepseek_v3.mla_q_b.wgrad.s131072.cp4",24576,1536,32768,"tn",1.6763519644737244,1.698865580558777,1.4757647647537186,66,513,1,0,148,0.01332417453966057,"20260910-151044-4dcf41","df03c9c2980f947ff154672aae181f0939c6e19850422df90912b1b6053820bb","fc257ced4151346f3eab61fe5e56dbd8ba9fee301c741c7872e59d10148bfe28"
"deepseek_v3.mla_q_b.wgrad.s262144.cp8",24576,1536,32768,"tn",1.6763519644737244,1.698865580558777,1.4757647647537186,66,513,1,0,148,0.01332417453966057,"20260910-151044-4dcf41","df03c9c2980f947ff154672aae181f0939c6e19850422df90912b1b6053820bb","fc257ced4151346f3eab61fe5e56dbd8ba9fee301c741c7872e59d10148bfe28"
"deepseek_v3.mla_q_b.wgrad.s262144.cp4",24576,1536,65536,"tn",3.399407982826233,3.4336191177368165,1.455489411682339,66,513,1,0,148,0.0006306568302810382,"20260910-151044-4dcf41","df03c9c2980f947ff154672aae181f0939c6e19850422df90912b1b6053820bb","fc257ced4151346f3eab61fe5e56dbd8ba9fee301c741c7872e59d10148bfe28"
"deepseek_v3.mla_q_b.wgrad.s524288.cp8",24576,1536,65536,"tn",3.399407982826233,3.4336191177368165,1.455489411682339,66,513,1,0,148,0.0006306568302810382,"20260910-151044-4dcf41","df03c9c2980f947ff154672aae181f0939c6e19850422df90912b1b6053820bb","fc257ced4151346f3eab61fe5e56dbd8ba9fee301c741c7872e59d10148bfe28"
"deepseek_v3.mla_q_b.wgrad.s524288.cp4",24576,1536,131072,"tn",6.692368030548096,6.776510381698609,1.4786402368809302,66,513,1,0,148,0.004112173691422241,"20260910-151044-4dcf41","df03c9c2980f947ff154672aae181f0939c6e19850422df90912b1b6053820bb","fc257ced4151346f3eab61fe5e56dbd8ba9fee301c741c7872e59d10148bfe28"
"deepseek_v3.mla_kv_b.wgrad.s16384.cp4",32768,512,4096,"tn",0.12411199882626534,0.1260479986667633,1.1073784547164536,66,20,1,0,148,0.00593017283765929,"20260910-151044-4dcf41","df03c9c2980f947ff154672aae181f0939c6e19850422df90912b1b6053820bb","fc257ced4151346f3eab61fe5e56dbd8ba9fee301c741c7872e59d10148bfe28"
"deepseek_v3.mla_kv_b.wgrad.s16384.cp8",32768,512,2048,"tn",0.07028799876570702,0.07102720029652118,0.9776843549787864,66,20,1,0,148,0.005008005441654511,"20260910-151044-4dcf41","df03c9c2980f947ff154672aae181f0939c6e19850422df90912b1b6053820bb","fc257ced4151346f3eab61fe5e56dbd8ba9fee301c741c7872e59d10148bfe28"
"deepseek_v3.mla_kv_b.wgrad.s65536.cp4",32768,512,16384,"tn",0.41392000019550323,0.4199072003364563,1.328169244366879,66,447,1,0,148,0.02930033698613143,"20260910-151044-4dcf41","df03c9c2980f947ff154672aae181f0939c6e19850422df90912b1b6053820bb","fc257ced4151346f3eab61fe5e56dbd8ba9fee301c741c7872e59d10148bfe28"
"deepseek_v3.mla_kv_b.wgrad.s131072.cp8",32768,512,16384,"tn",0.41392000019550323,0.4199072003364563,1.328169244366879,66,447,1,0,148,0.02930033698613143,"20260910-151044-4dcf41","df03c9c2980f947ff154672aae181f0939c6e19850422df90912b1b6053820bb","fc257ced4151346f3eab61fe5e56dbd8ba9fee301c741c7872e59d10148bfe28"
"deepseek_v3.mla_kv_b.wgrad.s65536.cp8",32768,512,8192,"tn",0.23102400451898575,0.233880003541708,1.1898240077533169,66,447,1,0,148,0.006371680776632325,"20260910-151044-4dcf41","df03c9c2980f947ff154672aae181f0939c6e19850422df90912b1b6053820bb","fc257ced4151346f3eab61fe5e56dbd8ba9fee301c741c7872e59d10148bfe28"
"deepseek_v3.mla_kv_b.wgrad.s131072.cp4",32768,512,32768,"tn",0.8614080250263214,0.8853200107812882,1.2764121018519685,66,447,1,0,148,0.048032980283702044,"20260910-151044-4dcf41","df03c9c2980f947ff154672aae181f0939c6e19850422df90912b1b6053820bb","fc257ced4151346f3eab61fe5e56dbd8ba9fee301c741c7872e59d10148bfe28"
"deepseek_v3.mla_kv_b.wgrad.s262144.cp8",32768,512,32768,"tn",0.8614080250263214,0.8853200107812882,1.2764121018519685,66,447,1,0,148,0.048032980283702044,"20260910-151044-4dcf41","df03c9c2980f947ff154672aae181f0939c6e19850422df90912b1b6053820bb","fc257ced4151346f3eab61fe5e56dbd8ba9fee301c741c7872e59d10148bfe28"
"deepseek_v3.mla_kv_b.wgrad.s262144.cp4",32768,512,65536,"tn",1.597823977470398,1.610331231355667,1.3762612694255554,66,513,1,0,148,0.002543511148079844,"20260910-151044-4dcf41","df03c9c2980f947ff154672aae181f0939c6e19850422df90912b1b6053820bb","fc257ced4151346f3eab61fe5e56dbd8ba9fee301c741c7872e59d10148bfe28"
"deepseek_v3.mla_kv_b.wgrad.s524288.cp8",32768,512,65536,"tn",1.597823977470398,1.610331231355667,1.3762612694255554,66,513,1,0,148,0.002543511148079844,"20260910-151044-4dcf41","df03c9c2980f947ff154672aae181f0939c6e19850422df90912b1b6053820bb","fc257ced4151346f3eab61fe5e56dbd8ba9fee301c741c7872e59d10148bfe28"
"deepseek_v3.mla_kv_b.wgrad.s524288.cp4",32768,512,131072,"tn",3.280784010887146,3.3620367288589477,1.340547410774152,66,232,3,201326608,148,0.010797417308417134,"20260910-151044-4dcf41","df03c9c2980f947ff154672aae181f0939c6e19850422df90912b1b6053820bb","fc257ced4151346f3eab61fe5e56dbd8ba9fee301c741c7872e59d10148bfe28"
"kimi_k3.kda_input_packed.wgrad.s16384.cp4",49376,7168,4096,"tn",2.0801280736923218,2.1089664340019225,1.3938427142658982,66,24,1,0,148,0.011537717187528565,"20260910-151044-4dcf41","df03c9c2980f947ff154672aae181f0939c6e19850422df90912b1b6053820bb","fc257ced4151346f3eab61fe5e56dbd8ba9fee301c741c7872e59d10148bfe28"
"kimi_k3.kda_input_packed.wgrad.s16384.cp8",49376,7168,2048,"tn",1.0836000442504883,1.1004032015800476,1.3378420274343275,66,24,1,0,148,0.010749297901758171,"20260910-151044-4dcf41","df03c9c2980f947ff154672aae181f0939c6e19850422df90912b1b6053820bb","fc257ced4151346f3eab61fe5e56dbd8ba9fee301c741c7872e59d10148bfe28"
"kimi_k3.kda_input_packed.wgrad.s65536.cp4",49376,7168,16384,"tn",7.7762720584869385,7.802548718452454,1.491393993651062,66,513,1,0,148,0.0006583875318558664,"20260910-151044-4dcf41","df03c9c2980f947ff154672aae181f0939c6e19850422df90912b1b6053820bb","fc257ced4151346f3eab61fe5e56dbd8ba9fee301c741c7872e59d10148bfe28"
"kimi_k3.kda_input_packed.wgrad.s131072.cp8",49376,7168,16384,"tn",7.7762720584869385,7.802548718452454,1.491393993651062,66,513,1,0,148,0.0006583875318558664,"20260910-151044-4dcf41","df03c9c2980f947ff154672aae181f0939c6e19850422df90912b1b6053820bb","fc257ced4151346f3eab61fe5e56dbd8ba9fee301c741c7872e59d10148bfe28"
"kimi_k3.kda_input_packed.wgrad.s65536.cp8",49376,7168,8192,"tn",3.972048044204712,3.9992512226104737,1.459887356844152,66,513,1,0,148,0.0028841576431948256,"20260910-151044-4dcf41","df03c9c2980f947ff154672aae181f0939c6e19850422df90912b1b6053820bb","fc257ced4151346f3eab61fe5e56dbd8ba9fee301c741c7872e59d10148bfe28"
"kimi_k3.kda_input_packed.wgrad.s131072.cp4",49376,7168,32768,"tn",15.675375938415527,15.86777629852295,1.479707470696397,66,513,1,0,148,0.0002307015169537325,"20260910-151044-4dcf41","df03c9c2980f947ff154672aae181f0939c6e19850422df90912b1b6053820bb","fc257ced4151346f3eab61fe5e56dbd8ba9fee301c741c7872e59d10148bfe28"
"kimi_k3.kda_input_packed.wgrad.s262144.cp8",49376,7168,32768,"tn",15.675375938415527,15.86777629852295,1.479707470696397,66,513,1,0,148,0.0002307015169537325,"20260910-151044-4dcf41","df03c9c2980f947ff154672aae181f0939c6e19850422df90912b1b6053820bb","fc257ced4151346f3eab61fe5e56dbd8ba9fee301c741c7872e59d10148bfe28"
"kimi_k3.kda_input_packed.wgrad.s262144.cp4",49376,7168,65536,"tn",31.769216537475586,32.827047157287595,1.460216738721697,66,513,1,0,148,0.010584334896173015,"20260910-151044-4dcf41","df03c9c2980f947ff154672aae181f0939c6e19850422df90912b1b6053820bb","fc257ced4151346f3eab61fe5e56dbd8ba9fee301c741c7872e59d10148bfe28"
"kimi_k3.kda_input_packed.wgrad.s524288.cp8",49376,7168,65536,"tn",31.769216537475586,32.827047157287595,1.460216738721697,66,513,1,0,148,0.010584334896173015,"20260910-151044-4dcf41","df03c9c2980f947ff154672aae181f0939c6e19850422df90912b1b6053820bb","fc257ced4151346f3eab61fe5e56dbd8ba9fee301c741c7872e59d10148bfe28"
"kimi_k3.kda_input_packed.wgrad.s524288.cp4",49376,7168,131072,"tn",65.4615707397461,66.7488224029541,1.4173183209589428,66,513,1,0,148,0.007032836960627511,"20260910-151044-4dcf41","df03c9c2980f947ff154672aae181f0939c6e19850422df90912b1b6053820bb","fc257ced4151346f3eab61fe5e56dbd8ba9fee301c741c7872e59d10148bfe28"
"kimi_k3.mla_input_packed.wgrad.s16384.cp4",14400,7168,4096,"tn",0.6187839806079865,0.6242464005947113,1.3665054573151412,66,23,1,0,148,0.00031026427127750907,"20260910-151044-4dcf41","df03c9c2980f947ff154672aae181f0939c6e19850422df90912b1b6053820bb","fc257ced4151346f3eab61fe5e56dbd8ba9fee301c741c7872e59d10148bfe28"
"kimi_k3.mla_input_packed.wgrad.s16384.cp8",14400,7168,2048,"tn",0.3096959888935089,0.31293920129537584,1.3651640911157483,66,23,1,0,148,0.0013432870722548717,"20260910-151044-4dcf41","df03c9c2980f947ff154672aae181f0939c6e19850422df90912b1b6053820bb","fc257ced4151346f3eab61fe5e56dbd8ba9fee301c741c7872e59d10148bfe28"
"kimi_k3.mla_input_packed.wgrad.s65536.cp4",14400,7168,16384,"tn",2.256864070892334,2.2871134877204895,1.4986665742180427,66,513,1,0,148,0.0020418395402311477,"20260910-151044-4dcf41","df03c9c2980f947ff154672aae181f0939c6e19850422df90912b1b6053820bb","fc257ced4151346f3eab61fe5e56dbd8ba9fee301c741c7872e59d10148bfe28"
"kimi_k3.mla_input_packed.wgrad.s131072.cp8",14400,7168,16384,"tn",2.256864070892334,2.2871134877204895,1.4986665742180427,66,513,1,0,148,0.0020418395402311477,"20260910-151044-4dcf41","df03c9c2980f947ff154672aae181f0939c6e19850422df90912b1b6053820bb","fc257ced4151346f3eab61fe5e56dbd8ba9fee301c741c7872e59d10148bfe28"
"kimi_k3.mla_input_packed.wgrad.s65536.cp8",14400,7168,8192,"tn",1.184495985507965,1.20251362323761,1.427732464686034,66,23,1,0,148,0.008942186317857124,"20260910-151044-4dcf41","df03c9c2980f947ff154672aae181f0939c6e19850422df90912b1b6053820bb","fc257ced4151346f3eab61fe5e56dbd8ba9fee301c741c7872e59d10148bfe28"
"kimi_k3.mla_input_packed.wgrad.s131072.cp4",14400,7168,32768,"tn",4.524976015090942,4.568961548805237,1.4949412922057326,66,513,1,0,148,0.009978331456271035,"20260910-151044-4dcf41","df03c9c2980f947ff154672aae181f0939c6e19850422df90912b1b6053820bb","fc257ced4151346f3eab61fe5e56dbd8ba9fee301c741c7872e59d10148bfe28"
"kimi_k3.mla_input_packed.wgrad.s262144.cp8",14400,7168,32768,"tn",4.524976015090942,4.568961548805237,1.4949412922057326,66,513,1,0,148,0.009978331456271035,"20260910-151044-4dcf41","df03c9c2980f947ff154672aae181f0939c6e19850422df90912b1b6053820bb","fc257ced4151346f3eab61fe5e56dbd8ba9fee301c741c7872e59d10148bfe28"
"kimi_k3.mla_input_packed.wgrad.s262144.cp4",14400,7168,65536,"tn",9.09280014038086,9.164772844314575,1.4878966625822394,66,513,1,0,148,0.0022277012765861046,"20260910-151044-4dcf41","df03c9c2980f947ff154672aae181f0939c6e19850422df90912b1b6053820bb","fc257ced4151346f3eab61fe5e56dbd8ba9fee301c741c7872e59d10148bfe28"
"kimi_k3.mla_input_packed.wgrad.s524288.cp8",14400,7168,65536,"tn",9.09280014038086,9.164772844314575,1.4878966625822394,66,513,1,0,148,0.0022277012765861046,"20260910-151044-4dcf41","df03c9c2980f947ff154672aae181f0939c6e19850422df90912b1b6053820bb","fc257ced4151346f3eab61fe5e56dbd8ba9fee301c741c7872e59d10148bfe28"
"kimi_k3.mla_input_packed.wgrad.s524288.cp4",14400,7168,131072,"tn",18.538415908813477,18.677084732055665,1.45957961553425,66,513,1,0,148,0.002435626884555113,"20260910-151044-4dcf41","df03c9c2980f947ff154672aae181f0939c6e19850422df90912b1b6053820bb","fc257ced4151346f3eab61fe5e56dbd8ba9fee301c741c7872e59d10148bfe28"
"kimi_k3.kda_f_b.wgrad.s16384.cp4",12288,128,4096,"tn",0.021247999742627144,0.022351999673992394,0.6064054049356312,66,116,1,0,148,0.010542161413527477,"20260910-151044-4dcf41","df03c9c2980f947ff154672aae181f0939c6e19850422df90912b1b6053820bb","fc257ced4151346f3eab61fe5e56dbd8ba9fee301c741c7872e59d10148bfe28"
"kimi_k3.kda_f_b.wgrad.s16384.cp8",12288,128,2048,"tn",0.011376000009477139,0.012707199901342392,0.5663195269543698,66,116,1,0,148,0.01406472282551611,"20260910-151044-4dcf41","df03c9c2980f947ff154672aae181f0939c6e19850422df90912b1b6053820bb","fc257ced4151346f3eab61fe5e56dbd8ba9fee301c741c7872e59d10148bfe28"
"kimi_k3.kda_f_b.wgrad.s65536.cp4",12288,128,16384,"tn",0.07004799693822861,0.0716480016708374,0.7357756082226004,66,116,1,0,148,0,"20260910-151044-4dcf41","df03c9c2980f947ff154672aae181f0939c6e19850422df90912b1b6053820bb","fc257ced4151346f3eab61fe5e56dbd8ba9fee301c741c7872e59d10148bfe28"
"kimi_k3.kda_f_b.wgrad.s131072.cp8",12288,128,16384,"tn",0.07004799693822861,0.0716480016708374,0.7357756082226004,66,116,1,0,148,0,"20260910-151044-4dcf41","df03c9c2980f947ff154672aae181f0939c6e19850422df90912b1b6053820bb","fc257ced4151346f3eab61fe5e56dbd8ba9fee301c741c7872e59d10148bfe28"
"kimi_k3.kda_f_b.wgrad.s65536.cp8",12288,128,8192,"tn",0.039583999663591385,0.04055039957165718,0.6510156627679689,66,116,1,0,148,0.00485048159899128,"20260910-151044-4dcf41","df03c9c2980f947ff154672aae181f0939c6e19850422df90912b1b6053820bb","fc257ced4151346f3eab61fe5e56dbd8ba9fee301c741c7872e59d10148bfe28"
"kimi_k3.kda_f_b.wgrad.s131072.cp4",12288,128,32768,"tn",0.13435199856758118,0.1361600011587143,0.7672324654861724,66,23,3,18874384,148,0.004763642373014826,"20260910-151044-4dcf41","df03c9c2980f947ff154672aae181f0939c6e19850422df90912b1b6053820bb","fc257ced4151346f3eab61fe5e56dbd8ba9fee301c741c7872e59d10148bfe28"
"kimi_k3.kda_f_b.wgrad.s262144.cp8",12288,128,32768,"tn",0.13435199856758118,0.1361600011587143,0.7672324654861724,66,23,3,18874384,148,0.004763642373014826,"20260910-151044-4dcf41","df03c9c2980f947ff154672aae181f0939c6e19850422df90912b1b6053820bb","fc257ced4151346f3eab61fe5e56dbd8ba9fee301c741c7872e59d10148bfe28"
"kimi_k3.kda_f_b.wgrad.s262144.cp4",12288,128,65536,"tn",0.24633599817752838,0.24862559735774994,0.8368993234168992,66,23,3,18874384,148,0.0011691739968395765,"20260910-151044-4dcf41","df03c9c2980f947ff154672aae181f0939c6e19850422df90912b1b6053820bb","fc257ced4151346f3eab61fe5e56dbd8ba9fee301c741c7872e59d10148bfe28"
"kimi_k3.kda_f_b.wgrad.s524288.cp8",12288,128,65536,"tn",0.24633599817752838,0.24862559735774994,0.8368993234168992,66,23,3,18874384,148,0.0011691739968395765,"20260910-151044-4dcf41","df03c9c2980f947ff154672aae181f0939c6e19850422df90912b1b6053820bb","fc257ced4151346f3eab61fe5e56dbd8ba9fee301c741c7872e59d10148bfe28"
"kimi_k3.kda_f_b.wgrad.s524288.cp4",12288,128,131072,"tn",0.4694399982690811,0.47188319861888883,0.8783164236884256,66,23,3,18874384,148,0.0006134539926170307,"20260910-151044-4dcf41","df03c9c2980f947ff154672aae181f0939c6e19850422df90912b1b6053820bb","fc257ced4151346f3eab61fe5e56dbd8ba9fee301c741c7872e59d10148bfe28"
"kimi_k3.mla_q_b.wgrad.s16384.cp4",18432,1536,4096,"tn",0.17377600073814392,0.17598240226507186,1.3346390353031736,66,513,1,0,148,0.01694139296221631,"20260910-151044-4dcf41","df03c9c2980f947ff154672aae181f0939c6e19850422df90912b1b6053820bb","fc257ced4151346f3eab61fe5e56dbd8ba9fee301c741c7872e59d10148bfe28"
"kimi_k3.mla_q_b.wgrad.s16384.cp8",18432,1536,2048,"tn",0.10016000270843506,0.10127999633550644,1.1577886766793586,66,32,1,0,148,0.007987206663151643,"20260910-151044-4dcf41","df03c9c2980f947ff154672aae181f0939c6e19850422df90912b1b6053820bb","fc257ced4151346f3eab61fe5e56dbd8ba9fee301c741c7872e59d10148bfe28"
"kimi_k3.mla_q_b.wgrad.s65536.cp4",18432,1536,16384,"tn",0.6584639847278595,0.6680527955293656,1.4089045983576762,66,513,1,0,148,0.0027215059391786645,"20260910-151044-4dcf41","df03c9c2980f947ff154672aae181f0939c6e19850422df90912b1b6053820bb","fc257ced4151346f3eab61fe5e56dbd8ba9fee301c741c7872e59d10148bfe28"
"kimi_k3.mla_q_b.wgrad.s131072.cp8",18432,1536,16384,"tn",0.6584639847278595,0.6680527955293656,1.4089045983576762,66,513,1,0,148,0.0027215059391786645,"20260910-151044-4dcf41","df03c9c2980f947ff154672aae181f0939c6e19850422df90912b1b6053820bb","fc257ced4151346f3eab61fe5e56dbd8ba9fee301c741c7872e59d10148bfe28"
"kimi_k3.mla_q_b.wgrad.s65536.cp8",18432,1536,8192,"tn",0.34859199821949005,0.35458080619573595,1.3306572449661738,66,24,1,0,148,0.007527439220269225,"20260910-151044-4dcf41","df03c9c2980f947ff154672aae181f0939c6e19850422df90912b1b6053820bb","fc257ced4151346f3eab61fe5e56dbd8ba9fee301c741c7872e59d10148bfe28"
"kimi_k3.mla_q_b.wgrad.s131072.cp4",18432,1536,32768,"tn",1.2555040121078491,1.27016162276268,1.4778334867739291,66,513,1,0,148,0.00033137323060699887,"20260910-151044-4dcf41","df03c9c2980f947ff154672aae181f0939c6e19850422df90912b1b6053820bb","fc257ced4151346f3eab61fe5e56dbd8ba9fee301c741c7872e59d10148bfe28"
"kimi_k3.mla_q_b.wgrad.s262144.cp8",18432,1536,32768,"tn",1.2555040121078491,1.27016162276268,1.4778334867739291,66,513,1,0,148,0.00033137323060699887,"20260910-151044-4dcf41","df03c9c2980f947ff154672aae181f0939c6e19850422df90912b1b6053820bb","fc257ced4151346f3eab61fe5e56dbd8ba9fee301c741c7872e59d10148bfe28"
"kimi_k3.mla_q_b.wgrad.s262144.cp4",18432,1536,65536,"tn",2.531615972518921,2.56346081495285,1.4658035752759755,66,513,1,0,148,0.023649775902452798,"20260910-151044-4dcf41","df03c9c2980f947ff154672aae181f0939c6e19850422df90912b1b6053820bb","fc257ced4151346f3eab61fe5e56dbd8ba9fee301c741c7872e59d10148bfe28"
"kimi_k3.mla_q_b.wgrad.s524288.cp8",18432,1536,65536,"tn",2.531615972518921,2.56346081495285,1.4658035752759755,66,513,1,0,148,0.023649775902452798,"20260910-151044-4dcf41","df03c9c2980f947ff154672aae181f0939c6e19850422df90912b1b6053820bb","fc257ced4151346f3eab61fe5e56dbd8ba9fee301c741c7872e59d10148bfe28"
"kimi_k3.mla_q_b.wgrad.s524288.cp4",18432,1536,131072,"tn",5.002943992614746,5.091644883155823,1.4834672341812705,66,513,1,0,148,0.015773069102417152,"20260910-151044-4dcf41","df03c9c2980f947ff154672aae181f0939c6e19850422df90912b1b6053820bb","fc257ced4151346f3eab61fe5e56dbd8ba9fee301c741c7872e59d10148bfe28"
"kimi_k3.mla_kv_b.wgrad.s16384.cp4",24576,512,4096,"tn",0.09167999774217606,0.09391359984874725,1.1243370161709756,66,177,1,0,148,0.004537475210443556,"20260910-151044-4dcf41","df03c9c2980f947ff154672aae181f0939c6e19850422df90912b1b6053820bb","fc257ced4151346f3eab61fe5e56dbd8ba9fee301c741c7872e59d10148bfe28"
"kimi_k3.mla_kv_b.wgrad.s16384.cp8",24576,512,2048,"tn",0.05183999985456467,0.05319040026515722,0.9942053953818015,66,23,1,0,148,0.004938309221228923,"20260910-151044-4dcf41","df03c9c2980f947ff154672aae181f0939c6e19850422df90912b1b6053820bb","fc257ced4151346f3eab61fe5e56dbd8ba9fee301c741c7872e59d10148bfe28"
"kimi_k3.mla_kv_b.wgrad.s65536.cp4",24576,512,16384,"tn",0.3262399882078171,0.3303711965680122,1.263845252941069,66,23,1,0,148,0.002844484882450781,"20260910-151044-4dcf41","df03c9c2980f947ff154672aae181f0939c6e19850422df90912b1b6053820bb","fc257ced4151346f3eab61fe5e56dbd8ba9fee301c741c7872e59d10148bfe28"
"kimi_k3.mla_kv_b.wgrad.s131072.cp8",24576,512,16384,"tn",0.3262399882078171,0.3303711965680122,1.263845252941069,66,23,1,0,148,0.002844484882450781,"20260910-151044-4dcf41","df03c9c2980f947ff154672aae181f0939c6e19850422df90912b1b6053820bb","fc257ced4151346f3eab61fe5e56dbd8ba9fee301c741c7872e59d10148bfe28"
"kimi_k3.mla_kv_b.wgrad.s65536.cp8",24576,512,8192,"tn",0.1682400032877922,0.17190079689025878,1.2253829421017326,66,177,1,0,148,0.0015216473151892687,"20260910-151044-4dcf41","df03c9c2980f947ff154672aae181f0939c6e19850422df90912b1b6053820bb","fc257ced4151346f3eab61fe5e56dbd8ba9fee301c741c7872e59d10148bfe28"
"kimi_k3.mla_kv_b.wgrad.s131072.cp4",24576,512,32768,"tn",0.6559520065784454,0.6686720252037048,1.257155573215526,66,232,1,0,148,0.0019513771338672428,"20260910-151044-4dcf41","df03c9c2980f947ff154672aae181f0939c6e19850422df90912b1b6053820bb","fc257ced4151346f3eab61fe5e56dbd8ba9fee301c741c7872e59d10148bfe28"
"kimi_k3.mla_kv_b.wgrad.s262144.cp8",24576,512,32768,"tn",0.6559520065784454,0.6686720252037048,1.257155573215526,66,232,1,0,148,0.0019513771338672428,"20260910-151044-4dcf41","df03c9c2980f947ff154672aae181f0939c6e19850422df90912b1b6053820bb","fc257ced4151346f3eab61fe5e56dbd8ba9fee301c741c7872e59d10148bfe28"
"kimi_k3.mla_kv_b.wgrad.s262144.cp4",24576,512,65536,"tn",1.2079840302467346,1.2582336008548736,1.365305666604824,66,232,1,0,148,0.0015629649735680992,"20260910-151044-4dcf41","df03c9c2980f947ff154672aae181f0939c6e19850422df90912b1b6053820bb","fc257ced4151346f3eab61fe5e56dbd8ba9fee301c741c7872e59d10148bfe28"
"kimi_k3.mla_kv_b.wgrad.s524288.cp8",24576,512,65536,"tn",1.2079840302467346,1.2582336008548736,1.365305666604824,66,232,1,0,148,0.0015629649735680992,"20260910-151044-4dcf41","df03c9c2980f947ff154672aae181f0939c6e19850422df90912b1b6053820bb","fc257ced4151346f3eab61fe5e56dbd8ba9fee301c741c7872e59d10148bfe28"
"kimi_k3.mla_kv_b.wgrad.s524288.cp4",24576,512,131072,"tn",2.419551968574524,2.468222367763519,1.3632833376467328,66,513,3,150994960,148,0.007274098567780049,"20260910-151044-4dcf41","df03c9c2980f947ff154672aae181f0939c6e19850422df90912b1b6053820bb","fc257ced4151346f3eab61fe5e56dbd8ba9fee301c741c7872e59d10148bfe28"
"kimi_linear_48b.kda_input_packed.wgrad.s16384.cp4",12576,2304,4096,"tn",0.1871199980378151,0.1909248001873493,1.2685124757217616,66,29,1,0,148,0.00119714171962444,"20260910-151044-4dcf41","df03c9c2980f947ff154672aae181f0939c6e19850422df90912b1b6053820bb","fc257ced4151346f3eab61fe5e56dbd8ba9fee301c741c7872e59d10148bfe28"
"kimi_linear_48b.kda_input_packed.wgrad.s16384.cp8",12576,2304,2048,"tn",0.10241599753499031,0.1033839974552393,1.158823121782829,66,502,1,0,148,0.0028120093474176297,"20260910-151044-4dcf41","df03c9c2980f947ff154672aae181f0939c6e19850422df90912b1b6053820bb","fc257ced4151346f3eab61fe5e56dbd8ba9fee301c741c7872e59d10148bfe28"
"kimi_linear_48b.kda_input_packed.wgrad.s65536.cp4",12576,2304,16384,"tn",0.731904000043869,0.7363056153059006,1.2972414521782794,66,435,1,0,148,0.0009181296524646353,"20260910-151044-4dcf41","df03c9c2980f947ff154672aae181f0939c6e19850422df90912b1b6053820bb","fc257ced4151346f3eab61fe5e56dbd8ba9fee301c741c7872e59d10148bfe28"
"kimi_linear_48b.kda_input_packed.wgrad.s131072.cp8",12576,2304,16384,"tn",0.731904000043869,0.7363056153059006,1.2972414521782794,66,435,1,0,148,0.0009181296524646353,"20260910-151044-4dcf41","df03c9c2980f947ff154672aae181f0939c6e19850422df90912b1b6053820bb","fc257ced4151346f3eab61fe5e56dbd8ba9fee301c741c7872e59d10148bfe28"
"kimi_linear_48b.kda_input_packed.wgrad.s65536.cp8",12576,2304,8192,"tn",0.3686719983816147,0.37788318991661074,1.2876706286887727,66,29,1,0,148,0.020744703188722888,"20260910-151044-4dcf41","df03c9c2980f947ff154672aae181f0939c6e19850422df90912b1b6053820bb","fc257ced4151346f3eab61fe5e56dbd8ba9fee301c741c7872e59d10148bfe28"
"kimi_linear_48b.kda_input_packed.wgrad.s131072.cp4",12576,2304,32768,"tn",1.4444800019264221,1.4592208504676818,1.31459931131724,66,479,1,0,148,0.005604771045465914,"20260910-151044-4dcf41","df03c9c2980f947ff154672aae181f0939c6e19850422df90912b1b6053820bb","fc257ced4151346f3eab61fe5e56dbd8ba9fee301c741c7872e59d10148bfe28"
"kimi_linear_48b.kda_input_packed.wgrad.s262144.cp8",12576,2304,32768,"tn",1.4444800019264221,1.4592208504676818,1.31459931131724,66,479,1,0,148,0.005604771045465914,"20260910-151044-4dcf41","df03c9c2980f947ff154672aae181f0939c6e19850422df90912b1b6053820bb","fc257ced4151346f3eab61fe5e56dbd8ba9fee301c741c7872e59d10148bfe28"
"kimi_linear_48b.kda_input_packed.wgrad.s262144.cp4",12576,2304,65536,"tn",2.6786398887634277,2.695942389965057,1.4178183664849533,66,554,1,0,148,0.029543312300901733,"20260910-151044-4dcf41","df03c9c2980f947ff154672aae181f0939c6e19850422df90912b1b6053820bb","fc257ced4151346f3eab61fe5e56dbd8ba9fee301c741c7872e59d10148bfe28"
"kimi_linear_48b.kda_input_packed.wgrad.s524288.cp8",12576,2304,65536,"tn",2.6786398887634277,2.695942389965057,1.4178183664849533,66,554,1,0,148,0.029543312300901733,"20260910-151044-4dcf41","df03c9c2980f947ff154672aae181f0939c6e19850422df90912b1b6053820bb","fc257ced4151346f3eab61fe5e56dbd8ba9fee301c741c7872e59d10148bfe28"
"kimi_linear_48b.kda_input_packed.wgrad.s524288.cp4",12576,2304,131072,"tn",5.436623811721802,5.588225650787353,1.3971262176719241,66,509,2,231800848,148,0.01118930161940701,"20260910-151044-4dcf41","df03c9c2980f947ff154672aae181f0939c6e19850422df90912b1b6053820bb","fc257ced4151346f3eab61fe5e56dbd8ba9fee301c741c7872e59d10148bfe28"
"kimi_linear_48b.mla_input_packed.wgrad.s16384.cp4",6720,2304,4096,"tn",0.1029600016772747,0.10512959919869899,1.2318934624492643,66,209,1,0,148,0.00528357306567398,"20260910-151044-4dcf41","df03c9c2980f947ff154672aae181f0939c6e19850422df90912b1b6053820bb","fc257ced4151346f3eab61fe5e56dbd8ba9fee301c741c7872e59d10148bfe28"
"kimi_linear_48b.mla_input_packed.wgrad.s16384.cp8",6720,2304,2048,"tn",0.05795200169086456,0.0590528005734086,1.0943172734272795,66,20,1,0,148,0.0027608622370305876,"20260910-151044-4dcf41","df03c9c2980f947ff154672aae181f0939c6e19850422df90912b1b6053820bb","fc257ced4151346f3eab61fe5e56dbd8ba9fee301c741c7872e59d10148bfe28"
"kimi_linear_48b.mla_input_packed.wgrad.s65536.cp4",6720,2304,16384,"tn",0.375231996178627,0.3776176020503044,1.3520782262887898,66,209,1,0,148,0.0012791984939038122,"20260910-151044-4dcf41","df03c9c2980f947ff154672aae181f0939c6e19850422df90912b1b6053820bb","fc257ced4151346f3eab61fe5e56dbd8ba9fee301c741c7872e59d10148bfe28"
"kimi_linear_48b.mla_input_packed.wgrad.s131072.cp8",6720,2304,16384,"tn",0.375231996178627,0.3776176020503044,1.3520782262887898,66,209,1,0,148,0.0012791984939038122,"20260910-151044-4dcf41","df03c9c2980f947ff154672aae181f0939c6e19850422df90912b1b6053820bb","fc257ced4151346f3eab61fe5e56dbd8ba9fee301c741c7872e59d10148bfe28"
"kimi_linear_48b.mla_input_packed.wgrad.s65536.cp8",6720,2304,8192,"tn",0.2035199999809265,0.20583680272102356,1.2464205284186987,66,23,1,0,148,0.0015722657994628202,"20260910-151044-4dcf41","df03c9c2980f947ff154672aae181f0939c6e19850422df90912b1b6053820bb","fc257ced4151346f3eab61fe5e56dbd8ba9fee301c741c7872e59d10148bfe28"
"kimi_linear_48b.mla_input_packed.wgrad.s131072.cp4",6720,2304,32768,"tn",0.7808160185813904,0.7949216097593308,1.2995199887465314,66,209,1,0,148,0.047785944325304607,"20260910-151044-4dcf41","df03c9c2980f947ff154672aae181f0939c6e19850422df90912b1b6053820bb","fc257ced4151346f3eab61fe5e56dbd8ba9fee301c741c7872e59d10148bfe28"
"kimi_linear_48b.mla_input_packed.wgrad.s262144.cp8",6720,2304,32768,"tn",0.7808160185813904,0.7949216097593308,1.2995199887465314,66,209,1,0,148,0.047785944325304607,"20260910-151044-4dcf41","df03c9c2980f947ff154672aae181f0939c6e19850422df90912b1b6053820bb","fc257ced4151346f3eab61fe5e56dbd8ba9fee301c741c7872e59d10148bfe28"
"kimi_linear_48b.mla_input_packed.wgrad.s262144.cp4",6720,2304,65536,"tn",1.4698880314826965,1.5228848338127137,1.3806303636018753,66,209,1,0,148,0.0017416425185261901,"20260910-151044-4dcf41","df03c9c2980f947ff154672aae181f0939c6e19850422df90912b1b6053820bb","fc257ced4151346f3eab61fe5e56dbd8ba9fee301c741c7872e59d10148bfe28"
"kimi_linear_48b.mla_input_packed.wgrad.s524288.cp8",6720,2304,65536,"tn",1.4698880314826965,1.5228848338127137,1.3806303636018753,66,209,1,0,148,0.0017416425185261901,"20260910-151044-4dcf41","df03c9c2980f947ff154672aae181f0939c6e19850422df90912b1b6053820bb","fc257ced4151346f3eab61fe5e56dbd8ba9fee301c741c7872e59d10148bfe28"
"kimi_linear_48b.mla_input_packed.wgrad.s524288.cp4",6720,2304,131072,"tn",2.949072003364563,2.985499143600464,1.3762783987944087,66,210,4,247726096,148,0.011935998503392005,"20260910-151044-4dcf41","df03c9c2980f947ff154672aae181f0939c6e19850422df90912b1b6053820bb","fc257ced4151346f3eab61fe5e56dbd8ba9fee301c741c7872e59d10148bfe28"
"kimi_linear_48b.kda_f_b.wgrad.s16384.cp4",4096,128,4096,"tn",0.011328000109642744,0.012972799967974423,0.3791461206240624,66,15,1,0,148,0.016949117009112828,"20260910-151044-4dcf41","df03c9c2980f947ff154672aae181f0939c6e19850422df90912b1b6053820bb","fc257ced4151346f3eab61fe5e56dbd8ba9fee301c741c7872e59d10148bfe28"
"kimi_linear_48b.kda_g_b.wgrad.s16384.cp4",4096,128,4096,"tn",0.011328000109642744,0.012972799967974423,0.3791461206240624,66,15,1,0,148,0.016949117009112828,"20260910-151044-4dcf41","df03c9c2980f947ff154672aae181f0939c6e19850422df90912b1b6053820bb","fc257ced4151346f3eab61fe5e56dbd8ba9fee301c741c7872e59d10148bfe28"
"kimi_linear_48b.kda_f_b.wgrad.s16384.cp8",4096,128,2048,"tn",0.009584000334143639,0.010243200184777378,0.2240696549591559,66,15,1,0,148,0.03672786665917774,"20260910-151634-b96acf","df03c9c2980f947ff154672aae181f0939c6e19850422df90912b1b6053820bb","fc257ced4151346f3eab61fe5e56dbd8ba9fee301c741c7872e59d10148bfe28"
"kimi_linear_48b.kda_g_b.wgrad.s16384.cp8",4096,128,2048,"tn",0.009584000334143639,0.010243200184777378,0.2240696549591559,66,15,1,0,148,0.03672786665917774,"20260910-151634-b96acf","df03c9c2980f947ff154672aae181f0939c6e19850422df90912b1b6053820bb","fc257ced4151346f3eab61fe5e56dbd8ba9fee301c741c7872e59d10148bfe28"
"kimi_linear_48b.kda_f_b.wgrad.s65536.cp4",4096,128,16384,"tn",0.03352000005543232,0.034470399655401704,0.5125259294626939,66,17,2,4194320,148,0.010501162124978043,"20260910-151634-b96acf","df03c9c2980f947ff154672aae181f0939c6e19850422df90912b1b6053820bb","fc257ced4151346f3eab61fe5e56dbd8ba9fee301c741c7872e59d10148bfe28"
"kimi_linear_48b.kda_f_b.wgrad.s131072.cp8",4096,128,16384,"tn",0.03352000005543232,0.034470399655401704,0.5125259294626939,66,17,2,4194320,148,0.010501162124978043,"20260910-151634-b96acf","df03c9c2980f947ff154672aae181f0939c6e19850422df90912b1b6053820bb","fc257ced4151346f3eab61fe5e56dbd8ba9fee301c741c7872e59d10148bfe28"
"kimi_linear_48b.kda_g_b.wgrad.s65536.cp4",4096,128,16384,"tn",0.03352000005543232,0.034470399655401704,0.5125259294626939,66,17,2,4194320,148,0.010501162124978043,"20260910-151634-b96acf","df03c9c2980f947ff154672aae181f0939c6e19850422df90912b1b6053820bb","fc257ced4151346f3eab61fe5e56dbd8ba9fee301c741c7872e59d10148bfe28"
"kimi_linear_48b.kda_g_b.wgrad.s131072.cp8",4096,128,16384,"tn",0.03352000005543232,0.034470399655401704,0.5125259294626939,66,17,2,4194320,148,0.010501162124978043,"20260910-151634-b96acf","df03c9c2980f947ff154672aae181f0939c6e19850422df90912b1b6053820bb","fc257ced4151346f3eab61fe5e56dbd8ba9fee301c741c7872e59d10148bfe28"
"kimi_linear_48b.kda_f_b.wgrad.s65536.cp8",4096,128,8192,"tn",0.017263999208807945,0.01822559991851449,0.49756342595390574,66,15,1,0,148,0.007414221378363947,"20260910-151634-b96acf","df03c9c2980f947ff154672aae181f0939c6e19850422df90912b1b6053820bb","fc257ced4151346f3eab61fe5e56dbd8ba9fee301c741c7872e59d10148bfe28"
"kimi_linear_48b.kda_g_b.wgrad.s65536.cp8",4096,128,8192,"tn",0.017263999208807945,0.01822559991851449,0.49756342595390574,66,15,1,0,148,0.007414221378363947,"20260910-151634-b96acf","df03c9c2980f947ff154672aae181f0939c6e19850422df90912b1b6053820bb","fc257ced4151346f3eab61fe5e56dbd8ba9fee301c741c7872e59d10148bfe28"
"kimi_linear_48b.kda_f_b.wgrad.s131072.cp4",4096,128,32768,"tn",0.05588800087571144,0.05769919976592064,0.6147963396366987,66,29,5,10485776,148,0.004580557901674014,"20260910-151634-b96acf","df03c9c2980f947ff154672aae181f0939c6e19850422df90912b1b6053820bb","fc257ced4151346f3eab61fe5e56dbd8ba9fee301c741c7872e59d10148bfe28"
"kimi_linear_48b.kda_f_b.wgrad.s262144.cp8",4096,128,32768,"tn",0.05588800087571144,0.05769919976592064,0.6147963396366987,66,29,5,10485776,148,0.004580557901674014,"20260910-151634-b96acf","df03c9c2980f947ff154672aae181f0939c6e19850422df90912b1b6053820bb","fc257ced4151346f3eab61fe5e56dbd8ba9fee301c741c7872e59d10148bfe28"
"kimi_linear_48b.kda_g_b.wgrad.s131072.cp4",4096,128,32768,"tn",0.05588800087571144,0.05769919976592064,0.6147963396366987,66,29,5,10485776,148,0.004580557901674014,"20260910-151634-b96acf","df03c9c2980f947ff154672aae181f0939c6e19850422df90912b1b6053820bb","fc257ced4151346f3eab61fe5e56dbd8ba9fee301c741c7872e59d10148bfe28"
"kimi_linear_48b.kda_g_b.wgrad.s262144.cp8",4096,128,32768,"tn",0.05588800087571144,0.05769919976592064,0.6147963396366987,66,29,5,10485776,148,0.004580557901674014,"20260910-151634-b96acf","df03c9c2980f947ff154672aae181f0939c6e19850422df90912b1b6053820bb","fc257ced4151346f3eab61fe5e56dbd8ba9fee301c741c7872e59d10148bfe28"
"kimi_linear_48b.kda_f_b.wgrad.s262144.cp4",4096,128,65536,"tn",0.09529600292444229,0.09696000069379807,0.7211160450295684,66,23,9,18874384,148,0.0023505886791927674,"20260910-151634-b96acf","df03c9c2980f947ff154672aae181f0939c6e19850422df90912b1b6053820bb","fc257ced4151346f3eab61fe5e56dbd8ba9fee301c741c7872e59d10148bfe28"
"kimi_linear_48b.kda_f_b.wgrad.s524288.cp8",4096,128,65536,"tn",0.09529600292444229,0.09696000069379807,0.7211160450295684,66,23,9,18874384,148,0.0023505886791927674,"20260910-151634-b96acf","df03c9c2980f947ff154672aae181f0939c6e19850422df90912b1b6053820bb","fc257ced4151346f3eab61fe5e56dbd8ba9fee301c741c7872e59d10148bfe28"
"kimi_linear_48b.kda_g_b.wgrad.s262144.cp4",4096,128,65536,"tn",0.09529600292444229,0.09696000069379807,0.7211160450295684,66,23,9,18874384,148,0.0023505886791927674,"20260910-151634-b96acf","df03c9c2980f947ff154672aae181f0939c6e19850422df90912b1b6053820bb","fc257ced4151346f3eab61fe5e56dbd8ba9fee301c741c7872e59d10148bfe28"
"kimi_linear_48b.kda_g_b.wgrad.s524288.cp8",4096,128,65536,"tn",0.09529600292444229,0.09696000069379807,0.7211160450295684,66,23,9,18874384,148,0.0023505886791927674,"20260910-151634-b96acf","df03c9c2980f947ff154672aae181f0939c6e19850422df90912b1b6053820bb","fc257ced4151346f3eab61fe5e56dbd8ba9fee301c741c7872e59d10148bfe28"
"kimi_linear_48b.kda_f_b.wgrad.s524288.cp4",4096,128,131072,"tn",0.17148800194263458,0.17336479797959328,0.8014493837182586,66,23,9,18874384,148,0.003358861141439292,"20260910-151634-b96acf","df03c9c2980f947ff154672aae181f0939c6e19850422df90912b1b6053820bb","fc257ced4151346f3eab61fe5e56dbd8ba9fee301c741c7872e59d10148bfe28"
"kimi_linear_48b.kda_g_b.wgrad.s524288.cp4",4096,128,131072,"tn",0.17148800194263458,0.17336479797959328,0.8014493837182586,66,23,9,18874384,148,0.003358861141439292,"20260910-151634-b96acf","df03c9c2980f947ff154672aae181f0939c6e19850422df90912b1b6053820bb","fc257ced4151346f3eab61fe5e56dbd8ba9fee301c741c7872e59d10148bfe28"
"kimi_linear_48b.mla_kv_b.wgrad.s16384.cp4",8192,512,4096,"tn",0.03340800106525421,0.03445279952138662,1.0284883043701658,66,23,1,0,148,0.012452090190203003,"20260910-151634-b96acf","df03c9c2980f947ff154672aae181f0939c6e19850422df90912b1b6053820bb","fc257ced4151346f3eab61fe5e56dbd8ba9fee301c741c7872e59d10148bfe28"
"kimi_linear_48b.mla_kv_b.wgrad.s16384.cp8",8192,512,2048,"tn",0.019216000102460384,0.02010879935696721,0.8940398153828235,66,20,1,0,148,0.006661069490398959,"20260910-151634-b96acf","df03c9c2980f947ff154672aae181f0939c6e19850422df90912b1b6053820bb","fc257ced4151346f3eab61fe5e56dbd8ba9fee301c741c7872e59d10148bfe28"
"kimi_linear_48b.mla_kv_b.wgrad.s65536.cp4",8192,512,16384,"tn",0.11822399869561195,0.11993599683046341,1.16253006993834,66,23,1,0,148,0.010014900342086797,"20260910-151634-b96acf","df03c9c2980f947ff154672aae181f0939c6e19850422df90912b1b6053820bb","fc257ced4151346f3eab61fe5e56dbd8ba9fee301c741c7872e59d10148bfe28"
"kimi_linear_48b.mla_kv_b.wgrad.s131072.cp8",8192,512,16384,"tn",0.11822399869561195,0.11993599683046341,1.16253006993834,66,23,1,0,148,0.010014900342086797,"20260910-151634-b96acf","df03c9c2980f947ff154672aae181f0939c6e19850422df90912b1b6053820bb","fc257ced4151346f3eab61fe5e56dbd8ba9fee301c741c7872e59d10148bfe28"
"kimi_linear_48b.mla_kv_b.wgrad.s65536.cp8",8192,512,8192,"tn",0.06483200192451477,0.06659200042486191,1.0599622824544503,66,23,1,0,148,0.000493587159332923,"20260910-151634-b96acf","df03c9c2980f947ff154672aae181f0939c6e19850422df90912b1b6053820bb","fc257ced4151346f3eab61fe5e56dbd8ba9fee301c741c7872e59d10148bfe28"
"kimi_linear_48b.mla_kv_b.wgrad.s131072.cp4",8192,512,32768,"tn",0.22430399805307388,0.22859360054135322,1.2254703854139932,66,24,1,0,148,0.0011412504920600582,"20260910-151634-b96acf","df03c9c2980f947ff154672aae181f0939c6e19850422df90912b1b6053820bb","fc257ced4151346f3eab61fe5e56dbd8ba9fee301c741c7872e59d10148bfe28"
"kimi_linear_48b.mla_kv_b.wgrad.s262144.cp8",8192,512,32768,"tn",0.22430399805307388,0.22859360054135322,1.2254703854139932,66,24,1,0,148,0.0011412504920600582,"20260910-151634-b96acf","df03c9c2980f947ff154672aae181f0939c6e19850422df90912b1b6053820bb","fc257ced4151346f3eab61fe5e56dbd8ba9fee301c741c7872e59d10148bfe28"
"kimi_linear_48b.mla_kv_b.wgrad.s262144.cp4",8192,512,65536,"tn",0.4228319972753525,0.42819679230451585,1.300175524630397,66,23,1,0,148,0.02421762929823062,"20260910-151634-b96acf","df03c9c2980f947ff154672aae181f0939c6e19850422df90912b1b6053820bb","fc257ced4151346f3eab61fe5e56dbd8ba9fee301c741c7872e59d10148bfe28"
"kimi_linear_48b.mla_kv_b.wgrad.s524288.cp8",8192,512,65536,"tn",0.4228319972753525,0.42819679230451585,1.300175524630397,66,23,1,0,148,0.02421762929823062,"20260910-151634-b96acf","df03c9c2980f947ff154672aae181f0939c6e19850422df90912b1b6053820bb","fc257ced4151346f3eab61fe5e56dbd8ba9fee301c741c7872e59d10148bfe28"
"kimi_linear_48b.mla_kv_b.wgrad.s524288.cp4",8192,512,131072,"tn",0.8325920104980469,0.863951998949051,1.320588732431248,66,232,5,83886096,148,0.005073315991551322,"20260910-151634-b96acf","df03c9c2980f947ff154672aae181f0939c6e19850422df90912b1b6053820bb","fc257ced4151346f3eab61fe5e56dbd8ba9fee301c741c7872e59d10148bfe28"
