model,projection,seq,cp,m,n,k,b_pflops,w_pflops,b_pure_pflops,w_pure_pflops,b_p50_ms,w_p50_ms,b_status,w_status,comm_ctas,tile_m,tile_n,tile_k,epilogue_n,swizzle,along_m,b_run_id,w_run_id,b_to_pure
"artificial_small","qkv",16384,4,4096,4096,4096,0.5467465144024216,1.4065719146140605,1.305659651538942,1.28553343818096,0.25137600305,0.09771199896999999,"passed","passed",16,128,128,64,0,1,false,"20260910-154445-6c71f2","20260910-154445-6c71f2",0.4187511758964044
"artificial_small","qkv",16384,8,2048,4096,4096,0.4742152351678653,1.2576771268991693,1.1712482455134419,1.1456301415708197,0.14491199700000001,0.054639998825,"passed","passed",16,128,128,64,0,1,false,"20260910-154605-b0d05f","20260910-154605-b0d05f",0.40488020962625465
"artificial_small","qkv",65536,4,16384,4096,4096,0.6473442611189595,1.268682869471985,1.4430195200459683,1.3400834175695642,0.849247992,0.4333280027,"passed","passed",16,128,128,64,0,1,false,"20260910-154504-ef92db","20260910-154504-ef92db",0.44860395311793005
"artificial_small","qkv",65536,8,8192,4096,4096,0.6104491088992666,1.3221386413938199,1.3923226364111914,1.2639691754780105,0.4502879977,0.2079039961,"passed","passed",16,128,128,64,0,1,false,"20260910-154634-3d7a8e","20260910-154634-3d7a8e",0.43843940544753457
"artificial_small","qkv",131072,4,32768,4096,4096,0.6744410874501322,1.2474491045618803,1.4377361902369172,1.447274303334885,1.6302559975,0.88140800595,"passed","passed",16,128,128,64,0,1,false,"20260910-154504-ef92db","20260910-154504-ef92db",0.46909933270789717
"artificial_small","qkv",131072,8,16384,4096,4096,0.6505678051739117,1.2788825650958244,1.4430195200459683,1.3400834175695642,0.84503999355,0.42987200615,"passed","passed",16,128,128,64,0,1,false,"20260910-154634-3d7a8e","20260910-154634-3d7a8e",0.450837841163221
"artificial_small","qkv",262144,4,65536,4096,4096,0.6873597119960881,"",1.46256775767655,1.482604876035735,3.199232101,"","passed","unstable",16,128,128,64,0,1,false,"20260910-154527-e9fa57","20260910-155358-215200",0.4699677730405016
"artificial_small","qkv",262144,8,32768,4096,4096,0.6747125893073114,"",1.4377361902369172,1.447274303334885,1.6295999885,"","passed","unstable",16,128,128,64,0,1,false,"20260910-154707-797140","20260910-155426-cf3d81",0.4692881725375007
"artificial_small","qkv",524288,4,131072,4096,4096,"","",1.4709185608950592,1.4128617525204734,"","","skipped_memory_precheck","skipped_memory_precheck",16,128,128,64,0,1,false,"","",""
"artificial_small","qkv",524288,8,65536,4096,4096,0.6840855859727029,1.0769136776261743,1.46256775767655,1.482604876035735,3.214544058,2.041967988,"passed","passed",16,128,128,64,0,1,false,"20260910-155426-cf3d81","20260910-155426-cf3d81",0.4677291581071418
"artificial_medium","qkv",16384,4,4096,5120,5120,0.5866928635963141,1.4228530657228664,1.3504148089177568,1.2629879212963275,0.36603200435,0.15092799810000002,"passed","passed",16,128,128,64,0,1,false,"20260910-154445-6c71f2","20260910-154445-6c71f2",0.43445381354081775
"artificial_medium","qkv",16384,8,2048,5120,5120,0.49688184531319546,1.2955379496035095,1.2306778477965301,1.180247346532059,0.21609600635,0.08287999779,"passed","passed",16,128,128,64,0,1,false,"20260910-154605-b0d05f","20260910-154605-b0d05f",0.4037464769540125
"artificial_medium","qkv",65536,4,16384,5120,5120,0.6399624610509148,1.2314117905908057,1.4284180339323636,1.4047225780176664,1.3422560095,0.6975679994,"passed","passed",16,128,128,64,0,1,false,"20260910-155358-215200","20260910-154504-ef92db",0.4480218296384358
"artificial_medium","qkv",65536,8,8192,5120,5120,0.6286397363513875,1.2748038709216538,1.377157045445176,1.2685985630947574,0.68321600555,0.33691200615,"passed","passed",16,128,128,64,0,1,false,"20260910-154634-3d7a8e","20260910-154634-3d7a8e",0.45647643341081345
"artificial_medium","qkv",131072,4,32768,5120,5120,0.6794544404479056,"",1.4634616214467029,1.4228342415906092,2.5284799335,"","passed","unstable",16,128,128,64,0,1,false,"20260910-154527-e9fa57","20260910-155358-215200",0.4642789605758379
"artificial_medium","qkv",131072,8,16384,5120,5120,0.6542738264293081,"",1.4284180339323636,1.4047225780176664,1.3128959535,"","passed","unstable",16,128,128,64,0,1,false,"20260910-154634-3d7a8e","20260910-155426-cf3d81",0.45804086120932325
"artificial_medium","qkv",262144,4,65536,5120,5120,0.6924395590517962,"",1.4582245551161754,1.4496018272498723,4.9621281625,"","passed","unstable",16,128,128,64,0,1,false,"20260910-154527-e9fa57","20260910-155358-215200",0.4748511171495327
"artificial_medium","qkv",262144,8,32768,5120,5120,0.682477455343585,"",1.4634616214467029,1.4228342415906092,2.517280102,"","passed","unstable",16,128,128,64,0,1,false,"20260910-154707-797140","20260910-155426-cf3d81",0.46634462109701436
"artificial_medium","qkv",524288,4,131072,5120,5120,"","",1.4707885644907606,1.4707129912762629,"","","skipped_memory_precheck","skipped_memory_precheck",16,128,128,64,0,1,false,"","",""
"artificial_medium","qkv",524288,8,65536,5120,5120,0.6906513304363612,0.9850074097882784,1.4582245551161754,1.4496018272498723,4.974976063,3.4882720705,"passed","passed",16,128,128,64,0,1,false,"20260910-154741-92f0b6","20260910-155505-34aaac",0.4736248117707342
"artificial_large","qkv",16384,4,4096,16384,7168,0.5336831152417211,"",1.397256687650824,1.3548792774259586,1.8027039770000002,"","passed","unstable",16,128,128,64,0,1,false,"20260910-154445-6c71f2","20260910-155358-215200",0.3819506608617422
"artificial_large","qkv",16384,8,2048,16384,7168,0.532129254195076,1.260577428048485,1.437199261984694,1.3478333735472288,0.9039840102000001,0.38159999255,"passed","passed",16,128,128,64,0,1,false,"20260910-154605-b0d05f","20260910-154605-b0d05f",0.3702543330423329
"artificial_large","qkv",65536,4,16384,16384,7168,0.5520624886583212,0.9033342514517514,1.4529835125280073,1.4670304285021973,6.970752000499999,4.260096073,"passed","passed",16,128,128,64,0,1,false,"20260910-154504-ef92db","20260910-154504-ef92db",0.3799509656498458
"artificial_large","qkv",65536,8,8192,16384,7168,0.5447750037365868,0.9474814670543446,1.449183982984249,1.3870393278455981,3.532000065,2.0307999844999998,"passed","passed",16,128,128,64,0,1,false,"20260910-154634-3d7a8e","20260910-154634-3d7a8e",0.3759184548912503
"artificial_large","qkv",131072,4,32768,16384,7168,"","",1.502374723881534,1.4551371781935847,"","","skipped_memory_precheck","skipped_memory_precheck",16,128,128,64,0,1,false,"","",""
"artificial_large","qkv",131072,8,16384,16384,7168,0.5544218310675848,0.9068799276712127,1.4529835125280073,1.4670304285021973,6.9410879615,4.243440151,"passed","passed",16,128,128,64,0,1,false,"20260910-154707-797140","20260910-154707-797140",0.3815747572406799
"artificial_large","qkv",262144,4,65536,16384,7168,"","",1.500326987446604,1.453180975528399,"","","skipped_memory_precheck","skipped_memory_precheck",16,128,128,64,0,1,false,"","",""
"artificial_large","qkv",262144,8,32768,16384,7168,"","",1.502374723881534,1.4551371781935847,"","","skipped_memory_precheck","skipped_memory_precheck",16,128,128,64,0,1,false,"","",""
"artificial_large","qkv",524288,4,131072,16384,7168,"","",1.4936882990441214,1.419896224443315,"","","skipped_memory_precheck","skipped_memory_precheck",16,128,128,64,0,1,false,"","",""
"artificial_large","qkv",524288,8,65536,16384,7168,"","",1.500326987446604,1.453180975528399,"","","skipped_memory_precheck","skipped_memory_precheck",16,128,128,64,0,1,false,"","",""
"production_qwen_dense","qkv",16384,4,4096,2048,4096,0.3237819249362284,0.9435340740189697,1.144104250679439,1.1825350650653033,0.21224000305000001,0.07283200324,"passed","passed",16,128,128,64,0,1,false,"20260910-154445-6c71f2","20260910-155358-215200",0.283000368842216
"production_qwen_dense","qkv",16384,8,2048,2048,4096,0.32478578792056856,1.063637266313766,1.1001453327062622,1.086783270935438,0.1057920009,0.03230400011,"passed","passed",16,128,128,64,0,1,false,"20260910-154605-b0d05f","20260910-154605-b0d05f",0.29522080243855026
"production_qwen_dense","qkv",65536,4,16384,2048,4096,0.567179567595508,1.3086432644004402,1.3854733335275755,1.3653237717927058,0.4846400023,0.210048005,"passed","passed",16,128,128,64,0,1,false,"20260910-154504-ef92db","20260910-154504-ef92db",0.4093760261349839
"production_qwen_dense","qkv",65536,8,8192,2048,4096,0.49670027987266335,1.274660109286827,1.1925495921493987,1.1525472509042176,0.27670399845,0.10782400145,"passed","passed",16,128,128,64,0,1,false,"20260910-154634-3d7a8e","20260910-154634-3d7a8e",0.41650282985501064
"production_qwen_dense","qkv",131072,4,32768,2048,4096,0.6119385595915532,1.324942708448536,1.3845800492666904,1.4329095722017398,0.89838400485,0.41492798925,"passed","passed",16,128,256,64,64,1,false,"20260910-164414-215ed0","20260910-154504-ef92db",0.441966905355636
"production_qwen_dense","qkv",131072,8,16384,2048,4096,0.5754050818047663,1.3087429793505063,1.3854733335275755,1.3653237717927058,0.47771199045,0.21003200115,"passed","passed",16,128,256,64,0,4,false,"20260910-164236-125622","20260910-154634-3d7a8e",0.41531299656249493
"production_qwen_dense","qkv",262144,4,65536,2048,4096,0.6337330498492572,1.2802406356535283,1.342911699925399,1.454565130380785,1.7349759935,0.8588320017,"passed","passed",16,128,256,64,64,1,false,"20260910-164154-417b3f","20260910-154527-e9fa57",0.47190969434882585
"production_qwen_dense","qkv",262144,8,32768,2048,4096,0.6091072043811178,1.3446985451239135,1.3845800492666904,1.4329095722017398,0.90256002545,0.4088320136,"passed","passed",16,128,256,64,0,8,false,"20260910-164259-97208d","20260910-154707-797140",0.4399219855173536
"production_qwen_dense","qkv",524288,4,131072,2048,4096,"","",1.4442781788445938,1.515246860335668,"","","skipped_memory_precheck","skipped_memory_precheck",16,128,128,64,0,1,false,"","",""
"production_qwen_dense","qkv",524288,8,65536,2048,4096,0.6225718053992005,1.264550662805159,1.342911699925399,1.454565130380785,1.7660800220000001,0.86948800085,"passed","passed",16,128,256,64,64,1,false,"20260910-164259-97208d","20260910-154741-92f0b6",0.46359846699808
"nanbeige42_3b","qkv",16384,4,4096,3072,8192,0.5364908848396668,1.4256363534295857,1.2843801696694979,1.3392476872090198,0.38427200915,0.1446080059,"passed","passed",16,128,128,64,0,1,false,"20260910-154445-6c71f2","20260910-154445-6c71f2",0.4177041171366877
"nanbeige42_3b","qkv",16384,8,2048,3072,8192,0.4592238196254984,1.3030847569728248,1.1724205684399998,1.1823180194194312,0.22446399925,0.07910399884,"passed","passed",16,128,128,64,0,1,false,"20260910-154605-b0d05f","20260910-154605-b0d05f",0.39168864142031623
"nanbeige42_3b","qkv",65536,4,16384,3072,8192,0.6074202272270348,1.275448706938754,1.3547724369137133,1.3870392881146885,1.3576000335,0.64654400945,"passed","passed",16,128,128,64,0,1,false,"20260910-154504-ef92db","20260910-154504-ef92db",0.4483559088423659
"nanbeige42_3b","qkv",65536,8,8192,3072,8192,0.5824342709958645,1.3358458963969158,1.333564675256885,1.3218673302010413,0.70791998505,0.30865600705,"passed","passed",16,128,128,64,0,1,false,"20260910-154634-3d7a8e","20260910-154634-3d7a8e",0.43674992432119575
"nanbeige42_3b","qkv",131072,4,32768,3072,8192,0.6266061070311987,"",1.410131700782639,1.4091099677415662,2.632064104,"","passed","unstable",16,128,128,64,0,1,false,"20260910-154504-ef92db","20260910-155358-215200",0.44435998898785495
"nanbeige42_3b","qkv",131072,8,16384,3072,8192,0.6127497318536331,"",1.3547724369137133,1.3870392881146885,1.345792055,"","passed","unstable",16,128,128,64,0,1,false,"20260910-154634-3d7a8e","20260910-155426-cf3d81",0.45228978325653646
"nanbeige42_3b","qkv",262144,4,65536,3072,8192,0.6364466440589935,"",1.4085805106301479,1.497373822463529,5.18273592,"","passed","unstable",16,128,128,64,0,1,false,"20260910-154527-e9fa57","20260910-155358-215200",0.4518354749735039
"nanbeige42_3b","qkv",262144,8,32768,3072,8192,0.6278618105650569,1.180679425508063,1.410131700782639,1.4091099677415662,2.62680006,1.3968799710000002,"passed","passed",16,128,128,64,0,1,false,"20260910-154707-797140","20260910-155426-cf3d81",0.44525047569428194
"nanbeige42_3b","qkv",524288,4,131072,3072,8192,"","",1.4646355574102878,1.4873594122318015,"","","skipped_memory_precheck","skipped_memory_precheck",16,128,128,64,0,1,false,"","",""
"nanbeige42_3b","qkv",524288,8,65536,3072,8192,0.6369441163088541,"",1.4085805106301479,1.497373822463529,5.1786880495,"","passed","unstable",16,128,128,64,0,1,false,"20260910-154741-92f0b6","20260910-155426-cf3d81",0.4521886477216047
"llama3_8b","qkv",16384,4,4096,4096,6144,0.5550726690727081,1.4250056755140157,1.2657074856867165,1.3024261320169892,0.3714080006,0.1446720064,"passed","passed",16,128,128,64,0,1,false,"20260910-154445-6c71f2","20260910-154445-6c71f2",0.4385473542265972
"llama3_8b","qkv",16384,8,2048,4096,6144,0.4627532540067387,1.3004543680103544,1.1904010843473423,1.1908411620187185,0.2227520049,0.07926400006,"passed","passed",16,128,128,64,0,1,false,"20260910-154605-b0d05f","20260910-154605-b0d05f",0.3887372584681835
"llama3_8b","qkv",65536,4,16384,4096,6144,0.6188119038789173,1.2328575205396737,1.3966616600349153,1.3472645901430567,1.332608044,0.6688799858,"passed","passed",16,128,128,64,0,1,false,"20260910-154504-ef92db","20260910-154504-ef92db",0.4430650039204538
"llama3_8b","qkv",65536,8,8192,4096,6144,0.598115447302334,1.2775670106215506,1.3661561686488435,1.307448147427193,0.68935999275,0.32273599505,"passed","passed",16,128,128,64,0,1,false,"20260910-154634-3d7a8e","20260910-154634-3d7a8e",0.43780898628440296
"llama3_8b","qkv",131072,4,32768,4096,6144,0.6279689077337017,"",1.40618818340176,1.4674869272795303,2.6263520715,"","passed","unstable",16,128,128,64,0,1,false,"20260910-154527-e9fa57","20260910-155358-215200",0.4465752984885421
"llama3_8b","qkv",131072,8,16384,4096,6144,0.5927976630499443,1.2051819606319725,1.3966616600349153,1.3472645901430567,1.3910880090000002,0.68424001335,"passed","passed",16,128,128,64,0,1,false,"20260910-154634-3d7a8e","20260910-154634-3d7a8e",0.4244389890641982
"llama3_8b","qkv",262144,4,65536,4096,6144,0.5912929415757108,"",1.405948397416822,1.4550682443896668,5.5785121915,"","passed","unstable",16,128,128,64,0,1,false,"20260910-154527-e9fa57","20260910-155358-215200",0.4205651805301713
"llama3_8b","qkv",262144,8,32768,4096,6144,0.6189122255965029,"",1.40618818340176,1.4674869272795303,2.6647840735,"","passed","unstable",16,128,128,64,0,1,false,"20260910-155426-cf3d81","20260910-155426-cf3d81",0.44013470807247884
"llama3_8b","qkv",524288,4,131072,4096,6144,"","",1.4397895548812916,1.463600927188319,"","","skipped_memory_precheck","skipped_memory_precheck",16,128,128,64,0,1,false,"","",""
"llama3_8b","qkv",524288,8,65536,4096,6144,0.6366313839884933,"",1.405948397416822,1.4550682443896668,5.1812319755,"","passed","unstable",16,128,128,64,0,1,false,"20260910-154741-92f0b6","20260910-155426-cf3d81",0.45281276692529343
"qwen25_14b_32b","qkv",16384,4,4096,5120,7168,0.5589743729443554,1.4291512974610225,1.3043511164134047,1.3450595756875485,0.5378559828,0.2103680074,"passed","passed",16,128,128,64,0,1,false,"20260910-154445-6c71f2","20260910-154445-6c71f2",0.42854593821437914
"qwen25_14b_32b","qkv",16384,8,2048,5120,7168,0.5168752283778751,1.3659843938922527,1.2548738760834002,1.303989045333909,0.29083199795000003,0.1100480035,"passed","passed",16,128,128,64,0,1,false,"20260910-154605-b0d05f","20260910-154605-b0d05f",0.41189416580341903
"qwen25_14b_32b","qkv",65536,4,16384,5120,7168,0.6232332311774461,"",1.3684964028609388,1.3599784579722927,1.9296,"","passed","unstable",16,128,128,64,0,1,false,"20260910-154504-ef92db","20260910-155358-215200",0.4554145921571535
"qwen25_14b_32b","qkv",65536,8,8192,5120,7168,0.5899958298614332,1.2312342656314175,1.3701678866616813,1.320437226555977,1.0191519855000002,0.48836800455,"passed","passed",16,128,128,64,0,1,false,"20260910-154634-3d7a8e","20260910-154634-3d7a8e",0.4306011223915902
"qwen25_14b_32b","qkv",131072,4,32768,5120,7168,0.6302649198714152,"",1.4685083557915097,1.451128544983378,3.8161439895,"","passed","unstable",16,128,128,64,0,1,false,"20260910-154527-e9fa57","20260910-155358-215200",0.4291871526544426
"qwen25_14b_32b","qkv",131072,8,16384,5120,7168,0.6206395035566207,"",1.3684964028609388,1.3599784579722927,1.937664032,"","passed","unstable",16,128,128,64,0,1,false,"20260910-154634-3d7a8e","20260910-155426-cf3d81",0.45351928018161375
"qwen25_14b_32b","qkv",262144,4,65536,5120,7168,"","",1.4289068127939348,1.461455516890844,"","","skipped_memory_precheck","skipped_memory_precheck",16,128,128,64,0,1,false,"","",""
"qwen25_14b_32b","qkv",262144,8,32768,5120,7168,0.6017503419906685,"",1.4685083557915097,1.451128544983378,3.996976018,"","passed","unstable",16,128,128,64,0,1,false,"20260910-154707-797140","20260910-155426-cf3d81",0.40976977735093084
"qwen25_14b_32b","qkv",524288,4,131072,5120,7168,"","",1.479270678563505,1.4698149521132844,"","","skipped_memory_precheck","skipped_memory_precheck",16,128,128,64,0,1,false,"","",""
"qwen25_14b_32b","qkv",524288,8,65536,5120,7168,"","",1.4289068127939348,1.461455516890844,"","","skipped_memory_precheck","skipped_memory_precheck",16,128,128,64,0,1,false,"","",""
"llama31_405b","qkv",16384,4,4096,16384,18432,0.558519342366475,1.0158990700383017,1.534312683141621,1.493165900120967,4.429392099499999,2.4351840014999997,"passed","passed",16,128,128,64,0,1,false,"20260910-154445-6c71f2","20260910-154445-6c71f2",0.36401924360220017
"llama31_405b","qkv",16384,8,2048,16384,18432,0.5587312776012364,"",1.4745824570880361,1.4489085219741649,2.213855982,"","passed","unstable",16,128,128,64,0,1,false,"20260910-154605-b0d05f","20260910-155426-cf3d81",0.37890812746043595
"llama31_405b","qkv",65536,4,16384,16384,18432,"","",1.503090862822919,1.459497716376406,"","","skipped_memory_precheck","skipped_memory_precheck",16,128,128,64,0,1,false,"","",""
"llama31_405b","qkv",65536,8,8192,16384,18432,0.5418823938410292,0.9179432744439259,1.5180436928428223,1.4443742898295453,9.130767822,5.390095949,"passed","passed",16,128,128,64,0,1,false,"20260910-154634-3d7a8e","20260910-154634-3d7a8e",0.356960999473113
"llama31_405b","qkv",131072,4,32768,16384,18432,"","",1.494159739670136,1.4391212207526924,"","","skipped_memory_precheck","skipped_memory_precheck",16,128,128,64,0,1,false,"","",""
"llama31_405b","qkv",131072,8,16384,16384,18432,"","",1.503090862822919,1.459497716376406,"","","skipped_memory_precheck","skipped_memory_precheck",16,128,128,64,0,1,false,"","",""
"llama31_405b","qkv",262144,4,65536,16384,18432,"","",1.4701213884053084,1.3972311329679583,"","","skipped_memory_precheck","skipped_memory_precheck",16,128,128,64,0,1,false,"","",""
"llama31_405b","qkv",262144,8,32768,16384,18432,"","",1.494159739670136,1.4391212207526924,"","","skipped_memory_precheck","skipped_memory_precheck",16,128,128,64,0,1,false,"","",""
"llama31_405b","qkv",524288,4,131072,16384,18432,"","",1.453731351288022,1.3783039485958208,"","","skipped_memory_precheck","skipped_memory_precheck",16,128,128,64,0,1,false,"","",""
"llama31_405b","qkv",524288,8,65536,16384,18432,"","",1.4701213884053084,1.3972311329679583,"","","skipped_memory_precheck","skipped_memory_precheck",16,128,128,64,0,1,false,"","",""
"qwen25_72b","qkv",16384,4,4096,8192,10240,0.5425609984294887,1.2647507674510927,1.3675190970282274,1.339205918330461,1.266576052,0.54334402085,"passed","passed",16,128,128,64,0,1,false,"20260910-154445-6c71f2","20260910-155358-215200",0.3967483888221632
"qwen25_72b","qkv",16384,8,2048,8192,10240,0.5127706849213509,1.3577919419624787,1.3092815354850775,1.361407118443926,0.6700800061,0.2530559897,"passed","passed",16,128,128,64,0,1,false,"20260910-154605-b0d05f","20260910-154605-b0d05f",0.39164279875937746
"qwen25_72b","qkv",65536,4,16384,8192,10240,0.5647204679527198,"",1.4156238039865379,1.501329971505795,4.867503881,"","passed","unstable",16,128,128,64,0,1,false,"20260910-154504-ef92db","20260910-155358-215200",0.39891987289448694
"qwen25_72b","qkv",65536,8,8192,8192,10240,0.548877621001277,"",1.3668445716118791,1.4511740972166518,2.5039999484999997,"","passed","unstable",16,128,128,64,0,1,false,"20260910-154634-3d7a8e","20260910-155426-cf3d81",0.4015654979366103
"qwen25_72b","qkv",131072,4,32768,8192,10240,0.8506675443624625,0.9304899706919155,1.4894785715675318,1.5136848688157316,6.462640047000001,5.90824008,"passed","passed",16,128,256,64,64,4,true,"20260910-164154-417b3f","20260910-155358-215200",0.5711176787640639
"qwen25_72b","qkv",131072,8,16384,8192,10240,0.9995734872545096,"",1.4156238039865379,1.501329971505795,2.749951959,"","passed","unstable",16,128,256,64,0,8,false,"20260910-164430-e57d54","20260910-155426-cf3d81",0.7061010732085818
"qwen25_72b","qkv",262144,4,65536,8192,10240,"","",1.481796017414084,1.494054337203416,"","","skipped_memory_precheck","skipped_memory_precheck",16,128,128,64,0,1,false,"","",""
"qwen25_72b","qkv",262144,8,32768,8192,10240,0.842912800908778,0.9251509949210281,1.4894785715675318,1.5136848688157316,6.522095919,5.9423360825,"passed","passed",16,128,256,64,64,4,true,"20260910-164259-97208d","20260910-154707-797140",0.5659113309845699
"qwen25_72b","qkv",524288,4,131072,8192,10240,"","",1.4750372193755774,1.481189212041818,"","","skipped_memory_precheck","skipped_memory_precheck",16,128,128,64,0,1,false,"","",""
"qwen25_72b","qkv",524288,8,65536,8192,10240,"","",1.481796017414084,1.494054337203416,"","","skipped_memory_precheck","skipped_memory_precheck",16,128,128,64,0,1,false,"","",""
"qwen3_235b","qkv",16384,4,4096,4096,9216,0.5268318460800856,1.4257415944800917,1.2560016279941992,1.3965859502207942,0.5869759917,0.2168959975,"passed","passed",16,128,128,64,0,1,false,"20260910-154445-6c71f2","20260910-154445-6c71f2",0.4194515630695653
"qwen3_235b","qkv",16384,8,2048,4096,9216,"","",1.3351307260026817,1.2872887389348913,"","","nondivisible_heads","nondivisible_heads",16,128,128,64,0,1,false,"","",""
"qwen3_235b","qkv",65536,4,16384,4096,9216,0.5694103449985091,1.2323956168544137,1.3596927806905006,1.5130820133981289,2.1723359825,1.0036960245,"passed","passed",16,128,128,64,0,1,false,"20260910-154504-ef92db","20260910-154504-ef92db",0.41877867786379075
"qwen3_235b","qkv",65536,8,8192,4096,9216,"","",1.3244716747849794,1.4641934042975207,"","","nondivisible_heads","nondivisible_heads",16,128,128,64,0,1,false,"","",""
"qwen3_235b","qkv",131072,4,32768,4096,9216,1.0373551293305505,"",1.413851681188684,1.473654926385786,2.3848160505,"","passed","unstable",16,128,256,64,0,8,false,"20260910-164138-74b364","20260910-155358-215200",0.7337085941422107
"qwen3_235b","qkv",131072,8,16384,4096,9216,"","",1.3596927806905006,1.5130820133981289,"","","nondivisible_heads","nondivisible_heads",16,128,128,64,0,1,false,"","",""
"qwen3_235b","qkv",262144,4,65536,4096,9216,"","",1.3889956255387415,1.5130967963694322,"","","skipped_memory_precheck","skipped_memory_precheck",16,128,128,64,0,1,false,"","",""
"qwen3_235b","qkv",262144,8,32768,4096,9216,"","",1.413851681188684,1.473654926385786,"","","nondivisible_heads","nondivisible_heads",16,128,128,64,0,1,false,"","",""
"qwen3_235b","qkv",524288,4,131072,4096,9216,"","",1.476402424023362,1.5020978856263747,"","","skipped_memory_precheck","skipped_memory_precheck",16,128,128,64,0,1,false,"","",""
"qwen3_235b","qkv",524288,8,65536,4096,9216,"","",1.3889956255387415,1.5130967963694322,"","","nondivisible_heads","nondivisible_heads",16,128,128,64,0,1,false,"","",""
"bloom_176b","qkv",16384,4,4096,14336,43008,"","",1.3816772543732858,1.4756095212849647,"","","skipped_memory_precheck","skipped_memory_precheck",16,128,128,64,0,1,false,"","",""
"bloom_176b","qkv",16384,8,2048,14336,43008,0.5365296329028858,"",1.2804625036292214,1.4552700794868374,4.7069921495,"","passed","unstable",16,128,128,64,0,1,false,"20260910-154605-b0d05f","20260910-155426-cf3d81",0.4190123735620505
"bloom_176b","qkv",65536,4,16384,14336,43008,"","",1.4869738916210395,1.484376365132299,"","","skipped_memory_precheck","skipped_memory_precheck",16,128,128,64,0,1,false,"","",""
"bloom_176b","qkv",65536,8,8192,14336,43008,"","",1.449137466133585,1.4934069519495976,"","","skipped_memory_precheck","skipped_memory_precheck",16,128,128,64,0,1,false,"","",""
"bloom_176b","qkv",131072,4,32768,14336,43008,"","",1.470098316626307,1.4725636672693978,"","","skipped_memory_precheck","skipped_memory_precheck",16,128,128,64,0,1,false,"","",""
"bloom_176b","qkv",131072,8,16384,14336,43008,"","",1.4869738916210395,1.484376365132299,"","","skipped_memory_precheck","skipped_memory_precheck",16,128,128,64,0,1,false,"","",""
"bloom_176b","qkv",262144,4,65536,14336,43008,"","",1.4382514070875987,1.4382116673553367,"","","skipped_memory_precheck","skipped_memory_precheck",16,128,128,64,0,1,false,"","",""
"bloom_176b","qkv",262144,8,32768,14336,43008,"","",1.470098316626307,1.4725636672693978,"","","skipped_memory_precheck","skipped_memory_precheck",16,128,128,64,0,1,false,"","",""
"bloom_176b","qkv",524288,4,131072,14336,43008,"","",1.408960441416094,1.4113150955102824,"","","skipped_memory_precheck","skipped_memory_precheck",16,128,128,64,0,1,false,"","",""
"bloom_176b","qkv",524288,8,65536,14336,43008,"","",1.4382514070875987,1.4382116673553367,"","","skipped_memory_precheck","skipped_memory_precheck",16,128,128,64,0,1,false,"","",""
"representative_small","oproj",16384,4,4096,4096,4096,1.12374863840921,1.4063416293362279,1.305659651538942,1.28553343818096,0.122304,0.09772799909,"passed","passed",16,128,128,64,0,1,false,"20260910-154445-6c71f2","20260910-154445-6c71f2",0.8606750136489865
"representative_small","oproj",16384,8,2048,4096,4096,0.9385855270265425,1.2617412457640476,1.1712482455134419,1.1456301415708197,0.07321599871,0.05446400121,"passed","passed",16,128,128,64,0,1,false,"20260910-154605-b0d05f","20260910-154605-b0d05f",0.8013549054368857
"representative_small","oproj",65536,4,16384,4096,4096,1.2620656952567821,1.2626222273111556,1.4430195200459683,1.3400834175695642,0.43559999765,0.43540799615,"passed","passed",16,128,128,64,0,1,false,"20260910-154445-6c71f2","20260910-154445-6c71f2",0.8746005703488877
"representative_small","oproj",65536,8,8192,4096,4096,1.2364065743175339,1.3331162444600293,1.3923226364111914,1.2639691754780105,0.22231999785,0.20619200170000002,"passed","passed",16,128,128,64,0,1,false,"20260910-154605-b0d05f","20260910-154605-b0d05f",0.8880172899468602
"representative_small","oproj",131072,4,32768,4096,4096,1.2338757452618079,1.1519869192163321,1.4377361902369172,1.447274303334885,0.8911040127000001,0.9544480145,"passed","passed",16,128,128,64,0,1,false,"20260910-155358-215200","20260910-154504-ef92db",0.8582073356993843
"representative_small","oproj",131072,8,16384,4096,4096,1.2626222273111556,1.275038561856134,1.4430195200459683,1.3400834175695642,0.43540799615,0.43116799,"passed","passed",16,128,128,64,0,1,false,"20260910-154634-3d7a8e","20260910-154634-3d7a8e",0.8749862422311058
"representative_small","oproj",262144,4,65536,4096,4096,"",1.0604530476367686,1.46256775767655,1.482604876035735,"",2.0736639500000003,"unstable","passed",16,128,128,64,0,1,false,"20260910-155358-215200","20260910-154527-e9fa57",""
"representative_small","oproj",262144,8,32768,4096,4096,"",1.1300315155580987,1.4377361902369172,1.447274303334885,"",0.972992003,"unstable","passed",16,128,128,64,0,1,false,"20260910-155426-cf3d81","20260910-154707-797140",""
"representative_small","oproj",524288,4,131072,4096,4096,"","",1.4709185608950592,1.4128617525204734,"","","skipped_memory_precheck","skipped_memory_precheck",16,128,128,64,0,1,false,"","",""
"representative_small","oproj",524288,8,65536,4096,4096,"",1.058941444363341,1.46256775767655,1.482604876035735,"",2.0766240355,"unstable","passed",16,128,128,64,0,1,false,"20260910-155426-cf3d81","20260910-155426-cf3d81",""
"representative_medium","oproj",16384,4,4096,5120,5120,1.1209097131355674,1.4061574722308028,1.3504148089177568,1.2629879212963275,0.19158399850000002,0.1527199969,"passed","passed",16,128,128,64,0,1,false,"20260910-155358-215200","20260910-154445-6c71f2",0.8300484456578803
"representative_medium","oproj",16384,8,2048,5120,5120,0.9943526792418114,1.292294714130611,1.2306778477965301,1.180247346532059,0.1079840027,0.083087999375,"passed","passed",16,128,128,64,0,1,false,"20260910-154605-b0d05f","20260910-154605-b0d05f",0.8079715426926326
"representative_medium","oproj",65536,4,16384,5120,5120,1.1128472948421204,1.1894780179759734,1.4284180339323636,1.4047225780176664,0.77188798785,0.72216001155,"passed","passed",16,128,128,64,0,1,false,"20260910-154445-6c71f2","20260910-154445-6c71f2",0.7790767607284454
"representative_medium","oproj",65536,8,8192,5120,5120,1.1873996970248504,1.2505145621999574,1.377157045445176,1.2685985630947574,0.36171200875,0.3434560001,"passed","passed",16,128,128,64,0,1,false,"20260910-154605-b0d05f","20260910-154605-b0d05f",0.8622108139025022
"representative_medium","oproj",131072,4,32768,5120,5120,"","",1.4634616214467029,1.4228342415906092,"","","unstable","unstable",16,128,128,64,0,1,false,"20260910-155358-215200","20260910-155358-215200",""
"representative_medium","oproj",131072,8,16384,5120,5120,1.206695525625195,1.184099945589504,1.4284180339323636,1.4047225780176664,0.71185600755,0.7254399954999999,"passed","passed",16,128,128,64,0,1,false,"20260910-154634-3d7a8e","20260910-154634-3d7a8e",0.8447775769836946
"representative_medium","oproj",262144,4,65536,5120,5120,1.0809136732170523,0.9962809873518708,1.4582245551161754,1.4496018272498723,3.1787680385000003,3.4487999675000003,"passed","passed",16,128,128,64,0,1,false,"20260910-154527-e9fa57","20260910-154527-e9fa57",0.741253238004168
"representative_medium","oproj",262144,8,32768,5120,5120,"",1.0584785836623853,1.4634616214467029,1.4228342415906092,"",1.6230719685000001,"unstable","passed",16,128,128,64,0,1,false,"20260910-155426-cf3d81","20260910-154707-797140",""
"representative_medium","oproj",524288,4,131072,5120,5120,"","",1.4707885644907606,1.4707129912762629,"","","skipped_memory_precheck","skipped_memory_precheck",16,128,128,64,0,1,false,"","",""
"representative_medium","oproj",524288,8,65536,5120,5120,1.087063788692178,"",1.4582245551161754,1.4496018272498723,3.160784006,"","passed","unstable",16,128,128,64,0,1,false,"20260910-155426-cf3d81","20260910-155426-cf3d81",0.7454707746335903
"representative_large","oproj",16384,4,4096,16384,7168,0.8249467274225477,1.033189127898355,1.397256687650824,1.3548792774259586,1.1662240025,0.9311680198,"passed","passed",16,128,128,64,0,1,false,"20260910-154445-6c71f2","20260910-154445-6c71f2",0.5904045653984394
"representative_large","oproj",16384,8,2048,16384,7168,0.8067180903545946,1.2257326505003605,1.437199261984694,1.3478333735472288,0.5962880254,0.3924480081,"passed","passed",16,128,128,64,0,1,false,"20260910-154605-b0d05f","20260910-154605-b0d05f",0.5613126249734924
"representative_large","oproj",65536,4,16384,16384,7168,0.864504704187391,0.8780534557206016,1.4529835125280073,1.4670304285021973,4.4514398575000005,4.38275218,"passed","passed",16,128,128,64,0,1,false,"20260910-154504-ef92db","20260910-155358-215200",0.5949859008952292
"representative_large","oproj",65536,8,8192,16384,7168,0.8264774809307354,0.9242238350865483,1.449183982984249,1.3870393278455981,2.3281279804999997,2.0819040534999997,"passed","passed",16,128,128,64,0,1,false,"20260910-154605-b0d05f","20260910-154605-b0d05f",0.5703054205918022
"representative_large","oproj",131072,4,32768,16384,7168,"","",1.502374723881534,1.4551371781935847,"","","skipped_memory_precheck","skipped_memory_precheck",16,128,128,64,0,1,false,"","",""
"representative_large","oproj",131072,8,16384,16384,7168,0.8462096675647268,"",1.4529835125280073,1.4670304285021973,4.547679901,"","passed","unstable",16,128,128,64,0,1,false,"20260910-154634-3d7a8e","20260910-155426-cf3d81",0.58239454217373
"representative_large","oproj",262144,4,65536,16384,7168,"","",1.500326987446604,1.453180975528399,"","","skipped_memory_precheck","skipped_memory_precheck",16,128,128,64,0,1,false,"","",""
"representative_large","oproj",262144,8,32768,16384,7168,"","",1.502374723881534,1.4551371781935847,"","","skipped_memory_precheck","skipped_memory_precheck",16,128,128,64,0,1,false,"","",""
"representative_large","oproj",524288,4,131072,16384,7168,"","",1.4936882990441214,1.419896224443315,"","","skipped_memory_precheck","skipped_memory_precheck",16,128,128,64,0,1,false,"","",""
"representative_large","oproj",524288,8,65536,16384,7168,"","",1.500326987446604,1.453180975528399,"","","skipped_memory_precheck","skipped_memory_precheck",16,128,128,64,0,1,false,"","",""
"production_qwen_dense","oproj",16384,4,4096,2048,2048,0.6553199944422338,1.0683998577647964,1.0250518589253879,1.0096302931662648,0.052432000640000004,0.03215999901,"passed","passed",16,128,128,64,0,1,false,"20260910-154445-6c71f2","20260910-154445-6c71f2",0.63930423493816
"production_qwen_dense","oproj",16384,8,2048,2048,2048,0.4271049333245079,0.788935945648538,0.8947848108333353,0.9023040683002614,0.04022400081,0.02177600004,"passed","passed",16,128,128,64,0,1,false,"20260910-154605-b0d05f","20260910-154605-b0d05f",0.4773269820335176
"production_qwen_dense","oproj",65536,4,16384,2048,2048,0.8317132309177278,1.071197752769623,1.2880393703880655,1.2525422148101033,0.1652480066,0.1283039972,"passed","passed",16,128,128,64,0,1,false,"20260910-154445-6c71f2","20260910-154445-6c71f2",0.645720348336205
"production_qwen_dense","oproj",65536,8,8192,2048,2048,0.8457989921212,1.2112146940451523,1.098738126617436,1.1514657640146915,0.08124800026500001,0.05673599988,"passed","passed",16,128,128,64,0,1,false,"20260910-154605-b0d05f","20260910-154605-b0d05f",0.7697912465503205
"production_qwen_dense","oproj",131072,4,32768,2048,2048,1.2121547333852143,1.296691757479994,1.3096408656578251,1.352745621387563,0.22676800195,0.21198400109999999,"passed","passed",16,128,256,64,64,2,false,"20260910-164138-74b364","20260910-154504-ef92db",0.9255626982717555
"production_qwen_dense","oproj",131072,8,16384,2048,2048,1.0351812796819746,1.2740929173338098,1.2880393703880655,1.2525422148101033,0.13276800515,0.1078720018,"passed","passed",16,128,256,64,0,4,false,"20260910-164212-059386","20260910-154634-3d7a8e",0.8036876072895902
"production_qwen_dense","oproj",262144,4,65536,2048,2048,1.1345464260645124,1.3140987091071537,1.3214267461866296,1.3604045881610232,0.48455999795,0.41835199295000003,"passed","passed",16,128,256,64,64,4,false,"20260910-164154-417b3f","20260910-154527-e9fa57",0.8585768597000053
"production_qwen_dense","oproj",262144,8,32768,2048,2048,1.141443717182889,1.3338407453820487,1.3096408656578251,1.352745621387563,0.24081599715,0.2060800046,"passed","passed",16,128,128,64,0,1,false,"20260910-154707-797140","20260910-154707-797140",0.8715700213046944
"production_qwen_dense","oproj",524288,4,131072,2048,2048,1.2496040747802535,1.268378425341821,1.3538116229213206,1.423058141198884,0.8798879981000001,0.8668640256,"passed","passed",16,128,128,64,0,1,false,"20260910-155358-215200","20260910-154551-17c67d",0.9230265523085087
"production_qwen_dense","oproj",524288,8,65536,2048,2048,1.2984558440986198,1.271499786756823,1.3214267461866296,1.3604045881610232,0.4233919978,0.43236799535,"passed","passed",16,128,256,64,64,1,false,"20260910-164259-97208d","20260910-154707-797140",0.9826165906250202
"llama3_8b","oproj",16384,4,4096,4096,4096,1.12374863840921,1.4063416293362279,1.305659651538942,1.28553343818096,0.122304,0.09772799909,"passed","passed",16,128,128,64,0,1,false,"20260910-154445-6c71f2","20260910-154445-6c71f2",0.8606750136489865
"llama3_8b","oproj",16384,8,2048,4096,4096,0.9385855270265425,1.2617412457640476,1.1712482455134419,1.1456301415708197,0.07321599871,0.05446400121,"passed","passed",16,128,128,64,0,1,false,"20260910-154605-b0d05f","20260910-154605-b0d05f",0.8013549054368857
"llama3_8b","oproj",65536,4,16384,4096,4096,1.2620656952567821,1.2626222273111556,1.4430195200459683,1.3400834175695642,0.43559999765,0.43540799615,"passed","passed",16,128,128,64,0,1,false,"20260910-154445-6c71f2","20260910-154445-6c71f2",0.8746005703488877
"llama3_8b","oproj",65536,8,8192,4096,4096,1.2364065743175339,1.3331162444600293,1.3923226364111914,1.2639691754780105,0.22231999785,0.20619200170000002,"passed","passed",16,128,128,64,0,1,false,"20260910-154605-b0d05f","20260910-154605-b0d05f",0.8880172899468602
"llama3_8b","oproj",131072,4,32768,4096,4096,1.2338757452618079,1.1519869192163321,1.4377361902369172,1.447274303334885,0.8911040127000001,0.9544480145,"passed","passed",16,128,128,64,0,1,false,"20260910-155358-215200","20260910-154504-ef92db",0.8582073356993843
"llama3_8b","oproj",131072,8,16384,4096,4096,1.2626222273111556,1.275038561856134,1.4430195200459683,1.3400834175695642,0.43540799615,0.43116799,"passed","passed",16,128,128,64,0,1,false,"20260910-154634-3d7a8e","20260910-154634-3d7a8e",0.8749862422311058
"llama3_8b","oproj",262144,4,65536,4096,4096,"",1.0604530476367686,1.46256775767655,1.482604876035735,"",2.0736639500000003,"unstable","passed",16,128,128,64,0,1,false,"20260910-155358-215200","20260910-154527-e9fa57",""
"llama3_8b","oproj",262144,8,32768,4096,4096,"",1.1300315155580987,1.4377361902369172,1.447274303334885,"",0.972992003,"unstable","passed",16,128,128,64,0,1,false,"20260910-155426-cf3d81","20260910-154707-797140",""
"llama3_8b","oproj",524288,4,131072,4096,4096,"","",1.4709185608950592,1.4128617525204734,"","","skipped_memory_precheck","skipped_memory_precheck",16,128,128,64,0,1,false,"","",""
"llama3_8b","oproj",524288,8,65536,4096,4096,"",1.058941444363341,1.46256775767655,1.482604876035735,"",2.0766240355,"unstable","passed",16,128,128,64,0,1,false,"20260910-155426-cf3d81","20260910-155426-cf3d81",""
"qwen25_14b_32b","oproj",16384,4,4096,5120,5120,1.1209097131355674,1.4061574722308028,1.3504148089177568,1.2629879212963275,0.19158399850000002,0.1527199969,"passed","passed",16,128,128,64,0,1,false,"20260910-155358-215200","20260910-154445-6c71f2",0.8300484456578803
"qwen25_14b_32b","oproj",16384,8,2048,5120,5120,0.9943526792418114,1.292294714130611,1.2306778477965301,1.180247346532059,0.1079840027,0.083087999375,"passed","passed",16,128,128,64,0,1,false,"20260910-154605-b0d05f","20260910-154605-b0d05f",0.8079715426926326
"qwen25_14b_32b","oproj",65536,4,16384,5120,5120,1.1128472948421204,1.1894780179759734,1.4284180339323636,1.4047225780176664,0.77188798785,0.72216001155,"passed","passed",16,128,128,64,0,1,false,"20260910-154445-6c71f2","20260910-154445-6c71f2",0.7790767607284454
"qwen25_14b_32b","oproj",65536,8,8192,5120,5120,1.1873996970248504,1.2505145621999574,1.377157045445176,1.2685985630947574,0.36171200875,0.3434560001,"passed","passed",16,128,128,64,0,1,false,"20260910-154605-b0d05f","20260910-154605-b0d05f",0.8622108139025022
"qwen25_14b_32b","oproj",131072,4,32768,5120,5120,"","",1.4634616214467029,1.4228342415906092,"","","unstable","unstable",16,128,128,64,0,1,false,"20260910-155358-215200","20260910-155358-215200",""
"qwen25_14b_32b","oproj",131072,8,16384,5120,5120,1.206695525625195,1.184099945589504,1.4284180339323636,1.4047225780176664,0.71185600755,0.7254399954999999,"passed","passed",16,128,128,64,0,1,false,"20260910-154634-3d7a8e","20260910-154634-3d7a8e",0.8447775769836946
"qwen25_14b_32b","oproj",262144,4,65536,5120,5120,1.0809136732170523,0.9962809873518708,1.4582245551161754,1.4496018272498723,3.1787680385000003,3.4487999675000003,"passed","passed",16,128,128,64,0,1,false,"20260910-154527-e9fa57","20260910-154527-e9fa57",0.741253238004168
"qwen25_14b_32b","oproj",262144,8,32768,5120,5120,"",1.0584785836623853,1.4634616214467029,1.4228342415906092,"",1.6230719685000001,"unstable","passed",16,128,128,64,0,1,false,"20260910-155426-cf3d81","20260910-154707-797140",""
"qwen25_14b_32b","oproj",524288,4,131072,5120,5120,"","",1.4707885644907606,1.4707129912762629,"","","skipped_memory_precheck","skipped_memory_precheck",16,128,128,64,0,1,false,"","",""
"qwen25_14b_32b","oproj",524288,8,65536,5120,5120,1.087063788692178,"",1.4582245551161754,1.4496018272498723,3.160784006,"","passed","unstable",16,128,128,64,0,1,false,"20260910-155426-cf3d81","20260910-155426-cf3d81",0.7454707746335903
"llama31_405b","oproj",16384,4,4096,16384,16384,0.8317635960379017,0.9765103867809052,1.5004252421853133,1.441007329710797,2.6438080075,2.251919985,"passed","passed",16,128,128,64,0,1,false,"20260910-154445-6c71f2","20260910-154445-6c71f2",0.5543519081473657
"llama31_405b","oproj",16384,8,2048,16384,16384,0.8314314790380976,1.1074498225669107,1.4412037303146377,1.3680418029975825,1.322432041,0.9928320049999999,"passed","passed",16,128,128,64,0,1,false,"20260910-154605-b0d05f","20260910-155426-cf3d81",0.5769007264896427
"llama31_405b","oproj",65536,4,16384,16384,16384,"","",1.5021554094618823,1.5079651020389613,"","","skipped_memory_precheck","skipped_memory_precheck",16,128,128,64,0,1,false,"","",""
"llama31_405b","oproj",65536,8,8192,16384,16384,0.818615253735275,0.8930203285939906,1.5049021825471225,1.4272179960635527,5.3725440505,4.924911976000001,"passed","passed",16,128,128,64,0,1,false,"20260910-154634-3d7a8e","20260910-154634-3d7a8e",0.5439657561993348
"llama31_405b","oproj",131072,4,32768,16384,16384,"","",1.4915387394871058,1.5053492642120505,"","","skipped_memory_precheck","skipped_memory_precheck",16,128,128,64,0,1,false,"","",""
"llama31_405b","oproj",131072,8,16384,16384,16384,"","",1.5021554094618823,1.5079651020389613,"","","skipped_memory_precheck","skipped_memory_precheck",16,128,128,64,0,1,false,"","",""
"llama31_405b","oproj",262144,4,65536,16384,16384,"","",1.474805325211562,1.4763301169967675,"","","skipped_memory_precheck","skipped_memory_precheck",16,128,128,64,0,1,false,"","",""
"llama31_405b","oproj",262144,8,32768,16384,16384,"","",1.4915387394871058,1.5053492642120505,"","","skipped_memory_precheck","skipped_memory_precheck",16,128,128,64,0,1,false,"","",""
"llama31_405b","oproj",524288,4,131072,16384,16384,"","",1.4584771075302054,1.4503889889762815,"","","skipped_memory_precheck","skipped_memory_precheck",16,128,128,64,0,1,false,"","",""
"llama31_405b","oproj",524288,8,65536,16384,16384,"","",1.474805325211562,1.4763301169967675,"","","skipped_memory_precheck","skipped_memory_precheck",16,128,128,64,0,1,false,"","",""
"nanbeige42_3b","oproj",16384,4,4096,6144,3072,1.1148680835706721,1.3549742923612593,1.2227858496546984,1.229475332626305,0.1386879981,0.1141119972,"passed","passed",16,128,128,64,0,1,false,"20260910-154445-6c71f2","20260910-154445-6c71f2",0.9117443450016198
"nanbeige42_3b","oproj",16384,8,2048,6144,3072,0.9270602667074558,1.2695318098663955,1.1441719580783132,1.1548369942346175,0.08339200169,0.06089600176,"passed","passed",16,128,128,64,0,1,false,"20260910-154605-b0d05f","20260910-154605-b0d05f",0.810245575555351
"nanbeige42_3b","oproj",65536,4,16384,6144,3072,1.1875850673751889,1.1857271494213628,1.4290623113260552,1.4699283308326945,0.52078399065,0.521600008,"passed","passed",16,128,128,64,0,1,false,"20260910-154445-6c71f2","20260910-154445-6c71f2",0.8310239924200402
"nanbeige42_3b","oproj",65536,8,8192,6144,3072,1.20187507842949,1.2319046613198086,1.2963547290730397,1.4224886323344648,0.25729599595,0.2510240078,"passed","passed",16,128,128,64,0,1,false,"20260910-154605-b0d05f","20260910-154605-b0d05f",0.927118983311684
"nanbeige42_3b","oproj",131072,4,32768,6144,3072,"",1.1188857461277433,1.475764712281187,1.4799174974272788,"",1.10552001,"unstable","passed",16,128,128,64,0,1,false,"20260910-155358-215200","20260910-155358-215200",""
"nanbeige42_3b","oproj",131072,8,16384,6144,3072,1.2380598913294383,1.142785064611453,1.4290623113260552,1.4699283308326945,0.49955199660000005,0.54120001195,"passed","passed",16,128,128,64,0,1,false,"20260910-154634-3d7a8e","20260910-154634-3d7a8e",0.8663442325202867
"nanbeige42_3b","oproj",262144,4,65536,6144,3072,"","",1.4944503632608677,1.4887091600995515,"","","unstable","unstable",16,128,128,64,0,1,false,"20260910-155358-215200","20260910-155358-215200",""
"nanbeige42_3b","oproj",262144,8,32768,6144,3072,"",1.065719317478604,1.475764712281187,1.4799174974272788,"",1.160672009,"unstable","passed",16,128,128,64,0,1,false,"20260910-155426-cf3d81","20260910-155426-cf3d81",""
"nanbeige42_3b","oproj",524288,4,131072,6144,3072,"","",1.4522153413003653,1.5046303546325632,"","","skipped_memory_precheck","skipped_memory_precheck",16,128,128,64,0,1,false,"","",""
"nanbeige42_3b","oproj",524288,8,65536,6144,3072,"",1.007006683798467,1.4944503632608677,1.4887091600995515,"",2.456687927,"unstable","passed",16,128,128,64,0,1,false,"20260910-155426-cf3d81","20260910-154707-797140",""
"qwen25_7b","oproj",16384,4,4096,3584,3584,1.0133541774779808,1.3264761247281933,1.2067281844895212,1.240646831870038,0.10384000095,0.07932800055,"passed","passed",16,128,128,64,0,1,false,"20260910-154445-6c71f2","20260910-154445-6c71f2",0.8397534676847356
"qwen25_7b","oproj",16384,8,2048,3584,3584,"","",1.148963816671478,1.148562498962824,"","","nondivisible_heads","nondivisible_heads",16,128,128,64,0,1,false,"","",""
"qwen25_7b","oproj",65536,4,16384,3584,3584,1.2407638367304878,1.1674732244390627,1.3476780325651712,1.3367892235043006,0.3392319977,0.36052800715,"passed","passed",16,128,128,64,0,1,false,"20260910-155358-215200","20260910-154445-6c71f2",0.9206678499973894
"qwen25_7b","oproj",65536,8,8192,3584,3584,"","",1.2141915948358901,1.296661811875398,"","","nondivisible_heads","nondivisible_heads",16,128,128,64,0,1,false,"","",""
"qwen25_7b","oproj",131072,4,32768,3584,3584,1.2603206832111302,1.1473852070579211,1.378142569653436,1.3125773608527382,0.6679360271,0.73368000985,"passed","passed",16,128,128,64,0,1,false,"20260910-154504-ef92db","20260910-154504-ef92db",0.9145067505810124
"qwen25_7b","oproj",131072,8,16384,3584,3584,"","",1.3476780325651712,1.3367892235043006,"","","nondivisible_heads","nondivisible_heads",16,128,128,64,0,1,false,"","",""
"qwen25_7b","oproj",262144,4,65536,3584,3584,"",1.0623915635164354,1.4548140693741343,1.434837789219885,"",1.5847520235,"unstable","passed",16,128,128,64,0,1,false,"20260910-155358-215200","20260910-155358-215200",""
"qwen25_7b","oproj",262144,8,32768,3584,3584,"","",1.378142569653436,1.3125773608527382,"","","nondivisible_heads","nondivisible_heads",16,128,128,64,0,1,false,"","",""
"qwen25_7b","oproj",524288,4,131072,3584,3584,"","",1.433001029393208,1.466717286896772,"","","skipped_memory_precheck","skipped_memory_precheck",16,128,128,64,0,1,false,"","",""
"qwen25_7b","oproj",524288,8,65536,3584,3584,"","",1.4548140693741343,1.434837789219885,"","","nondivisible_heads","nondivisible_heads",16,128,128,64,0,1,false,"","",""
"gemma2_9b","oproj",16384,4,4096,4096,3584,0.2783775123101778,1.3450595084923493,1.2025908249600001,1.1703819310438337,0.43199999629999997,0.08940800279,"passed","passed",16,128,128,64,0,1,false,"20260910-154445-6c71f2","20260910-154445-6c71f2",0.2314814869134205
"gemma2_9b","oproj",16384,8,2048,4096,3584,0.29505349888901894,1.1457610708505894,1.2568884437892198,1.1188140584582964,0.2037919983,0.052480001,"passed","passed",16,128,128,64,0,1,false,"20260910-154605-b0d05f","20260910-154605-b0d05f",0.23474915402953567
"gemma2_9b","oproj",65536,4,16384,4096,3584,0.24904342058350193,1.1709289278899113,1.3960239724322157,1.3291233380654994,1.9315360190000002,0.4108159989,"passed","passed",16,128,128,64,0,1,false,"20260910-154445-6c71f2","20260910-154445-6c71f2",0.17839480231102858
"gemma2_9b","oproj",65536,8,8192,4096,3584,0.25108796476627926,1.2032646807273246,1.3302995623275133,1.1929518121671303,0.95790401105,0.1998879984,"passed","passed",16,128,128,64,0,1,false,"20260910-154605-b0d05f","20260910-154605-b0d05f",0.18874543138762803
"gemma2_9b","oproj",131072,4,32768,4096,3584,0.2511131371013259,1.138041169241168,1.3979063376656795,1.3607355102084122,3.8312319515000004,0.8453759849,"passed","passed",16,128,128,64,0,1,false,"20260910-154504-ef92db","20260910-154504-ef92db",0.1796351660588734
"gemma2_9b","oproj",131072,8,16384,4096,3584,0.24997731225918918,1.165436713321026,1.3960239724322157,1.3291233380654994,1.9243199825000001,0.41275200245,"passed","passed",16,128,128,64,0,1,false,"20260910-154634-3d7a8e","20260910-154634-3d7a8e",0.1790637676684502
"gemma2_9b","oproj",262144,4,65536,4096,3584,0.25187891437430177,1.042675681155424,1.4420764835468043,1.3759935490899093,7.639168024,1.8453919884999999,"passed","passed",16,128,128,64,0,1,false,"20260910-154527-e9fa57","20260910-154527-e9fa57",0.1746640467742755
"gemma2_9b","oproj",262144,8,32768,4096,3584,0.2512621413849202,1.1404586539177113,1.3979063376656795,1.3607355102084122,3.828959942,0.84358400105,"passed","passed",16,128,128,64,0,1,false,"20260910-154707-797140","20260910-154707-797140",0.17974175709403756
"gemma2_9b","oproj",524288,4,131072,4096,3584,"","",1.4403751713079236,1.4316472767487436,"","","skipped_memory_precheck","skipped_memory_precheck",16,128,128,64,0,1,false,"","",""
"gemma2_9b","oproj",524288,8,65536,4096,3584,0.2519675721242007,"",1.4420764835468043,1.3759935490899093,7.636480093,"","passed","unstable",16,128,128,64,0,1,false,"20260910-154707-797140","20260910-155426-cf3d81",0.17472552600295058
"llama31_70b","oproj",16384,4,4096,8192,8192,0.9903083545131203,1.2228535165543322,1.3080952893811533,1.4412037303146377,0.55513599515,0.4495680034,"passed","passed",16,128,128,64,0,1,false,"20260910-154445-6c71f2","20260910-154445-6c71f2",0.7570613261527952
"llama31_70b","oproj",16384,8,2048,8192,8192,0.9610040672120098,1.3754899658941795,1.2606302667270521,1.2857259007705508,0.28603199125,0.1998399943,"passed","passed",16,128,128,64,0,1,false,"20260910-154605-b0d05f","20260910-154605-b0d05f",0.7623203191107291
"llama31_70b","oproj",65536,4,16384,8192,8192,1.0215395194921613,1.0096080793304376,1.4215274171231005,1.4992795339457015,2.1526560779999997,2.178095937,"passed","passed",16,128,128,64,0,1,false,"20260910-154504-ef92db","20260910-154504-ef92db",0.7186210460573189
"llama31_70b","oproj",65536,8,8192,8192,8192,1.0366491829649835,1.0963191628186597,1.45626052683934,1.399183057029432,1.060640037,1.002911985,"passed","passed",16,128,128,64,0,1,false,"20260910-154605-b0d05f","20260910-154605-b0d05f",0.7118569540677734
"llama31_70b","oproj",131072,4,32768,8192,8192,0.9692758401832894,0.9159727046877788,1.429214201653211,1.515706399785377,4.5374560355,4.801503897,"passed","passed",16,128,128,64,0,1,false,"20260910-154504-ef92db","20260910-154504-ef92db",0.6781879434601906
"llama31_70b","oproj",131072,8,16384,8192,8192,"",1.0397627003253354,1.4215274171231005,1.4992795339457015,"",2.114928007,"unstable","passed",16,128,128,64,0,1,false,"20260910-155426-cf3d81","20260910-154634-3d7a8e",""
"llama31_70b","oproj",262144,4,65536,8192,8192,"","",1.4871569053493408,1.5183479527521582,"","","skipped_memory_precheck","skipped_memory_precheck",16,128,128,64,0,1,false,"","",""
"llama31_70b","oproj",262144,8,32768,8192,8192,0.976770628520479,"",1.429214201653211,1.515706399785377,4.5026400085,"","passed","unstable",16,128,128,64,0,1,false,"20260910-154707-797140","20260910-155426-cf3d81",0.6834319358082377
"llama31_70b","oproj",524288,4,131072,8192,8192,"","",1.4849134996874531,1.5123769172112842,"","","skipped_memory_precheck","skipped_memory_precheck",16,128,128,64,0,1,false,"","",""
"llama31_70b","oproj",524288,8,65536,8192,8192,"","",1.4871569053493408,1.5183479527521582,"","","skipped_memory_precheck","skipped_memory_precheck",16,128,128,64,0,1,false,"","",""
"qwen25_72b","oproj",16384,4,4096,8192,8192,0.9903083545131203,1.2228535165543322,1.3080952893811533,1.4412037303146377,0.55513599515,0.4495680034,"passed","passed",16,128,128,64,0,1,false,"20260910-154445-6c71f2","20260910-154445-6c71f2",0.7570613261527952
"qwen25_72b","oproj",16384,8,2048,8192,8192,0.9610040672120098,1.3754899658941795,1.2606302667270521,1.2857259007705508,0.28603199125,0.1998399943,"passed","passed",16,128,128,64,0,1,false,"20260910-154605-b0d05f","20260910-154605-b0d05f",0.7623203191107291
"qwen25_72b","oproj",65536,4,16384,8192,8192,1.0215395194921613,1.0096080793304376,1.4215274171231005,1.4992795339457015,2.1526560779999997,2.178095937,"passed","passed",16,128,128,64,0,1,false,"20260910-154504-ef92db","20260910-154504-ef92db",0.7186210460573189
"qwen25_72b","oproj",65536,8,8192,8192,8192,1.0366491829649835,1.0963191628186597,1.45626052683934,1.399183057029432,1.060640037,1.002911985,"passed","passed",16,128,128,64,0,1,false,"20260910-154605-b0d05f","20260910-154605-b0d05f",0.7118569540677734
"qwen25_72b","oproj",131072,4,32768,8192,8192,0.9692758401832894,0.9159727046877788,1.429214201653211,1.515706399785377,4.5374560355,4.801503897,"passed","passed",16,128,128,64,0,1,false,"20260910-154504-ef92db","20260910-154504-ef92db",0.6781879434601906
"qwen25_72b","oproj",131072,8,16384,8192,8192,"",1.0397627003253354,1.4215274171231005,1.4992795339457015,"",2.114928007,"unstable","passed",16,128,128,64,0,1,false,"20260910-155426-cf3d81","20260910-154634-3d7a8e",""
"qwen25_72b","oproj",262144,4,65536,8192,8192,"","",1.4871569053493408,1.5183479527521582,"","","skipped_memory_precheck","skipped_memory_precheck",16,128,128,64,0,1,false,"","",""
"qwen25_72b","oproj",262144,8,32768,8192,8192,0.976770628520479,"",1.429214201653211,1.515706399785377,4.5026400085,"","passed","unstable",16,128,128,64,0,1,false,"20260910-154707-797140","20260910-155426-cf3d81",0.6834319358082377
"qwen25_72b","oproj",524288,4,131072,8192,8192,"","",1.4849134996874531,1.5123769172112842,"","","skipped_memory_precheck","skipped_memory_precheck",16,128,128,64,0,1,false,"","",""
"qwen25_72b","oproj",524288,8,65536,8192,8192,"","",1.4871569053493408,1.5183479527521582,"","","skipped_memory_precheck","skipped_memory_precheck",16,128,128,64,0,1,false,"","",""
"qwen3_235b","oproj",16384,4,4096,8192,4096,1.0189720273760101,1.2597982615437158,1.3371629146677544,1.3453304071943284,0.2697600126,0.2181920037,"passed","passed",16,128,128,64,0,1,false,"20260910-154445-6c71f2","20260910-154445-6c71f2",0.7620402990530101
"qwen3_235b","oproj",16384,8,2048,8192,4096,0.9241457104132658,1.3527456210166806,1.2184304159187167,1.2098499346637572,0.1487200037,0.1015999988,"passed","passed",16,128,128,64,0,1,false,"20260910-154605-b0d05f","20260910-154605-b0d05f",0.7584722921714365
"qwen3_235b","oproj",65536,4,16384,8192,4096,1.0534142194270442,1.141860975336855,1.505256522518659,1.4837412832878842,1.043760002,0.96291199325,"passed","passed",16,128,128,64,0,1,false,"20260910-154445-6c71f2","20260910-154445-6c71f2",0.699823720188521
"qwen3_235b","oproj",65536,8,8192,8192,4096,1.0982113601318149,1.1687383326021035,1.4317750961678122,1.367878427141893,0.50059199335,0.47038400175,"passed","passed",16,128,128,64,0,1,false,"20260910-154605-b0d05f","20260910-154605-b0d05f",0.7670278405255194
"qwen3_235b","oproj",131072,4,32768,8192,4096,"","",1.4842540382423839,1.4370747425339399,"","","unstable","unstable",16,128,128,64,0,1,false,"20260910-155358-215200","20260910-155358-215200",""
"qwen3_235b","oproj",131072,8,16384,8192,4096,1.3953760251977976,1.1097927726033068,1.505256522518659,1.4837412832878842,0.7879679799,0.99073597785,"passed","passed",16,128,256,64,0,8,false,"20260910-164430-e57d54","20260910-155426-cf3d81",0.9270021450317287
"qwen3_235b","oproj",262144,4,65536,8192,4096,"","",1.4785377472957861,1.438112295598783,"","","skipped_memory_precheck","skipped_memory_precheck",16,128,128,64,0,1,false,"","",""
"qwen3_235b","oproj",262144,8,32768,8192,4096,"","",1.4842540382423839,1.4370747425339399,"","","unstable","unstable",16,128,128,64,0,1,false,"20260910-155426-cf3d81","20260910-155426-cf3d81",""
"qwen3_235b","oproj",524288,4,131072,8192,4096,"","",1.4864733499568021,1.4345322987098634,"","","skipped_memory_precheck","skipped_memory_precheck",16,128,128,64,0,1,false,"","",""
"qwen3_235b","oproj",524288,8,65536,8192,4096,"","",1.4785377472957861,1.438112295598783,"","","skipped_memory_precheck","skipped_memory_precheck",16,128,128,64,0,1,false,"","",""
"bloom_176b","oproj",16384,4,4096,14336,14336,0.8943817647979222,1.0410239249018998,1.4373857833342043,1.5083669435296567,1.8824480175,1.6172800065,"passed","passed",16,128,128,64,0,1,false,"20260910-154445-6c71f2","20260910-155358-215200",0.6222280581649324
"bloom_176b","oproj",16384,8,2048,14336,14336,0.890318108503458,"",1.2876492435439815,1.4361890415953846,0.94552001355,"","passed","unstable",16,128,128,64,0,1,false,"20260910-154605-b0d05f","20260910-155426-cf3d81",0.6914290618872623
"bloom_176b","oproj",65536,4,16384,14336,14336,0.8884294838099158,0.9386357515087516,1.5053998902799686,1.4877237050688676,7.580240011,7.174783945,"passed","passed",16,128,128,64,0,1,false,"20260910-154504-ef92db","20260910-154504-ef92db",0.5901617832884849
"bloom_176b","oproj",65536,8,8192,14336,14336,0.8813103851084779,0.9909751694203542,1.4581706667475298,1.4449056867570111,3.8207360505,3.3979200125,"passed","passed",16,128,128,64,0,1,false,"20260910-154634-3d7a8e","20260910-154634-3d7a8e",0.604394537077236
"bloom_176b","oproj",131072,4,32768,14336,14336,"","",1.497558570403551,1.4709126461987194,"","","skipped_memory_precheck","skipped_memory_precheck",16,128,128,64,0,1,false,"","",""
"bloom_176b","oproj",131072,8,16384,14336,14336,1.2916719573304438,0.938399259076799,1.5053998902799686,1.4877237050688676,5.2137918469999995,7.1765921115,"passed","passed",16,128,256,64,0,4,true,"20260910-164236-125622","20260910-154634-3d7a8e",0.8580258080729789
"bloom_176b","oproj",262144,4,65536,14336,14336,"","",1.480658493395371,1.4334975887357664,"","","skipped_memory_precheck","skipped_memory_precheck",16,128,128,64,0,1,false,"","",""
"bloom_176b","oproj",262144,8,32768,14336,14336,"","",1.497558570403551,1.4709126461987194,"","","skipped_memory_precheck","skipped_memory_precheck",16,128,128,64,0,1,false,"","",""
"bloom_176b","oproj",524288,4,131072,14336,14336,"","",1.4628590673331148,1.386413448400506,"","","skipped_memory_precheck","skipped_memory_precheck",16,128,128,64,0,1,false,"","",""
"bloom_176b","oproj",524288,8,65536,14336,14336,"","",1.480658493395371,1.4334975887357664,"","","skipped_memory_precheck","skipped_memory_precheck",16,128,128,64,0,1,false,"","",""
"kimi_k3_kda","oproj",16384,4,4096,12288,7168,0.9328387648793367,1.1499389463574563,1.406736409438877,1.3936941878796238,0.773503989,0.6274720132,"passed","passed",16,128,128,64,0,1,false,"20260910-154445-6c71f2","20260910-154445-6c71f2",0.6631226423231841
"kimi_k3_kda","oproj",16384,8,2048,12288,7168,0.8851952538899174,1.2801509531093942,1.3167821943972053,1.358429888409267,0.4075679928,0.2818239927,"passed","passed",16,128,128,64,0,1,false,"20260910-154605-b0d05f","20260910-154605-b0d05f",0.6722412086496513
"kimi_k3_kda","oproj",65536,4,16384,12288,7168,0.9596364634473391,1.0013746561835486,1.4494867748297284,1.4474281618909008,3.0076160429999996,2.8822559119999998,"passed","passed",16,128,128,64,0,1,false,"20260910-155358-215200","20260910-154504-ef92db",0.6620525831014
"kimi_k3_kda","oproj",65536,8,8192,12288,7168,0.9547301616015361,1.0271881915678285,1.386879409504399,1.4115799529256954,1.5115360020000002,1.404911995,"passed","passed",16,128,128,64,0,1,false,"20260910-154605-b0d05f","20260910-155426-cf3d81",0.6884017132698715
"kimi_k3_kda","oproj",131072,4,32768,12288,7168,"","",1.4900823719521585,1.4361408604550459,"","","skipped_memory_precheck","skipped_memory_precheck",16,128,128,64,0,1,false,"","",""
"kimi_k3_kda","oproj",131072,8,16384,12288,7168,0.9376683127500802,0.9912606722446868,1.4494867748297284,1.4474281618909008,3.078079939,2.911664009,"passed","passed",16,128,128,64,0,1,false,"20260910-154634-3d7a8e","20260910-155426-cf3d81",0.6468967699689625
"kimi_k3_kda","oproj",262144,4,65536,12288,7168,"","",1.4421860483373872,1.422269976930893,"","","skipped_memory_precheck","skipped_memory_precheck",16,128,128,64,0,1,false,"","",""
"kimi_k3_kda","oproj",262144,8,32768,12288,7168,"","",1.4900823719521585,1.4361408604550459,"","","skipped_memory_precheck","skipped_memory_precheck",16,128,128,64,0,1,false,"","",""
"kimi_k3_kda","oproj",524288,4,131072,12288,7168,"","",1.4836482471128405,1.4094760870344978,"","","skipped_memory_precheck","skipped_memory_precheck",16,128,128,64,0,1,false,"","",""
"kimi_k3_kda","oproj",524288,8,65536,12288,7168,"","",1.4421860483373872,1.422269976930893,"","","skipped_memory_precheck","skipped_memory_precheck",16,128,128,64,0,1,false,"","",""
"kimi_linear_48b_kda","oproj",16384,4,4096,4096,2304,0.9288424030594492,1.314428221065167,1.1556656326515782,1.2373465535980173,0.08323200047,0.05881600082,"passed","passed",16,128,128,64,0,1,false,"20260910-154445-6c71f2","20260910-154445-6c71f2",0.8037293632486916
"kimi_linear_48b_kda","oproj",16384,8,2048,4096,2304,0.7059962355698202,1.128934162396224,1.0704116750655523,1.0951582352769051,0.05475199968,0.03423999995,"passed","passed",16,128,128,64,0,1,false,"20260910-154605-b0d05f","20260910-154605-b0d05f",0.6595558064392233
"kimi_linear_48b_kda","oproj",65536,4,16384,4096,2304,1.201277460438406,1.2855762224569787,1.3480751112874774,1.4506757179590137,0.25742399695,0.2405439988,"passed","passed",16,128,128,64,0,1,false,"20260910-154445-6c71f2","20260910-154445-6c71f2",0.8911057331895458
"kimi_linear_48b_kda","oproj",65536,8,8192,4096,2304,1.1002705629181122,1.29003823521978,1.2546970201560992,1.1946688766488762,0.1405280009,0.11985599995,"passed","passed",16,128,128,64,0,1,false,"20260910-154605-b0d05f","20260910-154605-b0d05f",0.8769213166547773
"kimi_linear_48b_kda","oproj",131072,4,32768,4096,2304,1.197444486406036,1.2185072512286281,1.3971412051195808,1.3964346021970173,0.5164960026500001,0.5075680017499999,"passed","passed",16,128,128,64,0,1,false,"20260910-154504-ef92db","20260910-154504-ef92db",0.8570676192343402
"kimi_linear_48b_kda","oproj",131072,8,16384,4096,2304,1.1923840509380847,1.2733794511475354,1.3480751112874774,1.4506757179590137,0.25934399664999996,0.242847994,"passed","passed",16,128,128,64,0,1,false,"20260910-154634-3d7a8e","20260910-154634-3d7a8e",0.8845086159919531
"kimi_linear_48b_kda","oproj",262144,4,65536,4096,2304,"",1.1011324908874485,1.3478400702921867,1.5243894182456543,"",1.123344004,"unstable","passed",16,128,128,64,0,1,false,"20260910-155358-215200","20260910-154527-e9fa57",""
"kimi_linear_48b_kda","oproj",262144,8,32768,4096,2304,1.2039714316700427,1.2137628510086558,1.3971412051195808,1.3964346021970173,0.5136959851,0.5095520019499999,"passed","passed",16,128,128,64,0,1,false,"20260910-154707-797140","20260910-154707-797140",0.8617392624727543
"kimi_linear_48b_kda","oproj",524288,4,131072,4096,2304,"","",1.4213509810190252,1.5071529336341487,"","","skipped_memory_precheck","skipped_memory_precheck",16,128,128,64,0,1,false,"","",""
"kimi_linear_48b_kda","oproj",524288,8,65536,4096,2304,1.2327690514317708,"",1.3478400702921867,1.5243894182456543,1.0033919815,"","passed","unstable",16,128,128,64,0,1,false,"20260910-155426-cf3d81","20260910-155426-cf3d81",0.9146256136787279
"qwen35_397b","gdn_input_packed",16384,4,4096,4096,20608,"","",1.418708225053051,1.418242637459338,"","","segmented_routing_not_implemented","segmented_routing_not_implemented",16,128,128,64,0,1,false,"","",""
"qwen35_397b","gdn_input_packed",16384,8,2048,4096,20608,"","",1.4269995462831613,1.3771623323681867,"","","segmented_routing_not_implemented","segmented_routing_not_implemented",16,128,128,64,0,1,false,"","",""
"qwen35_397b","gdn_input_packed",65536,4,16384,4096,20608,"","",1.5101326288087442,1.4570193646279401,"","","segmented_routing_not_implemented","segmented_routing_not_implemented",16,128,128,64,0,1,false,"","",""
"qwen35_397b","gdn_input_packed",65536,8,8192,4096,20608,"","",1.4354598811144452,1.408099969969663,"","","segmented_routing_not_implemented","segmented_routing_not_implemented",16,128,128,64,0,1,false,"","",""
"qwen35_397b","gdn_input_packed",131072,4,32768,4096,20608,"","",1.4946088403380045,1.494796217537589,"","","segmented_routing_not_implemented","segmented_routing_not_implemented",16,128,128,64,0,1,false,"","",""
"qwen35_397b","gdn_input_packed",131072,8,16384,4096,20608,"","",1.5101326288087442,1.4570193646279401,"","","segmented_routing_not_implemented","segmented_routing_not_implemented",16,128,128,64,0,1,false,"","",""
"qwen35_397b","gdn_input_packed",262144,4,65536,4096,20608,"","",1.497275485356061,1.494964232568933,"","","segmented_routing_not_implemented","segmented_routing_not_implemented",16,128,128,64,0,1,false,"","",""
"qwen35_397b","gdn_input_packed",262144,8,32768,4096,20608,"","",1.4946088403380045,1.494796217537589,"","","segmented_routing_not_implemented","segmented_routing_not_implemented",16,128,128,64,0,1,false,"","",""
"qwen35_397b","gdn_input_packed",524288,4,131072,4096,20608,"","",1.477043534056031,1.4793249420528651,"","","segmented_routing_not_implemented","segmented_routing_not_implemented",16,128,128,64,0,1,false,"","",""
"qwen35_397b","gdn_input_packed",524288,8,65536,4096,20608,"","",1.497275485356061,1.494964232568933,"","","segmented_routing_not_implemented","segmented_routing_not_implemented",16,128,128,64,0,1,false,"","",""
"qwen35_397b","full_input_packed",16384,4,4096,4096,17408,"","",1.3801830554159218,1.3506186233995774,"","","segmented_routing_not_implemented","segmented_routing_not_implemented",16,128,128,64,0,1,false,"","",""
"qwen35_397b","full_input_packed",16384,8,2048,4096,17408,"","",1.3052278081475774,1.3659815161647435,"","","segmented_routing_not_implemented","segmented_routing_not_implemented",16,128,128,64,0,1,false,"","",""
"qwen35_397b","full_input_packed",65536,4,16384,4096,17408,"","",1.4997164705740966,1.3883976695429938,"","","segmented_routing_not_implemented","segmented_routing_not_implemented",16,128,128,64,0,1,false,"","",""
"qwen35_397b","full_input_packed",65536,8,8192,4096,17408,"","",1.3977533853356194,1.4337360916679491,"","","segmented_routing_not_implemented","segmented_routing_not_implemented",16,128,128,64,0,1,false,"","",""
"qwen35_397b","full_input_packed",131072,4,32768,4096,17408,"","",1.4888373146914855,1.4774419840331325,"","","segmented_routing_not_implemented","segmented_routing_not_implemented",16,128,128,64,0,1,false,"","",""
"qwen35_397b","full_input_packed",131072,8,16384,4096,17408,"","",1.4997164705740966,1.3883976695429938,"","","segmented_routing_not_implemented","segmented_routing_not_implemented",16,128,128,64,0,1,false,"","",""
"qwen35_397b","full_input_packed",262144,4,65536,4096,17408,"","",1.497037387184958,1.46777450422572,"","","segmented_routing_not_implemented","segmented_routing_not_implemented",16,128,128,64,0,1,false,"","",""
"qwen35_397b","full_input_packed",262144,8,32768,4096,17408,"","",1.4888373146914855,1.4774419840331325,"","","segmented_routing_not_implemented","segmented_routing_not_implemented",16,128,128,64,0,1,false,"","",""
"qwen35_397b","full_input_packed",524288,4,131072,4096,17408,"","",1.4787417125536901,1.4532135532505381,"","","segmented_routing_not_implemented","segmented_routing_not_implemented",16,128,128,64,0,1,false,"","",""
"qwen35_397b","full_input_packed",524288,8,65536,4096,17408,"","",1.497037387184958,1.46777450422572,"","","segmented_routing_not_implemented","segmented_routing_not_implemented",16,128,128,64,0,1,false,"","",""
"qwen35_397b","gdn_o",16384,4,4096,8192,4096,"","",1.3371629146677544,1.3453304071943284,"","","segmented_routing_not_implemented","segmented_routing_not_implemented",16,128,128,64,0,1,false,"","",""
"qwen35_397b","gdn_o",16384,8,2048,8192,4096,"","",1.2184304159187167,1.2098499346637572,"","","segmented_routing_not_implemented","segmented_routing_not_implemented",16,128,128,64,0,1,false,"","",""
"qwen35_397b","gdn_o",65536,4,16384,8192,4096,"","",1.505256522518659,1.4837412832878842,"","","segmented_routing_not_implemented","segmented_routing_not_implemented",16,128,128,64,0,1,false,"","",""
"qwen35_397b","gdn_o",65536,8,8192,8192,4096,"","",1.4317750961678122,1.367878427141893,"","","segmented_routing_not_implemented","segmented_routing_not_implemented",16,128,128,64,0,1,false,"","",""
"qwen35_397b","gdn_o",131072,4,32768,8192,4096,"","",1.4842540382423839,1.4370747425339399,"","","segmented_routing_not_implemented","segmented_routing_not_implemented",16,128,128,64,0,1,false,"","",""
"qwen35_397b","gdn_o",131072,8,16384,8192,4096,"","",1.505256522518659,1.4837412832878842,"","","segmented_routing_not_implemented","segmented_routing_not_implemented",16,128,128,64,0,1,false,"","",""
"qwen35_397b","gdn_o",262144,4,65536,8192,4096,"","",1.4785377472957861,1.438112295598783,"","","segmented_routing_not_implemented","segmented_routing_not_implemented",16,128,128,64,0,1,false,"","",""
"qwen35_397b","gdn_o",262144,8,32768,8192,4096,"","",1.4842540382423839,1.4370747425339399,"","","segmented_routing_not_implemented","segmented_routing_not_implemented",16,128,128,64,0,1,false,"","",""
"qwen35_397b","gdn_o",524288,4,131072,8192,4096,"","",1.4864733499568021,1.4345322987098634,"","","segmented_routing_not_implemented","segmented_routing_not_implemented",16,128,128,64,0,1,false,"","",""
"qwen35_397b","gdn_o",524288,8,65536,8192,4096,"","",1.4785377472957861,1.438112295598783,"","","segmented_routing_not_implemented","segmented_routing_not_implemented",16,128,128,64,0,1,false,"","",""
"qwen35_397b","full_o",16384,4,4096,8192,4096,"","",1.3371629146677544,1.3453304071943284,"","","segmented_routing_not_implemented","segmented_routing_not_implemented",16,128,128,64,0,1,false,"","",""
"qwen35_397b","full_o",16384,8,2048,8192,4096,"","",1.2184304159187167,1.2098499346637572,"","","segmented_routing_not_implemented","segmented_routing_not_implemented",16,128,128,64,0,1,false,"","",""
"qwen35_397b","full_o",65536,4,16384,8192,4096,"","",1.505256522518659,1.4837412832878842,"","","segmented_routing_not_implemented","segmented_routing_not_implemented",16,128,128,64,0,1,false,"","",""
"qwen35_397b","full_o",65536,8,8192,8192,4096,"","",1.4317750961678122,1.367878427141893,"","","segmented_routing_not_implemented","segmented_routing_not_implemented",16,128,128,64,0,1,false,"","",""
"qwen35_397b","full_o",131072,4,32768,8192,4096,"","",1.4842540382423839,1.4370747425339399,"","","segmented_routing_not_implemented","segmented_routing_not_implemented",16,128,128,64,0,1,false,"","",""
"qwen35_397b","full_o",131072,8,16384,8192,4096,"","",1.505256522518659,1.4837412832878842,"","","segmented_routing_not_implemented","segmented_routing_not_implemented",16,128,128,64,0,1,false,"","",""
"qwen35_397b","full_o",262144,4,65536,8192,4096,"","",1.4785377472957861,1.438112295598783,"","","segmented_routing_not_implemented","segmented_routing_not_implemented",16,128,128,64,0,1,false,"","",""
"qwen35_397b","full_o",262144,8,32768,8192,4096,"","",1.4842540382423839,1.4370747425339399,"","","segmented_routing_not_implemented","segmented_routing_not_implemented",16,128,128,64,0,1,false,"","",""
"qwen35_397b","full_o",524288,4,131072,8192,4096,"","",1.4864733499568021,1.4345322987098634,"","","segmented_routing_not_implemented","segmented_routing_not_implemented",16,128,128,64,0,1,false,"","",""
"qwen35_397b","full_o",524288,8,65536,8192,4096,"","",1.4785377472957861,1.438112295598783,"","","segmented_routing_not_implemented","segmented_routing_not_implemented",16,128,128,64,0,1,false,"","",""
"glm5","mla_input_packed",16384,4,4096,6144,2624,"","",1.2252323257769835,1.1539759947361505,"","","segmented_routing_not_implemented","segmented_routing_not_implemented",16,128,128,64,0,1,false,"","",""
"glm5","mla_input_packed",16384,8,2048,6144,2624,"","",1.1893933724142312,1.1267254135528204,"","","segmented_routing_not_implemented","segmented_routing_not_implemented",16,128,128,64,0,1,false,"","",""
"glm5","mla_input_packed",65536,4,16384,6144,2624,"","",1.4155438862619976,1.2633464925330646,"","","segmented_routing_not_implemented","segmented_routing_not_implemented",16,128,128,64,0,1,false,"","",""
"glm5","mla_input_packed",65536,8,8192,6144,2624,"","",1.3228189996028277,1.2265067651716948,"","","segmented_routing_not_implemented","segmented_routing_not_implemented",16,128,128,64,0,1,false,"","",""
"glm5","mla_input_packed",131072,4,32768,6144,2624,"","",1.3593067504192597,1.3052225070571453,"","","segmented_routing_not_implemented","segmented_routing_not_implemented",16,128,128,64,0,1,false,"","",""
"glm5","mla_input_packed",131072,8,16384,6144,2624,"","",1.4155438862619976,1.2633464925330646,"","","segmented_routing_not_implemented","segmented_routing_not_implemented",16,128,128,64,0,1,false,"","",""
"glm5","mla_input_packed",262144,4,65536,6144,2624,"","",1.472026744139604,1.339495548866642,"","","segmented_routing_not_implemented","segmented_routing_not_implemented",16,128,128,64,0,1,false,"","",""
"glm5","mla_input_packed",262144,8,32768,6144,2624,"","",1.3593067504192597,1.3052225070571453,"","","segmented_routing_not_implemented","segmented_routing_not_implemented",16,128,128,64,0,1,false,"","",""
"glm5","mla_input_packed",524288,4,131072,6144,2624,"","",1.449187448429926,1.3466661693127786,"","","segmented_routing_not_implemented","segmented_routing_not_implemented",16,128,128,64,0,1,false,"","",""
"glm5","mla_input_packed",524288,8,65536,6144,2624,"","",1.472026744139604,1.339495548866642,"","","segmented_routing_not_implemented","segmented_routing_not_implemented",16,128,128,64,0,1,false,"","",""
"glm5","mla_q_b",16384,4,4096,2048,16384,"","",1.3177778154280764,1.2632256585467132,"","","segmented_routing_not_implemented","segmented_routing_not_implemented",16,128,128,64,0,1,false,"","",""
"glm5","mla_q_b",16384,8,2048,2048,16384,"","",1.1255155526240612,1.1553375681920295,"","","segmented_routing_not_implemented","segmented_routing_not_implemented",16,128,128,64,0,1,false,"","",""
"glm5","mla_q_b",65536,4,16384,2048,16384,"","",1.3939041914056836,1.4300469517052679,"","","segmented_routing_not_implemented","segmented_routing_not_implemented",16,128,128,64,0,1,false,"","",""
"glm5","mla_q_b",65536,8,8192,2048,16384,"","",1.3213251364990388,1.3466485563667734,"","","segmented_routing_not_implemented","segmented_routing_not_implemented",16,128,128,64,0,1,false,"","",""
"glm5","mla_q_b",131072,4,32768,2048,16384,"","",1.524220404296214,1.367851193173978,"","","segmented_routing_not_implemented","segmented_routing_not_implemented",16,128,128,64,0,1,false,"","",""
"glm5","mla_q_b",131072,8,16384,2048,16384,"","",1.3939041914056836,1.4300469517052679,"","","segmented_routing_not_implemented","segmented_routing_not_implemented",16,128,128,64,0,1,false,"","",""
"glm5","mla_q_b",262144,4,65536,2048,16384,"","",1.461681135205602,1.4314022977720116,"","","segmented_routing_not_implemented","segmented_routing_not_implemented",16,128,128,64,0,1,false,"","",""
"glm5","mla_q_b",262144,8,32768,2048,16384,"","",1.524220404296214,1.367851193173978,"","","segmented_routing_not_implemented","segmented_routing_not_implemented",16,128,128,64,0,1,false,"","",""
"glm5","mla_q_b",524288,4,131072,2048,16384,"","",1.4823090008036057,1.4170169274080473,"","","segmented_routing_not_implemented","segmented_routing_not_implemented",16,128,128,64,0,1,false,"","",""
"glm5","mla_q_b",524288,8,65536,2048,16384,"","",1.461681135205602,1.4314022977720116,"","","segmented_routing_not_implemented","segmented_routing_not_implemented",16,128,128,64,0,1,false,"","",""
"glm5","mla_kv_b",16384,4,4096,512,28672,"","",1.0998233679042344,1.0931054101800328,"","","segmented_routing_not_implemented","segmented_routing_not_implemented",16,128,128,64,0,1,false,"","",""
"glm5","mla_kv_b",16384,8,2048,512,28672,"","",0.9355480509834708,0.9736000855378669,"","","segmented_routing_not_implemented","segmented_routing_not_implemented",16,128,128,64,0,1,false,"","",""
"glm5","mla_kv_b",65536,4,16384,512,28672,"","",1.3097264982433368,1.1676999569657756,"","","segmented_routing_not_implemented","segmented_routing_not_implemented",16,128,128,64,0,1,false,"","",""
"glm5","mla_kv_b",65536,8,8192,512,28672,"","",1.1722986381356333,1.1236646090501299,"","","segmented_routing_not_implemented","segmented_routing_not_implemented",16,128,128,64,0,1,false,"","",""
"glm5","mla_kv_b",131072,4,32768,512,28672,"","",1.2627481698113605,1.2641551976763914,"","","segmented_routing_not_implemented","segmented_routing_not_implemented",16,128,128,64,0,1,false,"","",""
"glm5","mla_kv_b",131072,8,16384,512,28672,"","",1.3097264982433368,1.1676999569657756,"","","segmented_routing_not_implemented","segmented_routing_not_implemented",16,128,128,64,0,1,false,"","",""
"glm5","mla_kv_b",262144,4,65536,512,28672,"","",1.3532936409897187,1.2409101440544643,"","","segmented_routing_not_implemented","segmented_routing_not_implemented",16,128,128,64,0,1,false,"","",""
"glm5","mla_kv_b",262144,8,32768,512,28672,"","",1.2627481698113605,1.2641551976763914,"","","segmented_routing_not_implemented","segmented_routing_not_implemented",16,128,128,64,0,1,false,"","",""
"glm5","mla_kv_b",524288,4,131072,512,28672,"","",1.3692490088022662,1.3510814903585635,"","","segmented_routing_not_implemented","segmented_routing_not_implemented",16,128,128,64,0,1,false,"","",""
"glm5","mla_kv_b",524288,8,65536,512,28672,"","",1.3532936409897187,1.2409101440544643,"","","segmented_routing_not_implemented","segmented_routing_not_implemented",16,128,128,64,0,1,false,"","",""
"glm5","mla_o",16384,4,4096,16384,6144,"","",1.471929387612616,1.456003418966058,"","","segmented_routing_not_implemented","segmented_routing_not_implemented",16,128,128,64,0,1,false,"","",""
"glm5","mla_o",16384,8,2048,16384,6144,"","",1.3558059443910382,1.4158454862408145,"","","segmented_routing_not_implemented","segmented_routing_not_implemented",16,128,128,64,0,1,false,"","",""
"glm5","mla_o",65536,4,16384,16384,6144,"","",1.4668603658464985,1.4576917471952895,"","","segmented_routing_not_implemented","segmented_routing_not_implemented",16,128,128,64,0,1,false,"","",""
"glm5","mla_o",65536,8,8192,16384,6144,"","",1.4426963924432812,1.455982809822677,"","","segmented_routing_not_implemented","segmented_routing_not_implemented",16,128,128,64,0,1,false,"","",""
"glm5","mla_o",131072,4,32768,16384,6144,"","",1.4767795725237067,1.4657131878070935,"","","segmented_routing_not_implemented","segmented_routing_not_implemented",16,128,128,64,0,1,false,"","",""
"glm5","mla_o",131072,8,16384,16384,6144,"","",1.4668603658464985,1.4576917471952895,"","","segmented_routing_not_implemented","segmented_routing_not_implemented",16,128,128,64,0,1,false,"","",""
"glm5","mla_o",262144,4,65536,16384,6144,"","",1.493406565389497,1.4536395530439268,"","","segmented_routing_not_implemented","segmented_routing_not_implemented",16,128,128,64,0,1,false,"","",""
"glm5","mla_o",262144,8,32768,16384,6144,"","",1.4767795725237067,1.4657131878070935,"","","segmented_routing_not_implemented","segmented_routing_not_implemented",16,128,128,64,0,1,false,"","",""
"glm5","mla_o",524288,4,131072,16384,6144,"","",1.4912190958973446,1.438290357146442,"","","segmented_routing_not_implemented","segmented_routing_not_implemented",16,128,128,64,0,1,false,"","",""
"glm5","mla_o",524288,8,65536,16384,6144,"","",1.493406565389497,1.4536395530439268,"","","segmented_routing_not_implemented","segmented_routing_not_implemented",16,128,128,64,0,1,false,"","",""
"glm5","index_q",16384,4,4096,2048,4096,"","",1.144104250679439,1.1825350650653033,"","","segmented_routing_not_implemented","segmented_routing_not_implemented",16,128,128,64,0,1,false,"","",""
"glm5","index_q",16384,8,2048,2048,4096,"","",1.1001453327062622,1.086783270935438,"","","segmented_routing_not_implemented","segmented_routing_not_implemented",16,128,128,64,0,1,false,"","",""
"glm5","index_q",65536,4,16384,2048,4096,"","",1.3854733335275755,1.3653237717927058,"","","segmented_routing_not_implemented","segmented_routing_not_implemented",16,128,128,64,0,1,false,"","",""
"glm5","index_q",65536,8,8192,2048,4096,"","",1.1925495921493987,1.1525472509042176,"","","segmented_routing_not_implemented","segmented_routing_not_implemented",16,128,128,64,0,1,false,"","",""
"glm5","index_q",131072,4,32768,2048,4096,"","",1.3845800492666904,1.4329095722017398,"","","segmented_routing_not_implemented","segmented_routing_not_implemented",16,128,128,64,0,1,false,"","",""
"glm5","index_q",131072,8,16384,2048,4096,"","",1.3854733335275755,1.3653237717927058,"","","segmented_routing_not_implemented","segmented_routing_not_implemented",16,128,128,64,0,1,false,"","",""
"glm5","index_q",262144,4,65536,2048,4096,"","",1.342911699925399,1.454565130380785,"","","segmented_routing_not_implemented","segmented_routing_not_implemented",16,128,128,64,0,1,false,"","",""
"glm5","index_q",262144,8,32768,2048,4096,"","",1.3845800492666904,1.4329095722017398,"","","segmented_routing_not_implemented","segmented_routing_not_implemented",16,128,128,64,0,1,false,"","",""
"glm5","index_q",524288,4,131072,2048,4096,"","",1.4442781788445938,1.515246860335668,"","","segmented_routing_not_implemented","segmented_routing_not_implemented",16,128,128,64,0,1,false,"","",""
"glm5","index_q",524288,8,65536,2048,4096,"","",1.342911699925399,1.454565130380785,"","","segmented_routing_not_implemented","segmented_routing_not_implemented",16,128,128,64,0,1,false,"","",""
"glm5","index_k",16384,4,4096,6144,128,"","",0.373865539850715,0.564730960820782,"","","segmented_routing_not_implemented","segmented_routing_not_implemented",16,128,128,64,0,1,false,"","",""
"glm5","index_k",16384,8,2048,6144,128,"","",0.24344206696601553,0.3465173699094386,"","","segmented_routing_not_implemented","segmented_routing_not_implemented",16,128,128,64,0,1,false,"","",""
"glm5","index_k",65536,4,16384,6144,128,"","",0.5406554825355203,0.5651272662603879,"","","segmented_routing_not_implemented","segmented_routing_not_implemented",16,128,128,64,0,1,false,"","",""
"glm5","index_k",65536,8,8192,6144,128,"","",0.47149085687411235,0.6059491144719209,"","","segmented_routing_not_implemented","segmented_routing_not_implemented",16,128,128,64,0,1,false,"","",""
"glm5","index_k",131072,4,32768,6144,128,"","",0.5750134912637037,0.6846387868975167,"","","segmented_routing_not_implemented","segmented_routing_not_implemented",16,128,128,64,0,1,false,"","",""
"glm5","index_k",131072,8,16384,6144,128,"","",0.5406554825355203,0.5651272662603879,"","","segmented_routing_not_implemented","segmented_routing_not_implemented",16,128,128,64,0,1,false,"","",""
"glm5","index_k",262144,4,65536,6144,128,"","",0.5987407954118932,0.7634140026305344,"","","segmented_routing_not_implemented","segmented_routing_not_implemented",16,128,128,64,0,1,false,"","",""
"glm5","index_k",262144,8,32768,6144,128,"","",0.5750134912637037,0.6846387868975167,"","","segmented_routing_not_implemented","segmented_routing_not_implemented",16,128,128,64,0,1,false,"","",""
"glm5","index_k",524288,4,131072,6144,128,"","",0.6203313337965434,0.8228957884793863,"","","segmented_routing_not_implemented","segmented_routing_not_implemented",16,128,128,64,0,1,false,"","",""
"glm5","index_k",524288,8,65536,6144,128,"","",0.5987407954118932,0.7634140026305344,"","","segmented_routing_not_implemented","segmented_routing_not_implemented",16,128,128,64,0,1,false,"","",""
"glm5","index_weights",16384,4,4096,6144,32,"","",0.10562780487241928,0.14217980107862338,"","","segmented_routing_not_implemented","segmented_routing_not_implemented",16,128,128,64,0,1,false,"","",""
"glm5","index_weights",16384,8,2048,6144,32,"","",0.07069051603912366,0.08768579712350065,"","","segmented_routing_not_implemented","segmented_routing_not_implemented",16,128,128,64,0,1,false,"","",""
"glm5","index_weights",65536,4,16384,6144,32,"","",0.1550455088349476,0.16196829147457473,"","","segmented_routing_not_implemented","segmented_routing_not_implemented",16,128,128,64,0,1,false,"","",""
"glm5","index_weights",65536,8,8192,6144,32,"","",0.12955379496057015,0.16918201280629905,"","","segmented_routing_not_implemented","segmented_routing_not_implemented",16,128,128,64,0,1,false,"","",""
"glm5","index_weights",131072,4,32768,6144,32,"","",0.17955548264859103,0.18693275982236887,"","","segmented_routing_not_implemented","segmented_routing_not_implemented",16,128,128,64,0,1,false,"","",""
"glm5","index_weights",131072,8,16384,6144,32,"","",0.1550455088349476,0.16196829147457473,"","","segmented_routing_not_implemented","segmented_routing_not_implemented",16,128,128,64,0,1,false,"","",""
"glm5","index_weights",262144,4,65536,6144,32,"","",0.19374626450482169,0.20538291372276565,"","","segmented_routing_not_implemented","segmented_routing_not_implemented",16,128,128,64,0,1,false,"","",""
"glm5","index_weights",262144,8,32768,6144,32,"","",0.17955548264859103,0.18693275982236887,"","","segmented_routing_not_implemented","segmented_routing_not_implemented",16,128,128,64,0,1,false,"","",""
"glm5","index_weights",524288,4,131072,6144,32,"","",0.1907630907368612,0.2154377623281607,"","","segmented_routing_not_implemented","segmented_routing_not_implemented",16,128,128,64,0,1,false,"","",""
"glm5","index_weights",524288,8,65536,6144,32,"","",0.19374626450482169,0.20538291372276565,"","","segmented_routing_not_implemented","segmented_routing_not_implemented",16,128,128,64,0,1,false,"","",""
"deepseek_v3","mla_input_packed",16384,4,4096,7168,2112,"","",1.2035828602492917,1.1087217320016005,"","","segmented_routing_not_implemented","segmented_routing_not_implemented",16,128,128,64,0,1,false,"","",""
"deepseek_v3","mla_input_packed",16384,8,2048,7168,2112,"","",1.1524046685736684,1.075343210251458,"","","segmented_routing_not_implemented","segmented_routing_not_implemented",16,128,128,64,0,1,false,"","",""
"deepseek_v3","mla_input_packed",65536,4,16384,7168,2112,"","",1.307260402789951,1.2990989532209887,"","","segmented_routing_not_implemented","segmented_routing_not_implemented",16,128,128,64,0,1,false,"","",""
"deepseek_v3","mla_input_packed",65536,8,8192,7168,2112,"","",1.2811691794552982,1.282228880779186,"","","segmented_routing_not_implemented","segmented_routing_not_implemented",16,128,128,64,0,1,false,"","",""
"deepseek_v3","mla_input_packed",131072,4,32768,7168,2112,"","",1.383626213353287,1.2208578129868037,"","","segmented_routing_not_implemented","segmented_routing_not_implemented",16,128,128,64,0,1,false,"","",""
"deepseek_v3","mla_input_packed",131072,8,16384,7168,2112,"","",1.307260402789951,1.2990989532209887,"","","segmented_routing_not_implemented","segmented_routing_not_implemented",16,128,128,64,0,1,false,"","",""
"deepseek_v3","mla_input_packed",262144,4,65536,7168,2112,"","",1.461811709952644,1.3656324645852813,"","","segmented_routing_not_implemented","segmented_routing_not_implemented",16,128,128,64,0,1,false,"","",""
"deepseek_v3","mla_input_packed",262144,8,32768,7168,2112,"","",1.383626213353287,1.2208578129868037,"","","segmented_routing_not_implemented","segmented_routing_not_implemented",16,128,128,64,0,1,false,"","",""
"deepseek_v3","mla_input_packed",524288,4,131072,7168,2112,"","",1.4378803605857593,1.369364516877272,"","","segmented_routing_not_implemented","segmented_routing_not_implemented",16,128,128,64,0,1,false,"","",""
"deepseek_v3","mla_input_packed",524288,8,65536,7168,2112,"","",1.461811709952644,1.3656324645852813,"","","segmented_routing_not_implemented","segmented_routing_not_implemented",16,128,128,64,0,1,false,"","",""
"deepseek_v3","mla_q_b",16384,4,4096,1536,24576,"","",1.3078462874698198,1.295920135993032,"","","segmented_routing_not_implemented","segmented_routing_not_implemented",16,128,128,64,0,1,false,"","",""
"deepseek_v3","mla_q_b",16384,8,2048,1536,24576,"","",1.1901078798903175,1.2573089516642995,"","","segmented_routing_not_implemented","segmented_routing_not_implemented",16,128,128,64,0,1,false,"","",""
"deepseek_v3","mla_q_b",65536,4,16384,1536,24576,"","",1.3986577917396164,1.412792331251982,"","","segmented_routing_not_implemented","segmented_routing_not_implemented",16,128,128,64,0,1,false,"","",""
"deepseek_v3","mla_q_b",65536,8,8192,1536,24576,"","",1.346478499560032,1.4567990150123726,"","","segmented_routing_not_implemented","segmented_routing_not_implemented",16,128,128,64,0,1,false,"","",""
"deepseek_v3","mla_q_b",131072,4,32768,1536,24576,"","",1.4376058362792725,1.4757647647537186,"","","segmented_routing_not_implemented","segmented_routing_not_implemented",16,128,128,64,0,1,false,"","",""
"deepseek_v3","mla_q_b",131072,8,16384,1536,24576,"","",1.3986577917396164,1.412792331251982,"","","segmented_routing_not_implemented","segmented_routing_not_implemented",16,128,128,64,0,1,false,"","",""
"deepseek_v3","mla_q_b",262144,4,65536,1536,24576,"","",1.442407025288446,1.455489411682339,"","","segmented_routing_not_implemented","segmented_routing_not_implemented",16,128,128,64,0,1,false,"","",""
"deepseek_v3","mla_q_b",262144,8,32768,1536,24576,"","",1.4376058362792725,1.4757647647537186,"","","segmented_routing_not_implemented","segmented_routing_not_implemented",16,128,128,64,0,1,false,"","",""
"deepseek_v3","mla_q_b",524288,4,131072,1536,24576,"","",1.472234221278322,1.4786402368809302,"","","segmented_routing_not_implemented","segmented_routing_not_implemented",16,128,128,64,0,1,false,"","",""
"deepseek_v3","mla_q_b",524288,8,65536,1536,24576,"","",1.442407025288446,1.455489411682339,"","","segmented_routing_not_implemented","segmented_routing_not_implemented",16,128,128,64,0,1,false,"","",""
"deepseek_v3","mla_kv_b",16384,4,4096,512,32768,"","",1.123895669676561,1.1073784547164536,"","","segmented_routing_not_implemented","segmented_routing_not_implemented",16,128,128,64,0,1,false,"","",""
"deepseek_v3","mla_kv_b",16384,8,2048,512,32768,"","",0.9420853859631135,0.9776843549787864,"","","segmented_routing_not_implemented","segmented_routing_not_implemented",16,128,128,64,0,1,false,"","",""
"deepseek_v3","mla_kv_b",65536,4,16384,512,32768,"","",1.3207156645379738,1.328169244366879,"","","segmented_routing_not_implemented","segmented_routing_not_implemented",16,128,128,64,0,1,false,"","",""
"deepseek_v3","mla_kv_b",65536,8,8192,512,32768,"","",1.2165323061642548,1.1898240077533169,"","","segmented_routing_not_implemented","segmented_routing_not_implemented",16,128,128,64,0,1,false,"","",""
"deepseek_v3","mla_kv_b",131072,4,32768,512,32768,"","",1.2962514731623878,1.2764121018519685,"","","segmented_routing_not_implemented","segmented_routing_not_implemented",16,128,128,64,0,1,false,"","",""
"deepseek_v3","mla_kv_b",131072,8,16384,512,32768,"","",1.3207156645379738,1.328169244366879,"","","segmented_routing_not_implemented","segmented_routing_not_implemented",16,128,128,64,0,1,false,"","",""
"deepseek_v3","mla_kv_b",262144,4,65536,512,32768,"","",1.3466353832249587,1.3762612694255554,"","","segmented_routing_not_implemented","segmented_routing_not_implemented",16,128,128,64,0,1,false,"","",""
"deepseek_v3","mla_kv_b",262144,8,32768,512,32768,"","",1.2962514731623878,1.2764121018519685,"","","segmented_routing_not_implemented","segmented_routing_not_implemented",16,128,128,64,0,1,false,"","",""
"deepseek_v3","mla_kv_b",524288,4,131072,512,32768,"","",1.369200247309301,1.340547410774152,"","","segmented_routing_not_implemented","segmented_routing_not_implemented",16,128,128,64,0,1,false,"","",""
"deepseek_v3","mla_kv_b",524288,8,65536,512,32768,"","",1.3466353832249587,1.3762612694255554,"","","segmented_routing_not_implemented","segmented_routing_not_implemented",16,128,128,64,0,1,false,"","",""
"deepseek_v3","mla_o",16384,4,4096,16384,7168,"","",1.397256687650824,1.3548792774259586,"","","segmented_routing_not_implemented","segmented_routing_not_implemented",16,128,128,64,0,1,false,"","",""
"deepseek_v3","mla_o",16384,8,2048,16384,7168,"","",1.437199261984694,1.3478333735472288,"","","segmented_routing_not_implemented","segmented_routing_not_implemented",16,128,128,64,0,1,false,"","",""
"deepseek_v3","mla_o",65536,4,16384,16384,7168,"","",1.4529835125280073,1.4670304285021973,"","","segmented_routing_not_implemented","segmented_routing_not_implemented",16,128,128,64,0,1,false,"","",""
"deepseek_v3","mla_o",65536,8,8192,16384,7168,"","",1.449183982984249,1.3870393278455981,"","","segmented_routing_not_implemented","segmented_routing_not_implemented",16,128,128,64,0,1,false,"","",""
"deepseek_v3","mla_o",131072,4,32768,16384,7168,"","",1.502374723881534,1.4551371781935847,"","","segmented_routing_not_implemented","segmented_routing_not_implemented",16,128,128,64,0,1,false,"","",""
"deepseek_v3","mla_o",131072,8,16384,16384,7168,"","",1.4529835125280073,1.4670304285021973,"","","segmented_routing_not_implemented","segmented_routing_not_implemented",16,128,128,64,0,1,false,"","",""
"deepseek_v3","mla_o",262144,4,65536,16384,7168,"","",1.500326987446604,1.453180975528399,"","","segmented_routing_not_implemented","segmented_routing_not_implemented",16,128,128,64,0,1,false,"","",""
"deepseek_v3","mla_o",262144,8,32768,16384,7168,"","",1.502374723881534,1.4551371781935847,"","","segmented_routing_not_implemented","segmented_routing_not_implemented",16,128,128,64,0,1,false,"","",""
"deepseek_v3","mla_o",524288,4,131072,16384,7168,"","",1.4936882990441214,1.419896224443315,"","","segmented_routing_not_implemented","segmented_routing_not_implemented",16,128,128,64,0,1,false,"","",""
"deepseek_v3","mla_o",524288,8,65536,16384,7168,"","",1.500326987446604,1.453180975528399,"","","segmented_routing_not_implemented","segmented_routing_not_implemented",16,128,128,64,0,1,false,"","",""
"kimi_k3","kda_input_packed",16384,4,4096,7168,49376,"","",1.316383428685897,1.3938427142658982,"","","segmented_routing_not_implemented","segmented_routing_not_implemented",16,128,128,64,0,1,false,"","",""
"kimi_k3","kda_input_packed",16384,8,2048,7168,49376,"","",1.330944172938836,1.3378420274343275,"","","segmented_routing_not_implemented","segmented_routing_not_implemented",16,128,128,64,0,1,false,"","",""
"kimi_k3","kda_input_packed",65536,4,16384,7168,49376,"","",1.437014046640768,1.491393993651062,"","","segmented_routing_not_implemented","segmented_routing_not_implemented",16,128,128,64,0,1,false,"","",""
"kimi_k3","kda_input_packed",65536,8,8192,7168,49376,"","",1.4583306786072605,1.459887356844152,"","","segmented_routing_not_implemented","segmented_routing_not_implemented",16,128,128,64,0,1,false,"","",""
"kimi_k3","kda_input_packed",131072,4,32768,7168,49376,"","",1.4627863733964326,1.479707470696397,"","","segmented_routing_not_implemented","segmented_routing_not_implemented",16,128,128,64,0,1,false,"","",""
"kimi_k3","kda_input_packed",131072,8,16384,7168,49376,"","",1.437014046640768,1.491393993651062,"","","segmented_routing_not_implemented","segmented_routing_not_implemented",16,128,128,64,0,1,false,"","",""
"kimi_k3","kda_input_packed",262144,4,65536,7168,49376,"","",1.4556085520286217,1.460216738721697,"","","segmented_routing_not_implemented","segmented_routing_not_implemented",16,128,128,64,0,1,false,"","",""
"kimi_k3","kda_input_packed",262144,8,32768,7168,49376,"","",1.4627863733964326,1.479707470696397,"","","segmented_routing_not_implemented","segmented_routing_not_implemented",16,128,128,64,0,1,false,"","",""
"kimi_k3","kda_input_packed",524288,4,131072,7168,49376,"","",1.411874571996587,1.4173183209589428,"","","segmented_routing_not_implemented","segmented_routing_not_implemented",16,128,128,64,0,1,false,"","",""
"kimi_k3","kda_input_packed",524288,8,65536,7168,49376,"","",1.4556085520286217,1.460216738721697,"","","segmented_routing_not_implemented","segmented_routing_not_implemented",16,128,128,64,0,1,false,"","",""
"kimi_k3","mla_input_packed",16384,4,4096,7168,14400,"","",1.3231242881910632,1.3665054573151412,"","","segmented_routing_not_implemented","segmented_routing_not_implemented",16,128,128,64,0,1,false,"","",""
"kimi_k3","mla_input_packed",16384,8,2048,7168,14400,"","",1.2547659092877095,1.3651640911157483,"","","segmented_routing_not_implemented","segmented_routing_not_implemented",16,128,128,64,0,1,false,"","",""
"kimi_k3","mla_input_packed",65536,4,16384,7168,14400,"","",1.3997214068607664,1.4986665742180427,"","","segmented_routing_not_implemented","segmented_routing_not_implemented",16,128,128,64,0,1,false,"","",""
"kimi_k3","mla_input_packed",65536,8,8192,7168,14400,"","",1.3663464676792338,1.427732464686034,"","","segmented_routing_not_implemented","segmented_routing_not_implemented",16,128,128,64,0,1,false,"","",""
"kimi_k3","mla_input_packed",131072,4,32768,7168,14400,"","",1.5013648670509518,1.4949412922057326,"","","segmented_routing_not_implemented","segmented_routing_not_implemented",16,128,128,64,0,1,false,"","",""
"kimi_k3","mla_input_packed",131072,8,16384,7168,14400,"","",1.3997214068607664,1.4986665742180427,"","","segmented_routing_not_implemented","segmented_routing_not_implemented",16,128,128,64,0,1,false,"","",""
"kimi_k3","mla_input_packed",262144,4,65536,7168,14400,"","",1.4868868200438858,1.4878966625822394,"","","segmented_routing_not_implemented","segmented_routing_not_implemented",16,128,128,64,0,1,false,"","",""
"kimi_k3","mla_input_packed",262144,8,32768,7168,14400,"","",1.5013648670509518,1.4949412922057326,"","","segmented_routing_not_implemented","segmented_routing_not_implemented",16,128,128,64,0,1,false,"","",""
"kimi_k3","mla_input_packed",524288,4,131072,7168,14400,"","",1.4719776917819218,1.45957961553425,"","","segmented_routing_not_implemented","segmented_routing_not_implemented",16,128,128,64,0,1,false,"","",""
"kimi_k3","mla_input_packed",524288,8,65536,7168,14400,"","",1.4868868200438858,1.4878966625822394,"","","segmented_routing_not_implemented","segmented_routing_not_implemented",16,128,128,64,0,1,false,"","",""
"kimi_k3","kda_f_b",16384,4,4096,128,12288,"","",0.4690194241802064,0.6064054049356312,"","","segmented_routing_not_implemented","segmented_routing_not_implemented",16,128,128,64,0,1,false,"","",""
"kimi_k3","kda_f_b",16384,8,2048,128,12288,"","",0.4225112194896771,0.5663195269543698,"","","segmented_routing_not_implemented","segmented_routing_not_implemented",16,128,128,64,0,1,false,"","",""
"kimi_k3","kda_f_b",65536,4,16384,128,12288,"","",0.7325962033662728,0.7357756082226004,"","","segmented_routing_not_implemented","segmented_routing_not_implemented",16,128,128,64,0,1,false,"","",""
"kimi_k3","kda_f_b",65536,8,8192,128,12288,"","",0.6257236634662929,0.6510156627679689,"","","segmented_routing_not_implemented","segmented_routing_not_implemented",16,128,128,64,0,1,false,"","",""
"kimi_k3","kda_f_b",131072,4,32768,128,12288,"","",0.8007023032744427,0.7672324654861724,"","","segmented_routing_not_implemented","segmented_routing_not_implemented",16,128,128,64,0,1,false,"","",""
"kimi_k3","kda_f_b",131072,8,16384,128,12288,"","",0.7325962033662728,0.7357756082226004,"","","segmented_routing_not_implemented","segmented_routing_not_implemented",16,128,128,64,0,1,false,"","",""
"kimi_k3","kda_f_b",262144,4,65536,128,12288,"","",0.8032480728096858,0.8368993234168992,"","","segmented_routing_not_implemented","segmented_routing_not_implemented",16,128,128,64,0,1,false,"","",""
"kimi_k3","kda_f_b",262144,8,32768,128,12288,"","",0.8007023032744427,0.7672324654861724,"","","segmented_routing_not_implemented","segmented_routing_not_implemented",16,128,128,64,0,1,false,"","",""
"kimi_k3","kda_f_b",524288,4,131072,128,12288,"","",0.8291976346529296,0.8783164236884256,"","","segmented_routing_not_implemented","segmented_routing_not_implemented",16,128,128,64,0,1,false,"","",""
"kimi_k3","kda_f_b",524288,8,65536,128,12288,"","",0.8032480728096858,0.8368993234168992,"","","segmented_routing_not_implemented","segmented_routing_not_implemented",16,128,128,64,0,1,false,"","",""
"kimi_k3","mla_q_b",16384,4,4096,1536,18432,"","",1.298532168897216,1.3346390353031736,"","","segmented_routing_not_implemented","segmented_routing_not_implemented",16,128,128,64,0,1,false,"","",""
"kimi_k3","mla_q_b",16384,8,2048,1536,18432,"","",1.1508030041432198,1.1577886766793586,"","","segmented_routing_not_implemented","segmented_routing_not_implemented",16,128,128,64,0,1,false,"","",""
"kimi_k3","mla_q_b",65536,4,16384,1536,18432,"","",1.3222516459135443,1.4089045983576762,"","","segmented_routing_not_implemented","segmented_routing_not_implemented",16,128,128,64,0,1,false,"","",""
"kimi_k3","mla_q_b",65536,8,8192,1536,18432,"","",1.3749599102566716,1.3306572449661738,"","","segmented_routing_not_implemented","segmented_routing_not_implemented",16,128,128,64,0,1,false,"","",""
"kimi_k3","mla_q_b",131072,4,32768,1536,18432,"","",1.4405301186152324,1.4778334867739291,"","","segmented_routing_not_implemented","segmented_routing_not_implemented",16,128,128,64,0,1,false,"","",""
"kimi_k3","mla_q_b",131072,8,16384,1536,18432,"","",1.3222516459135443,1.4089045983576762,"","","segmented_routing_not_implemented","segmented_routing_not_implemented",16,128,128,64,0,1,false,"","",""
"kimi_k3","mla_q_b",262144,4,65536,1536,18432,"","",1.4580720645307386,1.4658035752759755,"","","segmented_routing_not_implemented","segmented_routing_not_implemented",16,128,128,64,0,1,false,"","",""
"kimi_k3","mla_q_b",262144,8,32768,1536,18432,"","",1.4405301186152324,1.4778334867739291,"","","segmented_routing_not_implemented","segmented_routing_not_implemented",16,128,128,64,0,1,false,"","",""
"kimi_k3","mla_q_b",524288,4,131072,1536,18432,"","",1.46790949224514,1.4834672341812705,"","","segmented_routing_not_implemented","segmented_routing_not_implemented",16,128,128,64,0,1,false,"","",""
"kimi_k3","mla_q_b",524288,8,65536,1536,18432,"","",1.4580720645307386,1.4658035752759755,"","","segmented_routing_not_implemented","segmented_routing_not_implemented",16,128,128,64,0,1,false,"","",""
"kimi_k3","mla_kv_b",16384,4,4096,512,24576,"","",1.0439881686326347,1.1243370161709756,"","","segmented_routing_not_implemented","segmented_routing_not_implemented",16,128,128,64,0,1,false,"","",""
"kimi_k3","mla_kv_b",16384,8,2048,512,24576,"","",0.8895955218895949,0.9942053953818015,"","","segmented_routing_not_implemented","segmented_routing_not_implemented",16,128,128,64,0,1,false,"","",""
"kimi_k3","mla_kv_b",65536,4,16384,512,24576,"","",1.3492044413343955,1.263845252941069,"","","segmented_routing_not_implemented","segmented_routing_not_implemented",16,128,128,64,0,1,false,"","",""
"kimi_k3","mla_kv_b",65536,8,8192,512,24576,"","",1.249263283618296,1.2253829421017326,"","","segmented_routing_not_implemented","segmented_routing_not_implemented",16,128,128,64,0,1,false,"","",""
"kimi_k3","mla_kv_b",131072,4,32768,512,24576,"","",1.259059656588225,1.257155573215526,"","","segmented_routing_not_implemented","segmented_routing_not_implemented",16,128,128,64,0,1,false,"","",""
"kimi_k3","mla_kv_b",131072,8,16384,512,24576,"","",1.3492044413343955,1.263845252941069,"","","segmented_routing_not_implemented","segmented_routing_not_implemented",16,128,128,64,0,1,false,"","",""
"kimi_k3","mla_kv_b",262144,4,65536,512,24576,"","",1.3760223766340112,1.365305666604824,"","","segmented_routing_not_implemented","segmented_routing_not_implemented",16,128,128,64,0,1,false,"","",""
"kimi_k3","mla_kv_b",262144,8,32768,512,24576,"","",1.259059656588225,1.257155573215526,"","","segmented_routing_not_implemented","segmented_routing_not_implemented",16,128,128,64,0,1,false,"","",""
"kimi_k3","mla_kv_b",524288,4,131072,512,24576,"","",1.3777972470842346,1.3632833376467328,"","","segmented_routing_not_implemented","segmented_routing_not_implemented",16,128,128,64,0,1,false,"","",""
"kimi_k3","mla_kv_b",524288,8,65536,512,24576,"","",1.3760223766340112,1.365305666604824,"","","segmented_routing_not_implemented","segmented_routing_not_implemented",16,128,128,64,0,1,false,"","",""
"kimi_k3","mla_o",16384,4,4096,12288,7168,"","",1.406736409438877,1.3936941878796238,"","","segmented_routing_not_implemented","segmented_routing_not_implemented",16,128,128,64,0,1,false,"","",""
"kimi_k3","mla_o",16384,8,2048,12288,7168,"","",1.3167821943972053,1.358429888409267,"","","segmented_routing_not_implemented","segmented_routing_not_implemented",16,128,128,64,0,1,false,"","",""
"kimi_k3","mla_o",65536,4,16384,12288,7168,"","",1.4494867748297284,1.4474281618909008,"","","segmented_routing_not_implemented","segmented_routing_not_implemented",16,128,128,64,0,1,false,"","",""
"kimi_k3","mla_o",65536,8,8192,12288,7168,"","",1.386879409504399,1.4115799529256954,"","","segmented_routing_not_implemented","segmented_routing_not_implemented",16,128,128,64,0,1,false,"","",""
"kimi_k3","mla_o",131072,4,32768,12288,7168,"","",1.4900823719521585,1.4361408604550459,"","","segmented_routing_not_implemented","segmented_routing_not_implemented",16,128,128,64,0,1,false,"","",""
"kimi_k3","mla_o",131072,8,16384,12288,7168,"","",1.4494867748297284,1.4474281618909008,"","","segmented_routing_not_implemented","segmented_routing_not_implemented",16,128,128,64,0,1,false,"","",""
"kimi_k3","mla_o",262144,4,65536,12288,7168,"","",1.4421860483373872,1.422269976930893,"","","segmented_routing_not_implemented","segmented_routing_not_implemented",16,128,128,64,0,1,false,"","",""
"kimi_k3","mla_o",262144,8,32768,12288,7168,"","",1.4900823719521585,1.4361408604550459,"","","segmented_routing_not_implemented","segmented_routing_not_implemented",16,128,128,64,0,1,false,"","",""
"kimi_k3","mla_o",524288,4,131072,12288,7168,"","",1.4836482471128405,1.4094760870344978,"","","segmented_routing_not_implemented","segmented_routing_not_implemented",16,128,128,64,0,1,false,"","",""
"kimi_k3","mla_o",524288,8,65536,12288,7168,"","",1.4421860483373872,1.422269976930893,"","","segmented_routing_not_implemented","segmented_routing_not_implemented",16,128,128,64,0,1,false,"","",""
"kimi_linear_48b","kda_input_packed",16384,4,4096,2304,12576,"","",1.4104633251898933,1.2685124757217616,"","","segmented_routing_not_implemented","segmented_routing_not_implemented",16,128,128,64,0,1,false,"","",""
"kimi_linear_48b","kda_input_packed",16384,8,2048,2304,12576,"","",1.1279845814852865,1.158823121782829,"","","segmented_routing_not_implemented","segmented_routing_not_implemented",16,128,128,64,0,1,false,"","",""
"kimi_linear_48b","kda_input_packed",65536,4,16384,2304,12576,"","",1.3966206185170351,1.2972414521782794,"","","segmented_routing_not_implemented","segmented_routing_not_implemented",16,128,128,64,0,1,false,"","",""
"kimi_linear_48b","kda_input_packed",65536,8,8192,2304,12576,"","",1.3781005952945797,1.2876706286887727,"","","segmented_routing_not_implemented","segmented_routing_not_implemented",16,128,128,64,0,1,false,"","",""
"kimi_linear_48b","kda_input_packed",131072,4,32768,2304,12576,"","",1.4558461055344145,1.31459931131724,"","","segmented_routing_not_implemented","segmented_routing_not_implemented",16,128,128,64,0,1,false,"","",""
"kimi_linear_48b","kda_input_packed",131072,8,16384,2304,12576,"","",1.3966206185170351,1.2972414521782794,"","","segmented_routing_not_implemented","segmented_routing_not_implemented",16,128,128,64,0,1,false,"","",""
"kimi_linear_48b","kda_input_packed",262144,4,65536,2304,12576,"","",1.4768793843618786,1.4178183664849533,"","","segmented_routing_not_implemented","segmented_routing_not_implemented",16,128,128,64,0,1,false,"","",""
"kimi_linear_48b","kda_input_packed",262144,8,32768,2304,12576,"","",1.4558461055344145,1.31459931131724,"","","segmented_routing_not_implemented","segmented_routing_not_implemented",16,128,128,64,0,1,false,"","",""
"kimi_linear_48b","kda_input_packed",524288,4,131072,2304,12576,"","",1.4200703759489495,1.3971262176719241,"","","segmented_routing_not_implemented","segmented_routing_not_implemented",16,128,128,64,0,1,false,"","",""
"kimi_linear_48b","kda_input_packed",524288,8,65536,2304,12576,"","",1.4768793843618786,1.4178183664849533,"","","segmented_routing_not_implemented","segmented_routing_not_implemented",16,128,128,64,0,1,false,"","",""
"kimi_linear_48b","mla_input_packed",16384,4,4096,2304,6720,"","",1.3271780953689212,1.2318934624492643,"","","segmented_routing_not_implemented","segmented_routing_not_implemented",16,128,128,64,0,1,false,"","",""
"kimi_linear_48b","mla_input_packed",16384,8,2048,2304,6720,"","",1.166112749725109,1.0943172734272795,"","","segmented_routing_not_implemented","segmented_routing_not_implemented",16,128,128,64,0,1,false,"","",""
"kimi_linear_48b","mla_input_packed",65536,4,16384,2304,6720,"","",1.437264908081009,1.3520782262887898,"","","segmented_routing_not_implemented","segmented_routing_not_implemented",16,128,128,64,0,1,false,"","",""
"kimi_linear_48b","mla_input_packed",65536,8,8192,2304,6720,"","",1.3611323366358965,1.2464205284186987,"","","segmented_routing_not_implemented","segmented_routing_not_implemented",16,128,128,64,0,1,false,"","",""
"kimi_linear_48b","mla_input_packed",131072,4,32768,2304,6720,"","",1.3685637242531572,1.2995199887465314,"","","segmented_routing_not_implemented","segmented_routing_not_implemented",16,128,128,64,0,1,false,"","",""
"kimi_linear_48b","mla_input_packed",131072,8,16384,2304,6720,"","",1.437264908081009,1.3520782262887898,"","","segmented_routing_not_implemented","segmented_routing_not_implemented",16,128,128,64,0,1,false,"","",""
"kimi_linear_48b","mla_input_packed",262144,4,65536,2304,6720,"","",1.4011749508230034,1.3806303636018753,"","","segmented_routing_not_implemented","segmented_routing_not_implemented",16,128,128,64,0,1,false,"","",""
"kimi_linear_48b","mla_input_packed",262144,8,32768,2304,6720,"","",1.3685637242531572,1.2995199887465314,"","","segmented_routing_not_implemented","segmented_routing_not_implemented",16,128,128,64,0,1,false,"","",""
"kimi_linear_48b","mla_input_packed",524288,4,131072,2304,6720,"","",1.393952615689664,1.3762783987944087,"","","segmented_routing_not_implemented","segmented_routing_not_implemented",16,128,128,64,0,1,false,"","",""
"kimi_linear_48b","mla_input_packed",524288,8,65536,2304,6720,"","",1.4011749508230034,1.3806303636018753,"","","segmented_routing_not_implemented","segmented_routing_not_implemented",16,128,128,64,0,1,false,"","",""
"kimi_linear_48b","kda_f_b",16384,4,4096,128,4096,"","",0.3743869741503904,0.3791461206240624,"","","segmented_routing_not_implemented","segmented_routing_not_implemented",16,128,128,64,0,1,false,"","",""
"kimi_linear_48b","kda_f_b",16384,8,2048,128,4096,"","",0.1911933473794856,0.2240696549591559,"","","segmented_routing_not_implemented","segmented_routing_not_implemented",16,128,128,64,0,1,false,"","",""
"kimi_linear_48b","kda_f_b",65536,4,16384,128,4096,"","",0.5851454072953248,0.5125259294626939,"","","segmented_routing_not_implemented","segmented_routing_not_implemented",16,128,128,64,0,1,false,"","",""
"kimi_linear_48b","kda_f_b",65536,8,8192,128,4096,"","",0.641422834243308,0.49756342595390574,"","","segmented_routing_not_implemented","segmented_routing_not_implemented",16,128,128,64,0,1,false,"","",""
"kimi_linear_48b","kda_f_b",131072,4,32768,128,4096,"","",0.6412313061103705,0.6147963396366987,"","","segmented_routing_not_implemented","segmented_routing_not_implemented",16,128,128,64,0,1,false,"","",""
"kimi_linear_48b","kda_f_b",131072,8,16384,128,4096,"","",0.5851454072953248,0.5125259294626939,"","","segmented_routing_not_implemented","segmented_routing_not_implemented",16,128,128,64,0,1,false,"","",""
"kimi_linear_48b","kda_f_b",262144,4,65536,128,4096,"","",0.7492964742367749,0.7211160450295684,"","","segmented_routing_not_implemented","segmented_routing_not_implemented",16,128,128,64,0,1,false,"","",""
"kimi_linear_48b","kda_f_b",262144,8,32768,128,4096,"","",0.6412313061103705,0.6147963396366987,"","","segmented_routing_not_implemented","segmented_routing_not_implemented",16,128,128,64,0,1,false,"","",""
"kimi_linear_48b","kda_f_b",524288,4,131072,128,4096,"","",0.7564225695691064,0.8014493837182586,"","","segmented_routing_not_implemented","segmented_routing_not_implemented",16,128,128,64,0,1,false,"","",""
"kimi_linear_48b","kda_f_b",524288,8,65536,128,4096,"","",0.7492964742367749,0.7211160450295684,"","","segmented_routing_not_implemented","segmented_routing_not_implemented",16,128,128,64,0,1,false,"","",""
"kimi_linear_48b","kda_g_b",16384,4,4096,128,4096,"","",0.3743869741503904,0.3791461206240624,"","","segmented_routing_not_implemented","segmented_routing_not_implemented",16,128,128,64,0,1,false,"","",""
"kimi_linear_48b","kda_g_b",16384,8,2048,128,4096,"","",0.1911933473794856,0.2240696549591559,"","","segmented_routing_not_implemented","segmented_routing_not_implemented",16,128,128,64,0,1,false,"","",""
"kimi_linear_48b","kda_g_b",65536,4,16384,128,4096,"","",0.5851454072953248,0.5125259294626939,"","","segmented_routing_not_implemented","segmented_routing_not_implemented",16,128,128,64,0,1,false,"","",""
"kimi_linear_48b","kda_g_b",65536,8,8192,128,4096,"","",0.641422834243308,0.49756342595390574,"","","segmented_routing_not_implemented","segmented_routing_not_implemented",16,128,128,64,0,1,false,"","",""
"kimi_linear_48b","kda_g_b",131072,4,32768,128,4096,"","",0.6412313061103705,0.6147963396366987,"","","segmented_routing_not_implemented","segmented_routing_not_implemented",16,128,128,64,0,1,false,"","",""
"kimi_linear_48b","kda_g_b",131072,8,16384,128,4096,"","",0.5851454072953248,0.5125259294626939,"","","segmented_routing_not_implemented","segmented_routing_not_implemented",16,128,128,64,0,1,false,"","",""
"kimi_linear_48b","kda_g_b",262144,4,65536,128,4096,"","",0.7492964742367749,0.7211160450295684,"","","segmented_routing_not_implemented","segmented_routing_not_implemented",16,128,128,64,0,1,false,"","",""
"kimi_linear_48b","kda_g_b",262144,8,32768,128,4096,"","",0.6412313061103705,0.6147963396366987,"","","segmented_routing_not_implemented","segmented_routing_not_implemented",16,128,128,64,0,1,false,"","",""
"kimi_linear_48b","kda_g_b",524288,4,131072,128,4096,"","",0.7564225695691064,0.8014493837182586,"","","segmented_routing_not_implemented","segmented_routing_not_implemented",16,128,128,64,0,1,false,"","",""
"kimi_linear_48b","kda_g_b",524288,8,65536,128,4096,"","",0.7492964742367749,0.7211160450295684,"","","segmented_routing_not_implemented","segmented_routing_not_implemented",16,128,128,64,0,1,false,"","",""
"kimi_linear_48b","mla_kv_b",16384,4,4096,512,8192,"","",0.968207282356588,1.0284883043701658,"","","segmented_routing_not_implemented","segmented_routing_not_implemented",16,128,128,64,0,1,false,"","",""
"kimi_linear_48b","mla_kv_b",16384,8,2048,512,8192,"","",0.8375521359809777,0.8940398153828235,"","","segmented_routing_not_implemented","segmented_routing_not_implemented",16,128,128,64,0,1,false,"","",""
"kimi_linear_48b","mla_kv_b",65536,4,16384,512,8192,"","",1.1932122167886876,1.16253006993834,"","","segmented_routing_not_implemented","segmented_routing_not_implemented",16,128,128,64,0,1,false,"","",""
"kimi_linear_48b","mla_kv_b",65536,8,8192,512,8192,"","",1.057613173186233,1.0599622824544503,"","","segmented_routing_not_implemented","segmented_routing_not_implemented",16,128,128,64,0,1,false,"","",""
"kimi_linear_48b","mla_kv_b",131072,4,32768,512,8192,"","",1.1894121489694134,1.2254703854139932,"","","segmented_routing_not_implemented","segmented_routing_not_implemented",16,128,128,64,0,1,false,"","",""
"kimi_linear_48b","mla_kv_b",131072,8,16384,512,8192,"","",1.1932122167886876,1.16253006993834,"","","segmented_routing_not_implemented","segmented_routing_not_implemented",16,128,128,64,0,1,false,"","",""
"kimi_linear_48b","mla_kv_b",262144,4,65536,512,8192,"","",1.1703306855744418,1.300175524630397,"","","segmented_routing_not_implemented","segmented_routing_not_implemented",16,128,128,64,0,1,false,"","",""
"kimi_linear_48b","mla_kv_b",262144,8,32768,512,8192,"","",1.1894121489694134,1.2254703854139932,"","","segmented_routing_not_implemented","segmented_routing_not_implemented",16,128,128,64,0,1,false,"","",""
"kimi_linear_48b","mla_kv_b",524288,4,131072,512,8192,"","",1.3651339185729319,1.320588732431248,"","","segmented_routing_not_implemented","segmented_routing_not_implemented",16,128,128,64,0,1,false,"","",""
"kimi_linear_48b","mla_kv_b",524288,8,65536,512,8192,"","",1.1703306855744418,1.300175524630397,"","","segmented_routing_not_implemented","segmented_routing_not_implemented",16,128,128,64,0,1,false,"","",""
"kimi_linear_48b","mla_o",16384,4,4096,4096,2304,"","",1.1556656326515782,1.2373465535980173,"","","segmented_routing_not_implemented","segmented_routing_not_implemented",16,128,128,64,0,1,false,"","",""
"kimi_linear_48b","mla_o",16384,8,2048,4096,2304,"","",1.0704116750655523,1.0951582352769051,"","","segmented_routing_not_implemented","segmented_routing_not_implemented",16,128,128,64,0,1,false,"","",""
"kimi_linear_48b","mla_o",65536,4,16384,4096,2304,"","",1.3480751112874774,1.4506757179590137,"","","segmented_routing_not_implemented","segmented_routing_not_implemented",16,128,128,64,0,1,false,"","",""
"kimi_linear_48b","mla_o",65536,8,8192,4096,2304,"","",1.2546970201560992,1.1946688766488762,"","","segmented_routing_not_implemented","segmented_routing_not_implemented",16,128,128,64,0,1,false,"","",""
"kimi_linear_48b","mla_o",131072,4,32768,4096,2304,"","",1.3971412051195808,1.3964346021970173,"","","segmented_routing_not_implemented","segmented_routing_not_implemented",16,128,128,64,0,1,false,"","",""
"kimi_linear_48b","mla_o",131072,8,16384,4096,2304,"","",1.3480751112874774,1.4506757179590137,"","","segmented_routing_not_implemented","segmented_routing_not_implemented",16,128,128,64,0,1,false,"","",""
"kimi_linear_48b","mla_o",262144,4,65536,4096,2304,"","",1.3478400702921867,1.5243894182456543,"","","segmented_routing_not_implemented","segmented_routing_not_implemented",16,128,128,64,0,1,false,"","",""
"kimi_linear_48b","mla_o",262144,8,32768,4096,2304,"","",1.3971412051195808,1.3964346021970173,"","","segmented_routing_not_implemented","segmented_routing_not_implemented",16,128,128,64,0,1,false,"","",""
"kimi_linear_48b","mla_o",524288,4,131072,4096,2304,"","",1.4213509810190252,1.5071529336341487,"","","segmented_routing_not_implemented","segmented_routing_not_implemented",16,128,128,64,0,1,false,"","",""
"kimi_linear_48b","mla_o",524288,8,65536,4096,2304,"","",1.3478400702921867,1.5243894182456543,"","","segmented_routing_not_implemented","segmented_routing_not_implemented",16,128,128,64,0,1,false,"","",""
