aliases,best_separated,best_separated_p50_ms,beyond_native_context,cp,cublaslt_boundary_p50_ms,cublaslt_gemm_p50_ms,cublaslt_nccl_config,cublaslt_plans,cublaslt_route_p50_ms,global_seq,head_dim,k,m,model,n,native_max_context,q_heads,suite,te_boundary_p50_ms,te_gemm_p50_ms,te_nccl_config,te_route_p50_ms
single-digit-B median-like O-proj,TE+NCCL,0.05632000043988228,False,4,0.05748800002038479,0.022112000733613968,ch16_chunk256_ll16_graph_normal_pb512_pw8,"[{'returned': 8, 'valid': 8, 'algo_id': 66, 'tile_id': 18, 'stages_id': 35, 'split_k': 1, 'reduction': 0, 'cta_swizzle': 0, 'custom': 3, 'inner_shape': 0, 'cluster_shape': 5, 'workspace_bytes': 0, 'tune_ms': 0.016305066645145416, 'waves': 0.9696969985961914}, {'returned': 8, 'valid': 8, 'algo_id': 66, 'tile_id': 18, 'stages_id': 35, 'split_k': 1, 'reduction': 0, 'cta_swizzle': 0, 'custom': 3, 'inner_shape': 0, 'cluster_shape': 5, 'workspace_bytes': 0, 'tune_ms': 0.015550932846963406, 'waves': 0.9696969985961914}, {'returned': 8, 'valid': 8, 'algo_id': 66, 'tile_id': 18, 'stages_id': 35, 'split_k': 1, 'reduction': 0, 'cta_swizzle': 0, 'custom': 3, 'inner_shape': 0, 'cluster_shape': 5, 'workspace_bytes': 0, 'tune_ms': 0.016104532405734062, 'waves': 0.9696969985961914}, {'returned': 8, 'valid': 8, 'algo_id': 66, 'tile_id': 135, 'stages_id': 35, 'split_k': 1, 'reduction': 0, 'cta_swizzle': 0, 'custom': 0, 'inner_shape': 0, 'cluster_shape': 7, 'workspace_bytes': 0, 'tune_ms': 0.016337066888809204, 'waves': 0.7878788113594055}]",0.03627200052142143,1024,128,4096,256,representative_small,4096,,32,artificial,0.05632000043988228,0.02171199955046177,ch16_chunk256_ll16_graph_normal_pb128_pw4,0.035840000957250595
single-digit-B median-like O-proj,TE+NCCL,0.04705600067973137,False,8,0.048367999494075775,0.01998399943113327,ch32_chunk512_ll64_graph_hp_pb128_pw8,"[{'returned': 8, 'valid': 8, 'algo_id': 66, 'tile_id': 27, 'stages_id': 35, 'split_k': 1, 'reduction': 0, 'cta_swizzle': 0, 'custom': 0, 'inner_shape': 0, 'cluster_shape': 7, 'workspace_bytes': 0, 'tune_ms': 0.012324267067015171, 'waves': 0.6515151262283325}, {'returned': 8, 'valid': 8, 'algo_id': 66, 'tile_id': 15, 'stages_id': 35, 'split_k': 1, 'reduction': 0, 'cta_swizzle': 0, 'custom': 1, 'inner_shape': 0, 'cluster_shape': 3, 'workspace_bytes': 0, 'tune_ms': 0.01514026615768671, 'waves': 0.9696969985961914}, {'returned': 8, 'valid': 8, 'algo_id': 66, 'tile_id': 27, 'stages_id': 35, 'split_k': 1, 'reduction': 0, 'cta_swizzle': 0, 'custom': 0, 'inner_shape': 0, 'cluster_shape': 7, 'workspace_bytes': 0, 'tune_ms': 0.012158933095633984, 'waves': 0.6515151262283325}, {'returned': 8, 'valid': 8, 'algo_id': 66, 'tile_id': 15, 'stages_id': 35, 'split_k': 1, 'reduction': 0, 'cta_swizzle': 0, 'custom': 1, 'inner_shape': 0, 'cluster_shape': 3, 'workspace_bytes': 0, 'tune_ms': 0.01519466657191515, 'waves': 0.9696969985961914}, {'returned': 8, 'valid': 8, 'algo_id': 66, 'tile_id': 27, 'stages_id': 35, 'split_k': 1, 'reduction': 0, 'cta_swizzle': 0, 'custom': 0, 'inner_shape': 0, 'cluster_shape': 7, 'workspace_bytes': 0, 'tune_ms': 0.012062933295965195, 'waves': 0.6515151262283325}, {'returned': 8, 'valid': 8, 'algo_id': 66, 'tile_id': 27, 'stages_id': 35, 'split_k': 1, 'reduction': 0, 'cta_swizzle': 0, 'custom': 0, 'inner_shape': 0, 'cluster_shape': 7, 'workspace_bytes': 0, 'tune_ms': 0.012378666549921036, 'waves': 0.6515151262283325}, {'returned': 8, 'valid': 8, 'algo_id': 66, 'tile_id': 27, 'stages_id': 35, 'split_k': 1, 'reduction': 0, 'cta_swizzle': 0, 'custom': 0, 'inner_shape': 0, 'cluster_shape': 7, 'workspace_bytes': 0, 'tune_ms': 0.015143467113375664, 'waves': 0.6515151262283325}, {'returned': 8, 'valid': 8, 'algo_id': 66, 'tile_id': 27, 'stages_id': 35, 'split_k': 1, 'reduction': 0, 'cta_swizzle': 0, 'custom': 0, 'inner_shape': 0, 'cluster_shape': 7, 'workspace_bytes': 0, 'tune_ms': 0.012241066433489323, 'waves': 0.6515151262283325}]",0.03041600063443184,1024,128,4096,128,representative_small,4096,,32,artificial,0.04705600067973137,0.019711999222636223,ch32_chunk512_ll64_graph_hp_pb256_pw4,0.03081599995493889
single-digit-B median-like O-proj,cuBLASLt+NCCL,0.10945599898695946,False,4,0.10945599898695946,0.05019199848175049,ch32_chunk512_ll16_graph_normal_pb256_pw4,"[{'returned': 8, 'valid': 8, 'algo_id': 66, 'tile_id': 24, 'stages_id': 35, 'split_k': 1, 'reduction': 0, 'cta_swizzle': 0, 'custom': 7, 'inner_shape': 0, 'cluster_shape': 5, 'workspace_bytes': 0, 'tune_ms': 0.044833067804574966, 'waves': 0.9696969985961914}, {'returned': 8, 'valid': 8, 'algo_id': 66, 'tile_id': 24, 'stages_id': 35, 'split_k': 1, 'reduction': 0, 'cta_swizzle': 0, 'custom': 7, 'inner_shape': 0, 'cluster_shape': 5, 'workspace_bytes': 0, 'tune_ms': 0.045686401426792145, 'waves': 0.9696969985961914}, {'returned': 8, 'valid': 8, 'algo_id': 66, 'tile_id': 23, 'stages_id': 35, 'split_k': 1, 'reduction': 0, 'cta_swizzle': 0, 'custom': 4, 'inner_shape': 0, 'cluster_shape': 3, 'workspace_bytes': 0, 'tune_ms': 0.04493333399295807, 'waves': 0.9696969985961914}, {'returned': 8, 'valid': 8, 'algo_id': 66, 'tile_id': 23, 'stages_id': 35, 'split_k': 1, 'reduction': 0, 'cta_swizzle': 0, 'custom': 4, 'inner_shape': 0, 'cluster_shape': 3, 'workspace_bytes': 0, 'tune_ms': 0.045469868928194046, 'waves': 0.9696969985961914}]",0.062351999804377556,4096,128,4096,1024,representative_small,4096,,32,artificial,0.11060800030827522,0.049984000623226166,ch32_chunk512_ll16_graph_normal_pb256_pw4,0.062351999804377556
single-digit-B median-like O-proj,cuBLASLt+NCCL,0.08830400183796883,False,8,0.08830400183796883,0.036928001791238785,ch16_chunk128_ll16_graph_hp_pb128_pw8,"[{'returned': 8, 'valid': 8, 'algo_id': 66, 'tile_id': 20, 'stages_id': 35, 'split_k': 1, 'reduction': 0, 'cta_swizzle': 0, 'custom': 1, 'inner_shape': 0, 'cluster_shape': 3, 'workspace_bytes': 0, 'tune_ms': 0.024038400501012802, 'waves': 0.9696969985961914}, {'returned': 8, 'valid': 8, 'algo_id': 66, 'tile_id': 20, 'stages_id': 35, 'split_k': 1, 'reduction': 0, 'cta_swizzle': 0, 'custom': 1, 'inner_shape': 0, 'cluster_shape': 3, 'workspace_bytes': 0, 'tune_ms': 0.030878933146595955, 'waves': 0.9696969985961914}, {'returned': 8, 'valid': 8, 'algo_id': 66, 'tile_id': 20, 'stages_id': 35, 'split_k': 1, 'reduction': 0, 'cta_swizzle': 0, 'custom': 1, 'inner_shape': 0, 'cluster_shape': 3, 'workspace_bytes': 0, 'tune_ms': 0.02433066815137863, 'waves': 0.9696969985961914}, {'returned': 8, 'valid': 8, 'algo_id': 66, 'tile_id': 20, 'stages_id': 35, 'split_k': 1, 'reduction': 0, 'cta_swizzle': 0, 'custom': 1, 'inner_shape': 0, 'cluster_shape': 3, 'workspace_bytes': 0, 'tune_ms': 0.030606932938098907, 'waves': 0.9696969985961914}, {'returned': 8, 'valid': 8, 'algo_id': 66, 'tile_id': 20, 'stages_id': 35, 'split_k': 1, 'reduction': 0, 'cta_swizzle': 0, 'custom': 1, 'inner_shape': 0, 'cluster_shape': 3, 'workspace_bytes': 0, 'tune_ms': 0.024765867739915848, 'waves': 0.9696969985961914}, {'returned': 8, 'valid': 8, 'algo_id': 66, 'tile_id': 20, 'stages_id': 35, 'split_k': 1, 'reduction': 0, 'cta_swizzle': 0, 'custom': 1, 'inner_shape': 0, 'cluster_shape': 3, 'workspace_bytes': 0, 'tune_ms': 0.024596266448497772, 'waves': 0.9696969985961914}, {'returned': 8, 'valid': 8, 'algo_id': 66, 'tile_id': 19, 'stages_id': 35, 'split_k': 1, 'reduction': 0, 'cta_swizzle': 0, 'custom': 0, 'inner_shape': 0, 'cluster_shape': 3, 'workspace_bytes': 0, 'tune_ms': 0.031022934243083, 'waves': 0.9696969985961914}, {'returned': 8, 'valid': 8, 'algo_id': 66, 'tile_id': 20, 'stages_id': 35, 'split_k': 1, 'reduction': 0, 'cta_swizzle': 0, 'custom': 1, 'inner_shape': 0, 'cluster_shape': 3, 'workspace_bytes': 0, 'tune_ms': 0.024062933400273323, 'waves': 0.9696969985961914}]",0.05180799961090088,4096,128,4096,512,representative_small,4096,,32,artificial,0.08990399911999702,0.036848001182079315,ch16_chunk128_ll16_graph_hp_pb128_pw8,0.05180799961090088
single-digit-B median-like O-proj,cuBLASLt+NCCL,0.3404480069875717,False,4,0.3404480069875717,0.1839359998703003,ch24_chunk128_ll128_graph_hp_pb1024_pw8,"[{'returned': 8, 'valid': 8, 'algo_id': 66, 'tile_id': 24, 'stages_id': 35, 'split_k': 1, 'reduction': 0, 'cta_swizzle': 0, 'custom': 7, 'inner_shape': 0, 'cluster_shape': 5, 'workspace_bytes': 4, 'tune_ms': 0.1708277314901352, 'waves': 3.8787879943847656}, {'returned': 8, 'valid': 8, 'algo_id': 66, 'tile_id': 24, 'stages_id': 35, 'split_k': 1, 'reduction': 0, 'cta_swizzle': 0, 'custom': 7, 'inner_shape': 0, 'cluster_shape': 5, 'workspace_bytes': 4, 'tune_ms': 0.17498666048049927, 'waves': 3.8787879943847656}, {'returned': 8, 'valid': 8, 'algo_id': 66, 'tile_id': 24, 'stages_id': 35, 'split_k': 1, 'reduction': 0, 'cta_swizzle': 0, 'custom': 7, 'inner_shape': 0, 'cluster_shape': 5, 'workspace_bytes': 4, 'tune_ms': 0.171984001994133, 'waves': 3.8787879943847656}, {'returned': 8, 'valid': 8, 'algo_id': 66, 'tile_id': 24, 'stages_id': 35, 'split_k': 1, 'reduction': 0, 'cta_swizzle': 0, 'custom': 7, 'inner_shape': 0, 'cluster_shape': 5, 'workspace_bytes': 4, 'tune_ms': 0.17402879893779755, 'waves': 3.8787879943847656}]",0.16443199664354324,16384,128,4096,4096,representative_small,4096,,32,artificial,0.3415199965238571,0.18401599675416946,ch24_chunk128_ll128_graph_hp_pb1024_pw8,0.16443199664354324
single-digit-B median-like O-proj,cuBLASLt+NCCL,0.22564800083637238,False,8,0.22564800083637238,0.124464001506567,ch24_chunk128_ll16_graph_hp_pb128_pw4,"[{'returned': 8, 'valid': 8, 'algo_id': 66, 'tile_id': 23, 'stages_id': 35, 'split_k': 1, 'reduction': 0, 'cta_swizzle': 0, 'custom': 4, 'inner_shape': 0, 'cluster_shape': 3, 'workspace_bytes': 0, 'tune_ms': 0.08638293296098709, 'waves': 1.9393939971923828}, {'returned': 8, 'valid': 8, 'algo_id': 66, 'tile_id': 20, 'stages_id': 35, 'split_k': 1, 'reduction': 0, 'cta_swizzle': 0, 'custom': 1, 'inner_shape': 0, 'cluster_shape': 3, 'workspace_bytes': 4, 'tune_ms': 0.10476693511009216, 'waves': 3.8787879943847656}, {'returned': 8, 'valid': 8, 'algo_id': 66, 'tile_id': 23, 'stages_id': 35, 'split_k': 1, 'reduction': 0, 'cta_swizzle': 0, 'custom': 4, 'inner_shape': 0, 'cluster_shape': 3, 'workspace_bytes': 0, 'tune_ms': 0.08845866471529007, 'waves': 1.9393939971923828}, {'returned': 8, 'valid': 8, 'algo_id': 66, 'tile_id': 20, 'stages_id': 35, 'split_k': 1, 'reduction': 0, 'cta_swizzle': 0, 'custom': 1, 'inner_shape': 0, 'cluster_shape': 3, 'workspace_bytes': 4, 'tune_ms': 0.10543680191040039, 'waves': 3.8787879943847656}, {'returned': 8, 'valid': 8, 'algo_id': 66, 'tile_id': 23, 'stages_id': 35, 'split_k': 1, 'reduction': 0, 'cta_swizzle': 0, 'custom': 4, 'inner_shape': 0, 'cluster_shape': 3, 'workspace_bytes': 0, 'tune_ms': 0.08716906607151031, 'waves': 1.9393939971923828}, {'returned': 8, 'valid': 8, 'algo_id': 66, 'tile_id': 23, 'stages_id': 35, 'split_k': 1, 'reduction': 0, 'cta_swizzle': 0, 'custom': 4, 'inner_shape': 0, 'cluster_shape': 3, 'workspace_bytes': 0, 'tune_ms': 0.08818986266851425, 'waves': 1.9393939971923828}, {'returned': 8, 'valid': 8, 'algo_id': 66, 'tile_id': 20, 'stages_id': 35, 'split_k': 1, 'reduction': 0, 'cta_swizzle': 0, 'custom': 1, 'inner_shape': 0, 'cluster_shape': 3, 'workspace_bytes': 4, 'tune_ms': 0.10573440045118332, 'waves': 3.8787879943847656}, {'returned': 8, 'valid': 8, 'algo_id': 66, 'tile_id': 23, 'stages_id': 35, 'split_k': 1, 'reduction': 0, 'cta_swizzle': 0, 'custom': 4, 'inner_shape': 0, 'cluster_shape': 3, 'workspace_bytes': 0, 'tune_ms': 0.08791466802358627, 'waves': 1.9393939971923828}]",0.11129599809646606,16384,128,4096,2048,representative_small,4096,,32,artificial,0.22681599855422974,0.12012799829244614,ch24_chunk128_ll16_graph_hp_pb128_pw8,0.11204800009727478
single-digit-B median-like O-proj,TE+NCCL,2.537071943283081,False,4,2.5390559434890747,1.6414880156517029,ch32_chunk128_ll128_graph_normal_pb512_pw4,"[{'returned': 8, 'valid': 8, 'algo_id': 66, 'tile_id': 209, 'stages_id': 35, 'split_k': 1, 'reduction': 0, 'cta_swizzle': 0, 'custom': 6, 'inner_shape': 0, 'cluster_shape': 5, 'workspace_bytes': 4, 'tune_ms': 1.3822112083435059, 'waves': 28.5}, {'returned': 8, 'valid': 8, 'algo_id': 66, 'tile_id': 24, 'stages_id': 35, 'split_k': 1, 'reduction': 0, 'cta_swizzle': 0, 'custom': 7, 'inner_shape': 0, 'cluster_shape': 5, 'workspace_bytes': 4, 'tune_ms': 1.4081547260284424, 'waves': 31.030303955078125}, {'returned': 8, 'valid': 8, 'algo_id': 66, 'tile_id': 23, 'stages_id': 35, 'split_k': 1, 'reduction': 0, 'cta_swizzle': 0, 'custom': 4, 'inner_shape': 0, 'cluster_shape': 3, 'workspace_bytes': 4, 'tune_ms': 1.395139217376709, 'waves': 31.030303955078125}, {'returned': 8, 'valid': 8, 'algo_id': 66, 'tile_id': 248, 'stages_id': 35, 'split_k': 1, 'reduction': 0, 'cta_swizzle': 0, 'custom': 7, 'inner_shape': 0, 'cluster_shape': 5, 'workspace_bytes': 4, 'tune_ms': 1.4001941680908203, 'waves': 25.212121963500977}]",1.1014559864997864,131072,128,4096,32768,representative_small,4096,,32,artificial,2.537071943283081,1.5696319937705994,ch32_chunk128_ll128_graph_normal_pb1024_pw8,1.0976639986038208
single-digit-B median-like O-proj,cuBLASLt+NCCL,1.426431953907013,False,8,1.426431953907013,0.7943199872970581,ch32_chunk128_ll128_graph_hp_pb256_pw4,"[{'returned': 8, 'valid': 8, 'algo_id': 66, 'tile_id': 248, 'stages_id': 35, 'split_k': 1, 'reduction': 0, 'cta_swizzle': 0, 'custom': 7, 'inner_shape': 0, 'cluster_shape': 5, 'workspace_bytes': 4, 'tune_ms': 0.6945162415504456, 'waves': 12.606060981750488}, {'returned': 8, 'valid': 8, 'algo_id': 66, 'tile_id': 29, 'stages_id': 35, 'split_k': 1, 'reduction': 0, 'cta_swizzle': 0, 'custom': 1, 'inner_shape': 0, 'cluster_shape': 3, 'workspace_bytes': 4, 'tune_ms': 0.7593472003936768, 'waves': 24.969696044921875}, {'returned': 8, 'valid': 8, 'algo_id': 66, 'tile_id': 24, 'stages_id': 35, 'split_k': 1, 'reduction': 0, 'cta_swizzle': 0, 'custom': 7, 'inner_shape': 0, 'cluster_shape': 5, 'workspace_bytes': 4, 'tune_ms': 0.6939615607261658, 'waves': 15.515151977539062}, {'returned': 8, 'valid': 8, 'algo_id': 66, 'tile_id': 29, 'stages_id': 35, 'split_k': 1, 'reduction': 0, 'cta_swizzle': 0, 'custom': 1, 'inner_shape': 0, 'cluster_shape': 3, 'workspace_bytes': 4, 'tune_ms': 0.760147213935852, 'waves': 24.969696044921875}, {'returned': 8, 'valid': 8, 'algo_id': 66, 'tile_id': 24, 'stages_id': 35, 'split_k': 1, 'reduction': 0, 'cta_swizzle': 0, 'custom': 7, 'inner_shape': 0, 'cluster_shape': 5, 'workspace_bytes': 4, 'tune_ms': 0.6830965280532837, 'waves': 15.515151977539062}, {'returned': 8, 'valid': 8, 'algo_id': 66, 'tile_id': 24, 'stages_id': 35, 'split_k': 1, 'reduction': 0, 'cta_swizzle': 0, 'custom': 7, 'inner_shape': 0, 'cluster_shape': 5, 'workspace_bytes': 4, 'tune_ms': 0.6888341307640076, 'waves': 15.515151977539062}, {'returned': 8, 'valid': 8, 'algo_id': 66, 'tile_id': 29, 'stages_id': 35, 'split_k': 1, 'reduction': 0, 'cta_swizzle': 0, 'custom': 1, 'inner_shape': 0, 'cluster_shape': 3, 'workspace_bytes': 4, 'tune_ms': 0.7630325555801392, 'waves': 24.969696044921875}, {'returned': 8, 'valid': 8, 'algo_id': 66, 'tile_id': 248, 'stages_id': 35, 'split_k': 1, 'reduction': 0, 'cta_swizzle': 0, 'custom': 7, 'inner_shape': 0, 'cluster_shape': 5, 'workspace_bytes': 4, 'tune_ms': 0.7004789113998413, 'waves': 12.606060981750488}]",0.6495680212974548,131072,128,4096,16384,representative_small,4096,,32,artificial,1.4870399832725525,0.8535520136356354,ch32_chunk128_ll128_graph_hp_pb256_pw4,0.6495680212974548
single-digit-B median-like O-proj,cuBLASLt+NCCL,4.981296062469482,False,4,4.981296062469482,3.263967990875244,ch32_chunk128_ll64_graph_normal_pb1024_pw8,"[{'returned': 8, 'valid': 8, 'algo_id': 66, 'tile_id': 209, 'stages_id': 35, 'split_k': 1, 'reduction': 0, 'cta_swizzle': 0, 'custom': 4, 'inner_shape': 0, 'cluster_shape': 3, 'workspace_bytes': 4, 'tune_ms': 2.8806636333465576, 'waves': 57.0}, {'returned': 8, 'valid': 8, 'algo_id': 66, 'tile_id': 209, 'stages_id': 35, 'split_k': 1, 'reduction': 0, 'cta_swizzle': 0, 'custom': 4, 'inner_shape': 0, 'cluster_shape': 3, 'workspace_bytes': 4, 'tune_ms': 2.951057195663452, 'waves': 57.0}, {'returned': 8, 'valid': 8, 'algo_id': 66, 'tile_id': 209, 'stages_id': 35, 'split_k': 1, 'reduction': 0, 'cta_swizzle': 0, 'custom': 4, 'inner_shape': 0, 'cluster_shape': 3, 'workspace_bytes': 4, 'tune_ms': 2.8885750770568848, 'waves': 57.0}, {'returned': 8, 'valid': 8, 'algo_id': 66, 'tile_id': 29, 'stages_id': 35, 'split_k': 1, 'reduction': 0, 'cta_swizzle': 0, 'custom': 1, 'inner_shape': 0, 'cluster_shape': 3, 'workspace_bytes': 4, 'tune_ms': 3.076042652130127, 'waves': 99.39393615722656}]",2.091231942176819,262144,128,4096,65536,representative_small,4096,,32,artificial,4.983152151107788,3.2647680044174194,ch32_chunk128_ll16_graph_normal_pb512_pw4,2.090143918991089
single-digit-B median-like O-proj,cuBLASLt+NCCL,2.798080086708069,False,8,2.798080086708069,1.621008038520813,ch24_chunk128_ll16_graph_hp_pb1024_pw4,"[{'returned': 8, 'valid': 8, 'algo_id': 66, 'tile_id': 209, 'stages_id': 35, 'split_k': 1, 'reduction': 0, 'cta_swizzle': 0, 'custom': 6, 'inner_shape': 0, 'cluster_shape': 5, 'workspace_bytes': 4, 'tune_ms': 1.4686965942382812, 'waves': 28.5}, {'returned': 8, 'valid': 8, 'algo_id': 66, 'tile_id': 29, 'stages_id': 35, 'split_k': 1, 'reduction': 0, 'cta_swizzle': 0, 'custom': 1, 'inner_shape': 0, 'cluster_shape': 3, 'workspace_bytes': 4, 'tune_ms': 1.561522126197815, 'waves': 49.69696807861328}, {'returned': 8, 'valid': 8, 'algo_id': 66, 'tile_id': 209, 'stages_id': 35, 'split_k': 1, 'reduction': 0, 'cta_swizzle': 0, 'custom': 6, 'inner_shape': 0, 'cluster_shape': 5, 'workspace_bytes': 4, 'tune_ms': 1.4904512166976929, 'waves': 28.5}, {'returned': 8, 'valid': 8, 'algo_id': 66, 'tile_id': 29, 'stages_id': 35, 'split_k': 1, 'reduction': 0, 'cta_swizzle': 0, 'custom': 1, 'inner_shape': 0, 'cluster_shape': 3, 'workspace_bytes': 4, 'tune_ms': 1.5242047309875488, 'waves': 49.69696807861328}, {'returned': 8, 'valid': 8, 'algo_id': 66, 'tile_id': 209, 'stages_id': 35, 'split_k': 1, 'reduction': 0, 'cta_swizzle': 0, 'custom': 6, 'inner_shape': 0, 'cluster_shape': 5, 'workspace_bytes': 4, 'tune_ms': 1.411644697189331, 'waves': 28.5}, {'returned': 8, 'valid': 8, 'algo_id': 66, 'tile_id': 209, 'stages_id': 35, 'split_k': 1, 'reduction': 0, 'cta_swizzle': 0, 'custom': 6, 'inner_shape': 0, 'cluster_shape': 5, 'workspace_bytes': 4, 'tune_ms': 1.4313663244247437, 'waves': 28.5}, {'returned': 8, 'valid': 8, 'algo_id': 66, 'tile_id': 29, 'stages_id': 35, 'split_k': 1, 'reduction': 0, 'cta_swizzle': 0, 'custom': 1, 'inner_shape': 0, 'cluster_shape': 3, 'workspace_bytes': 4, 'tune_ms': 1.5401599407196045, 'waves': 49.69696807861328}, {'returned': 8, 'valid': 8, 'algo_id': 66, 'tile_id': 209, 'stages_id': 35, 'split_k': 1, 'reduction': 0, 'cta_swizzle': 0, 'custom': 6, 'inner_shape': 0, 'cluster_shape': 5, 'workspace_bytes': 4, 'tune_ms': 1.4241877794265747, 'waves': 28.5}]",1.2703999876976013,262144,128,4096,32768,representative_small,4096,,32,artificial,2.911215901374817,1.666975975036621,ch32_chunk128_ll128_graph_hp_pb256_pw8,1.266160011291504
single-digit-B median-like O-proj,cuBLASLt+NCCL,9.84276819229126,False,4,9.84276819229126,6.212159872055054,ch32_chunk256_ll128_graph_normal_pb128_pw8,"[{'returned': 8, 'valid': 8, 'algo_id': 66, 'tile_id': 29, 'stages_id': 35, 'split_k': 1, 'reduction': 0, 'cta_swizzle': 0, 'custom': 1, 'inner_shape': 0, 'cluster_shape': 3, 'workspace_bytes': 4, 'tune_ms': 6.102578163146973, 'waves': 198.78787231445312}, {'returned': 8, 'valid': 8, 'algo_id': 66, 'tile_id': 29, 'stages_id': 35, 'split_k': 1, 'reduction': 0, 'cta_swizzle': 0, 'custom': 1, 'inner_shape': 0, 'cluster_shape': 3, 'workspace_bytes': 4, 'tune_ms': 6.22294807434082, 'waves': 198.78787231445312}, {'returned': 8, 'valid': 8, 'algo_id': 66, 'tile_id': 29, 'stages_id': 35, 'split_k': 1, 'reduction': 0, 'cta_swizzle': 0, 'custom': 1, 'inner_shape': 0, 'cluster_shape': 3, 'workspace_bytes': 4, 'tune_ms': 6.1761555671691895, 'waves': 198.78787231445312}, {'returned': 8, 'valid': 8, 'algo_id': 66, 'tile_id': 29, 'stages_id': 35, 'split_k': 1, 'reduction': 0, 'cta_swizzle': 0, 'custom': 1, 'inner_shape': 0, 'cluster_shape': 3, 'workspace_bytes': 4, 'tune_ms': 6.248058795928955, 'waves': 198.78787231445312}]",4.124128103256226,524288,128,4096,131072,representative_small,4096,,32,artificial,9.929519653320312,6.462111949920654,ch24_chunk256_ll64_graph_normal_pb1024_pw4,4.1233601570129395
single-digit-B median-like O-proj,cuBLASLt+NCCL,5.510655879974365,False,8,5.510655879974365,3.407952070236206,ch32_chunk128_ll128_graph_normal_pb512_pw4,"[{'returned': 8, 'valid': 8, 'algo_id': 66, 'tile_id': 23, 'stages_id': 35, 'split_k': 1, 'reduction': 0, 'cta_swizzle': 0, 'custom': 4, 'inner_shape': 0, 'cluster_shape': 3, 'workspace_bytes': 4, 'tune_ms': 2.8546345233917236, 'waves': 62.06060791015625}, {'returned': 8, 'valid': 8, 'algo_id': 66, 'tile_id': 29, 'stages_id': 35, 'split_k': 1, 'reduction': 0, 'cta_swizzle': 0, 'custom': 1, 'inner_shape': 0, 'cluster_shape': 3, 'workspace_bytes': 4, 'tune_ms': 3.131176471710205, 'waves': 99.39393615722656}, {'returned': 8, 'valid': 8, 'algo_id': 66, 'tile_id': 23, 'stages_id': 35, 'split_k': 1, 'reduction': 0, 'cta_swizzle': 0, 'custom': 4, 'inner_shape': 0, 'cluster_shape': 3, 'workspace_bytes': 4, 'tune_ms': 2.8244638442993164, 'waves': 62.06060791015625}, {'returned': 8, 'valid': 8, 'algo_id': 66, 'tile_id': 29, 'stages_id': 35, 'split_k': 1, 'reduction': 0, 'cta_swizzle': 0, 'custom': 1, 'inner_shape': 0, 'cluster_shape': 3, 'workspace_bytes': 4, 'tune_ms': 3.0653367042541504, 'waves': 99.39393615722656}, {'returned': 8, 'valid': 8, 'algo_id': 66, 'tile_id': 23, 'stages_id': 35, 'split_k': 1, 'reduction': 0, 'cta_swizzle': 0, 'custom': 4, 'inner_shape': 0, 'cluster_shape': 3, 'workspace_bytes': 4, 'tune_ms': 3.0423903465270996, 'waves': 62.06060791015625}, {'returned': 8, 'valid': 8, 'algo_id': 66, 'tile_id': 209, 'stages_id': 35, 'split_k': 1, 'reduction': 0, 'cta_swizzle': 0, 'custom': 4, 'inner_shape': 0, 'cluster_shape': 3, 'workspace_bytes': 4, 'tune_ms': 3.0185940265655518, 'waves': 57.0}, {'returned': 8, 'valid': 8, 'algo_id': 66, 'tile_id': 29, 'stages_id': 35, 'split_k': 1, 'reduction': 0, 'cta_swizzle': 0, 'custom': 1, 'inner_shape': 0, 'cluster_shape': 3, 'workspace_bytes': 4, 'tune_ms': 3.1001546382904053, 'waves': 99.39393615722656}, {'returned': 8, 'valid': 8, 'algo_id': 66, 'tile_id': 23, 'stages_id': 35, 'split_k': 1, 'reduction': 0, 'cta_swizzle': 0, 'custom': 4, 'inner_shape': 0, 'cluster_shape': 3, 'workspace_bytes': 4, 'tune_ms': 3.0106987953186035, 'waves': 62.06060791015625}]",2.478320002555847,524288,128,4096,65536,representative_small,4096,,32,artificial,5.736287832260132,3.2729439735412598,ch32_chunk128_ll128_graph_normal_pb512_pw8,2.4763519763946533
tens-of-B median-like O-proj,TE+NCCL,0.0631519965827465,False,4,0.06543999910354614,0.028960000723600388,ch32_chunk256_ll16_graph_hp_pb128_pw4,"[{'returned': 8, 'valid': 8, 'algo_id': 66, 'tile_id': 28, 'stages_id': 35, 'split_k': 1, 'reduction': 0, 'cta_swizzle': 0, 'custom': 0, 'inner_shape': 0, 'cluster_shape': 7, 'workspace_bytes': 0, 'tune_ms': 0.024614399299025536, 'waves': 0.8181818127632141}, {'returned': 8, 'valid': 8, 'algo_id': 66, 'tile_id': 28, 'stages_id': 35, 'split_k': 1, 'reduction': 0, 'cta_swizzle': 0, 'custom': 0, 'inner_shape': 0, 'cluster_shape': 7, 'workspace_bytes': 0, 'tune_ms': 0.024501333013176918, 'waves': 0.8181818127632141}, {'returned': 8, 'valid': 8, 'algo_id': 66, 'tile_id': 28, 'stages_id': 35, 'split_k': 1, 'reduction': 0, 'cta_swizzle': 0, 'custom': 0, 'inner_shape': 0, 'cluster_shape': 7, 'workspace_bytes': 0, 'tune_ms': 0.024726400151848793, 'waves': 0.8181818127632141}, {'returned': 8, 'valid': 8, 'algo_id': 66, 'tile_id': 28, 'stages_id': 35, 'split_k': 1, 'reduction': 0, 'cta_swizzle': 0, 'custom': 0, 'inner_shape': 0, 'cluster_shape': 7, 'workspace_bytes': 0, 'tune_ms': 0.02455253340303898, 'waves': 0.8181818127632141}]",0.033952001482248306,1024,128,5120,256,representative_medium,5120,,40,artificial,0.0631519965827465,0.028831999748945236,ch32_chunk256_ll16_graph_hp_pb256_pw8,0.03401600010693073
tens-of-B median-like O-proj,TE+NCCL,0.05939200147986412,False,8,0.06147199869155884,0.02574400044977665,ch24_chunk1024_ll64_graph_hp_pb256_pw4,"[{'returned': 8, 'valid': 8, 'algo_id': 66, 'tile_id': 27, 'stages_id': 35, 'split_k': 1, 'reduction': 0, 'cta_swizzle': 0, 'custom': 0, 'inner_shape': 0, 'cluster_shape': 7, 'workspace_bytes': 0, 'tune_ms': 0.018749866634607315, 'waves': 0.8181818127632141}, {'returned': 8, 'valid': 8, 'algo_id': 66, 'tile_id': 27, 'stages_id': 35, 'split_k': 1, 'reduction': 0, 'cta_swizzle': 0, 'custom': 0, 'inner_shape': 0, 'cluster_shape': 7, 'workspace_bytes': 0, 'tune_ms': 0.020502399653196335, 'waves': 0.8181818127632141}, {'returned': 8, 'valid': 8, 'algo_id': 66, 'tile_id': 27, 'stages_id': 35, 'split_k': 1, 'reduction': 0, 'cta_swizzle': 0, 'custom': 0, 'inner_shape': 0, 'cluster_shape': 7, 'workspace_bytes': 0, 'tune_ms': 0.018553601577878, 'waves': 0.8181818127632141}, {'returned': 8, 'valid': 8, 'algo_id': 66, 'tile_id': 27, 'stages_id': 35, 'split_k': 1, 'reduction': 0, 'cta_swizzle': 0, 'custom': 0, 'inner_shape': 0, 'cluster_shape': 7, 'workspace_bytes': 0, 'tune_ms': 0.02032533288002014, 'waves': 0.8181818127632141}, {'returned': 8, 'valid': 8, 'algo_id': 66, 'tile_id': 27, 'stages_id': 35, 'split_k': 1, 'reduction': 0, 'cta_swizzle': 0, 'custom': 0, 'inner_shape': 0, 'cluster_shape': 7, 'workspace_bytes': 0, 'tune_ms': 0.01889386586844921, 'waves': 0.8181818127632141}, {'returned': 8, 'valid': 8, 'algo_id': 66, 'tile_id': 27, 'stages_id': 35, 'split_k': 1, 'reduction': 0, 'cta_swizzle': 0, 'custom': 0, 'inner_shape': 0, 'cluster_shape': 7, 'workspace_bytes': 0, 'tune_ms': 0.018675200641155243, 'waves': 0.8181818127632141}, {'returned': 8, 'valid': 8, 'algo_id': 66, 'tile_id': 27, 'stages_id': 35, 'split_k': 1, 'reduction': 0, 'cta_swizzle': 0, 'custom': 0, 'inner_shape': 0, 'cluster_shape': 7, 'workspace_bytes': 0, 'tune_ms': 0.020366933196783066, 'waves': 0.8181818127632141}, {'returned': 8, 'valid': 8, 'algo_id': 66, 'tile_id': 27, 'stages_id': 35, 'split_k': 1, 'reduction': 0, 'cta_swizzle': 0, 'custom': 0, 'inner_shape': 0, 'cluster_shape': 7, 'workspace_bytes': 0, 'tune_ms': 0.018513066694140434, 'waves': 0.8181818127632141}]",0.03393600136041641,1024,128,5120,128,representative_medium,5120,,40,artificial,0.05939200147986412,0.026095999404788017,ch24_chunk1024_ll64_graph_hp_pb128_pw8,0.03377600014209747
tens-of-B median-like O-proj,cuBLASLt+NCCL,0.1446560025215149,False,4,0.1446560025215149,0.07542400062084198,ch32_chunk128_ll64_graph_hp_pb128_pw4,"[{'returned': 8, 'valid': 8, 'algo_id': 66, 'tile_id': 248, 'stages_id': 35, 'split_k': 1, 'reduction': 0, 'cta_swizzle': 0, 'custom': 7, 'inner_shape': 0, 'cluster_shape': 5, 'workspace_bytes': 0, 'tune_ms': 0.06885120272636414, 'waves': 0.9696969985961914}, {'returned': 8, 'valid': 8, 'algo_id': 66, 'tile_id': 248, 'stages_id': 35, 'split_k': 1, 'reduction': 0, 'cta_swizzle': 0, 'custom': 7, 'inner_shape': 0, 'cluster_shape': 5, 'workspace_bytes': 0, 'tune_ms': 0.07035626471042633, 'waves': 0.9696969985961914}, {'returned': 8, 'valid': 8, 'algo_id': 66, 'tile_id': 248, 'stages_id': 35, 'split_k': 1, 'reduction': 0, 'cta_swizzle': 0, 'custom': 7, 'inner_shape': 0, 'cluster_shape': 5, 'workspace_bytes': 0, 'tune_ms': 0.06910080462694168, 'waves': 0.9696969985961914}, {'returned': 8, 'valid': 8, 'algo_id': 66, 'tile_id': 248, 'stages_id': 35, 'split_k': 1, 'reduction': 0, 'cta_swizzle': 0, 'custom': 7, 'inner_shape': 0, 'cluster_shape': 5, 'workspace_bytes': 0, 'tune_ms': 0.06987626850605011, 'waves': 0.9696969985961914}]",0.07119999825954437,4096,128,5120,1024,representative_medium,5120,,40,artificial,0.1650400012731552,0.07544000074267387,ch24_chunk1024_ll16_graph_hp_pb128_pw8,0.07075200229883194
tens-of-B median-like O-proj,cuBLASLt+NCCL,0.10496000200510025,False,8,0.10496000200510025,0.05230399966239929,ch24_chunk256_ll16_graph_hp_pb128_pw4,"[{'returned': 8, 'valid': 8, 'algo_id': 66, 'tile_id': 197, 'stages_id': 35, 'split_k': 1, 'reduction': 0, 'cta_swizzle': 0, 'custom': 2, 'inner_shape': 0, 'cluster_shape': 5, 'workspace_bytes': 0, 'tune_ms': 0.03854293376207352, 'waves': 0.939393937587738}, {'returned': 8, 'valid': 8, 'algo_id': 66, 'tile_id': 135, 'stages_id': 35, 'split_k': 1, 'reduction': 0, 'cta_swizzle': 0, 'custom': 0, 'inner_shape': 0, 'cluster_shape': 3, 'workspace_bytes': 0, 'tune_ms': 0.045396268367767334, 'waves': 1.9393939971923828}, {'returned': 8, 'valid': 8, 'algo_id': 66, 'tile_id': 197, 'stages_id': 35, 'split_k': 1, 'reduction': 0, 'cta_swizzle': 0, 'custom': 2, 'inner_shape': 0, 'cluster_shape': 5, 'workspace_bytes': 0, 'tune_ms': 0.039234135299921036, 'waves': 0.939393937587738}, {'returned': 8, 'valid': 8, 'algo_id': 66, 'tile_id': 135, 'stages_id': 35, 'split_k': 1, 'reduction': 0, 'cta_swizzle': 0, 'custom': 0, 'inner_shape': 0, 'cluster_shape': 3, 'workspace_bytes': 0, 'tune_ms': 0.0461813323199749, 'waves': 1.9393939971923828}, {'returned': 8, 'valid': 8, 'algo_id': 66, 'tile_id': 197, 'stages_id': 35, 'split_k': 1, 'reduction': 0, 'cta_swizzle': 0, 'custom': 2, 'inner_shape': 0, 'cluster_shape': 5, 'workspace_bytes': 0, 'tune_ms': 0.038753069937229156, 'waves': 0.939393937587738}, {'returned': 8, 'valid': 8, 'algo_id': 66, 'tile_id': 197, 'stages_id': 35, 'split_k': 1, 'reduction': 0, 'cta_swizzle': 0, 'custom': 2, 'inner_shape': 0, 'cluster_shape': 5, 'workspace_bytes': 0, 'tune_ms': 0.03896959871053696, 'waves': 0.939393937587738}, {'returned': 8, 'valid': 8, 'algo_id': 66, 'tile_id': 135, 'stages_id': 35, 'split_k': 1, 'reduction': 0, 'cta_swizzle': 0, 'custom': 0, 'inner_shape': 0, 'cluster_shape': 3, 'workspace_bytes': 0, 'tune_ms': 0.045794133096933365, 'waves': 1.9393939971923828}, {'returned': 8, 'valid': 8, 'algo_id': 66, 'tile_id': 197, 'stages_id': 35, 'split_k': 1, 'reduction': 0, 'cta_swizzle': 0, 'custom': 2, 'inner_shape': 0, 'cluster_shape': 5, 'workspace_bytes': 0, 'tune_ms': 0.03894079849123955, 'waves': 0.939393937587738}]",0.0533440001308918,4096,128,5120,512,representative_medium,5120,,40,artificial,0.10811199992895126,0.05422399938106537,ch24_chunk256_ll16_graph_hp_pb128_pw4,0.0533440001308918
tens-of-B median-like O-proj,TE+NCCL,0.47382399439811707,False,4,0.47417600452899933,0.30982400476932526,ch32_chunk128_ll64_graph_normal_pb512_pw8,"[{'returned': 8, 'valid': 8, 'algo_id': 66, 'tile_id': 24, 'stages_id': 35, 'split_k': 1, 'reduction': 0, 'cta_swizzle': 0, 'custom': 7, 'inner_shape': 0, 'cluster_shape': 5, 'workspace_bytes': 4, 'tune_ms': 0.26983681321144104, 'waves': 4.848484992980957}, {'returned': 8, 'valid': 8, 'algo_id': 66, 'tile_id': 24, 'stages_id': 35, 'split_k': 1, 'reduction': 0, 'cta_swizzle': 0, 'custom': 7, 'inner_shape': 0, 'cluster_shape': 5, 'workspace_bytes': 4, 'tune_ms': 0.2761269211769104, 'waves': 4.848484992980957}, {'returned': 8, 'valid': 8, 'algo_id': 66, 'tile_id': 24, 'stages_id': 35, 'split_k': 1, 'reduction': 0, 'cta_swizzle': 0, 'custom': 7, 'inner_shape': 0, 'cluster_shape': 5, 'workspace_bytes': 4, 'tune_ms': 0.27136319875717163, 'waves': 4.848484992980957}, {'returned': 8, 'valid': 8, 'algo_id': 66, 'tile_id': 24, 'stages_id': 35, 'split_k': 1, 'reduction': 0, 'cta_swizzle': 0, 'custom': 7, 'inner_shape': 0, 'cluster_shape': 5, 'workspace_bytes': 4, 'tune_ms': 0.2754250466823578, 'waves': 4.848484992980957}]",0.20364800095558167,16384,128,5120,4096,representative_medium,5120,,40,artificial,0.47382399439811707,0.28067199885845184,ch24_chunk128_ll64_graph_normal_pb256_pw4,0.2006400004029274
tens-of-B median-like O-proj,cuBLASLt+NCCL,0.3032799959182739,False,8,0.3032799959182739,0.18305599689483643,ch32_chunk128_ll64_graph_hp_pb1024_pw8,"[{'returned': 8, 'valid': 8, 'algo_id': 66, 'tile_id': 248, 'stages_id': 35, 'split_k': 1, 'reduction': 0, 'cta_swizzle': 0, 'custom': 7, 'inner_shape': 0, 'cluster_shape': 5, 'workspace_bytes': 0, 'tune_ms': 0.13505493104457855, 'waves': 1.9393939971923828}, {'returned': 8, 'valid': 8, 'algo_id': 66, 'tile_id': 29, 'stages_id': 35, 'split_k': 1, 'reduction': 0, 'cta_swizzle': 0, 'custom': 1, 'inner_shape': 0, 'cluster_shape': 3, 'workspace_bytes': 4, 'tune_ms': 0.1593535989522934, 'waves': 3.939393997192383}, {'returned': 8, 'valid': 8, 'algo_id': 66, 'tile_id': 248, 'stages_id': 35, 'split_k': 1, 'reduction': 0, 'cta_swizzle': 0, 'custom': 7, 'inner_shape': 0, 'cluster_shape': 5, 'workspace_bytes': 0, 'tune_ms': 0.1380501240491867, 'waves': 1.9393939971923828}, {'returned': 8, 'valid': 8, 'algo_id': 66, 'tile_id': 20, 'stages_id': 35, 'split_k': 1, 'reduction': 0, 'cta_swizzle': 0, 'custom': 1, 'inner_shape': 0, 'cluster_shape': 3, 'workspace_bytes': 4, 'tune_ms': 0.16072212159633636, 'waves': 4.848484992980957}, {'returned': 8, 'valid': 8, 'algo_id': 66, 'tile_id': 248, 'stages_id': 35, 'split_k': 1, 'reduction': 0, 'cta_swizzle': 0, 'custom': 7, 'inner_shape': 0, 'cluster_shape': 5, 'workspace_bytes': 0, 'tune_ms': 0.13612373173236847, 'waves': 1.9393939971923828}, {'returned': 8, 'valid': 8, 'algo_id': 66, 'tile_id': 248, 'stages_id': 35, 'split_k': 1, 'reduction': 0, 'cta_swizzle': 0, 'custom': 7, 'inner_shape': 0, 'cluster_shape': 5, 'workspace_bytes': 0, 'tune_ms': 0.13743358850479126, 'waves': 1.9393939971923828}, {'returned': 8, 'valid': 8, 'algo_id': 66, 'tile_id': 29, 'stages_id': 35, 'split_k': 1, 'reduction': 0, 'cta_swizzle': 0, 'custom': 1, 'inner_shape': 0, 'cluster_shape': 3, 'workspace_bytes': 4, 'tune_ms': 0.15976640582084656, 'waves': 3.939393997192383}, {'returned': 8, 'valid': 8, 'algo_id': 66, 'tile_id': 248, 'stages_id': 35, 'split_k': 1, 'reduction': 0, 'cta_swizzle': 0, 'custom': 7, 'inner_shape': 0, 'cluster_shape': 5, 'workspace_bytes': 0, 'tune_ms': 0.13677333295345306, 'waves': 1.9393939971923828}]",0.13227199763059616,16384,128,5120,2048,representative_medium,5120,,40,artificial,0.3056640028953552,0.18240000307559967,ch32_chunk128_ll64_graph_hp_pb256_pw4,0.13222399353981018
tens-of-B median-like O-proj,cuBLASLt+NCCL,3.513327956199646,False,4,3.513327956199646,2.5143359899520874,ch24_chunk128_ll64_graph_normal_pb256_pw4,"[{'returned': 8, 'valid': 8, 'algo_id': 66, 'tile_id': 24, 'stages_id': 35, 'split_k': 1, 'reduction': 0, 'cta_swizzle': 0, 'custom': 7, 'inner_shape': 0, 'cluster_shape': 5, 'workspace_bytes': 4, 'tune_ms': 2.172508716583252, 'waves': 38.787879943847656}, {'returned': 8, 'valid': 8, 'algo_id': 66, 'tile_id': 24, 'stages_id': 35, 'split_k': 1, 'reduction': 0, 'cta_swizzle': 0, 'custom': 7, 'inner_shape': 0, 'cluster_shape': 5, 'workspace_bytes': 4, 'tune_ms': 2.245525360107422, 'waves': 38.787879943847656}, {'returned': 8, 'valid': 8, 'algo_id': 66, 'tile_id': 24, 'stages_id': 35, 'split_k': 1, 'reduction': 0, 'cta_swizzle': 0, 'custom': 7, 'inner_shape': 0, 'cluster_shape': 5, 'workspace_bytes': 4, 'tune_ms': 2.1276779174804688, 'waves': 38.787879943847656}, {'returned': 8, 'valid': 8, 'algo_id': 66, 'tile_id': 24, 'stages_id': 35, 'split_k': 1, 'reduction': 0, 'cta_swizzle': 0, 'custom': 7, 'inner_shape': 0, 'cluster_shape': 5, 'workspace_bytes': 4, 'tune_ms': 2.276698589324951, 'waves': 38.787879943847656}]",1.3283520340919495,131072,128,5120,32768,representative_medium,5120,,40,artificial,3.515712022781372,2.4662879705429077,ch24_chunk128_ll64_graph_normal_pb1024_pw4,1.3381440043449402
tens-of-B median-like O-proj,cuBLASLt+NCCL,2.0636640787124634,False,8,2.0636640787124634,1.3013439774513245,ch32_chunk128_ll16_graph_normal_pb1024_pw4,"[{'returned': 8, 'valid': 8, 'algo_id': 66, 'tile_id': 248, 'stages_id': 35, 'split_k': 1, 'reduction': 0, 'cta_swizzle': 0, 'custom': 7, 'inner_shape': 0, 'cluster_shape': 5, 'workspace_bytes': 4, 'tune_ms': 1.1041216850280762, 'waves': 15.515151977539062}, {'returned': 8, 'valid': 8, 'algo_id': 66, 'tile_id': 495, 'stages_id': 35, 'split_k': 1, 'reduction': 0, 'cta_swizzle': 0, 'custom': 5, 'inner_shape': 0, 'cluster_shape': 3, 'workspace_bytes': 4, 'tune_ms': 1.2448810338974, 'waves': 25.909090042114258}, {'returned': 8, 'valid': 8, 'algo_id': 66, 'tile_id': 248, 'stages_id': 35, 'split_k': 1, 'reduction': 0, 'cta_swizzle': 0, 'custom': 7, 'inner_shape': 0, 'cluster_shape': 5, 'workspace_bytes': 4, 'tune_ms': 1.1299861669540405, 'waves': 15.515151977539062}, {'returned': 8, 'valid': 8, 'algo_id': 66, 'tile_id': 495, 'stages_id': 35, 'split_k': 1, 'reduction': 0, 'cta_swizzle': 0, 'custom': 5, 'inner_shape': 0, 'cluster_shape': 3, 'workspace_bytes': 4, 'tune_ms': 1.2249525785446167, 'waves': 25.909090042114258}, {'returned': 8, 'valid': 8, 'algo_id': 66, 'tile_id': 248, 'stages_id': 35, 'split_k': 1, 'reduction': 0, 'cta_swizzle': 0, 'custom': 7, 'inner_shape': 0, 'cluster_shape': 5, 'workspace_bytes': 4, 'tune_ms': 1.112003207206726, 'waves': 15.515151977539062}, {'returned': 8, 'valid': 8, 'algo_id': 66, 'tile_id': 248, 'stages_id': 35, 'split_k': 1, 'reduction': 0, 'cta_swizzle': 0, 'custom': 7, 'inner_shape': 0, 'cluster_shape': 5, 'workspace_bytes': 4, 'tune_ms': 1.0981152057647705, 'waves': 15.515151977539062}, {'returned': 8, 'valid': 8, 'algo_id': 66, 'tile_id': 495, 'stages_id': 35, 'split_k': 1, 'reduction': 0, 'cta_swizzle': 0, 'custom': 5, 'inner_shape': 0, 'cluster_shape': 3, 'workspace_bytes': 4, 'tune_ms': 1.2236617803573608, 'waves': 25.909090042114258}, {'returned': 8, 'valid': 8, 'algo_id': 66, 'tile_id': 248, 'stages_id': 35, 'split_k': 1, 'reduction': 0, 'cta_swizzle': 0, 'custom': 7, 'inner_shape': 0, 'cluster_shape': 5, 'workspace_bytes': 4, 'tune_ms': 1.1131082773208618, 'waves': 15.515151977539062}]",0.8154720067977905,131072,128,5120,16384,representative_medium,5120,,40,artificial,2.084976077079773,1.2917439937591553,ch32_chunk128_ll128_graph_normal_pb128_pw8,0.8165600001811981
tens-of-B median-like O-proj,TE+NCCL,7.103776216506958,False,4,7.637648105621338,5.047343969345093,ch24_chunk128_ll16_graph_hp_pb256_pw8,"[{'returned': 8, 'valid': 8, 'algo_id': 66, 'tile_id': 209, 'stages_id': 35, 'split_k': 1, 'reduction': 0, 'cta_swizzle': 0, 'custom': 6, 'inner_shape': 0, 'cluster_shape': 5, 'workspace_bytes': 4, 'tune_ms': 4.667652606964111, 'waves': 69.95454406738281}, {'returned': 8, 'valid': 8, 'algo_id': 66, 'tile_id': 209, 'stages_id': 35, 'split_k': 1, 'reduction': 0, 'cta_swizzle': 0, 'custom': 6, 'inner_shape': 0, 'cluster_shape': 5, 'workspace_bytes': 4, 'tune_ms': 4.780785083770752, 'waves': 69.95454406738281}, {'returned': 8, 'valid': 8, 'algo_id': 66, 'tile_id': 23, 'stages_id': 35, 'split_k': 1, 'reduction': 0, 'cta_swizzle': 0, 'custom': 4, 'inner_shape': 0, 'cluster_shape': 3, 'workspace_bytes': 4, 'tune_ms': 4.614275932312012, 'waves': 77.57575988769531}, {'returned': 8, 'valid': 8, 'algo_id': 66, 'tile_id': 209, 'stages_id': 35, 'split_k': 1, 'reduction': 0, 'cta_swizzle': 0, 'custom': 6, 'inner_shape': 0, 'cluster_shape': 5, 'workspace_bytes': 4, 'tune_ms': 4.660524845123291, 'waves': 69.95454406738281}]",2.602400064468384,262144,128,5120,65536,representative_medium,5120,,40,artificial,7.103776216506958,4.987936019897461,ch24_chunk128_ll16_graph_hp_pb512_pw4,2.607487916946411
tens-of-B median-like O-proj,cuBLASLt+NCCL,3.955567955970764,False,8,3.955567955970764,2.44758403301239,ch24_chunk128_ll128_graph_hp_pb128_pw4,"[{'returned': 8, 'valid': 8, 'algo_id': 66, 'tile_id': 24, 'stages_id': 35, 'split_k': 1, 'reduction': 0, 'cta_swizzle': 0, 'custom': 7, 'inner_shape': 0, 'cluster_shape': 5, 'workspace_bytes': 4, 'tune_ms': 2.2748916149139404, 'waves': 38.787879943847656}, {'returned': 8, 'valid': 8, 'algo_id': 66, 'tile_id': 29, 'stages_id': 35, 'split_k': 1, 'reduction': 0, 'cta_swizzle': 0, 'custom': 1, 'inner_shape': 0, 'cluster_shape': 3, 'workspace_bytes': 4, 'tune_ms': 2.4179775714874268, 'waves': 62.121212005615234}, {'returned': 8, 'valid': 8, 'algo_id': 66, 'tile_id': 24, 'stages_id': 35, 'split_k': 1, 'reduction': 0, 'cta_swizzle': 0, 'custom': 7, 'inner_shape': 0, 'cluster_shape': 5, 'workspace_bytes': 4, 'tune_ms': 2.135155200958252, 'waves': 38.787879943847656}, {'returned': 8, 'valid': 8, 'algo_id': 66, 'tile_id': 29, 'stages_id': 35, 'split_k': 1, 'reduction': 0, 'cta_swizzle': 0, 'custom': 1, 'inner_shape': 0, 'cluster_shape': 3, 'workspace_bytes': 4, 'tune_ms': 2.3876702785491943, 'waves': 62.121212005615234}, {'returned': 8, 'valid': 8, 'algo_id': 66, 'tile_id': 24, 'stages_id': 35, 'split_k': 1, 'reduction': 0, 'cta_swizzle': 0, 'custom': 7, 'inner_shape': 0, 'cluster_shape': 5, 'workspace_bytes': 4, 'tune_ms': 2.2627511024475098, 'waves': 38.787879943847656}, {'returned': 8, 'valid': 8, 'algo_id': 66, 'tile_id': 24, 'stages_id': 35, 'split_k': 1, 'reduction': 0, 'cta_swizzle': 0, 'custom': 7, 'inner_shape': 0, 'cluster_shape': 5, 'workspace_bytes': 4, 'tune_ms': 2.1813738346099854, 'waves': 38.787879943847656}, {'returned': 8, 'valid': 8, 'algo_id': 66, 'tile_id': 29, 'stages_id': 35, 'split_k': 1, 'reduction': 0, 'cta_swizzle': 0, 'custom': 1, 'inner_shape': 0, 'cluster_shape': 3, 'workspace_bytes': 4, 'tune_ms': 2.3955488204956055, 'waves': 62.121212005615234}, {'returned': 8, 'valid': 8, 'algo_id': 66, 'tile_id': 24, 'stages_id': 35, 'split_k': 1, 'reduction': 0, 'cta_swizzle': 0, 'custom': 7, 'inner_shape': 0, 'cluster_shape': 5, 'workspace_bytes': 4, 'tune_ms': 2.2895028591156006, 'waves': 38.787879943847656}]",1.5723199844360352,262144,128,5120,32768,representative_medium,5120,,40,artificial,4.007264137268066,2.4734880924224854,ch24_chunk128_ll64_graph_hp_pb256_pw4,1.5712000131607056
tens-of-B median-like O-proj,TE+NCCL,14.507599830627441,False,4,14.732896327972412,10.26848030090332,ch24_chunk512_ll128_graph_hp_pb1024_pw4,"[{'returned': 8, 'valid': 8, 'algo_id': 66, 'tile_id': 248, 'stages_id': 35, 'split_k': 1, 'reduction': 0, 'cta_swizzle': 0, 'custom': 7, 'inner_shape': 0, 'cluster_shape': 5, 'workspace_bytes': 4, 'tune_ms': 9.622442245483398, 'waves': 124.1212158203125}, {'returned': 8, 'valid': 8, 'algo_id': 66, 'tile_id': 248, 'stages_id': 35, 'split_k': 1, 'reduction': 0, 'cta_swizzle': 0, 'custom': 7, 'inner_shape': 0, 'cluster_shape': 5, 'workspace_bytes': 4, 'tune_ms': 9.700326919555664, 'waves': 124.1212158203125}, {'returned': 8, 'valid': 8, 'algo_id': 66, 'tile_id': 248, 'stages_id': 35, 'split_k': 1, 'reduction': 0, 'cta_swizzle': 0, 'custom': 7, 'inner_shape': 0, 'cluster_shape': 5, 'workspace_bytes': 4, 'tune_ms': 9.822432518005371, 'waves': 124.1212158203125}, {'returned': 8, 'valid': 8, 'algo_id': 66, 'tile_id': 248, 'stages_id': 35, 'split_k': 1, 'reduction': 0, 'cta_swizzle': 0, 'custom': 7, 'inner_shape': 0, 'cluster_shape': 5, 'workspace_bytes': 4, 'tune_ms': 9.949861526489258, 'waves': 124.1212158203125}]",5.140047788619995,524288,128,5120,131072,representative_medium,5120,,40,artificial,14.507599830627441,10.026112079620361,ch24_chunk512_ll128_graph_hp_pb1024_pw8,5.139616012573242
tens-of-B median-like O-proj,cuBLASLt+NCCL,7.929935932159424,False,8,7.929935932159424,5.088672161102295,ch24_chunk128_ll128_graph_normal_pb256_pw4,"[{'returned': 8, 'valid': 8, 'algo_id': 66, 'tile_id': 29, 'stages_id': 35, 'split_k': 1, 'reduction': 0, 'cta_swizzle': 0, 'custom': 1, 'inner_shape': 0, 'cluster_shape': 3, 'workspace_bytes': 4, 'tune_ms': 4.779627323150635, 'waves': 124.24242401123047}, {'returned': 8, 'valid': 8, 'algo_id': 66, 'tile_id': 24, 'stages_id': 35, 'split_k': 1, 'reduction': 0, 'cta_swizzle': 0, 'custom': 7, 'inner_shape': 0, 'cluster_shape': 5, 'workspace_bytes': 4, 'tune_ms': 4.8965864181518555, 'waves': 77.57575988769531}, {'returned': 8, 'valid': 8, 'algo_id': 66, 'tile_id': 29, 'stages_id': 35, 'split_k': 1, 'reduction': 0, 'cta_swizzle': 0, 'custom': 1, 'inner_shape': 0, 'cluster_shape': 3, 'workspace_bytes': 4, 'tune_ms': 4.871108531951904, 'waves': 124.24242401123047}, {'returned': 8, 'valid': 8, 'algo_id': 66, 'tile_id': 24, 'stages_id': 35, 'split_k': 1, 'reduction': 0, 'cta_swizzle': 0, 'custom': 7, 'inner_shape': 0, 'cluster_shape': 5, 'workspace_bytes': 4, 'tune_ms': 4.850554943084717, 'waves': 77.57575988769531}, {'returned': 8, 'valid': 8, 'algo_id': 66, 'tile_id': 209, 'stages_id': 35, 'split_k': 1, 'reduction': 0, 'cta_swizzle': 0, 'custom': 6, 'inner_shape': 0, 'cluster_shape': 5, 'workspace_bytes': 4, 'tune_ms': 4.821963310241699, 'waves': 69.95454406738281}, {'returned': 8, 'valid': 8, 'algo_id': 66, 'tile_id': 29, 'stages_id': 35, 'split_k': 1, 'reduction': 0, 'cta_swizzle': 0, 'custom': 1, 'inner_shape': 0, 'cluster_shape': 3, 'workspace_bytes': 4, 'tune_ms': 4.89919376373291, 'waves': 124.24242401123047}, {'returned': 8, 'valid': 8, 'algo_id': 66, 'tile_id': 29, 'stages_id': 35, 'split_k': 1, 'reduction': 0, 'cta_swizzle': 0, 'custom': 1, 'inner_shape': 0, 'cluster_shape': 3, 'workspace_bytes': 4, 'tune_ms': 4.8229780197143555, 'waves': 124.24242401123047}, {'returned': 8, 'valid': 8, 'algo_id': 66, 'tile_id': 209, 'stages_id': 35, 'split_k': 1, 'reduction': 0, 'cta_swizzle': 0, 'custom': 6, 'inner_shape': 0, 'cluster_shape': 5, 'workspace_bytes': 4, 'tune_ms': 4.770751953125, 'waves': 69.95454406738281}]",3.046671986579895,524288,128,5120,65536,representative_medium,5120,,40,artificial,7.996272087097168,5.027199983596802,ch24_chunk128_ll128_graph_normal_pb512_pw4,3.049072027206421
wide-K stress shape; not one specific GQA checkpoint,TE+NCCL,0.15958400070667267,False,4,0.16020800173282623,0.1000640019774437,ch32_chunk1024_ll16_graph_hp_pb256_pw4,"[{'returned': 8, 'valid': 8, 'algo_id': 66, 'tile_id': 20, 'stages_id': 35, 'split_k': 1, 'reduction': 0, 'cta_swizzle': 0, 'custom': 1, 'inner_shape': 0, 'cluster_shape': 7, 'workspace_bytes': 0, 'tune_ms': 0.08876586705446243, 'waves': 0.8484848737716675}, {'returned': 8, 'valid': 8, 'algo_id': 66, 'tile_id': 20, 'stages_id': 35, 'split_k': 1, 'reduction': 0, 'cta_swizzle': 0, 'custom': 1, 'inner_shape': 0, 'cluster_shape': 7, 'workspace_bytes': 0, 'tune_ms': 0.09092160314321518, 'waves': 0.8484848737716675}, {'returned': 8, 'valid': 8, 'algo_id': 66, 'tile_id': 165, 'stages_id': 35, 'split_k': 1, 'reduction': 0, 'cta_swizzle': 0, 'custom': 0, 'inner_shape': 0, 'cluster_shape': 3, 'workspace_bytes': 0, 'tune_ms': 0.0872117355465889, 'waves': 0.9696969985961914}, {'returned': 8, 'valid': 8, 'algo_id': 66, 'tile_id': 165, 'stages_id': 35, 'split_k': 1, 'reduction': 0, 'cta_swizzle': 0, 'custom': 0, 'inner_shape': 0, 'cluster_shape': 3, 'workspace_bytes': 0, 'tune_ms': 0.08844160288572311, 'waves': 0.9696969985961914}]",0.060736000537872314,1024,128,16384,256,representative_large,7168,,128,artificial,0.15958400070667267,0.10655999928712845,ch32_chunk1024_ll16_graph_hp_pb256_pw4,0.060736000537872314
wide-K stress shape; not one specific GQA checkpoint,cuBLASLt+NCCL,0.1409440040588379,False,8,0.1409440040588379,0.08353600278496742,ch16_chunk512_ll16_graph_hp_pb128_pw8,"[{'returned': 8, 'valid': 8, 'algo_id': 66, 'tile_id': 18, 'stages_id': 35, 'split_k': 1, 'reduction': 0, 'cta_swizzle': 0, 'custom': 1, 'inner_shape': 0, 'cluster_shape': 7, 'workspace_bytes': 0, 'tune_ms': 0.06436587125062943, 'waves': 0.8484848737716675}, {'returned': 8, 'valid': 8, 'algo_id': 66, 'tile_id': 18, 'stages_id': 35, 'split_k': 1, 'reduction': 0, 'cta_swizzle': 0, 'custom': 1, 'inner_shape': 0, 'cluster_shape': 7, 'workspace_bytes': 0, 'tune_ms': 0.06671786308288574, 'waves': 0.8484848737716675}, {'returned': 8, 'valid': 8, 'algo_id': 66, 'tile_id': 18, 'stages_id': 35, 'split_k': 1, 'reduction': 0, 'cta_swizzle': 0, 'custom': 1, 'inner_shape': 0, 'cluster_shape': 7, 'workspace_bytes': 0, 'tune_ms': 0.06444373726844788, 'waves': 0.8484848737716675}, {'returned': 8, 'valid': 8, 'algo_id': 66, 'tile_id': 18, 'stages_id': 35, 'split_k': 1, 'reduction': 0, 'cta_swizzle': 0, 'custom': 1, 'inner_shape': 0, 'cluster_shape': 7, 'workspace_bytes': 0, 'tune_ms': 0.06687359511852264, 'waves': 0.8484848737716675}, {'returned': 8, 'valid': 8, 'algo_id': 66, 'tile_id': 18, 'stages_id': 35, 'split_k': 1, 'reduction': 0, 'cta_swizzle': 0, 'custom': 1, 'inner_shape': 0, 'cluster_shape': 7, 'workspace_bytes': 0, 'tune_ms': 0.06478399783372879, 'waves': 0.8484848737716675}, {'returned': 8, 'valid': 8, 'algo_id': 66, 'tile_id': 18, 'stages_id': 35, 'split_k': 1, 'reduction': 0, 'cta_swizzle': 0, 'custom': 1, 'inner_shape': 0, 'cluster_shape': 7, 'workspace_bytes': 0, 'tune_ms': 0.06432852894067764, 'waves': 0.8484848737716675}, {'returned': 8, 'valid': 8, 'algo_id': 66, 'tile_id': 18, 'stages_id': 35, 'split_k': 1, 'reduction': 0, 'cta_swizzle': 0, 'custom': 1, 'inner_shape': 0, 'cluster_shape': 7, 'workspace_bytes': 0, 'tune_ms': 0.06712640076875687, 'waves': 0.8484848737716675}, {'returned': 8, 'valid': 8, 'algo_id': 66, 'tile_id': 18, 'stages_id': 35, 'split_k': 1, 'reduction': 0, 'cta_swizzle': 0, 'custom': 1, 'inner_shape': 0, 'cluster_shape': 7, 'workspace_bytes': 0, 'tune_ms': 0.06435626745223999, 'waves': 0.8484848737716675}]",0.053408000618219376,1024,128,16384,128,representative_large,7168,,128,artificial,0.14745600521564484,0.09328000247478485,ch16_chunk512_ll16_graph_hp_pb128_pw4,0.05286400020122528
wide-K stress shape; not one specific GQA checkpoint,cuBLASLt+NCCL,0.48238399624824524,False,4,0.48238399624824524,0.32945600152015686,ch24_chunk128_ll16_graph_hp_pb512_pw4,"[{'returned': 8, 'valid': 8, 'algo_id': 66, 'tile_id': 165, 'stages_id': 35, 'split_k': 1, 'reduction': 0, 'cta_swizzle': 0, 'custom': 0, 'inner_shape': 0, 'cluster_shape': 3, 'workspace_bytes': 4, 'tune_ms': 0.31326186656951904, 'waves': 3.8787879943847656}, {'returned': 8, 'valid': 8, 'algo_id': 66, 'tile_id': 165, 'stages_id': 35, 'split_k': 1, 'reduction': 0, 'cta_swizzle': 0, 'custom': 0, 'inner_shape': 0, 'cluster_shape': 3, 'workspace_bytes': 4, 'tune_ms': 0.3199189305305481, 'waves': 3.8787879943847656}, {'returned': 8, 'valid': 8, 'algo_id': 66, 'tile_id': 165, 'stages_id': 35, 'split_k': 1, 'reduction': 0, 'cta_swizzle': 0, 'custom': 0, 'inner_shape': 0, 'cluster_shape': 3, 'workspace_bytes': 4, 'tune_ms': 0.31610986590385437, 'waves': 3.8787879943847656}, {'returned': 8, 'valid': 8, 'algo_id': 66, 'tile_id': 165, 'stages_id': 35, 'split_k': 1, 'reduction': 0, 'cta_swizzle': 0, 'custom': 0, 'inner_shape': 0, 'cluster_shape': 3, 'workspace_bytes': 4, 'tune_ms': 0.3231338858604431, 'waves': 3.8787879943847656}]",0.16764800250530243,4096,128,16384,1024,representative_large,7168,,128,artificial,0.5031999945640564,0.33881600201129913,ch24_chunk128_ll16_graph_hp_pb512_pw4,0.16764800250530243
wide-K stress shape; not one specific GQA checkpoint,cuBLASLt+NCCL,0.30931200087070465,False,8,0.30931200087070465,0.20665600150823593,ch24_chunk128_ll16_graph_normal_pb1024_pw4,"[{'returned': 8, 'valid': 8, 'algo_id': 66, 'tile_id': 165, 'stages_id': 35, 'split_k': 1, 'reduction': 0, 'cta_swizzle': 0, 'custom': 0, 'inner_shape': 0, 'cluster_shape': 3, 'workspace_bytes': 0, 'tune_ms': 0.1596672087907791, 'waves': 1.9393939971923828}, {'returned': 8, 'valid': 8, 'algo_id': 66, 'tile_id': 165, 'stages_id': 35, 'split_k': 1, 'reduction': 0, 'cta_swizzle': 0, 'custom': 0, 'inner_shape': 0, 'cluster_shape': 3, 'workspace_bytes': 0, 'tune_ms': 0.17741866409778595, 'waves': 1.9393939971923828}, {'returned': 8, 'valid': 8, 'algo_id': 66, 'tile_id': 165, 'stages_id': 35, 'split_k': 1, 'reduction': 0, 'cta_swizzle': 0, 'custom': 0, 'inner_shape': 0, 'cluster_shape': 3, 'workspace_bytes': 0, 'tune_ms': 0.16521599888801575, 'waves': 1.9393939971923828}, {'returned': 8, 'valid': 8, 'algo_id': 66, 'tile_id': 165, 'stages_id': 35, 'split_k': 1, 'reduction': 0, 'cta_swizzle': 0, 'custom': 0, 'inner_shape': 0, 'cluster_shape': 3, 'workspace_bytes': 0, 'tune_ms': 0.1785845309495926, 'waves': 1.9393939971923828}, {'returned': 8, 'valid': 8, 'algo_id': 66, 'tile_id': 165, 'stages_id': 35, 'split_k': 1, 'reduction': 0, 'cta_swizzle': 0, 'custom': 0, 'inner_shape': 0, 'cluster_shape': 3, 'workspace_bytes': 0, 'tune_ms': 0.16153067350387573, 'waves': 1.9393939971923828}, {'returned': 8, 'valid': 8, 'algo_id': 66, 'tile_id': 165, 'stages_id': 35, 'split_k': 1, 'reduction': 0, 'cta_swizzle': 0, 'custom': 0, 'inner_shape': 0, 'cluster_shape': 3, 'workspace_bytes': 0, 'tune_ms': 0.1645386666059494, 'waves': 1.9393939971923828}, {'returned': 8, 'valid': 8, 'algo_id': 66, 'tile_id': 272, 'stages_id': 35, 'split_k': 1, 'reduction': 0, 'cta_swizzle': 0, 'custom': 6, 'inner_shape': 0, 'cluster_shape': 5, 'workspace_bytes': 0, 'tune_ms': 0.17886826395988464, 'waves': 0.9696969985961914}, {'returned': 8, 'valid': 8, 'algo_id': 66, 'tile_id': 165, 'stages_id': 35, 'split_k': 1, 'reduction': 0, 'cta_swizzle': 0, 'custom': 0, 'inner_shape': 0, 'cluster_shape': 3, 'workspace_bytes': 0, 'tune_ms': 0.16385173797607422, 'waves': 1.9393939971923828}]",0.11452800035476685,4096,128,16384,512,representative_large,7168,,128,artificial,0.3094239979982376,0.20747199654579163,ch24_chunk128_ll16_graph_hp_pb128_pw8,0.11444799974560738
wide-K stress shape; not one specific GQA checkpoint,TE+NCCL,1.787376046180725,False,4,1.7971680164337158,1.3101440072059631,ch32_chunk128_ll64_graph_normal_pb1024_pw4,"[{'returned': 8, 'valid': 8, 'algo_id': 66, 'tile_id': 24, 'stages_id': 35, 'split_k': 1, 'reduction': 0, 'cta_swizzle': 0, 'custom': 7, 'inner_shape': 0, 'cluster_shape': 5, 'workspace_bytes': 4, 'tune_ms': 1.1949012279510498, 'waves': 6.78787899017334}, {'returned': 8, 'valid': 8, 'algo_id': 66, 'tile_id': 24, 'stages_id': 35, 'split_k': 1, 'reduction': 0, 'cta_swizzle': 0, 'custom': 7, 'inner_shape': 0, 'cluster_shape': 5, 'workspace_bytes': 4, 'tune_ms': 1.215254306793213, 'waves': 6.78787899017334}, {'returned': 8, 'valid': 8, 'algo_id': 66, 'tile_id': 24, 'stages_id': 35, 'split_k': 1, 'reduction': 0, 'cta_swizzle': 0, 'custom': 7, 'inner_shape': 0, 'cluster_shape': 5, 'workspace_bytes': 4, 'tune_ms': 1.1983083486557007, 'waves': 6.78787899017334}, {'returned': 8, 'valid': 8, 'algo_id': 66, 'tile_id': 24, 'stages_id': 35, 'split_k': 1, 'reduction': 0, 'cta_swizzle': 0, 'custom': 7, 'inner_shape': 0, 'cluster_shape': 5, 'workspace_bytes': 4, 'tune_ms': 1.2438719272613525, 'waves': 6.78787899017334}]",0.5916479825973511,16384,128,16384,4096,representative_large,7168,,128,artificial,1.787376046180725,1.323199987411499,ch32_chunk128_ll64_graph_normal_pb512_pw8,0.5802720189094543
wide-K stress shape; not one specific GQA checkpoint,TE+NCCL,1.034175992012024,False,8,1.0360159873962402,0.7061759829521179,ch24_chunk128_ll128_graph_hp_pb1024_pw4,"[{'returned': 8, 'valid': 8, 'algo_id': 66, 'tile_id': 201, 'stages_id': 35, 'split_k': 1, 'reduction': 0, 'cta_swizzle': 0, 'custom': 2, 'inner_shape': 0, 'cluster_shape': 5, 'workspace_bytes': 4, 'tune_ms': 0.5959690809249878, 'waves': 4.969696998596191}, {'returned': 8, 'valid': 8, 'algo_id': 66, 'tile_id': 201, 'stages_id': 35, 'split_k': 1, 'reduction': 0, 'cta_swizzle': 0, 'custom': 2, 'inner_shape': 0, 'cluster_shape': 5, 'workspace_bytes': 4, 'tune_ms': 0.6689386367797852, 'waves': 4.969696998596191}, {'returned': 8, 'valid': 8, 'algo_id': 66, 'tile_id': 201, 'stages_id': 35, 'split_k': 1, 'reduction': 0, 'cta_swizzle': 0, 'custom': 2, 'inner_shape': 0, 'cluster_shape': 5, 'workspace_bytes': 4, 'tune_ms': 0.6108618378639221, 'waves': 4.969696998596191}, {'returned': 8, 'valid': 8, 'algo_id': 66, 'tile_id': 201, 'stages_id': 35, 'split_k': 1, 'reduction': 0, 'cta_swizzle': 0, 'custom': 2, 'inner_shape': 0, 'cluster_shape': 5, 'workspace_bytes': 4, 'tune_ms': 0.6721813082695007, 'waves': 4.969696998596191}, {'returned': 8, 'valid': 8, 'algo_id': 66, 'tile_id': 201, 'stages_id': 35, 'split_k': 1, 'reduction': 0, 'cta_swizzle': 0, 'custom': 2, 'inner_shape': 0, 'cluster_shape': 5, 'workspace_bytes': 4, 'tune_ms': 0.6010741591453552, 'waves': 4.969696998596191}, {'returned': 8, 'valid': 8, 'algo_id': 66, 'tile_id': 201, 'stages_id': 35, 'split_k': 1, 'reduction': 0, 'cta_swizzle': 0, 'custom': 2, 'inner_shape': 0, 'cluster_shape': 5, 'workspace_bytes': 4, 'tune_ms': 0.6132650375366211, 'waves': 4.969696998596191}, {'returned': 8, 'valid': 8, 'algo_id': 66, 'tile_id': 201, 'stages_id': 35, 'split_k': 1, 'reduction': 0, 'cta_swizzle': 0, 'custom': 2, 'inner_shape': 0, 'cluster_shape': 5, 'workspace_bytes': 4, 'tune_ms': 0.6737141013145447, 'waves': 4.969696998596191}, {'returned': 8, 'valid': 8, 'algo_id': 66, 'tile_id': 201, 'stages_id': 35, 'split_k': 1, 'reduction': 0, 'cta_swizzle': 0, 'custom': 2, 'inner_shape': 0, 'cluster_shape': 5, 'workspace_bytes': 4, 'tune_ms': 0.6071050763130188, 'waves': 4.969696998596191}]",0.34971199929714203,16384,128,16384,2048,representative_large,7168,,128,artificial,1.034175992012024,0.7046079933643341,ch24_chunk128_ll128_graph_hp_pb128_pw4,0.3439040035009384
wide-K stress shape; not one specific GQA checkpoint,TE+NCCL,14.888895988464355,False,4,15.071951866149902,11.226527690887451,ch32_chunk128_ll64_graph_normal_pb256_pw8,"[{'returned': 8, 'valid': 8, 'algo_id': 66, 'tile_id': 24, 'stages_id': 35, 'split_k': 1, 'reduction': 0, 'cta_swizzle': 0, 'custom': 7, 'inner_shape': 0, 'cluster_shape': 5, 'workspace_bytes': 4, 'tune_ms': 10.956987380981445, 'waves': 54.30303192138672}, {'returned': 8, 'valid': 8, 'algo_id': 66, 'tile_id': 24, 'stages_id': 35, 'split_k': 1, 'reduction': 0, 'cta_swizzle': 0, 'custom': 7, 'inner_shape': 0, 'cluster_shape': 5, 'workspace_bytes': 4, 'tune_ms': 10.862849235534668, 'waves': 54.30303192138672}, {'returned': 8, 'valid': 8, 'algo_id': 66, 'tile_id': 24, 'stages_id': 35, 'split_k': 1, 'reduction': 0, 'cta_swizzle': 0, 'custom': 7, 'inner_shape': 0, 'cluster_shape': 5, 'workspace_bytes': 4, 'tune_ms': 10.889702796936035, 'waves': 54.30303192138672}, {'returned': 8, 'valid': 8, 'algo_id': 66, 'tile_id': 24, 'stages_id': 35, 'split_k': 1, 'reduction': 0, 'cta_swizzle': 0, 'custom': 7, 'inner_shape': 0, 'cluster_shape': 5, 'workspace_bytes': 4, 'tune_ms': 11.160711288452148, 'waves': 54.30303192138672}]",4.1293439865112305,131072,128,16384,32768,representative_large,7168,,128,artificial,14.888895988464355,11.205648422241211,ch32_chunk128_ll64_graph_normal_pb1024_pw4,4.12715220451355
wide-K stress shape; not one specific GQA checkpoint,TE+NCCL,7.972752094268799,False,8,7.975744009017944,5.6487040519714355,ch24_chunk128_ll128_graph_normal_pb128_pw8,"[{'returned': 8, 'valid': 8, 'algo_id': 66, 'tile_id': 24, 'stages_id': 35, 'split_k': 1, 'reduction': 0, 'cta_swizzle': 0, 'custom': 7, 'inner_shape': 0, 'cluster_shape': 5, 'workspace_bytes': 4, 'tune_ms': 5.371781349182129, 'waves': 27.15151596069336}, {'returned': 8, 'valid': 8, 'algo_id': 66, 'tile_id': 24, 'stages_id': 35, 'split_k': 1, 'reduction': 0, 'cta_swizzle': 0, 'custom': 7, 'inner_shape': 0, 'cluster_shape': 5, 'workspace_bytes': 4, 'tune_ms': 5.503345012664795, 'waves': 27.15151596069336}, {'returned': 8, 'valid': 8, 'algo_id': 66, 'tile_id': 209, 'stages_id': 35, 'split_k': 1, 'reduction': 0, 'cta_swizzle': 0, 'custom': 4, 'inner_shape': 0, 'cluster_shape': 3, 'workspace_bytes': 4, 'tune_ms': 5.397811412811279, 'waves': 24.75757598876953}, {'returned': 8, 'valid': 8, 'algo_id': 66, 'tile_id': 23, 'stages_id': 35, 'split_k': 1, 'reduction': 0, 'cta_swizzle': 0, 'custom': 4, 'inner_shape': 0, 'cluster_shape': 3, 'workspace_bytes': 4, 'tune_ms': 5.465939521789551, 'waves': 27.15151596069336}, {'returned': 8, 'valid': 8, 'algo_id': 66, 'tile_id': 209, 'stages_id': 35, 'split_k': 1, 'reduction': 0, 'cta_swizzle': 0, 'custom': 4, 'inner_shape': 0, 'cluster_shape': 3, 'workspace_bytes': 4, 'tune_ms': 5.321803569793701, 'waves': 24.75757598876953}, {'returned': 8, 'valid': 8, 'algo_id': 66, 'tile_id': 209, 'stages_id': 35, 'split_k': 1, 'reduction': 0, 'cta_swizzle': 0, 'custom': 4, 'inner_shape': 0, 'cluster_shape': 3, 'workspace_bytes': 4, 'tune_ms': 5.536653518676758, 'waves': 24.75757598876953}, {'returned': 8, 'valid': 8, 'algo_id': 66, 'tile_id': 24, 'stages_id': 35, 'split_k': 1, 'reduction': 0, 'cta_swizzle': 0, 'custom': 7, 'inner_shape': 0, 'cluster_shape': 5, 'workspace_bytes': 4, 'tune_ms': 5.448492050170898, 'waves': 27.15151596069336}, {'returned': 8, 'valid': 8, 'algo_id': 66, 'tile_id': 209, 'stages_id': 35, 'split_k': 1, 'reduction': 0, 'cta_swizzle': 0, 'custom': 4, 'inner_shape': 0, 'cluster_shape': 3, 'workspace_bytes': 4, 'tune_ms': 5.462883949279785, 'waves': 24.75757598876953}]",2.4773919582366943,131072,128,16384,16384,representative_large,7168,,128,artificial,7.972752094268799,5.798320055007935,ch32_chunk128_ll16_graph_normal_pb512_pw4,2.472928047180176
wide-K stress shape; not one specific GQA checkpoint,cuBLASLt+NCCL,30.260191917419434,False,4,30.260191917419434,22.949840545654297,ch24_chunk256_ll16_graph_normal_pb128_pw8,"[{'returned': 8, 'valid': 8, 'algo_id': 66, 'tile_id': 24, 'stages_id': 35, 'split_k': 1, 'reduction': 0, 'cta_swizzle': 0, 'custom': 7, 'inner_shape': 0, 'cluster_shape': 5, 'workspace_bytes': 4, 'tune_ms': 21.91624641418457, 'waves': 108.60606384277344}, {'returned': 8, 'valid': 8, 'algo_id': 66, 'tile_id': 24, 'stages_id': 35, 'split_k': 1, 'reduction': 0, 'cta_swizzle': 0, 'custom': 7, 'inner_shape': 0, 'cluster_shape': 5, 'workspace_bytes': 4, 'tune_ms': 21.675504684448242, 'waves': 108.60606384277344}, {'returned': 8, 'valid': 8, 'algo_id': 66, 'tile_id': 24, 'stages_id': 35, 'split_k': 1, 'reduction': 0, 'cta_swizzle': 0, 'custom': 7, 'inner_shape': 0, 'cluster_shape': 5, 'workspace_bytes': 4, 'tune_ms': 21.845745086669922, 'waves': 108.60606384277344}, {'returned': 8, 'valid': 8, 'algo_id': 66, 'tile_id': 24, 'stages_id': 35, 'split_k': 1, 'reduction': 0, 'cta_swizzle': 0, 'custom': 7, 'inner_shape': 0, 'cluster_shape': 5, 'workspace_bytes': 4, 'tune_ms': 22.387805938720703, 'waves': 108.60606384277344}]",8.188287734985352,262144,128,16384,65536,representative_large,7168,,128,artificial,30.471760749816895,23.329055786132812,ch32_chunk512_ll128_eager_normal_pb1024_pw4,8.269968032836914
wide-K stress shape; not one specific GQA checkpoint,cuBLASLt+NCCL,15.564239978790283,False,8,15.564239978790283,11.320399761199951,ch32_chunk128_ll16_graph_hp_pb1024_pw8,"[{'returned': 8, 'valid': 8, 'algo_id': 66, 'tile_id': 24, 'stages_id': 35, 'split_k': 1, 'reduction': 0, 'cta_swizzle': 0, 'custom': 7, 'inner_shape': 0, 'cluster_shape': 5, 'workspace_bytes': 4, 'tune_ms': 10.833540916442871, 'waves': 54.30303192138672}, {'returned': 8, 'valid': 8, 'algo_id': 66, 'tile_id': 24, 'stages_id': 35, 'split_k': 1, 'reduction': 0, 'cta_swizzle': 0, 'custom': 7, 'inner_shape': 0, 'cluster_shape': 5, 'workspace_bytes': 4, 'tune_ms': 10.806024551391602, 'waves': 54.30303192138672}, {'returned': 8, 'valid': 8, 'algo_id': 66, 'tile_id': 24, 'stages_id': 35, 'split_k': 1, 'reduction': 0, 'cta_swizzle': 0, 'custom': 7, 'inner_shape': 0, 'cluster_shape': 5, 'workspace_bytes': 4, 'tune_ms': 10.802227973937988, 'waves': 54.30303192138672}, {'returned': 8, 'valid': 8, 'algo_id': 66, 'tile_id': 24, 'stages_id': 35, 'split_k': 1, 'reduction': 0, 'cta_swizzle': 0, 'custom': 7, 'inner_shape': 0, 'cluster_shape': 5, 'workspace_bytes': 4, 'tune_ms': 10.782485008239746, 'waves': 54.30303192138672}, {'returned': 8, 'valid': 8, 'algo_id': 66, 'tile_id': 24, 'stages_id': 35, 'split_k': 1, 'reduction': 0, 'cta_swizzle': 0, 'custom': 7, 'inner_shape': 0, 'cluster_shape': 5, 'workspace_bytes': 4, 'tune_ms': 10.836400032043457, 'waves': 54.30303192138672}, {'returned': 8, 'valid': 8, 'algo_id': 66, 'tile_id': 209, 'stages_id': 35, 'split_k': 1, 'reduction': 0, 'cta_swizzle': 0, 'custom': 6, 'inner_shape': 0, 'cluster_shape': 5, 'workspace_bytes': 4, 'tune_ms': 11.11963939666748, 'waves': 49.227272033691406}, {'returned': 8, 'valid': 8, 'algo_id': 66, 'tile_id': 24, 'stages_id': 35, 'split_k': 1, 'reduction': 0, 'cta_swizzle': 0, 'custom': 7, 'inner_shape': 0, 'cluster_shape': 5, 'workspace_bytes': 4, 'tune_ms': 10.93837833404541, 'waves': 54.30303192138672}, {'returned': 8, 'valid': 8, 'algo_id': 66, 'tile_id': 24, 'stages_id': 35, 'split_k': 1, 'reduction': 0, 'cta_swizzle': 0, 'custom': 7, 'inner_shape': 0, 'cluster_shape': 5, 'workspace_bytes': 4, 'tune_ms': 10.857303619384766, 'waves': 54.30303192138672}]",4.809919834136963,262144,128,16384,32768,representative_large,7168,,128,artificial,15.868655681610107,11.336351871490479,ch24_chunk128_ll128_graph_hp_pb256_pw4,4.825615882873535
wide-K stress shape; not one specific GQA checkpoint,cuBLASLt+NCCL,61.09895896911621,False,4,61.09895896911621,46.1308479309082,ch24_chunk512_ll64_eager_hp_pb128_pw4,"[{'returned': 8, 'valid': 8, 'algo_id': 66, 'tile_id': 24, 'stages_id': 35, 'split_k': 1, 'reduction': 0, 'cta_swizzle': 0, 'custom': 7, 'inner_shape': 0, 'cluster_shape': 5, 'workspace_bytes': 4, 'tune_ms': 44.63197708129883, 'waves': 217.21212768554688}, {'returned': 8, 'valid': 8, 'algo_id': 66, 'tile_id': 24, 'stages_id': 35, 'split_k': 1, 'reduction': 0, 'cta_swizzle': 0, 'custom': 7, 'inner_shape': 0, 'cluster_shape': 5, 'workspace_bytes': 4, 'tune_ms': 44.34670639038086, 'waves': 217.21212768554688}, {'returned': 8, 'valid': 8, 'algo_id': 66, 'tile_id': 24, 'stages_id': 35, 'split_k': 1, 'reduction': 0, 'cta_swizzle': 0, 'custom': 7, 'inner_shape': 0, 'cluster_shape': 5, 'workspace_bytes': 4, 'tune_ms': 44.4193229675293, 'waves': 217.21212768554688}, {'returned': 8, 'valid': 8, 'algo_id': 66, 'tile_id': 24, 'stages_id': 35, 'split_k': 1, 'reduction': 0, 'cta_swizzle': 0, 'custom': 7, 'inner_shape': 0, 'cluster_shape': 5, 'workspace_bytes': 4, 'tune_ms': 45.07691955566406, 'waves': 217.21212768554688}]",16.39729595184326,524288,128,16384,131072,representative_large,7168,,128,artificial,61.49665641784668,45.764848709106445,ch24_chunk512_ll64_eager_hp_pb512_pw8,16.4005765914917
wide-K stress shape; not one specific GQA checkpoint,cuBLASLt+NCCL,31.32321548461914,False,8,31.32321548461914,23.160064697265625,ch32_chunk256_ll64_graph_normal_pb512_pw4,"[{'returned': 8, 'valid': 8, 'algo_id': 66, 'tile_id': 24, 'stages_id': 35, 'split_k': 1, 'reduction': 0, 'cta_swizzle': 0, 'custom': 7, 'inner_shape': 0, 'cluster_shape': 5, 'workspace_bytes': 4, 'tune_ms': 22.00682258605957, 'waves': 108.60606384277344}, {'returned': 8, 'valid': 8, 'algo_id': 66, 'tile_id': 24, 'stages_id': 35, 'split_k': 1, 'reduction': 0, 'cta_swizzle': 0, 'custom': 7, 'inner_shape': 0, 'cluster_shape': 5, 'workspace_bytes': 4, 'tune_ms': 21.688570022583008, 'waves': 108.60606384277344}, {'returned': 8, 'valid': 8, 'algo_id': 66, 'tile_id': 24, 'stages_id': 35, 'split_k': 1, 'reduction': 0, 'cta_swizzle': 0, 'custom': 7, 'inner_shape': 0, 'cluster_shape': 5, 'workspace_bytes': 4, 'tune_ms': 21.774492263793945, 'waves': 108.60606384277344}, {'returned': 8, 'valid': 8, 'algo_id': 66, 'tile_id': 24, 'stages_id': 35, 'split_k': 1, 'reduction': 0, 'cta_swizzle': 0, 'custom': 7, 'inner_shape': 0, 'cluster_shape': 5, 'workspace_bytes': 4, 'tune_ms': 21.69370460510254, 'waves': 108.60606384277344}, {'returned': 8, 'valid': 8, 'algo_id': 66, 'tile_id': 24, 'stages_id': 35, 'split_k': 1, 'reduction': 0, 'cta_swizzle': 0, 'custom': 7, 'inner_shape': 0, 'cluster_shape': 5, 'workspace_bytes': 4, 'tune_ms': 21.658203125, 'waves': 108.60606384277344}, {'returned': 8, 'valid': 8, 'algo_id': 66, 'tile_id': 24, 'stages_id': 35, 'split_k': 1, 'reduction': 0, 'cta_swizzle': 0, 'custom': 7, 'inner_shape': 0, 'cluster_shape': 5, 'workspace_bytes': 4, 'tune_ms': 22.12334632873535, 'waves': 108.60606384277344}, {'returned': 8, 'valid': 8, 'algo_id': 66, 'tile_id': 24, 'stages_id': 35, 'split_k': 1, 'reduction': 0, 'cta_swizzle': 0, 'custom': 7, 'inner_shape': 0, 'cluster_shape': 5, 'workspace_bytes': 4, 'tune_ms': 22.227611541748047, 'waves': 108.60606384277344}, {'returned': 8, 'valid': 8, 'algo_id': 66, 'tile_id': 24, 'stages_id': 35, 'split_k': 1, 'reduction': 0, 'cta_swizzle': 0, 'custom': 7, 'inner_shape': 0, 'cluster_shape': 5, 'workspace_bytes': 4, 'tune_ms': 21.960329055786133, 'waves': 108.60606384277344}]",9.527711868286133,524288,128,16384,65536,representative_large,7168,,128,artificial,31.695087432861328,23.423888206481934,ch24_chunk256_ll16_graph_hp_pb128_pw4,9.520671844482422
current production Qwen dense,cuBLASLt+NCCL,0.03510399907827377,False,4,0.03510399907827377,0.013791999779641628,ch24_chunk1024_ll64_graph_normal_pb256_pw4,"[{'returned': 8, 'valid': 8, 'algo_id': 66, 'tile_id': 15, 'stages_id': 35, 'split_k': 1, 'reduction': 0, 'cta_swizzle': 0, 'custom': 1, 'inner_shape': 0, 'cluster_shape': 3, 'workspace_bytes': 0, 'tune_ms': 0.00727146677672863, 'waves': 0.9696969985961914}, {'returned': 8, 'valid': 8, 'algo_id': 66, 'tile_id': 15, 'stages_id': 35, 'split_k': 1, 'reduction': 0, 'cta_swizzle': 0, 'custom': 1, 'inner_shape': 0, 'cluster_shape': 3, 'workspace_bytes': 0, 'tune_ms': 0.007386666722595692, 'waves': 0.9696969985961914}, {'returned': 8, 'valid': 8, 'algo_id': 66, 'tile_id': 15, 'stages_id': 35, 'split_k': 1, 'reduction': 0, 'cta_swizzle': 0, 'custom': 1, 'inner_shape': 0, 'cluster_shape': 3, 'workspace_bytes': 0, 'tune_ms': 0.007399466820061207, 'waves': 0.9696969985961914}, {'returned': 8, 'valid': 8, 'algo_id': 66, 'tile_id': 15, 'stages_id': 35, 'split_k': 1, 'reduction': 0, 'cta_swizzle': 0, 'custom': 1, 'inner_shape': 0, 'cluster_shape': 3, 'workspace_bytes': 0, 'tune_ms': 0.007278933189809322, 'waves': 0.9696969985961914}]",0.027264000847935677,1024,128,2048,256,production_qwen_dense,2048,,16,model,0.036000000312924385,0.014592000283300877,ch24_chunk1024_ll64_graph_normal_pb128_pw8,0.02729600016027689
current production Qwen dense,cuBLASLt+NCCL,0.036288000643253326,False,8,0.036288000643253326,0.014576000161468983,ch32_chunk256_ll128_graph_hp_pb128_pw4,"[{'returned': 8, 'valid': 8, 'algo_id': 66, 'tile_id': 80, 'stages_id': 35, 'split_k': 1, 'reduction': 0, 'cta_swizzle': 0, 'custom': 0, 'inner_shape': 0, 'cluster_shape': 7, 'workspace_bytes': 0, 'tune_ms': 0.006618666462600231, 'waves': 0.7878788113594055}, {'returned': 8, 'valid': 8, 'algo_id': 66, 'tile_id': 13, 'stages_id': 35, 'split_k': 1, 'reduction': 0, 'cta_swizzle': 0, 'custom': 3, 'inner_shape': 0, 'cluster_shape': 5, 'workspace_bytes': 0, 'tune_ms': 0.007906133309006691, 'waves': 0.9696969985961914}, {'returned': 8, 'valid': 8, 'algo_id': 66, 'tile_id': 13, 'stages_id': 35, 'split_k': 1, 'reduction': 0, 'cta_swizzle': 0, 'custom': 3, 'inner_shape': 0, 'cluster_shape': 5, 'workspace_bytes': 0, 'tune_ms': 0.00653546629473567, 'waves': 0.9696969985961914}, {'returned': 8, 'valid': 8, 'algo_id': 66, 'tile_id': 13, 'stages_id': 35, 'split_k': 1, 'reduction': 0, 'cta_swizzle': 0, 'custom': 3, 'inner_shape': 0, 'cluster_shape': 5, 'workspace_bytes': 0, 'tune_ms': 0.008047999814152718, 'waves': 0.9696969985961914}, {'returned': 8, 'valid': 8, 'algo_id': 66, 'tile_id': 80, 'stages_id': 35, 'split_k': 1, 'reduction': 0, 'cta_swizzle': 0, 'custom': 0, 'inner_shape': 0, 'cluster_shape': 7, 'workspace_bytes': 0, 'tune_ms': 0.006713599897921085, 'waves': 0.7878788113594055}, {'returned': 8, 'valid': 8, 'algo_id': 66, 'tile_id': 13, 'stages_id': 35, 'split_k': 1, 'reduction': 0, 'cta_swizzle': 0, 'custom': 3, 'inner_shape': 0, 'cluster_shape': 5, 'workspace_bytes': 0, 'tune_ms': 0.006438399665057659, 'waves': 0.9696969985961914}, {'returned': 8, 'valid': 8, 'algo_id': 66, 'tile_id': 12, 'stages_id': 35, 'split_k': 1, 'reduction': 0, 'cta_swizzle': 0, 'custom': 0, 'inner_shape': 0, 'cluster_shape': 3, 'workspace_bytes': 0, 'tune_ms': 0.008181333541870117, 'waves': 0.9696969985961914}, {'returned': 8, 'valid': 8, 'algo_id': 66, 'tile_id': 13, 'stages_id': 35, 'split_k': 1, 'reduction': 0, 'cta_swizzle': 0, 'custom': 3, 'inner_shape': 0, 'cluster_shape': 5, 'workspace_bytes': 0, 'tune_ms': 0.00681280018761754, 'waves': 0.9696969985961914}]",0.02800000086426735,1024,128,2048,128,production_qwen_dense,2048,,16,model,0.03763199970126152,0.01515199989080429,ch32_chunk256_ll128_graph_hp_pb128_pw4,0.02800000086426735
current production Qwen dense,cuBLASLt+NCCL,0.05820799991488457,False,4,0.05820799991488457,0.019200000911951065,ch24_chunk1024_ll16_graph_hp_pb128_pw8,"[{'returned': 8, 'valid': 8, 'algo_id': 66, 'tile_id': 20, 'stages_id': 35, 'split_k': 1, 'reduction': 0, 'cta_swizzle': 0, 'custom': 1, 'inner_shape': 0, 'cluster_shape': 3, 'workspace_bytes': 0, 'tune_ms': 0.014172800816595554, 'waves': 0.9696969985961914}, {'returned': 8, 'valid': 8, 'algo_id': 66, 'tile_id': 20, 'stages_id': 35, 'split_k': 1, 'reduction': 0, 'cta_swizzle': 0, 'custom': 1, 'inner_shape': 0, 'cluster_shape': 3, 'workspace_bytes': 0, 'tune_ms': 0.014188800007104874, 'waves': 0.9696969985961914}, {'returned': 8, 'valid': 8, 'algo_id': 66, 'tile_id': 20, 'stages_id': 35, 'split_k': 1, 'reduction': 0, 'cta_swizzle': 0, 'custom': 1, 'inner_shape': 0, 'cluster_shape': 3, 'workspace_bytes': 0, 'tune_ms': 0.014182399958372116, 'waves': 0.9696969985961914}, {'returned': 8, 'valid': 8, 'algo_id': 66, 'tile_id': 20, 'stages_id': 35, 'split_k': 1, 'reduction': 0, 'cta_swizzle': 0, 'custom': 1, 'inner_shape': 0, 'cluster_shape': 3, 'workspace_bytes': 0, 'tune_ms': 0.014257066883146763, 'waves': 0.9696969985961914}]",0.04129600152373314,4096,128,2048,1024,production_qwen_dense,2048,,16,model,0.059487998485565186,0.019311999902129173,ch24_chunk1024_ll16_graph_hp_pb512_pw4,0.043248001486063004
current production Qwen dense,cuBLASLt+NCCL,0.06825599819421768,False,8,0.06825599819421768,0.023824000731110573,ch24_chunk1024_ll128_graph_hp_pb128_pw8,"[{'returned': 8, 'valid': 8, 'algo_id': 66, 'tile_id': 17, 'stages_id': 35, 'split_k': 1, 'reduction': 0, 'cta_swizzle': 0, 'custom': 0, 'inner_shape': 0, 'cluster_shape': 3, 'workspace_bytes': 0, 'tune_ms': 0.009333333000540733, 'waves': 0.9696969985961914}, {'returned': 8, 'valid': 8, 'algo_id': 66, 'tile_id': 17, 'stages_id': 35, 'split_k': 1, 'reduction': 0, 'cta_swizzle': 0, 'custom': 0, 'inner_shape': 0, 'cluster_shape': 3, 'workspace_bytes': 0, 'tune_ms': 0.011393066495656967, 'waves': 0.9696969985961914}, {'returned': 8, 'valid': 8, 'algo_id': 66, 'tile_id': 17, 'stages_id': 35, 'split_k': 1, 'reduction': 0, 'cta_swizzle': 0, 'custom': 0, 'inner_shape': 0, 'cluster_shape': 3, 'workspace_bytes': 0, 'tune_ms': 0.009371733292937279, 'waves': 0.9696969985961914}, {'returned': 8, 'valid': 8, 'algo_id': 66, 'tile_id': 17, 'stages_id': 35, 'split_k': 1, 'reduction': 0, 'cta_swizzle': 0, 'custom': 0, 'inner_shape': 0, 'cluster_shape': 3, 'workspace_bytes': 0, 'tune_ms': 0.011470933444797993, 'waves': 0.9696969985961914}, {'returned': 8, 'valid': 8, 'algo_id': 66, 'tile_id': 17, 'stages_id': 35, 'split_k': 1, 'reduction': 0, 'cta_swizzle': 0, 'custom': 0, 'inner_shape': 0, 'cluster_shape': 3, 'workspace_bytes': 0, 'tune_ms': 0.009757866151630878, 'waves': 0.9696969985961914}, {'returned': 8, 'valid': 8, 'algo_id': 66, 'tile_id': 18, 'stages_id': 35, 'split_k': 1, 'reduction': 0, 'cta_swizzle': 0, 'custom': 3, 'inner_shape': 0, 'cluster_shape': 5, 'workspace_bytes': 0, 'tune_ms': 0.009417599998414516, 'waves': 0.9696969985961914}, {'returned': 8, 'valid': 8, 'algo_id': 66, 'tile_id': 17, 'stages_id': 35, 'split_k': 1, 'reduction': 0, 'cta_swizzle': 0, 'custom': 0, 'inner_shape': 0, 'cluster_shape': 3, 'workspace_bytes': 0, 'tune_ms': 0.011476266197860241, 'waves': 0.9696969985961914}, {'returned': 8, 'valid': 8, 'algo_id': 66, 'tile_id': 17, 'stages_id': 35, 'split_k': 1, 'reduction': 0, 'cta_swizzle': 0, 'custom': 0, 'inner_shape': 0, 'cluster_shape': 3, 'workspace_bytes': 0, 'tune_ms': 0.00918506644666195, 'waves': 0.9696969985961914}]",0.055695999413728714,4096,128,2048,512,production_qwen_dense,2048,,16,model,0.06950400024652481,0.023840000852942467,ch24_chunk1024_ll128_graph_hp_pb128_pw8,0.055695999413728714
current production Qwen dense,TE+NCCL,0.14668799936771393,False,4,0.14787200093269348,0.05129599943757057,ch24_chunk128_ll16_graph_hp_pb256_pw4,"[{'returned': 8, 'valid': 8, 'algo_id': 66, 'tile_id': 20, 'stages_id': 35, 'split_k': 1, 'reduction': 0, 'cta_swizzle': 0, 'custom': 1, 'inner_shape': 0, 'cluster_shape': 3, 'workspace_bytes': 4, 'tune_ms': 0.046804264187812805, 'waves': 3.8787879943847656}, {'returned': 8, 'valid': 8, 'algo_id': 66, 'tile_id': 24, 'stages_id': 35, 'split_k': 1, 'reduction': 0, 'cta_swizzle': 0, 'custom': 7, 'inner_shape': 0, 'cluster_shape': 5, 'workspace_bytes': 0, 'tune_ms': 0.047224532812833786, 'waves': 1.9393939971923828}, {'returned': 8, 'valid': 8, 'algo_id': 66, 'tile_id': 24, 'stages_id': 35, 'split_k': 1, 'reduction': 0, 'cta_swizzle': 0, 'custom': 7, 'inner_shape': 0, 'cluster_shape': 5, 'workspace_bytes': 0, 'tune_ms': 0.04685013368725777, 'waves': 1.9393939971923828}, {'returned': 8, 'valid': 8, 'algo_id': 66, 'tile_id': 24, 'stages_id': 35, 'split_k': 1, 'reduction': 0, 'cta_swizzle': 0, 'custom': 7, 'inner_shape': 0, 'cluster_shape': 5, 'workspace_bytes': 0, 'tune_ms': 0.04732693359255791, 'waves': 1.9393939971923828}]",0.0987359993159771,16384,128,2048,4096,production_qwen_dense,2048,,16,model,0.14668799936771393,0.05110400170087814,ch24_chunk128_ll16_graph_hp_pb256_pw8,0.09808000177145004
current production Qwen dense,cuBLASLt+NCCL,0.10761599987745285,False,8,0.10761599987745285,0.03723200038075447,ch32_chunk1024_ll16_graph_hp_pb128_pw4,"[{'returned': 8, 'valid': 8, 'algo_id': 66, 'tile_id': 20, 'stages_id': 35, 'split_k': 1, 'reduction': 0, 'cta_swizzle': 0, 'custom': 1, 'inner_shape': 0, 'cluster_shape': 3, 'workspace_bytes': 0, 'tune_ms': 0.024022400379180908, 'waves': 1.9393939971923828}, {'returned': 8, 'valid': 8, 'algo_id': 66, 'tile_id': 20, 'stages_id': 35, 'split_k': 1, 'reduction': 0, 'cta_swizzle': 0, 'custom': 1, 'inner_shape': 0, 'cluster_shape': 3, 'workspace_bytes': 0, 'tune_ms': 0.029995733872056007, 'waves': 1.9393939971923828}, {'returned': 8, 'valid': 8, 'algo_id': 66, 'tile_id': 20, 'stages_id': 35, 'split_k': 1, 'reduction': 0, 'cta_swizzle': 0, 'custom': 1, 'inner_shape': 0, 'cluster_shape': 3, 'workspace_bytes': 0, 'tune_ms': 0.024211199954152107, 'waves': 1.9393939971923828}, {'returned': 8, 'valid': 8, 'algo_id': 66, 'tile_id': 20, 'stages_id': 35, 'split_k': 1, 'reduction': 0, 'cta_swizzle': 0, 'custom': 1, 'inner_shape': 0, 'cluster_shape': 3, 'workspace_bytes': 0, 'tune_ms': 0.030528001487255096, 'waves': 1.9393939971923828}, {'returned': 8, 'valid': 8, 'algo_id': 66, 'tile_id': 20, 'stages_id': 35, 'split_k': 1, 'reduction': 0, 'cta_swizzle': 0, 'custom': 1, 'inner_shape': 0, 'cluster_shape': 3, 'workspace_bytes': 0, 'tune_ms': 0.02399040013551712, 'waves': 1.9393939971923828}, {'returned': 8, 'valid': 8, 'algo_id': 66, 'tile_id': 20, 'stages_id': 35, 'split_k': 1, 'reduction': 0, 'cta_swizzle': 0, 'custom': 1, 'inner_shape': 0, 'cluster_shape': 3, 'workspace_bytes': 0, 'tune_ms': 0.02420693263411522, 'waves': 1.9393939971923828}, {'returned': 8, 'valid': 8, 'algo_id': 66, 'tile_id': 23, 'stages_id': 35, 'split_k': 1, 'reduction': 0, 'cta_swizzle': 0, 'custom': 4, 'inner_shape': 0, 'cluster_shape': 3, 'workspace_bytes': 0, 'tune_ms': 0.031173331663012505, 'waves': 0.9696969985961914}, {'returned': 8, 'valid': 8, 'algo_id': 66, 'tile_id': 20, 'stages_id': 35, 'split_k': 1, 'reduction': 0, 'cta_swizzle': 0, 'custom': 1, 'inner_shape': 0, 'cluster_shape': 3, 'workspace_bytes': 0, 'tune_ms': 0.02407040074467659, 'waves': 1.9393939971923828}]",0.07198399677872658,16384,128,2048,2048,production_qwen_dense,2048,,16,model,0.1085279993712902,0.03721600025892258,ch32_chunk1024_ll16_graph_hp_pb128_pw4,0.07198399677872658
current production Qwen dense,cuBLASLt+NCCL,0.9174239933490753,False,4,0.9174239933490753,0.38046400249004364,ch32_chunk128_ll64_graph_normal_pb256_pw4,"[{'returned': 8, 'valid': 8, 'algo_id': 66, 'tile_id': 24, 'stages_id': 35, 'split_k': 1, 'reduction': 0, 'cta_swizzle': 0, 'custom': 7, 'inner_shape': 0, 'cluster_shape': 5, 'workspace_bytes': 4, 'tune_ms': 0.3493887782096863, 'waves': 15.515151977539062}, {'returned': 8, 'valid': 8, 'algo_id': 66, 'tile_id': 24, 'stages_id': 35, 'split_k': 1, 'reduction': 0, 'cta_swizzle': 0, 'custom': 7, 'inner_shape': 0, 'cluster_shape': 5, 'workspace_bytes': 4, 'tune_ms': 0.35690775513648987, 'waves': 15.515151977539062}, {'returned': 8, 'valid': 8, 'algo_id': 66, 'tile_id': 24, 'stages_id': 35, 'split_k': 1, 'reduction': 0, 'cta_swizzle': 0, 'custom': 7, 'inner_shape': 0, 'cluster_shape': 5, 'workspace_bytes': 4, 'tune_ms': 0.35287362337112427, 'waves': 15.515151977539062}, {'returned': 8, 'valid': 8, 'algo_id': 66, 'tile_id': 29, 'stages_id': 35, 'split_k': 1, 'reduction': 0, 'cta_swizzle': 0, 'custom': 1, 'inner_shape': 0, 'cluster_shape': 3, 'workspace_bytes': 4, 'tune_ms': 0.34311041235923767, 'waves': 24.84848403930664}]",0.5759359896183014,131072,128,2048,32768,production_qwen_dense,2048,,16,model,0.9183840155601501,0.3617280125617981,ch32_chunk128_ll64_graph_normal_pb512_pw4,0.5681920051574707
current production Qwen dense,cuBLASLt+NCCL,0.5615360140800476,False,8,0.5615360140800476,0.22782400250434875,ch24_chunk128_ll64_graph_hp_pb128_pw4,"[{'returned': 8, 'valid': 8, 'algo_id': 66, 'tile_id': 24, 'stages_id': 35, 'split_k': 1, 'reduction': 0, 'cta_swizzle': 0, 'custom': 7, 'inner_shape': 0, 'cluster_shape': 5, 'workspace_bytes': 4, 'tune_ms': 0.17530454695224762, 'waves': 7.757575988769531}, {'returned': 8, 'valid': 8, 'algo_id': 66, 'tile_id': 29, 'stages_id': 35, 'split_k': 1, 'reduction': 0, 'cta_swizzle': 0, 'custom': 1, 'inner_shape': 0, 'cluster_shape': 3, 'workspace_bytes': 4, 'tune_ms': 0.20478826761245728, 'waves': 12.484848022460938}, {'returned': 8, 'valid': 8, 'algo_id': 66, 'tile_id': 24, 'stages_id': 35, 'split_k': 1, 'reduction': 0, 'cta_swizzle': 0, 'custom': 7, 'inner_shape': 0, 'cluster_shape': 5, 'workspace_bytes': 4, 'tune_ms': 0.17920853197574615, 'waves': 7.757575988769531}, {'returned': 8, 'valid': 8, 'algo_id': 66, 'tile_id': 29, 'stages_id': 35, 'split_k': 1, 'reduction': 0, 'cta_swizzle': 0, 'custom': 1, 'inner_shape': 0, 'cluster_shape': 3, 'workspace_bytes': 4, 'tune_ms': 0.20460906624794006, 'waves': 12.484848022460938}, {'returned': 8, 'valid': 8, 'algo_id': 66, 'tile_id': 29, 'stages_id': 35, 'split_k': 1, 'reduction': 0, 'cta_swizzle': 0, 'custom': 1, 'inner_shape': 0, 'cluster_shape': 3, 'workspace_bytes': 4, 'tune_ms': 0.17690560221672058, 'waves': 12.484848022460938}, {'returned': 8, 'valid': 8, 'algo_id': 66, 'tile_id': 24, 'stages_id': 35, 'split_k': 1, 'reduction': 0, 'cta_swizzle': 0, 'custom': 7, 'inner_shape': 0, 'cluster_shape': 5, 'workspace_bytes': 4, 'tune_ms': 0.17951147258281708, 'waves': 7.757575988769531}, {'returned': 8, 'valid': 8, 'algo_id': 66, 'tile_id': 29, 'stages_id': 35, 'split_k': 1, 'reduction': 0, 'cta_swizzle': 0, 'custom': 1, 'inner_shape': 0, 'cluster_shape': 3, 'workspace_bytes': 4, 'tune_ms': 0.20556586980819702, 'waves': 12.484848022460938}, {'returned': 8, 'valid': 8, 'algo_id': 66, 'tile_id': 24, 'stages_id': 35, 'split_k': 1, 'reduction': 0, 'cta_swizzle': 0, 'custom': 7, 'inner_shape': 0, 'cluster_shape': 5, 'workspace_bytes': 4, 'tune_ms': 0.1785919964313507, 'waves': 7.757575988769531}]",0.342288002371788,131072,128,2048,16384,production_qwen_dense,2048,,16,model,0.5633120238780975,0.23216000199317932,ch24_chunk128_ll64_graph_hp_pb1024_pw8,0.3455840051174164
current production Qwen dense,cuBLASLt+NCCL,1.8116480112075806,False,4,1.8116480112075806,0.7391679883003235,ch32_chunk128_ll64_graph_normal_pb512_pw8,"[{'returned': 8, 'valid': 8, 'algo_id': 66, 'tile_id': 24, 'stages_id': 35, 'split_k': 1, 'reduction': 0, 'cta_swizzle': 0, 'custom': 7, 'inner_shape': 0, 'cluster_shape': 5, 'workspace_bytes': 4, 'tune_ms': 0.6876885294914246, 'waves': 31.030303955078125}, {'returned': 8, 'valid': 8, 'algo_id': 66, 'tile_id': 29, 'stages_id': 35, 'split_k': 1, 'reduction': 0, 'cta_swizzle': 0, 'custom': 1, 'inner_shape': 0, 'cluster_shape': 3, 'workspace_bytes': 4, 'tune_ms': 0.7125546932220459, 'waves': 49.69696807861328}, {'returned': 8, 'valid': 8, 'algo_id': 66, 'tile_id': 209, 'stages_id': 35, 'split_k': 1, 'reduction': 0, 'cta_swizzle': 0, 'custom': 6, 'inner_shape': 0, 'cluster_shape': 5, 'workspace_bytes': 4, 'tune_ms': 0.7300490736961365, 'waves': 28.5}, {'returned': 8, 'valid': 8, 'algo_id': 66, 'tile_id': 24, 'stages_id': 35, 'split_k': 1, 'reduction': 0, 'cta_swizzle': 0, 'custom': 7, 'inner_shape': 0, 'cluster_shape': 5, 'workspace_bytes': 4, 'tune_ms': 0.7216565608978271, 'waves': 31.030303955078125}]",1.098464012145996,262144,128,2048,65536,production_qwen_dense,2048,,16,model,1.8234400153160095,0.7428480088710785,ch32_chunk128_ll64_graph_normal_pb1024_pw8,1.1018239855766296
current production Qwen dense,cuBLASLt+NCCL,1.045632004737854,False,8,1.045632004737854,0.4103519916534424,ch24_chunk128_ll16_graph_normal_pb1024_pw8,"[{'returned': 8, 'valid': 8, 'algo_id': 66, 'tile_id': 24, 'stages_id': 35, 'split_k': 1, 'reduction': 0, 'cta_swizzle': 0, 'custom': 7, 'inner_shape': 0, 'cluster_shape': 5, 'workspace_bytes': 4, 'tune_ms': 0.3475114703178406, 'waves': 15.515151977539062}, {'returned': 8, 'valid': 8, 'algo_id': 66, 'tile_id': 29, 'stages_id': 35, 'split_k': 1, 'reduction': 0, 'cta_swizzle': 0, 'custom': 1, 'inner_shape': 0, 'cluster_shape': 3, 'workspace_bytes': 4, 'tune_ms': 0.3841237425804138, 'waves': 24.84848403930664}, {'returned': 8, 'valid': 8, 'algo_id': 66, 'tile_id': 24, 'stages_id': 35, 'split_k': 1, 'reduction': 0, 'cta_swizzle': 0, 'custom': 7, 'inner_shape': 0, 'cluster_shape': 5, 'workspace_bytes': 4, 'tune_ms': 0.35390719771385193, 'waves': 15.515151977539062}, {'returned': 8, 'valid': 8, 'algo_id': 66, 'tile_id': 29, 'stages_id': 35, 'split_k': 1, 'reduction': 0, 'cta_swizzle': 0, 'custom': 1, 'inner_shape': 0, 'cluster_shape': 3, 'workspace_bytes': 4, 'tune_ms': 0.38504424691200256, 'waves': 24.84848403930664}, {'returned': 8, 'valid': 8, 'algo_id': 66, 'tile_id': 29, 'stages_id': 35, 'split_k': 1, 'reduction': 0, 'cta_swizzle': 0, 'custom': 1, 'inner_shape': 0, 'cluster_shape': 3, 'workspace_bytes': 4, 'tune_ms': 0.3378581404685974, 'waves': 24.84848403930664}, {'returned': 8, 'valid': 8, 'algo_id': 66, 'tile_id': 29, 'stages_id': 35, 'split_k': 1, 'reduction': 0, 'cta_swizzle': 0, 'custom': 1, 'inner_shape': 0, 'cluster_shape': 3, 'workspace_bytes': 4, 'tune_ms': 0.34157440066337585, 'waves': 24.84848403930664}, {'returned': 8, 'valid': 8, 'algo_id': 66, 'tile_id': 29, 'stages_id': 35, 'split_k': 1, 'reduction': 0, 'cta_swizzle': 0, 'custom': 1, 'inner_shape': 0, 'cluster_shape': 3, 'workspace_bytes': 4, 'tune_ms': 0.3850634694099426, 'waves': 24.84848403930664}, {'returned': 8, 'valid': 8, 'algo_id': 66, 'tile_id': 29, 'stages_id': 35, 'split_k': 1, 'reduction': 0, 'cta_swizzle': 0, 'custom': 1, 'inner_shape': 0, 'cluster_shape': 3, 'workspace_bytes': 4, 'tune_ms': 0.3395039737224579, 'waves': 24.84848403930664}]",0.6542720198631287,262144,128,2048,32768,production_qwen_dense,2048,,16,model,1.0829439759254456,0.4426559954881668,ch32_chunk128_ll128_graph_normal_pb128_pw4,0.6536799967288971
current production Qwen dense,cuBLASLt+NCCL,3.546015977859497,False,4,3.546015977859497,1.6237919926643372,ch24_chunk128_ll128_graph_normal_pb256_pw8,"[{'returned': 8, 'valid': 8, 'algo_id': 66, 'tile_id': 29, 'stages_id': 35, 'split_k': 1, 'reduction': 0, 'cta_swizzle': 0, 'custom': 1, 'inner_shape': 0, 'cluster_shape': 3, 'workspace_bytes': 4, 'tune_ms': 1.4619189500808716, 'waves': 99.39393615722656}, {'returned': 8, 'valid': 8, 'algo_id': 66, 'tile_id': 29, 'stages_id': 35, 'split_k': 1, 'reduction': 0, 'cta_swizzle': 0, 'custom': 1, 'inner_shape': 0, 'cluster_shape': 3, 'workspace_bytes': 4, 'tune_ms': 1.484510898590088, 'waves': 99.39393615722656}, {'returned': 8, 'valid': 8, 'algo_id': 66, 'tile_id': 29, 'stages_id': 35, 'split_k': 1, 'reduction': 0, 'cta_swizzle': 0, 'custom': 1, 'inner_shape': 0, 'cluster_shape': 3, 'workspace_bytes': 4, 'tune_ms': 1.466982364654541, 'waves': 99.39393615722656}, {'returned': 8, 'valid': 8, 'algo_id': 66, 'tile_id': 209, 'stages_id': 35, 'split_k': 1, 'reduction': 0, 'cta_swizzle': 0, 'custom': 6, 'inner_shape': 0, 'cluster_shape': 5, 'workspace_bytes': 4, 'tune_ms': 1.4527209997177124, 'waves': 56.91666793823242}]",2.09553599357605,524288,128,2048,131072,production_qwen_dense,2048,,16,model,3.549967885017395,1.6697440147399902,ch24_chunk128_ll128_graph_normal_pb512_pw4,2.098479986190796
current production Qwen dense,cuBLASLt+NCCL,2.0389440059661865,False,8,2.0389440059661865,0.8012320101261139,ch32_chunk128_ll128_graph_hp_pb128_pw8,"[{'returned': 8, 'valid': 8, 'algo_id': 66, 'tile_id': 209, 'stages_id': 35, 'split_k': 1, 'reduction': 0, 'cta_swizzle': 0, 'custom': 6, 'inner_shape': 0, 'cluster_shape': 5, 'workspace_bytes': 4, 'tune_ms': 0.7267178893089294, 'waves': 28.5}, {'returned': 8, 'valid': 8, 'algo_id': 66, 'tile_id': 29, 'stages_id': 35, 'split_k': 1, 'reduction': 0, 'cta_swizzle': 0, 'custom': 1, 'inner_shape': 0, 'cluster_shape': 3, 'workspace_bytes': 4, 'tune_ms': 0.762878954410553, 'waves': 49.69696807861328}, {'returned': 8, 'valid': 8, 'algo_id': 66, 'tile_id': 209, 'stages_id': 35, 'split_k': 1, 'reduction': 0, 'cta_swizzle': 0, 'custom': 6, 'inner_shape': 0, 'cluster_shape': 5, 'workspace_bytes': 4, 'tune_ms': 0.7388341426849365, 'waves': 28.5}, {'returned': 8, 'valid': 8, 'algo_id': 66, 'tile_id': 29, 'stages_id': 35, 'split_k': 1, 'reduction': 0, 'cta_swizzle': 0, 'custom': 1, 'inner_shape': 0, 'cluster_shape': 3, 'workspace_bytes': 4, 'tune_ms': 0.7622250914573669, 'waves': 49.69696807861328}, {'returned': 8, 'valid': 8, 'algo_id': 66, 'tile_id': 201, 'stages_id': 35, 'split_k': 1, 'reduction': 0, 'cta_swizzle': 0, 'custom': 2, 'inner_shape': 0, 'cluster_shape': 5, 'workspace_bytes': 4, 'tune_ms': 0.7304970622062683, 'waves': 46.54545593261719}, {'returned': 8, 'valid': 8, 'algo_id': 66, 'tile_id': 24, 'stages_id': 35, 'split_k': 1, 'reduction': 0, 'cta_swizzle': 0, 'custom': 7, 'inner_shape': 0, 'cluster_shape': 5, 'workspace_bytes': 4, 'tune_ms': 0.7001845240592957, 'waves': 31.030303955078125}, {'returned': 8, 'valid': 8, 'algo_id': 66, 'tile_id': 29, 'stages_id': 35, 'split_k': 1, 'reduction': 0, 'cta_swizzle': 0, 'custom': 1, 'inner_shape': 0, 'cluster_shape': 3, 'workspace_bytes': 4, 'tune_ms': 0.7605909109115601, 'waves': 49.69696807861328}, {'returned': 8, 'valid': 8, 'algo_id': 66, 'tile_id': 209, 'stages_id': 35, 'split_k': 1, 'reduction': 0, 'cta_swizzle': 0, 'custom': 6, 'inner_shape': 0, 'cluster_shape': 5, 'workspace_bytes': 4, 'tune_ms': 0.7372139096260071, 'waves': 28.5}]",1.2675040364265442,524288,128,2048,65536,production_qwen_dense,2048,,16,model,2.127776026725769,0.877951979637146,ch32_chunk128_ll128_graph_hp_pb128_pw8,1.2675040364265442
Llama 3/3.1 8B,cuBLASLt+NCCL,0.05536000058054924,False,4,0.05536000058054924,0.02131200022995472,ch16_chunk256_ll16_graph_hp_pb128_pw4,"[{'returned': 8, 'valid': 8, 'algo_id': 66, 'tile_id': 18, 'stages_id': 35, 'split_k': 1, 'reduction': 0, 'cta_swizzle': 0, 'custom': 3, 'inner_shape': 0, 'cluster_shape': 5, 'workspace_bytes': 0, 'tune_ms': 0.016305066645145416, 'waves': 0.9696969985961914}, {'returned': 8, 'valid': 8, 'algo_id': 66, 'tile_id': 18, 'stages_id': 35, 'split_k': 1, 'reduction': 0, 'cta_swizzle': 0, 'custom': 3, 'inner_shape': 0, 'cluster_shape': 5, 'workspace_bytes': 0, 'tune_ms': 0.015550932846963406, 'waves': 0.9696969985961914}, {'returned': 8, 'valid': 8, 'algo_id': 66, 'tile_id': 18, 'stages_id': 35, 'split_k': 1, 'reduction': 0, 'cta_swizzle': 0, 'custom': 3, 'inner_shape': 0, 'cluster_shape': 5, 'workspace_bytes': 0, 'tune_ms': 0.016104532405734062, 'waves': 0.9696969985961914}, {'returned': 8, 'valid': 8, 'algo_id': 66, 'tile_id': 135, 'stages_id': 35, 'split_k': 1, 'reduction': 0, 'cta_swizzle': 0, 'custom': 0, 'inner_shape': 0, 'cluster_shape': 7, 'workspace_bytes': 0, 'tune_ms': 0.016337066888809204, 'waves': 0.7878788113594055}]",0.034463999792933464,1024,128,4096,256,llama3_8b,4096,,32,model,0.05585600063204765,0.020400000736117363,ch16_chunk256_ll16_graph_hp_pb128_pw8,0.03457599878311157
Llama 3/3.1 8B,TE+NCCL,0.04732799902558327,False,8,0.047488000243902206,0.019872000440955162,ch24_chunk256_ll64_graph_hp_pb128_pw4,"[{'returned': 8, 'valid': 8, 'algo_id': 66, 'tile_id': 27, 'stages_id': 35, 'split_k': 1, 'reduction': 0, 'cta_swizzle': 0, 'custom': 0, 'inner_shape': 0, 'cluster_shape': 7, 'workspace_bytes': 0, 'tune_ms': 0.012544000521302223, 'waves': 0.6515151262283325}, {'returned': 8, 'valid': 8, 'algo_id': 66, 'tile_id': 15, 'stages_id': 35, 'split_k': 1, 'reduction': 0, 'cta_swizzle': 0, 'custom': 1, 'inner_shape': 0, 'cluster_shape': 3, 'workspace_bytes': 0, 'tune_ms': 0.01492693368345499, 'waves': 0.9696969985961914}, {'returned': 8, 'valid': 8, 'algo_id': 66, 'tile_id': 27, 'stages_id': 35, 'split_k': 1, 'reduction': 0, 'cta_swizzle': 0, 'custom': 0, 'inner_shape': 0, 'cluster_shape': 7, 'workspace_bytes': 0, 'tune_ms': 0.012163200415670872, 'waves': 0.6515151262283325}, {'returned': 8, 'valid': 8, 'algo_id': 66, 'tile_id': 15, 'stages_id': 35, 'split_k': 1, 'reduction': 0, 'cta_swizzle': 0, 'custom': 1, 'inner_shape': 0, 'cluster_shape': 3, 'workspace_bytes': 0, 'tune_ms': 0.015305599197745323, 'waves': 0.9696969985961914}, {'returned': 8, 'valid': 8, 'algo_id': 66, 'tile_id': 27, 'stages_id': 35, 'split_k': 1, 'reduction': 0, 'cta_swizzle': 0, 'custom': 0, 'inner_shape': 0, 'cluster_shape': 7, 'workspace_bytes': 0, 'tune_ms': 0.012118400074541569, 'waves': 0.6515151262283325}, {'returned': 8, 'valid': 8, 'algo_id': 66, 'tile_id': 27, 'stages_id': 35, 'split_k': 1, 'reduction': 0, 'cta_swizzle': 0, 'custom': 0, 'inner_shape': 0, 'cluster_shape': 7, 'workspace_bytes': 0, 'tune_ms': 0.0121802669018507, 'waves': 0.6515151262283325}, {'returned': 8, 'valid': 8, 'algo_id': 66, 'tile_id': 15, 'stages_id': 35, 'split_k': 1, 'reduction': 0, 'cta_swizzle': 0, 'custom': 1, 'inner_shape': 0, 'cluster_shape': 3, 'workspace_bytes': 0, 'tune_ms': 0.015359999611973763, 'waves': 0.9696969985961914}, {'returned': 8, 'valid': 8, 'algo_id': 66, 'tile_id': 27, 'stages_id': 35, 'split_k': 1, 'reduction': 0, 'cta_swizzle': 0, 'custom': 0, 'inner_shape': 0, 'cluster_shape': 7, 'workspace_bytes': 0, 'tune_ms': 0.012148266658186913, 'waves': 0.6515151262283325}]",0.030687999911606312,1024,128,4096,128,llama3_8b,4096,,32,model,0.04732799902558327,0.019999999552965164,ch24_chunk256_ll64_graph_hp_pb256_pw4,0.030832000076770782
Llama 3/3.1 8B,cuBLASLt+NCCL,0.11064000055193901,False,4,0.11064000055193901,0.04955200105905533,ch24_chunk512_ll16_graph_hp_pb128_pw4,"[{'returned': 8, 'valid': 8, 'algo_id': 66, 'tile_id': 24, 'stages_id': 35, 'split_k': 1, 'reduction': 0, 'cta_swizzle': 0, 'custom': 7, 'inner_shape': 0, 'cluster_shape': 5, 'workspace_bytes': 0, 'tune_ms': 0.04487786814570427, 'waves': 0.9696969985961914}, {'returned': 8, 'valid': 8, 'algo_id': 66, 'tile_id': 23, 'stages_id': 35, 'split_k': 1, 'reduction': 0, 'cta_swizzle': 0, 'custom': 4, 'inner_shape': 0, 'cluster_shape': 3, 'workspace_bytes': 0, 'tune_ms': 0.04576213285326958, 'waves': 0.9696969985961914}, {'returned': 8, 'valid': 8, 'algo_id': 66, 'tile_id': 23, 'stages_id': 35, 'split_k': 1, 'reduction': 0, 'cta_swizzle': 0, 'custom': 4, 'inner_shape': 0, 'cluster_shape': 3, 'workspace_bytes': 0, 'tune_ms': 0.04501120001077652, 'waves': 0.9696969985961914}, {'returned': 8, 'valid': 8, 'algo_id': 66, 'tile_id': 23, 'stages_id': 35, 'split_k': 1, 'reduction': 0, 'cta_swizzle': 0, 'custom': 4, 'inner_shape': 0, 'cluster_shape': 3, 'workspace_bytes': 0, 'tune_ms': 0.045394133776426315, 'waves': 0.9696969985961914}]",0.061904000118374825,4096,128,4096,1024,llama3_8b,4096,,32,model,0.12622399628162384,0.049775999039411545,ch24_chunk512_ll16_graph_hp_pb256_pw4,0.07110399752855301
Llama 3/3.1 8B,cuBLASLt+NCCL,0.09332800284028053,False,8,0.09332800284028053,0.037328001111745834,ch16_chunk512_ll16_graph_hp_pb256_pw4,"[{'returned': 8, 'valid': 8, 'algo_id': 66, 'tile_id': 20, 'stages_id': 35, 'split_k': 1, 'reduction': 0, 'cta_swizzle': 0, 'custom': 1, 'inner_shape': 0, 'cluster_shape': 3, 'workspace_bytes': 0, 'tune_ms': 0.02449173294007778, 'waves': 0.9696969985961914}, {'returned': 8, 'valid': 8, 'algo_id': 66, 'tile_id': 20, 'stages_id': 35, 'split_k': 1, 'reduction': 0, 'cta_swizzle': 0, 'custom': 1, 'inner_shape': 0, 'cluster_shape': 3, 'workspace_bytes': 0, 'tune_ms': 0.03067520074546337, 'waves': 0.9696969985961914}, {'returned': 8, 'valid': 8, 'algo_id': 66, 'tile_id': 20, 'stages_id': 35, 'split_k': 1, 'reduction': 0, 'cta_swizzle': 0, 'custom': 1, 'inner_shape': 0, 'cluster_shape': 3, 'workspace_bytes': 0, 'tune_ms': 0.02516266703605652, 'waves': 0.9696969985961914}, {'returned': 8, 'valid': 8, 'algo_id': 66, 'tile_id': 19, 'stages_id': 35, 'split_k': 1, 'reduction': 0, 'cta_swizzle': 0, 'custom': 0, 'inner_shape': 0, 'cluster_shape': 3, 'workspace_bytes': 0, 'tune_ms': 0.03140053525567055, 'waves': 0.9696969985961914}, {'returned': 8, 'valid': 8, 'algo_id': 66, 'tile_id': 20, 'stages_id': 35, 'split_k': 1, 'reduction': 0, 'cta_swizzle': 0, 'custom': 1, 'inner_shape': 0, 'cluster_shape': 3, 'workspace_bytes': 0, 'tune_ms': 0.02465066686272621, 'waves': 0.9696969985961914}, {'returned': 8, 'valid': 8, 'algo_id': 66, 'tile_id': 20, 'stages_id': 35, 'split_k': 1, 'reduction': 0, 'cta_swizzle': 0, 'custom': 1, 'inner_shape': 0, 'cluster_shape': 3, 'workspace_bytes': 0, 'tune_ms': 0.024808533489704132, 'waves': 0.9696969985961914}, {'returned': 8, 'valid': 8, 'algo_id': 66, 'tile_id': 20, 'stages_id': 35, 'split_k': 1, 'reduction': 0, 'cta_swizzle': 0, 'custom': 1, 'inner_shape': 0, 'cluster_shape': 3, 'workspace_bytes': 0, 'tune_ms': 0.031493332237005234, 'waves': 0.9696969985961914}, {'returned': 8, 'valid': 8, 'algo_id': 66, 'tile_id': 20, 'stages_id': 35, 'split_k': 1, 'reduction': 0, 'cta_swizzle': 0, 'custom': 1, 'inner_shape': 0, 'cluster_shape': 3, 'workspace_bytes': 0, 'tune_ms': 0.024729600176215172, 'waves': 0.9696969985961914}]",0.055984001606702805,4096,128,4096,512,llama3_8b,4096,,32,model,0.09408000111579895,0.03705599904060364,ch16_chunk512_ll16_graph_hp_pb512_pw8,0.05580800026655197
Llama 3/3.1 8B,TE+NCCL,0.34095999598503113,False,4,0.344991996884346,0.18535999953746796,ch24_chunk128_ll128_graph_normal_pb256_pw8,"[{'returned': 8, 'valid': 8, 'algo_id': 66, 'tile_id': 24, 'stages_id': 35, 'split_k': 1, 'reduction': 0, 'cta_swizzle': 0, 'custom': 7, 'inner_shape': 0, 'cluster_shape': 5, 'workspace_bytes': 4, 'tune_ms': 0.1708277314901352, 'waves': 3.8787879943847656}, {'returned': 8, 'valid': 8, 'algo_id': 66, 'tile_id': 24, 'stages_id': 35, 'split_k': 1, 'reduction': 0, 'cta_swizzle': 0, 'custom': 7, 'inner_shape': 0, 'cluster_shape': 5, 'workspace_bytes': 4, 'tune_ms': 0.17498666048049927, 'waves': 3.8787879943847656}, {'returned': 8, 'valid': 8, 'algo_id': 66, 'tile_id': 24, 'stages_id': 35, 'split_k': 1, 'reduction': 0, 'cta_swizzle': 0, 'custom': 7, 'inner_shape': 0, 'cluster_shape': 5, 'workspace_bytes': 4, 'tune_ms': 0.171984001994133, 'waves': 3.8787879943847656}, {'returned': 8, 'valid': 8, 'algo_id': 66, 'tile_id': 24, 'stages_id': 35, 'split_k': 1, 'reduction': 0, 'cta_swizzle': 0, 'custom': 7, 'inner_shape': 0, 'cluster_shape': 5, 'workspace_bytes': 4, 'tune_ms': 0.17402879893779755, 'waves': 3.8787879943847656}]",0.16820800304412842,16384,128,4096,4096,llama3_8b,4096,,32,model,0.34095999598503113,0.18534399569034576,ch24_chunk128_ll128_graph_hp_pb1024_pw4,0.16569599509239197
Llama 3/3.1 8B,TE+NCCL,0.22785600274801254,False,8,0.2297920063138008,0.1212959997355938,ch32_chunk128_ll16_graph_hp_pb512_pw8,"[{'returned': 8, 'valid': 8, 'algo_id': 66, 'tile_id': 23, 'stages_id': 35, 'split_k': 1, 'reduction': 0, 'cta_swizzle': 0, 'custom': 4, 'inner_shape': 0, 'cluster_shape': 3, 'workspace_bytes': 0, 'tune_ms': 0.08678080141544342, 'waves': 1.9393939971923828}, {'returned': 8, 'valid': 8, 'algo_id': 66, 'tile_id': 20, 'stages_id': 35, 'split_k': 1, 'reduction': 0, 'cta_swizzle': 0, 'custom': 1, 'inner_shape': 0, 'cluster_shape': 3, 'workspace_bytes': 4, 'tune_ms': 0.10571306198835373, 'waves': 3.8787879943847656}, {'returned': 8, 'valid': 8, 'algo_id': 66, 'tile_id': 23, 'stages_id': 35, 'split_k': 1, 'reduction': 0, 'cta_swizzle': 0, 'custom': 4, 'inner_shape': 0, 'cluster_shape': 3, 'workspace_bytes': 0, 'tune_ms': 0.08880533277988434, 'waves': 1.9393939971923828}, {'returned': 8, 'valid': 8, 'algo_id': 66, 'tile_id': 20, 'stages_id': 35, 'split_k': 1, 'reduction': 0, 'cta_swizzle': 0, 'custom': 1, 'inner_shape': 0, 'cluster_shape': 3, 'workspace_bytes': 4, 'tune_ms': 0.10702186077833176, 'waves': 3.8787879943847656}, {'returned': 8, 'valid': 8, 'algo_id': 66, 'tile_id': 23, 'stages_id': 35, 'split_k': 1, 'reduction': 0, 'cta_swizzle': 0, 'custom': 4, 'inner_shape': 0, 'cluster_shape': 3, 'workspace_bytes': 0, 'tune_ms': 0.08751039952039719, 'waves': 1.9393939971923828}, {'returned': 8, 'valid': 8, 'algo_id': 66, 'tile_id': 24, 'stages_id': 35, 'split_k': 1, 'reduction': 0, 'cta_swizzle': 0, 'custom': 7, 'inner_shape': 0, 'cluster_shape': 5, 'workspace_bytes': 0, 'tune_ms': 0.08838293701410294, 'waves': 1.9393939971923828}, {'returned': 8, 'valid': 8, 'algo_id': 66, 'tile_id': 20, 'stages_id': 35, 'split_k': 1, 'reduction': 0, 'cta_swizzle': 0, 'custom': 1, 'inner_shape': 0, 'cluster_shape': 3, 'workspace_bytes': 4, 'tune_ms': 0.10624320060014725, 'waves': 3.8787879943847656}, {'returned': 8, 'valid': 8, 'algo_id': 66, 'tile_id': 23, 'stages_id': 35, 'split_k': 1, 'reduction': 0, 'cta_swizzle': 0, 'custom': 4, 'inner_shape': 0, 'cluster_shape': 3, 'workspace_bytes': 0, 'tune_ms': 0.08817599713802338, 'waves': 1.9393939971923828}]",0.11592000350356102,16384,128,4096,2048,llama3_8b,4096,,32,model,0.22785600274801254,0.12065600231289864,ch32_chunk128_ll16_graph_hp_pb256_pw4,0.11319999769330025
Llama 3/3.1 8B,cuBLASLt+NCCL,2.526576042175293,False,4,2.526576042175293,1.6063200235366821,ch32_chunk128_ll128_graph_hp_pb128_pw8,"[{'returned': 8, 'valid': 8, 'algo_id': 66, 'tile_id': 209, 'stages_id': 35, 'split_k': 1, 'reduction': 0, 'cta_swizzle': 0, 'custom': 6, 'inner_shape': 0, 'cluster_shape': 5, 'workspace_bytes': 4, 'tune_ms': 1.3822112083435059, 'waves': 28.5}, {'returned': 8, 'valid': 8, 'algo_id': 66, 'tile_id': 24, 'stages_id': 35, 'split_k': 1, 'reduction': 0, 'cta_swizzle': 0, 'custom': 7, 'inner_shape': 0, 'cluster_shape': 5, 'workspace_bytes': 4, 'tune_ms': 1.4081547260284424, 'waves': 31.030303955078125}, {'returned': 8, 'valid': 8, 'algo_id': 66, 'tile_id': 23, 'stages_id': 35, 'split_k': 1, 'reduction': 0, 'cta_swizzle': 0, 'custom': 4, 'inner_shape': 0, 'cluster_shape': 3, 'workspace_bytes': 4, 'tune_ms': 1.395139217376709, 'waves': 31.030303955078125}, {'returned': 8, 'valid': 8, 'algo_id': 66, 'tile_id': 248, 'stages_id': 35, 'split_k': 1, 'reduction': 0, 'cta_swizzle': 0, 'custom': 7, 'inner_shape': 0, 'cluster_shape': 5, 'workspace_bytes': 4, 'tune_ms': 1.4001941680908203, 'waves': 25.212121963500977}]",1.0895360112190247,131072,128,4096,32768,llama3_8b,4096,,32,model,2.5378400087356567,1.6674559712409973,ch32_chunk128_ll128_graph_normal_pb1024_pw8,1.0848960280418396
Llama 3/3.1 8B,cuBLASLt+NCCL,1.433888018131256,False,8,1.433888018131256,0.8038879930973053,ch24_chunk128_ll64_graph_normal_pb128_pw4,"[{'returned': 8, 'valid': 8, 'algo_id': 66, 'tile_id': 248, 'stages_id': 35, 'split_k': 1, 'reduction': 0, 'cta_swizzle': 0, 'custom': 7, 'inner_shape': 0, 'cluster_shape': 5, 'workspace_bytes': 4, 'tune_ms': 0.7035807967185974, 'waves': 12.606060981750488}, {'returned': 8, 'valid': 8, 'algo_id': 66, 'tile_id': 29, 'stages_id': 35, 'split_k': 1, 'reduction': 0, 'cta_swizzle': 0, 'custom': 1, 'inner_shape': 0, 'cluster_shape': 3, 'workspace_bytes': 4, 'tune_ms': 0.7632928490638733, 'waves': 24.969696044921875}, {'returned': 8, 'valid': 8, 'algo_id': 66, 'tile_id': 248, 'stages_id': 35, 'split_k': 1, 'reduction': 0, 'cta_swizzle': 0, 'custom': 7, 'inner_shape': 0, 'cluster_shape': 5, 'workspace_bytes': 4, 'tune_ms': 0.7182954549789429, 'waves': 12.606060981750488}, {'returned': 8, 'valid': 8, 'algo_id': 66, 'tile_id': 29, 'stages_id': 35, 'split_k': 1, 'reduction': 0, 'cta_swizzle': 0, 'custom': 1, 'inner_shape': 0, 'cluster_shape': 3, 'workspace_bytes': 4, 'tune_ms': 0.7670783996582031, 'waves': 24.969696044921875}, {'returned': 8, 'valid': 8, 'algo_id': 66, 'tile_id': 24, 'stages_id': 35, 'split_k': 1, 'reduction': 0, 'cta_swizzle': 0, 'custom': 7, 'inner_shape': 0, 'cluster_shape': 5, 'workspace_bytes': 4, 'tune_ms': 0.7063637375831604, 'waves': 15.515151977539062}, {'returned': 8, 'valid': 8, 'algo_id': 66, 'tile_id': 24, 'stages_id': 35, 'split_k': 1, 'reduction': 0, 'cta_swizzle': 0, 'custom': 7, 'inner_shape': 0, 'cluster_shape': 5, 'workspace_bytes': 4, 'tune_ms': 0.688754141330719, 'waves': 15.515151977539062}, {'returned': 8, 'valid': 8, 'algo_id': 66, 'tile_id': 29, 'stages_id': 35, 'split_k': 1, 'reduction': 0, 'cta_swizzle': 0, 'custom': 1, 'inner_shape': 0, 'cluster_shape': 3, 'workspace_bytes': 4, 'tune_ms': 0.7614474892616272, 'waves': 24.969696044921875}, {'returned': 8, 'valid': 8, 'algo_id': 66, 'tile_id': 248, 'stages_id': 35, 'split_k': 1, 'reduction': 0, 'cta_swizzle': 0, 'custom': 7, 'inner_shape': 0, 'cluster_shape': 5, 'workspace_bytes': 4, 'tune_ms': 0.7155328392982483, 'waves': 12.606060981750488}]",0.6541920006275177,131072,128,4096,16384,llama3_8b,4096,,32,model,1.491983950138092,0.8566240072250366,ch24_chunk128_ll64_graph_normal_pb256_pw8,0.6530879735946655
Llama 3/3.1 8B,TE+NCCL,4.98801589012146,False,4,4.993776082992554,3.2638880014419556,ch24_chunk128_ll16_graph_normal_pb512_pw8,"[{'returned': 8, 'valid': 8, 'algo_id': 66, 'tile_id': 209, 'stages_id': 35, 'split_k': 1, 'reduction': 0, 'cta_swizzle': 0, 'custom': 4, 'inner_shape': 0, 'cluster_shape': 3, 'workspace_bytes': 4, 'tune_ms': 2.9881608486175537, 'waves': 57.0}, {'returned': 8, 'valid': 8, 'algo_id': 66, 'tile_id': 29, 'stages_id': 35, 'split_k': 1, 'reduction': 0, 'cta_swizzle': 0, 'custom': 1, 'inner_shape': 0, 'cluster_shape': 3, 'workspace_bytes': 4, 'tune_ms': 3.0812971591949463, 'waves': 99.39393615722656}, {'returned': 8, 'valid': 8, 'algo_id': 66, 'tile_id': 29, 'stages_id': 35, 'split_k': 1, 'reduction': 0, 'cta_swizzle': 0, 'custom': 1, 'inner_shape': 0, 'cluster_shape': 3, 'workspace_bytes': 4, 'tune_ms': 3.054574728012085, 'waves': 99.39393615722656}, {'returned': 8, 'valid': 8, 'algo_id': 66, 'tile_id': 209, 'stages_id': 35, 'split_k': 1, 'reduction': 0, 'cta_swizzle': 0, 'custom': 4, 'inner_shape': 0, 'cluster_shape': 3, 'workspace_bytes': 4, 'tune_ms': 3.0956265926361084, 'waves': 57.0}]",2.099727988243103,262144,128,4096,65536,llama3_8b,4096,,32,model,4.98801589012146,3.311903953552246,ch24_chunk128_ll16_graph_normal_pb256_pw4,2.1017119884490967
Llama 3/3.1 8B,cuBLASLt+NCCL,2.801200032234192,False,8,2.801200032234192,1.5452799797058105,ch32_chunk128_ll16_graph_normal_pb1024_pw8,"[{'returned': 8, 'valid': 8, 'algo_id': 66, 'tile_id': 495, 'stages_id': 35, 'split_k': 1, 'reduction': 0, 'cta_swizzle': 0, 'custom': 7, 'inner_shape': 0, 'cluster_shape': 5, 'workspace_bytes': 4, 'tune_ms': 1.394459843635559, 'waves': 41.45454406738281}, {'returned': 8, 'valid': 8, 'algo_id': 66, 'tile_id': 29, 'stages_id': 35, 'split_k': 1, 'reduction': 0, 'cta_swizzle': 0, 'custom': 1, 'inner_shape': 0, 'cluster_shape': 3, 'workspace_bytes': 4, 'tune_ms': 1.5809109210968018, 'waves': 49.69696807861328}, {'returned': 8, 'valid': 8, 'algo_id': 66, 'tile_id': 495, 'stages_id': 35, 'split_k': 1, 'reduction': 0, 'cta_swizzle': 0, 'custom': 7, 'inner_shape': 0, 'cluster_shape': 5, 'workspace_bytes': 4, 'tune_ms': 1.4324021339416504, 'waves': 41.45454406738281}, {'returned': 8, 'valid': 8, 'algo_id': 66, 'tile_id': 29, 'stages_id': 35, 'split_k': 1, 'reduction': 0, 'cta_swizzle': 0, 'custom': 1, 'inner_shape': 0, 'cluster_shape': 3, 'workspace_bytes': 4, 'tune_ms': 1.5621193647384644, 'waves': 49.69696807861328}, {'returned': 8, 'valid': 8, 'algo_id': 66, 'tile_id': 495, 'stages_id': 35, 'split_k': 1, 'reduction': 0, 'cta_swizzle': 0, 'custom': 7, 'inner_shape': 0, 'cluster_shape': 5, 'workspace_bytes': 4, 'tune_ms': 1.4064438343048096, 'waves': 41.45454406738281}, {'returned': 8, 'valid': 8, 'algo_id': 66, 'tile_id': 495, 'stages_id': 35, 'split_k': 1, 'reduction': 0, 'cta_swizzle': 0, 'custom': 7, 'inner_shape': 0, 'cluster_shape': 5, 'workspace_bytes': 4, 'tune_ms': 1.423979640007019, 'waves': 41.45454406738281}, {'returned': 8, 'valid': 8, 'algo_id': 66, 'tile_id': 29, 'stages_id': 35, 'split_k': 1, 'reduction': 0, 'cta_swizzle': 0, 'custom': 1, 'inner_shape': 0, 'cluster_shape': 3, 'workspace_bytes': 4, 'tune_ms': 1.5569461584091187, 'waves': 49.69696807861328}, {'returned': 8, 'valid': 8, 'algo_id': 66, 'tile_id': 209, 'stages_id': 35, 'split_k': 1, 'reduction': 0, 'cta_swizzle': 0, 'custom': 6, 'inner_shape': 0, 'cluster_shape': 5, 'workspace_bytes': 4, 'tune_ms': 1.436903476715088, 'waves': 28.5}]",1.271440029144287,262144,128,4096,32768,llama3_8b,4096,,32,model,2.9184800386428833,1.6728320121765137,ch32_chunk128_ll16_graph_normal_pb1024_pw8,1.271440029144287
Llama 3/3.1 8B,TE+NCCL,9.945856094360352,False,4,10.083968162536621,6.536831855773926,ch32_chunk128_ll128_graph_normal_pb512_pw8,"[{'returned': 8, 'valid': 8, 'algo_id': 66, 'tile_id': 29, 'stages_id': 35, 'split_k': 1, 'reduction': 0, 'cta_swizzle': 0, 'custom': 1, 'inner_shape': 0, 'cluster_shape': 3, 'workspace_bytes': 4, 'tune_ms': 6.171768665313721, 'waves': 198.78787231445312}, {'returned': 8, 'valid': 8, 'algo_id': 66, 'tile_id': 29, 'stages_id': 35, 'split_k': 1, 'reduction': 0, 'cta_swizzle': 0, 'custom': 1, 'inner_shape': 0, 'cluster_shape': 3, 'workspace_bytes': 4, 'tune_ms': 6.233506202697754, 'waves': 198.78787231445312}, {'returned': 8, 'valid': 8, 'algo_id': 66, 'tile_id': 29, 'stages_id': 35, 'split_k': 1, 'reduction': 0, 'cta_swizzle': 0, 'custom': 1, 'inner_shape': 0, 'cluster_shape': 3, 'workspace_bytes': 4, 'tune_ms': 6.197219371795654, 'waves': 198.78787231445312}, {'returned': 8, 'valid': 8, 'algo_id': 66, 'tile_id': 24, 'stages_id': 35, 'split_k': 1, 'reduction': 0, 'cta_swizzle': 0, 'custom': 7, 'inner_shape': 0, 'cluster_shape': 5, 'workspace_bytes': 4, 'tune_ms': 6.277972221374512, 'waves': 124.1212158203125}]",4.126479864120483,524288,128,4096,131072,llama3_8b,4096,,32,model,9.945856094360352,6.5423359870910645,ch32_chunk128_ll16_graph_normal_pb256_pw4,4.12884783744812
Llama 3/3.1 8B,cuBLASLt+NCCL,5.512095928192139,False,8,5.512095928192139,3.2463839054107666,ch24_chunk128_ll16_graph_hp_pb512_pw4,"[{'returned': 8, 'valid': 8, 'algo_id': 66, 'tile_id': 29, 'stages_id': 35, 'split_k': 1, 'reduction': 0, 'cta_swizzle': 0, 'custom': 1, 'inner_shape': 0, 'cluster_shape': 3, 'workspace_bytes': 4, 'tune_ms': 3.0651168823242188, 'waves': 99.39393615722656}, {'returned': 8, 'valid': 8, 'algo_id': 66, 'tile_id': 29, 'stages_id': 35, 'split_k': 1, 'reduction': 0, 'cta_swizzle': 0, 'custom': 1, 'inner_shape': 0, 'cluster_shape': 3, 'workspace_bytes': 4, 'tune_ms': 3.1106369495391846, 'waves': 99.39393615722656}, {'returned': 8, 'valid': 8, 'algo_id': 66, 'tile_id': 29, 'stages_id': 35, 'split_k': 1, 'reduction': 0, 'cta_swizzle': 0, 'custom': 1, 'inner_shape': 0, 'cluster_shape': 3, 'workspace_bytes': 4, 'tune_ms': 3.0740671157836914, 'waves': 99.39393615722656}, {'returned': 8, 'valid': 8, 'algo_id': 66, 'tile_id': 29, 'stages_id': 35, 'split_k': 1, 'reduction': 0, 'cta_swizzle': 0, 'custom': 1, 'inner_shape': 0, 'cluster_shape': 3, 'workspace_bytes': 4, 'tune_ms': 3.1155009269714355, 'waves': 99.39393615722656}, {'returned': 8, 'valid': 8, 'algo_id': 66, 'tile_id': 209, 'stages_id': 35, 'split_k': 1, 'reduction': 0, 'cta_swizzle': 0, 'custom': 4, 'inner_shape': 0, 'cluster_shape': 3, 'workspace_bytes': 4, 'tune_ms': 2.918266534805298, 'waves': 57.0}, {'returned': 8, 'valid': 8, 'algo_id': 66, 'tile_id': 29, 'stages_id': 35, 'split_k': 1, 'reduction': 0, 'cta_swizzle': 0, 'custom': 1, 'inner_shape': 0, 'cluster_shape': 3, 'workspace_bytes': 4, 'tune_ms': 3.1025428771972656, 'waves': 99.39393615722656}, {'returned': 8, 'valid': 8, 'algo_id': 66, 'tile_id': 29, 'stages_id': 35, 'split_k': 1, 'reduction': 0, 'cta_swizzle': 0, 'custom': 1, 'inner_shape': 0, 'cluster_shape': 3, 'workspace_bytes': 4, 'tune_ms': 3.1005706787109375, 'waves': 99.39393615722656}, {'returned': 8, 'valid': 8, 'algo_id': 66, 'tile_id': 209, 'stages_id': 35, 'split_k': 1, 'reduction': 0, 'cta_swizzle': 0, 'custom': 4, 'inner_shape': 0, 'cluster_shape': 3, 'workspace_bytes': 4, 'tune_ms': 2.9428555965423584, 'waves': 57.0}]",2.474063992500305,524288,128,4096,65536,llama3_8b,4096,,32,model,5.727312088012695,3.2713279724121094,ch24_chunk128_ll16_graph_hp_pb512_pw8,2.4748319387435913
Qwen2.5 14B/32B,TE+NCCL,0.06321599707007408,False,4,0.06727999821305275,0.029311999678611755,ch32_chunk1024_ll16_graph_hp_pb1024_pw8,"[{'returned': 8, 'valid': 8, 'algo_id': 66, 'tile_id': 28, 'stages_id': 35, 'split_k': 1, 'reduction': 0, 'cta_swizzle': 0, 'custom': 0, 'inner_shape': 0, 'cluster_shape': 7, 'workspace_bytes': 0, 'tune_ms': 0.024770133197307587, 'waves': 0.8181818127632141}, {'returned': 8, 'valid': 8, 'algo_id': 66, 'tile_id': 135, 'stages_id': 35, 'split_k': 1, 'reduction': 0, 'cta_swizzle': 0, 'custom': 0, 'inner_shape': 0, 'cluster_shape': 3, 'workspace_bytes': 0, 'tune_ms': 0.02478400059044361, 'waves': 0.9696969985961914}, {'returned': 8, 'valid': 8, 'algo_id': 66, 'tile_id': 28, 'stages_id': 35, 'split_k': 1, 'reduction': 0, 'cta_swizzle': 0, 'custom': 0, 'inner_shape': 0, 'cluster_shape': 7, 'workspace_bytes': 0, 'tune_ms': 0.024721065536141396, 'waves': 0.8181818127632141}, {'returned': 8, 'valid': 8, 'algo_id': 66, 'tile_id': 28, 'stages_id': 35, 'split_k': 1, 'reduction': 0, 'cta_swizzle': 0, 'custom': 0, 'inner_shape': 0, 'cluster_shape': 7, 'workspace_bytes': 0, 'tune_ms': 0.024801068007946014, 'waves': 0.8181818127632141}]",0.036927999928593636,1024,128,5120,256,qwen25_14b_32b,5120,,40,model,0.06321599707007408,0.028783999383449554,ch32_chunk1024_ll16_graph_hp_pb128_pw4,0.03486400097608566
Qwen2.5 14B/32B,TE+NCCL,0.05966399982571602,False,8,0.059808000922203064,0.025280000641942024,ch24_chunk256_ll64_graph_hp_pb1024_pw8,"[{'returned': 8, 'valid': 8, 'algo_id': 66, 'tile_id': 27, 'stages_id': 35, 'split_k': 1, 'reduction': 0, 'cta_swizzle': 0, 'custom': 0, 'inner_shape': 0, 'cluster_shape': 7, 'workspace_bytes': 0, 'tune_ms': 0.019061332568526268, 'waves': 0.8181818127632141}, {'returned': 8, 'valid': 8, 'algo_id': 66, 'tile_id': 27, 'stages_id': 35, 'split_k': 1, 'reduction': 0, 'cta_swizzle': 0, 'custom': 0, 'inner_shape': 0, 'cluster_shape': 7, 'workspace_bytes': 0, 'tune_ms': 0.0205706674605608, 'waves': 0.8181818127632141}, {'returned': 8, 'valid': 8, 'algo_id': 66, 'tile_id': 27, 'stages_id': 35, 'split_k': 1, 'reduction': 0, 'cta_swizzle': 0, 'custom': 0, 'inner_shape': 0, 'cluster_shape': 7, 'workspace_bytes': 0, 'tune_ms': 0.019076265394687653, 'waves': 0.8181818127632141}, {'returned': 8, 'valid': 8, 'algo_id': 66, 'tile_id': 27, 'stages_id': 35, 'split_k': 1, 'reduction': 0, 'cta_swizzle': 0, 'custom': 0, 'inner_shape': 0, 'cluster_shape': 7, 'workspace_bytes': 0, 'tune_ms': 0.02043520100414753, 'waves': 0.8181818127632141}, {'returned': 8, 'valid': 8, 'algo_id': 66, 'tile_id': 27, 'stages_id': 35, 'split_k': 1, 'reduction': 0, 'cta_swizzle': 0, 'custom': 0, 'inner_shape': 0, 'cluster_shape': 7, 'workspace_bytes': 0, 'tune_ms': 0.01897173374891281, 'waves': 0.8181818127632141}, {'returned': 8, 'valid': 8, 'algo_id': 66, 'tile_id': 27, 'stages_id': 35, 'split_k': 1, 'reduction': 0, 'cta_swizzle': 0, 'custom': 0, 'inner_shape': 0, 'cluster_shape': 7, 'workspace_bytes': 0, 'tune_ms': 0.018810667097568512, 'waves': 0.8181818127632141}, {'returned': 8, 'valid': 8, 'algo_id': 66, 'tile_id': 27, 'stages_id': 35, 'split_k': 1, 'reduction': 0, 'cta_swizzle': 0, 'custom': 0, 'inner_shape': 0, 'cluster_shape': 7, 'workspace_bytes': 0, 'tune_ms': 0.020739199593663216, 'waves': 0.8181818127632141}, {'returned': 8, 'valid': 8, 'algo_id': 66, 'tile_id': 27, 'stages_id': 35, 'split_k': 1, 'reduction': 0, 'cta_swizzle': 0, 'custom': 0, 'inner_shape': 0, 'cluster_shape': 7, 'workspace_bytes': 0, 'tune_ms': 0.018915200605988503, 'waves': 0.8181818127632141}]",0.034960001707077026,1024,128,5120,128,qwen25_14b_32b,5120,,40,model,0.05966399982571602,0.025296000763773918,ch24_chunk256_ll64_graph_hp_pb1024_pw8,0.034960001707077026
Qwen2.5 14B/32B,TE+NCCL,0.14660800248384476,False,4,0.14668799936771393,0.07548800110816956,ch32_chunk128_ll64_graph_normal_pb128_pw8,"[{'returned': 8, 'valid': 8, 'algo_id': 66, 'tile_id': 248, 'stages_id': 35, 'split_k': 1, 'reduction': 0, 'cta_swizzle': 0, 'custom': 7, 'inner_shape': 0, 'cluster_shape': 5, 'workspace_bytes': 0, 'tune_ms': 0.06885120272636414, 'waves': 0.9696969985961914}, {'returned': 8, 'valid': 8, 'algo_id': 66, 'tile_id': 248, 'stages_id': 35, 'split_k': 1, 'reduction': 0, 'cta_swizzle': 0, 'custom': 7, 'inner_shape': 0, 'cluster_shape': 5, 'workspace_bytes': 0, 'tune_ms': 0.07035626471042633, 'waves': 0.9696969985961914}, {'returned': 8, 'valid': 8, 'algo_id': 66, 'tile_id': 248, 'stages_id': 35, 'split_k': 1, 'reduction': 0, 'cta_swizzle': 0, 'custom': 7, 'inner_shape': 0, 'cluster_shape': 5, 'workspace_bytes': 0, 'tune_ms': 0.06910080462694168, 'waves': 0.9696969985961914}, {'returned': 8, 'valid': 8, 'algo_id': 66, 'tile_id': 248, 'stages_id': 35, 'split_k': 1, 'reduction': 0, 'cta_swizzle': 0, 'custom': 7, 'inner_shape': 0, 'cluster_shape': 5, 'workspace_bytes': 0, 'tune_ms': 0.06987626850605011, 'waves': 0.9696969985961914}]",0.07348800078034401,4096,128,5120,1024,qwen25_14b_32b,5120,,40,model,0.14660800248384476,0.07555200159549713,ch32_chunk128_ll64_graph_normal_pb128_pw4,0.07329599931836128
Qwen2.5 14B/32B,cuBLASLt+NCCL,0.10545599833130836,False,8,0.10545599833130836,0.0517439991235733,ch24_chunk1024_ll16_graph_hp_pb128_pw4,"[{'returned': 8, 'valid': 8, 'algo_id': 66, 'tile_id': 135, 'stages_id': 35, 'split_k': 1, 'reduction': 0, 'cta_swizzle': 0, 'custom': 0, 'inner_shape': 0, 'cluster_shape': 3, 'workspace_bytes': 0, 'tune_ms': 0.038439467549324036, 'waves': 1.9393939971923828}, {'returned': 8, 'valid': 8, 'algo_id': 66, 'tile_id': 135, 'stages_id': 35, 'split_k': 1, 'reduction': 0, 'cta_swizzle': 0, 'custom': 0, 'inner_shape': 0, 'cluster_shape': 3, 'workspace_bytes': 0, 'tune_ms': 0.04543786868453026, 'waves': 1.9393939971923828}, {'returned': 8, 'valid': 8, 'algo_id': 66, 'tile_id': 197, 'stages_id': 35, 'split_k': 1, 'reduction': 0, 'cta_swizzle': 0, 'custom': 2, 'inner_shape': 0, 'cluster_shape': 5, 'workspace_bytes': 0, 'tune_ms': 0.03930346667766571, 'waves': 0.939393937587738}, {'returned': 8, 'valid': 8, 'algo_id': 66, 'tile_id': 135, 'stages_id': 35, 'split_k': 1, 'reduction': 0, 'cta_swizzle': 0, 'custom': 0, 'inner_shape': 0, 'cluster_shape': 3, 'workspace_bytes': 0, 'tune_ms': 0.045257601886987686, 'waves': 1.9393939971923828}, {'returned': 8, 'valid': 8, 'algo_id': 66, 'tile_id': 197, 'stages_id': 35, 'split_k': 1, 'reduction': 0, 'cta_swizzle': 0, 'custom': 2, 'inner_shape': 0, 'cluster_shape': 5, 'workspace_bytes': 0, 'tune_ms': 0.038652800023555756, 'waves': 0.939393937587738}, {'returned': 8, 'valid': 8, 'algo_id': 66, 'tile_id': 197, 'stages_id': 35, 'split_k': 1, 'reduction': 0, 'cta_swizzle': 0, 'custom': 2, 'inner_shape': 0, 'cluster_shape': 5, 'workspace_bytes': 0, 'tune_ms': 0.038972798734903336, 'waves': 0.939393937587738}, {'returned': 8, 'valid': 8, 'algo_id': 66, 'tile_id': 135, 'stages_id': 35, 'split_k': 1, 'reduction': 0, 'cta_swizzle': 0, 'custom': 0, 'inner_shape': 0, 'cluster_shape': 3, 'workspace_bytes': 0, 'tune_ms': 0.046377599239349365, 'waves': 1.9393939971923828}, {'returned': 8, 'valid': 8, 'algo_id': 66, 'tile_id': 197, 'stages_id': 35, 'split_k': 1, 'reduction': 0, 'cta_swizzle': 0, 'custom': 2, 'inner_shape': 0, 'cluster_shape': 5, 'workspace_bytes': 0, 'tune_ms': 0.03895893320441246, 'waves': 0.939393937587738}]",0.053872000426054,4096,128,5120,512,qwen25_14b_32b,5120,,40,model,0.1085279993712902,0.0544000007212162,ch24_chunk1024_ll16_graph_hp_pb256_pw4,0.05382400006055832
Qwen2.5 14B/32B,cuBLASLt+NCCL,0.4724320024251938,False,4,0.4724320024251938,0.29684799909591675,ch32_chunk128_ll16_graph_normal_pb512_pw8,"[{'returned': 8, 'valid': 8, 'algo_id': 66, 'tile_id': 24, 'stages_id': 35, 'split_k': 1, 'reduction': 0, 'cta_swizzle': 0, 'custom': 7, 'inner_shape': 0, 'cluster_shape': 5, 'workspace_bytes': 4, 'tune_ms': 0.26988479495048523, 'waves': 4.848484992980957}, {'returned': 8, 'valid': 8, 'algo_id': 66, 'tile_id': 24, 'stages_id': 35, 'split_k': 1, 'reduction': 0, 'cta_swizzle': 0, 'custom': 7, 'inner_shape': 0, 'cluster_shape': 5, 'workspace_bytes': 4, 'tune_ms': 0.27632638812065125, 'waves': 4.848484992980957}, {'returned': 8, 'valid': 8, 'algo_id': 66, 'tile_id': 24, 'stages_id': 35, 'split_k': 1, 'reduction': 0, 'cta_swizzle': 0, 'custom': 7, 'inner_shape': 0, 'cluster_shape': 5, 'workspace_bytes': 4, 'tune_ms': 0.271507203578949, 'waves': 4.848484992980957}, {'returned': 8, 'valid': 8, 'algo_id': 66, 'tile_id': 24, 'stages_id': 35, 'split_k': 1, 'reduction': 0, 'cta_swizzle': 0, 'custom': 7, 'inner_shape': 0, 'cluster_shape': 5, 'workspace_bytes': 4, 'tune_ms': 0.27643200755119324, 'waves': 4.848484992980957}]",0.2014399990439415,16384,128,5120,4096,qwen25_14b_32b,5120,,40,model,0.47785599529743195,0.28308799862861633,ch32_chunk128_ll16_graph_normal_pb1024_pw8,0.20294399559497833
Qwen2.5 14B/32B,cuBLASLt+NCCL,0.306335985660553,False,8,0.306335985660553,0.18276800215244293,ch24_chunk128_ll16_graph_hp_pb1024_pw8,"[{'returned': 8, 'valid': 8, 'algo_id': 66, 'tile_id': 248, 'stages_id': 35, 'split_k': 1, 'reduction': 0, 'cta_swizzle': 0, 'custom': 7, 'inner_shape': 0, 'cluster_shape': 5, 'workspace_bytes': 0, 'tune_ms': 0.13820479810237885, 'waves': 1.9393939971923828}, {'returned': 8, 'valid': 8, 'algo_id': 66, 'tile_id': 29, 'stages_id': 35, 'split_k': 1, 'reduction': 0, 'cta_swizzle': 0, 'custom': 1, 'inner_shape': 0, 'cluster_shape': 3, 'workspace_bytes': 4, 'tune_ms': 0.1592554748058319, 'waves': 3.939393997192383}, {'returned': 8, 'valid': 8, 'algo_id': 66, 'tile_id': 248, 'stages_id': 35, 'split_k': 1, 'reduction': 0, 'cta_swizzle': 0, 'custom': 7, 'inner_shape': 0, 'cluster_shape': 5, 'workspace_bytes': 0, 'tune_ms': 0.14090347290039062, 'waves': 1.9393939971923828}, {'returned': 8, 'valid': 8, 'algo_id': 66, 'tile_id': 20, 'stages_id': 35, 'split_k': 1, 'reduction': 0, 'cta_swizzle': 0, 'custom': 1, 'inner_shape': 0, 'cluster_shape': 3, 'workspace_bytes': 4, 'tune_ms': 0.15925119817256927, 'waves': 4.848484992980957}, {'returned': 8, 'valid': 8, 'algo_id': 66, 'tile_id': 248, 'stages_id': 35, 'split_k': 1, 'reduction': 0, 'cta_swizzle': 0, 'custom': 7, 'inner_shape': 0, 'cluster_shape': 5, 'workspace_bytes': 0, 'tune_ms': 0.13938985764980316, 'waves': 1.9393939971923828}, {'returned': 8, 'valid': 8, 'algo_id': 66, 'tile_id': 248, 'stages_id': 35, 'split_k': 1, 'reduction': 0, 'cta_swizzle': 0, 'custom': 7, 'inner_shape': 0, 'cluster_shape': 5, 'workspace_bytes': 0, 'tune_ms': 0.14109759032726288, 'waves': 1.9393939971923828}, {'returned': 8, 'valid': 8, 'algo_id': 66, 'tile_id': 29, 'stages_id': 35, 'split_k': 1, 'reduction': 0, 'cta_swizzle': 0, 'custom': 1, 'inner_shape': 0, 'cluster_shape': 3, 'workspace_bytes': 4, 'tune_ms': 0.1587168127298355, 'waves': 3.939393997192383}, {'returned': 8, 'valid': 8, 'algo_id': 66, 'tile_id': 248, 'stages_id': 35, 'split_k': 1, 'reduction': 0, 'cta_swizzle': 0, 'custom': 7, 'inner_shape': 0, 'cluster_shape': 5, 'workspace_bytes': 0, 'tune_ms': 0.14065919816493988, 'waves': 1.9393939971923828}]",0.13449599593877792,16384,128,5120,2048,qwen25_14b_32b,5120,,40,model,0.307328000664711,0.18196800351142883,ch24_chunk128_ll64_graph_normal_pb512_pw8,0.13393600285053253
Qwen2.5 14B/32B,TE+NCCL,3.517504096031189,False,4,3.5262879133224487,2.480544090270996,ch24_chunk128_ll16_graph_normal_pb1024_pw8,"[{'returned': 8, 'valid': 8, 'algo_id': 66, 'tile_id': 24, 'stages_id': 35, 'split_k': 1, 'reduction': 0, 'cta_swizzle': 0, 'custom': 7, 'inner_shape': 0, 'cluster_shape': 5, 'workspace_bytes': 4, 'tune_ms': 2.3387136459350586, 'waves': 38.787879943847656}, {'returned': 8, 'valid': 8, 'algo_id': 66, 'tile_id': 24, 'stages_id': 35, 'split_k': 1, 'reduction': 0, 'cta_swizzle': 0, 'custom': 7, 'inner_shape': 0, 'cluster_shape': 5, 'workspace_bytes': 4, 'tune_ms': 2.320305109024048, 'waves': 38.787879943847656}, {'returned': 8, 'valid': 8, 'algo_id': 66, 'tile_id': 24, 'stages_id': 35, 'split_k': 1, 'reduction': 0, 'cta_swizzle': 0, 'custom': 7, 'inner_shape': 0, 'cluster_shape': 5, 'workspace_bytes': 4, 'tune_ms': 2.290560007095337, 'waves': 38.787879943847656}, {'returned': 8, 'valid': 8, 'algo_id': 66, 'tile_id': 24, 'stages_id': 35, 'split_k': 1, 'reduction': 0, 'cta_swizzle': 0, 'custom': 7, 'inner_shape': 0, 'cluster_shape': 5, 'workspace_bytes': 4, 'tune_ms': 2.2009494304656982, 'waves': 38.787879943847656}]",1.332527995109558,131072,128,5120,32768,qwen25_14b_32b,5120,,40,model,3.517504096031189,2.7677600383758545,ch24_chunk128_ll128_graph_normal_pb1024_pw8,1.3425280451774597
Qwen2.5 14B/32B,cuBLASLt+NCCL,2.061616063117981,False,8,2.061616063117981,1.3013759851455688,ch24_chunk128_ll64_graph_hp_pb1024_pw4,"[{'returned': 8, 'valid': 8, 'algo_id': 66, 'tile_id': 248, 'stages_id': 35, 'split_k': 1, 'reduction': 0, 'cta_swizzle': 0, 'custom': 7, 'inner_shape': 0, 'cluster_shape': 5, 'workspace_bytes': 4, 'tune_ms': 1.0873643159866333, 'waves': 15.515151977539062}, {'returned': 8, 'valid': 8, 'algo_id': 66, 'tile_id': 495, 'stages_id': 35, 'split_k': 1, 'reduction': 0, 'cta_swizzle': 0, 'custom': 5, 'inner_shape': 0, 'cluster_shape': 3, 'workspace_bytes': 4, 'tune_ms': 1.238811731338501, 'waves': 25.909090042114258}, {'returned': 8, 'valid': 8, 'algo_id': 66, 'tile_id': 248, 'stages_id': 35, 'split_k': 1, 'reduction': 0, 'cta_swizzle': 0, 'custom': 7, 'inner_shape': 0, 'cluster_shape': 5, 'workspace_bytes': 4, 'tune_ms': 1.1037930250167847, 'waves': 15.515151977539062}, {'returned': 8, 'valid': 8, 'algo_id': 66, 'tile_id': 23, 'stages_id': 35, 'split_k': 1, 'reduction': 0, 'cta_swizzle': 0, 'custom': 4, 'inner_shape': 0, 'cluster_shape': 3, 'workspace_bytes': 4, 'tune_ms': 1.248517394065857, 'waves': 19.393939971923828}, {'returned': 8, 'valid': 8, 'algo_id': 66, 'tile_id': 248, 'stages_id': 35, 'split_k': 1, 'reduction': 0, 'cta_swizzle': 0, 'custom': 7, 'inner_shape': 0, 'cluster_shape': 5, 'workspace_bytes': 4, 'tune_ms': 1.0992341041564941, 'waves': 15.515151977539062}, {'returned': 8, 'valid': 8, 'algo_id': 66, 'tile_id': 248, 'stages_id': 35, 'split_k': 1, 'reduction': 0, 'cta_swizzle': 0, 'custom': 7, 'inner_shape': 0, 'cluster_shape': 5, 'workspace_bytes': 4, 'tune_ms': 1.099719524383545, 'waves': 15.515151977539062}, {'returned': 8, 'valid': 8, 'algo_id': 66, 'tile_id': 495, 'stages_id': 35, 'split_k': 1, 'reduction': 0, 'cta_swizzle': 0, 'custom': 5, 'inner_shape': 0, 'cluster_shape': 3, 'workspace_bytes': 4, 'tune_ms': 1.2499605417251587, 'waves': 25.909090042114258}, {'returned': 8, 'valid': 8, 'algo_id': 66, 'tile_id': 248, 'stages_id': 35, 'split_k': 1, 'reduction': 0, 'cta_swizzle': 0, 'custom': 7, 'inner_shape': 0, 'cluster_shape': 5, 'workspace_bytes': 4, 'tune_ms': 1.1058634519577026, 'waves': 15.515151977539062}]",0.8146879971027374,131072,128,5120,16384,qwen25_14b_32b,5120,,40,model,2.0886080265045166,1.291759967803955,ch32_chunk128_ll128_graph_normal_pb128_pw4,0.8159519731998444
Qwen2.5 14B/32B,TE+NCCL,7.182447910308838,False,4,7.808607816696167,5.00054407119751,ch24_chunk128_ll16_graph_normal_pb512_pw4,"[{'returned': 8, 'valid': 8, 'algo_id': 66, 'tile_id': 209, 'stages_id': 35, 'split_k': 1, 'reduction': 0, 'cta_swizzle': 0, 'custom': 6, 'inner_shape': 0, 'cluster_shape': 5, 'workspace_bytes': 4, 'tune_ms': 4.667652606964111, 'waves': 69.95454406738281}, {'returned': 8, 'valid': 8, 'algo_id': 66, 'tile_id': 209, 'stages_id': 35, 'split_k': 1, 'reduction': 0, 'cta_swizzle': 0, 'custom': 6, 'inner_shape': 0, 'cluster_shape': 5, 'workspace_bytes': 4, 'tune_ms': 4.780785083770752, 'waves': 69.95454406738281}, {'returned': 8, 'valid': 8, 'algo_id': 66, 'tile_id': 23, 'stages_id': 35, 'split_k': 1, 'reduction': 0, 'cta_swizzle': 0, 'custom': 4, 'inner_shape': 0, 'cluster_shape': 3, 'workspace_bytes': 4, 'tune_ms': 4.614275932312012, 'waves': 77.57575988769531}, {'returned': 8, 'valid': 8, 'algo_id': 66, 'tile_id': 209, 'stages_id': 35, 'split_k': 1, 'reduction': 0, 'cta_swizzle': 0, 'custom': 6, 'inner_shape': 0, 'cluster_shape': 5, 'workspace_bytes': 4, 'tune_ms': 4.660524845123291, 'waves': 69.95454406738281}]",2.6064319610595703,262144,128,5120,65536,qwen25_14b_32b,5120,,40,model,7.182447910308838,5.054800033569336,ch24_chunk128_ll16_graph_normal_pb1024_pw8,2.6050719022750854
Qwen2.5 14B/32B,cuBLASLt+NCCL,3.9555200338363647,False,8,3.9555200338363647,2.444256067276001,ch24_chunk128_ll128_graph_hp_pb128_pw8,"[{'returned': 8, 'valid': 8, 'algo_id': 66, 'tile_id': 24, 'stages_id': 35, 'split_k': 1, 'reduction': 0, 'cta_swizzle': 0, 'custom': 7, 'inner_shape': 0, 'cluster_shape': 5, 'workspace_bytes': 4, 'tune_ms': 2.2748916149139404, 'waves': 38.787879943847656}, {'returned': 8, 'valid': 8, 'algo_id': 66, 'tile_id': 29, 'stages_id': 35, 'split_k': 1, 'reduction': 0, 'cta_swizzle': 0, 'custom': 1, 'inner_shape': 0, 'cluster_shape': 3, 'workspace_bytes': 4, 'tune_ms': 2.4179775714874268, 'waves': 62.121212005615234}, {'returned': 8, 'valid': 8, 'algo_id': 66, 'tile_id': 24, 'stages_id': 35, 'split_k': 1, 'reduction': 0, 'cta_swizzle': 0, 'custom': 7, 'inner_shape': 0, 'cluster_shape': 5, 'workspace_bytes': 4, 'tune_ms': 2.135155200958252, 'waves': 38.787879943847656}, {'returned': 8, 'valid': 8, 'algo_id': 66, 'tile_id': 29, 'stages_id': 35, 'split_k': 1, 'reduction': 0, 'cta_swizzle': 0, 'custom': 1, 'inner_shape': 0, 'cluster_shape': 3, 'workspace_bytes': 4, 'tune_ms': 2.3876702785491943, 'waves': 62.121212005615234}, {'returned': 8, 'valid': 8, 'algo_id': 66, 'tile_id': 24, 'stages_id': 35, 'split_k': 1, 'reduction': 0, 'cta_swizzle': 0, 'custom': 7, 'inner_shape': 0, 'cluster_shape': 5, 'workspace_bytes': 4, 'tune_ms': 2.2627511024475098, 'waves': 38.787879943847656}, {'returned': 8, 'valid': 8, 'algo_id': 66, 'tile_id': 24, 'stages_id': 35, 'split_k': 1, 'reduction': 0, 'cta_swizzle': 0, 'custom': 7, 'inner_shape': 0, 'cluster_shape': 5, 'workspace_bytes': 4, 'tune_ms': 2.1813738346099854, 'waves': 38.787879943847656}, {'returned': 8, 'valid': 8, 'algo_id': 66, 'tile_id': 29, 'stages_id': 35, 'split_k': 1, 'reduction': 0, 'cta_swizzle': 0, 'custom': 1, 'inner_shape': 0, 'cluster_shape': 3, 'workspace_bytes': 4, 'tune_ms': 2.3955488204956055, 'waves': 62.121212005615234}, {'returned': 8, 'valid': 8, 'algo_id': 66, 'tile_id': 24, 'stages_id': 35, 'split_k': 1, 'reduction': 0, 'cta_swizzle': 0, 'custom': 7, 'inner_shape': 0, 'cluster_shape': 5, 'workspace_bytes': 4, 'tune_ms': 2.2895028591156006, 'waves': 38.787879943847656}]",1.5729119777679443,262144,128,5120,32768,qwen25_14b_32b,5120,,40,model,4.013967990875244,2.4711999893188477,ch24_chunk128_ll128_graph_hp_pb512_pw4,1.5735840201377869
Qwen2.5 14B/32B,TE+NCCL,14.516272068023682,False,4,14.652063846588135,10.249567985534668,ch24_chunk128_ll16_graph_normal_pb512_pw4,"[{'returned': 8, 'valid': 8, 'algo_id': 66, 'tile_id': 23, 'stages_id': 35, 'split_k': 1, 'reduction': 0, 'cta_swizzle': 0, 'custom': 4, 'inner_shape': 0, 'cluster_shape': 3, 'workspace_bytes': 4, 'tune_ms': 9.843413352966309, 'waves': 155.15151977539062}, {'returned': 8, 'valid': 8, 'algo_id': 66, 'tile_id': 23, 'stages_id': 35, 'split_k': 1, 'reduction': 0, 'cta_swizzle': 0, 'custom': 4, 'inner_shape': 0, 'cluster_shape': 3, 'workspace_bytes': 4, 'tune_ms': 9.896188735961914, 'waves': 155.15151977539062}, {'returned': 8, 'valid': 8, 'algo_id': 66, 'tile_id': 248, 'stages_id': 35, 'split_k': 1, 'reduction': 0, 'cta_swizzle': 0, 'custom': 7, 'inner_shape': 0, 'cluster_shape': 5, 'workspace_bytes': 4, 'tune_ms': 9.89863395690918, 'waves': 124.1212158203125}, {'returned': 8, 'valid': 8, 'algo_id': 66, 'tile_id': 248, 'stages_id': 35, 'split_k': 1, 'reduction': 0, 'cta_swizzle': 0, 'custom': 7, 'inner_shape': 0, 'cluster_shape': 5, 'workspace_bytes': 4, 'tune_ms': 9.939919471740723, 'waves': 124.1212158203125}]",5.145183801651001,524288,128,5120,131072,qwen25_14b_32b,5120,,40,model,14.516272068023682,10.025327682495117,ch24_chunk128_ll16_graph_normal_pb128_pw8,5.146176099777222
Qwen2.5 14B/32B,cuBLASLt+NCCL,7.930992126464844,False,8,7.930992126464844,5.019968032836914,ch32_chunk128_ll16_graph_hp_pb1024_pw4,"[{'returned': 8, 'valid': 8, 'algo_id': 66, 'tile_id': 24, 'stages_id': 35, 'split_k': 1, 'reduction': 0, 'cta_swizzle': 0, 'custom': 7, 'inner_shape': 0, 'cluster_shape': 5, 'workspace_bytes': 4, 'tune_ms': 4.834835529327393, 'waves': 77.57575988769531}, {'returned': 8, 'valid': 8, 'algo_id': 66, 'tile_id': 24, 'stages_id': 35, 'split_k': 1, 'reduction': 0, 'cta_swizzle': 0, 'custom': 7, 'inner_shape': 0, 'cluster_shape': 5, 'workspace_bytes': 4, 'tune_ms': 4.895644664764404, 'waves': 77.57575988769531}, {'returned': 8, 'valid': 8, 'algo_id': 66, 'tile_id': 24, 'stages_id': 35, 'split_k': 1, 'reduction': 0, 'cta_swizzle': 0, 'custom': 7, 'inner_shape': 0, 'cluster_shape': 5, 'workspace_bytes': 4, 'tune_ms': 4.861520767211914, 'waves': 77.57575988769531}, {'returned': 8, 'valid': 8, 'algo_id': 66, 'tile_id': 24, 'stages_id': 35, 'split_k': 1, 'reduction': 0, 'cta_swizzle': 0, 'custom': 7, 'inner_shape': 0, 'cluster_shape': 5, 'workspace_bytes': 4, 'tune_ms': 4.843825340270996, 'waves': 77.57575988769531}, {'returned': 8, 'valid': 8, 'algo_id': 66, 'tile_id': 209, 'stages_id': 35, 'split_k': 1, 'reduction': 0, 'cta_swizzle': 0, 'custom': 6, 'inner_shape': 0, 'cluster_shape': 5, 'workspace_bytes': 4, 'tune_ms': 4.737471103668213, 'waves': 69.95454406738281}, {'returned': 8, 'valid': 8, 'algo_id': 66, 'tile_id': 209, 'stages_id': 35, 'split_k': 1, 'reduction': 0, 'cta_swizzle': 0, 'custom': 6, 'inner_shape': 0, 'cluster_shape': 5, 'workspace_bytes': 4, 'tune_ms': 4.791751384735107, 'waves': 69.95454406738281}, {'returned': 8, 'valid': 8, 'algo_id': 66, 'tile_id': 29, 'stages_id': 35, 'split_k': 1, 'reduction': 0, 'cta_swizzle': 0, 'custom': 1, 'inner_shape': 0, 'cluster_shape': 3, 'workspace_bytes': 4, 'tune_ms': 4.846316814422607, 'waves': 124.24242401123047}, {'returned': 8, 'valid': 8, 'algo_id': 66, 'tile_id': 209, 'stages_id': 35, 'split_k': 1, 'reduction': 0, 'cta_swizzle': 0, 'custom': 6, 'inner_shape': 0, 'cluster_shape': 5, 'workspace_bytes': 4, 'tune_ms': 4.859099864959717, 'waves': 69.95454406738281}]",3.0446720123291016,524288,128,5120,65536,qwen25_14b_32b,5120,,40,model,7.9899680614471436,5.044352054595947,ch32_chunk128_ll16_graph_hp_pb512_pw8,3.045583963394165
Llama 3.1 405B,cuBLASLt+NCCL,0.2592160105705261,False,4,0.2592160105705261,0.2009280025959015,ch32_chunk512_ll16_graph_normal_pb1024_pw4,"[{'returned': 8, 'valid': 8, 'algo_id': 66, 'tile_id': 24, 'stages_id': 35, 'split_k': 1, 'reduction': 0, 'cta_swizzle': 0, 'custom': 7, 'inner_shape': 0, 'cluster_shape': 5, 'workspace_bytes': 0, 'tune_ms': 0.1873439997434616, 'waves': 0.9696969985961914}, {'returned': 8, 'valid': 8, 'algo_id': 66, 'tile_id': 24, 'stages_id': 35, 'split_k': 1, 'reduction': 0, 'cta_swizzle': 0, 'custom': 7, 'inner_shape': 0, 'cluster_shape': 5, 'workspace_bytes': 0, 'tune_ms': 0.1940576136112213, 'waves': 0.9696969985961914}, {'returned': 8, 'valid': 8, 'algo_id': 66, 'tile_id': 24, 'stages_id': 35, 'split_k': 1, 'reduction': 0, 'cta_swizzle': 0, 'custom': 7, 'inner_shape': 0, 'cluster_shape': 5, 'workspace_bytes': 0, 'tune_ms': 0.18886399269104004, 'waves': 0.9696969985961914}, {'returned': 8, 'valid': 8, 'algo_id': 66, 'tile_id': 24, 'stages_id': 35, 'split_k': 1, 'reduction': 0, 'cta_swizzle': 0, 'custom': 7, 'inner_shape': 0, 'cluster_shape': 5, 'workspace_bytes': 0, 'tune_ms': 0.19271999597549438, 'waves': 0.9696969985961914}]",0.061824001371860504,1024,128,16384,256,llama31_405b,16384,,128,model,0.26017600297927856,0.21227200329303741,ch24_chunk512_ll16_graph_normal_pb1024_pw8,0.06473600119352341
Llama 3.1 405B,cuBLASLt+NCCL,0.21025599539279938,False,8,0.21025599539279938,0.1544800028204918,ch16_chunk256_ll16_graph_hp_pb128_pw4,"[{'returned': 8, 'valid': 8, 'algo_id': 66, 'tile_id': 21, 'stages_id': 35, 'split_k': 1, 'reduction': 0, 'cta_swizzle': 0, 'custom': 3, 'inner_shape': 0, 'cluster_shape': 5, 'workspace_bytes': 0, 'tune_ms': 0.13265813887119293, 'waves': 0.9696969985961914}, {'returned': 8, 'valid': 8, 'algo_id': 66, 'tile_id': 184, 'stages_id': 35, 'split_k': 1, 'reduction': 0, 'cta_swizzle': 0, 'custom': 0, 'inner_shape': 0, 'cluster_shape': 4, 'workspace_bytes': 0, 'tune_ms': 0.1354496031999588, 'waves': 0.8636363744735718}, {'returned': 8, 'valid': 8, 'algo_id': 66, 'tile_id': 184, 'stages_id': 35, 'split_k': 1, 'reduction': 0, 'cta_swizzle': 0, 'custom': 0, 'inner_shape': 0, 'cluster_shape': 4, 'workspace_bytes': 0, 'tune_ms': 0.13309653103351593, 'waves': 0.8636363744735718}, {'returned': 8, 'valid': 8, 'algo_id': 66, 'tile_id': 184, 'stages_id': 35, 'split_k': 1, 'reduction': 0, 'cta_swizzle': 0, 'custom': 0, 'inner_shape': 0, 'cluster_shape': 4, 'workspace_bytes': 0, 'tune_ms': 0.13525334000587463, 'waves': 0.8636363744735718}, {'returned': 8, 'valid': 8, 'algo_id': 66, 'tile_id': 21, 'stages_id': 35, 'split_k': 1, 'reduction': 0, 'cta_swizzle': 0, 'custom': 3, 'inner_shape': 0, 'cluster_shape': 5, 'workspace_bytes': 0, 'tune_ms': 0.1330389380455017, 'waves': 0.9696969985961914}, {'returned': 8, 'valid': 8, 'algo_id': 66, 'tile_id': 21, 'stages_id': 35, 'split_k': 1, 'reduction': 0, 'cta_swizzle': 0, 'custom': 3, 'inner_shape': 0, 'cluster_shape': 5, 'workspace_bytes': 0, 'tune_ms': 0.13340052962303162, 'waves': 0.9696969985961914}, {'returned': 8, 'valid': 8, 'algo_id': 66, 'tile_id': 184, 'stages_id': 35, 'split_k': 1, 'reduction': 0, 'cta_swizzle': 0, 'custom': 0, 'inner_shape': 0, 'cluster_shape': 4, 'workspace_bytes': 0, 'tune_ms': 0.13526293635368347, 'waves': 0.8636363744735718}, {'returned': 8, 'valid': 8, 'algo_id': 66, 'tile_id': 21, 'stages_id': 35, 'split_k': 1, 'reduction': 0, 'cta_swizzle': 0, 'custom': 3, 'inner_shape': 0, 'cluster_shape': 5, 'workspace_bytes': 0, 'tune_ms': 0.13301226496696472, 'waves': 0.9696969985961914}]",0.05299199931323528,1024,128,16384,128,llama31_405b,16384,,128,model,0.2109760046005249,0.15731199830770493,ch16_chunk256_ll16_graph_hp_pb1024_pw8,0.05321599915623665
Llama 3.1 405B,TE+NCCL,0.8757280111312866,False,4,0.8931199908256531,0.7882560193538666,ch32_chunk128_ll128_graph_normal_pb1024_pw8,"[{'returned': 8, 'valid': 8, 'algo_id': 66, 'tile_id': 23, 'stages_id': 35, 'split_k': 1, 'reduction': 0, 'cta_swizzle': 0, 'custom': 4, 'inner_shape': 0, 'cluster_shape': 3, 'workspace_bytes': 4, 'tune_ms': 0.6783893704414368, 'waves': 3.8787879943847656}, {'returned': 8, 'valid': 8, 'algo_id': 66, 'tile_id': 23, 'stages_id': 35, 'split_k': 1, 'reduction': 0, 'cta_swizzle': 0, 'custom': 4, 'inner_shape': 0, 'cluster_shape': 3, 'workspace_bytes': 4, 'tune_ms': 0.6950026750564575, 'waves': 3.8787879943847656}, {'returned': 8, 'valid': 8, 'algo_id': 66, 'tile_id': 23, 'stages_id': 35, 'split_k': 1, 'reduction': 0, 'cta_swizzle': 0, 'custom': 4, 'inner_shape': 0, 'cluster_shape': 3, 'workspace_bytes': 4, 'tune_ms': 0.6852127909660339, 'waves': 3.8787879943847656}, {'returned': 8, 'valid': 8, 'algo_id': 66, 'tile_id': 24, 'stages_id': 35, 'split_k': 1, 'reduction': 0, 'cta_swizzle': 0, 'custom': 7, 'inner_shape': 0, 'cluster_shape': 5, 'workspace_bytes': 4, 'tune_ms': 0.7031306624412537, 'waves': 3.8787879943847656}]",0.17798400670289993,4096,128,16384,1024,llama31_405b,16384,,128,model,0.8757280111312866,0.809039980173111,ch32_chunk128_ll128_graph_normal_pb512_pw4,0.16974399983882904
Llama 3.1 405B,cuBLASLt+NCCL,0.5271520018577576,False,8,0.5271520018577576,0.41737599670886993,ch32_chunk128_ll16_graph_hp_pb512_pw4,"[{'returned': 8, 'valid': 8, 'algo_id': 66, 'tile_id': 23, 'stages_id': 35, 'split_k': 1, 'reduction': 0, 'cta_swizzle': 0, 'custom': 4, 'inner_shape': 0, 'cluster_shape': 3, 'workspace_bytes': 0, 'tune_ms': 0.3501962721347809, 'waves': 1.9393939971923828}, {'returned': 8, 'valid': 8, 'algo_id': 66, 'tile_id': 197, 'stages_id': 35, 'split_k': 1, 'reduction': 0, 'cta_swizzle': 0, 'custom': 2, 'inner_shape': 0, 'cluster_shape': 5, 'workspace_bytes': 4, 'tune_ms': 0.38744962215423584, 'waves': 2.9696969985961914}, {'returned': 8, 'valid': 8, 'algo_id': 66, 'tile_id': 23, 'stages_id': 35, 'split_k': 1, 'reduction': 0, 'cta_swizzle': 0, 'custom': 4, 'inner_shape': 0, 'cluster_shape': 3, 'workspace_bytes': 0, 'tune_ms': 0.35998398065567017, 'waves': 1.9393939971923828}, {'returned': 8, 'valid': 8, 'algo_id': 66, 'tile_id': 197, 'stages_id': 35, 'split_k': 1, 'reduction': 0, 'cta_swizzle': 0, 'custom': 2, 'inner_shape': 0, 'cluster_shape': 5, 'workspace_bytes': 4, 'tune_ms': 0.3935519754886627, 'waves': 2.9696969985961914}, {'returned': 8, 'valid': 8, 'algo_id': 66, 'tile_id': 24, 'stages_id': 35, 'split_k': 1, 'reduction': 0, 'cta_swizzle': 0, 'custom': 7, 'inner_shape': 0, 'cluster_shape': 5, 'workspace_bytes': 0, 'tune_ms': 0.3536885380744934, 'waves': 1.9393939971923828}, {'returned': 8, 'valid': 8, 'algo_id': 66, 'tile_id': 23, 'stages_id': 35, 'split_k': 1, 'reduction': 0, 'cta_swizzle': 0, 'custom': 4, 'inner_shape': 0, 'cluster_shape': 3, 'workspace_bytes': 0, 'tune_ms': 0.3604031801223755, 'waves': 1.9393939971923828}, {'returned': 8, 'valid': 8, 'algo_id': 66, 'tile_id': 197, 'stages_id': 35, 'split_k': 1, 'reduction': 0, 'cta_swizzle': 0, 'custom': 2, 'inner_shape': 0, 'cluster_shape': 5, 'workspace_bytes': 4, 'tune_ms': 0.3876405358314514, 'waves': 2.9696969985961914}, {'returned': 8, 'valid': 8, 'algo_id': 66, 'tile_id': 23, 'stages_id': 35, 'split_k': 1, 'reduction': 0, 'cta_swizzle': 0, 'custom': 4, 'inner_shape': 0, 'cluster_shape': 3, 'workspace_bytes': 0, 'tune_ms': 0.35712748765945435, 'waves': 1.9393939971923828}]",0.1149120032787323,4096,128,16384,512,llama31_405b,16384,,128,model,0.5330239832401276,0.4256799966096878,ch32_chunk128_ll16_graph_hp_pb1024_pw4,0.11584000289440155
Llama 3.1 405B,TE+NCCL,3.658624053001404,False,4,3.6689120531082153,3.243743896484375,ch32_chunk128_ll128_graph_normal_pb128_pw4,"[{'returned': 8, 'valid': 8, 'algo_id': 66, 'tile_id': 201, 'stages_id': 35, 'split_k': 1, 'reduction': 0, 'cta_swizzle': 0, 'custom': 2, 'inner_shape': 0, 'cluster_shape': 5, 'workspace_bytes': 4, 'tune_ms': 3.1137406826019287, 'waves': 22.787878036499023}, {'returned': 8, 'valid': 8, 'algo_id': 66, 'tile_id': 201, 'stages_id': 35, 'split_k': 1, 'reduction': 0, 'cta_swizzle': 0, 'custom': 2, 'inner_shape': 0, 'cluster_shape': 5, 'workspace_bytes': 4, 'tune_ms': 3.110975980758667, 'waves': 22.787878036499023}, {'returned': 8, 'valid': 8, 'algo_id': 66, 'tile_id': 248, 'stages_id': 35, 'split_k': 1, 'reduction': 0, 'cta_swizzle': 0, 'custom': 7, 'inner_shape': 0, 'cluster_shape': 5, 'workspace_bytes': 4, 'tune_ms': 2.9092822074890137, 'waves': 12.606060981750488}, {'returned': 8, 'valid': 8, 'algo_id': 66, 'tile_id': 248, 'stages_id': 35, 'split_k': 1, 'reduction': 0, 'cta_swizzle': 0, 'custom': 7, 'inner_shape': 0, 'cluster_shape': 5, 'workspace_bytes': 4, 'tune_ms': 2.9951562881469727, 'waves': 12.606060981750488}]",0.5644319951534271,16384,128,16384,4096,llama31_405b,16384,,128,model,3.658624053001404,3.241487979888916,ch32_chunk128_ll128_graph_normal_pb1024_pw8,0.5838559865951538
Llama 3.1 405B,cuBLASLt+NCCL,1.8978079557418823,False,8,1.8978079557418823,1.6080639958381653,ch32_chunk128_ll64_graph_hp_pb1024_pw4,"[{'returned': 8, 'valid': 8, 'algo_id': 66, 'tile_id': 24, 'stages_id': 35, 'split_k': 1, 'reduction': 0, 'cta_swizzle': 0, 'custom': 7, 'inner_shape': 0, 'cluster_shape': 5, 'workspace_bytes': 4, 'tune_ms': 1.4104565382003784, 'waves': 7.757575988769531}, {'returned': 8, 'valid': 8, 'algo_id': 66, 'tile_id': 197, 'stages_id': 35, 'split_k': 1, 'reduction': 0, 'cta_swizzle': 0, 'custom': 2, 'inner_shape': 0, 'cluster_shape': 5, 'workspace_bytes': 4, 'tune_ms': 1.5366154909133911, 'waves': 11.878787994384766}, {'returned': 8, 'valid': 8, 'algo_id': 66, 'tile_id': 24, 'stages_id': 35, 'split_k': 1, 'reduction': 0, 'cta_swizzle': 0, 'custom': 7, 'inner_shape': 0, 'cluster_shape': 5, 'workspace_bytes': 4, 'tune_ms': 1.4249598979949951, 'waves': 7.757575988769531}, {'returned': 8, 'valid': 8, 'algo_id': 66, 'tile_id': 197, 'stages_id': 35, 'split_k': 1, 'reduction': 0, 'cta_swizzle': 0, 'custom': 2, 'inner_shape': 0, 'cluster_shape': 5, 'workspace_bytes': 4, 'tune_ms': 1.5401098728179932, 'waves': 11.878787994384766}, {'returned': 8, 'valid': 8, 'algo_id': 66, 'tile_id': 24, 'stages_id': 35, 'split_k': 1, 'reduction': 0, 'cta_swizzle': 0, 'custom': 7, 'inner_shape': 0, 'cluster_shape': 5, 'workspace_bytes': 4, 'tune_ms': 1.4199039936065674, 'waves': 7.757575988769531}, {'returned': 8, 'valid': 8, 'algo_id': 66, 'tile_id': 24, 'stages_id': 35, 'split_k': 1, 'reduction': 0, 'cta_swizzle': 0, 'custom': 7, 'inner_shape': 0, 'cluster_shape': 5, 'workspace_bytes': 4, 'tune_ms': 1.4353663921356201, 'waves': 7.757575988769531}, {'returned': 8, 'valid': 8, 'algo_id': 66, 'tile_id': 184, 'stages_id': 35, 'split_k': 1, 'reduction': 0, 'cta_swizzle': 0, 'custom': 2, 'inner_shape': 0, 'cluster_shape': 5, 'workspace_bytes': 4, 'tune_ms': 1.5329482555389404, 'waves': 13.818181991577148}, {'returned': 8, 'valid': 8, 'algo_id': 66, 'tile_id': 24, 'stages_id': 35, 'split_k': 1, 'reduction': 0, 'cta_swizzle': 0, 'custom': 7, 'inner_shape': 0, 'cluster_shape': 5, 'workspace_bytes': 4, 'tune_ms': 1.4306453466415405, 'waves': 7.757575988769531}]",0.3470879942178726,16384,128,16384,2048,llama31_405b,16384,,128,model,1.9195039868354797,1.592479944229126,ch32_chunk128_ll64_graph_hp_pb1024_pw8,0.3473759889602661
Llama 3.1 405B,TE+NCCL,30.3920955657959,False,4,30.52332878112793,25.839920043945312,ch32_chunk256_ll128_graph_normal_pb512_pw4,"[{'returned': 8, 'valid': 8, 'algo_id': 66, 'tile_id': 24, 'stages_id': 35, 'split_k': 1, 'reduction': 0, 'cta_swizzle': 0, 'custom': 7, 'inner_shape': 0, 'cluster_shape': 5, 'workspace_bytes': 4, 'tune_ms': 25.563791275024414, 'waves': 124.1212158203125}, {'returned': 8, 'valid': 8, 'algo_id': 66, 'tile_id': 24, 'stages_id': 35, 'split_k': 1, 'reduction': 0, 'cta_swizzle': 0, 'custom': 7, 'inner_shape': 0, 'cluster_shape': 5, 'workspace_bytes': 4, 'tune_ms': 25.17585563659668, 'waves': 124.1212158203125}, {'returned': 8, 'valid': 8, 'algo_id': 66, 'tile_id': 24, 'stages_id': 35, 'split_k': 1, 'reduction': 0, 'cta_swizzle': 0, 'custom': 7, 'inner_shape': 0, 'cluster_shape': 5, 'workspace_bytes': 4, 'tune_ms': 25.314943313598633, 'waves': 124.1212158203125}, {'returned': 8, 'valid': 8, 'algo_id': 66, 'tile_id': 24, 'stages_id': 35, 'split_k': 1, 'reduction': 0, 'cta_swizzle': 0, 'custom': 7, 'inner_shape': 0, 'cluster_shape': 5, 'workspace_bytes': 4, 'tune_ms': 25.876802444458008, 'waves': 124.1212158203125}]",4.122495889663696,131072,128,16384,32768,llama31_405b,16384,,128,model,30.3920955657959,26.527408599853516,ch32_chunk256_ll128_graph_normal_pb128_pw4,4.115664005279541
Llama 3.1 405B,TE+NCCL,15.11404800415039,False,8,15.50223970413208,13.035807609558105,ch24_chunk128_ll16_graph_normal_pb1024_pw8,"[{'returned': 8, 'valid': 8, 'algo_id': 66, 'tile_id': 24, 'stages_id': 35, 'split_k': 1, 'reduction': 0, 'cta_swizzle': 0, 'custom': 7, 'inner_shape': 0, 'cluster_shape': 5, 'workspace_bytes': 4, 'tune_ms': 12.59922981262207, 'waves': 62.06060791015625}, {'returned': 8, 'valid': 8, 'algo_id': 66, 'tile_id': 209, 'stages_id': 35, 'split_k': 1, 'reduction': 0, 'cta_swizzle': 0, 'custom': 4, 'inner_shape': 0, 'cluster_shape': 3, 'workspace_bytes': 4, 'tune_ms': 12.684298515319824, 'waves': 56.030303955078125}, {'returned': 8, 'valid': 8, 'algo_id': 66, 'tile_id': 24, 'stages_id': 35, 'split_k': 1, 'reduction': 0, 'cta_swizzle': 0, 'custom': 7, 'inner_shape': 0, 'cluster_shape': 5, 'workspace_bytes': 4, 'tune_ms': 12.55124568939209, 'waves': 62.06060791015625}, {'returned': 8, 'valid': 8, 'algo_id': 66, 'tile_id': 24, 'stages_id': 35, 'split_k': 1, 'reduction': 0, 'cta_swizzle': 0, 'custom': 7, 'inner_shape': 0, 'cluster_shape': 5, 'workspace_bytes': 4, 'tune_ms': 12.58381462097168, 'waves': 62.06060791015625}, {'returned': 8, 'valid': 8, 'algo_id': 66, 'tile_id': 24, 'stages_id': 35, 'split_k': 1, 'reduction': 0, 'cta_swizzle': 0, 'custom': 7, 'inner_shape': 0, 'cluster_shape': 5, 'workspace_bytes': 4, 'tune_ms': 12.518403053283691, 'waves': 62.06060791015625}, {'returned': 8, 'valid': 8, 'algo_id': 66, 'tile_id': 209, 'stages_id': 35, 'split_k': 1, 'reduction': 0, 'cta_swizzle': 0, 'custom': 4, 'inner_shape': 0, 'cluster_shape': 3, 'workspace_bytes': 4, 'tune_ms': 12.714649200439453, 'waves': 56.030303955078125}, {'returned': 8, 'valid': 8, 'algo_id': 66, 'tile_id': 209, 'stages_id': 35, 'split_k': 1, 'reduction': 0, 'cta_swizzle': 0, 'custom': 4, 'inner_shape': 0, 'cluster_shape': 3, 'workspace_bytes': 4, 'tune_ms': 12.580601692199707, 'waves': 56.030303955078125}, {'returned': 8, 'valid': 8, 'algo_id': 66, 'tile_id': 24, 'stages_id': 35, 'split_k': 1, 'reduction': 0, 'cta_swizzle': 0, 'custom': 7, 'inner_shape': 0, 'cluster_shape': 5, 'workspace_bytes': 4, 'tune_ms': 12.760395050048828, 'waves': 62.06060791015625}]",2.476175904273987,131072,128,16384,16384,llama31_405b,16384,,128,model,15.11404800415039,13.179327964782715,ch24_chunk128_ll16_graph_normal_pb512_pw4,2.4758399724960327
Llama 3.1 405B,TE+NCCL,60.30076789855957,False,4,60.86199951171875,53.19568061828613,ch24_chunk1024_ll16_graph_normal_pb128_pw4,"[{'returned': 8, 'valid': 8, 'algo_id': 66, 'tile_id': 24, 'stages_id': 35, 'split_k': 1, 'reduction': 0, 'cta_swizzle': 0, 'custom': 7, 'inner_shape': 0, 'cluster_shape': 5, 'workspace_bytes': 4, 'tune_ms': 51.35622787475586, 'waves': 248.242431640625}, {'returned': 8, 'valid': 8, 'algo_id': 66, 'tile_id': 24, 'stages_id': 35, 'split_k': 1, 'reduction': 0, 'cta_swizzle': 0, 'custom': 7, 'inner_shape': 0, 'cluster_shape': 5, 'workspace_bytes': 4, 'tune_ms': 50.9416618347168, 'waves': 248.242431640625}, {'returned': 8, 'valid': 8, 'algo_id': 66, 'tile_id': 24, 'stages_id': 35, 'split_k': 1, 'reduction': 0, 'cta_swizzle': 0, 'custom': 7, 'inner_shape': 0, 'cluster_shape': 5, 'workspace_bytes': 4, 'tune_ms': 50.76437759399414, 'waves': 248.242431640625}, {'returned': 8, 'valid': 8, 'algo_id': 66, 'tile_id': 24, 'stages_id': 35, 'split_k': 1, 'reduction': 0, 'cta_swizzle': 0, 'custom': 7, 'inner_shape': 0, 'cluster_shape': 5, 'workspace_bytes': 4, 'tune_ms': 51.964500427246094, 'waves': 248.242431640625}]",8.152559757232666,262144,128,16384,65536,llama31_405b,16384,,128,model,60.30076789855957,51.96102523803711,ch24_chunk1024_ll16_graph_normal_pb1024_pw4,8.159279823303223
Llama 3.1 405B,TE+NCCL,30.628015518188477,False,8,30.991936683654785,26.104944229125977,ch32_chunk128_ll64_graph_normal_pb512_pw4,"[{'returned': 8, 'valid': 8, 'algo_id': 66, 'tile_id': 24, 'stages_id': 35, 'split_k': 1, 'reduction': 0, 'cta_swizzle': 0, 'custom': 7, 'inner_shape': 0, 'cluster_shape': 5, 'workspace_bytes': 4, 'tune_ms': 25.373268127441406, 'waves': 124.1212158203125}, {'returned': 8, 'valid': 8, 'algo_id': 66, 'tile_id': 24, 'stages_id': 35, 'split_k': 1, 'reduction': 0, 'cta_swizzle': 0, 'custom': 7, 'inner_shape': 0, 'cluster_shape': 5, 'workspace_bytes': 4, 'tune_ms': 25.34949493408203, 'waves': 124.1212158203125}, {'returned': 8, 'valid': 8, 'algo_id': 66, 'tile_id': 24, 'stages_id': 35, 'split_k': 1, 'reduction': 0, 'cta_swizzle': 0, 'custom': 7, 'inner_shape': 0, 'cluster_shape': 5, 'workspace_bytes': 4, 'tune_ms': 25.175752639770508, 'waves': 124.1212158203125}, {'returned': 8, 'valid': 8, 'algo_id': 66, 'tile_id': 209, 'stages_id': 35, 'split_k': 1, 'reduction': 0, 'cta_swizzle': 0, 'custom': 4, 'inner_shape': 0, 'cluster_shape': 3, 'workspace_bytes': 4, 'tune_ms': 25.33438491821289, 'waves': 111.40908813476562}, {'returned': 8, 'valid': 8, 'algo_id': 66, 'tile_id': 24, 'stages_id': 35, 'split_k': 1, 'reduction': 0, 'cta_swizzle': 0, 'custom': 7, 'inner_shape': 0, 'cluster_shape': 5, 'workspace_bytes': 4, 'tune_ms': 25.140777587890625, 'waves': 124.1212158203125}, {'returned': 8, 'valid': 8, 'algo_id': 66, 'tile_id': 24, 'stages_id': 35, 'split_k': 1, 'reduction': 0, 'cta_swizzle': 0, 'custom': 7, 'inner_shape': 0, 'cluster_shape': 5, 'workspace_bytes': 4, 'tune_ms': 25.87316131591797, 'waves': 124.1212158203125}, {'returned': 8, 'valid': 8, 'algo_id': 66, 'tile_id': 24, 'stages_id': 35, 'split_k': 1, 'reduction': 0, 'cta_swizzle': 0, 'custom': 7, 'inner_shape': 0, 'cluster_shape': 5, 'workspace_bytes': 4, 'tune_ms': 25.38368797302246, 'waves': 124.1212158203125}, {'returned': 8, 'valid': 8, 'algo_id': 66, 'tile_id': 24, 'stages_id': 35, 'split_k': 1, 'reduction': 0, 'cta_swizzle': 0, 'custom': 7, 'inner_shape': 0, 'cluster_shape': 5, 'workspace_bytes': 4, 'tune_ms': 25.729228973388672, 'waves': 124.1212158203125}]",4.829887866973877,262144,128,16384,32768,llama31_405b,16384,,128,model,30.628015518188477,26.19172763824463,ch32_chunk128_ll64_graph_normal_pb512_pw8,4.830944061279297
Llama 3.1 405B,TE+NCCL,121.55232238769531,False,4,122.84094619750977,105.87639999389648,ch24_chunk256_ll128_graph_normal_pb1024_pw8,"[{'returned': 8, 'valid': 8, 'algo_id': 66, 'tile_id': 209, 'stages_id': 35, 'split_k': 1, 'reduction': 0, 'cta_swizzle': 0, 'custom': 4, 'inner_shape': 0, 'cluster_shape': 3, 'workspace_bytes': 4, 'tune_ms': 104.19812774658203, 'waves': 444.98486328125}, {'returned': 8, 'valid': 8, 'algo_id': 66, 'tile_id': 24, 'stages_id': 35, 'split_k': 1, 'reduction': 0, 'cta_swizzle': 0, 'custom': 7, 'inner_shape': 0, 'cluster_shape': 5, 'workspace_bytes': 4, 'tune_ms': 102.66413116455078, 'waves': 496.48486328125}, {'returned': 8, 'valid': 8, 'algo_id': 66, 'tile_id': 24, 'stages_id': 35, 'split_k': 1, 'reduction': 0, 'cta_swizzle': 0, 'custom': 7, 'inner_shape': 0, 'cluster_shape': 5, 'workspace_bytes': 4, 'tune_ms': 102.35355377197266, 'waves': 496.48486328125}, {'returned': 8, 'valid': 8, 'algo_id': 66, 'tile_id': 24, 'stages_id': 35, 'split_k': 1, 'reduction': 0, 'cta_swizzle': 0, 'custom': 7, 'inner_shape': 0, 'cluster_shape': 5, 'workspace_bytes': 4, 'tune_ms': 105.44622039794922, 'waves': 496.48486328125}]",16.33880043029785,524288,128,16384,131072,llama31_405b,16384,,128,model,121.55232238769531,105.55147171020508,ch32_chunk256_ll64_graph_normal_pb128_pw4,16.337711334228516
Llama 3.1 405B,cuBLASLt+NCCL,61.27672004699707,False,8,61.27672004699707,53.35897636413574,ch32_chunk128_ll64_graph_normal_pb512_pw8,"[{'returned': 8, 'valid': 8, 'algo_id': 66, 'tile_id': 24, 'stages_id': 35, 'split_k': 1, 'reduction': 0, 'cta_swizzle': 0, 'custom': 7, 'inner_shape': 0, 'cluster_shape': 5, 'workspace_bytes': 4, 'tune_ms': 51.55099105834961, 'waves': 248.242431640625}, {'returned': 8, 'valid': 8, 'algo_id': 66, 'tile_id': 24, 'stages_id': 35, 'split_k': 1, 'reduction': 0, 'cta_swizzle': 0, 'custom': 7, 'inner_shape': 0, 'cluster_shape': 5, 'workspace_bytes': 4, 'tune_ms': 51.696739196777344, 'waves': 248.242431640625}, {'returned': 8, 'valid': 8, 'algo_id': 66, 'tile_id': 24, 'stages_id': 35, 'split_k': 1, 'reduction': 0, 'cta_swizzle': 0, 'custom': 7, 'inner_shape': 0, 'cluster_shape': 5, 'workspace_bytes': 4, 'tune_ms': 50.916770935058594, 'waves': 248.242431640625}, {'returned': 8, 'valid': 8, 'algo_id': 66, 'tile_id': 24, 'stages_id': 35, 'split_k': 1, 'reduction': 0, 'cta_swizzle': 0, 'custom': 7, 'inner_shape': 0, 'cluster_shape': 5, 'workspace_bytes': 4, 'tune_ms': 50.74382781982422, 'waves': 248.242431640625}, {'returned': 8, 'valid': 8, 'algo_id': 66, 'tile_id': 24, 'stages_id': 35, 'split_k': 1, 'reduction': 0, 'cta_swizzle': 0, 'custom': 7, 'inner_shape': 0, 'cluster_shape': 5, 'workspace_bytes': 4, 'tune_ms': 50.7469367980957, 'waves': 248.242431640625}, {'returned': 8, 'valid': 8, 'algo_id': 66, 'tile_id': 24, 'stages_id': 35, 'split_k': 1, 'reduction': 0, 'cta_swizzle': 0, 'custom': 7, 'inner_shape': 0, 'cluster_shape': 5, 'workspace_bytes': 4, 'tune_ms': 51.87099075317383, 'waves': 248.242431640625}, {'returned': 8, 'valid': 8, 'algo_id': 66, 'tile_id': 24, 'stages_id': 35, 'split_k': 1, 'reduction': 0, 'cta_swizzle': 0, 'custom': 7, 'inner_shape': 0, 'cluster_shape': 5, 'workspace_bytes': 4, 'tune_ms': 51.13956832885742, 'waves': 248.242431640625}, {'returned': 8, 'valid': 8, 'algo_id': 66, 'tile_id': 24, 'stages_id': 35, 'split_k': 1, 'reduction': 0, 'cta_swizzle': 0, 'custom': 7, 'inner_shape': 0, 'cluster_shape': 5, 'workspace_bytes': 4, 'tune_ms': 52.00459671020508, 'waves': 248.242431640625}]",9.531824111938477,524288,128,16384,65536,llama31_405b,16384,,128,model,61.30788803100586,52.79759979248047,ch32_chunk128_ll64_graph_normal_pb256_pw8,9.53388786315918
Nanbeige4.2-3B,TE+NCCL,0.06439999863505363,False,4,0.06680000200867653,0.024927999824285507,ch32_chunk512_ll16_graph_normal_pb128_pw8,"[{'returned': 8, 'valid': 8, 'algo_id': 66, 'tile_id': 17, 'stages_id': 35, 'split_k': 1, 'reduction': 0, 'cta_swizzle': 0, 'custom': 0, 'inner_shape': 0, 'cluster_shape': 7, 'workspace_bytes': 0, 'tune_ms': 0.019699199125170708, 'waves': 0.7272727489471436}, {'returned': 8, 'valid': 8, 'algo_id': 66, 'tile_id': 17, 'stages_id': 35, 'split_k': 1, 'reduction': 0, 'cta_swizzle': 0, 'custom': 0, 'inner_shape': 0, 'cluster_shape': 7, 'workspace_bytes': 0, 'tune_ms': 0.0200373325496912, 'waves': 0.7272727489471436}, {'returned': 8, 'valid': 8, 'algo_id': 66, 'tile_id': 17, 'stages_id': 35, 'split_k': 1, 'reduction': 0, 'cta_swizzle': 0, 'custom': 0, 'inner_shape': 0, 'cluster_shape': 7, 'workspace_bytes': 0, 'tune_ms': 0.01908160001039505, 'waves': 0.7272727489471436}, {'returned': 8, 'valid': 8, 'algo_id': 66, 'tile_id': 27, 'stages_id': 35, 'split_k': 1, 'reduction': 0, 'cta_swizzle': 0, 'custom': 2, 'inner_shape': 0, 'cluster_shape': 5, 'workspace_bytes': 0, 'tune_ms': 0.0192373339086771, 'waves': 0.9696969985961914}]",0.03907199949026108,1024,128,6144,256,nanbeige42_3b,3072,262144,48,model,0.06439999863505363,0.024431999772787094,ch32_chunk256_ll16_graph_hp_pb512_pw4,0.03859199956059456
Nanbeige4.2-3B,TE+NCCL,0.05929600074887276,False,8,0.06032000109553337,0.022703999653458595,ch32_chunk512_ll64_graph_hp_pb512_pw8,"[{'returned': 8, 'valid': 8, 'algo_id': 66, 'tile_id': 15, 'stages_id': 35, 'split_k': 1, 'reduction': 0, 'cta_swizzle': 0, 'custom': 1, 'inner_shape': 0, 'cluster_shape': 7, 'workspace_bytes': 0, 'tune_ms': 0.014144000597298145, 'waves': 0.7272727489471436}, {'returned': 8, 'valid': 8, 'algo_id': 66, 'tile_id': 15, 'stages_id': 35, 'split_k': 1, 'reduction': 0, 'cta_swizzle': 0, 'custom': 1, 'inner_shape': 0, 'cluster_shape': 7, 'workspace_bytes': 0, 'tune_ms': 0.01777813211083412, 'waves': 0.7272727489471436}, {'returned': 8, 'valid': 8, 'algo_id': 66, 'tile_id': 15, 'stages_id': 35, 'split_k': 1, 'reduction': 0, 'cta_swizzle': 0, 'custom': 1, 'inner_shape': 0, 'cluster_shape': 7, 'workspace_bytes': 0, 'tune_ms': 0.014057599939405918, 'waves': 0.7272727489471436}, {'returned': 8, 'valid': 8, 'algo_id': 66, 'tile_id': 15, 'stages_id': 35, 'split_k': 1, 'reduction': 0, 'cta_swizzle': 0, 'custom': 1, 'inner_shape': 0, 'cluster_shape': 7, 'workspace_bytes': 0, 'tune_ms': 0.01764480024576187, 'waves': 0.7272727489471436}, {'returned': 8, 'valid': 8, 'algo_id': 66, 'tile_id': 15, 'stages_id': 35, 'split_k': 1, 'reduction': 0, 'cta_swizzle': 0, 'custom': 1, 'inner_shape': 0, 'cluster_shape': 7, 'workspace_bytes': 0, 'tune_ms': 0.0138026662170887, 'waves': 0.7272727489471436}, {'returned': 8, 'valid': 8, 'algo_id': 66, 'tile_id': 15, 'stages_id': 35, 'split_k': 1, 'reduction': 0, 'cta_swizzle': 0, 'custom': 1, 'inner_shape': 0, 'cluster_shape': 7, 'workspace_bytes': 0, 'tune_ms': 0.01410773303359747, 'waves': 0.7272727489471436}, {'returned': 8, 'valid': 8, 'algo_id': 66, 'tile_id': 15, 'stages_id': 35, 'split_k': 1, 'reduction': 0, 'cta_swizzle': 0, 'custom': 1, 'inner_shape': 0, 'cluster_shape': 7, 'workspace_bytes': 0, 'tune_ms': 0.017876267433166504, 'waves': 0.7272727489471436}, {'returned': 8, 'valid': 8, 'algo_id': 66, 'tile_id': 15, 'stages_id': 35, 'split_k': 1, 'reduction': 0, 'cta_swizzle': 0, 'custom': 1, 'inner_shape': 0, 'cluster_shape': 7, 'workspace_bytes': 0, 'tune_ms': 0.013993600383400917, 'waves': 0.7272727489471436}]",0.037696000188589096,1024,128,6144,128,nanbeige42_3b,3072,262144,48,model,0.05929600074887276,0.02332800067961216,ch24_chunk512_ll128_graph_hp_pb128_pw4,0.036288000643253326
Nanbeige4.2-3B,TE+NCCL,0.13196799904108047,False,4,0.13486400246620178,0.05540800094604492,ch32_chunk128_ll64_graph_normal_pb512_pw4,"[{'returned': 8, 'valid': 8, 'algo_id': 66, 'tile_id': 31, 'stages_id': 35, 'split_k': 1, 'reduction': 0, 'cta_swizzle': 0, 'custom': 7, 'inner_shape': 0, 'cluster_shape': 5, 'workspace_bytes': 0, 'tune_ms': 0.051894400268793106, 'waves': 0.9696969985961914}, {'returned': 8, 'valid': 8, 'algo_id': 66, 'tile_id': 31, 'stages_id': 35, 'split_k': 1, 'reduction': 0, 'cta_swizzle': 0, 'custom': 7, 'inner_shape': 0, 'cluster_shape': 5, 'workspace_bytes': 0, 'tune_ms': 0.05358506739139557, 'waves': 0.9696969985961914}, {'returned': 8, 'valid': 8, 'algo_id': 66, 'tile_id': 31, 'stages_id': 35, 'split_k': 1, 'reduction': 0, 'cta_swizzle': 0, 'custom': 7, 'inner_shape': 0, 'cluster_shape': 5, 'workspace_bytes': 0, 'tune_ms': 0.05204266682267189, 'waves': 0.9696969985961914}, {'returned': 8, 'valid': 8, 'algo_id': 66, 'tile_id': 31, 'stages_id': 35, 'split_k': 1, 'reduction': 0, 'cta_swizzle': 0, 'custom': 7, 'inner_shape': 0, 'cluster_shape': 5, 'workspace_bytes': 0, 'tune_ms': 0.053064532577991486, 'waves': 0.9696969985961914}]",0.08220800012350082,4096,128,6144,1024,nanbeige42_3b,3072,262144,48,model,0.13196799904108047,0.05567999929189682,ch32_chunk128_ll64_graph_hp_pb1024_pw8,0.08003199845552444
Nanbeige4.2-3B,TE+NCCL,0.10105600208044052,False,8,0.10355199873447418,0.04039999842643738,ch32_chunk512_ll16_graph_hp_pb128_pw8,"[{'returned': 8, 'valid': 8, 'algo_id': 66, 'tile_id': 28, 'stages_id': 35, 'split_k': 1, 'reduction': 0, 'cta_swizzle': 0, 'custom': 0, 'inner_shape': 0, 'cluster_shape': 3, 'workspace_bytes': 0, 'tune_ms': 0.027898667380213737, 'waves': 0.9696969985961914}, {'returned': 8, 'valid': 8, 'algo_id': 66, 'tile_id': 28, 'stages_id': 35, 'split_k': 1, 'reduction': 0, 'cta_swizzle': 0, 'custom': 0, 'inner_shape': 0, 'cluster_shape': 3, 'workspace_bytes': 0, 'tune_ms': 0.034117333590984344, 'waves': 0.9696969985961914}, {'returned': 8, 'valid': 8, 'algo_id': 66, 'tile_id': 28, 'stages_id': 35, 'split_k': 1, 'reduction': 0, 'cta_swizzle': 0, 'custom': 0, 'inner_shape': 0, 'cluster_shape': 3, 'workspace_bytes': 0, 'tune_ms': 0.02824106626212597, 'waves': 0.9696969985961914}, {'returned': 8, 'valid': 8, 'algo_id': 66, 'tile_id': 208, 'stages_id': 35, 'split_k': 1, 'reduction': 0, 'cta_swizzle': 0, 'custom': 3, 'inner_shape': 0, 'cluster_shape': 5, 'workspace_bytes': 0, 'tune_ms': 0.0344405323266983, 'waves': 0.9696969985961914}, {'returned': 8, 'valid': 8, 'algo_id': 66, 'tile_id': 28, 'stages_id': 35, 'split_k': 1, 'reduction': 0, 'cta_swizzle': 0, 'custom': 0, 'inner_shape': 0, 'cluster_shape': 3, 'workspace_bytes': 0, 'tune_ms': 0.02778773382306099, 'waves': 0.9696969985961914}, {'returned': 8, 'valid': 8, 'algo_id': 66, 'tile_id': 28, 'stages_id': 35, 'split_k': 1, 'reduction': 0, 'cta_swizzle': 0, 'custom': 0, 'inner_shape': 0, 'cluster_shape': 3, 'workspace_bytes': 0, 'tune_ms': 0.028017066419124603, 'waves': 0.9696969985961914}, {'returned': 8, 'valid': 8, 'algo_id': 66, 'tile_id': 28, 'stages_id': 35, 'split_k': 1, 'reduction': 0, 'cta_swizzle': 0, 'custom': 0, 'inner_shape': 0, 'cluster_shape': 3, 'workspace_bytes': 0, 'tune_ms': 0.03380906581878662, 'waves': 0.9696969985961914}, {'returned': 8, 'valid': 8, 'algo_id': 66, 'tile_id': 28, 'stages_id': 35, 'split_k': 1, 'reduction': 0, 'cta_swizzle': 0, 'custom': 0, 'inner_shape': 0, 'cluster_shape': 3, 'workspace_bytes': 0, 'tune_ms': 0.028201600536704063, 'waves': 0.9696969985961914}]",0.062144000083208084,4096,128,6144,512,nanbeige42_3b,3072,262144,48,model,0.10105600208044052,0.04012800008058548,ch32_chunk512_ll16_graph_hp_pb128_pw4,0.06054399907588959
Nanbeige4.2-3B,TE+NCCL,0.43003199994564056,False,4,0.43190400302410126,0.20971199870109558,ch24_chunk128_ll128_graph_normal_pb1024_pw4,"[{'returned': 8, 'valid': 8, 'algo_id': 66, 'tile_id': 24, 'stages_id': 35, 'split_k': 1, 'reduction': 0, 'cta_swizzle': 0, 'custom': 7, 'inner_shape': 0, 'cluster_shape': 5, 'workspace_bytes': 4, 'tune_ms': 0.19407252967357635, 'waves': 2.909090995788574}, {'returned': 8, 'valid': 8, 'algo_id': 66, 'tile_id': 24, 'stages_id': 35, 'split_k': 1, 'reduction': 0, 'cta_swizzle': 0, 'custom': 7, 'inner_shape': 0, 'cluster_shape': 5, 'workspace_bytes': 4, 'tune_ms': 0.19894292950630188, 'waves': 2.909090995788574}, {'returned': 8, 'valid': 8, 'algo_id': 66, 'tile_id': 24, 'stages_id': 35, 'split_k': 1, 'reduction': 0, 'cta_swizzle': 0, 'custom': 7, 'inner_shape': 0, 'cluster_shape': 5, 'workspace_bytes': 4, 'tune_ms': 0.19520746171474457, 'waves': 2.909090995788574}, {'returned': 8, 'valid': 8, 'algo_id': 66, 'tile_id': 24, 'stages_id': 35, 'split_k': 1, 'reduction': 0, 'cta_swizzle': 0, 'custom': 7, 'inner_shape': 0, 'cluster_shape': 5, 'workspace_bytes': 4, 'tune_ms': 0.19815893471240997, 'waves': 2.909090995788574}]",0.23668800294399261,16384,128,6144,4096,nanbeige42_3b,3072,262144,48,model,0.43003199994564056,0.2051680013537407,ch24_chunk128_ll128_graph_normal_pb1024_pw8,0.23393599689006805
Nanbeige4.2-3B,cuBLASLt+NCCL,0.2808320075273514,False,8,0.2808320075273514,0.13620799779891968,ch24_chunk128_ll64_graph_hp_pb1024_pw8,"[{'returned': 8, 'valid': 8, 'algo_id': 66, 'tile_id': 495, 'stages_id': 35, 'split_k': 1, 'reduction': 0, 'cta_swizzle': 0, 'custom': 7, 'inner_shape': 0, 'cluster_shape': 5, 'workspace_bytes': 0, 'tune_ms': 0.10126079618930817, 'waves': 2.0}, {'returned': 8, 'valid': 8, 'algo_id': 66, 'tile_id': 20, 'stages_id': 35, 'split_k': 1, 'reduction': 0, 'cta_swizzle': 0, 'custom': 1, 'inner_shape': 0, 'cluster_shape': 3, 'workspace_bytes': 4, 'tune_ms': 0.11698026955127716, 'waves': 2.909090995788574}, {'returned': 8, 'valid': 8, 'algo_id': 66, 'tile_id': 495, 'stages_id': 35, 'split_k': 1, 'reduction': 0, 'cta_swizzle': 0, 'custom': 7, 'inner_shape': 0, 'cluster_shape': 5, 'workspace_bytes': 0, 'tune_ms': 0.10354772955179214, 'waves': 2.0}, {'returned': 8, 'valid': 8, 'algo_id': 66, 'tile_id': 495, 'stages_id': 35, 'split_k': 1, 'reduction': 0, 'cta_swizzle': 0, 'custom': 7, 'inner_shape': 0, 'cluster_shape': 5, 'workspace_bytes': 0, 'tune_ms': 0.11851200461387634, 'waves': 2.0}, {'returned': 8, 'valid': 8, 'algo_id': 66, 'tile_id': 495, 'stages_id': 35, 'split_k': 1, 'reduction': 0, 'cta_swizzle': 0, 'custom': 7, 'inner_shape': 0, 'cluster_shape': 5, 'workspace_bytes': 0, 'tune_ms': 0.10212907195091248, 'waves': 2.0}, {'returned': 8, 'valid': 8, 'algo_id': 66, 'tile_id': 495, 'stages_id': 35, 'split_k': 1, 'reduction': 0, 'cta_swizzle': 0, 'custom': 7, 'inner_shape': 0, 'cluster_shape': 5, 'workspace_bytes': 0, 'tune_ms': 0.10386666655540466, 'waves': 2.0}, {'returned': 8, 'valid': 8, 'algo_id': 66, 'tile_id': 28, 'stages_id': 35, 'split_k': 1, 'reduction': 0, 'cta_swizzle': 0, 'custom': 0, 'inner_shape': 0, 'cluster_shape': 3, 'workspace_bytes': 4, 'tune_ms': 0.11804373562335968, 'waves': 3.8787879943847656}, {'returned': 8, 'valid': 8, 'algo_id': 66, 'tile_id': 495, 'stages_id': 35, 'split_k': 1, 'reduction': 0, 'cta_swizzle': 0, 'custom': 7, 'inner_shape': 0, 'cluster_shape': 5, 'workspace_bytes': 0, 'tune_ms': 0.1030922681093216, 'waves': 2.0}]",0.1528640016913414,16384,128,6144,2048,nanbeige42_3b,3072,262144,48,model,0.28361600637435913,0.13579200208187103,ch24_chunk128_ll64_graph_hp_pb1024_pw4,0.1536640003323555
Nanbeige4.2-3B,TE+NCCL,3.1703200340270996,False,4,3.1738559007644653,1.7761920094490051,ch32_chunk128_ll16_graph_normal_pb512_pw4,"[{'returned': 8, 'valid': 8, 'algo_id': 66, 'tile_id': 209, 'stages_id': 35, 'split_k': 1, 'reduction': 0, 'cta_swizzle': 0, 'custom': 4, 'inner_shape': 0, 'cluster_shape': 3, 'workspace_bytes': 4, 'tune_ms': 1.633191466331482, 'waves': 20.727272033691406}, {'returned': 8, 'valid': 8, 'algo_id': 66, 'tile_id': 209, 'stages_id': 35, 'split_k': 1, 'reduction': 0, 'cta_swizzle': 0, 'custom': 4, 'inner_shape': 0, 'cluster_shape': 3, 'workspace_bytes': 4, 'tune_ms': 1.6353002786636353, 'waves': 20.727272033691406}, {'returned': 8, 'valid': 8, 'algo_id': 66, 'tile_id': 209, 'stages_id': 35, 'split_k': 1, 'reduction': 0, 'cta_swizzle': 0, 'custom': 4, 'inner_shape': 0, 'cluster_shape': 3, 'workspace_bytes': 4, 'tune_ms': 1.623962640762329, 'waves': 20.727272033691406}, {'returned': 8, 'valid': 8, 'algo_id': 66, 'tile_id': 209, 'stages_id': 35, 'split_k': 1, 'reduction': 0, 'cta_swizzle': 0, 'custom': 4, 'inner_shape': 0, 'cluster_shape': 3, 'workspace_bytes': 4, 'tune_ms': 1.5647295713424683, 'waves': 20.727272033691406}]",1.6009600162506104,131072,128,6144,32768,nanbeige42_3b,3072,262144,48,model,3.1703200340270996,1.7799679636955261,ch24_chunk128_ll16_graph_normal_pb512_pw8,1.5969280004501343
Nanbeige4.2-3B,cuBLASLt+NCCL,1.8599680066108704,False,8,1.8599680066108704,0.92467200756073,ch32_chunk128_ll64_graph_hp_pb256_pw8,"[{'returned': 8, 'valid': 8, 'algo_id': 66, 'tile_id': 24, 'stages_id': 35, 'split_k': 1, 'reduction': 0, 'cta_swizzle': 0, 'custom': 7, 'inner_shape': 0, 'cluster_shape': 5, 'workspace_bytes': 4, 'tune_ms': 0.7713984251022339, 'waves': 11.636363983154297}, {'returned': 8, 'valid': 8, 'algo_id': 66, 'tile_id': 29, 'stages_id': 35, 'split_k': 1, 'reduction': 0, 'cta_swizzle': 0, 'custom': 1, 'inner_shape': 0, 'cluster_shape': 3, 'workspace_bytes': 4, 'tune_ms': 0.8933141231536865, 'waves': 18.727272033691406}, {'returned': 8, 'valid': 8, 'algo_id': 66, 'tile_id': 24, 'stages_id': 35, 'split_k': 1, 'reduction': 0, 'cta_swizzle': 0, 'custom': 7, 'inner_shape': 0, 'cluster_shape': 5, 'workspace_bytes': 4, 'tune_ms': 0.788810670375824, 'waves': 11.636363983154297}, {'returned': 8, 'valid': 8, 'algo_id': 66, 'tile_id': 29, 'stages_id': 35, 'split_k': 1, 'reduction': 0, 'cta_swizzle': 0, 'custom': 1, 'inner_shape': 0, 'cluster_shape': 3, 'workspace_bytes': 4, 'tune_ms': 0.8683359622955322, 'waves': 18.727272033691406}, {'returned': 8, 'valid': 8, 'algo_id': 66, 'tile_id': 24, 'stages_id': 35, 'split_k': 1, 'reduction': 0, 'cta_swizzle': 0, 'custom': 7, 'inner_shape': 0, 'cluster_shape': 5, 'workspace_bytes': 4, 'tune_ms': 0.777293860912323, 'waves': 11.636363983154297}, {'returned': 8, 'valid': 8, 'algo_id': 66, 'tile_id': 24, 'stages_id': 35, 'split_k': 1, 'reduction': 0, 'cta_swizzle': 0, 'custom': 7, 'inner_shape': 0, 'cluster_shape': 5, 'workspace_bytes': 4, 'tune_ms': 0.7904415726661682, 'waves': 11.636363983154297}, {'returned': 8, 'valid': 8, 'algo_id': 66, 'tile_id': 23, 'stages_id': 35, 'split_k': 1, 'reduction': 0, 'cta_swizzle': 0, 'custom': 4, 'inner_shape': 0, 'cluster_shape': 3, 'workspace_bytes': 4, 'tune_ms': 0.8951733112335205, 'waves': 11.636363983154297}, {'returned': 8, 'valid': 8, 'algo_id': 66, 'tile_id': 24, 'stages_id': 35, 'split_k': 1, 'reduction': 0, 'cta_swizzle': 0, 'custom': 7, 'inner_shape': 0, 'cluster_shape': 5, 'workspace_bytes': 4, 'tune_ms': 0.783356785774231, 'waves': 11.636363983154297}]",0.9661120176315308,131072,128,6144,16384,nanbeige42_3b,3072,262144,48,model,1.8729439973831177,0.9240959882736206,ch32_chunk128_ll64_graph_hp_pb512_pw4,0.9640960097312927
Nanbeige4.2-3B,cuBLASLt+NCCL,6.284016132354736,False,4,6.284016132354736,3.5670559406280518,ch24_chunk128_ll128_graph_normal_pb256_pw4,"[{'returned': 8, 'valid': 8, 'algo_id': 66, 'tile_id': 24, 'stages_id': 35, 'split_k': 1, 'reduction': 0, 'cta_swizzle': 0, 'custom': 7, 'inner_shape': 0, 'cluster_shape': 5, 'workspace_bytes': 4, 'tune_ms': 3.213230848312378, 'waves': 46.54545593261719}, {'returned': 8, 'valid': 8, 'algo_id': 66, 'tile_id': 23, 'stages_id': 35, 'split_k': 1, 'reduction': 0, 'cta_swizzle': 0, 'custom': 4, 'inner_shape': 0, 'cluster_shape': 3, 'workspace_bytes': 4, 'tune_ms': 3.2539327144622803, 'waves': 46.54545593261719}, {'returned': 8, 'valid': 8, 'algo_id': 66, 'tile_id': 29, 'stages_id': 35, 'split_k': 1, 'reduction': 0, 'cta_swizzle': 0, 'custom': 1, 'inner_shape': 0, 'cluster_shape': 3, 'workspace_bytes': 4, 'tune_ms': 3.1719753742218018, 'waves': 74.54545593261719}, {'returned': 8, 'valid': 8, 'algo_id': 66, 'tile_id': 29, 'stages_id': 35, 'split_k': 1, 'reduction': 0, 'cta_swizzle': 0, 'custom': 1, 'inner_shape': 0, 'cluster_shape': 3, 'workspace_bytes': 4, 'tune_ms': 3.21277117729187, 'waves': 74.54545593261719}]",3.1163198947906494,262144,128,6144,65536,nanbeige42_3b,3072,262144,48,model,6.301455974578857,3.5912479162216187,ch24_chunk128_ll128_graph_normal_pb512_pw8,3.121567964553833
Nanbeige4.2-3B,TE+NCCL,3.652224063873291,False,8,3.655776023864746,1.783519983291626,ch24_chunk128_ll128_graph_hp_pb256_pw4,"[{'returned': 8, 'valid': 8, 'algo_id': 66, 'tile_id': 209, 'stages_id': 35, 'split_k': 1, 'reduction': 0, 'cta_swizzle': 0, 'custom': 4, 'inner_shape': 0, 'cluster_shape': 3, 'workspace_bytes': 4, 'tune_ms': 1.641867756843567, 'waves': 20.727272033691406}, {'returned': 8, 'valid': 8, 'algo_id': 66, 'tile_id': 209, 'stages_id': 35, 'split_k': 1, 'reduction': 0, 'cta_swizzle': 0, 'custom': 4, 'inner_shape': 0, 'cluster_shape': 3, 'workspace_bytes': 4, 'tune_ms': 1.7618016004562378, 'waves': 20.727272033691406}, {'returned': 8, 'valid': 8, 'algo_id': 66, 'tile_id': 209, 'stages_id': 35, 'split_k': 1, 'reduction': 0, 'cta_swizzle': 0, 'custom': 4, 'inner_shape': 0, 'cluster_shape': 3, 'workspace_bytes': 4, 'tune_ms': 1.65994131565094, 'waves': 20.727272033691406}, {'returned': 8, 'valid': 8, 'algo_id': 66, 'tile_id': 209, 'stages_id': 35, 'split_k': 1, 'reduction': 0, 'cta_swizzle': 0, 'custom': 4, 'inner_shape': 0, 'cluster_shape': 3, 'workspace_bytes': 4, 'tune_ms': 1.7620724439620972, 'waves': 20.727272033691406}, {'returned': 8, 'valid': 8, 'algo_id': 66, 'tile_id': 209, 'stages_id': 35, 'split_k': 1, 'reduction': 0, 'cta_swizzle': 0, 'custom': 4, 'inner_shape': 0, 'cluster_shape': 3, 'workspace_bytes': 4, 'tune_ms': 1.5425877571105957, 'waves': 20.727272033691406}, {'returned': 8, 'valid': 8, 'algo_id': 66, 'tile_id': 209, 'stages_id': 35, 'split_k': 1, 'reduction': 0, 'cta_swizzle': 0, 'custom': 4, 'inner_shape': 0, 'cluster_shape': 3, 'workspace_bytes': 4, 'tune_ms': 1.6619658470153809, 'waves': 20.727272033691406}, {'returned': 8, 'valid': 8, 'algo_id': 66, 'tile_id': 209, 'stages_id': 35, 'split_k': 1, 'reduction': 0, 'cta_swizzle': 0, 'custom': 4, 'inner_shape': 0, 'cluster_shape': 3, 'workspace_bytes': 4, 'tune_ms': 1.7578591108322144, 'waves': 20.727272033691406}, {'returned': 8, 'valid': 8, 'algo_id': 66, 'tile_id': 209, 'stages_id': 35, 'split_k': 1, 'reduction': 0, 'cta_swizzle': 0, 'custom': 4, 'inner_shape': 0, 'cluster_shape': 3, 'workspace_bytes': 4, 'tune_ms': 1.5503978729248047, 'waves': 20.727272033691406}]",1.8749279975891113,262144,128,6144,32768,nanbeige42_3b,3072,262144,48,model,3.652224063873291,1.792240023612976,ch24_chunk128_ll128_graph_hp_pb128_pw8,1.8777920007705688
Nanbeige4.2-3B,TE+NCCL,12.518064022064209,True,4,12.61297607421875,7.52179217338562,ch32_chunk1024_ll64_graph_normal_pb256_pw4,"[{'returned': 8, 'valid': 8, 'algo_id': 66, 'tile_id': 23, 'stages_id': 35, 'split_k': 1, 'reduction': 0, 'cta_swizzle': 0, 'custom': 4, 'inner_shape': 0, 'cluster_shape': 3, 'workspace_bytes': 4, 'tune_ms': 6.992575168609619, 'waves': 93.09091186523438}, {'returned': 8, 'valid': 8, 'algo_id': 66, 'tile_id': 29, 'stages_id': 35, 'split_k': 1, 'reduction': 0, 'cta_swizzle': 0, 'custom': 1, 'inner_shape': 0, 'cluster_shape': 3, 'workspace_bytes': 4, 'tune_ms': 6.945501804351807, 'waves': 149.09091186523438}, {'returned': 8, 'valid': 8, 'algo_id': 66, 'tile_id': 209, 'stages_id': 35, 'split_k': 1, 'reduction': 0, 'cta_swizzle': 0, 'custom': 4, 'inner_shape': 0, 'cluster_shape': 3, 'workspace_bytes': 4, 'tune_ms': 6.930423259735107, 'waves': 82.78787994384766}, {'returned': 8, 'valid': 8, 'algo_id': 66, 'tile_id': 23, 'stages_id': 35, 'split_k': 1, 'reduction': 0, 'cta_swizzle': 0, 'custom': 4, 'inner_shape': 0, 'cluster_shape': 3, 'workspace_bytes': 4, 'tune_ms': 7.0112128257751465, 'waves': 93.09091186523438}]",6.150288105010986,524288,128,6144,131072,nanbeige42_3b,3072,262144,48,model,12.518064022064209,7.121375799179077,ch32_chunk1024_ll64_graph_normal_pb512_pw8,6.153232097625732
Nanbeige4.2-3B,TE+NCCL,7.172800064086914,True,8,7.175264120101929,3.604591965675354,ch32_chunk128_ll16_graph_normal_pb1024_pw4,"[{'returned': 8, 'valid': 8, 'algo_id': 66, 'tile_id': 209, 'stages_id': 35, 'split_k': 1, 'reduction': 0, 'cta_swizzle': 0, 'custom': 4, 'inner_shape': 0, 'cluster_shape': 3, 'workspace_bytes': 4, 'tune_ms': 3.448901414871216, 'waves': 41.45454406738281}, {'returned': 8, 'valid': 8, 'algo_id': 66, 'tile_id': 23, 'stages_id': 35, 'split_k': 1, 'reduction': 0, 'cta_swizzle': 0, 'custom': 4, 'inner_shape': 0, 'cluster_shape': 3, 'workspace_bytes': 4, 'tune_ms': 3.5288970470428467, 'waves': 46.54545593261719}, {'returned': 8, 'valid': 8, 'algo_id': 66, 'tile_id': 209, 'stages_id': 35, 'split_k': 1, 'reduction': 0, 'cta_swizzle': 0, 'custom': 4, 'inner_shape': 0, 'cluster_shape': 3, 'workspace_bytes': 4, 'tune_ms': 3.4732022285461426, 'waves': 41.45454406738281}, {'returned': 8, 'valid': 8, 'algo_id': 66, 'tile_id': 24, 'stages_id': 35, 'split_k': 1, 'reduction': 0, 'cta_swizzle': 0, 'custom': 7, 'inner_shape': 0, 'cluster_shape': 5, 'workspace_bytes': 4, 'tune_ms': 3.498307228088379, 'waves': 46.54545593261719}, {'returned': 8, 'valid': 8, 'algo_id': 66, 'tile_id': 209, 'stages_id': 35, 'split_k': 1, 'reduction': 0, 'cta_swizzle': 0, 'custom': 4, 'inner_shape': 0, 'cluster_shape': 3, 'workspace_bytes': 4, 'tune_ms': 3.3710527420043945, 'waves': 41.45454406738281}, {'returned': 8, 'valid': 8, 'algo_id': 66, 'tile_id': 209, 'stages_id': 35, 'split_k': 1, 'reduction': 0, 'cta_swizzle': 0, 'custom': 4, 'inner_shape': 0, 'cluster_shape': 3, 'workspace_bytes': 4, 'tune_ms': 3.417855978012085, 'waves': 41.45454406738281}, {'returned': 8, 'valid': 8, 'algo_id': 66, 'tile_id': 24, 'stages_id': 35, 'split_k': 1, 'reduction': 0, 'cta_swizzle': 0, 'custom': 7, 'inner_shape': 0, 'cluster_shape': 5, 'workspace_bytes': 4, 'tune_ms': 3.5001258850097656, 'waves': 46.54545593261719}, {'returned': 8, 'valid': 8, 'algo_id': 66, 'tile_id': 209, 'stages_id': 35, 'split_k': 1, 'reduction': 0, 'cta_swizzle': 0, 'custom': 4, 'inner_shape': 0, 'cluster_shape': 3, 'workspace_bytes': 4, 'tune_ms': 3.2862582206726074, 'waves': 41.45454406738281}]",3.649232029914856,524288,128,6144,65536,nanbeige42_3b,3072,262144,48,model,7.172800064086914,3.600848078727722,ch32_chunk128_ll16_graph_normal_pb512_pw4,3.6490880250930786
