direction,model,seq,cp,hidden,q_heads,kv_heads,head_dim,m,n,k,backend,precision,node,launch,layout,timing_scope,environment,p50_ms,p95_ms,pflops_per_gpu,config_json,run_id,source_id,raw_sha256,raw_pointer,warmup,samples,selection
oproj,llama31_405b,1024,4,16384,128,8,128,256,16384,16384,cublaslt_gemm,bf16,09,graph,pure_gemm,single_gpu_diagnostic_not_distributed_maxrank,26ec5332ecff61fe30e49565f0c781b49d3e29e77debca232bc934714f23daa5,0.1334720030426979,0.13617759719491004,1.0297212174753463,"{""algorithm"": 66, ""best_ms"": 0.100736, ""beta"": 0, ""exact_serialized_algorithm_available"": false, ""graph_tuning"": 0, ""library_sha256"": ""520b1980e976d88f851ce52d716266602818e430f2310ea0d8765fbb260f8cb0"", ""math_sms"": 0, ""precision"": 16, ""rejected"": 0, ""replay"": ""graph"", ""requested"": 256, ""returned"": 8, ""selected_candidate_records"": [{""algorithm"": 66, ""index"": 5, ""split_k"": 1, ""tile"": 165, ""tune_ms"": 0.100736, ""workspace_bytes"": 0}], ""valid"": 8, ""workspace_capacity"": 268435456}",20260906-152108-a0abd1,70beea653872aa2cff938b2f65b3e90d8d7bbeaa97f2b7a0c81260159d0eb065,a9eb0d72de3d3721c9db57909ec7c27dc3a814be4a1593dc71ce0842b0f47749,"""/geometries/9/results/1""",10,50,best_observed_not_independent_retest
oproj,llama31_405b,1024,4,16384,128,8,128,256,16384,16384,cublaslt_nccl,bf16,09,graph,causal_dual_chunk_v1,distributed_maxrank,26ec5332ecff61fe30e49565f0c781b49d3e29e77debca232bc934714f23daa5,0.17159999907016754,0.1760208025574684,0.8009263066242849,"{""channels"": 32, ""chunk_kib"": 1024, ""high_priority"": false, ""ll_kib"": 16, ""pack_block"": 512, ""pack_warps"": 4}",20260906-161540-1427cd,70beea653872aa2cff938b2f65b3e90d8d7bbeaa97f2b7a0c81260159d0eb065,b1eefd5634a9ba2b5d23d1bb167fd129b199761edea66ab0dd7a3013fe80b800,"""/samples_ms/cublaslt_nccl_oproj_boundary""",10,50,best_observed_not_independent_retest
oproj,llama31_405b,1024,4,16384,128,8,128,256,16384,16384,te_ub,bf16,09,graph,causal_dual_chunk_v1,distributed_maxrank,26ec5332ecff61fe30e49565f0c781b49d3e29e77debca232bc934714f23daa5,0.15321599692106247,0.15653600320219993,0.8970274399141829,"{""comm_sm"": 12, ""local_first"": false, ""pack_block"": 512, ""pack_warps"": 4, ""push"": true, ""reverse"": false, ""streams"": 1, ""use_ce"": false}",20260906-161540-1427cd,70beea653872aa2cff938b2f65b3e90d8d7bbeaa97f2b7a0c81260159d0eb065,30df019f755bafd330580941063672b898033f09b801e8e890ab4f08c2d5e3d4,"""/samples_ms""",10,50,best_observed_not_independent_retest
oproj,llama31_405b,1024,8,16384,128,8,128,128,16384,16384,cublaslt_gemm,bf16,0a,graph,pure_gemm,single_gpu_diagnostic_not_distributed_maxrank,604f4464544072ecfa4f99520a8a3be7b9f73edf1546496807d25dba9371f40a,0.09086399897933006,0.09251840002834796,0.7562893721157095,"{""algorithm"": 66, ""best_ms"": 0.0868557, ""beta"": 0, ""exact_serialized_algorithm_available"": false, ""graph_tuning"": 0, ""library_sha256"": ""c40f68c965c0c64fa0294d12c371954e2dbc0ceb91a1c15c0fc3d5b61bcae0a9"", ""math_sms"": 0, ""precision"": 16, ""rejected"": 0, ""replay"": ""graph"", ""requested"": 256, ""returned"": 8, ""selected_candidate_records"": [{""algorithm"": 66, ""index"": 2, ""split_k"": 1, ""tile"": 165, ""tune_ms"": 0.0868557, ""workspace_bytes"": 0}], ""valid"": 8, ""workspace_capacity"": 268435456}",20260906-152511-9c37d6,70beea653872aa2cff938b2f65b3e90d8d7bbeaa97f2b7a0c81260159d0eb065,07efdcc5b0869ea6954745bcc8e111c3583949dd44c4af80f02e9536b8fb8624,"""/geometries/9/results/0""",10,50,best_observed_not_independent_retest
oproj,llama31_405b,1024,8,16384,128,8,128,128,16384,16384,cublaslt_nccl,bf16,0a,graph,causal_dual_chunk_v1,distributed_maxrank,604f4464544072ecfa4f99520a8a3be7b9f73edf1546496807d25dba9371f40a,0.14817599952220917,0.15031840056180953,0.46376928083889907,"{""channels"": 24, ""chunk_kib"": 512, ""high_priority"": false, ""ll_kib"": 128, ""pack_block"": 512, ""pack_warps"": 4}",20260906-171635-992feb,70beea653872aa2cff938b2f65b3e90d8d7bbeaa97f2b7a0c81260159d0eb065,c984e33e6f567be5548909058b3a69f200c8dd1423b1dda47932d2093453786d,"""/samples_ms/cublaslt_nccl_oproj_boundary""",10,50,best_observed_not_independent_retest
oproj,llama31_405b,1024,8,16384,128,8,128,128,16384,16384,te_ub,bf16,0a,graph,causal_dual_chunk_v1,distributed_maxrank,604f4464544072ecfa4f99520a8a3be7b9f73edf1546496807d25dba9371f40a,0.1316479966044426,0.13483839780092238,0.5219940941636858,"{""comm_sm"": 8, ""local_first"": false, ""pack_block"": 512, ""pack_warps"": 4, ""push"": true, ""reverse"": false, ""streams"": 1, ""use_ce"": false}",20260906-171635-992feb,70beea653872aa2cff938b2f65b3e90d8d7bbeaa97f2b7a0c81260159d0eb065,45829bcbcec8369f7d384c378464b3cce84acf7e3f475b0ed03b07facecf76f2,"""/samples_ms""",10,50,best_observed_not_independent_retest
oproj,llama31_405b,131072,4,16384,128,8,128,32768,16384,16384,cublaslt_gemm,bf16,09,graph,pure_gemm,single_gpu_diagnostic_not_distributed_maxrank,26ec5332ecff61fe30e49565f0c781b49d3e29e77debca232bc934714f23daa5,11.782544136047363,11.883787536621094,1.4930719411094497,"{""algorithm"": 66, ""best_ms"": 11.7888, ""beta"": 0, ""exact_serialized_algorithm_available"": false, ""graph_tuning"": 0, ""library_sha256"": ""520b1980e976d88f851ce52d716266602818e430f2310ea0d8765fbb260f8cb0"", ""math_sms"": 0, ""precision"": 16, ""rejected"": 0, ""replay"": ""graph"", ""requested"": 256, ""returned"": 8, ""selected_candidate_records"": [{""algorithm"": 66, ""index"": 0, ""split_k"": 1, ""tile"": 513, ""tune_ms"": 11.7888, ""workspace_bytes"": 0}], ""valid"": 8, ""workspace_capacity"": 268435456}",20260906-152108-a0abd1,70beea653872aa2cff938b2f65b3e90d8d7bbeaa97f2b7a0c81260159d0eb065,a9eb0d72de3d3721c9db57909ec7c27dc3a814be4a1593dc71ce0842b0f47749,"""/geometries/42/results/1""",10,50,best_observed_not_independent_retest
oproj,llama31_405b,131072,4,16384,128,8,128,32768,16384,16384,cublaslt_nccl,bf16,09,graph,causal_dual_chunk_v1,distributed_maxrank,26ec5332ecff61fe30e49565f0c781b49d3e29e77debca232bc934714f23daa5,14.279504299163818,14.897236967086792,1.231988567379483,"{""channels"": 32, ""chunk_kib"": 256, ""high_priority"": false, ""ll_kib"": 16, ""pack_block"": 512, ""pack_warps"": 4}",20260906-161540-1427cd,70beea653872aa2cff938b2f65b3e90d8d7bbeaa97f2b7a0c81260159d0eb065,62ab4267851de252c0dd3c8f5f30ea8ebac88c519ff7d80cf1c002d87a79e6b4,"""/samples_ms/cublaslt_nccl_oproj_boundary""",10,50,best_observed_not_independent_retest
oproj,llama31_405b,131072,4,16384,128,8,128,32768,16384,16384,te_ub,bf16,09,graph,causal_dual_chunk_v1,distributed_maxrank,26ec5332ecff61fe30e49565f0c781b49d3e29e77debca232bc934714f23daa5,12.661855697631836,12.780203151702882,1.389384499754352,"{""comm_sm"": 4, ""local_first"": false, ""pack_block"": 512, ""pack_warps"": 4, ""push"": true, ""reverse"": false, ""streams"": 1, ""use_ce"": false}",20260906-161540-1427cd,70beea653872aa2cff938b2f65b3e90d8d7bbeaa97f2b7a0c81260159d0eb065,c8bc490c998713218b8411b128c68b7cabc0e235382a4a5c0836293abd276109,"""/samples_ms""",10,50,best_observed_not_independent_retest
oproj,llama31_405b,131072,8,16384,128,8,128,16384,16384,16384,cublaslt_gemm,bf16,0a,graph,pure_gemm,single_gpu_diagnostic_not_distributed_maxrank,604f4464544072ecfa4f99520a8a3be7b9f73edf1546496807d25dba9371f40a,5.770431995391846,5.854944038391113,1.5243387374173005,"{""algorithm"": 66, ""best_ms"": 5.65883, ""beta"": 0, ""exact_serialized_algorithm_available"": false, ""graph_tuning"": 0, ""library_sha256"": ""c40f68c965c0c64fa0294d12c371954e2dbc0ceb91a1c15c0fc3d5b61bcae0a9"", ""math_sms"": 0, ""precision"": 16, ""rejected"": 0, ""replay"": ""graph"", ""requested"": 256, ""returned"": 8, ""selected_candidate_records"": [{""algorithm"": 66, ""index"": 0, ""split_k"": 1, ""tile"": 513, ""tune_ms"": 5.65883, ""workspace_bytes"": 0}], ""valid"": 8, ""workspace_capacity"": 268435456}",20260906-152511-9c37d6,70beea653872aa2cff938b2f65b3e90d8d7bbeaa97f2b7a0c81260159d0eb065,07efdcc5b0869ea6954745bcc8e111c3583949dd44c4af80f02e9536b8fb8624,"""/geometries/42/results/0""",10,50,best_observed_not_independent_retest
oproj,llama31_405b,131072,8,16384,128,8,128,16384,16384,16384,cublaslt_nccl,bf16,0a,graph,causal_dual_chunk_v1,distributed_maxrank,604f4464544072ecfa4f99520a8a3be7b9f73edf1546496807d25dba9371f40a,7.350880146026611,7.480627202987671,1.1966040593060918,"{""channels"": 24, ""chunk_kib"": 1024, ""high_priority"": false, ""ll_kib"": 16, ""pack_block"": 512, ""pack_warps"": 4}",20260906-171635-992feb,70beea653872aa2cff938b2f65b3e90d8d7bbeaa97f2b7a0c81260159d0eb065,7ee1baec584342b0b7e104979153fb5cef946cad5e412bd56d4978fc146a8d34,"""/samples_ms/cublaslt_nccl_oproj_boundary""",10,50,best_observed_not_independent_retest
oproj,llama31_405b,131072,8,16384,128,8,128,16384,16384,16384,te_ub,bf16,0a,graph,causal_dual_chunk_v1,distributed_maxrank,604f4464544072ecfa4f99520a8a3be7b9f73edf1546496807d25dba9371f40a,7.0539679527282715,7.145988774299622,1.246970936238224,"{""comm_sm"": 4, ""local_first"": false, ""pack_block"": 512, ""pack_warps"": 4, ""push"": true, ""reverse"": false, ""streams"": 1, ""use_ce"": false}",20260906-171635-992feb,70beea653872aa2cff938b2f65b3e90d8d7bbeaa97f2b7a0c81260159d0eb065,c94e36cc067947da41216771a4c7c36865f61a6998d9aefac62a6c90e4dfdd6a,"""/samples_ms""",10,50,best_observed_not_independent_retest
oproj,llama31_405b,16384,4,16384,128,8,128,4096,16384,16384,cublaslt_gemm,bf16,09,graph,pure_gemm,single_gpu_diagnostic_not_distributed_maxrank,26ec5332ecff61fe30e49565f0c781b49d3e29e77debca232bc934714f23daa5,1.459119975566864,1.5200160145759583,1.507088719484966,"{""algorithm"": 66, ""best_ms"": 1.27324, ""beta"": 0, ""exact_serialized_algorithm_available"": false, ""graph_tuning"": 0, ""library_sha256"": ""520b1980e976d88f851ce52d716266602818e430f2310ea0d8765fbb260f8cb0"", ""math_sms"": 0, ""precision"": 16, ""rejected"": 0, ""replay"": ""graph"", ""requested"": 256, ""returned"": 8, ""selected_candidate_records"": [{""algorithm"": 66, ""index"": 0, ""split_k"": 1, ""tile"": 513, ""tune_ms"": 1.27324, ""workspace_bytes"": 0}], ""valid"": 8, ""workspace_capacity"": 268435456}",20260906-152108-a0abd1,70beea653872aa2cff938b2f65b3e90d8d7bbeaa97f2b7a0c81260159d0eb065,a9eb0d72de3d3721c9db57909ec7c27dc3a814be4a1593dc71ce0842b0f47749,"""/geometries/31/results/1""",10,50,best_observed_not_independent_retest
oproj,llama31_405b,16384,4,16384,128,8,128,4096,16384,16384,cublaslt_nccl,bf16,09,graph,causal_dual_chunk_v1,distributed_maxrank,26ec5332ecff61fe30e49565f0c781b49d3e29e77debca232bc934714f23daa5,1.738480031490326,1.841148817539215,1.264911425912019,"{""channels"": 24, ""chunk_kib"": 512, ""high_priority"": false, ""ll_kib"": 16, ""pack_block"": 512, ""pack_warps"": 4}",20260906-161540-1427cd,70beea653872aa2cff938b2f65b3e90d8d7bbeaa97f2b7a0c81260159d0eb065,656954ed5f599eaa12a3c162edc01aabd628b05d0422fa0a9f2a36b94725c3cf,"""/samples_ms/cublaslt_nccl_oproj_boundary""",10,50,best_observed_not_independent_retest
oproj,llama31_405b,16384,4,16384,128,8,128,4096,16384,16384,te_ub,bf16,09,graph,causal_dual_chunk_v1,distributed_maxrank,26ec5332ecff61fe30e49565f0c781b49d3e29e77debca232bc934714f23daa5,1.7251520156860352,1.7853888034820558,1.274683758623742,"{""comm_sm"": 16, ""local_first"": false, ""pack_block"": 512, ""pack_warps"": 4, ""push"": true, ""reverse"": false, ""streams"": 1, ""use_ce"": false}",20260906-161540-1427cd,70beea653872aa2cff938b2f65b3e90d8d7bbeaa97f2b7a0c81260159d0eb065,df1b952e484ff242a65900ae02ce24d703f2741b1068718c8520de825e3ce567,"""/samples_ms""",10,50,best_observed_not_independent_retest
oproj,llama31_405b,16384,8,16384,128,8,128,2048,16384,16384,cublaslt_gemm,bf16,0a,graph,pure_gemm,single_gpu_diagnostic_not_distributed_maxrank,604f4464544072ecfa4f99520a8a3be7b9f73edf1546496807d25dba9371f40a,0.764384001493454,0.7806271880865097,1.4384283627440835,"{""algorithm"": 66, ""best_ms"": 0.672235, ""beta"": 0, ""exact_serialized_algorithm_available"": false, ""graph_tuning"": 0, ""library_sha256"": ""c40f68c965c0c64fa0294d12c371954e2dbc0ceb91a1c15c0fc3d5b61bcae0a9"", ""math_sms"": 0, ""precision"": 16, ""rejected"": 0, ""replay"": ""graph"", ""requested"": 256, ""returned"": 8, ""selected_candidate_records"": [{""algorithm"": 66, ""index"": 5, ""split_k"": 1, ""tile"": 23, ""tune_ms"": 0.672235, ""workspace_bytes"": 0}], ""valid"": 8, ""workspace_capacity"": 268435456}",20260906-152511-9c37d6,70beea653872aa2cff938b2f65b3e90d8d7bbeaa97f2b7a0c81260159d0eb065,07efdcc5b0869ea6954745bcc8e111c3583949dd44c4af80f02e9536b8fb8624,"""/geometries/31/results/0""",10,50,best_observed_not_independent_retest
oproj,llama31_405b,16384,8,16384,128,8,128,2048,16384,16384,cublaslt_nccl,bf16,0a,graph,causal_dual_chunk_v1,distributed_maxrank,604f4464544072ecfa4f99520a8a3be7b9f73edf1546496807d25dba9371f40a,0.910944014787674,0.9231872022151947,1.2070024171927602,"{""channels"": 24, ""chunk_kib"": 1024, ""high_priority"": false, ""ll_kib"": 128, ""pack_block"": 512, ""pack_warps"": 4}",20260906-171635-992feb,70beea653872aa2cff938b2f65b3e90d8d7bbeaa97f2b7a0c81260159d0eb065,283345a854caa0d966eea78af733f672123b08d7f02e2c4c20d57b4bc4fd2c07,"""/samples_ms/cublaslt_nccl_oproj_boundary""",10,50,best_observed_not_independent_retest
oproj,llama31_405b,16384,8,16384,128,8,128,2048,16384,16384,te_ub,bf16,0a,graph,causal_dual_chunk_v1,distributed_maxrank,604f4464544072ecfa4f99520a8a3be7b9f73edf1546496807d25dba9371f40a,0.8746879994869232,0.9018784195184708,1.2570329402266345,"{""comm_sm"": 12, ""local_first"": false, ""pack_block"": 512, ""pack_warps"": 4, ""push"": true, ""reverse"": false, ""streams"": 1, ""use_ce"": false}",20260906-171635-992feb,70beea653872aa2cff938b2f65b3e90d8d7bbeaa97f2b7a0c81260159d0eb065,6a5c0f924a7f2eaa07dc5f9c643597657de70e7e21e39856d7bdd6cb4530295f,"""/samples_ms""",10,50,best_observed_not_independent_retest
oproj,llama31_405b,262144,4,16384,128,8,128,65536,16384,16384,cublaslt_gemm,bf16,09,graph,pure_gemm,single_gpu_diagnostic_not_distributed_maxrank,26ec5332ecff61fe30e49565f0c781b49d3e29e77debca232bc934714f23daa5,23.89915180206299,24.252884197235108,1.4722017074177027,"{""algorithm"": 66, ""best_ms"": 23.9288, ""beta"": 0, ""exact_serialized_algorithm_available"": false, ""graph_tuning"": 0, ""library_sha256"": ""520b1980e976d88f851ce52d716266602818e430f2310ea0d8765fbb260f8cb0"", ""math_sms"": 0, ""precision"": 16, ""rejected"": 0, ""replay"": ""graph"", ""requested"": 256, ""returned"": 8, ""selected_candidate_records"": [{""algorithm"": 66, ""index"": 0, ""split_k"": 1, ""tile"": 513, ""tune_ms"": 23.9288, ""workspace_bytes"": 0}], ""valid"": 8, ""workspace_capacity"": 268435456}",20260906-152108-a0abd1,70beea653872aa2cff938b2f65b3e90d8d7bbeaa97f2b7a0c81260159d0eb065,a9eb0d72de3d3721c9db57909ec7c27dc3a814be4a1593dc71ce0842b0f47749,"""/geometries/53/results/1""",10,50,best_observed_not_independent_retest
oproj,llama31_405b,262144,4,16384,128,8,128,65536,16384,16384,cublaslt_nccl,bf16,09,graph,causal_dual_chunk_v1,distributed_maxrank,26ec5332ecff61fe30e49565f0c781b49d3e29e77debca232bc934714f23daa5,29.45796775817871,30.809996032714842,1.1943923755250703,"{""channels"": 24, ""chunk_kib"": 1024, ""high_priority"": false, ""ll_kib"": 128, ""pack_block"": 512, ""pack_warps"": 4}",20260906-161540-1427cd,70beea653872aa2cff938b2f65b3e90d8d7bbeaa97f2b7a0c81260159d0eb065,ddcdd6909d0519c9c95f0263bd0f7ec032463757fa6fe2823fbea138d491a08e,"""/samples_ms/cublaslt_nccl_oproj_boundary""",10,50,best_observed_not_independent_retest
oproj,llama31_405b,262144,4,16384,128,8,128,65536,16384,16384,te_ub,bf16,09,graph,causal_dual_chunk_v1,distributed_maxrank,26ec5332ecff61fe30e49565f0c781b49d3e29e77debca232bc934714f23daa5,25.722864151000977,25.882136058807372,1.367824822394937,"{""comm_sm"": 4, ""local_first"": false, ""pack_block"": 512, ""pack_warps"": 4, ""push"": true, ""reverse"": false, ""streams"": 1, ""use_ce"": false}",20260906-161540-1427cd,70beea653872aa2cff938b2f65b3e90d8d7bbeaa97f2b7a0c81260159d0eb065,4973bef4e03888ab003d93fe5c9e70e606838e3e0e6f54d9557487c868e4d612,"""/samples_ms""",10,50,best_observed_not_independent_retest
oproj,llama31_405b,262144,8,16384,128,8,128,32768,16384,16384,cublaslt_gemm,bf16,0a,graph,pure_gemm,single_gpu_diagnostic_not_distributed_maxrank,604f4464544072ecfa4f99520a8a3be7b9f73edf1546496807d25dba9371f40a,11.676496028900146,11.81255030632019,1.506632297983411,"{""algorithm"": 66, ""best_ms"": 11.8233, ""beta"": 0, ""exact_serialized_algorithm_available"": false, ""graph_tuning"": 0, ""library_sha256"": ""c40f68c965c0c64fa0294d12c371954e2dbc0ceb91a1c15c0fc3d5b61bcae0a9"", ""math_sms"": 0, ""precision"": 16, ""rejected"": 0, ""replay"": ""graph"", ""requested"": 256, ""returned"": 8, ""selected_candidate_records"": [{""algorithm"": 66, ""index"": 0, ""split_k"": 1, ""tile"": 513, ""tune_ms"": 11.8233, ""workspace_bytes"": 0}], ""valid"": 8, ""workspace_capacity"": 268435456}",20260906-152511-9c37d6,70beea653872aa2cff938b2f65b3e90d8d7bbeaa97f2b7a0c81260159d0eb065,07efdcc5b0869ea6954745bcc8e111c3583949dd44c4af80f02e9536b8fb8624,"""/geometries/53/results/0""",10,50,best_observed_not_independent_retest
oproj,llama31_405b,262144,8,16384,128,8,128,32768,16384,16384,cublaslt_nccl,bf16,0a,graph,causal_dual_chunk_v1,distributed_maxrank,604f4464544072ecfa4f99520a8a3be7b9f73edf1546496807d25dba9371f40a,14.342304229736328,14.684698963165284,1.2265941206254427,"{""channels"": 32, ""chunk_kib"": 256, ""high_priority"": false, ""ll_kib"": 64, ""pack_block"": 512, ""pack_warps"": 4}",20260906-171635-992feb,70beea653872aa2cff938b2f65b3e90d8d7bbeaa97f2b7a0c81260159d0eb065,dcb6924ed6ae9e7f1e20f031273fd912a2f27db182842972777ff372fb131064,"""/samples_ms/cublaslt_nccl_oproj_boundary""",10,50,best_observed_not_independent_retest
oproj,llama31_405b,262144,8,16384,128,8,128,32768,16384,16384,te_ub,bf16,0a,graph,causal_dual_chunk_v1,distributed_maxrank,604f4464544072ecfa4f99520a8a3be7b9f73edf1546496807d25dba9371f40a,14.122031688690186,14.252177429199218,1.245726283032273,"{""comm_sm"": 4, ""local_first"": false, ""pack_block"": 512, ""pack_warps"": 4, ""push"": true, ""reverse"": false, ""streams"": 1, ""use_ce"": false}",20260906-171635-992feb,70beea653872aa2cff938b2f65b3e90d8d7bbeaa97f2b7a0c81260159d0eb065,f8551882fddc61336cb31be8a59f3c46f08c6c552b5863fcb51388a3812cf6cf,"""/samples_ms""",10,50,best_observed_not_independent_retest
oproj,llama31_405b,4096,4,16384,128,8,128,1024,16384,16384,cublaslt_gemm,bf16,09,graph,pure_gemm,single_gpu_diagnostic_not_distributed_maxrank,26ec5332ecff61fe30e49565f0c781b49d3e29e77debca232bc934714f23daa5,0.39243200421333313,0.39878240823745725,1.4008944428221068,"{""algorithm"": 66, ""best_ms"": 0.340012, ""beta"": 0, ""exact_serialized_algorithm_available"": false, ""graph_tuning"": 0, ""library_sha256"": ""520b1980e976d88f851ce52d716266602818e430f2310ea0d8765fbb260f8cb0"", ""math_sms"": 0, ""precision"": 16, ""rejected"": 0, ""replay"": ""graph"", ""requested"": 256, ""returned"": 8, ""selected_candidate_records"": [{""algorithm"": 66, ""index"": 3, ""split_k"": 1, ""tile"": 447, ""tune_ms"": 0.340012, ""workspace_bytes"": 0}], ""valid"": 8, ""workspace_capacity"": 268435456}",20260906-152108-a0abd1,70beea653872aa2cff938b2f65b3e90d8d7bbeaa97f2b7a0c81260159d0eb065,a9eb0d72de3d3721c9db57909ec7c27dc3a814be4a1593dc71ce0842b0f47749,"""/geometries/20/results/1""",10,50,best_observed_not_independent_retest
oproj,llama31_405b,4096,4,16384,128,8,128,1024,16384,16384,cublaslt_nccl,bf16,09,graph,causal_dual_chunk_v1,distributed_maxrank,26ec5332ecff61fe30e49565f0c781b49d3e29e77debca232bc934714f23daa5,0.47041599452495575,0.4795872002840042,1.1686588472468176,"{""channels"": 32, ""chunk_kib"": 512, ""high_priority"": false, ""ll_kib"": 16, ""pack_block"": 512, ""pack_warps"": 4}",20260906-161540-1427cd,70beea653872aa2cff938b2f65b3e90d8d7bbeaa97f2b7a0c81260159d0eb065,e272fe6f00cb5cb74986e6f53d918aed67e227e699f4cf028e5705f4e5cbdb8b,"""/samples_ms/cublaslt_nccl_oproj_boundary""",10,50,best_observed_not_independent_retest
oproj,llama31_405b,4096,4,16384,128,8,128,1024,16384,16384,te_ub,bf16,09,graph,causal_dual_chunk_v1,distributed_maxrank,26ec5332ecff61fe30e49565f0c781b49d3e29e77debca232bc934714f23daa5,0.4065439999103546,0.41068159639835355,1.3522664558060737,"{""comm_sm"": 4, ""local_first"": false, ""pack_block"": 512, ""pack_warps"": 4, ""push"": true, ""reverse"": false, ""streams"": 1, ""use_ce"": false}",20260906-161540-1427cd,70beea653872aa2cff938b2f65b3e90d8d7bbeaa97f2b7a0c81260159d0eb065,29ffb964a23ceb1ee1a40e6c3a0ee4f8f455317914985791b917101a228b85ab,"""/samples_ms""",10,50,best_observed_not_independent_retest
oproj,llama31_405b,4096,8,16384,128,8,128,512,16384,16384,cublaslt_gemm,bf16,0a,graph,pure_gemm,single_gpu_diagnostic_not_distributed_maxrank,604f4464544072ecfa4f99520a8a3be7b9f73edf1546496807d25dba9371f40a,0.21235200017690659,0.21481920406222343,1.2944446330385597,"{""algorithm"": 66, ""best_ms"": 0.170931, ""beta"": 0, ""exact_serialized_algorithm_available"": false, ""graph_tuning"": 0, ""library_sha256"": ""c40f68c965c0c64fa0294d12c371954e2dbc0ceb91a1c15c0fc3d5b61bcae0a9"", ""math_sms"": 0, ""precision"": 16, ""rejected"": 0, ""replay"": ""graph"", ""requested"": 256, ""returned"": 8, ""selected_candidate_records"": [{""algorithm"": 66, ""index"": 3, ""split_k"": 1, ""tile"": 23, ""tune_ms"": 0.170931, ""workspace_bytes"": 0}], ""valid"": 8, ""workspace_capacity"": 268435456}",20260906-152511-9c37d6,70beea653872aa2cff938b2f65b3e90d8d7bbeaa97f2b7a0c81260159d0eb065,07efdcc5b0869ea6954745bcc8e111c3583949dd44c4af80f02e9536b8fb8624,"""/geometries/20/results/0""",10,50,best_observed_not_independent_retest
oproj,llama31_405b,4096,8,16384,128,8,128,512,16384,16384,cublaslt_nccl,bf16,0a,graph,causal_dual_chunk_v1,distributed_maxrank,604f4464544072ecfa4f99520a8a3be7b9f73edf1546496807d25dba9371f40a,0.2746720016002655,0.2811231940984726,1.000749640817174,"{""channels"": 32, ""chunk_kib"": 256, ""high_priority"": false, ""ll_kib"": 16, ""pack_block"": 512, ""pack_warps"": 4}",20260906-171635-992feb,70beea653872aa2cff938b2f65b3e90d8d7bbeaa97f2b7a0c81260159d0eb065,3a7d11e9d9b1d392a77f2ff4cf8de545ac3723898837f30ba30fce06fb7ef24f,"""/samples_ms/cublaslt_nccl_oproj_boundary""",10,50,best_observed_not_independent_retest
oproj,llama31_405b,4096,8,16384,128,8,128,512,16384,16384,te_ub,bf16,0a,graph,causal_dual_chunk_v1,distributed_maxrank,604f4464544072ecfa4f99520a8a3be7b9f73edf1546496807d25dba9371f40a,0.23310399800539017,0.2488991983234882,1.1792071748921436,"{""comm_sm"": 16, ""local_first"": false, ""pack_block"": 512, ""pack_warps"": 4, ""push"": true, ""reverse"": false, ""streams"": 1, ""use_ce"": false}",20260906-171635-992feb,70beea653872aa2cff938b2f65b3e90d8d7bbeaa97f2b7a0c81260159d0eb065,264555ff388b87bb666535d592a3793c454e0483614dc20db668b3cc5246a7af,"""/samples_ms""",10,50,best_observed_not_independent_retest
oproj,llama31_405b,524288,4,16384,128,8,128,131072,16384,16384,cublaslt_gemm,bf16,0a,graph,pure_gemm,single_gpu_diagnostic_not_distributed_maxrank,604f4464544072ecfa4f99520a8a3be7b9f73edf1546496807d25dba9371f40a,47.52867126464844,48.101891136169435,1.4805535754584387,"{""algorithm"": 66, ""best_ms"": 47.4788, ""beta"": 0, ""exact_serialized_algorithm_available"": false, ""graph_tuning"": 0, ""library_sha256"": ""c40f68c965c0c64fa0294d12c371954e2dbc0ceb91a1c15c0fc3d5b61bcae0a9"", ""math_sms"": 0, ""precision"": 16, ""rejected"": 0, ""replay"": ""graph"", ""requested"": 256, ""returned"": 8, ""selected_candidate_records"": [{""algorithm"": 66, ""index"": 0, ""split_k"": 1, ""tile"": 513, ""tune_ms"": 47.4788, ""workspace_bytes"": 0}], ""valid"": 8, ""workspace_capacity"": 268435456}",20260906-154347-89ef70,70beea653872aa2cff938b2f65b3e90d8d7bbeaa97f2b7a0c81260159d0eb065,76f950e1562a823da8427f0019a2e210e40b3f8957ef6cfecbc45a28ae7dea78,"""/geometries/1/results/1""",10,50,best_observed_not_independent_retest
oproj,llama31_405b,524288,4,16384,128,8,128,131072,16384,16384,cublaslt_nccl,bf16,0a,graph,causal_dual_chunk_v1,distributed_maxrank,604f4464544072ecfa4f99520a8a3be7b9f73edf1546496807d25dba9371f40a,59.948495864868164,62.28383388519287,1.1738200127036458,"{""channels"": 24, ""chunk_kib"": 1024, ""high_priority"": false, ""ll_kib"": 16, ""pack_block"": 512, ""pack_warps"": 4}",20260906-170915-44118c,70beea653872aa2cff938b2f65b3e90d8d7bbeaa97f2b7a0c81260159d0eb065,9bce29d672051a51015f956d0e9c6cec0b226089b93e6a79ea6d28d72ab03264,"""/samples_ms/cublaslt_nccl_oproj_boundary""",10,50,best_observed_not_independent_retest
oproj,llama31_405b,524288,4,16384,128,8,128,131072,16384,16384,te_ub,bf16,0a,graph,causal_dual_chunk_v1,distributed_maxrank,604f4464544072ecfa4f99520a8a3be7b9f73edf1546496807d25dba9371f40a,50.85935974121094,51.726885604858396,1.3835947706719707,"{""comm_sm"": 4, ""local_first"": false, ""pack_block"": 512, ""pack_warps"": 4, ""push"": true, ""reverse"": false, ""streams"": 1, ""use_ce"": false}",20260906-170915-44118c,70beea653872aa2cff938b2f65b3e90d8d7bbeaa97f2b7a0c81260159d0eb065,00ecb858c9436c2a1c08f0c08ba3c9dd7826b50d47c8b3440826e5b62391ae51,"""/samples_ms""",10,50,best_observed_not_independent_retest
oproj,llama31_405b,524288,8,16384,128,8,128,65536,16384,16384,cublaslt_gemm,bf16,0a,graph,pure_gemm,single_gpu_diagnostic_not_distributed_maxrank,604f4464544072ecfa4f99520a8a3be7b9f73edf1546496807d25dba9371f40a,23.571776390075684,23.912499141693115,1.4926483056086308,"{""algorithm"": 66, ""best_ms"": 23.5664, ""beta"": 0, ""exact_serialized_algorithm_available"": false, ""graph_tuning"": 0, ""library_sha256"": ""c40f68c965c0c64fa0294d12c371954e2dbc0ceb91a1c15c0fc3d5b61bcae0a9"", ""math_sms"": 0, ""precision"": 16, ""rejected"": 0, ""replay"": ""graph"", ""requested"": 256, ""returned"": 8, ""selected_candidate_records"": [{""algorithm"": 66, ""index"": 0, ""split_k"": 1, ""tile"": 513, ""tune_ms"": 23.5664, ""workspace_bytes"": 0}], ""valid"": 8, ""workspace_capacity"": 268435456}",20260906-152511-9c37d6,70beea653872aa2cff938b2f65b3e90d8d7bbeaa97f2b7a0c81260159d0eb065,07efdcc5b0869ea6954745bcc8e111c3583949dd44c4af80f02e9536b8fb8624,"""/geometries/64/results/0""",10,50,best_observed_not_independent_retest
oproj,llama31_405b,524288,8,16384,128,8,128,65536,16384,16384,cublaslt_nccl,bf16,0a,graph,causal_dual_chunk_v1,distributed_maxrank,604f4464544072ecfa4f99520a8a3be7b9f73edf1546496807d25dba9371f40a,29.682368278503418,30.884637069702148,1.1853626960862569,"{""channels"": 24, ""chunk_kib"": 512, ""high_priority"": false, ""ll_kib"": 64, ""pack_block"": 512, ""pack_warps"": 4}",20260906-171635-992feb,70beea653872aa2cff938b2f65b3e90d8d7bbeaa97f2b7a0c81260159d0eb065,44da5af0fb83283bea3a187a5e9cf0ba07c01ac60027cb8329aa1a4ed68389d8,"""/samples_ms/cublaslt_nccl_oproj_boundary""",10,50,best_observed_not_independent_retest
oproj,llama31_405b,524288,8,16384,128,8,128,65536,16384,16384,te_ub,bf16,0a,graph,causal_dual_chunk_v1,distributed_maxrank,604f4464544072ecfa4f99520a8a3be7b9f73edf1546496807d25dba9371f40a,26.364192008972168,26.71185941696167,1.3345515036781017,"{""comm_sm"": 4, ""local_first"": false, ""pack_block"": 512, ""pack_warps"": 4, ""push"": true, ""reverse"": false, ""streams"": 1, ""use_ce"": false}",20260906-171635-992feb,70beea653872aa2cff938b2f65b3e90d8d7bbeaa97f2b7a0c81260159d0eb065,22542092b11e0adfb533795fc2ca74fb2223d79bb7a4c3a31b8cd75485011dca,"""/samples_ms""",10,50,best_observed_not_independent_retest
oproj,llama3_8b,1024,4,4096,32,8,128,256,4096,4096,cublaslt_gemm,bf16,09,graph,pure_gemm,single_gpu_diagnostic_not_distributed_maxrank,26ec5332ecff61fe30e49565f0c781b49d3e29e77debca232bc934714f23daa5,0.01321600005030632,0.01426080004312098,0.6499647820295599,"{""algorithm"": 66, ""best_ms"": 0.0102976, ""beta"": 0, ""exact_serialized_algorithm_available"": false, ""graph_tuning"": 0, ""library_sha256"": ""520b1980e976d88f851ce52d716266602818e430f2310ea0d8765fbb260f8cb0"", ""math_sms"": 0, ""precision"": 16, ""rejected"": 0, ""replay"": ""graph"", ""requested"": 256, ""returned"": 8, ""selected_candidate_records"": [{""algorithm"": 66, ""index"": 0, ""split_k"": 1, ""tile"": 164, ""tune_ms"": 0.0102976, ""workspace_bytes"": 0}], ""valid"": 8, ""workspace_capacity"": 268435456}",20260906-152108-a0abd1,70beea653872aa2cff938b2f65b3e90d8d7bbeaa97f2b7a0c81260159d0eb065,a9eb0d72de3d3721c9db57909ec7c27dc3a814be4a1593dc71ce0842b0f47749,"""/geometries/3/results/1""",10,50,best_observed_not_independent_retest
oproj,llama3_8b,1024,4,4096,32,8,128,256,4096,4096,cublaslt_nccl,bf16,09,graph,causal_dual_chunk_v1,distributed_maxrank,26ec5332ecff61fe30e49565f0c781b49d3e29e77debca232bc934714f23daa5,0.04967999830842018,0.05219839885830879,0.17290529155561798,"{""channels"": 24, ""chunk_kib"": 256, ""high_priority"": false, ""ll_kib"": 16, ""pack_block"": 512, ""pack_warps"": 4}",20260906-161540-1427cd,70beea653872aa2cff938b2f65b3e90d8d7bbeaa97f2b7a0c81260159d0eb065,4fe1bd8836db089e2e2b0ffa2aefc9ba4aa7b137f2ba712e7833f5cf2a1db2ac,"""/samples_ms/cublaslt_nccl_oproj_boundary""",10,50,best_observed_not_independent_retest
oproj,llama3_8b,1024,4,4096,32,8,128,256,4096,4096,te_ub,bf16,09,graph,causal_dual_chunk_v1,distributed_maxrank,26ec5332ecff61fe30e49565f0c781b49d3e29e77debca232bc934714f23daa5,0.04270400106906891,0.04570559952408075,0.20115058020223325,"{""comm_sm"": 8, ""local_first"": false, ""pack_block"": 512, ""pack_warps"": 4, ""push"": true, ""reverse"": false, ""streams"": 1, ""use_ce"": false}",20260906-161540-1427cd,70beea653872aa2cff938b2f65b3e90d8d7bbeaa97f2b7a0c81260159d0eb065,934e27d83e8ad186377543b1143afd5e4a828b5db659bd0c3fec8249a826440b,"""/samples_ms""",10,50,best_observed_not_independent_retest
oproj,llama3_8b,1024,8,4096,32,8,128,128,4096,4096,cublaslt_gemm,bf16,0a,graph,pure_gemm,single_gpu_diagnostic_not_distributed_maxrank,604f4464544072ecfa4f99520a8a3be7b9f73edf1546496807d25dba9371f40a,0.011376000009477139,0.013009600341320038,0.37754635130291325,"{""algorithm"": 66, ""best_ms"": 0.00905408, ""beta"": 0, ""exact_serialized_algorithm_available"": false, ""graph_tuning"": 0, ""library_sha256"": ""c40f68c965c0c64fa0294d12c371954e2dbc0ceb91a1c15c0fc3d5b61bcae0a9"", ""math_sms"": 0, ""precision"": 16, ""rejected"": 0, ""replay"": ""graph"", ""requested"": 256, ""returned"": 8, ""selected_candidate_records"": [{""algorithm"": 66, ""index"": 0, ""split_k"": 1, ""tile"": 15, ""tune_ms"": 0.00905408, ""workspace_bytes"": 0}], ""valid"": 8, ""workspace_capacity"": 268435456}",20260906-152511-9c37d6,70beea653872aa2cff938b2f65b3e90d8d7bbeaa97f2b7a0c81260159d0eb065,07efdcc5b0869ea6954745bcc8e111c3583949dd44c4af80f02e9536b8fb8624,"""/geometries/3/results/0""",10,50,best_observed_not_independent_retest
oproj,llama3_8b,1024,8,4096,32,8,128,128,4096,4096,cublaslt_nccl,bf16,0a,graph,causal_dual_chunk_v1,distributed_maxrank,604f4464544072ecfa4f99520a8a3be7b9f73edf1546496807d25dba9371f40a,0.04497599974274635,0.04761600121855736,0.0954946487141219,"{""channels"": 24, ""chunk_kib"": 128, ""high_priority"": false, ""ll_kib"": 64, ""pack_block"": 512, ""pack_warps"": 4}",20260906-171635-992feb,70beea653872aa2cff938b2f65b3e90d8d7bbeaa97f2b7a0c81260159d0eb065,cf91de5e0e1b7270b2789b149206814cff1f11c1977763b9e3cf574d2914b6a1,"""/samples_ms/cublaslt_nccl_oproj_boundary""",10,50,best_observed_not_independent_retest
oproj,llama3_8b,1024,8,4096,32,8,128,128,4096,4096,te_ub,bf16,0a,graph,causal_dual_chunk_v1,distributed_maxrank,604f4464544072ecfa4f99520a8a3be7b9f73edf1546496807d25dba9371f40a,0.07295999675989151,0.075542401522398,0.058867427175669555,"{""comm_sm"": 4, ""local_first"": false, ""pack_block"": 512, ""pack_warps"": 4, ""push"": true, ""reverse"": false, ""streams"": 1, ""use_ce"": false}",20260906-171635-992feb,70beea653872aa2cff938b2f65b3e90d8d7bbeaa97f2b7a0c81260159d0eb065,094d4fd21a5670eecb105183757558560aa41fbe3ed6863dde7d105721167226,"""/samples_ms""",10,50,best_observed_not_independent_retest
oproj,llama3_8b,131072,4,4096,32,8,128,32768,4096,4096,cublaslt_gemm,bf16,09,graph,pure_gemm,single_gpu_diagnostic_not_distributed_maxrank,26ec5332ecff61fe30e49565f0c781b49d3e29e77debca232bc934714f23daa5,0.7839360237121582,0.7952351987361908,1.4025527524165842,"{""algorithm"": 66, ""best_ms"": 0.653328, ""beta"": 0, ""exact_serialized_algorithm_available"": false, ""graph_tuning"": 0, ""library_sha256"": ""520b1980e976d88f851ce52d716266602818e430f2310ea0d8765fbb260f8cb0"", ""math_sms"": 0, ""precision"": 16, ""rejected"": 0, ""replay"": ""graph"", ""requested"": 256, ""returned"": 8, ""selected_candidate_records"": [{""algorithm"": 66, ""index"": 1, ""split_k"": 1, ""tile"": 24, ""tune_ms"": 0.653328, ""workspace_bytes"": 0}], ""valid"": 8, ""workspace_capacity"": 268435456}",20260906-152108-a0abd1,70beea653872aa2cff938b2f65b3e90d8d7bbeaa97f2b7a0c81260159d0eb065,a9eb0d72de3d3721c9db57909ec7c27dc3a814be4a1593dc71ce0842b0f47749,"""/geometries/36/results/1""",10,50,best_observed_not_independent_retest
oproj,llama3_8b,131072,4,4096,32,8,128,32768,4096,4096,cublaslt_nccl,bf16,09,graph,causal_dual_chunk_v1,distributed_maxrank,26ec5332ecff61fe30e49565f0c781b49d3e29e77debca232bc934714f23daa5,1.4103839993476868,1.4242095947265625,0.7795831690408658,"{""channels"": 32, ""chunk_kib"": 512, ""high_priority"": false, ""ll_kib"": 128, ""pack_block"": 512, ""pack_warps"": 4}",20260906-161540-1427cd,70beea653872aa2cff938b2f65b3e90d8d7bbeaa97f2b7a0c81260159d0eb065,baff8835ec98de2bad2d05d9e8f0c38f27d91479f499bb237f45606699936378,"""/samples_ms/cublaslt_nccl_oproj_boundary""",10,50,best_observed_not_independent_retest
oproj,llama3_8b,131072,4,4096,32,8,128,32768,4096,4096,te_ub,bf16,09,graph,causal_dual_chunk_v1,distributed_maxrank,26ec5332ecff61fe30e49565f0c781b49d3e29e77debca232bc934714f23daa5,0.9548639953136444,1.0587936282157897,1.1514850629746942,"{""comm_sm"": 12, ""local_first"": false, ""pack_block"": 512, ""pack_warps"": 4, ""push"": true, ""reverse"": false, ""streams"": 1, ""use_ce"": false}",20260906-161540-1427cd,70beea653872aa2cff938b2f65b3e90d8d7bbeaa97f2b7a0c81260159d0eb065,d7a755570010895d730a4e003246571bb5cdb900709f9b893a060faf1b030e1f,"""/samples_ms""",10,50,best_observed_not_independent_retest
oproj,llama3_8b,131072,8,4096,32,8,128,16384,4096,4096,cublaslt_gemm,bf16,0a,graph,pure_gemm,single_gpu_diagnostic_not_distributed_maxrank,604f4464544072ecfa4f99520a8a3be7b9f73edf1546496807d25dba9371f40a,0.38942399621009827,0.39185759872198106,1.4117153006447016,"{""algorithm"": 66, ""best_ms"": 0.361949, ""beta"": 0, ""exact_serialized_algorithm_available"": false, ""graph_tuning"": 0, ""library_sha256"": ""c40f68c965c0c64fa0294d12c371954e2dbc0ceb91a1c15c0fc3d5b61bcae0a9"", ""math_sms"": 0, ""precision"": 16, ""rejected"": 0, ""replay"": ""graph"", ""requested"": 256, ""returned"": 8, ""selected_candidate_records"": [{""algorithm"": 66, ""index"": 3, ""split_k"": 1, ""tile"": 32, ""tune_ms"": 0.361949, ""workspace_bytes"": 0}], ""valid"": 8, ""workspace_capacity"": 268435456}",20260906-152511-9c37d6,70beea653872aa2cff938b2f65b3e90d8d7bbeaa97f2b7a0c81260159d0eb065,07efdcc5b0869ea6954745bcc8e111c3583949dd44c4af80f02e9536b8fb8624,"""/geometries/36/results/0""",10,50,best_observed_not_independent_retest
oproj,llama3_8b,131072,8,4096,32,8,128,16384,4096,4096,cublaslt_nccl,bf16,0a,graph,causal_dual_chunk_v1,distributed_maxrank,604f4464544072ecfa4f99520a8a3be7b9f73edf1546496807d25dba9371f40a,0.7486400008201599,0.7572143971920013,0.7343393530745409,"{""channels"": 24, ""chunk_kib"": 512, ""high_priority"": false, ""ll_kib"": 16, ""pack_block"": 512, ""pack_warps"": 4}",20260906-171635-992feb,70beea653872aa2cff938b2f65b3e90d8d7bbeaa97f2b7a0c81260159d0eb065,f4428a19e1d0245a437f2eb15c1e19d61c499d3ac724e2d9233f79d699916aef,"""/samples_ms/cublaslt_nccl_oproj_boundary""",10,50,best_observed_not_independent_retest
oproj,llama3_8b,131072,8,4096,32,8,128,16384,4096,4096,te_ub,bf16,0a,graph,causal_dual_chunk_v1,distributed_maxrank,604f4464544072ecfa4f99520a8a3be7b9f73edf1546496807d25dba9371f40a,0.6128320097923279,0.7270479917526245,0.8970742472709565,"{""comm_sm"": 12, ""local_first"": false, ""pack_block"": 512, ""pack_warps"": 4, ""push"": true, ""reverse"": false, ""streams"": 1, ""use_ce"": false}",20260906-171635-992feb,70beea653872aa2cff938b2f65b3e90d8d7bbeaa97f2b7a0c81260159d0eb065,2a40d5ef9cdd68831b59617bad487d985a2d0aa02e38b4696ae8ef7af6d4ae87,"""/samples_ms""",10,50,best_observed_not_independent_retest
oproj,llama3_8b,16384,4,4096,32,8,128,4096,4096,4096,cublaslt_gemm,bf16,09,graph,pure_gemm,single_gpu_diagnostic_not_distributed_maxrank,26ec5332ecff61fe30e49565f0c781b49d3e29e77debca232bc934714f23daa5,0.10894400253891945,0.11372480168938637,1.2615559394644138,"{""algorithm"": 66, ""best_ms"": 0.091705, ""beta"": 0, ""exact_serialized_algorithm_available"": false, ""graph_tuning"": 0, ""library_sha256"": ""520b1980e976d88f851ce52d716266602818e430f2310ea0d8765fbb260f8cb0"", ""math_sms"": 0, ""precision"": 16, ""rejected"": 0, ""replay"": ""graph"", ""requested"": 256, ""returned"": 8, ""selected_candidate_records"": [{""algorithm"": 66, ""index"": 3, ""split_k"": 1, ""tile"": 32, ""tune_ms"": 0.091705, ""workspace_bytes"": 0}], ""valid"": 8, ""workspace_capacity"": 268435456}",20260906-152108-a0abd1,70beea653872aa2cff938b2f65b3e90d8d7bbeaa97f2b7a0c81260159d0eb065,a9eb0d72de3d3721c9db57909ec7c27dc3a814be4a1593dc71ce0842b0f47749,"""/geometries/25/results/1""",10,50,best_observed_not_independent_retest
oproj,llama3_8b,16384,4,4096,32,8,128,4096,4096,4096,cublaslt_nccl,bf16,09,graph,causal_dual_chunk_v1,distributed_maxrank,26ec5332ecff61fe30e49565f0c781b49d3e29e77debca232bc934714f23daa5,0.21716800332069397,0.2193007968366146,0.6328692596074692,"{""channels"": 32, ""chunk_kib"": 256, ""high_priority"": false, ""ll_kib"": 16, ""pack_block"": 512, ""pack_warps"": 4}",20260906-161540-1427cd,70beea653872aa2cff938b2f65b3e90d8d7bbeaa97f2b7a0c81260159d0eb065,73efea7855a2bd35a3e61fe2645af424d646bc3f72a0968e9d1bb793f7b6e6a0,"""/samples_ms/cublaslt_nccl_oproj_boundary""",10,50,best_observed_not_independent_retest
oproj,llama3_8b,16384,4,4096,32,8,128,4096,4096,4096,te_ub,bf16,09,graph,causal_dual_chunk_v1,distributed_maxrank,26ec5332ecff61fe30e49565f0c781b49d3e29e77debca232bc934714f23daa5,0.1444000005722046,0.14710400253534317,0.9517933028211877,"{""comm_sm"": 16, ""local_first"": false, ""pack_block"": 512, ""pack_warps"": 4, ""push"": true, ""reverse"": false, ""streams"": 1, ""use_ce"": false}",20260906-161540-1427cd,70beea653872aa2cff938b2f65b3e90d8d7bbeaa97f2b7a0c81260159d0eb065,1516c37d2d26c2e04fd64125bb4ae16cc8e93172dfd2dfef67e9a4525f4a1742,"""/samples_ms""",10,50,best_observed_not_independent_retest
oproj,llama3_8b,16384,8,4096,32,8,128,2048,4096,4096,cublaslt_gemm,bf16,0a,graph,pure_gemm,single_gpu_diagnostic_not_distributed_maxrank,604f4464544072ecfa4f99520a8a3be7b9f73edf1546496807d25dba9371f40a,0.05793600156903267,0.05993599817156792,1.1861273625194597,"{""algorithm"": 66, ""best_ms"": 0.048841, ""beta"": 0, ""exact_serialized_algorithm_available"": false, ""graph_tuning"": 0, ""library_sha256"": ""c40f68c965c0c64fa0294d12c371954e2dbc0ceb91a1c15c0fc3d5b61bcae0a9"", ""math_sms"": 0, ""precision"": 16, ""rejected"": 0, ""replay"": ""graph"", ""requested"": 256, ""returned"": 8, ""selected_candidate_records"": [{""algorithm"": 66, ""index"": 3, ""split_k"": 1, ""tile"": 29, ""tune_ms"": 0.048841, ""workspace_bytes"": 0}], ""valid"": 8, ""workspace_capacity"": 268435456}",20260906-152511-9c37d6,70beea653872aa2cff938b2f65b3e90d8d7bbeaa97f2b7a0c81260159d0eb065,07efdcc5b0869ea6954745bcc8e111c3583949dd44c4af80f02e9536b8fb8624,"""/geometries/25/results/0""",10,50,best_observed_not_independent_retest
oproj,llama3_8b,16384,8,4096,32,8,128,2048,4096,4096,cublaslt_nccl,bf16,0a,graph,causal_dual_chunk_v1,distributed_maxrank,604f4464544072ecfa4f99520a8a3be7b9f73edf1546496807d25dba9371f40a,0.13831999897956848,0.14361279681324957,0.4968151911723965,"{""channels"": 32, ""chunk_kib"": 1024, ""high_priority"": false, ""ll_kib"": 16, ""pack_block"": 512, ""pack_warps"": 4}",20260906-171635-992feb,70beea653872aa2cff938b2f65b3e90d8d7bbeaa97f2b7a0c81260159d0eb065,b73af0192633c2b481e15d6faddb8c001de035655dd401df6445db0c58e8e197,"""/samples_ms/cublaslt_nccl_oproj_boundary""",10,50,best_observed_not_independent_retest
oproj,llama3_8b,16384,8,4096,32,8,128,2048,4096,4096,te_ub,bf16,0a,graph,causal_dual_chunk_v1,distributed_maxrank,604f4464544072ecfa4f99520a8a3be7b9f73edf1546496807d25dba9371f40a,0.11768000200390816,0.11880800314247608,0.5839520357394099,"{""comm_sm"": 24, ""local_first"": false, ""pack_block"": 512, ""pack_warps"": 4, ""push"": true, ""reverse"": false, ""streams"": 1, ""use_ce"": false}",20260906-171635-992feb,70beea653872aa2cff938b2f65b3e90d8d7bbeaa97f2b7a0c81260159d0eb065,542fee1e7fb4c9f3e23c23a64fedaffcc69759f875bf8554b7ff5f9b22c31cae,"""/samples_ms""",10,50,best_observed_not_independent_retest
oproj,llama3_8b,262144,4,4096,32,8,128,65536,4096,4096,cublaslt_gemm,bf16,09,graph,pure_gemm,single_gpu_diagnostic_not_distributed_maxrank,26ec5332ecff61fe30e49565f0c781b49d3e29e77debca232bc934714f23daa5,1.5149919986724854,1.5316159665584563,1.4515081647156542,"{""algorithm"": 66, ""best_ms"": 1.34971, ""beta"": 0, ""exact_serialized_algorithm_available"": false, ""graph_tuning"": 0, ""library_sha256"": ""520b1980e976d88f851ce52d716266602818e430f2310ea0d8765fbb260f8cb0"", ""math_sms"": 0, ""precision"": 16, ""rejected"": 0, ""replay"": ""graph"", ""requested"": 256, ""returned"": 8, ""selected_candidate_records"": [{""algorithm"": 66, ""index"": 0, ""split_k"": 1, ""tile"": 23, ""tune_ms"": 1.34971, ""workspace_bytes"": 0}], ""valid"": 8, ""workspace_capacity"": 268435456}",20260906-152108-a0abd1,70beea653872aa2cff938b2f65b3e90d8d7bbeaa97f2b7a0c81260159d0eb065,a9eb0d72de3d3721c9db57909ec7c27dc3a814be4a1593dc71ce0842b0f47749,"""/geometries/47/results/1""",10,50,best_observed_not_independent_retest
oproj,llama3_8b,262144,4,4096,32,8,128,65536,4096,4096,cublaslt_nccl,bf16,09,graph,causal_dual_chunk_v1,distributed_maxrank,26ec5332ecff61fe30e49565f0c781b49d3e29e77debca232bc934714f23daa5,2.6818400621414185,2.7428240537643434,0.8199680833301093,"{""channels"": 24, ""chunk_kib"": 128, ""high_priority"": false, ""ll_kib"": 64, ""pack_block"": 512, ""pack_warps"": 4}",20260906-161540-1427cd,70beea653872aa2cff938b2f65b3e90d8d7bbeaa97f2b7a0c81260159d0eb065,10063dcd4a33d8f1fff1804394c814cf9c8fc5154c47bb09f169249191437463,"""/samples_ms/cublaslt_nccl_oproj_boundary""",10,50,best_observed_not_independent_retest
oproj,llama3_8b,262144,4,4096,32,8,128,65536,4096,4096,te_ub,bf16,09,graph,causal_dual_chunk_v1,distributed_maxrank,26ec5332ecff61fe30e49565f0c781b49d3e29e77debca232bc934714f23daa5,2.109792113304138,2.124294364452362,1.042293807852053,"{""comm_sm"": 12, ""local_first"": false, ""pack_block"": 512, ""pack_warps"": 4, ""push"": true, ""reverse"": false, ""streams"": 1, ""use_ce"": false}",20260906-161540-1427cd,70beea653872aa2cff938b2f65b3e90d8d7bbeaa97f2b7a0c81260159d0eb065,a03cb3a51f61ffbdda8fd117c0b9a7b66d79bdf16917c0ce6141c45bfc8f39e0,"""/samples_ms""",10,50,best_observed_not_independent_retest
oproj,llama3_8b,262144,8,4096,32,8,128,32768,4096,4096,cublaslt_gemm,bf16,0a,graph,pure_gemm,single_gpu_diagnostic_not_distributed_maxrank,604f4464544072ecfa4f99520a8a3be7b9f73edf1546496807d25dba9371f40a,0.7585279941558838,0.7647600024938583,1.4495333544012106,"{""algorithm"": 66, ""best_ms"": 0.675638, ""beta"": 0, ""exact_serialized_algorithm_available"": false, ""graph_tuning"": 0, ""library_sha256"": ""c40f68c965c0c64fa0294d12c371954e2dbc0ceb91a1c15c0fc3d5b61bcae0a9"", ""math_sms"": 0, ""precision"": 16, ""rejected"": 0, ""replay"": ""graph"", ""requested"": 256, ""returned"": 8, ""selected_candidate_records"": [{""algorithm"": 66, ""index"": 0, ""split_k"": 1, ""tile"": 23, ""tune_ms"": 0.675638, ""workspace_bytes"": 0}], ""valid"": 8, ""workspace_capacity"": 268435456}",20260906-152511-9c37d6,70beea653872aa2cff938b2f65b3e90d8d7bbeaa97f2b7a0c81260159d0eb065,07efdcc5b0869ea6954745bcc8e111c3583949dd44c4af80f02e9536b8fb8624,"""/geometries/47/results/0""",10,50,best_observed_not_independent_retest
oproj,llama3_8b,262144,8,4096,32,8,128,32768,4096,4096,cublaslt_nccl,bf16,0a,graph,causal_dual_chunk_v1,distributed_maxrank,604f4464544072ecfa4f99520a8a3be7b9f73edf1546496807d25dba9371f40a,1.4264479875564575,1.440860813856125,0.770803869028195,"{""channels"": 24, ""chunk_kib"": 512, ""high_priority"": false, ""ll_kib"": 128, ""pack_block"": 512, ""pack_warps"": 4}",20260906-171635-992feb,70beea653872aa2cff938b2f65b3e90d8d7bbeaa97f2b7a0c81260159d0eb065,24552139d3670db46540e726499d96bc4ef812c38a6726f76dc03432aea5d55d,"""/samples_ms/cublaslt_nccl_oproj_boundary""",10,50,best_observed_not_independent_retest
oproj,llama3_8b,262144,8,4096,32,8,128,32768,4096,4096,te_ub,bf16,0a,graph,causal_dual_chunk_v1,distributed_maxrank,604f4464544072ecfa4f99520a8a3be7b9f73edf1546496807d25dba9371f40a,1.2018240094184875,1.2127167999744415,0.9148690816286885,"{""comm_sm"": 20, ""local_first"": false, ""pack_block"": 512, ""pack_warps"": 4, ""push"": true, ""reverse"": false, ""streams"": 1, ""use_ce"": false}",20260906-171635-992feb,70beea653872aa2cff938b2f65b3e90d8d7bbeaa97f2b7a0c81260159d0eb065,9a6ed31a4a2b9c8ab4f317bc1a72b9f1cbd641b9952f6df37adf7f16473a890d,"""/samples_ms""",10,50,best_observed_not_independent_retest
oproj,llama3_8b,4096,4,4096,32,8,128,1024,4096,4096,cublaslt_gemm,bf16,09,graph,pure_gemm,single_gpu_diagnostic_not_distributed_maxrank,26ec5332ecff61fe30e49565f0c781b49d3e29e77debca232bc934714f23daa5,0.033615998923778534,0.034516800008714196,1.0221245677068183,"{""algorithm"": 66, ""best_ms"": 0.0266656, ""beta"": 0, ""exact_serialized_algorithm_available"": false, ""graph_tuning"": 0, ""library_sha256"": ""520b1980e976d88f851ce52d716266602818e430f2310ea0d8765fbb260f8cb0"", ""math_sms"": 0, ""precision"": 16, ""rejected"": 0, ""replay"": ""graph"", ""requested"": 256, ""returned"": 8, ""selected_candidate_records"": [{""algorithm"": 66, ""index"": 3, ""split_k"": 1, ""tile"": 165, ""tune_ms"": 0.0266656, ""workspace_bytes"": 0}], ""valid"": 8, ""workspace_capacity"": 268435456}",20260906-152108-a0abd1,70beea653872aa2cff938b2f65b3e90d8d7bbeaa97f2b7a0c81260159d0eb065,a9eb0d72de3d3721c9db57909ec7c27dc3a814be4a1593dc71ce0842b0f47749,"""/geometries/14/results/1""",10,50,best_observed_not_independent_retest
oproj,llama3_8b,4096,4,4096,32,8,128,1024,4096,4096,cublaslt_nccl,bf16,09,graph,causal_dual_chunk_v1,distributed_maxrank,26ec5332ecff61fe30e49565f0c781b49d3e29e77debca232bc934714f23daa5,0.084672000259161,0.08843199871480464,0.4057981181834958,"{""channels"": 32, ""chunk_kib"": 1024, ""high_priority"": false, ""ll_kib"": 16, ""pack_block"": 512, ""pack_warps"": 4}",20260906-161540-1427cd,70beea653872aa2cff938b2f65b3e90d8d7bbeaa97f2b7a0c81260159d0eb065,d0da88a507e6d4a08eec936060409e0fd9e135905bc5aab9edeb4af2baa68b5f,"""/samples_ms/cublaslt_nccl_oproj_boundary""",10,50,best_observed_not_independent_retest
oproj,llama3_8b,4096,4,4096,32,8,128,1024,4096,4096,te_ub,bf16,09,graph,causal_dual_chunk_v1,distributed_maxrank,26ec5332ecff61fe30e49565f0c781b49d3e29e77debca232bc934714f23daa5,0.05897600017488003,0.06068960018455982,0.5826054372306353,"{""comm_sm"": 16, ""local_first"": false, ""pack_block"": 512, ""pack_warps"": 4, ""push"": true, ""reverse"": false, ""streams"": 1, ""use_ce"": false}",20260906-161540-1427cd,70beea653872aa2cff938b2f65b3e90d8d7bbeaa97f2b7a0c81260159d0eb065,cb6c39503bbb145b3d1f4793d552ba1d022c5ff6c6dfa02d480bc074b267d22d,"""/samples_ms""",10,50,best_observed_not_independent_retest
oproj,llama3_8b,4096,8,4096,32,8,128,512,4096,4096,cublaslt_gemm,bf16,0a,graph,pure_gemm,single_gpu_diagnostic_not_distributed_maxrank,604f4464544072ecfa4f99520a8a3be7b9f73edf1546496807d25dba9371f40a,0.018991999328136444,0.019526399672031403,0.9045845509560548,"{""algorithm"": 66, ""best_ms"": 0.013623, ""beta"": 0, ""exact_serialized_algorithm_available"": false, ""graph_tuning"": 0, ""library_sha256"": ""c40f68c965c0c64fa0294d12c371954e2dbc0ceb91a1c15c0fc3d5b61bcae0a9"", ""math_sms"": 0, ""precision"": 16, ""rejected"": 0, ""replay"": ""graph"", ""requested"": 256, ""returned"": 8, ""selected_candidate_records"": [{""algorithm"": 66, ""index"": 1, ""split_k"": 1, ""tile"": 165, ""tune_ms"": 0.013623, ""workspace_bytes"": 0}], ""valid"": 8, ""workspace_capacity"": 268435456}",20260906-152511-9c37d6,70beea653872aa2cff938b2f65b3e90d8d7bbeaa97f2b7a0c81260159d0eb065,07efdcc5b0869ea6954745bcc8e111c3583949dd44c4af80f02e9536b8fb8624,"""/geometries/14/results/0""",10,50,best_observed_not_independent_retest
oproj,llama3_8b,4096,8,4096,32,8,128,512,4096,4096,cublaslt_nccl,bf16,0a,graph,causal_dual_chunk_v1,distributed_maxrank,604f4464544072ecfa4f99520a8a3be7b9f73edf1546496807d25dba9371f40a,0.06393600255250931,0.09637600071728228,0.2687041494327164,"{""channels"": 16, ""chunk_kib"": 256, ""high_priority"": false, ""ll_kib"": 16, ""pack_block"": 512, ""pack_warps"": 4}",20260906-171635-992feb,70beea653872aa2cff938b2f65b3e90d8d7bbeaa97f2b7a0c81260159d0eb065,3354b1643ffafa3922f3ed46dd2dc0a99cc00ac36b58242b5e6b871699d4c4ec,"""/samples_ms/cublaslt_nccl_oproj_boundary""",10,50,best_observed_not_independent_retest
oproj,llama3_8b,4096,8,4096,32,8,128,512,4096,4096,te_ub,bf16,0a,graph,causal_dual_chunk_v1,distributed_maxrank,604f4464544072ecfa4f99520a8a3be7b9f73edf1546496807d25dba9371f40a,0.08215999975800514,0.08417920023202896,0.2091025953578597,"{""comm_sm"": 20, ""local_first"": false, ""pack_block"": 512, ""pack_warps"": 4, ""push"": true, ""reverse"": false, ""streams"": 1, ""use_ce"": false}",20260906-171635-992feb,70beea653872aa2cff938b2f65b3e90d8d7bbeaa97f2b7a0c81260159d0eb065,fb8a5d78e2c25ef767ac55ad25aff923ab2e58436a1a340b3dd2ac461a0c93a3,"""/samples_ms""",10,50,best_observed_not_independent_retest
oproj,llama3_8b,524288,4,4096,32,8,128,131072,4096,4096,cublaslt_gemm,bf16,09,graph,pure_gemm,single_gpu_diagnostic_not_distributed_maxrank,26ec5332ecff61fe30e49565f0c781b49d3e29e77debca232bc934714f23daa5,3.001855969429016,3.023750376701355,1.465109104465313,"{""algorithm"": 66, ""best_ms"": 2.98351, ""beta"": 0, ""exact_serialized_algorithm_available"": false, ""graph_tuning"": 0, ""library_sha256"": ""520b1980e976d88f851ce52d716266602818e430f2310ea0d8765fbb260f8cb0"", ""math_sms"": 0, ""precision"": 16, ""rejected"": 0, ""replay"": ""graph"", ""requested"": 256, ""returned"": 8, ""selected_candidate_records"": [{""algorithm"": 66, ""index"": 0, ""split_k"": 1, ""tile"": 23, ""tune_ms"": 2.98351, ""workspace_bytes"": 0}], ""valid"": 8, ""workspace_capacity"": 268435456}",20260906-152108-a0abd1,70beea653872aa2cff938b2f65b3e90d8d7bbeaa97f2b7a0c81260159d0eb065,a9eb0d72de3d3721c9db57909ec7c27dc3a814be4a1593dc71ce0842b0f47749,"""/geometries/58/results/1""",10,50,best_observed_not_independent_retest
oproj,llama3_8b,524288,4,4096,32,8,128,131072,4096,4096,cublaslt_nccl,bf16,09,graph,causal_dual_chunk_v1,distributed_maxrank,26ec5332ecff61fe30e49565f0c781b49d3e29e77debca232bc934714f23daa5,5.315600156784058,5.344369697570801,0.8273847508057908,"{""channels"": 24, ""chunk_kib"": 256, ""high_priority"": false, ""ll_kib"": 128, ""pack_block"": 512, ""pack_warps"": 4}",20260906-161540-1427cd,70beea653872aa2cff938b2f65b3e90d8d7bbeaa97f2b7a0c81260159d0eb065,435db0d821859606cf0ea99f8220f8475003f26bc06a6c9096dbea07e6a76e2b,"""/samples_ms/cublaslt_nccl_oproj_boundary""",10,50,best_observed_not_independent_retest
oproj,llama3_8b,524288,4,4096,32,8,128,131072,4096,4096,te_ub,bf16,09,graph,causal_dual_chunk_v1,distributed_maxrank,26ec5332ecff61fe30e49565f0c781b49d3e29e77debca232bc934714f23daa5,4.345839977264404,4.45302083492279,1.0120129903799306,"{""comm_sm"": 20, ""local_first"": false, ""pack_block"": 512, ""pack_warps"": 4, ""push"": true, ""reverse"": false, ""streams"": 1, ""use_ce"": false}",20260906-161540-1427cd,70beea653872aa2cff938b2f65b3e90d8d7bbeaa97f2b7a0c81260159d0eb065,a394085ada24f72599d915f25d6144cfddf84eabb8a5cb0d14fc74bbc0b9f539,"""/samples_ms""",10,50,best_observed_not_independent_retest
oproj,llama3_8b,524288,8,4096,32,8,128,65536,4096,4096,cublaslt_gemm,bf16,0a,graph,pure_gemm,single_gpu_diagnostic_not_distributed_maxrank,604f4464544072ecfa4f99520a8a3be7b9f73edf1546496807d25dba9371f40a,1.5104639530181885,1.520223969221115,1.4558594736126882,"{""algorithm"": 66, ""best_ms"": 1.31905, ""beta"": 0, ""exact_serialized_algorithm_available"": false, ""graph_tuning"": 0, ""library_sha256"": ""c40f68c965c0c64fa0294d12c371954e2dbc0ceb91a1c15c0fc3d5b61bcae0a9"", ""math_sms"": 0, ""precision"": 16, ""rejected"": 0, ""replay"": ""graph"", ""requested"": 256, ""returned"": 8, ""selected_candidate_records"": [{""algorithm"": 66, ""index"": 0, ""split_k"": 1, ""tile"": 23, ""tune_ms"": 1.31905, ""workspace_bytes"": 0}], ""valid"": 8, ""workspace_capacity"": 268435456}",20260906-152511-9c37d6,70beea653872aa2cff938b2f65b3e90d8d7bbeaa97f2b7a0c81260159d0eb065,07efdcc5b0869ea6954745bcc8e111c3583949dd44c4af80f02e9536b8fb8624,"""/geometries/58/results/0""",10,50,best_observed_not_independent_retest
oproj,llama3_8b,524288,8,4096,32,8,128,65536,4096,4096,cublaslt_nccl,bf16,0a,graph,causal_dual_chunk_v1,distributed_maxrank,604f4464544072ecfa4f99520a8a3be7b9f73edf1546496807d25dba9371f40a,2.7477279901504517,2.755454397201538,0.8003060213509681,"{""channels"": 32, ""chunk_kib"": 128, ""high_priority"": false, ""ll_kib"": 16, ""pack_block"": 512, ""pack_warps"": 4}",20260906-171635-992feb,70beea653872aa2cff938b2f65b3e90d8d7bbeaa97f2b7a0c81260159d0eb065,3dddf64464717d4fbb13efb188c309015e09a386f14f776ede1f52e9d5dbf7f4,"""/samples_ms/cublaslt_nccl_oproj_boundary""",10,50,best_observed_not_independent_retest
oproj,llama3_8b,524288,8,4096,32,8,128,65536,4096,4096,te_ub,bf16,0a,graph,causal_dual_chunk_v1,distributed_maxrank,604f4464544072ecfa4f99520a8a3be7b9f73edf1546496807d25dba9371f40a,2.4656959772109985,2.4838656425476073,0.891846876450422,"{""comm_sm"": 24, ""local_first"": false, ""pack_block"": 512, ""pack_warps"": 4, ""push"": true, ""reverse"": false, ""streams"": 1, ""use_ce"": false}",20260906-171635-992feb,70beea653872aa2cff938b2f65b3e90d8d7bbeaa97f2b7a0c81260159d0eb065,46dec6c647d3060eaf71a669247715371a687c41ec25471ae802cde9a30e4856,"""/samples_ms""",10,50,best_observed_not_independent_retest
oproj,nanbeige42_3b,1024,4,3072,48,8,128,256,3072,6144,cublaslt_gemm,bf16,09,graph,pure_gemm,single_gpu_diagnostic_not_distributed_maxrank,26ec5332ecff61fe30e49565f0c781b49d3e29e77debca232bc934714f23daa5,0.015424000099301338,0.015697600319981575,0.6265350333106997,"{""algorithm"": 66, ""best_ms"": 0.0123469, ""beta"": 0, ""exact_serialized_algorithm_available"": false, ""graph_tuning"": 0, ""library_sha256"": ""520b1980e976d88f851ce52d716266602818e430f2310ea0d8765fbb260f8cb0"", ""math_sms"": 0, ""precision"": 16, ""rejected"": 0, ""replay"": ""graph"", ""requested"": 256, ""returned"": 8, ""selected_candidate_records"": [{""algorithm"": 66, ""index"": 0, ""split_k"": 1, ""tile"": 27, ""tune_ms"": 0.0123469, ""workspace_bytes"": 0}], ""valid"": 8, ""workspace_capacity"": 268435456}",20260906-152108-a0abd1,70beea653872aa2cff938b2f65b3e90d8d7bbeaa97f2b7a0c81260159d0eb065,a9eb0d72de3d3721c9db57909ec7c27dc3a814be4a1593dc71ce0842b0f47749,"""/geometries/1/results/1""",10,50,best_observed_not_independent_retest
oproj,nanbeige42_3b,1024,4,3072,48,8,128,256,3072,6144,cublaslt_nccl,bf16,09,graph,causal_dual_chunk_v1,distributed_maxrank,26ec5332ecff61fe30e49565f0c781b49d3e29e77debca232bc934714f23daa5,0.05169599875807762,0.0537504008039832,0.18693277329302063,"{""channels"": 24, ""chunk_kib"": 128, ""high_priority"": false, ""ll_kib"": 16, ""pack_block"": 512, ""pack_warps"": 4}",20260906-161540-1427cd,70beea653872aa2cff938b2f65b3e90d8d7bbeaa97f2b7a0c81260159d0eb065,94cebc4911c540b3fd8a98f5cc0d04d966207fa891f29aff0c59591c72378914,"""/samples_ms/cublaslt_nccl_oproj_boundary""",10,50,best_observed_not_independent_retest
oproj,nanbeige42_3b,1024,4,3072,48,8,128,256,3072,6144,te_ub,bf16,09,graph,causal_dual_chunk_v1,distributed_maxrank,26ec5332ecff61fe30e49565f0c781b49d3e29e77debca232bc934714f23daa5,0.046191999688744545,0.04788479954004288,0.20920671287488593,"{""comm_sm"": 16, ""local_first"": false, ""pack_block"": 512, ""pack_warps"": 4, ""push"": true, ""reverse"": false, ""streams"": 1, ""use_ce"": false}",20260906-161540-1427cd,70beea653872aa2cff938b2f65b3e90d8d7bbeaa97f2b7a0c81260159d0eb065,22e2eb93c484003f17e93fba35c7a6462962887f2419c1ba10eeb717dbd9427a,"""/samples_ms""",10,50,best_observed_not_independent_retest
oproj,nanbeige42_3b,1024,8,3072,48,8,128,128,3072,6144,cublaslt_gemm,bf16,0a,graph,pure_gemm,single_gpu_diagnostic_not_distributed_maxrank,604f4464544072ecfa4f99520a8a3be7b9f73edf1546496807d25dba9371f40a,0.013472000136971474,0.01500799972563982,0.3586578205815105,"{""algorithm"": 66, ""best_ms"": 0.0113715, ""beta"": 0, ""exact_serialized_algorithm_available"": false, ""graph_tuning"": 0, ""library_sha256"": ""c40f68c965c0c64fa0294d12c371954e2dbc0ceb91a1c15c0fc3d5b61bcae0a9"", ""math_sms"": 0, ""precision"": 16, ""rejected"": 0, ""replay"": ""graph"", ""requested"": 256, ""returned"": 8, ""selected_candidate_records"": [{""algorithm"": 66, ""index"": 0, ""split_k"": 1, ""tile"": 15, ""tune_ms"": 0.0113715, ""workspace_bytes"": 0}], ""valid"": 8, ""workspace_capacity"": 268435456}",20260906-152511-9c37d6,70beea653872aa2cff938b2f65b3e90d8d7bbeaa97f2b7a0c81260159d0eb065,07efdcc5b0869ea6954745bcc8e111c3583949dd44c4af80f02e9536b8fb8624,"""/geometries/1/results/0""",10,50,best_observed_not_independent_retest
oproj,nanbeige42_3b,1024,8,3072,48,8,128,128,3072,6144,cublaslt_nccl,bf16,0a,graph,causal_dual_chunk_v1,distributed_maxrank,604f4464544072ecfa4f99520a8a3be7b9f73edf1546496807d25dba9371f40a,0.049167999997735023,0.0532831996679306,0.09827201041780394,"{""channels"": 24, ""chunk_kib"": 128, ""high_priority"": false, ""ll_kib"": 128, ""pack_block"": 512, ""pack_warps"": 4}",20260906-171635-992feb,70beea653872aa2cff938b2f65b3e90d8d7bbeaa97f2b7a0c81260159d0eb065,510aa3bda9466fe3f579822410d062ea8f6665052c0a26e8c01a06b0f79dfc13,"""/samples_ms/cublaslt_nccl_oproj_boundary""",10,50,best_observed_not_independent_retest
oproj,nanbeige42_3b,1024,8,3072,48,8,128,128,3072,6144,te_ub,bf16,0a,graph,causal_dual_chunk_v1,distributed_maxrank,604f4464544072ecfa4f99520a8a3be7b9f73edf1546496807d25dba9371f40a,0.07566400244832039,0.07946880161762238,0.06385914109288912,"{""comm_sm"": 4, ""local_first"": false, ""pack_block"": 512, ""pack_warps"": 4, ""push"": true, ""reverse"": false, ""streams"": 1, ""use_ce"": false}",20260906-171635-992feb,70beea653872aa2cff938b2f65b3e90d8d7bbeaa97f2b7a0c81260159d0eb065,2707bf5ddce818cc06a9e1dac15d63e31b3c2f505c328f64148364a8d1fe5a18,"""/samples_ms""",10,50,best_observed_not_independent_retest
oproj,nanbeige42_3b,131072,4,3072,48,8,128,32768,3072,6144,cublaslt_gemm,bf16,09,graph,pure_gemm,single_gpu_diagnostic_not_distributed_maxrank,26ec5332ecff61fe30e49565f0c781b49d3e29e77debca232bc934714f23daa5,0.8342079818248749,0.8528831988573075,1.4827843993318117,"{""algorithm"": 66, ""best_ms"": 0.794481, ""beta"": 0, ""exact_serialized_algorithm_available"": false, ""graph_tuning"": 0, ""library_sha256"": ""520b1980e976d88f851ce52d716266602818e430f2310ea0d8765fbb260f8cb0"", ""math_sms"": 0, ""precision"": 16, ""rejected"": 0, ""replay"": ""graph"", ""requested"": 256, ""returned"": 8, ""selected_candidate_records"": [{""algorithm"": 66, ""index"": 0, ""split_k"": 1, ""tile"": 23, ""tune_ms"": 0.794481, ""workspace_bytes"": 0}], ""valid"": 8, ""workspace_capacity"": 268435456}",20260906-152108-a0abd1,70beea653872aa2cff938b2f65b3e90d8d7bbeaa97f2b7a0c81260159d0eb065,a9eb0d72de3d3721c9db57909ec7c27dc3a814be4a1593dc71ce0842b0f47749,"""/geometries/34/results/1""",10,50,best_observed_not_independent_retest
oproj,nanbeige42_3b,131072,4,3072,48,8,128,32768,3072,6144,cublaslt_nccl,bf16,09,graph,causal_dual_chunk_v1,distributed_maxrank,26ec5332ecff61fe30e49565f0c781b49d3e29e77debca232bc934714f23daa5,1.8421599864959717,1.8502207815647125,0.6714675111366636,"{""channels"": 24, ""chunk_kib"": 128, ""high_priority"": false, ""ll_kib"": 64, ""pack_block"": 512, ""pack_warps"": 4}",20260906-161540-1427cd,70beea653872aa2cff938b2f65b3e90d8d7bbeaa97f2b7a0c81260159d0eb065,527cd94ed2bd2d6c7e0eae9d8d31c749fb01c98387830f3ab390f51f53d8dadc,"""/samples_ms/cublaslt_nccl_oproj_boundary""",10,50,best_observed_not_independent_retest
oproj,nanbeige42_3b,131072,4,3072,48,8,128,32768,3072,6144,te_ub,bf16,09,graph,causal_dual_chunk_v1,distributed_maxrank,26ec5332ecff61fe30e49565f0c781b49d3e29e77debca232bc934714f23daa5,1.1981120109558105,1.2127520084381103,1.0324164768711446,"{""comm_sm"": 24, ""local_first"": false, ""pack_block"": 512, ""pack_warps"": 4, ""push"": true, ""reverse"": false, ""streams"": 1, ""use_ce"": false}",20260906-161540-1427cd,70beea653872aa2cff938b2f65b3e90d8d7bbeaa97f2b7a0c81260159d0eb065,756e2d05a0021ed8b0539fcc7d72d23d1a4c136c919d446865d98c654bae5422,"""/samples_ms""",10,50,best_observed_not_independent_retest
oproj,nanbeige42_3b,131072,8,3072,48,8,128,16384,3072,6144,cublaslt_gemm,bf16,0a,graph,pure_gemm,single_gpu_diagnostic_not_distributed_maxrank,604f4464544072ecfa4f99520a8a3be7b9f73edf1546496807d25dba9371f40a,0.43374399840831757,0.448828798532486,1.4258993620512999,"{""algorithm"": 66, ""best_ms"": 0.370344, ""beta"": 0, ""exact_serialized_algorithm_available"": false, ""graph_tuning"": 0, ""library_sha256"": ""c40f68c965c0c64fa0294d12c371954e2dbc0ceb91a1c15c0fc3d5b61bcae0a9"", ""math_sms"": 0, ""precision"": 16, ""rejected"": 0, ""replay"": ""graph"", ""requested"": 256, ""returned"": 8, ""selected_candidate_records"": [{""algorithm"": 66, ""index"": 2, ""split_k"": 1, ""tile"": 32, ""tune_ms"": 0.370344, ""workspace_bytes"": 0}], ""valid"": 8, ""workspace_capacity"": 268435456}",20260906-152511-9c37d6,70beea653872aa2cff938b2f65b3e90d8d7bbeaa97f2b7a0c81260159d0eb065,07efdcc5b0869ea6954745bcc8e111c3583949dd44c4af80f02e9536b8fb8624,"""/geometries/34/results/0""",10,50,best_observed_not_independent_retest
oproj,nanbeige42_3b,131072,8,3072,48,8,128,16384,3072,6144,cublaslt_nccl,bf16,0a,graph,causal_dual_chunk_v1,distributed_maxrank,604f4464544072ecfa4f99520a8a3be7b9f73edf1546496807d25dba9371f40a,0.9758880138397217,0.9840016096830368,0.6337564165693067,"{""channels"": 32, ""chunk_kib"": 1024, ""high_priority"": false, ""ll_kib"": 16, ""pack_block"": 512, ""pack_warps"": 4}",20260906-171635-992feb,70beea653872aa2cff938b2f65b3e90d8d7bbeaa97f2b7a0c81260159d0eb065,6d29f0ff8ef819d4d0e853812d1ad0ceaf517b8cc8978b2eab69537bc90b400b,"""/samples_ms/cublaslt_nccl_oproj_boundary""",10,50,best_observed_not_independent_retest
oproj,nanbeige42_3b,131072,8,3072,48,8,128,16384,3072,6144,te_ub,bf16,0a,graph,causal_dual_chunk_v1,distributed_maxrank,604f4464544072ecfa4f99520a8a3be7b9f73edf1546496807d25dba9371f40a,0.6597919762134552,0.6887280046939849,0.937379223938776,"{""comm_sm"": 16, ""local_first"": false, ""pack_block"": 512, ""pack_warps"": 4, ""push"": true, ""reverse"": false, ""streams"": 1, ""use_ce"": false}",20260906-171635-992feb,70beea653872aa2cff938b2f65b3e90d8d7bbeaa97f2b7a0c81260159d0eb065,8cd1230aced5069adbeedd68ec79d5a3e9d101eb383ef1e30bd352b4c28d4708,"""/samples_ms""",10,50,best_observed_not_independent_retest
oproj,nanbeige42_3b,16384,4,3072,48,8,128,4096,3072,6144,cublaslt_gemm,bf16,09,graph,pure_gemm,single_gpu_diagnostic_not_distributed_maxrank,26ec5332ecff61fe30e49565f0c781b49d3e29e77debca232bc934714f23daa5,0.12358400225639343,0.12745119780302047,1.2511232832160606,"{""algorithm"": 66, ""best_ms"": 0.108272, ""beta"": 0, ""exact_serialized_algorithm_available"": false, ""graph_tuning"": 0, ""library_sha256"": ""520b1980e976d88f851ce52d716266602818e430f2310ea0d8765fbb260f8cb0"", ""math_sms"": 0, ""precision"": 16, ""rejected"": 0, ""replay"": ""graph"", ""requested"": 256, ""returned"": 8, ""selected_candidate_records"": [{""algorithm"": 66, ""index"": 4, ""split_k"": 1, ""tile"": 201, ""tune_ms"": 0.108272, ""workspace_bytes"": 0}], ""valid"": 8, ""workspace_capacity"": 268435456}",20260906-152108-a0abd1,70beea653872aa2cff938b2f65b3e90d8d7bbeaa97f2b7a0c81260159d0eb065,a9eb0d72de3d3721c9db57909ec7c27dc3a814be4a1593dc71ce0842b0f47749,"""/geometries/23/results/1""",10,50,best_observed_not_independent_retest
oproj,nanbeige42_3b,16384,4,3072,48,8,128,4096,3072,6144,cublaslt_nccl,bf16,09,graph,causal_dual_chunk_v1,distributed_maxrank,26ec5332ecff61fe30e49565f0c781b49d3e29e77debca232bc934714f23daa5,0.26870399713516235,0.2727455899119377,0.5754243491146293,"{""channels"": 32, ""chunk_kib"": 1024, ""high_priority"": false, ""ll_kib"": 128, ""pack_block"": 512, ""pack_warps"": 4}",20260906-161540-1427cd,70beea653872aa2cff938b2f65b3e90d8d7bbeaa97f2b7a0c81260159d0eb065,f2aa733da8437c84e5fae0820352b9b801839bcda1c2c6c279671164d0b965c2,"""/samples_ms/cublaslt_nccl_oproj_boundary""",10,50,best_observed_not_independent_retest
oproj,nanbeige42_3b,16384,4,3072,48,8,128,4096,3072,6144,te_ub,bf16,09,graph,causal_dual_chunk_v1,distributed_maxrank,26ec5332ecff61fe30e49565f0c781b49d3e29e77debca232bc934714f23daa5,0.17880000174045563,0.18152479976415634,0.8647585075555156,"{""comm_sm"": 16, ""local_first"": false, ""pack_block"": 512, ""pack_warps"": 4, ""push"": true, ""reverse"": false, ""streams"": 1, ""use_ce"": false}",20260906-161540-1427cd,70beea653872aa2cff938b2f65b3e90d8d7bbeaa97f2b7a0c81260159d0eb065,d069c9fd6c8b61f8989547b5fa75c209292092a4935ecd89ebcd4ed9cd7a3b91,"""/samples_ms""",10,50,best_observed_not_independent_retest
oproj,nanbeige42_3b,16384,8,3072,48,8,128,2048,3072,6144,cublaslt_gemm,bf16,0a,graph,pure_gemm,single_gpu_diagnostic_not_distributed_maxrank,604f4464544072ecfa4f99520a8a3be7b9f73edf1546496807d25dba9371f40a,0.06790400296449661,0.06947840005159378,1.1385103668839813,"{""algorithm"": 66, ""best_ms"": 0.0496269, ""beta"": 0, ""exact_serialized_algorithm_available"": false, ""graph_tuning"": 0, ""library_sha256"": ""c40f68c965c0c64fa0294d12c371954e2dbc0ceb91a1c15c0fc3d5b61bcae0a9"", ""math_sms"": 0, ""precision"": 16, ""rejected"": 0, ""replay"": ""graph"", ""requested"": 256, ""returned"": 8, ""selected_candidate_records"": [{""algorithm"": 66, ""index"": 7, ""split_k"": 1, ""tile"": 177, ""tune_ms"": 0.0496269, ""workspace_bytes"": 0}], ""valid"": 8, ""workspace_capacity"": 268435456}",20260906-152511-9c37d6,70beea653872aa2cff938b2f65b3e90d8d7bbeaa97f2b7a0c81260159d0eb065,07efdcc5b0869ea6954745bcc8e111c3583949dd44c4af80f02e9536b8fb8624,"""/geometries/23/results/0""",10,50,best_observed_not_independent_retest
oproj,nanbeige42_3b,16384,8,3072,48,8,128,2048,3072,6144,cublaslt_nccl,bf16,0a,graph,causal_dual_chunk_v1,distributed_maxrank,604f4464544072ecfa4f99520a8a3be7b9f73edf1546496807d25dba9371f40a,0.16143999993801117,0.166366396099329,0.4788739553870468,"{""channels"": 24, ""chunk_kib"": 256, ""high_priority"": false, ""ll_kib"": 16, ""pack_block"": 512, ""pack_warps"": 4}",20260906-171635-992feb,70beea653872aa2cff938b2f65b3e90d8d7bbeaa97f2b7a0c81260159d0eb065,18c3164144a3dafb49d47e768952a2ad68712b4ff666a5d4b47cfb6181de6f89,"""/samples_ms/cublaslt_nccl_oproj_boundary""",10,50,best_observed_not_independent_retest
oproj,nanbeige42_3b,16384,8,3072,48,8,128,2048,3072,6144,te_ub,bf16,0a,graph,causal_dual_chunk_v1,distributed_maxrank,604f4464544072ecfa4f99520a8a3be7b9f73edf1546496807d25dba9371f40a,0.1334879994392395,0.14302720576524733,0.5791487748169405,"{""comm_sm"": 16, ""local_first"": false, ""pack_block"": 512, ""pack_warps"": 4, ""push"": true, ""reverse"": false, ""streams"": 1, ""use_ce"": false}",20260906-171635-992feb,70beea653872aa2cff938b2f65b3e90d8d7bbeaa97f2b7a0c81260159d0eb065,7c85350239ac3969fc505eba6922c8f1aa63e090f2d5e6722bda3d5268e78588,"""/samples_ms""",10,50,best_observed_not_independent_retest
oproj,nanbeige42_3b,262144,4,3072,48,8,128,65536,3072,6144,cublaslt_gemm,bf16,09,graph,pure_gemm,single_gpu_diagnostic_not_distributed_maxrank,26ec5332ecff61fe30e49565f0c781b49d3e29e77debca232bc934714f23daa5,1.7132480144500732,1.7347840309143066,1.4439830903817419,"{""algorithm"": 66, ""best_ms"": 1.53006, ""beta"": 0, ""exact_serialized_algorithm_available"": false, ""graph_tuning"": 0, ""library_sha256"": ""520b1980e976d88f851ce52d716266602818e430f2310ea0d8765fbb260f8cb0"", ""math_sms"": 0, ""precision"": 16, ""rejected"": 0, ""replay"": ""graph"", ""requested"": 256, ""returned"": 8, ""selected_candidate_records"": [{""algorithm"": 66, ""index"": 0, ""split_k"": 1, ""tile"": 23, ""tune_ms"": 1.53006, ""workspace_bytes"": 0}], ""valid"": 8, ""workspace_capacity"": 268435456}",20260906-152108-a0abd1,70beea653872aa2cff938b2f65b3e90d8d7bbeaa97f2b7a0c81260159d0eb065,a9eb0d72de3d3721c9db57909ec7c27dc3a814be4a1593dc71ce0842b0f47749,"""/geometries/45/results/1""",10,50,best_observed_not_independent_retest
oproj,nanbeige42_3b,262144,4,3072,48,8,128,65536,3072,6144,cublaslt_nccl,bf16,09,graph,causal_dual_chunk_v1,distributed_maxrank,26ec5332ecff61fe30e49565f0c781b49d3e29e77debca232bc934714f23daa5,3.557152032852173,3.5782496690750123,0.6954724284057076,"{""channels"": 32, ""chunk_kib"": 256, ""high_priority"": false, ""ll_kib"": 16, ""pack_block"": 512, ""pack_warps"": 4}",20260906-161540-1427cd,70beea653872aa2cff938b2f65b3e90d8d7bbeaa97f2b7a0c81260159d0eb065,585bc56bb7a51f9776d9423f819cd571c3f92e4ba4a661d6a82132e46d6a075f,"""/samples_ms/cublaslt_nccl_oproj_boundary""",10,50,best_observed_not_independent_retest
oproj,nanbeige42_3b,262144,4,3072,48,8,128,65536,3072,6144,te_ub,bf16,09,graph,causal_dual_chunk_v1,distributed_maxrank,26ec5332ecff61fe30e49565f0c781b49d3e29e77debca232bc934714f23daa5,2.3502880334854126,2.416774368286133,1.0525948850734148,"{""comm_sm"": 16, ""local_first"": false, ""pack_block"": 512, ""pack_warps"": 4, ""push"": true, ""reverse"": false, ""streams"": 1, ""use_ce"": false}",20260906-161540-1427cd,70beea653872aa2cff938b2f65b3e90d8d7bbeaa97f2b7a0c81260159d0eb065,d96a31e62379b0de282d23e35be7407d2846110495eeaa1f96966894732af6d7,"""/samples_ms""",10,50,best_observed_not_independent_retest
oproj,nanbeige42_3b,262144,8,3072,48,8,128,32768,3072,6144,cublaslt_gemm,bf16,0a,graph,pure_gemm,single_gpu_diagnostic_not_distributed_maxrank,604f4464544072ecfa4f99520a8a3be7b9f73edf1546496807d25dba9371f40a,0.9056319892406464,0.9152527898550034,1.3658424127499709,"{""algorithm"": 66, ""best_ms"": 0.819243, ""beta"": 0, ""exact_serialized_algorithm_available"": false, ""graph_tuning"": 0, ""library_sha256"": ""c40f68c965c0c64fa0294d12c371954e2dbc0ceb91a1c15c0fc3d5b61bcae0a9"", ""math_sms"": 0, ""precision"": 16, ""rejected"": 0, ""replay"": ""graph"", ""requested"": 256, ""returned"": 8, ""selected_candidate_records"": [{""algorithm"": 66, ""index"": 2, ""split_k"": 1, ""tile"": 32, ""tune_ms"": 0.819243, ""workspace_bytes"": 0}], ""valid"": 8, ""workspace_capacity"": 268435456}",20260906-152511-9c37d6,70beea653872aa2cff938b2f65b3e90d8d7bbeaa97f2b7a0c81260159d0eb065,07efdcc5b0869ea6954745bcc8e111c3583949dd44c4af80f02e9536b8fb8624,"""/geometries/45/results/0""",10,50,best_observed_not_independent_retest
oproj,nanbeige42_3b,262144,8,3072,48,8,128,32768,3072,6144,cublaslt_nccl,bf16,0a,graph,causal_dual_chunk_v1,distributed_maxrank,604f4464544072ecfa4f99520a8a3be7b9f73edf1546496807d25dba9371f40a,1.8770399689674377,1.8831936359405517,0.6589900064453333,"{""channels"": 32, ""chunk_kib"": 128, ""high_priority"": false, ""ll_kib"": 128, ""pack_block"": 512, ""pack_warps"": 4}",20260906-171635-992feb,70beea653872aa2cff938b2f65b3e90d8d7bbeaa97f2b7a0c81260159d0eb065,df192a02e2852d82e0c86d6c4cb4302c1f1b8b7e234b9d2673d938a86330f447,"""/samples_ms/cublaslt_nccl_oproj_boundary""",10,50,best_observed_not_independent_retest
oproj,nanbeige42_3b,262144,8,3072,48,8,128,32768,3072,6144,te_ub,bf16,0a,graph,causal_dual_chunk_v1,distributed_maxrank,604f4464544072ecfa4f99520a8a3be7b9f73edf1546496807d25dba9371f40a,1.2750239968299866,1.2823519945144652,0.9701390595968028,"{""comm_sm"": 24, ""local_first"": false, ""pack_block"": 512, ""pack_warps"": 4, ""push"": true, ""reverse"": false, ""streams"": 1, ""use_ce"": false}",20260906-171635-992feb,70beea653872aa2cff938b2f65b3e90d8d7bbeaa97f2b7a0c81260159d0eb065,8af50d2f5287b8825679a731453a3d079680f63bcd0be92bb4441706311de6e8,"""/samples_ms""",10,50,best_observed_not_independent_retest
oproj,nanbeige42_3b,4096,4,3072,48,8,128,1024,3072,6144,cublaslt_gemm,bf16,09,graph,pure_gemm,single_gpu_diagnostic_not_distributed_maxrank,26ec5332ecff61fe30e49565f0c781b49d3e29e77debca232bc934714f23daa5,0.03590400144457817,0.03719040006399155,1.076612748126914,"{""algorithm"": 66, ""best_ms"": 0.0266835, ""beta"": 0, ""exact_serialized_algorithm_available"": false, ""graph_tuning"": 0, ""library_sha256"": ""520b1980e976d88f851ce52d716266602818e430f2310ea0d8765fbb260f8cb0"", ""math_sms"": 0, ""precision"": 16, ""rejected"": 0, ""replay"": ""graph"", ""requested"": 256, ""returned"": 8, ""selected_candidate_records"": [{""algorithm"": 66, ""index"": 1, ""split_k"": 1, ""tile"": 201, ""tune_ms"": 0.0266835, ""workspace_bytes"": 0}], ""valid"": 8, ""workspace_capacity"": 268435456}",20260906-152108-a0abd1,70beea653872aa2cff938b2f65b3e90d8d7bbeaa97f2b7a0c81260159d0eb065,a9eb0d72de3d3721c9db57909ec7c27dc3a814be4a1593dc71ce0842b0f47749,"""/geometries/12/results/1""",10,50,best_observed_not_independent_retest
oproj,nanbeige42_3b,4096,4,3072,48,8,128,1024,3072,6144,cublaslt_nccl,bf16,09,graph,causal_dual_chunk_v1,distributed_maxrank,26ec5332ecff61fe30e49565f0c781b49d3e29e77debca232bc934714f23daa5,0.1064319983124733,0.11040799878537655,0.3631868824872929,"{""channels"": 24, ""chunk_kib"": 512, ""high_priority"": false, ""ll_kib"": 64, ""pack_block"": 512, ""pack_warps"": 4}",20260906-161540-1427cd,70beea653872aa2cff938b2f65b3e90d8d7bbeaa97f2b7a0c81260159d0eb065,faaa6dd931615cbed76fb7485d7668ced51320e769f3776c4562c14d8ac481bf,"""/samples_ms/cublaslt_nccl_oproj_boundary""",10,50,best_observed_not_independent_retest
oproj,nanbeige42_3b,4096,4,3072,48,8,128,1024,3072,6144,te_ub,bf16,09,graph,causal_dual_chunk_v1,distributed_maxrank,26ec5332ecff61fe30e49565f0c781b49d3e29e77debca232bc934714f23daa5,0.06876800209283829,0.08328480012714863,0.5621030782865455,"{""comm_sm"": 24, ""local_first"": false, ""pack_block"": 512, ""pack_warps"": 4, ""push"": true, ""reverse"": false, ""streams"": 1, ""use_ce"": false}",20260906-161540-1427cd,70beea653872aa2cff938b2f65b3e90d8d7bbeaa97f2b7a0c81260159d0eb065,c2eaa47e52ae4f320bd4fedf4d1383bb5149af85d476f258fd0e7dcf6d806a23,"""/samples_ms""",10,50,best_observed_not_independent_retest
oproj,nanbeige42_3b,4096,8,3072,48,8,128,512,3072,6144,cublaslt_gemm,bf16,0a,graph,pure_gemm,single_gpu_diagnostic_not_distributed_maxrank,604f4464544072ecfa4f99520a8a3be7b9f73edf1546496807d25dba9371f40a,0.021056000143289566,0.02152159996330738,0.9179023888903004,"{""algorithm"": 66, ""best_ms"": 0.0164486, ""beta"": 0, ""exact_serialized_algorithm_available"": false, ""graph_tuning"": 0, ""library_sha256"": ""c40f68c965c0c64fa0294d12c371954e2dbc0ceb91a1c15c0fc3d5b61bcae0a9"", ""math_sms"": 0, ""precision"": 16, ""rejected"": 0, ""replay"": ""graph"", ""requested"": 256, ""returned"": 8, ""selected_candidate_records"": [{""algorithm"": 66, ""index"": 0, ""split_k"": 1, ""tile"": 28, ""tune_ms"": 0.0164486, ""workspace_bytes"": 0}], ""valid"": 8, ""workspace_capacity"": 268435456}",20260906-152511-9c37d6,70beea653872aa2cff938b2f65b3e90d8d7bbeaa97f2b7a0c81260159d0eb065,07efdcc5b0869ea6954745bcc8e111c3583949dd44c4af80f02e9536b8fb8624,"""/geometries/12/results/0""",10,50,best_observed_not_independent_retest
oproj,nanbeige42_3b,4096,8,3072,48,8,128,512,3072,6144,cublaslt_nccl,bf16,0a,graph,causal_dual_chunk_v1,distributed_maxrank,604f4464544072ecfa4f99520a8a3be7b9f73edf1546496807d25dba9371f40a,0.07726399973034859,0.0806576032191515,0.25014693647044517,"{""channels"": 32, ""chunk_kib"": 512, ""high_priority"": false, ""ll_kib"": 16, ""pack_block"": 512, ""pack_warps"": 4}",20260906-171635-992feb,70beea653872aa2cff938b2f65b3e90d8d7bbeaa97f2b7a0c81260159d0eb065,8129f2b71f1618764db848101481fe13a1ad4837096bec1dae099df647a0f2b6,"""/samples_ms/cublaslt_nccl_oproj_boundary""",10,50,best_observed_not_independent_retest
oproj,nanbeige42_3b,4096,8,3072,48,8,128,512,3072,6144,te_ub,bf16,0a,graph,causal_dual_chunk_v1,distributed_maxrank,604f4464544072ecfa4f99520a8a3be7b9f73edf1546496807d25dba9371f40a,0.08779199793934822,0.08904160000383854,0.2201493676605065,"{""comm_sm"": 20, ""local_first"": false, ""pack_block"": 512, ""pack_warps"": 4, ""push"": true, ""reverse"": false, ""streams"": 1, ""use_ce"": false}",20260906-171635-992feb,70beea653872aa2cff938b2f65b3e90d8d7bbeaa97f2b7a0c81260159d0eb065,802cb8812b2efc8a8ff7b9a44c6153909dcd5f82bacd81389f947d65f716c324,"""/samples_ms""",10,50,best_observed_not_independent_retest
oproj,nanbeige42_3b,524288,4,3072,48,8,128,131072,3072,6144,cublaslt_gemm,bf16,09,graph,pure_gemm,single_gpu_diagnostic_not_distributed_maxrank,26ec5332ecff61fe30e49565f0c781b49d3e29e77debca232bc934714f23daa5,3.3462719917297363,3.3639487862586974,1.478601362118926,"{""algorithm"": 66, ""best_ms"": 3.20438, ""beta"": 0, ""exact_serialized_algorithm_available"": false, ""graph_tuning"": 0, ""library_sha256"": ""520b1980e976d88f851ce52d716266602818e430f2310ea0d8765fbb260f8cb0"", ""math_sms"": 0, ""precision"": 16, ""rejected"": 0, ""replay"": ""graph"", ""requested"": 256, ""returned"": 8, ""selected_candidate_records"": [{""algorithm"": 66, ""index"": 0, ""split_k"": 1, ""tile"": 513, ""tune_ms"": 3.20438, ""workspace_bytes"": 0}], ""valid"": 8, ""workspace_capacity"": 268435456}",20260906-152108-a0abd1,70beea653872aa2cff938b2f65b3e90d8d7bbeaa97f2b7a0c81260159d0eb065,a9eb0d72de3d3721c9db57909ec7c27dc3a814be4a1593dc71ce0842b0f47749,"""/geometries/56/results/1""",10,50,best_observed_not_independent_retest
oproj,nanbeige42_3b,524288,4,3072,48,8,128,131072,3072,6144,cublaslt_nccl,bf16,09,graph,causal_dual_chunk_v1,distributed_maxrank,26ec5332ecff61fe30e49565f0c781b49d3e29e77debca232bc934714f23daa5,6.980751991271973,7.00381760597229,0.708777841008853,"{""channels"": 32, ""chunk_kib"": 1024, ""high_priority"": false, ""ll_kib"": 16, ""pack_block"": 512, ""pack_warps"": 4}",20260906-161540-1427cd,70beea653872aa2cff938b2f65b3e90d8d7bbeaa97f2b7a0c81260159d0eb065,8d77b0de4c24fa272b0fe206e63d04dc2a8071d8a15ee5deca03bf64471c6681,"""/samples_ms/cublaslt_nccl_oproj_boundary""",10,50,best_observed_not_independent_retest
oproj,nanbeige42_3b,524288,4,3072,48,8,128,131072,3072,6144,te_ub,bf16,09,graph,causal_dual_chunk_v1,distributed_maxrank,26ec5332ecff61fe30e49565f0c781b49d3e29e77debca232bc934714f23daa5,4.939072132110596,5.0319905281066895,1.0017675775222326,"{""comm_sm"": 20, ""local_first"": false, ""pack_block"": 512, ""pack_warps"": 4, ""push"": true, ""reverse"": false, ""streams"": 1, ""use_ce"": false}",20260906-161540-1427cd,70beea653872aa2cff938b2f65b3e90d8d7bbeaa97f2b7a0c81260159d0eb065,5cb518812d5feed0f65d0415e2028c2351b8c9c73b7a3e517bed14b461d3bca7,"""/samples_ms""",10,50,best_observed_not_independent_retest
oproj,nanbeige42_3b,524288,8,3072,48,8,128,65536,3072,6144,cublaslt_gemm,bf16,0a,graph,pure_gemm,single_gpu_diagnostic_not_distributed_maxrank,604f4464544072ecfa4f99520a8a3be7b9f73edf1546496807d25dba9371f40a,1.7011359930038452,1.7290527880191804,1.4542641932627711,"{""algorithm"": 66, ""best_ms"": 1.42737, ""beta"": 0, ""exact_serialized_algorithm_available"": false, ""graph_tuning"": 0, ""library_sha256"": ""c40f68c965c0c64fa0294d12c371954e2dbc0ceb91a1c15c0fc3d5b61bcae0a9"", ""math_sms"": 0, ""precision"": 16, ""rejected"": 0, ""replay"": ""graph"", ""requested"": 256, ""returned"": 8, ""selected_candidate_records"": [{""algorithm"": 66, ""index"": 0, ""split_k"": 1, ""tile"": 23, ""tune_ms"": 1.42737, ""workspace_bytes"": 0}], ""valid"": 8, ""workspace_capacity"": 268435456}",20260906-152511-9c37d6,70beea653872aa2cff938b2f65b3e90d8d7bbeaa97f2b7a0c81260159d0eb065,07efdcc5b0869ea6954745bcc8e111c3583949dd44c4af80f02e9536b8fb8624,"""/geometries/56/results/0""",10,50,best_observed_not_independent_retest
oproj,nanbeige42_3b,524288,8,3072,48,8,128,65536,3072,6144,cublaslt_nccl,bf16,0a,graph,causal_dual_chunk_v1,distributed_maxrank,604f4464544072ecfa4f99520a8a3be7b9f73edf1546496807d25dba9371f40a,3.6927359104156494,3.702344012260437,0.6699372017149043,"{""channels"": 32, ""chunk_kib"": 256, ""high_priority"": false, ""ll_kib"": 16, ""pack_block"": 512, ""pack_warps"": 4}",20260906-171635-992feb,70beea653872aa2cff938b2f65b3e90d8d7bbeaa97f2b7a0c81260159d0eb065,b065db25860b23e3eee6041e04aca3703247c113793832f57c38f27ac0736efd,"""/samples_ms/cublaslt_nccl_oproj_boundary""",10,50,best_observed_not_independent_retest
oproj,nanbeige42_3b,524288,8,3072,48,8,128,65536,3072,6144,te_ub,bf16,0a,graph,causal_dual_chunk_v1,distributed_maxrank,604f4464544072ecfa4f99520a8a3be7b9f73edf1546496807d25dba9371f40a,2.710304021835327,2.7498000264167786,0.9127762577796557,"{""comm_sm"": 20, ""local_first"": false, ""pack_block"": 512, ""pack_warps"": 4, ""push"": true, ""reverse"": false, ""streams"": 1, ""use_ce"": false}",20260906-171635-992feb,70beea653872aa2cff938b2f65b3e90d8d7bbeaa97f2b7a0c81260159d0eb065,7c434d5904cb21be9ac16dd8339d361c55e0d125c67f33a6a3d705facfc6ea8d,"""/samples_ms""",10,50,best_observed_not_independent_retest
oproj,production_qwen_dense,1024,4,2048,16,8,128,256,2048,2048,cublaslt_gemm,bf16,09,graph,pure_gemm,single_gpu_diagnostic_not_distributed_maxrank,26ec5332ecff61fe30e49565f0c781b49d3e29e77debca232bc934714f23daa5,0.00940799992531538,0.010374400252476334,0.2282614439889051,"{""algorithm"": 66, ""best_ms"": 0.00639744, ""beta"": 0, ""exact_serialized_algorithm_available"": false, ""graph_tuning"": 0, ""library_sha256"": ""520b1980e976d88f851ce52d716266602818e430f2310ea0d8765fbb260f8cb0"", ""math_sms"": 0, ""precision"": 16, ""rejected"": 0, ""replay"": ""graph"", ""requested"": 256, ""returned"": 8, ""selected_candidate_records"": [{""algorithm"": 66, ""index"": 0, ""split_k"": 1, ""tile"": 15, ""tune_ms"": 0.00639744, ""workspace_bytes"": 0}], ""valid"": 8, ""workspace_capacity"": 268435456}",20260906-152108-a0abd1,70beea653872aa2cff938b2f65b3e90d8d7bbeaa97f2b7a0c81260159d0eb065,a9eb0d72de3d3721c9db57909ec7c27dc3a814be4a1593dc71ce0842b0f47749,"""/geometries/0/results/1""",10,50,best_observed_not_independent_retest
oproj,production_qwen_dense,1024,4,2048,16,8,128,256,2048,2048,cublaslt_nccl,bf16,09,graph,causal_dual_chunk_v1,distributed_maxrank,26ec5332ecff61fe30e49565f0c781b49d3e29e77debca232bc934714f23daa5,0.04055999964475632,0.043832000158727166,0.052945849773389515,"{""channels"": 32, ""chunk_kib"": 512, ""high_priority"": false, ""ll_kib"": 16, ""pack_block"": 512, ""pack_warps"": 4}",20260906-161540-1427cd,70beea653872aa2cff938b2f65b3e90d8d7bbeaa97f2b7a0c81260159d0eb065,f420576482074d271a2a5b8ae9024ccd4f4e72cda1b065bfff49db78c35f7c77,"""/samples_ms/cublaslt_nccl_oproj_boundary""",10,50,best_observed_not_independent_retest
oproj,production_qwen_dense,1024,4,2048,16,8,128,256,2048,2048,te_ub,bf16,09,graph,causal_dual_chunk_v1,distributed_maxrank,26ec5332ecff61fe30e49565f0c781b49d3e29e77debca232bc934714f23daa5,0.03961599990725517,0.04226720109581947,0.054207483164061585,"{""comm_sm"": 24, ""local_first"": false, ""pack_block"": 512, ""pack_warps"": 4, ""push"": true, ""reverse"": false, ""streams"": 1, ""use_ce"": false}",20260906-161540-1427cd,70beea653872aa2cff938b2f65b3e90d8d7bbeaa97f2b7a0c81260159d0eb065,32daa0f09c9be1bc781260b3561d9768e1ba3be4adafd7ae15f4cb7eea639d40,"""/samples_ms""",10,50,best_observed_not_independent_retest
oproj,production_qwen_dense,1024,8,2048,16,8,128,128,2048,2048,cublaslt_gemm,bf16,0a,graph,pure_gemm,single_gpu_diagnostic_not_distributed_maxrank,604f4464544072ecfa4f99520a8a3be7b9f73edf1546496807d25dba9371f40a,0.009151999838650227,0.00979520007967949,0.11732319087959683,"{""algorithm"": 66, ""best_ms"": 0.0062176, ""beta"": 0, ""exact_serialized_algorithm_available"": false, ""graph_tuning"": 0, ""library_sha256"": ""c40f68c965c0c64fa0294d12c371954e2dbc0ceb91a1c15c0fc3d5b61bcae0a9"", ""math_sms"": 0, ""precision"": 16, ""rejected"": 0, ""replay"": ""graph"", ""requested"": 256, ""returned"": 8, ""selected_candidate_records"": [{""algorithm"": 66, ""index"": 2, ""split_k"": 1, ""tile"": 92, ""tune_ms"": 0.0062176, ""workspace_bytes"": 0}], ""valid"": 8, ""workspace_capacity"": 268435456}",20260906-152511-9c37d6,70beea653872aa2cff938b2f65b3e90d8d7bbeaa97f2b7a0c81260159d0eb065,07efdcc5b0869ea6954745bcc8e111c3583949dd44c4af80f02e9536b8fb8624,"""/geometries/0/results/0""",10,50,best_observed_not_independent_retest
oproj,production_qwen_dense,1024,8,2048,16,8,128,128,2048,2048,cublaslt_nccl,bf16,0a,graph,causal_dual_chunk_v1,distributed_maxrank,604f4464544072ecfa4f99520a8a3be7b9f73edf1546496807d25dba9371f40a,0.03686400130391121,0.03878879901021719,0.029127110080860316,"{""channels"": 24, ""chunk_kib"": 512, ""high_priority"": false, ""ll_kib"": 16, ""pack_block"": 512, ""pack_warps"": 4}",20260906-171635-992feb,70beea653872aa2cff938b2f65b3e90d8d7bbeaa97f2b7a0c81260159d0eb065,0b96f14f3a810097a710d96dc5ff74834f3730ae9691ad963b529b182f852378,"""/samples_ms/cublaslt_nccl_oproj_boundary""",10,50,best_observed_not_independent_retest
oproj,production_qwen_dense,1024,8,2048,16,8,128,128,2048,2048,te_ub,bf16,0a,graph,causal_dual_chunk_v1,distributed_maxrank,604f4464544072ecfa4f99520a8a3be7b9f73edf1546496807d25dba9371f40a,0.06513600051403046,0.06984640210866927,0.016484613969639007,"{""comm_sm"": 4, ""local_first"": false, ""pack_block"": 512, ""pack_warps"": 4, ""push"": true, ""reverse"": false, ""streams"": 1, ""use_ce"": false}",20260906-171635-992feb,70beea653872aa2cff938b2f65b3e90d8d7bbeaa97f2b7a0c81260159d0eb065,c136218e6522167caeed2602375806df7f664e9be2f0cc1855fcd020d3737fde,"""/samples_ms""",10,50,best_observed_not_independent_retest
oproj,production_qwen_dense,131072,4,2048,16,8,128,32768,2048,2048,cublaslt_gemm,bf16,09,graph,pure_gemm,single_gpu_diagnostic_not_distributed_maxrank,26ec5332ecff61fe30e49565f0c781b49d3e29e77debca232bc934714f23daa5,0.2101760059595108,0.21359999477863312,1.307846277167117,"{""algorithm"": 66, ""best_ms"": 0.172237, ""beta"": 0, ""exact_serialized_algorithm_available"": false, ""graph_tuning"": 0, ""library_sha256"": ""520b1980e976d88f851ce52d716266602818e430f2310ea0d8765fbb260f8cb0"", ""math_sms"": 0, ""precision"": 16, ""rejected"": 0, ""replay"": ""graph"", ""requested"": 256, ""returned"": 8, ""selected_candidate_records"": [{""algorithm"": 66, ""index"": 3, ""split_k"": 1, ""tile"": 32, ""tune_ms"": 0.172237, ""workspace_bytes"": 0}], ""valid"": 8, ""workspace_capacity"": 268435456}",20260906-152108-a0abd1,70beea653872aa2cff938b2f65b3e90d8d7bbeaa97f2b7a0c81260159d0eb065,a9eb0d72de3d3721c9db57909ec7c27dc3a814be4a1593dc71ce0842b0f47749,"""/geometries/33/results/1""",10,50,best_observed_not_independent_retest
oproj,production_qwen_dense,131072,4,2048,16,8,128,32768,2048,2048,cublaslt_nccl,bf16,09,graph,causal_dual_chunk_v1,distributed_maxrank,26ec5332ecff61fe30e49565f0c781b49d3e29e77debca232bc934714f23daa5,0.8097760081291199,0.8316351890563964,0.33944930966659403,"{""channels"": 32, ""chunk_kib"": 1024, ""high_priority"": false, ""ll_kib"": 16, ""pack_block"": 512, ""pack_warps"": 4}",20260906-161540-1427cd,70beea653872aa2cff938b2f65b3e90d8d7bbeaa97f2b7a0c81260159d0eb065,ed266b4cfbb8dd12149d27a9ebfda6880cfa2a64ceea477802706b8cfd56dbf1,"""/samples_ms/cublaslt_nccl_oproj_boundary""",10,50,best_observed_not_independent_retest
oproj,production_qwen_dense,131072,4,2048,16,8,128,32768,2048,2048,te_ub,bf16,09,graph,causal_dual_chunk_v1,distributed_maxrank,26ec5332ecff61fe30e49565f0c781b49d3e29e77debca232bc934714f23daa5,0.36449599266052246,0.3696495950222015,0.7541314924688642,"{""comm_sm"": 16, ""local_first"": false, ""pack_block"": 512, ""pack_warps"": 4, ""push"": true, ""reverse"": false, ""streams"": 1, ""use_ce"": false}",20260906-161540-1427cd,70beea653872aa2cff938b2f65b3e90d8d7bbeaa97f2b7a0c81260159d0eb065,46c0e29d201979801538c323ebcb1cc0d1bde8973670ec029d17a9f682022a16,"""/samples_ms""",10,50,best_observed_not_independent_retest
oproj,production_qwen_dense,131072,8,2048,16,8,128,16384,2048,2048,cublaslt_gemm,bf16,0a,graph,pure_gemm,single_gpu_diagnostic_not_distributed_maxrank,604f4464544072ecfa4f99520a8a3be7b9f73edf1546496807d25dba9371f40a,0.10745599865913391,0.10899200290441513,1.2790254167938673,"{""algorithm"": 66, ""best_ms"": 0.101539, ""beta"": 0, ""exact_serialized_algorithm_available"": false, ""graph_tuning"": 0, ""library_sha256"": ""c40f68c965c0c64fa0294d12c371954e2dbc0ceb91a1c15c0fc3d5b61bcae0a9"", ""math_sms"": 0, ""precision"": 16, ""rejected"": 0, ""replay"": ""graph"", ""requested"": 256, ""returned"": 8, ""selected_candidate_records"": [{""algorithm"": 66, ""index"": 0, ""split_k"": 1, ""tile"": 23, ""tune_ms"": 0.101539, ""workspace_bytes"": 0}], ""valid"": 8, ""workspace_capacity"": 268435456}",20260906-152511-9c37d6,70beea653872aa2cff938b2f65b3e90d8d7bbeaa97f2b7a0c81260159d0eb065,07efdcc5b0869ea6954745bcc8e111c3583949dd44c4af80f02e9536b8fb8624,"""/geometries/33/results/0""",10,50,best_observed_not_independent_retest
oproj,production_qwen_dense,131072,8,2048,16,8,128,16384,2048,2048,cublaslt_nccl,bf16,0a,graph,causal_dual_chunk_v1,distributed_maxrank,604f4464544072ecfa4f99520a8a3be7b9f73edf1546496807d25dba9371f40a,0.33825600147247314,0.345331197977066,0.40631637834572054,"{""channels"": 32, ""chunk_kib"": 1024, ""high_priority"": false, ""ll_kib"": 16, ""pack_block"": 512, ""pack_warps"": 4}",20260906-171635-992feb,70beea653872aa2cff938b2f65b3e90d8d7bbeaa97f2b7a0c81260159d0eb065,6860086d86e89f098b48ba57bdf1bbf189b2bde43703af394565f6f599a69739,"""/samples_ms/cublaslt_nccl_oproj_boundary""",10,50,best_observed_not_independent_retest
oproj,production_qwen_dense,131072,8,2048,16,8,128,16384,2048,2048,te_ub,bf16,0a,graph,causal_dual_chunk_v1,distributed_maxrank,604f4464544072ecfa4f99520a8a3be7b9f73edf1546496807d25dba9371f40a,0.24531200528144836,0.30333440154790875,0.5602618319242681,"{""comm_sm"": 16, ""local_first"": false, ""pack_block"": 512, ""pack_warps"": 4, ""push"": true, ""reverse"": false, ""streams"": 1, ""use_ce"": false}",20260906-171635-992feb,70beea653872aa2cff938b2f65b3e90d8d7bbeaa97f2b7a0c81260159d0eb065,c8cd7b4c0a5f2d5dddec88574d407448ae2899b7c6fd9e4deac06077b000c250,"""/samples_ms""",10,50,best_observed_not_independent_retest
oproj,production_qwen_dense,16384,4,2048,16,8,128,4096,2048,2048,cublaslt_gemm,bf16,09,graph,pure_gemm,single_gpu_diagnostic_not_distributed_maxrank,26ec5332ecff61fe30e49565f0c781b49d3e29e77debca232bc934714f23daa5,0.033376000821590424,0.03409759886562824,1.029474398435813,"{""algorithm"": 66, ""best_ms"": 0.0329312, ""beta"": 0, ""exact_serialized_algorithm_available"": false, ""graph_tuning"": 0, ""library_sha256"": ""520b1980e976d88f851ce52d716266602818e430f2310ea0d8765fbb260f8cb0"", ""math_sms"": 0, ""precision"": 16, ""rejected"": 0, ""replay"": ""graph"", ""requested"": 256, ""returned"": 8, ""selected_candidate_records"": [{""algorithm"": 66, ""index"": 5, ""split_k"": 1, ""tile"": 29, ""tune_ms"": 0.0329312, ""workspace_bytes"": 0}], ""valid"": 8, ""workspace_capacity"": 268435456}",20260906-152108-a0abd1,70beea653872aa2cff938b2f65b3e90d8d7bbeaa97f2b7a0c81260159d0eb065,a9eb0d72de3d3721c9db57909ec7c27dc3a814be4a1593dc71ce0842b0f47749,"""/geometries/22/results/1""",10,50,best_observed_not_independent_retest
oproj,production_qwen_dense,16384,4,2048,16,8,128,4096,2048,2048,cublaslt_nccl,bf16,09,graph,causal_dual_chunk_v1,distributed_maxrank,26ec5332ecff61fe30e49565f0c781b49d3e29e77debca232bc934714f23daa5,0.11313599720597267,0.24450719505548438,0.3037029700232852,"{""channels"": 32, ""chunk_kib"": 512, ""high_priority"": false, ""ll_kib"": 16, ""pack_block"": 512, ""pack_warps"": 4}",20260906-161540-1427cd,70beea653872aa2cff938b2f65b3e90d8d7bbeaa97f2b7a0c81260159d0eb065,8ddd367e3162adae376ce2870cf7ff6bff0f50db3dcd6c5e28de6aea975d4630,"""/samples_ms/cublaslt_nccl_oproj_boundary""",10,50,best_observed_not_independent_retest
oproj,production_qwen_dense,16384,4,2048,16,8,128,4096,2048,2048,te_ub,bf16,09,graph,causal_dual_chunk_v1,distributed_maxrank,26ec5332ecff61fe30e49565f0c781b49d3e29e77debca232bc934714f23daa5,0.07227199897170067,0.07416159845888615,0.47542255447305587,"{""comm_sm"": 16, ""local_first"": false, ""pack_block"": 512, ""pack_warps"": 4, ""push"": true, ""reverse"": false, ""streams"": 1, ""use_ce"": false}",20260906-161540-1427cd,70beea653872aa2cff938b2f65b3e90d8d7bbeaa97f2b7a0c81260159d0eb065,b7a45d50bd6671316490013cfee898d931229cb4d5fb8d8a1af4bcfe002271c7,"""/samples_ms""",10,50,best_observed_not_independent_retest
oproj,production_qwen_dense,16384,8,2048,16,8,128,2048,2048,2048,cublaslt_gemm,bf16,0a,graph,pure_gemm,single_gpu_diagnostic_not_distributed_maxrank,604f4464544072ecfa4f99520a8a3be7b9f73edf1546496807d25dba9371f40a,0.019200000911951065,0.01953759975731373,0.8947848108333354,"{""algorithm"": 66, ""best_ms"": 0.0225728, ""beta"": 0, ""exact_serialized_algorithm_available"": false, ""graph_tuning"": 0, ""library_sha256"": ""c40f68c965c0c64fa0294d12c371954e2dbc0ceb91a1c15c0fc3d5b61bcae0a9"", ""math_sms"": 0, ""precision"": 16, ""rejected"": 0, ""replay"": ""graph"", ""requested"": 256, ""returned"": 8, ""selected_candidate_records"": [{""algorithm"": 66, ""index"": 3, ""split_k"": 1, ""tile"": 20, ""tune_ms"": 0.0225728, ""workspace_bytes"": 0}], ""valid"": 8, ""workspace_capacity"": 268435456}",20260906-152511-9c37d6,70beea653872aa2cff938b2f65b3e90d8d7bbeaa97f2b7a0c81260159d0eb065,07efdcc5b0869ea6954745bcc8e111c3583949dd44c4af80f02e9536b8fb8624,"""/geometries/22/results/0""",10,50,best_observed_not_independent_retest
oproj,production_qwen_dense,16384,8,2048,16,8,128,2048,2048,2048,cublaslt_nccl,bf16,0a,graph,causal_dual_chunk_v1,distributed_maxrank,604f4464544072ecfa4f99520a8a3be7b9f73edf1546496807d25dba9371f40a,0.07550400123000145,0.07888160049915313,0.22753587762410654,"{""channels"": 24, ""chunk_kib"": 256, ""high_priority"": false, ""ll_kib"": 16, ""pack_block"": 512, ""pack_warps"": 4}",20260906-171635-992feb,70beea653872aa2cff938b2f65b3e90d8d7bbeaa97f2b7a0c81260159d0eb065,eda8ded5df0877aa7550a553f8915240ade5bcc44fa3b6219edec4bf0ce741a8,"""/samples_ms/cublaslt_nccl_oproj_boundary""",10,50,best_observed_not_independent_retest
oproj,production_qwen_dense,16384,8,2048,16,8,128,2048,2048,2048,te_ub,bf16,0a,graph,causal_dual_chunk_v1,distributed_maxrank,604f4464544072ecfa4f99520a8a3be7b9f73edf1546496807d25dba9371f40a,0.09063999727368355,0.09217280149459839,0.18953960393584446,"{""comm_sm"": 16, ""local_first"": false, ""pack_block"": 512, ""pack_warps"": 4, ""push"": true, ""reverse"": false, ""streams"": 1, ""use_ce"": false}",20260906-171635-992feb,70beea653872aa2cff938b2f65b3e90d8d7bbeaa97f2b7a0c81260159d0eb065,1afbcd5129237c63a055cefd9d14bc70157aabe7887acef58dc97e22b3802779,"""/samples_ms""",10,50,best_observed_not_independent_retest
oproj,production_qwen_dense,262144,4,2048,16,8,128,65536,2048,2048,cublaslt_gemm,bf16,09,graph,pure_gemm,single_gpu_diagnostic_not_distributed_maxrank,26ec5332ecff61fe30e49565f0c781b49d3e29e77debca232bc934714f23daa5,0.40671999752521515,0.41597279608249665,1.3516812972883565,"{""algorithm"": 66, ""best_ms"": 0.325062, ""beta"": 0, ""exact_serialized_algorithm_available"": false, ""graph_tuning"": 0, ""library_sha256"": ""520b1980e976d88f851ce52d716266602818e430f2310ea0d8765fbb260f8cb0"", ""math_sms"": 0, ""precision"": 16, ""rejected"": 0, ""replay"": ""graph"", ""requested"": 256, ""returned"": 8, ""selected_candidate_records"": [{""algorithm"": 66, ""index"": 2, ""split_k"": 1, ""tile"": 32, ""tune_ms"": 0.325062, ""workspace_bytes"": 0}], ""valid"": 8, ""workspace_capacity"": 268435456}",20260906-152108-a0abd1,70beea653872aa2cff938b2f65b3e90d8d7bbeaa97f2b7a0c81260159d0eb065,a9eb0d72de3d3721c9db57909ec7c27dc3a814be4a1593dc71ce0842b0f47749,"""/geometries/44/results/1""",10,50,best_observed_not_independent_retest
oproj,production_qwen_dense,262144,4,2048,16,8,128,65536,2048,2048,cublaslt_nccl,bf16,09,graph,causal_dual_chunk_v1,distributed_maxrank,26ec5332ecff61fe30e49565f0c781b49d3e29e77debca232bc934714f23daa5,1.1366080045700073,1.14344003200531,0.48368110349177007,"{""channels"": 32, ""chunk_kib"": 512, ""high_priority"": false, ""ll_kib"": 16, ""pack_block"": 512, ""pack_warps"": 4}",20260906-161540-1427cd,70beea653872aa2cff938b2f65b3e90d8d7bbeaa97f2b7a0c81260159d0eb065,acccf082b713124b72388d2286df7bb7e5ac22d675d2d5362ec3fda6b6d3a080,"""/samples_ms/cublaslt_nccl_oproj_boundary""",10,50,best_observed_not_independent_retest
oproj,production_qwen_dense,262144,4,2048,16,8,128,65536,2048,2048,te_ub,bf16,09,graph,causal_dual_chunk_v1,distributed_maxrank,26ec5332ecff61fe30e49565f0c781b49d3e29e77debca232bc934714f23daa5,0.6702560186386108,0.785836786031723,0.8202176460938544,"{""comm_sm"": 16, ""local_first"": false, ""pack_block"": 512, ""pack_warps"": 4, ""push"": true, ""reverse"": false, ""streams"": 1, ""use_ce"": false}",20260906-161540-1427cd,70beea653872aa2cff938b2f65b3e90d8d7bbeaa97f2b7a0c81260159d0eb065,600ff43cfce4c368ae5d43ba2c21066f70c6da3301f02e7b0018f63b49d17861,"""/samples_ms""",10,50,best_observed_not_independent_retest
oproj,production_qwen_dense,262144,8,2048,16,8,128,32768,2048,2048,cublaslt_gemm,bf16,0a,graph,pure_gemm,single_gpu_diagnostic_not_distributed_maxrank,604f4464544072ecfa4f99520a8a3be7b9f73edf1546496807d25dba9371f40a,0.20704000443220139,0.2093823991715908,1.327656013618437,"{""algorithm"": 66, ""best_ms"": 0.175784, ""beta"": 0, ""exact_serialized_algorithm_available"": false, ""graph_tuning"": 0, ""library_sha256"": ""c40f68c965c0c64fa0294d12c371954e2dbc0ceb91a1c15c0fc3d5b61bcae0a9"", ""math_sms"": 0, ""precision"": 16, ""rejected"": 0, ""replay"": ""graph"", ""requested"": 256, ""returned"": 8, ""selected_candidate_records"": [{""algorithm"": 66, ""index"": 3, ""split_k"": 1, ""tile"": 32, ""tune_ms"": 0.175784, ""workspace_bytes"": 0}], ""valid"": 8, ""workspace_capacity"": 268435456}",20260906-152511-9c37d6,70beea653872aa2cff938b2f65b3e90d8d7bbeaa97f2b7a0c81260159d0eb065,07efdcc5b0869ea6954745bcc8e111c3583949dd44c4af80f02e9536b8fb8624,"""/geometries/44/results/0""",10,50,best_observed_not_independent_retest
oproj,production_qwen_dense,262144,8,2048,16,8,128,32768,2048,2048,cublaslt_nccl,bf16,0a,graph,causal_dual_chunk_v1,distributed_maxrank,604f4464544072ecfa4f99520a8a3be7b9f73edf1546496807d25dba9371f40a,0.6079199910163879,0.6151935905218124,0.4521613222233878,"{""channels"": 24, ""chunk_kib"": 1024, ""high_priority"": false, ""ll_kib"": 64, ""pack_block"": 512, ""pack_warps"": 4}",20260906-171635-992feb,70beea653872aa2cff938b2f65b3e90d8d7bbeaa97f2b7a0c81260159d0eb065,54c7d69be1bbf718df5cf147711ac5cc1cf176c0ef93cc396034356ed6b0998e,"""/samples_ms/cublaslt_nccl_oproj_boundary""",10,50,best_observed_not_independent_retest
oproj,production_qwen_dense,262144,8,2048,16,8,128,32768,2048,2048,te_ub,bf16,0a,graph,causal_dual_chunk_v1,distributed_maxrank,604f4464544072ecfa4f99520a8a3be7b9f73edf1546496807d25dba9371f40a,0.5312960147857666,0.5412479847669601,0.5173724238357753,"{""comm_sm"": 16, ""local_first"": false, ""pack_block"": 512, ""pack_warps"": 4, ""push"": true, ""reverse"": false, ""streams"": 1, ""use_ce"": false}",20260906-171635-992feb,70beea653872aa2cff938b2f65b3e90d8d7bbeaa97f2b7a0c81260159d0eb065,73627bbc572045316266c74a6a6324bf97ea03da05dbc4c469103d8e42bc3d62,"""/samples_ms""",10,50,best_observed_not_independent_retest
oproj,production_qwen_dense,4096,4,2048,16,8,128,1024,2048,2048,cublaslt_gemm,bf16,09,graph,pure_gemm,single_gpu_diagnostic_not_distributed_maxrank,26ec5332ecff61fe30e49565f0c781b49d3e29e77debca232bc934714f23daa5,0.013135999906808138,0.013617600314319134,0.6539231617646405,"{""algorithm"": 66, ""best_ms"": 0.0165062, ""beta"": 0, ""exact_serialized_algorithm_available"": false, ""graph_tuning"": 0, ""library_sha256"": ""520b1980e976d88f851ce52d716266602818e430f2310ea0d8765fbb260f8cb0"", ""math_sms"": 0, ""precision"": 16, ""rejected"": 0, ""replay"": ""graph"", ""requested"": 256, ""returned"": 8, ""selected_candidate_records"": [{""algorithm"": 66, ""index"": 0, ""split_k"": 1, ""tile"": 20, ""tune_ms"": 0.0165062, ""workspace_bytes"": 0}], ""valid"": 8, ""workspace_capacity"": 268435456}",20260906-152108-a0abd1,70beea653872aa2cff938b2f65b3e90d8d7bbeaa97f2b7a0c81260159d0eb065,a9eb0d72de3d3721c9db57909ec7c27dc3a814be4a1593dc71ce0842b0f47749,"""/geometries/11/results/1""",10,50,best_observed_not_independent_retest
oproj,production_qwen_dense,4096,4,2048,16,8,128,1024,2048,2048,cublaslt_nccl,bf16,09,graph,causal_dual_chunk_v1,distributed_maxrank,26ec5332ecff61fe30e49565f0c781b49d3e29e77debca232bc934714f23daa5,0.055135998874902725,0.05701279994100332,0.1557953926161668,"{""channels"": 32, ""chunk_kib"": 1024, ""high_priority"": false, ""ll_kib"": 16, ""pack_block"": 512, ""pack_warps"": 4}",20260906-161540-1427cd,70beea653872aa2cff938b2f65b3e90d8d7bbeaa97f2b7a0c81260159d0eb065,1129c2fe514a3b2d212ce7e2d05f4a0316b97df0cc299da0d0a2768c5357c520,"""/samples_ms/cublaslt_nccl_oproj_boundary""",10,50,best_observed_not_independent_retest
oproj,production_qwen_dense,4096,4,2048,16,8,128,1024,2048,2048,te_ub,bf16,09,graph,causal_dual_chunk_v1,distributed_maxrank,26ec5332ecff61fe30e49565f0c781b49d3e29e77debca232bc934714f23daa5,0.04652800038456917,0.047939199954271317,0.18461860645205846,"{""comm_sm"": 20, ""local_first"": false, ""pack_block"": 512, ""pack_warps"": 4, ""push"": true, ""reverse"": false, ""streams"": 1, ""use_ce"": false}",20260906-161540-1427cd,70beea653872aa2cff938b2f65b3e90d8d7bbeaa97f2b7a0c81260159d0eb065,e80d4aa02348657d0eabab3bfd461acc48f12b79bb2b890f2d40fa8797e185fd,"""/samples_ms""",10,50,best_observed_not_independent_retest
oproj,production_qwen_dense,4096,8,2048,16,8,128,512,2048,2048,cublaslt_gemm,bf16,0a,graph,pure_gemm,single_gpu_diagnostic_not_distributed_maxrank,604f4464544072ecfa4f99520a8a3be7b9f73edf1546496807d25dba9371f40a,0.010736000258475542,0.011231999844312668,0.40005283090500443,"{""algorithm"": 66, ""best_ms"": 0.00921792, ""beta"": 0, ""exact_serialized_algorithm_available"": false, ""graph_tuning"": 0, ""library_sha256"": ""c40f68c965c0c64fa0294d12c371954e2dbc0ceb91a1c15c0fc3d5b61bcae0a9"", ""math_sms"": 0, ""precision"": 16, ""rejected"": 0, ""replay"": ""graph"", ""requested"": 256, ""returned"": 8, ""selected_candidate_records"": [{""algorithm"": 66, ""index"": 1, ""split_k"": 1, ""tile"": 17, ""tune_ms"": 0.00921792, ""workspace_bytes"": 0}], ""valid"": 8, ""workspace_capacity"": 268435456}",20260906-152511-9c37d6,70beea653872aa2cff938b2f65b3e90d8d7bbeaa97f2b7a0c81260159d0eb065,07efdcc5b0869ea6954745bcc8e111c3583949dd44c4af80f02e9536b8fb8624,"""/geometries/11/results/0""",10,50,best_observed_not_independent_retest
oproj,production_qwen_dense,4096,8,2048,16,8,128,512,2048,2048,cublaslt_nccl,bf16,0a,graph,causal_dual_chunk_v1,distributed_maxrank,604f4464544072ecfa4f99520a8a3be7b9f73edf1546496807d25dba9371f40a,0.04718399979174137,0.05136480052024125,0.09102592647840231,"{""channels"": 24, ""chunk_kib"": 512, ""high_priority"": false, ""ll_kib"": 16, ""pack_block"": 512, ""pack_warps"": 4}",20260906-171635-992feb,70beea653872aa2cff938b2f65b3e90d8d7bbeaa97f2b7a0c81260159d0eb065,ec12a0965c31b46f6ac494abf3e64182a1352e1fa09bf6faec5ca9d690acfea3,"""/samples_ms/cublaslt_nccl_oproj_boundary""",10,50,best_observed_not_independent_retest
oproj,production_qwen_dense,4096,8,2048,16,8,128,512,2048,2048,te_ub,bf16,0a,graph,causal_dual_chunk_v1,distributed_maxrank,604f4464544072ecfa4f99520a8a3be7b9f73edf1546496807d25dba9371f40a,0.07412799820303917,0.07845759727060794,0.057939879669162725,"{""comm_sm"": 20, ""local_first"": false, ""pack_block"": 512, ""pack_warps"": 4, ""push"": true, ""reverse"": false, ""streams"": 1, ""use_ce"": false}",20260906-171635-992feb,70beea653872aa2cff938b2f65b3e90d8d7bbeaa97f2b7a0c81260159d0eb065,35509a14f685155bdc5f5ef848fefa571b212ea0e0ea75d8dcb77268cbff0ea6,"""/samples_ms""",10,50,best_observed_not_independent_retest
oproj,production_qwen_dense,524288,4,2048,16,8,128,131072,2048,2048,cublaslt_gemm,bf16,09,graph,pure_gemm,single_gpu_diagnostic_not_distributed_maxrank,26ec5332ecff61fe30e49565f0c781b49d3e29e77debca232bc934714f23daa5,0.7885920107364655,0.7920512020587921,1.3942718323371892,"{""algorithm"": 66, ""best_ms"": 0.623183, ""beta"": 0, ""exact_serialized_algorithm_available"": false, ""graph_tuning"": 0, ""library_sha256"": ""520b1980e976d88f851ce52d716266602818e430f2310ea0d8765fbb260f8cb0"", ""math_sms"": 0, ""precision"": 16, ""rejected"": 0, ""replay"": ""graph"", ""requested"": 256, ""returned"": 8, ""selected_candidate_records"": [{""algorithm"": 66, ""index"": 0, ""split_k"": 1, ""tile"": 23, ""tune_ms"": 0.623183, ""workspace_bytes"": 0}], ""valid"": 8, ""workspace_capacity"": 268435456}",20260906-152108-a0abd1,70beea653872aa2cff938b2f65b3e90d8d7bbeaa97f2b7a0c81260159d0eb065,a9eb0d72de3d3721c9db57909ec7c27dc3a814be4a1593dc71ce0842b0f47749,"""/geometries/55/results/1""",10,50,best_observed_not_independent_retest
oproj,production_qwen_dense,524288,4,2048,16,8,128,131072,2048,2048,cublaslt_nccl,bf16,09,graph,causal_dual_chunk_v1,distributed_maxrank,26ec5332ecff61fe30e49565f0c781b49d3e29e77debca232bc934714f23daa5,2.127328038215637,2.1381136178970337,0.5168510018315039,"{""channels"": 24, ""chunk_kib"": 128, ""high_priority"": false, ""ll_kib"": 64, ""pack_block"": 512, ""pack_warps"": 4}",20260906-161540-1427cd,70beea653872aa2cff938b2f65b3e90d8d7bbeaa97f2b7a0c81260159d0eb065,a40268120a94989080e5c4deca062bb334235de46268132bc9a69209e022b912,"""/samples_ms/cublaslt_nccl_oproj_boundary""",10,50,best_observed_not_independent_retest
oproj,production_qwen_dense,524288,4,2048,16,8,128,131072,2048,2048,te_ub,bf16,09,graph,causal_dual_chunk_v1,distributed_maxrank,26ec5332ecff61fe30e49565f0c781b49d3e29e77debca232bc934714f23daa5,1.2960000038146973,1.314083182811737,0.8483885991818321,"{""comm_sm"": 16, ""local_first"": false, ""pack_block"": 512, ""pack_warps"": 4, ""push"": true, ""reverse"": false, ""streams"": 1, ""use_ce"": false}",20260906-161540-1427cd,70beea653872aa2cff938b2f65b3e90d8d7bbeaa97f2b7a0c81260159d0eb065,49e89428f676ae8e715894b6d758a48b02ea4782ddab0b002dea1777ed98b946,"""/samples_ms""",10,50,best_observed_not_independent_retest
oproj,production_qwen_dense,524288,8,2048,16,8,128,65536,2048,2048,cublaslt_gemm,bf16,0a,graph,pure_gemm,single_gpu_diagnostic_not_distributed_maxrank,604f4464544072ecfa4f99520a8a3be7b9f73edf1546496807d25dba9371f40a,0.3954399973154068,0.4074800118803978,1.3902382602170347,"{""algorithm"": 66, ""best_ms"": 0.342635, ""beta"": 0, ""exact_serialized_algorithm_available"": false, ""graph_tuning"": 0, ""library_sha256"": ""c40f68c965c0c64fa0294d12c371954e2dbc0ceb91a1c15c0fc3d5b61bcae0a9"", ""math_sms"": 0, ""precision"": 16, ""rejected"": 0, ""replay"": ""graph"", ""requested"": 256, ""returned"": 8, ""selected_candidate_records"": [{""algorithm"": 66, ""index"": 2, ""split_k"": 1, ""tile"": 32, ""tune_ms"": 0.342635, ""workspace_bytes"": 0}], ""valid"": 8, ""workspace_capacity"": 268435456}",20260906-152511-9c37d6,70beea653872aa2cff938b2f65b3e90d8d7bbeaa97f2b7a0c81260159d0eb065,07efdcc5b0869ea6954745bcc8e111c3583949dd44c4af80f02e9536b8fb8624,"""/geometries/55/results/0""",10,50,best_observed_not_independent_retest
oproj,production_qwen_dense,524288,8,2048,16,8,128,65536,2048,2048,cublaslt_nccl,bf16,0a,graph,causal_dual_chunk_v1,distributed_maxrank,604f4464544072ecfa4f99520a8a3be7b9f73edf1546496807d25dba9371f40a,1.1589919924736023,1.1728016316890717,0.474339613610852,"{""channels"": 24, ""chunk_kib"": 512, ""high_priority"": false, ""ll_kib"": 64, ""pack_block"": 512, ""pack_warps"": 4}",20260906-171635-992feb,70beea653872aa2cff938b2f65b3e90d8d7bbeaa97f2b7a0c81260159d0eb065,e067f9388360e6f13844936be677c89288172dc91b577ab11fdac19e5df1ba14,"""/samples_ms/cublaslt_nccl_oproj_boundary""",10,50,best_observed_not_independent_retest
oproj,production_qwen_dense,524288,8,2048,16,8,128,65536,2048,2048,te_ub,bf16,0a,graph,causal_dual_chunk_v1,distributed_maxrank,604f4464544072ecfa4f99520a8a3be7b9f73edf1546496807d25dba9371f40a,1.0109920501708984,1.024945592880249,0.5437785725368158,"{""comm_sm"": 16, ""local_first"": false, ""pack_block"": 512, ""pack_warps"": 4, ""push"": true, ""reverse"": false, ""streams"": 1, ""use_ce"": false}",20260906-171635-992feb,70beea653872aa2cff938b2f65b3e90d8d7bbeaa97f2b7a0c81260159d0eb065,e6dd2c3f6e26bb4ef804723be59a7ab9b9a6e0149d5b43364c95997228658de0,"""/samples_ms""",10,50,best_observed_not_independent_retest
oproj,qwen25_14b_32b,1024,4,5120,40,8,128,256,5120,5120,cublaslt_gemm,bf16,09,graph,pure_gemm,single_gpu_diagnostic_not_distributed_maxrank,26ec5332ecff61fe30e49565f0c781b49d3e29e77debca232bc934714f23daa5,0.017152000218629837,0.01761760003864765,0.7825193930106059,"{""algorithm"": 66, ""best_ms"": 0.0143725, ""beta"": 0, ""exact_serialized_algorithm_available"": false, ""graph_tuning"": 0, ""library_sha256"": ""520b1980e976d88f851ce52d716266602818e430f2310ea0d8765fbb260f8cb0"", ""math_sms"": 0, ""precision"": 16, ""rejected"": 0, ""replay"": ""graph"", ""requested"": 256, ""returned"": 8, ""selected_candidate_records"": [{""algorithm"": 66, ""index"": 1, ""split_k"": 1, ""tile"": 28, ""tune_ms"": 0.0143725, ""workspace_bytes"": 0}], ""valid"": 8, ""workspace_capacity"": 268435456}",20260906-152108-a0abd1,70beea653872aa2cff938b2f65b3e90d8d7bbeaa97f2b7a0c81260159d0eb065,a9eb0d72de3d3721c9db57909ec7c27dc3a814be4a1593dc71ce0842b0f47749,"""/geometries/4/results/1""",10,50,best_observed_not_independent_retest
oproj,qwen25_14b_32b,1024,4,5120,40,8,128,256,5120,5120,cublaslt_nccl,bf16,09,graph,causal_dual_chunk_v1,distributed_maxrank,26ec5332ecff61fe30e49565f0c781b49d3e29e77debca232bc934714f23daa5,0.05700800009071827,0.058959999866783616,0.23543665412997464,"{""channels"": 32, ""chunk_kib"": 512, ""high_priority"": false, ""ll_kib"": 16, ""pack_block"": 512, ""pack_warps"": 4}",20260906-161540-1427cd,70beea653872aa2cff938b2f65b3e90d8d7bbeaa97f2b7a0c81260159d0eb065,9c6c3c76c235f5de2e0d25e1afdba65702cac7e5f27a5d35a617038bc91dd5e3,"""/samples_ms/cublaslt_nccl_oproj_boundary""",10,50,best_observed_not_independent_retest
oproj,qwen25_14b_32b,1024,4,5120,40,8,128,256,5120,5120,te_ub,bf16,09,graph,causal_dual_chunk_v1,distributed_maxrank,26ec5332ecff61fe30e49565f0c781b49d3e29e77debca232bc934714f23daa5,0.0453919991850853,0.04695679992437363,0.2956858706591197,"{""comm_sm"": 16, ""local_first"": false, ""pack_block"": 512, ""pack_warps"": 4, ""push"": true, ""reverse"": false, ""streams"": 1, ""use_ce"": false}",20260906-161540-1427cd,70beea653872aa2cff938b2f65b3e90d8d7bbeaa97f2b7a0c81260159d0eb065,5eca278ca6f2562a567fa10b7d689a6525d20991033ef4a29f104cf7d8e1b416,"""/samples_ms""",10,50,best_observed_not_independent_retest
oproj,qwen25_14b_32b,1024,8,5120,40,8,128,128,5120,5120,cublaslt_gemm,bf16,0a,graph,pure_gemm,single_gpu_diagnostic_not_distributed_maxrank,604f4464544072ecfa4f99520a8a3be7b9f73edf1546496807d25dba9371f40a,0.013135999906808138,0.01422560028731823,0.5108774701286254,"{""algorithm"": 66, ""best_ms"": 0.0103642, ""beta"": 0, ""exact_serialized_algorithm_available"": false, ""graph_tuning"": 0, ""library_sha256"": ""c40f68c965c0c64fa0294d12c371954e2dbc0ceb91a1c15c0fc3d5b61bcae0a9"", ""math_sms"": 0, ""precision"": 16, ""rejected"": 0, ""replay"": ""graph"", ""requested"": 256, ""returned"": 8, ""selected_candidate_records"": [{""algorithm"": 66, ""index"": 4, ""split_k"": 1, ""tile"": 17, ""tune_ms"": 0.0103642, ""workspace_bytes"": 0}], ""valid"": 8, ""workspace_capacity"": 268435456}",20260906-152511-9c37d6,70beea653872aa2cff938b2f65b3e90d8d7bbeaa97f2b7a0c81260159d0eb065,07efdcc5b0869ea6954745bcc8e111c3583949dd44c4af80f02e9536b8fb8624,"""/geometries/4/results/0""",10,50,best_observed_not_independent_retest
oproj,qwen25_14b_32b,1024,8,5120,40,8,128,128,5120,5120,cublaslt_nccl,bf16,0a,graph,causal_dual_chunk_v1,distributed_maxrank,604f4464544072ecfa4f99520a8a3be7b9f73edf1546496807d25dba9371f40a,0.05067200027406216,0.05380000155419111,0.13243776372955124,"{""channels"": 32, ""chunk_kib"": 1024, ""high_priority"": false, ""ll_kib"": 64, ""pack_block"": 512, ""pack_warps"": 4}",20260906-171635-992feb,70beea653872aa2cff938b2f65b3e90d8d7bbeaa97f2b7a0c81260159d0eb065,992116cebfb3f3e1d5beafe17b65170125c1e50f7b8b0098a9354df026efb144,"""/samples_ms/cublaslt_nccl_oproj_boundary""",10,50,best_observed_not_independent_retest
oproj,qwen25_14b_32b,1024,8,5120,40,8,128,128,5120,5120,te_ub,bf16,0a,graph,causal_dual_chunk_v1,distributed_maxrank,604f4464544072ecfa4f99520a8a3be7b9f73edf1546496807d25dba9371f40a,0.07508799806237221,0.0783344004303217,0.08937362259179649,"{""comm_sm"": 4, ""local_first"": false, ""pack_block"": 512, ""pack_warps"": 4, ""push"": true, ""reverse"": false, ""streams"": 1, ""use_ce"": false}",20260906-171635-992feb,70beea653872aa2cff938b2f65b3e90d8d7bbeaa97f2b7a0c81260159d0eb065,c5c8457bc7735b1efe50eb324a6a7df6cf1b88f31b7a229193126f25a97f76c8,"""/samples_ms""",10,50,best_observed_not_independent_retest
oproj,qwen25_14b_32b,131072,4,5120,40,8,128,32768,5120,5120,cublaslt_gemm,bf16,09,graph,pure_gemm,single_gpu_diagnostic_not_distributed_maxrank,26ec5332ecff61fe30e49565f0c781b49d3e29e77debca232bc934714f23daa5,1.1501439809799194,1.1683279991149902,1.4937146538264539,"{""algorithm"": 66, ""best_ms"": 1.02135, ""beta"": 0, ""exact_serialized_algorithm_available"": false, ""graph_tuning"": 0, ""library_sha256"": ""520b1980e976d88f851ce52d716266602818e430f2310ea0d8765fbb260f8cb0"", ""math_sms"": 0, ""precision"": 16, ""rejected"": 0, ""replay"": ""graph"", ""requested"": 256, ""returned"": 8, ""selected_candidate_records"": [{""algorithm"": 66, ""index"": 0, ""split_k"": 1, ""tile"": 23, ""tune_ms"": 1.02135, ""workspace_bytes"": 0}], ""valid"": 8, ""workspace_capacity"": 268435456}",20260906-152108-a0abd1,70beea653872aa2cff938b2f65b3e90d8d7bbeaa97f2b7a0c81260159d0eb065,a9eb0d72de3d3721c9db57909ec7c27dc3a814be4a1593dc71ce0842b0f47749,"""/geometries/37/results/1""",10,50,best_observed_not_independent_retest
oproj,qwen25_14b_32b,131072,4,5120,40,8,128,32768,5120,5120,cublaslt_nccl,bf16,09,graph,causal_dual_chunk_v1,distributed_maxrank,26ec5332ecff61fe30e49565f0c781b49d3e29e77debca232bc934714f23daa5,1.958624005317688,1.9752367556095123,0.8771397234669056,"{""channels"": 24, ""chunk_kib"": 128, ""high_priority"": false, ""ll_kib"": 64, ""pack_block"": 512, ""pack_warps"": 4}",20260906-161540-1427cd,70beea653872aa2cff938b2f65b3e90d8d7bbeaa97f2b7a0c81260159d0eb065,753a5226ef0cd7b38918c709c3aebed7f505dc7f34478100eac23548ca746dac,"""/samples_ms/cublaslt_nccl_oproj_boundary""",10,50,best_observed_not_independent_retest
oproj,qwen25_14b_32b,131072,4,5120,40,8,128,32768,5120,5120,te_ub,bf16,09,graph,causal_dual_chunk_v1,distributed_maxrank,26ec5332ecff61fe30e49565f0c781b49d3e29e77debca232bc934714f23daa5,1.5319200158119202,1.558761602640152,1.121459933069328,"{""comm_sm"": 16, ""local_first"": false, ""pack_block"": 512, ""pack_warps"": 4, ""push"": true, ""reverse"": false, ""streams"": 1, ""use_ce"": false}",20260906-161540-1427cd,70beea653872aa2cff938b2f65b3e90d8d7bbeaa97f2b7a0c81260159d0eb065,8b4c6c02f333fd4779148a34761a81502f8c85c64af8fb4ffce37c43d1178a94,"""/samples_ms""",10,50,best_observed_not_independent_retest
oproj,qwen25_14b_32b,131072,8,5120,40,8,128,16384,5120,5120,cublaslt_gemm,bf16,0a,graph,pure_gemm,single_gpu_diagnostic_not_distributed_maxrank,604f4464544072ecfa4f99520a8a3be7b9f73edf1546496807d25dba9371f40a,0.6071680188179016,0.6112208008766175,1.4147541250153106,"{""algorithm"": 66, ""best_ms"": 0.563531, ""beta"": 0, ""exact_serialized_algorithm_available"": false, ""graph_tuning"": 0, ""library_sha256"": ""c40f68c965c0c64fa0294d12c371954e2dbc0ceb91a1c15c0fc3d5b61bcae0a9"", ""math_sms"": 0, ""precision"": 16, ""rejected"": 0, ""replay"": ""graph"", ""requested"": 256, ""returned"": 8, ""selected_candidate_records"": [{""algorithm"": 66, ""index"": 3, ""split_k"": 1, ""tile"": 32, ""tune_ms"": 0.563531, ""workspace_bytes"": 0}], ""valid"": 8, ""workspace_capacity"": 268435456}",20260906-152511-9c37d6,70beea653872aa2cff938b2f65b3e90d8d7bbeaa97f2b7a0c81260159d0eb065,07efdcc5b0869ea6954745bcc8e111c3583949dd44c4af80f02e9536b8fb8624,"""/geometries/37/results/0""",10,50,best_observed_not_independent_retest
oproj,qwen25_14b_32b,131072,8,5120,40,8,128,16384,5120,5120,cublaslt_nccl,bf16,0a,graph,causal_dual_chunk_v1,distributed_maxrank,604f4464544072ecfa4f99520a8a3be7b9f73edf1546496807d25dba9371f40a,1.0101760029792786,1.0234271705150604,0.8503403928291695,"{""channels"": 32, ""chunk_kib"": 1024, ""high_priority"": false, ""ll_kib"": 64, ""pack_block"": 512, ""pack_warps"": 4}",20260906-171635-992feb,70beea653872aa2cff938b2f65b3e90d8d7bbeaa97f2b7a0c81260159d0eb065,bbfce327411e2ae53ea33f93e2a4fe8c1273d18ed8a4c2bc9e2124f112a3ea8c,"""/samples_ms/cublaslt_nccl_oproj_boundary""",10,50,best_observed_not_independent_retest
oproj,qwen25_14b_32b,131072,8,5120,40,8,128,16384,5120,5120,te_ub,bf16,0a,graph,causal_dual_chunk_v1,distributed_maxrank,604f4464544072ecfa4f99520a8a3be7b9f73edf1546496807d25dba9371f40a,0.8386079967021942,0.8469615787267685,1.0243086908042507,"{""comm_sm"": 20, ""local_first"": false, ""pack_block"": 512, ""pack_warps"": 4, ""push"": true, ""reverse"": false, ""streams"": 1, ""use_ce"": false}",20260906-171635-992feb,70beea653872aa2cff938b2f65b3e90d8d7bbeaa97f2b7a0c81260159d0eb065,85d885bbcff18d5217344d1163a76f4f2b1e78a417b08ca3ec96d89d67547a40,"""/samples_ms""",10,50,best_observed_not_independent_retest
oproj,qwen25_14b_32b,16384,4,5120,40,8,128,4096,5120,5120,cublaslt_gemm,bf16,09,graph,pure_gemm,single_gpu_diagnostic_not_distributed_maxrank,26ec5332ecff61fe30e49565f0c781b49d3e29e77debca232bc934714f23daa5,0.15832000225782394,0.1612144023180008,1.3564196673663669,"{""algorithm"": 66, ""best_ms"": 0.146939, ""beta"": 0, ""exact_serialized_algorithm_available"": false, ""graph_tuning"": 0, ""library_sha256"": ""520b1980e976d88f851ce52d716266602818e430f2310ea0d8765fbb260f8cb0"", ""math_sms"": 0, ""precision"": 16, ""rejected"": 0, ""replay"": ""graph"", ""requested"": 256, ""returned"": 8, ""selected_candidate_records"": [{""algorithm"": 66, ""index"": 2, ""split_k"": 1, ""tile"": 32, ""tune_ms"": 0.146939, ""workspace_bytes"": 0}], ""valid"": 8, ""workspace_capacity"": 268435456}",20260906-152108-a0abd1,70beea653872aa2cff938b2f65b3e90d8d7bbeaa97f2b7a0c81260159d0eb065,a9eb0d72de3d3721c9db57909ec7c27dc3a814be4a1593dc71ce0842b0f47749,"""/geometries/26/results/1""",10,50,best_observed_not_independent_retest
oproj,qwen25_14b_32b,16384,4,5120,40,8,128,4096,5120,5120,cublaslt_nccl,bf16,09,graph,causal_dual_chunk_v1,distributed_maxrank,26ec5332ecff61fe30e49565f0c781b49d3e29e77debca232bc934714f23daa5,0.27110400795936584,0.3242576003074646,0.7921253780659242,"{""channels"": 24, ""chunk_kib"": 512, ""high_priority"": false, ""ll_kib"": 128, ""pack_block"": 512, ""pack_warps"": 4}",20260906-161540-1427cd,70beea653872aa2cff938b2f65b3e90d8d7bbeaa97f2b7a0c81260159d0eb065,17a9f6cacf3a870d57a69a7268c5a07983c4e4e06115c05a699900c6608f6406,"""/samples_ms/cublaslt_nccl_oproj_boundary""",10,50,best_observed_not_independent_retest
oproj,qwen25_14b_32b,16384,4,5120,40,8,128,4096,5120,5120,te_ub,bf16,09,graph,causal_dual_chunk_v1,distributed_maxrank,26ec5332ecff61fe30e49565f0c781b49d3e29e77debca232bc934714f23daa5,0.21648000180721283,0.22051840275526047,0.9920009377644271,"{""comm_sm"": 24, ""local_first"": false, ""pack_block"": 512, ""pack_warps"": 4, ""push"": true, ""reverse"": false, ""streams"": 1, ""use_ce"": false}",20260906-161540-1427cd,70beea653872aa2cff938b2f65b3e90d8d7bbeaa97f2b7a0c81260159d0eb065,964c64c82a3744c6171749f0e6145e2911d1888fdfcd9746d4657c1497915585,"""/samples_ms""",10,50,best_observed_not_independent_retest
oproj,qwen25_14b_32b,16384,8,5120,40,8,128,2048,5120,5120,cublaslt_gemm,bf16,0a,graph,pure_gemm,single_gpu_diagnostic_not_distributed_maxrank,604f4464544072ecfa4f99520a8a3be7b9f73edf1546496807d25dba9371f40a,0.08848000317811966,0.09045280329883099,1.2135418008953316,"{""algorithm"": 66, ""best_ms"": 0.0778464, ""beta"": 0, ""exact_serialized_algorithm_available"": false, ""graph_tuning"": 0, ""library_sha256"": ""c40f68c965c0c64fa0294d12c371954e2dbc0ceb91a1c15c0fc3d5b61bcae0a9"", ""math_sms"": 0, ""precision"": 16, ""rejected"": 0, ""replay"": ""graph"", ""requested"": 256, ""returned"": 8, ""selected_candidate_records"": [{""algorithm"": 66, ""index"": 0, ""split_k"": 1, ""tile"": 32, ""tune_ms"": 0.0778464, ""workspace_bytes"": 0}], ""valid"": 8, ""workspace_capacity"": 268435456}",20260906-152511-9c37d6,70beea653872aa2cff938b2f65b3e90d8d7bbeaa97f2b7a0c81260159d0eb065,07efdcc5b0869ea6954745bcc8e111c3583949dd44c4af80f02e9536b8fb8624,"""/geometries/26/results/0""",10,50,best_observed_not_independent_retest
oproj,qwen25_14b_32b,16384,8,5120,40,8,128,2048,5120,5120,cublaslt_nccl,bf16,0a,graph,causal_dual_chunk_v1,distributed_maxrank,604f4464544072ecfa4f99520a8a3be7b9f73edf1546496807d25dba9371f40a,0.16867199540138245,0.171252803504467,0.6365857126696443,"{""channels"": 24, ""chunk_kib"": 256, ""high_priority"": false, ""ll_kib"": 16, ""pack_block"": 512, ""pack_warps"": 4}",20260906-171635-992feb,70beea653872aa2cff938b2f65b3e90d8d7bbeaa97f2b7a0c81260159d0eb065,96405235feefcd63963091f794eaa55ba545cb3668781138f285da86604a5da2,"""/samples_ms/cublaslt_nccl_oproj_boundary""",10,50,best_observed_not_independent_retest
oproj,qwen25_14b_32b,16384,8,5120,40,8,128,2048,5120,5120,te_ub,bf16,0a,graph,causal_dual_chunk_v1,distributed_maxrank,604f4464544072ecfa4f99520a8a3be7b9f73edf1546496807d25dba9371f40a,0.13872000575065613,0.14220959916710854,0.7740353081660115,"{""comm_sm"": 16, ""local_first"": false, ""pack_block"": 512, ""pack_warps"": 4, ""push"": true, ""reverse"": false, ""streams"": 1, ""use_ce"": false}",20260906-171635-992feb,70beea653872aa2cff938b2f65b3e90d8d7bbeaa97f2b7a0c81260159d0eb065,215c7cabaa54330174a470f32b0a730d64994f3f29b9b3a752631e502669009a,"""/samples_ms""",10,50,best_observed_not_independent_retest
oproj,qwen25_14b_32b,262144,4,5120,40,8,128,65536,5120,5120,cublaslt_gemm,bf16,09,graph,pure_gemm,single_gpu_diagnostic_not_distributed_maxrank,26ec5332ecff61fe30e49565f0c781b49d3e29e77debca232bc934714f23daa5,2.3490880727767944,2.3640288710594177,1.4626841269252313,"{""algorithm"": 66, ""best_ms"": 2.10819, ""beta"": 0, ""exact_serialized_algorithm_available"": false, ""graph_tuning"": 0, ""library_sha256"": ""520b1980e976d88f851ce52d716266602818e430f2310ea0d8765fbb260f8cb0"", ""math_sms"": 0, ""precision"": 16, ""rejected"": 0, ""replay"": ""graph"", ""requested"": 256, ""returned"": 8, ""selected_candidate_records"": [{""algorithm"": 66, ""index"": 0, ""split_k"": 1, ""tile"": 23, ""tune_ms"": 2.10819, ""workspace_bytes"": 0}], ""valid"": 8, ""workspace_capacity"": 268435456}",20260906-152108-a0abd1,70beea653872aa2cff938b2f65b3e90d8d7bbeaa97f2b7a0c81260159d0eb065,a9eb0d72de3d3721c9db57909ec7c27dc3a814be4a1593dc71ce0842b0f47749,"""/geometries/48/results/1""",10,50,best_observed_not_independent_retest
oproj,qwen25_14b_32b,262144,4,5120,40,8,128,65536,5120,5120,cublaslt_nccl,bf16,09,graph,causal_dual_chunk_v1,distributed_maxrank,26ec5332ecff61fe30e49565f0c781b49d3e29e77debca232bc934714f23daa5,3.7548800706863403,3.780131232738495,0.9150688629509148,"{""channels"": 24, ""chunk_kib"": 256, ""high_priority"": false, ""ll_kib"": 128, ""pack_block"": 512, ""pack_warps"": 4}",20260906-161540-1427cd,70beea653872aa2cff938b2f65b3e90d8d7bbeaa97f2b7a0c81260159d0eb065,0e4bec4918a1526482030fe4a1792647585636db3cce73bb0fcbf720c8dcd0b6,"""/samples_ms/cublaslt_nccl_oproj_boundary""",10,50,best_observed_not_independent_retest
oproj,qwen25_14b_32b,262144,4,5120,40,8,128,65536,5120,5120,te_ub,bf16,09,graph,causal_dual_chunk_v1,distributed_maxrank,26ec5332ecff61fe30e49565f0c781b49d3e29e77debca232bc934714f23daa5,3.1112799644470215,3.1754432320594788,1.104360223465357,"{""comm_sm"": 8, ""local_first"": false, ""pack_block"": 512, ""pack_warps"": 4, ""push"": true, ""reverse"": false, ""streams"": 1, ""use_ce"": false}",20260906-161540-1427cd,70beea653872aa2cff938b2f65b3e90d8d7bbeaa97f2b7a0c81260159d0eb065,83cf75362878c9511bc7294baa139c99f67faa3fb505b1d45549a2c8e07fcd9e,"""/samples_ms""",10,50,best_observed_not_independent_retest
oproj,qwen25_14b_32b,262144,8,5120,40,8,128,32768,5120,5120,cublaslt_gemm,bf16,0a,graph,pure_gemm,single_gpu_diagnostic_not_distributed_maxrank,604f4464544072ecfa4f99520a8a3be7b9f73edf1546496807d25dba9371f40a,1.1536960005760193,1.1607215881347657,1.48911577880329,"{""algorithm"": 66, ""best_ms"": 1.07448, ""beta"": 0, ""exact_serialized_algorithm_available"": false, ""graph_tuning"": 0, ""library_sha256"": ""c40f68c965c0c64fa0294d12c371954e2dbc0ceb91a1c15c0fc3d5b61bcae0a9"", ""math_sms"": 0, ""precision"": 16, ""rejected"": 0, ""replay"": ""graph"", ""requested"": 256, ""returned"": 8, ""selected_candidate_records"": [{""algorithm"": 66, ""index"": 0, ""split_k"": 1, ""tile"": 23, ""tune_ms"": 1.07448, ""workspace_bytes"": 0}], ""valid"": 8, ""workspace_capacity"": 268435456}",20260906-152511-9c37d6,70beea653872aa2cff938b2f65b3e90d8d7bbeaa97f2b7a0c81260159d0eb065,07efdcc5b0869ea6954745bcc8e111c3583949dd44c4af80f02e9536b8fb8624,"""/geometries/48/results/0""",10,50,best_observed_not_independent_retest
oproj,qwen25_14b_32b,262144,8,5120,40,8,128,32768,5120,5120,cublaslt_nccl,bf16,0a,graph,causal_dual_chunk_v1,distributed_maxrank,604f4464544072ecfa4f99520a8a3be7b9f73edf1546496807d25dba9371f40a,1.9934880137443542,2.0022672176361085,0.8617994723595641,"{""channels"": 32, ""chunk_kib"": 128, ""high_priority"": false, ""ll_kib"": 128, ""pack_block"": 512, ""pack_warps"": 4}",20260906-171635-992feb,70beea653872aa2cff938b2f65b3e90d8d7bbeaa97f2b7a0c81260159d0eb065,93146881f2f28af3f58c40bcf811291c3ae78bfdc7265cf97df765c5b33b4d64,"""/samples_ms/cublaslt_nccl_oproj_boundary""",10,50,best_observed_not_independent_retest
oproj,qwen25_14b_32b,262144,8,5120,40,8,128,32768,5120,5120,te_ub,bf16,0a,graph,causal_dual_chunk_v1,distributed_maxrank,604f4464544072ecfa4f99520a8a3be7b9f73edf1546496807d25dba9371f40a,1.8244159817695618,1.852828812599182,0.9416640369120574,"{""comm_sm"": 16, ""local_first"": false, ""pack_block"": 512, ""pack_warps"": 4, ""push"": true, ""reverse"": false, ""streams"": 1, ""use_ce"": false}",20260906-171635-992feb,70beea653872aa2cff938b2f65b3e90d8d7bbeaa97f2b7a0c81260159d0eb065,bce4fa5d4bf8b871a37217f8104f7446d95725c1f5a7b9d8007ec308b140d867,"""/samples_ms""",10,50,best_observed_not_independent_retest
oproj,qwen25_14b_32b,4096,4,5120,40,8,128,1024,5120,5120,cublaslt_gemm,bf16,09,graph,pure_gemm,single_gpu_diagnostic_not_distributed_maxrank,26ec5332ecff61fe30e49565f0c781b49d3e29e77debca232bc934714f23daa5,0.04992000013589859,0.05061919968575239,1.0754625611748028,"{""algorithm"": 66, ""best_ms"": 0.0450125, ""beta"": 0, ""exact_serialized_algorithm_available"": false, ""graph_tuning"": 0, ""library_sha256"": ""520b1980e976d88f851ce52d716266602818e430f2310ea0d8765fbb260f8cb0"", ""math_sms"": 0, ""precision"": 16, ""rejected"": 0, ""replay"": ""graph"", ""requested"": 256, ""returned"": 8, ""selected_candidate_records"": [{""algorithm"": 66, ""index"": 0, ""split_k"": 1, ""tile"": 184, ""tune_ms"": 0.0450125, ""workspace_bytes"": 0}], ""valid"": 8, ""workspace_capacity"": 268435456}",20260906-152108-a0abd1,70beea653872aa2cff938b2f65b3e90d8d7bbeaa97f2b7a0c81260159d0eb065,a9eb0d72de3d3721c9db57909ec7c27dc3a814be4a1593dc71ce0842b0f47749,"""/geometries/15/results/1""",10,50,best_observed_not_independent_retest
oproj,qwen25_14b_32b,4096,4,5120,40,8,128,1024,5120,5120,cublaslt_nccl,bf16,09,graph,causal_dual_chunk_v1,distributed_maxrank,26ec5332ecff61fe30e49565f0c781b49d3e29e77debca232bc934714f23daa5,0.11750400066375732,0.141483199596405,0.45689585798553267,"{""channels"": 32, ""chunk_kib"": 512, ""high_priority"": false, ""ll_kib"": 16, ""pack_block"": 512, ""pack_warps"": 4}",20260906-161540-1427cd,70beea653872aa2cff938b2f65b3e90d8d7bbeaa97f2b7a0c81260159d0eb065,d504b19a1e8099dcb59df5d10eaa077057da0ef0696ec3358bb89afa8c1c3f86,"""/samples_ms/cublaslt_nccl_oproj_boundary""",10,50,best_observed_not_independent_retest
oproj,qwen25_14b_32b,4096,4,5120,40,8,128,1024,5120,5120,te_ub,bf16,09,graph,causal_dual_chunk_v1,distributed_maxrank,26ec5332ecff61fe30e49565f0c781b49d3e29e77debca232bc934714f23daa5,0.06971200183033943,0.0720656007528305,0.7701269478770697,"{""comm_sm"": 16, ""local_first"": false, ""pack_block"": 512, ""pack_warps"": 4, ""push"": true, ""reverse"": false, ""streams"": 1, ""use_ce"": false}",20260906-161540-1427cd,70beea653872aa2cff938b2f65b3e90d8d7bbeaa97f2b7a0c81260159d0eb065,278f8887d2e7b6eee7e505b7cb83ccba51ee9109850680f3cefe57ebfe752894,"""/samples_ms""",10,50,best_observed_not_independent_retest
oproj,qwen25_14b_32b,4096,8,5120,40,8,128,512,5120,5120,cublaslt_gemm,bf16,0a,graph,pure_gemm,single_gpu_diagnostic_not_distributed_maxrank,604f4464544072ecfa4f99520a8a3be7b9f73edf1546496807d25dba9371f40a,0.02687999978661537,0.02754080006852746,0.9986438174514598,"{""algorithm"": 66, ""best_ms"": 0.0187405, ""beta"": 0, ""exact_serialized_algorithm_available"": false, ""graph_tuning"": 0, ""library_sha256"": ""c40f68c965c0c64fa0294d12c371954e2dbc0ceb91a1c15c0fc3d5b61bcae0a9"", ""math_sms"": 0, ""precision"": 16, ""rejected"": 0, ""replay"": ""graph"", ""requested"": 256, ""returned"": 8, ""selected_candidate_records"": [{""algorithm"": 66, ""index"": 0, ""split_k"": 1, ""tile"": 184, ""tune_ms"": 0.0187405, ""workspace_bytes"": 0}], ""valid"": 8, ""workspace_capacity"": 268435456}",20260906-152511-9c37d6,70beea653872aa2cff938b2f65b3e90d8d7bbeaa97f2b7a0c81260159d0eb065,07efdcc5b0869ea6954745bcc8e111c3583949dd44c4af80f02e9536b8fb8624,"""/geometries/15/results/0""",10,50,best_observed_not_independent_retest
oproj,qwen25_14b_32b,4096,8,5120,40,8,128,512,5120,5120,cublaslt_nccl,bf16,0a,graph,causal_dual_chunk_v1,distributed_maxrank,604f4464544072ecfa4f99520a8a3be7b9f73edf1546496807d25dba9371f40a,0.08552000299096107,0.09040960296988487,0.31388616301658917,"{""channels"": 32, ""chunk_kib"": 512, ""high_priority"": false, ""ll_kib"": 16, ""pack_block"": 512, ""pack_warps"": 4}",20260906-171635-992feb,70beea653872aa2cff938b2f65b3e90d8d7bbeaa97f2b7a0c81260159d0eb065,6e15a776a2ce9576063a79840af4eb292ecea5adacd32e38fc10eb3f2fb1f232,"""/samples_ms/cublaslt_nccl_oproj_boundary""",10,50,best_observed_not_independent_retest
oproj,qwen25_14b_32b,4096,8,5120,40,8,128,512,5120,5120,te_ub,bf16,0a,graph,causal_dual_chunk_v1,distributed_maxrank,604f4464544072ecfa4f99520a8a3be7b9f73edf1546496807d25dba9371f40a,0.08760000020265579,0.09038880281150341,0.30643316824086236,"{""comm_sm"": 16, ""local_first"": false, ""pack_block"": 512, ""pack_warps"": 4, ""push"": true, ""reverse"": false, ""streams"": 1, ""use_ce"": false}",20260906-171635-992feb,70beea653872aa2cff938b2f65b3e90d8d7bbeaa97f2b7a0c81260159d0eb065,f483257e7d13eedc6ed3a3a5301ef9190e1b5b461a384115b93dc8a1c232efb6,"""/samples_ms""",10,50,best_observed_not_independent_retest
oproj,qwen25_14b_32b,524288,4,5120,40,8,128,131072,5120,5120,cublaslt_gemm,bf16,09,graph,pure_gemm,single_gpu_diagnostic_not_distributed_maxrank,26ec5332ecff61fe30e49565f0c781b49d3e29e77debca232bc934714f23daa5,4.6684160232543945,4.72259521484375,1.472008415567365,"{""algorithm"": 66, ""best_ms"": 4.58131, ""beta"": 0, ""exact_serialized_algorithm_available"": false, ""graph_tuning"": 0, ""library_sha256"": ""520b1980e976d88f851ce52d716266602818e430f2310ea0d8765fbb260f8cb0"", ""math_sms"": 0, ""precision"": 16, ""rejected"": 0, ""replay"": ""graph"", ""requested"": 256, ""returned"": 8, ""selected_candidate_records"": [{""algorithm"": 66, ""index"": 0, ""split_k"": 1, ""tile"": 23, ""tune_ms"": 4.58131, ""workspace_bytes"": 0}], ""valid"": 8, ""workspace_capacity"": 268435456}",20260906-152108-a0abd1,70beea653872aa2cff938b2f65b3e90d8d7bbeaa97f2b7a0c81260159d0eb065,a9eb0d72de3d3721c9db57909ec7c27dc3a814be4a1593dc71ce0842b0f47749,"""/geometries/59/results/1""",10,50,best_observed_not_independent_retest
oproj,qwen25_14b_32b,524288,4,5120,40,8,128,131072,5120,5120,cublaslt_nccl,bf16,09,graph,causal_dual_chunk_v1,distributed_maxrank,26ec5332ecff61fe30e49565f0c781b49d3e29e77debca232bc934714f23daa5,7.471791982650757,7.528465652465821,0.9197188157213725,"{""channels"": 24, ""chunk_kib"": 512, ""high_priority"": false, ""ll_kib"": 128, ""pack_block"": 512, ""pack_warps"": 4}",20260906-161540-1427cd,70beea653872aa2cff938b2f65b3e90d8d7bbeaa97f2b7a0c81260159d0eb065,78b8bea3ab94d6a65cbe3546c03d75fd16dfa3a3ac75b8a5ba484ce7dfcb0b30,"""/samples_ms/cublaslt_nccl_oproj_boundary""",10,50,best_observed_not_independent_retest
oproj,qwen25_14b_32b,524288,4,5120,40,8,128,131072,5120,5120,te_ub,bf16,09,graph,causal_dual_chunk_v1,distributed_maxrank,26ec5332ecff61fe30e49565f0c781b49d3e29e77debca232bc934714f23daa5,6.282208204269409,6.360529661178589,1.0938745501828167,"{""comm_sm"": 16, ""local_first"": false, ""pack_block"": 512, ""pack_warps"": 4, ""push"": true, ""reverse"": false, ""streams"": 1, ""use_ce"": false}",20260906-161540-1427cd,70beea653872aa2cff938b2f65b3e90d8d7bbeaa97f2b7a0c81260159d0eb065,b232c7e3fecc7e179d52a6030d3bc52b26a293d5ab77c21dbe048a8f57b1f502,"""/samples_ms""",10,50,best_observed_not_independent_retest
oproj,qwen25_14b_32b,524288,8,5120,40,8,128,65536,5120,5120,cublaslt_gemm,bf16,0a,graph,pure_gemm,single_gpu_diagnostic_not_distributed_maxrank,604f4464544072ecfa4f99520a8a3be7b9f73edf1546496807d25dba9371f40a,2.2711840867996216,2.307816004753113,1.5128557199613488,"{""algorithm"": 66, ""best_ms"": 2.03865, ""beta"": 0, ""exact_serialized_algorithm_available"": false, ""graph_tuning"": 0, ""library_sha256"": ""c40f68c965c0c64fa0294d12c371954e2dbc0ceb91a1c15c0fc3d5b61bcae0a9"", ""math_sms"": 0, ""precision"": 16, ""rejected"": 0, ""replay"": ""graph"", ""requested"": 256, ""returned"": 8, ""selected_candidate_records"": [{""algorithm"": 66, ""index"": 0, ""split_k"": 1, ""tile"": 23, ""tune_ms"": 2.03865, ""workspace_bytes"": 0}], ""valid"": 8, ""workspace_capacity"": 268435456}",20260906-152511-9c37d6,70beea653872aa2cff938b2f65b3e90d8d7bbeaa97f2b7a0c81260159d0eb065,07efdcc5b0869ea6954745bcc8e111c3583949dd44c4af80f02e9536b8fb8624,"""/geometries/59/results/0""",10,50,best_observed_not_independent_retest
oproj,qwen25_14b_32b,524288,8,5120,40,8,128,65536,5120,5120,cublaslt_nccl,bf16,0a,graph,causal_dual_chunk_v1,distributed_maxrank,604f4464544072ecfa4f99520a8a3be7b9f73edf1546496807d25dba9371f40a,3.841312050819397,3.8577536940574646,0.8944792277594491,"{""channels"": 32, ""chunk_kib"": 512, ""high_priority"": false, ""ll_kib"": 64, ""pack_block"": 512, ""pack_warps"": 4}",20260906-171635-992feb,70beea653872aa2cff938b2f65b3e90d8d7bbeaa97f2b7a0c81260159d0eb065,a6c612789b2cb660fb99f73608f2b108932c0b4c0707e69af3c52c6214c2639c,"""/samples_ms/cublaslt_nccl_oproj_boundary""",10,50,best_observed_not_independent_retest
oproj,qwen25_14b_32b,524288,8,5120,40,8,128,65536,5120,5120,te_ub,bf16,0a,graph,causal_dual_chunk_v1,distributed_maxrank,604f4464544072ecfa4f99520a8a3be7b9f73edf1546496807d25dba9371f40a,3.721343994140625,3.888910412788391,0.9233152974328765,"{""comm_sm"": 16, ""local_first"": false, ""pack_block"": 512, ""pack_warps"": 4, ""push"": true, ""reverse"": false, ""streams"": 1, ""use_ce"": false}",20260906-171635-992feb,70beea653872aa2cff938b2f65b3e90d8d7bbeaa97f2b7a0c81260159d0eb065,aaf4573955c84ff188d88a470f150b619c51b952324416c8778c47a70f71244e,"""/samples_ms""",10,50,best_observed_not_independent_retest
oproj,representative_large,1024,4,7168,128,8,128,256,7168,16384,cublaslt_gemm,bf16,09,graph,pure_gemm,single_gpu_diagnostic_not_distributed_maxrank,26ec5332ecff61fe30e49565f0c781b49d3e29e77debca232bc934714f23daa5,0.06439999863505363,0.06554239988327026,0.9336885623980561,"{""algorithm"": 66, ""best_ms"": 0.0521958, ""beta"": 0, ""exact_serialized_algorithm_available"": false, ""graph_tuning"": 0, ""library_sha256"": ""520b1980e976d88f851ce52d716266602818e430f2310ea0d8765fbb260f8cb0"", ""math_sms"": 0, ""precision"": 16, ""rejected"": 0, ""replay"": ""graph"", ""requested"": 256, ""returned"": 8, ""selected_candidate_records"": [{""algorithm"": 66, ""index"": 0, ""split_k"": 1, ""tile"": 165, ""tune_ms"": 0.0521958, ""workspace_bytes"": 0}], ""valid"": 8, ""workspace_capacity"": 268435456}",20260906-152108-a0abd1,70beea653872aa2cff938b2f65b3e90d8d7bbeaa97f2b7a0c81260159d0eb065,a9eb0d72de3d3721c9db57909ec7c27dc3a814be4a1593dc71ce0842b0f47749,"""/geometries/7/results/1""",10,50,best_observed_not_independent_retest
oproj,representative_large,1024,4,7168,128,8,128,256,7168,16384,cublaslt_nccl,bf16,09,graph,causal_dual_chunk_v1,distributed_maxrank,26ec5332ecff61fe30e49565f0c781b49d3e29e77debca232bc934714f23daa5,0.11851200088858604,0.12418240271508693,0.5073709134362536,"{""channels"": 32, ""chunk_kib"": 1024, ""high_priority"": false, ""ll_kib"": 16, ""pack_block"": 512, ""pack_warps"": 4}",20260906-161540-1427cd,70beea653872aa2cff938b2f65b3e90d8d7bbeaa97f2b7a0c81260159d0eb065,f54fef14b12faefa06d09a826cc79ec8bc5685842734a18c3728cd85cd45dcfc,"""/samples_ms/cublaslt_nccl_oproj_boundary""",10,50,best_observed_not_independent_retest
oproj,representative_large,1024,4,7168,128,8,128,256,7168,16384,te_ub,bf16,09,graph,causal_dual_chunk_v1,distributed_maxrank,26ec5332ecff61fe30e49565f0c781b49d3e29e77debca232bc934714f23daa5,0.08195199817419052,0.08312159962952137,0.7337166083027472,"{""comm_sm"": 16, ""local_first"": false, ""pack_block"": 512, ""pack_warps"": 4, ""push"": true, ""reverse"": false, ""streams"": 1, ""use_ce"": false}",20260906-161540-1427cd,70beea653872aa2cff938b2f65b3e90d8d7bbeaa97f2b7a0c81260159d0eb065,01a0c837cae342902e3e76408a930ad0cee706801f7bdba7bfddc067c108459c,"""/samples_ms""",10,50,best_observed_not_independent_retest
oproj,representative_large,1024,8,7168,128,8,128,128,7168,16384,cublaslt_gemm,bf16,0a,graph,pure_gemm,single_gpu_diagnostic_not_distributed_maxrank,604f4464544072ecfa4f99520a8a3be7b9f73edf1546496807d25dba9371f40a,0.050944000482559204,0.0517439991235733,0.5901533210430293,"{""algorithm"": 66, ""best_ms"": 0.0476192, ""beta"": 0, ""exact_serialized_algorithm_available"": false, ""graph_tuning"": 0, ""library_sha256"": ""c40f68c965c0c64fa0294d12c371954e2dbc0ceb91a1c15c0fc3d5b61bcae0a9"", ""math_sms"": 0, ""precision"": 16, ""rejected"": 0, ""replay"": ""graph"", ""requested"": 256, ""returned"": 8, ""selected_candidate_records"": [{""algorithm"": 66, ""index"": 0, ""split_k"": 1, ""tile"": 18, ""tune_ms"": 0.0476192, ""workspace_bytes"": 0}], ""valid"": 8, ""workspace_capacity"": 268435456}",20260906-152511-9c37d6,70beea653872aa2cff938b2f65b3e90d8d7bbeaa97f2b7a0c81260159d0eb065,07efdcc5b0869ea6954745bcc8e111c3583949dd44c4af80f02e9536b8fb8624,"""/geometries/7/results/0""",10,50,best_observed_not_independent_retest
oproj,representative_large,1024,8,7168,128,8,128,128,7168,16384,cublaslt_nccl,bf16,0a,graph,causal_dual_chunk_v1,distributed_maxrank,604f4464544072ecfa4f99520a8a3be7b9f73edf1546496807d25dba9371f40a,0.1072160005569458,0.11116320043802261,0.28041309987152196,"{""channels"": 16, ""chunk_kib"": 128, ""high_priority"": false, ""ll_kib"": 16, ""pack_block"": 512, ""pack_warps"": 4}",20260906-171635-992feb,70beea653872aa2cff938b2f65b3e90d8d7bbeaa97f2b7a0c81260159d0eb065,8ad0024a26e97658fc53a7c579b7a938a0aa51374511eb37ba39c4dcf80effef,"""/samples_ms/cublaslt_nccl_oproj_boundary""",10,50,best_observed_not_independent_retest
oproj,representative_large,1024,8,7168,128,8,128,128,7168,16384,te_ub,bf16,0a,graph,causal_dual_chunk_v1,distributed_maxrank,604f4464544072ecfa4f99520a8a3be7b9f73edf1546496807d25dba9371f40a,0.09462399780750275,0.09830239936709403,0.3177288189953877,"{""comm_sm"": 20, ""local_first"": false, ""pack_block"": 512, ""pack_warps"": 4, ""push"": true, ""reverse"": false, ""streams"": 1, ""use_ce"": false}",20260906-171635-992feb,70beea653872aa2cff938b2f65b3e90d8d7bbeaa97f2b7a0c81260159d0eb065,43a714e91e70e9252e183105d4c0567e34f321f842beb72b9d04288722e73bbc,"""/samples_ms""",10,50,best_observed_not_independent_retest
oproj,representative_large,131072,4,7168,128,8,128,32768,7168,16384,cublaslt_gemm,bf16,09,graph,pure_gemm,single_gpu_diagnostic_not_distributed_maxrank,26ec5332ecff61fe30e49565f0c781b49d3e29e77debca232bc934714f23daa5,5.1074559688568115,5.199681544303894,1.506930542595496,"{""algorithm"": 66, ""best_ms"": 5.03497, ""beta"": 0, ""exact_serialized_algorithm_available"": false, ""graph_tuning"": 0, ""library_sha256"": ""520b1980e976d88f851ce52d716266602818e430f2310ea0d8765fbb260f8cb0"", ""math_sms"": 0, ""precision"": 16, ""rejected"": 0, ""replay"": ""graph"", ""requested"": 256, ""returned"": 8, ""selected_candidate_records"": [{""algorithm"": 66, ""index"": 0, ""split_k"": 1, ""tile"": 513, ""tune_ms"": 5.03497, ""workspace_bytes"": 0}], ""valid"": 8, ""workspace_capacity"": 268435456}",20260906-152108-a0abd1,70beea653872aa2cff938b2f65b3e90d8d7bbeaa97f2b7a0c81260159d0eb065,a9eb0d72de3d3721c9db57909ec7c27dc3a814be4a1593dc71ce0842b0f47749,"""/geometries/40/results/1""",10,50,best_observed_not_independent_retest
oproj,representative_large,131072,4,7168,128,8,128,32768,7168,16384,cublaslt_nccl,bf16,09,graph,causal_dual_chunk_v1,distributed_maxrank,26ec5332ecff61fe30e49565f0c781b49d3e29e77debca232bc934714f23daa5,7.5395519733428955,7.785603356361389,1.0208274207332615,"{""channels"": 24, ""chunk_kib"": 256, ""high_priority"": false, ""ll_kib"": 16, ""pack_block"": 512, ""pack_warps"": 4}",20260906-161540-1427cd,70beea653872aa2cff938b2f65b3e90d8d7bbeaa97f2b7a0c81260159d0eb065,301d8774128b0557ce079846995fe45f66099b680dc70ad0871f527d23ff4a1c,"""/samples_ms/cublaslt_nccl_oproj_boundary""",10,50,best_observed_not_independent_retest
oproj,representative_large,131072,4,7168,128,8,128,32768,7168,16384,te_ub,bf16,09,graph,causal_dual_chunk_v1,distributed_maxrank,26ec5332ecff61fe30e49565f0c781b49d3e29e77debca232bc934714f23daa5,6.29316782951355,6.4336302280426025,1.223005901469329,"{""comm_sm"": 8, ""local_first"": false, ""pack_block"": 512, ""pack_warps"": 4, ""push"": true, ""reverse"": false, ""streams"": 1, ""use_ce"": false}",20260906-161540-1427cd,70beea653872aa2cff938b2f65b3e90d8d7bbeaa97f2b7a0c81260159d0eb065,72a7607f578155b9af85288ffe9574a733a47dbbe72a816af6d1c2b57b3c6985,"""/samples_ms""",10,50,best_observed_not_independent_retest
oproj,representative_large,131072,8,7168,128,8,128,16384,7168,16384,cublaslt_gemm,bf16,0a,graph,pure_gemm,single_gpu_diagnostic_not_distributed_maxrank,604f4464544072ecfa4f99520a8a3be7b9f73edf1546496807d25dba9371f40a,2.638432025909424,2.6846399784088133,1.4585521474215573,"{""algorithm"": 66, ""best_ms"": 2.55314, ""beta"": 0, ""exact_serialized_algorithm_available"": false, ""graph_tuning"": 0, ""library_sha256"": ""c40f68c965c0c64fa0294d12c371954e2dbc0ceb91a1c15c0fc3d5b61bcae0a9"", ""math_sms"": 0, ""precision"": 16, ""rejected"": 0, ""replay"": ""graph"", ""requested"": 256, ""returned"": 8, ""selected_candidate_records"": [{""algorithm"": 66, ""index"": 1, ""split_k"": 1, ""tile"": 210, ""tune_ms"": 2.55314, ""workspace_bytes"": 0}], ""valid"": 8, ""workspace_capacity"": 268435456}",20260906-152511-9c37d6,70beea653872aa2cff938b2f65b3e90d8d7bbeaa97f2b7a0c81260159d0eb065,07efdcc5b0869ea6954745bcc8e111c3583949dd44c4af80f02e9536b8fb8624,"""/geometries/40/results/0""",10,50,best_observed_not_independent_retest
oproj,representative_large,131072,8,7168,128,8,128,16384,7168,16384,cublaslt_nccl,bf16,0a,graph,causal_dual_chunk_v1,distributed_maxrank,604f4464544072ecfa4f99520a8a3be7b9f73edf1546496807d25dba9371f40a,3.793968081474304,3.809323251247406,1.0143181530722278,"{""channels"": 32, ""chunk_kib"": 128, ""high_priority"": false, ""ll_kib"": 16, ""pack_block"": 512, ""pack_warps"": 4}",20260906-171635-992feb,70beea653872aa2cff938b2f65b3e90d8d7bbeaa97f2b7a0c81260159d0eb065,42523d358085b530de4e595f7855f9df24e409bd1c8b7066ff4ce34b3a4a5c73,"""/samples_ms/cublaslt_nccl_oproj_boundary""",10,50,best_observed_not_independent_retest
oproj,representative_large,131072,8,7168,128,8,128,16384,7168,16384,te_ub,bf16,0a,graph,causal_dual_chunk_v1,distributed_maxrank,604f4464544072ecfa4f99520a8a3be7b9f73edf1546496807d25dba9371f40a,3.2454240322113037,3.3086256265640257,1.1857589821918977,"{""comm_sm"": 8, ""local_first"": false, ""pack_block"": 512, ""pack_warps"": 4, ""push"": true, ""reverse"": false, ""streams"": 1, ""use_ce"": false}",20260906-171635-992feb,70beea653872aa2cff938b2f65b3e90d8d7bbeaa97f2b7a0c81260159d0eb065,bd42b6c23abfb8c8841db73a1f224cd328abe22a082cd136a1b28f22fc477372,"""/samples_ms""",10,50,best_observed_not_independent_retest
oproj,representative_large,16384,4,7168,128,8,128,4096,7168,16384,cublaslt_gemm,bf16,09,graph,pure_gemm,single_gpu_diagnostic_not_distributed_maxrank,26ec5332ecff61fe30e49565f0c781b49d3e29e77debca232bc934714f23daa5,0.7241760194301605,0.733420804142952,1.3285066730890034,"{""algorithm"": 66, ""best_ms"": 0.60577, ""beta"": 0, ""exact_serialized_algorithm_available"": false, ""graph_tuning"": 0, ""library_sha256"": ""520b1980e976d88f851ce52d716266602818e430f2310ea0d8765fbb260f8cb0"", ""math_sms"": 0, ""precision"": 16, ""rejected"": 0, ""replay"": ""graph"", ""requested"": 256, ""returned"": 8, ""selected_candidate_records"": [{""algorithm"": 66, ""index"": 6, ""split_k"": 1, ""tile"": 201, ""tune_ms"": 0.60577, ""workspace_bytes"": 0}], ""valid"": 8, ""workspace_capacity"": 268435456}",20260906-152108-a0abd1,70beea653872aa2cff938b2f65b3e90d8d7bbeaa97f2b7a0c81260159d0eb065,a9eb0d72de3d3721c9db57909ec7c27dc3a814be4a1593dc71ce0842b0f47749,"""/geometries/29/results/1""",10,50,best_observed_not_independent_retest
oproj,representative_large,16384,4,7168,128,8,128,4096,7168,16384,cublaslt_nccl,bf16,09,graph,causal_dual_chunk_v1,distributed_maxrank,26ec5332ecff61fe30e49565f0c781b49d3e29e77debca232bc934714f23daa5,1.0139999985694885,1.029207956790924,0.9487896209677066,"{""channels"": 24, ""chunk_kib"": 512, ""high_priority"": false, ""ll_kib"": 128, ""pack_block"": 512, ""pack_warps"": 4}",20260906-161540-1427cd,70beea653872aa2cff938b2f65b3e90d8d7bbeaa97f2b7a0c81260159d0eb065,d371bff2310549586b6f8689c30ab2521d64faf6fbb4c60b93a7412596f80d19,"""/samples_ms/cublaslt_nccl_oproj_boundary""",10,50,best_observed_not_independent_retest
oproj,representative_large,16384,4,7168,128,8,128,4096,7168,16384,te_ub,bf16,09,graph,causal_dual_chunk_v1,distributed_maxrank,26ec5332ecff61fe30e49565f0c781b49d3e29e77debca232bc934714f23daa5,0.7737279832363129,0.7916767865419387,1.2434249440997183,"{""comm_sm"": 8, ""local_first"": false, ""pack_block"": 512, ""pack_warps"": 4, ""push"": true, ""reverse"": false, ""streams"": 1, ""use_ce"": false}",20260906-161540-1427cd,70beea653872aa2cff938b2f65b3e90d8d7bbeaa97f2b7a0c81260159d0eb065,9e99800c52da7d7fc8392052fd77e8012570354fb8195fbefe8909aa1da43971,"""/samples_ms""",10,50,best_observed_not_independent_retest
oproj,representative_large,16384,8,7168,128,8,128,2048,7168,16384,cublaslt_gemm,bf16,0a,graph,pure_gemm,single_gpu_diagnostic_not_distributed_maxrank,604f4464544072ecfa4f99520a8a3be7b9f73edf1546496807d25dba9371f40a,0.37403199076652527,0.382022388279438,1.2860834073742853,"{""algorithm"": 66, ""best_ms"": 0.297024, ""beta"": 0, ""exact_serialized_algorithm_available"": false, ""graph_tuning"": 0, ""library_sha256"": ""c40f68c965c0c64fa0294d12c371954e2dbc0ceb91a1c15c0fc3d5b61bcae0a9"", ""math_sms"": 0, ""precision"": 16, ""rejected"": 0, ""replay"": ""graph"", ""requested"": 256, ""returned"": 8, ""selected_candidate_records"": [{""algorithm"": 66, ""index"": 6, ""split_k"": 1, ""tile"": 29, ""tune_ms"": 0.297024, ""workspace_bytes"": 0}], ""valid"": 8, ""workspace_capacity"": 268435456}",20260906-152511-9c37d6,70beea653872aa2cff938b2f65b3e90d8d7bbeaa97f2b7a0c81260159d0eb065,07efdcc5b0869ea6954745bcc8e111c3583949dd44c4af80f02e9536b8fb8624,"""/geometries/29/results/0""",10,50,best_observed_not_independent_retest
oproj,representative_large,16384,8,7168,128,8,128,2048,7168,16384,cublaslt_nccl,bf16,0a,graph,causal_dual_chunk_v1,distributed_maxrank,604f4464544072ecfa4f99520a8a3be7b9f73edf1546496807d25dba9371f40a,0.5437439978122711,0.5567583978176117,0.8846742935782785,"{""channels"": 32, ""chunk_kib"": 1024, ""high_priority"": false, ""ll_kib"": 16, ""pack_block"": 512, ""pack_warps"": 4}",20260906-171635-992feb,70beea653872aa2cff938b2f65b3e90d8d7bbeaa97f2b7a0c81260159d0eb065,e6bf37e7cb8a53b20204df0b35938d3de5844795a312d83e0b3c8b3c535c9e53,"""/samples_ms/cublaslt_nccl_oproj_boundary""",10,50,best_observed_not_independent_retest
oproj,representative_large,16384,8,7168,128,8,128,2048,7168,16384,te_ub,bf16,0a,graph,causal_dual_chunk_v1,distributed_maxrank,604f4464544072ecfa4f99520a8a3be7b9f73edf1546496807d25dba9371f40a,0.4769439995288849,0.4852544143795967,1.0085803315004642,"{""comm_sm"": 24, ""local_first"": false, ""pack_block"": 512, ""pack_warps"": 4, ""push"": true, ""reverse"": false, ""streams"": 1, ""use_ce"": false}",20260906-171635-992feb,70beea653872aa2cff938b2f65b3e90d8d7bbeaa97f2b7a0c81260159d0eb065,ee9d1b8b231a7b9a9c6037ee03f5aeb4f56db839fa72db981a68c5088a9241fb,"""/samples_ms""",10,50,best_observed_not_independent_retest
oproj,representative_large,262144,4,7168,128,8,128,65536,7168,16384,cublaslt_gemm,bf16,09,graph,pure_gemm,single_gpu_diagnostic_not_distributed_maxrank,26ec5332ecff61fe30e49565f0c781b49d3e29e77debca232bc934714f23daa5,10.384624004364014,10.425417470932008,1.4823033344678833,"{""algorithm"": 66, ""best_ms"": 10.3145, ""beta"": 0, ""exact_serialized_algorithm_available"": false, ""graph_tuning"": 0, ""library_sha256"": ""520b1980e976d88f851ce52d716266602818e430f2310ea0d8765fbb260f8cb0"", ""math_sms"": 0, ""precision"": 16, ""rejected"": 0, ""replay"": ""graph"", ""requested"": 256, ""returned"": 8, ""selected_candidate_records"": [{""algorithm"": 66, ""index"": 0, ""split_k"": 1, ""tile"": 513, ""tune_ms"": 10.3145, ""workspace_bytes"": 0}], ""valid"": 8, ""workspace_capacity"": 268435456}",20260906-152108-a0abd1,70beea653872aa2cff938b2f65b3e90d8d7bbeaa97f2b7a0c81260159d0eb065,a9eb0d72de3d3721c9db57909ec7c27dc3a814be4a1593dc71ce0842b0f47749,"""/geometries/51/results/1""",10,50,best_observed_not_independent_retest
oproj,representative_large,262144,4,7168,128,8,128,65536,7168,16384,cublaslt_nccl,bf16,09,graph,causal_dual_chunk_v1,distributed_maxrank,26ec5332ecff61fe30e49565f0c781b49d3e29e77debca232bc934714f23daa5,15.110432147979736,15.840329694747924,1.018710956650043,"{""channels"": 24, ""chunk_kib"": 1024, ""high_priority"": false, ""ll_kib"": 64, ""pack_block"": 512, ""pack_warps"": 4}",20260906-161540-1427cd,70beea653872aa2cff938b2f65b3e90d8d7bbeaa97f2b7a0c81260159d0eb065,9a9a65229b534f6eba9c639a8d97e6d967761235533bcf44b4b987c2cc21eefd,"""/samples_ms/cublaslt_nccl_oproj_boundary""",10,50,best_observed_not_independent_retest
oproj,representative_large,262144,4,7168,128,8,128,65536,7168,16384,te_ub,bf16,09,graph,causal_dual_chunk_v1,distributed_maxrank,26ec5332ecff61fe30e49565f0c781b49d3e29e77debca232bc934714f23daa5,12.135456085205078,12.24921898841858,1.2684453456702423,"{""comm_sm"": 16, ""local_first"": false, ""pack_block"": 512, ""pack_warps"": 4, ""push"": true, ""reverse"": false, ""streams"": 1, ""use_ce"": false}",20260906-161540-1427cd,70beea653872aa2cff938b2f65b3e90d8d7bbeaa97f2b7a0c81260159d0eb065,ba15470d8a95455c6bd366d989666fc6a0a464885da86988b7b1f5db9db06f15,"""/samples_ms""",10,50,best_observed_not_independent_retest
oproj,representative_large,262144,8,7168,128,8,128,32768,7168,16384,cublaslt_gemm,bf16,0a,graph,pure_gemm,single_gpu_diagnostic_not_distributed_maxrank,604f4464544072ecfa4f99520a8a3be7b9f73edf1546496807d25dba9371f40a,5.102015972137451,5.169606471061707,1.5085372990723067,"{""algorithm"": 66, ""best_ms"": 5.04928, ""beta"": 0, ""exact_serialized_algorithm_available"": false, ""graph_tuning"": 0, ""library_sha256"": ""c40f68c965c0c64fa0294d12c371954e2dbc0ceb91a1c15c0fc3d5b61bcae0a9"", ""math_sms"": 0, ""precision"": 16, ""rejected"": 0, ""replay"": ""graph"", ""requested"": 256, ""returned"": 8, ""selected_candidate_records"": [{""algorithm"": 66, ""index"": 0, ""split_k"": 1, ""tile"": 513, ""tune_ms"": 5.04928, ""workspace_bytes"": 0}], ""valid"": 8, ""workspace_capacity"": 268435456}",20260906-152511-9c37d6,70beea653872aa2cff938b2f65b3e90d8d7bbeaa97f2b7a0c81260159d0eb065,07efdcc5b0869ea6954745bcc8e111c3583949dd44c4af80f02e9536b8fb8624,"""/geometries/51/results/0""",10,50,best_observed_not_independent_retest
oproj,representative_large,262144,8,7168,128,8,128,32768,7168,16384,cublaslt_nccl,bf16,0a,graph,causal_dual_chunk_v1,distributed_maxrank,604f4464544072ecfa4f99520a8a3be7b9f73edf1546496807d25dba9371f40a,7.52563214302063,7.67265293598175,1.0227156002529183,"{""channels"": 32, ""chunk_kib"": 256, ""high_priority"": false, ""ll_kib"": 64, ""pack_block"": 512, ""pack_warps"": 4}",20260906-171635-992feb,70beea653872aa2cff938b2f65b3e90d8d7bbeaa97f2b7a0c81260159d0eb065,756eb1a5d699663744a3f97d0b7197065a1d1f05aaefe865e74a40cc432e7cd0,"""/samples_ms/cublaslt_nccl_oproj_boundary""",10,50,best_observed_not_independent_retest
oproj,representative_large,262144,8,7168,128,8,128,32768,7168,16384,te_ub,bf16,0a,graph,causal_dual_chunk_v1,distributed_maxrank,604f4464544072ecfa4f99520a8a3be7b9f73edf1546496807d25dba9371f40a,6.5971360206604,6.675012707710266,1.1666549500159527,"{""comm_sm"": 16, ""local_first"": false, ""pack_block"": 512, ""pack_warps"": 4, ""push"": true, ""reverse"": false, ""streams"": 1, ""use_ce"": false}",20260906-171635-992feb,70beea653872aa2cff938b2f65b3e90d8d7bbeaa97f2b7a0c81260159d0eb065,396831c3fbe0d2f4827697fdc6a7e51042e9c0297976fb0b90defd9197d272a9,"""/samples_ms""",10,50,best_observed_not_independent_retest
oproj,representative_large,4096,4,7168,128,8,128,1024,7168,16384,cublaslt_gemm,bf16,09,graph,pure_gemm,single_gpu_diagnostic_not_distributed_maxrank,26ec5332ecff61fe30e49565f0c781b49d3e29e77debca232bc934714f23daa5,0.20121599733829498,0.20307199656963348,1.1953232931655435,"{""algorithm"": 66, ""best_ms"": 0.160521, ""beta"": 0, ""exact_serialized_algorithm_available"": false, ""graph_tuning"": 0, ""library_sha256"": ""520b1980e976d88f851ce52d716266602818e430f2310ea0d8765fbb260f8cb0"", ""math_sms"": 0, ""precision"": 16, ""rejected"": 0, ""replay"": ""graph"", ""requested"": 256, ""returned"": 8, ""selected_candidate_records"": [{""algorithm"": 66, ""index"": 7, ""split_k"": 1, ""tile"": 184, ""tune_ms"": 0.160521, ""workspace_bytes"": 0}], ""valid"": 8, ""workspace_capacity"": 268435456}",20260906-152108-a0abd1,70beea653872aa2cff938b2f65b3e90d8d7bbeaa97f2b7a0c81260159d0eb065,a9eb0d72de3d3721c9db57909ec7c27dc3a814be4a1593dc71ce0842b0f47749,"""/geometries/18/results/1""",10,50,best_observed_not_independent_retest
oproj,representative_large,4096,4,7168,128,8,128,1024,7168,16384,cublaslt_nccl,bf16,09,graph,causal_dual_chunk_v1,distributed_maxrank,26ec5332ecff61fe30e49565f0c781b49d3e29e77debca232bc934714f23daa5,0.2816000133752823,0.2852192044258118,0.8541127739772747,"{""channels"": 32, ""chunk_kib"": 512, ""high_priority"": false, ""ll_kib"": 64, ""pack_block"": 512, ""pack_warps"": 4}",20260906-161540-1427cd,70beea653872aa2cff938b2f65b3e90d8d7bbeaa97f2b7a0c81260159d0eb065,3395a08dc26473c3fd7f56e11e1ca735c06a0e69cc32518eec58bdaf0bae66ad,"""/samples_ms/cublaslt_nccl_oproj_boundary""",10,50,best_observed_not_independent_retest
oproj,representative_large,4096,4,7168,128,8,128,1024,7168,16384,te_ub,bf16,09,graph,causal_dual_chunk_v1,distributed_maxrank,26ec5332ecff61fe30e49565f0c781b49d3e29e77debca232bc934714f23daa5,0.2043839991092682,0.20601600408554077,1.1767954909592198,"{""comm_sm"": 20, ""local_first"": false, ""pack_block"": 512, ""pack_warps"": 4, ""push"": true, ""reverse"": false, ""streams"": 1, ""use_ce"": false}",20260906-161540-1427cd,70beea653872aa2cff938b2f65b3e90d8d7bbeaa97f2b7a0c81260159d0eb065,2ca072d79d9281de48ef5b55240ccbaea2317171de39df133ea5713bed018ab0,"""/samples_ms""",10,50,best_observed_not_independent_retest
oproj,representative_large,4096,8,7168,128,8,128,512,7168,16384,cublaslt_gemm,bf16,0a,graph,pure_gemm,single_gpu_diagnostic_not_distributed_maxrank,604f4464544072ecfa4f99520a8a3be7b9f73edf1546496807d25dba9371f40a,0.11727999895811081,0.12017920203506946,1.0254014781408145,"{""algorithm"": 66, ""best_ms"": 0.0899878, ""beta"": 0, ""exact_serialized_algorithm_available"": false, ""graph_tuning"": 0, ""library_sha256"": ""c40f68c965c0c64fa0294d12c371954e2dbc0ceb91a1c15c0fc3d5b61bcae0a9"", ""math_sms"": 0, ""precision"": 16, ""rejected"": 0, ""replay"": ""graph"", ""requested"": 256, ""returned"": 8, ""selected_candidate_records"": [{""algorithm"": 66, ""index"": 4, ""split_k"": 1, ""tile"": 165, ""tune_ms"": 0.0899878, ""workspace_bytes"": 0}], ""valid"": 8, ""workspace_capacity"": 268435456}",20260906-152511-9c37d6,70beea653872aa2cff938b2f65b3e90d8d7bbeaa97f2b7a0c81260159d0eb065,07efdcc5b0869ea6954745bcc8e111c3583949dd44c4af80f02e9536b8fb8624,"""/geometries/18/results/0""",10,50,best_observed_not_independent_retest
oproj,representative_large,4096,8,7168,128,8,128,512,7168,16384,cublaslt_nccl,bf16,0a,graph,causal_dual_chunk_v1,distributed_maxrank,604f4464544072ecfa4f99520a8a3be7b9f73edf1546496807d25dba9371f40a,0.17873600125312805,0.18278879448771476,0.6728307864384168,"{""channels"": 24, ""chunk_kib"": 256, ""high_priority"": false, ""ll_kib"": 16, ""pack_block"": 512, ""pack_warps"": 4}",20260906-171635-992feb,70beea653872aa2cff938b2f65b3e90d8d7bbeaa97f2b7a0c81260159d0eb065,ea8a35049ca7e6767794d57835633e968ae360431802898438de74bb901c0d68,"""/samples_ms/cublaslt_nccl_oproj_boundary""",10,50,best_observed_not_independent_retest
oproj,representative_large,4096,8,7168,128,8,128,512,7168,16384,te_ub,bf16,0a,graph,causal_dual_chunk_v1,distributed_maxrank,604f4464544072ecfa4f99520a8a3be7b9f73edf1546496807d25dba9371f40a,0.146464005112648,0.15046560168266296,0.8210828605670496,"{""comm_sm"": 12, ""local_first"": false, ""pack_block"": 512, ""pack_warps"": 4, ""push"": true, ""reverse"": false, ""streams"": 1, ""use_ce"": false}",20260906-171635-992feb,70beea653872aa2cff938b2f65b3e90d8d7bbeaa97f2b7a0c81260159d0eb065,80cbdbefbc4994e764e46407d0ca36f3e3c5b356ec6ac6f50aced5740fa67de1,"""/samples_ms""",10,50,best_observed_not_independent_retest
oproj,representative_large,524288,4,7168,128,8,128,131072,7168,16384,cublaslt_gemm,bf16,09,graph,pure_gemm,single_gpu_diagnostic_not_distributed_maxrank,26ec5332ecff61fe30e49565f0c781b49d3e29e77debca232bc934714f23daa5,20.941200256347656,21.297015762329103,1.4701318549492457,"{""algorithm"": 66, ""best_ms"": 21.0509, ""beta"": 0, ""exact_serialized_algorithm_available"": false, ""graph_tuning"": 0, ""library_sha256"": ""520b1980e976d88f851ce52d716266602818e430f2310ea0d8765fbb260f8cb0"", ""math_sms"": 0, ""precision"": 16, ""rejected"": 0, ""replay"": ""graph"", ""requested"": 256, ""returned"": 8, ""selected_candidate_records"": [{""algorithm"": 66, ""index"": 0, ""split_k"": 1, ""tile"": 513, ""tune_ms"": 21.0509, ""workspace_bytes"": 0}], ""valid"": 8, ""workspace_capacity"": 268435456}",20260906-152108-a0abd1,70beea653872aa2cff938b2f65b3e90d8d7bbeaa97f2b7a0c81260159d0eb065,a9eb0d72de3d3721c9db57909ec7c27dc3a814be4a1593dc71ce0842b0f47749,"""/geometries/62/results/1""",10,50,best_observed_not_independent_retest
oproj,representative_large,524288,4,7168,128,8,128,131072,7168,16384,cublaslt_nccl,bf16,09,graph,causal_dual_chunk_v1,distributed_maxrank,26ec5332ecff61fe30e49565f0c781b49d3e29e77debca232bc934714f23daa5,31.839439392089844,33.23685283660889,0.9669242350220689,"{""channels"": 24, ""chunk_kib"": 1024, ""high_priority"": false, ""ll_kib"": 64, ""pack_block"": 512, ""pack_warps"": 4}",20260906-161540-1427cd,70beea653872aa2cff938b2f65b3e90d8d7bbeaa97f2b7a0c81260159d0eb065,c71a1f9e022b70d171b4a3aa76b57bd387e48605024ecb0f0c353fd98cecec90,"""/samples_ms/cublaslt_nccl_oproj_boundary""",10,50,best_observed_not_independent_retest
oproj,representative_large,524288,4,7168,128,8,128,131072,7168,16384,te_ub,bf16,09,graph,causal_dual_chunk_v1,distributed_maxrank,26ec5332ecff61fe30e49565f0c781b49d3e29e77debca232bc934714f23daa5,24.357776641845703,24.51122694015503,1.2639218279404987,"{""comm_sm"": 8, ""local_first"": false, ""pack_block"": 512, ""pack_warps"": 4, ""push"": true, ""reverse"": false, ""streams"": 1, ""use_ce"": false}",20260906-161540-1427cd,70beea653872aa2cff938b2f65b3e90d8d7bbeaa97f2b7a0c81260159d0eb065,eaf7b1109dc4a33dcc1fa3ecbe847c4eb3f627eb18a9595e598bb4b22e3d35cd,"""/samples_ms""",10,50,best_observed_not_independent_retest
oproj,representative_large,524288,8,7168,128,8,128,65536,7168,16384,cublaslt_gemm,bf16,0a,graph,pure_gemm,single_gpu_diagnostic_not_distributed_maxrank,604f4464544072ecfa4f99520a8a3be7b9f73edf1546496807d25dba9371f40a,10.25769567489624,10.333081674575805,1.5006452985864884,"{""algorithm"": 66, ""best_ms"": 10.2076, ""beta"": 0, ""exact_serialized_algorithm_available"": false, ""graph_tuning"": 0, ""library_sha256"": ""c40f68c965c0c64fa0294d12c371954e2dbc0ceb91a1c15c0fc3d5b61bcae0a9"", ""math_sms"": 0, ""precision"": 16, ""rejected"": 0, ""replay"": ""graph"", ""requested"": 256, ""returned"": 8, ""selected_candidate_records"": [{""algorithm"": 66, ""index"": 0, ""split_k"": 1, ""tile"": 513, ""tune_ms"": 10.2076, ""workspace_bytes"": 0}], ""valid"": 8, ""workspace_capacity"": 268435456}",20260906-152511-9c37d6,70beea653872aa2cff938b2f65b3e90d8d7bbeaa97f2b7a0c81260159d0eb065,07efdcc5b0869ea6954745bcc8e111c3583949dd44c4af80f02e9536b8fb8624,"""/geometries/62/results/0""",10,50,best_observed_not_independent_retest
oproj,representative_large,524288,8,7168,128,8,128,65536,7168,16384,cublaslt_nccl,bf16,0a,graph,causal_dual_chunk_v1,distributed_maxrank,604f4464544072ecfa4f99520a8a3be7b9f73edf1546496807d25dba9371f40a,15.293232440948486,15.829643249511719,1.0065342855607127,"{""channels"": 32, ""chunk_kib"": 512, ""high_priority"": false, ""ll_kib"": 128, ""pack_block"": 512, ""pack_warps"": 4}",20260906-171635-992feb,70beea653872aa2cff938b2f65b3e90d8d7bbeaa97f2b7a0c81260159d0eb065,eb3cafad546779d8272798dbff4697ffd3ad87caccb96466edb0fc20fa8bec31,"""/samples_ms/cublaslt_nccl_oproj_boundary""",10,50,best_observed_not_independent_retest
oproj,representative_large,524288,8,7168,128,8,128,65536,7168,16384,te_ub,bf16,0a,graph,causal_dual_chunk_v1,distributed_maxrank,604f4464544072ecfa4f99520a8a3be7b9f73edf1546496807d25dba9371f40a,13.058239936828613,13.12603850364685,1.178808389440764,"{""comm_sm"": 16, ""local_first"": false, ""pack_block"": 512, ""pack_warps"": 4, ""push"": true, ""reverse"": false, ""streams"": 1, ""use_ce"": false}",20260906-171635-992feb,70beea653872aa2cff938b2f65b3e90d8d7bbeaa97f2b7a0c81260159d0eb065,cdea6fdb1259e50075750ac581c4f207157d0fb68b1a4f128605b1ba1f241492,"""/samples_ms""",10,50,best_observed_not_independent_retest
oproj,representative_medium,1024,4,5120,40,8,128,256,5120,5120,cublaslt_gemm,bf16,09,graph,pure_gemm,single_gpu_diagnostic_not_distributed_maxrank,26ec5332ecff61fe30e49565f0c781b49d3e29e77debca232bc934714f23daa5,0.017152000218629837,0.01761760003864765,0.7825193930106059,"{""algorithm"": 66, ""best_ms"": 0.0143725, ""beta"": 0, ""exact_serialized_algorithm_available"": false, ""graph_tuning"": 0, ""library_sha256"": ""520b1980e976d88f851ce52d716266602818e430f2310ea0d8765fbb260f8cb0"", ""math_sms"": 0, ""precision"": 16, ""rejected"": 0, ""replay"": ""graph"", ""requested"": 256, ""returned"": 8, ""selected_candidate_records"": [{""algorithm"": 66, ""index"": 1, ""split_k"": 1, ""tile"": 28, ""tune_ms"": 0.0143725, ""workspace_bytes"": 0}], ""valid"": 8, ""workspace_capacity"": 268435456}",20260906-152108-a0abd1,70beea653872aa2cff938b2f65b3e90d8d7bbeaa97f2b7a0c81260159d0eb065,a9eb0d72de3d3721c9db57909ec7c27dc3a814be4a1593dc71ce0842b0f47749,"""/geometries/4/results/1""",10,50,best_observed_not_independent_retest
oproj,representative_medium,1024,4,5120,40,8,128,256,5120,5120,cublaslt_nccl,bf16,09,graph,causal_dual_chunk_v1,distributed_maxrank,26ec5332ecff61fe30e49565f0c781b49d3e29e77debca232bc934714f23daa5,0.05700800009071827,0.058959999866783616,0.23543665412997464,"{""channels"": 32, ""chunk_kib"": 512, ""high_priority"": false, ""ll_kib"": 16, ""pack_block"": 512, ""pack_warps"": 4}",20260906-161540-1427cd,70beea653872aa2cff938b2f65b3e90d8d7bbeaa97f2b7a0c81260159d0eb065,9c6c3c76c235f5de2e0d25e1afdba65702cac7e5f27a5d35a617038bc91dd5e3,"""/samples_ms/cublaslt_nccl_oproj_boundary""",10,50,best_observed_not_independent_retest
oproj,representative_medium,1024,4,5120,40,8,128,256,5120,5120,te_ub,bf16,09,graph,causal_dual_chunk_v1,distributed_maxrank,26ec5332ecff61fe30e49565f0c781b49d3e29e77debca232bc934714f23daa5,0.0453919991850853,0.04695679992437363,0.2956858706591197,"{""comm_sm"": 16, ""local_first"": false, ""pack_block"": 512, ""pack_warps"": 4, ""push"": true, ""reverse"": false, ""streams"": 1, ""use_ce"": false}",20260906-161540-1427cd,70beea653872aa2cff938b2f65b3e90d8d7bbeaa97f2b7a0c81260159d0eb065,5eca278ca6f2562a567fa10b7d689a6525d20991033ef4a29f104cf7d8e1b416,"""/samples_ms""",10,50,best_observed_not_independent_retest
oproj,representative_medium,1024,8,5120,40,8,128,128,5120,5120,cublaslt_gemm,bf16,0a,graph,pure_gemm,single_gpu_diagnostic_not_distributed_maxrank,604f4464544072ecfa4f99520a8a3be7b9f73edf1546496807d25dba9371f40a,0.013135999906808138,0.01422560028731823,0.5108774701286254,"{""algorithm"": 66, ""best_ms"": 0.0103642, ""beta"": 0, ""exact_serialized_algorithm_available"": false, ""graph_tuning"": 0, ""library_sha256"": ""c40f68c965c0c64fa0294d12c371954e2dbc0ceb91a1c15c0fc3d5b61bcae0a9"", ""math_sms"": 0, ""precision"": 16, ""rejected"": 0, ""replay"": ""graph"", ""requested"": 256, ""returned"": 8, ""selected_candidate_records"": [{""algorithm"": 66, ""index"": 4, ""split_k"": 1, ""tile"": 17, ""tune_ms"": 0.0103642, ""workspace_bytes"": 0}], ""valid"": 8, ""workspace_capacity"": 268435456}",20260906-152511-9c37d6,70beea653872aa2cff938b2f65b3e90d8d7bbeaa97f2b7a0c81260159d0eb065,07efdcc5b0869ea6954745bcc8e111c3583949dd44c4af80f02e9536b8fb8624,"""/geometries/4/results/0""",10,50,best_observed_not_independent_retest
oproj,representative_medium,1024,8,5120,40,8,128,128,5120,5120,cublaslt_nccl,bf16,0a,graph,causal_dual_chunk_v1,distributed_maxrank,604f4464544072ecfa4f99520a8a3be7b9f73edf1546496807d25dba9371f40a,0.05067200027406216,0.05380000155419111,0.13243776372955124,"{""channels"": 32, ""chunk_kib"": 1024, ""high_priority"": false, ""ll_kib"": 64, ""pack_block"": 512, ""pack_warps"": 4}",20260906-171635-992feb,70beea653872aa2cff938b2f65b3e90d8d7bbeaa97f2b7a0c81260159d0eb065,992116cebfb3f3e1d5beafe17b65170125c1e50f7b8b0098a9354df026efb144,"""/samples_ms/cublaslt_nccl_oproj_boundary""",10,50,best_observed_not_independent_retest
oproj,representative_medium,1024,8,5120,40,8,128,128,5120,5120,te_ub,bf16,0a,graph,causal_dual_chunk_v1,distributed_maxrank,604f4464544072ecfa4f99520a8a3be7b9f73edf1546496807d25dba9371f40a,0.07508799806237221,0.0783344004303217,0.08937362259179649,"{""comm_sm"": 4, ""local_first"": false, ""pack_block"": 512, ""pack_warps"": 4, ""push"": true, ""reverse"": false, ""streams"": 1, ""use_ce"": false}",20260906-171635-992feb,70beea653872aa2cff938b2f65b3e90d8d7bbeaa97f2b7a0c81260159d0eb065,c5c8457bc7735b1efe50eb324a6a7df6cf1b88f31b7a229193126f25a97f76c8,"""/samples_ms""",10,50,best_observed_not_independent_retest
oproj,representative_medium,131072,4,5120,40,8,128,32768,5120,5120,cublaslt_gemm,bf16,09,graph,pure_gemm,single_gpu_diagnostic_not_distributed_maxrank,26ec5332ecff61fe30e49565f0c781b49d3e29e77debca232bc934714f23daa5,1.1501439809799194,1.1683279991149902,1.4937146538264539,"{""algorithm"": 66, ""best_ms"": 1.02135, ""beta"": 0, ""exact_serialized_algorithm_available"": false, ""graph_tuning"": 0, ""library_sha256"": ""520b1980e976d88f851ce52d716266602818e430f2310ea0d8765fbb260f8cb0"", ""math_sms"": 0, ""precision"": 16, ""rejected"": 0, ""replay"": ""graph"", ""requested"": 256, ""returned"": 8, ""selected_candidate_records"": [{""algorithm"": 66, ""index"": 0, ""split_k"": 1, ""tile"": 23, ""tune_ms"": 1.02135, ""workspace_bytes"": 0}], ""valid"": 8, ""workspace_capacity"": 268435456}",20260906-152108-a0abd1,70beea653872aa2cff938b2f65b3e90d8d7bbeaa97f2b7a0c81260159d0eb065,a9eb0d72de3d3721c9db57909ec7c27dc3a814be4a1593dc71ce0842b0f47749,"""/geometries/37/results/1""",10,50,best_observed_not_independent_retest
oproj,representative_medium,131072,4,5120,40,8,128,32768,5120,5120,cublaslt_nccl,bf16,09,graph,causal_dual_chunk_v1,distributed_maxrank,26ec5332ecff61fe30e49565f0c781b49d3e29e77debca232bc934714f23daa5,1.958624005317688,1.9752367556095123,0.8771397234669056,"{""channels"": 24, ""chunk_kib"": 128, ""high_priority"": false, ""ll_kib"": 64, ""pack_block"": 512, ""pack_warps"": 4}",20260906-161540-1427cd,70beea653872aa2cff938b2f65b3e90d8d7bbeaa97f2b7a0c81260159d0eb065,753a5226ef0cd7b38918c709c3aebed7f505dc7f34478100eac23548ca746dac,"""/samples_ms/cublaslt_nccl_oproj_boundary""",10,50,best_observed_not_independent_retest
oproj,representative_medium,131072,4,5120,40,8,128,32768,5120,5120,te_ub,bf16,09,graph,causal_dual_chunk_v1,distributed_maxrank,26ec5332ecff61fe30e49565f0c781b49d3e29e77debca232bc934714f23daa5,1.5319200158119202,1.558761602640152,1.121459933069328,"{""comm_sm"": 16, ""local_first"": false, ""pack_block"": 512, ""pack_warps"": 4, ""push"": true, ""reverse"": false, ""streams"": 1, ""use_ce"": false}",20260906-161540-1427cd,70beea653872aa2cff938b2f65b3e90d8d7bbeaa97f2b7a0c81260159d0eb065,8b4c6c02f333fd4779148a34761a81502f8c85c64af8fb4ffce37c43d1178a94,"""/samples_ms""",10,50,best_observed_not_independent_retest
oproj,representative_medium,131072,8,5120,40,8,128,16384,5120,5120,cublaslt_gemm,bf16,0a,graph,pure_gemm,single_gpu_diagnostic_not_distributed_maxrank,604f4464544072ecfa4f99520a8a3be7b9f73edf1546496807d25dba9371f40a,0.6071680188179016,0.6112208008766175,1.4147541250153106,"{""algorithm"": 66, ""best_ms"": 0.563531, ""beta"": 0, ""exact_serialized_algorithm_available"": false, ""graph_tuning"": 0, ""library_sha256"": ""c40f68c965c0c64fa0294d12c371954e2dbc0ceb91a1c15c0fc3d5b61bcae0a9"", ""math_sms"": 0, ""precision"": 16, ""rejected"": 0, ""replay"": ""graph"", ""requested"": 256, ""returned"": 8, ""selected_candidate_records"": [{""algorithm"": 66, ""index"": 3, ""split_k"": 1, ""tile"": 32, ""tune_ms"": 0.563531, ""workspace_bytes"": 0}], ""valid"": 8, ""workspace_capacity"": 268435456}",20260906-152511-9c37d6,70beea653872aa2cff938b2f65b3e90d8d7bbeaa97f2b7a0c81260159d0eb065,07efdcc5b0869ea6954745bcc8e111c3583949dd44c4af80f02e9536b8fb8624,"""/geometries/37/results/0""",10,50,best_observed_not_independent_retest
oproj,representative_medium,131072,8,5120,40,8,128,16384,5120,5120,cublaslt_nccl,bf16,0a,graph,causal_dual_chunk_v1,distributed_maxrank,604f4464544072ecfa4f99520a8a3be7b9f73edf1546496807d25dba9371f40a,1.0101760029792786,1.0234271705150604,0.8503403928291695,"{""channels"": 32, ""chunk_kib"": 1024, ""high_priority"": false, ""ll_kib"": 64, ""pack_block"": 512, ""pack_warps"": 4}",20260906-171635-992feb,70beea653872aa2cff938b2f65b3e90d8d7bbeaa97f2b7a0c81260159d0eb065,bbfce327411e2ae53ea33f93e2a4fe8c1273d18ed8a4c2bc9e2124f112a3ea8c,"""/samples_ms/cublaslt_nccl_oproj_boundary""",10,50,best_observed_not_independent_retest
oproj,representative_medium,131072,8,5120,40,8,128,16384,5120,5120,te_ub,bf16,0a,graph,causal_dual_chunk_v1,distributed_maxrank,604f4464544072ecfa4f99520a8a3be7b9f73edf1546496807d25dba9371f40a,0.8386079967021942,0.8469615787267685,1.0243086908042507,"{""comm_sm"": 20, ""local_first"": false, ""pack_block"": 512, ""pack_warps"": 4, ""push"": true, ""reverse"": false, ""streams"": 1, ""use_ce"": false}",20260906-171635-992feb,70beea653872aa2cff938b2f65b3e90d8d7bbeaa97f2b7a0c81260159d0eb065,85d885bbcff18d5217344d1163a76f4f2b1e78a417b08ca3ec96d89d67547a40,"""/samples_ms""",10,50,best_observed_not_independent_retest
oproj,representative_medium,16384,4,5120,40,8,128,4096,5120,5120,cublaslt_gemm,bf16,09,graph,pure_gemm,single_gpu_diagnostic_not_distributed_maxrank,26ec5332ecff61fe30e49565f0c781b49d3e29e77debca232bc934714f23daa5,0.15832000225782394,0.1612144023180008,1.3564196673663669,"{""algorithm"": 66, ""best_ms"": 0.146939, ""beta"": 0, ""exact_serialized_algorithm_available"": false, ""graph_tuning"": 0, ""library_sha256"": ""520b1980e976d88f851ce52d716266602818e430f2310ea0d8765fbb260f8cb0"", ""math_sms"": 0, ""precision"": 16, ""rejected"": 0, ""replay"": ""graph"", ""requested"": 256, ""returned"": 8, ""selected_candidate_records"": [{""algorithm"": 66, ""index"": 2, ""split_k"": 1, ""tile"": 32, ""tune_ms"": 0.146939, ""workspace_bytes"": 0}], ""valid"": 8, ""workspace_capacity"": 268435456}",20260906-152108-a0abd1,70beea653872aa2cff938b2f65b3e90d8d7bbeaa97f2b7a0c81260159d0eb065,a9eb0d72de3d3721c9db57909ec7c27dc3a814be4a1593dc71ce0842b0f47749,"""/geometries/26/results/1""",10,50,best_observed_not_independent_retest
oproj,representative_medium,16384,4,5120,40,8,128,4096,5120,5120,cublaslt_nccl,bf16,09,graph,causal_dual_chunk_v1,distributed_maxrank,26ec5332ecff61fe30e49565f0c781b49d3e29e77debca232bc934714f23daa5,0.27110400795936584,0.3242576003074646,0.7921253780659242,"{""channels"": 24, ""chunk_kib"": 512, ""high_priority"": false, ""ll_kib"": 128, ""pack_block"": 512, ""pack_warps"": 4}",20260906-161540-1427cd,70beea653872aa2cff938b2f65b3e90d8d7bbeaa97f2b7a0c81260159d0eb065,17a9f6cacf3a870d57a69a7268c5a07983c4e4e06115c05a699900c6608f6406,"""/samples_ms/cublaslt_nccl_oproj_boundary""",10,50,best_observed_not_independent_retest
oproj,representative_medium,16384,4,5120,40,8,128,4096,5120,5120,te_ub,bf16,09,graph,causal_dual_chunk_v1,distributed_maxrank,26ec5332ecff61fe30e49565f0c781b49d3e29e77debca232bc934714f23daa5,0.21648000180721283,0.22051840275526047,0.9920009377644271,"{""comm_sm"": 24, ""local_first"": false, ""pack_block"": 512, ""pack_warps"": 4, ""push"": true, ""reverse"": false, ""streams"": 1, ""use_ce"": false}",20260906-161540-1427cd,70beea653872aa2cff938b2f65b3e90d8d7bbeaa97f2b7a0c81260159d0eb065,964c64c82a3744c6171749f0e6145e2911d1888fdfcd9746d4657c1497915585,"""/samples_ms""",10,50,best_observed_not_independent_retest
oproj,representative_medium,16384,8,5120,40,8,128,2048,5120,5120,cublaslt_gemm,bf16,0a,graph,pure_gemm,single_gpu_diagnostic_not_distributed_maxrank,604f4464544072ecfa4f99520a8a3be7b9f73edf1546496807d25dba9371f40a,0.08848000317811966,0.09045280329883099,1.2135418008953316,"{""algorithm"": 66, ""best_ms"": 0.0778464, ""beta"": 0, ""exact_serialized_algorithm_available"": false, ""graph_tuning"": 0, ""library_sha256"": ""c40f68c965c0c64fa0294d12c371954e2dbc0ceb91a1c15c0fc3d5b61bcae0a9"", ""math_sms"": 0, ""precision"": 16, ""rejected"": 0, ""replay"": ""graph"", ""requested"": 256, ""returned"": 8, ""selected_candidate_records"": [{""algorithm"": 66, ""index"": 0, ""split_k"": 1, ""tile"": 32, ""tune_ms"": 0.0778464, ""workspace_bytes"": 0}], ""valid"": 8, ""workspace_capacity"": 268435456}",20260906-152511-9c37d6,70beea653872aa2cff938b2f65b3e90d8d7bbeaa97f2b7a0c81260159d0eb065,07efdcc5b0869ea6954745bcc8e111c3583949dd44c4af80f02e9536b8fb8624,"""/geometries/26/results/0""",10,50,best_observed_not_independent_retest
oproj,representative_medium,16384,8,5120,40,8,128,2048,5120,5120,cublaslt_nccl,bf16,0a,graph,causal_dual_chunk_v1,distributed_maxrank,604f4464544072ecfa4f99520a8a3be7b9f73edf1546496807d25dba9371f40a,0.16867199540138245,0.171252803504467,0.6365857126696443,"{""channels"": 24, ""chunk_kib"": 256, ""high_priority"": false, ""ll_kib"": 16, ""pack_block"": 512, ""pack_warps"": 4}",20260906-171635-992feb,70beea653872aa2cff938b2f65b3e90d8d7bbeaa97f2b7a0c81260159d0eb065,96405235feefcd63963091f794eaa55ba545cb3668781138f285da86604a5da2,"""/samples_ms/cublaslt_nccl_oproj_boundary""",10,50,best_observed_not_independent_retest
oproj,representative_medium,16384,8,5120,40,8,128,2048,5120,5120,te_ub,bf16,0a,graph,causal_dual_chunk_v1,distributed_maxrank,604f4464544072ecfa4f99520a8a3be7b9f73edf1546496807d25dba9371f40a,0.13872000575065613,0.14220959916710854,0.7740353081660115,"{""comm_sm"": 16, ""local_first"": false, ""pack_block"": 512, ""pack_warps"": 4, ""push"": true, ""reverse"": false, ""streams"": 1, ""use_ce"": false}",20260906-171635-992feb,70beea653872aa2cff938b2f65b3e90d8d7bbeaa97f2b7a0c81260159d0eb065,215c7cabaa54330174a470f32b0a730d64994f3f29b9b3a752631e502669009a,"""/samples_ms""",10,50,best_observed_not_independent_retest
oproj,representative_medium,262144,4,5120,40,8,128,65536,5120,5120,cublaslt_gemm,bf16,09,graph,pure_gemm,single_gpu_diagnostic_not_distributed_maxrank,26ec5332ecff61fe30e49565f0c781b49d3e29e77debca232bc934714f23daa5,2.3490880727767944,2.3640288710594177,1.4626841269252313,"{""algorithm"": 66, ""best_ms"": 2.10819, ""beta"": 0, ""exact_serialized_algorithm_available"": false, ""graph_tuning"": 0, ""library_sha256"": ""520b1980e976d88f851ce52d716266602818e430f2310ea0d8765fbb260f8cb0"", ""math_sms"": 0, ""precision"": 16, ""rejected"": 0, ""replay"": ""graph"", ""requested"": 256, ""returned"": 8, ""selected_candidate_records"": [{""algorithm"": 66, ""index"": 0, ""split_k"": 1, ""tile"": 23, ""tune_ms"": 2.10819, ""workspace_bytes"": 0}], ""valid"": 8, ""workspace_capacity"": 268435456}",20260906-152108-a0abd1,70beea653872aa2cff938b2f65b3e90d8d7bbeaa97f2b7a0c81260159d0eb065,a9eb0d72de3d3721c9db57909ec7c27dc3a814be4a1593dc71ce0842b0f47749,"""/geometries/48/results/1""",10,50,best_observed_not_independent_retest
oproj,representative_medium,262144,4,5120,40,8,128,65536,5120,5120,cublaslt_nccl,bf16,09,graph,causal_dual_chunk_v1,distributed_maxrank,26ec5332ecff61fe30e49565f0c781b49d3e29e77debca232bc934714f23daa5,3.7548800706863403,3.780131232738495,0.9150688629509148,"{""channels"": 24, ""chunk_kib"": 256, ""high_priority"": false, ""ll_kib"": 128, ""pack_block"": 512, ""pack_warps"": 4}",20260906-161540-1427cd,70beea653872aa2cff938b2f65b3e90d8d7bbeaa97f2b7a0c81260159d0eb065,0e4bec4918a1526482030fe4a1792647585636db3cce73bb0fcbf720c8dcd0b6,"""/samples_ms/cublaslt_nccl_oproj_boundary""",10,50,best_observed_not_independent_retest
oproj,representative_medium,262144,4,5120,40,8,128,65536,5120,5120,te_ub,bf16,09,graph,causal_dual_chunk_v1,distributed_maxrank,26ec5332ecff61fe30e49565f0c781b49d3e29e77debca232bc934714f23daa5,3.1112799644470215,3.1754432320594788,1.104360223465357,"{""comm_sm"": 8, ""local_first"": false, ""pack_block"": 512, ""pack_warps"": 4, ""push"": true, ""reverse"": false, ""streams"": 1, ""use_ce"": false}",20260906-161540-1427cd,70beea653872aa2cff938b2f65b3e90d8d7bbeaa97f2b7a0c81260159d0eb065,83cf75362878c9511bc7294baa139c99f67faa3fb505b1d45549a2c8e07fcd9e,"""/samples_ms""",10,50,best_observed_not_independent_retest
oproj,representative_medium,262144,8,5120,40,8,128,32768,5120,5120,cublaslt_gemm,bf16,0a,graph,pure_gemm,single_gpu_diagnostic_not_distributed_maxrank,604f4464544072ecfa4f99520a8a3be7b9f73edf1546496807d25dba9371f40a,1.1536960005760193,1.1607215881347657,1.48911577880329,"{""algorithm"": 66, ""best_ms"": 1.07448, ""beta"": 0, ""exact_serialized_algorithm_available"": false, ""graph_tuning"": 0, ""library_sha256"": ""c40f68c965c0c64fa0294d12c371954e2dbc0ceb91a1c15c0fc3d5b61bcae0a9"", ""math_sms"": 0, ""precision"": 16, ""rejected"": 0, ""replay"": ""graph"", ""requested"": 256, ""returned"": 8, ""selected_candidate_records"": [{""algorithm"": 66, ""index"": 0, ""split_k"": 1, ""tile"": 23, ""tune_ms"": 1.07448, ""workspace_bytes"": 0}], ""valid"": 8, ""workspace_capacity"": 268435456}",20260906-152511-9c37d6,70beea653872aa2cff938b2f65b3e90d8d7bbeaa97f2b7a0c81260159d0eb065,07efdcc5b0869ea6954745bcc8e111c3583949dd44c4af80f02e9536b8fb8624,"""/geometries/48/results/0""",10,50,best_observed_not_independent_retest
oproj,representative_medium,262144,8,5120,40,8,128,32768,5120,5120,cublaslt_nccl,bf16,0a,graph,causal_dual_chunk_v1,distributed_maxrank,604f4464544072ecfa4f99520a8a3be7b9f73edf1546496807d25dba9371f40a,1.9934880137443542,2.0022672176361085,0.8617994723595641,"{""channels"": 32, ""chunk_kib"": 128, ""high_priority"": false, ""ll_kib"": 128, ""pack_block"": 512, ""pack_warps"": 4}",20260906-171635-992feb,70beea653872aa2cff938b2f65b3e90d8d7bbeaa97f2b7a0c81260159d0eb065,93146881f2f28af3f58c40bcf811291c3ae78bfdc7265cf97df765c5b33b4d64,"""/samples_ms/cublaslt_nccl_oproj_boundary""",10,50,best_observed_not_independent_retest
oproj,representative_medium,262144,8,5120,40,8,128,32768,5120,5120,te_ub,bf16,0a,graph,causal_dual_chunk_v1,distributed_maxrank,604f4464544072ecfa4f99520a8a3be7b9f73edf1546496807d25dba9371f40a,1.8244159817695618,1.852828812599182,0.9416640369120574,"{""comm_sm"": 16, ""local_first"": false, ""pack_block"": 512, ""pack_warps"": 4, ""push"": true, ""reverse"": false, ""streams"": 1, ""use_ce"": false}",20260906-171635-992feb,70beea653872aa2cff938b2f65b3e90d8d7bbeaa97f2b7a0c81260159d0eb065,bce4fa5d4bf8b871a37217f8104f7446d95725c1f5a7b9d8007ec308b140d867,"""/samples_ms""",10,50,best_observed_not_independent_retest
oproj,representative_medium,4096,4,5120,40,8,128,1024,5120,5120,cublaslt_gemm,bf16,09,graph,pure_gemm,single_gpu_diagnostic_not_distributed_maxrank,26ec5332ecff61fe30e49565f0c781b49d3e29e77debca232bc934714f23daa5,0.04992000013589859,0.05061919968575239,1.0754625611748028,"{""algorithm"": 66, ""best_ms"": 0.0450125, ""beta"": 0, ""exact_serialized_algorithm_available"": false, ""graph_tuning"": 0, ""library_sha256"": ""520b1980e976d88f851ce52d716266602818e430f2310ea0d8765fbb260f8cb0"", ""math_sms"": 0, ""precision"": 16, ""rejected"": 0, ""replay"": ""graph"", ""requested"": 256, ""returned"": 8, ""selected_candidate_records"": [{""algorithm"": 66, ""index"": 0, ""split_k"": 1, ""tile"": 184, ""tune_ms"": 0.0450125, ""workspace_bytes"": 0}], ""valid"": 8, ""workspace_capacity"": 268435456}",20260906-152108-a0abd1,70beea653872aa2cff938b2f65b3e90d8d7bbeaa97f2b7a0c81260159d0eb065,a9eb0d72de3d3721c9db57909ec7c27dc3a814be4a1593dc71ce0842b0f47749,"""/geometries/15/results/1""",10,50,best_observed_not_independent_retest
oproj,representative_medium,4096,4,5120,40,8,128,1024,5120,5120,cublaslt_nccl,bf16,09,graph,causal_dual_chunk_v1,distributed_maxrank,26ec5332ecff61fe30e49565f0c781b49d3e29e77debca232bc934714f23daa5,0.11750400066375732,0.141483199596405,0.45689585798553267,"{""channels"": 32, ""chunk_kib"": 512, ""high_priority"": false, ""ll_kib"": 16, ""pack_block"": 512, ""pack_warps"": 4}",20260906-161540-1427cd,70beea653872aa2cff938b2f65b3e90d8d7bbeaa97f2b7a0c81260159d0eb065,d504b19a1e8099dcb59df5d10eaa077057da0ef0696ec3358bb89afa8c1c3f86,"""/samples_ms/cublaslt_nccl_oproj_boundary""",10,50,best_observed_not_independent_retest
oproj,representative_medium,4096,4,5120,40,8,128,1024,5120,5120,te_ub,bf16,09,graph,causal_dual_chunk_v1,distributed_maxrank,26ec5332ecff61fe30e49565f0c781b49d3e29e77debca232bc934714f23daa5,0.06971200183033943,0.0720656007528305,0.7701269478770697,"{""comm_sm"": 16, ""local_first"": false, ""pack_block"": 512, ""pack_warps"": 4, ""push"": true, ""reverse"": false, ""streams"": 1, ""use_ce"": false}",20260906-161540-1427cd,70beea653872aa2cff938b2f65b3e90d8d7bbeaa97f2b7a0c81260159d0eb065,278f8887d2e7b6eee7e505b7cb83ccba51ee9109850680f3cefe57ebfe752894,"""/samples_ms""",10,50,best_observed_not_independent_retest
oproj,representative_medium,4096,8,5120,40,8,128,512,5120,5120,cublaslt_gemm,bf16,0a,graph,pure_gemm,single_gpu_diagnostic_not_distributed_maxrank,604f4464544072ecfa4f99520a8a3be7b9f73edf1546496807d25dba9371f40a,0.02687999978661537,0.02754080006852746,0.9986438174514598,"{""algorithm"": 66, ""best_ms"": 0.0187405, ""beta"": 0, ""exact_serialized_algorithm_available"": false, ""graph_tuning"": 0, ""library_sha256"": ""c40f68c965c0c64fa0294d12c371954e2dbc0ceb91a1c15c0fc3d5b61bcae0a9"", ""math_sms"": 0, ""precision"": 16, ""rejected"": 0, ""replay"": ""graph"", ""requested"": 256, ""returned"": 8, ""selected_candidate_records"": [{""algorithm"": 66, ""index"": 0, ""split_k"": 1, ""tile"": 184, ""tune_ms"": 0.0187405, ""workspace_bytes"": 0}], ""valid"": 8, ""workspace_capacity"": 268435456}",20260906-152511-9c37d6,70beea653872aa2cff938b2f65b3e90d8d7bbeaa97f2b7a0c81260159d0eb065,07efdcc5b0869ea6954745bcc8e111c3583949dd44c4af80f02e9536b8fb8624,"""/geometries/15/results/0""",10,50,best_observed_not_independent_retest
oproj,representative_medium,4096,8,5120,40,8,128,512,5120,5120,cublaslt_nccl,bf16,0a,graph,causal_dual_chunk_v1,distributed_maxrank,604f4464544072ecfa4f99520a8a3be7b9f73edf1546496807d25dba9371f40a,0.08552000299096107,0.09040960296988487,0.31388616301658917,"{""channels"": 32, ""chunk_kib"": 512, ""high_priority"": false, ""ll_kib"": 16, ""pack_block"": 512, ""pack_warps"": 4}",20260906-171635-992feb,70beea653872aa2cff938b2f65b3e90d8d7bbeaa97f2b7a0c81260159d0eb065,6e15a776a2ce9576063a79840af4eb292ecea5adacd32e38fc10eb3f2fb1f232,"""/samples_ms/cublaslt_nccl_oproj_boundary""",10,50,best_observed_not_independent_retest
oproj,representative_medium,4096,8,5120,40,8,128,512,5120,5120,te_ub,bf16,0a,graph,causal_dual_chunk_v1,distributed_maxrank,604f4464544072ecfa4f99520a8a3be7b9f73edf1546496807d25dba9371f40a,0.08760000020265579,0.09038880281150341,0.30643316824086236,"{""comm_sm"": 16, ""local_first"": false, ""pack_block"": 512, ""pack_warps"": 4, ""push"": true, ""reverse"": false, ""streams"": 1, ""use_ce"": false}",20260906-171635-992feb,70beea653872aa2cff938b2f65b3e90d8d7bbeaa97f2b7a0c81260159d0eb065,f483257e7d13eedc6ed3a3a5301ef9190e1b5b461a384115b93dc8a1c232efb6,"""/samples_ms""",10,50,best_observed_not_independent_retest
oproj,representative_medium,524288,4,5120,40,8,128,131072,5120,5120,cublaslt_gemm,bf16,09,graph,pure_gemm,single_gpu_diagnostic_not_distributed_maxrank,26ec5332ecff61fe30e49565f0c781b49d3e29e77debca232bc934714f23daa5,4.6684160232543945,4.72259521484375,1.472008415567365,"{""algorithm"": 66, ""best_ms"": 4.58131, ""beta"": 0, ""exact_serialized_algorithm_available"": false, ""graph_tuning"": 0, ""library_sha256"": ""520b1980e976d88f851ce52d716266602818e430f2310ea0d8765fbb260f8cb0"", ""math_sms"": 0, ""precision"": 16, ""rejected"": 0, ""replay"": ""graph"", ""requested"": 256, ""returned"": 8, ""selected_candidate_records"": [{""algorithm"": 66, ""index"": 0, ""split_k"": 1, ""tile"": 23, ""tune_ms"": 4.58131, ""workspace_bytes"": 0}], ""valid"": 8, ""workspace_capacity"": 268435456}",20260906-152108-a0abd1,70beea653872aa2cff938b2f65b3e90d8d7bbeaa97f2b7a0c81260159d0eb065,a9eb0d72de3d3721c9db57909ec7c27dc3a814be4a1593dc71ce0842b0f47749,"""/geometries/59/results/1""",10,50,best_observed_not_independent_retest
oproj,representative_medium,524288,4,5120,40,8,128,131072,5120,5120,cublaslt_nccl,bf16,09,graph,causal_dual_chunk_v1,distributed_maxrank,26ec5332ecff61fe30e49565f0c781b49d3e29e77debca232bc934714f23daa5,7.471791982650757,7.528465652465821,0.9197188157213725,"{""channels"": 24, ""chunk_kib"": 512, ""high_priority"": false, ""ll_kib"": 128, ""pack_block"": 512, ""pack_warps"": 4}",20260906-161540-1427cd,70beea653872aa2cff938b2f65b3e90d8d7bbeaa97f2b7a0c81260159d0eb065,78b8bea3ab94d6a65cbe3546c03d75fd16dfa3a3ac75b8a5ba484ce7dfcb0b30,"""/samples_ms/cublaslt_nccl_oproj_boundary""",10,50,best_observed_not_independent_retest
oproj,representative_medium,524288,4,5120,40,8,128,131072,5120,5120,te_ub,bf16,09,graph,causal_dual_chunk_v1,distributed_maxrank,26ec5332ecff61fe30e49565f0c781b49d3e29e77debca232bc934714f23daa5,6.282208204269409,6.360529661178589,1.0938745501828167,"{""comm_sm"": 16, ""local_first"": false, ""pack_block"": 512, ""pack_warps"": 4, ""push"": true, ""reverse"": false, ""streams"": 1, ""use_ce"": false}",20260906-161540-1427cd,70beea653872aa2cff938b2f65b3e90d8d7bbeaa97f2b7a0c81260159d0eb065,b232c7e3fecc7e179d52a6030d3bc52b26a293d5ab77c21dbe048a8f57b1f502,"""/samples_ms""",10,50,best_observed_not_independent_retest
oproj,representative_medium,524288,8,5120,40,8,128,65536,5120,5120,cublaslt_gemm,bf16,0a,graph,pure_gemm,single_gpu_diagnostic_not_distributed_maxrank,604f4464544072ecfa4f99520a8a3be7b9f73edf1546496807d25dba9371f40a,2.2711840867996216,2.307816004753113,1.5128557199613488,"{""algorithm"": 66, ""best_ms"": 2.03865, ""beta"": 0, ""exact_serialized_algorithm_available"": false, ""graph_tuning"": 0, ""library_sha256"": ""c40f68c965c0c64fa0294d12c371954e2dbc0ceb91a1c15c0fc3d5b61bcae0a9"", ""math_sms"": 0, ""precision"": 16, ""rejected"": 0, ""replay"": ""graph"", ""requested"": 256, ""returned"": 8, ""selected_candidate_records"": [{""algorithm"": 66, ""index"": 0, ""split_k"": 1, ""tile"": 23, ""tune_ms"": 2.03865, ""workspace_bytes"": 0}], ""valid"": 8, ""workspace_capacity"": 268435456}",20260906-152511-9c37d6,70beea653872aa2cff938b2f65b3e90d8d7bbeaa97f2b7a0c81260159d0eb065,07efdcc5b0869ea6954745bcc8e111c3583949dd44c4af80f02e9536b8fb8624,"""/geometries/59/results/0""",10,50,best_observed_not_independent_retest
oproj,representative_medium,524288,8,5120,40,8,128,65536,5120,5120,cublaslt_nccl,bf16,0a,graph,causal_dual_chunk_v1,distributed_maxrank,604f4464544072ecfa4f99520a8a3be7b9f73edf1546496807d25dba9371f40a,3.841312050819397,3.8577536940574646,0.8944792277594491,"{""channels"": 32, ""chunk_kib"": 512, ""high_priority"": false, ""ll_kib"": 64, ""pack_block"": 512, ""pack_warps"": 4}",20260906-171635-992feb,70beea653872aa2cff938b2f65b3e90d8d7bbeaa97f2b7a0c81260159d0eb065,a6c612789b2cb660fb99f73608f2b108932c0b4c0707e69af3c52c6214c2639c,"""/samples_ms/cublaslt_nccl_oproj_boundary""",10,50,best_observed_not_independent_retest
oproj,representative_medium,524288,8,5120,40,8,128,65536,5120,5120,te_ub,bf16,0a,graph,causal_dual_chunk_v1,distributed_maxrank,604f4464544072ecfa4f99520a8a3be7b9f73edf1546496807d25dba9371f40a,3.721343994140625,3.888910412788391,0.9233152974328765,"{""comm_sm"": 16, ""local_first"": false, ""pack_block"": 512, ""pack_warps"": 4, ""push"": true, ""reverse"": false, ""streams"": 1, ""use_ce"": false}",20260906-171635-992feb,70beea653872aa2cff938b2f65b3e90d8d7bbeaa97f2b7a0c81260159d0eb065,aaf4573955c84ff188d88a470f150b619c51b952324416c8778c47a70f71244e,"""/samples_ms""",10,50,best_observed_not_independent_retest
oproj,representative_small,1024,4,4096,32,8,128,256,4096,4096,cublaslt_gemm,bf16,09,graph,pure_gemm,single_gpu_diagnostic_not_distributed_maxrank,26ec5332ecff61fe30e49565f0c781b49d3e29e77debca232bc934714f23daa5,0.01321600005030632,0.01426080004312098,0.6499647820295599,"{""algorithm"": 66, ""best_ms"": 0.0102976, ""beta"": 0, ""exact_serialized_algorithm_available"": false, ""graph_tuning"": 0, ""library_sha256"": ""520b1980e976d88f851ce52d716266602818e430f2310ea0d8765fbb260f8cb0"", ""math_sms"": 0, ""precision"": 16, ""rejected"": 0, ""replay"": ""graph"", ""requested"": 256, ""returned"": 8, ""selected_candidate_records"": [{""algorithm"": 66, ""index"": 0, ""split_k"": 1, ""tile"": 164, ""tune_ms"": 0.0102976, ""workspace_bytes"": 0}], ""valid"": 8, ""workspace_capacity"": 268435456}",20260906-152108-a0abd1,70beea653872aa2cff938b2f65b3e90d8d7bbeaa97f2b7a0c81260159d0eb065,a9eb0d72de3d3721c9db57909ec7c27dc3a814be4a1593dc71ce0842b0f47749,"""/geometries/3/results/1""",10,50,best_observed_not_independent_retest
oproj,representative_small,1024,4,4096,32,8,128,256,4096,4096,cublaslt_nccl,bf16,09,graph,causal_dual_chunk_v1,distributed_maxrank,26ec5332ecff61fe30e49565f0c781b49d3e29e77debca232bc934714f23daa5,0.04967999830842018,0.05219839885830879,0.17290529155561798,"{""channels"": 24, ""chunk_kib"": 256, ""high_priority"": false, ""ll_kib"": 16, ""pack_block"": 512, ""pack_warps"": 4}",20260906-161540-1427cd,70beea653872aa2cff938b2f65b3e90d8d7bbeaa97f2b7a0c81260159d0eb065,4fe1bd8836db089e2e2b0ffa2aefc9ba4aa7b137f2ba712e7833f5cf2a1db2ac,"""/samples_ms/cublaslt_nccl_oproj_boundary""",10,50,best_observed_not_independent_retest
oproj,representative_small,1024,4,4096,32,8,128,256,4096,4096,te_ub,bf16,09,graph,causal_dual_chunk_v1,distributed_maxrank,26ec5332ecff61fe30e49565f0c781b49d3e29e77debca232bc934714f23daa5,0.04270400106906891,0.04570559952408075,0.20115058020223325,"{""comm_sm"": 8, ""local_first"": false, ""pack_block"": 512, ""pack_warps"": 4, ""push"": true, ""reverse"": false, ""streams"": 1, ""use_ce"": false}",20260906-161540-1427cd,70beea653872aa2cff938b2f65b3e90d8d7bbeaa97f2b7a0c81260159d0eb065,934e27d83e8ad186377543b1143afd5e4a828b5db659bd0c3fec8249a826440b,"""/samples_ms""",10,50,best_observed_not_independent_retest
oproj,representative_small,1024,8,4096,32,8,128,128,4096,4096,cublaslt_gemm,bf16,0a,graph,pure_gemm,single_gpu_diagnostic_not_distributed_maxrank,604f4464544072ecfa4f99520a8a3be7b9f73edf1546496807d25dba9371f40a,0.011376000009477139,0.013009600341320038,0.37754635130291325,"{""algorithm"": 66, ""best_ms"": 0.00905408, ""beta"": 0, ""exact_serialized_algorithm_available"": false, ""graph_tuning"": 0, ""library_sha256"": ""c40f68c965c0c64fa0294d12c371954e2dbc0ceb91a1c15c0fc3d5b61bcae0a9"", ""math_sms"": 0, ""precision"": 16, ""rejected"": 0, ""replay"": ""graph"", ""requested"": 256, ""returned"": 8, ""selected_candidate_records"": [{""algorithm"": 66, ""index"": 0, ""split_k"": 1, ""tile"": 15, ""tune_ms"": 0.00905408, ""workspace_bytes"": 0}], ""valid"": 8, ""workspace_capacity"": 268435456}",20260906-152511-9c37d6,70beea653872aa2cff938b2f65b3e90d8d7bbeaa97f2b7a0c81260159d0eb065,07efdcc5b0869ea6954745bcc8e111c3583949dd44c4af80f02e9536b8fb8624,"""/geometries/3/results/0""",10,50,best_observed_not_independent_retest
oproj,representative_small,1024,8,4096,32,8,128,128,4096,4096,cublaslt_nccl,bf16,0a,graph,causal_dual_chunk_v1,distributed_maxrank,604f4464544072ecfa4f99520a8a3be7b9f73edf1546496807d25dba9371f40a,0.04497599974274635,0.04761600121855736,0.0954946487141219,"{""channels"": 24, ""chunk_kib"": 128, ""high_priority"": false, ""ll_kib"": 64, ""pack_block"": 512, ""pack_warps"": 4}",20260906-171635-992feb,70beea653872aa2cff938b2f65b3e90d8d7bbeaa97f2b7a0c81260159d0eb065,cf91de5e0e1b7270b2789b149206814cff1f11c1977763b9e3cf574d2914b6a1,"""/samples_ms/cublaslt_nccl_oproj_boundary""",10,50,best_observed_not_independent_retest
oproj,representative_small,1024,8,4096,32,8,128,128,4096,4096,te_ub,bf16,0a,graph,causal_dual_chunk_v1,distributed_maxrank,604f4464544072ecfa4f99520a8a3be7b9f73edf1546496807d25dba9371f40a,0.07295999675989151,0.075542401522398,0.058867427175669555,"{""comm_sm"": 4, ""local_first"": false, ""pack_block"": 512, ""pack_warps"": 4, ""push"": true, ""reverse"": false, ""streams"": 1, ""use_ce"": false}",20260906-171635-992feb,70beea653872aa2cff938b2f65b3e90d8d7bbeaa97f2b7a0c81260159d0eb065,094d4fd21a5670eecb105183757558560aa41fbe3ed6863dde7d105721167226,"""/samples_ms""",10,50,best_observed_not_independent_retest
oproj,representative_small,131072,4,4096,32,8,128,32768,4096,4096,cublaslt_gemm,bf16,09,graph,pure_gemm,single_gpu_diagnostic_not_distributed_maxrank,26ec5332ecff61fe30e49565f0c781b49d3e29e77debca232bc934714f23daa5,0.7839360237121582,0.7952351987361908,1.4025527524165842,"{""algorithm"": 66, ""best_ms"": 0.653328, ""beta"": 0, ""exact_serialized_algorithm_available"": false, ""graph_tuning"": 0, ""library_sha256"": ""520b1980e976d88f851ce52d716266602818e430f2310ea0d8765fbb260f8cb0"", ""math_sms"": 0, ""precision"": 16, ""rejected"": 0, ""replay"": ""graph"", ""requested"": 256, ""returned"": 8, ""selected_candidate_records"": [{""algorithm"": 66, ""index"": 1, ""split_k"": 1, ""tile"": 24, ""tune_ms"": 0.653328, ""workspace_bytes"": 0}], ""valid"": 8, ""workspace_capacity"": 268435456}",20260906-152108-a0abd1,70beea653872aa2cff938b2f65b3e90d8d7bbeaa97f2b7a0c81260159d0eb065,a9eb0d72de3d3721c9db57909ec7c27dc3a814be4a1593dc71ce0842b0f47749,"""/geometries/36/results/1""",10,50,best_observed_not_independent_retest
oproj,representative_small,131072,4,4096,32,8,128,32768,4096,4096,cublaslt_nccl,bf16,09,graph,causal_dual_chunk_v1,distributed_maxrank,26ec5332ecff61fe30e49565f0c781b49d3e29e77debca232bc934714f23daa5,1.4103839993476868,1.4242095947265625,0.7795831690408658,"{""channels"": 32, ""chunk_kib"": 512, ""high_priority"": false, ""ll_kib"": 128, ""pack_block"": 512, ""pack_warps"": 4}",20260906-161540-1427cd,70beea653872aa2cff938b2f65b3e90d8d7bbeaa97f2b7a0c81260159d0eb065,baff8835ec98de2bad2d05d9e8f0c38f27d91479f499bb237f45606699936378,"""/samples_ms/cublaslt_nccl_oproj_boundary""",10,50,best_observed_not_independent_retest
oproj,representative_small,131072,4,4096,32,8,128,32768,4096,4096,te_ub,bf16,09,graph,causal_dual_chunk_v1,distributed_maxrank,26ec5332ecff61fe30e49565f0c781b49d3e29e77debca232bc934714f23daa5,0.9548639953136444,1.0587936282157897,1.1514850629746942,"{""comm_sm"": 12, ""local_first"": false, ""pack_block"": 512, ""pack_warps"": 4, ""push"": true, ""reverse"": false, ""streams"": 1, ""use_ce"": false}",20260906-161540-1427cd,70beea653872aa2cff938b2f65b3e90d8d7bbeaa97f2b7a0c81260159d0eb065,d7a755570010895d730a4e003246571bb5cdb900709f9b893a060faf1b030e1f,"""/samples_ms""",10,50,best_observed_not_independent_retest
oproj,representative_small,131072,8,4096,32,8,128,16384,4096,4096,cublaslt_gemm,bf16,0a,graph,pure_gemm,single_gpu_diagnostic_not_distributed_maxrank,604f4464544072ecfa4f99520a8a3be7b9f73edf1546496807d25dba9371f40a,0.38942399621009827,0.39185759872198106,1.4117153006447016,"{""algorithm"": 66, ""best_ms"": 0.361949, ""beta"": 0, ""exact_serialized_algorithm_available"": false, ""graph_tuning"": 0, ""library_sha256"": ""c40f68c965c0c64fa0294d12c371954e2dbc0ceb91a1c15c0fc3d5b61bcae0a9"", ""math_sms"": 0, ""precision"": 16, ""rejected"": 0, ""replay"": ""graph"", ""requested"": 256, ""returned"": 8, ""selected_candidate_records"": [{""algorithm"": 66, ""index"": 3, ""split_k"": 1, ""tile"": 32, ""tune_ms"": 0.361949, ""workspace_bytes"": 0}], ""valid"": 8, ""workspace_capacity"": 268435456}",20260906-152511-9c37d6,70beea653872aa2cff938b2f65b3e90d8d7bbeaa97f2b7a0c81260159d0eb065,07efdcc5b0869ea6954745bcc8e111c3583949dd44c4af80f02e9536b8fb8624,"""/geometries/36/results/0""",10,50,best_observed_not_independent_retest
oproj,representative_small,131072,8,4096,32,8,128,16384,4096,4096,cublaslt_nccl,bf16,0a,graph,causal_dual_chunk_v1,distributed_maxrank,604f4464544072ecfa4f99520a8a3be7b9f73edf1546496807d25dba9371f40a,0.7486400008201599,0.7572143971920013,0.7343393530745409,"{""channels"": 24, ""chunk_kib"": 512, ""high_priority"": false, ""ll_kib"": 16, ""pack_block"": 512, ""pack_warps"": 4}",20260906-171635-992feb,70beea653872aa2cff938b2f65b3e90d8d7bbeaa97f2b7a0c81260159d0eb065,f4428a19e1d0245a437f2eb15c1e19d61c499d3ac724e2d9233f79d699916aef,"""/samples_ms/cublaslt_nccl_oproj_boundary""",10,50,best_observed_not_independent_retest
oproj,representative_small,131072,8,4096,32,8,128,16384,4096,4096,te_ub,bf16,0a,graph,causal_dual_chunk_v1,distributed_maxrank,604f4464544072ecfa4f99520a8a3be7b9f73edf1546496807d25dba9371f40a,0.6128320097923279,0.7270479917526245,0.8970742472709565,"{""comm_sm"": 12, ""local_first"": false, ""pack_block"": 512, ""pack_warps"": 4, ""push"": true, ""reverse"": false, ""streams"": 1, ""use_ce"": false}",20260906-171635-992feb,70beea653872aa2cff938b2f65b3e90d8d7bbeaa97f2b7a0c81260159d0eb065,2a40d5ef9cdd68831b59617bad487d985a2d0aa02e38b4696ae8ef7af6d4ae87,"""/samples_ms""",10,50,best_observed_not_independent_retest
oproj,representative_small,16384,4,4096,32,8,128,4096,4096,4096,cublaslt_gemm,bf16,09,graph,pure_gemm,single_gpu_diagnostic_not_distributed_maxrank,26ec5332ecff61fe30e49565f0c781b49d3e29e77debca232bc934714f23daa5,0.10894400253891945,0.11372480168938637,1.2615559394644138,"{""algorithm"": 66, ""best_ms"": 0.091705, ""beta"": 0, ""exact_serialized_algorithm_available"": false, ""graph_tuning"": 0, ""library_sha256"": ""520b1980e976d88f851ce52d716266602818e430f2310ea0d8765fbb260f8cb0"", ""math_sms"": 0, ""precision"": 16, ""rejected"": 0, ""replay"": ""graph"", ""requested"": 256, ""returned"": 8, ""selected_candidate_records"": [{""algorithm"": 66, ""index"": 3, ""split_k"": 1, ""tile"": 32, ""tune_ms"": 0.091705, ""workspace_bytes"": 0}], ""valid"": 8, ""workspace_capacity"": 268435456}",20260906-152108-a0abd1,70beea653872aa2cff938b2f65b3e90d8d7bbeaa97f2b7a0c81260159d0eb065,a9eb0d72de3d3721c9db57909ec7c27dc3a814be4a1593dc71ce0842b0f47749,"""/geometries/25/results/1""",10,50,best_observed_not_independent_retest
oproj,representative_small,16384,4,4096,32,8,128,4096,4096,4096,cublaslt_nccl,bf16,09,graph,causal_dual_chunk_v1,distributed_maxrank,26ec5332ecff61fe30e49565f0c781b49d3e29e77debca232bc934714f23daa5,0.21716800332069397,0.2193007968366146,0.6328692596074692,"{""channels"": 32, ""chunk_kib"": 256, ""high_priority"": false, ""ll_kib"": 16, ""pack_block"": 512, ""pack_warps"": 4}",20260906-161540-1427cd,70beea653872aa2cff938b2f65b3e90d8d7bbeaa97f2b7a0c81260159d0eb065,73efea7855a2bd35a3e61fe2645af424d646bc3f72a0968e9d1bb793f7b6e6a0,"""/samples_ms/cublaslt_nccl_oproj_boundary""",10,50,best_observed_not_independent_retest
oproj,representative_small,16384,4,4096,32,8,128,4096,4096,4096,te_ub,bf16,09,graph,causal_dual_chunk_v1,distributed_maxrank,26ec5332ecff61fe30e49565f0c781b49d3e29e77debca232bc934714f23daa5,0.1444000005722046,0.14710400253534317,0.9517933028211877,"{""comm_sm"": 16, ""local_first"": false, ""pack_block"": 512, ""pack_warps"": 4, ""push"": true, ""reverse"": false, ""streams"": 1, ""use_ce"": false}",20260906-161540-1427cd,70beea653872aa2cff938b2f65b3e90d8d7bbeaa97f2b7a0c81260159d0eb065,1516c37d2d26c2e04fd64125bb4ae16cc8e93172dfd2dfef67e9a4525f4a1742,"""/samples_ms""",10,50,best_observed_not_independent_retest
oproj,representative_small,16384,8,4096,32,8,128,2048,4096,4096,cublaslt_gemm,bf16,0a,graph,pure_gemm,single_gpu_diagnostic_not_distributed_maxrank,604f4464544072ecfa4f99520a8a3be7b9f73edf1546496807d25dba9371f40a,0.05793600156903267,0.05993599817156792,1.1861273625194597,"{""algorithm"": 66, ""best_ms"": 0.048841, ""beta"": 0, ""exact_serialized_algorithm_available"": false, ""graph_tuning"": 0, ""library_sha256"": ""c40f68c965c0c64fa0294d12c371954e2dbc0ceb91a1c15c0fc3d5b61bcae0a9"", ""math_sms"": 0, ""precision"": 16, ""rejected"": 0, ""replay"": ""graph"", ""requested"": 256, ""returned"": 8, ""selected_candidate_records"": [{""algorithm"": 66, ""index"": 3, ""split_k"": 1, ""tile"": 29, ""tune_ms"": 0.048841, ""workspace_bytes"": 0}], ""valid"": 8, ""workspace_capacity"": 268435456}",20260906-152511-9c37d6,70beea653872aa2cff938b2f65b3e90d8d7bbeaa97f2b7a0c81260159d0eb065,07efdcc5b0869ea6954745bcc8e111c3583949dd44c4af80f02e9536b8fb8624,"""/geometries/25/results/0""",10,50,best_observed_not_independent_retest
oproj,representative_small,16384,8,4096,32,8,128,2048,4096,4096,cublaslt_nccl,bf16,0a,graph,causal_dual_chunk_v1,distributed_maxrank,604f4464544072ecfa4f99520a8a3be7b9f73edf1546496807d25dba9371f40a,0.13831999897956848,0.14361279681324957,0.4968151911723965,"{""channels"": 32, ""chunk_kib"": 1024, ""high_priority"": false, ""ll_kib"": 16, ""pack_block"": 512, ""pack_warps"": 4}",20260906-171635-992feb,70beea653872aa2cff938b2f65b3e90d8d7bbeaa97f2b7a0c81260159d0eb065,b73af0192633c2b481e15d6faddb8c001de035655dd401df6445db0c58e8e197,"""/samples_ms/cublaslt_nccl_oproj_boundary""",10,50,best_observed_not_independent_retest
oproj,representative_small,16384,8,4096,32,8,128,2048,4096,4096,te_ub,bf16,0a,graph,causal_dual_chunk_v1,distributed_maxrank,604f4464544072ecfa4f99520a8a3be7b9f73edf1546496807d25dba9371f40a,0.11768000200390816,0.11880800314247608,0.5839520357394099,"{""comm_sm"": 24, ""local_first"": false, ""pack_block"": 512, ""pack_warps"": 4, ""push"": true, ""reverse"": false, ""streams"": 1, ""use_ce"": false}",20260906-171635-992feb,70beea653872aa2cff938b2f65b3e90d8d7bbeaa97f2b7a0c81260159d0eb065,542fee1e7fb4c9f3e23c23a64fedaffcc69759f875bf8554b7ff5f9b22c31cae,"""/samples_ms""",10,50,best_observed_not_independent_retest
oproj,representative_small,262144,4,4096,32,8,128,65536,4096,4096,cublaslt_gemm,bf16,09,graph,pure_gemm,single_gpu_diagnostic_not_distributed_maxrank,26ec5332ecff61fe30e49565f0c781b49d3e29e77debca232bc934714f23daa5,1.5149919986724854,1.5316159665584563,1.4515081647156542,"{""algorithm"": 66, ""best_ms"": 1.34971, ""beta"": 0, ""exact_serialized_algorithm_available"": false, ""graph_tuning"": 0, ""library_sha256"": ""520b1980e976d88f851ce52d716266602818e430f2310ea0d8765fbb260f8cb0"", ""math_sms"": 0, ""precision"": 16, ""rejected"": 0, ""replay"": ""graph"", ""requested"": 256, ""returned"": 8, ""selected_candidate_records"": [{""algorithm"": 66, ""index"": 0, ""split_k"": 1, ""tile"": 23, ""tune_ms"": 1.34971, ""workspace_bytes"": 0}], ""valid"": 8, ""workspace_capacity"": 268435456}",20260906-152108-a0abd1,70beea653872aa2cff938b2f65b3e90d8d7bbeaa97f2b7a0c81260159d0eb065,a9eb0d72de3d3721c9db57909ec7c27dc3a814be4a1593dc71ce0842b0f47749,"""/geometries/47/results/1""",10,50,best_observed_not_independent_retest
oproj,representative_small,262144,4,4096,32,8,128,65536,4096,4096,cublaslt_nccl,bf16,09,graph,causal_dual_chunk_v1,distributed_maxrank,26ec5332ecff61fe30e49565f0c781b49d3e29e77debca232bc934714f23daa5,2.6818400621414185,2.7428240537643434,0.8199680833301093,"{""channels"": 24, ""chunk_kib"": 128, ""high_priority"": false, ""ll_kib"": 64, ""pack_block"": 512, ""pack_warps"": 4}",20260906-161540-1427cd,70beea653872aa2cff938b2f65b3e90d8d7bbeaa97f2b7a0c81260159d0eb065,10063dcd4a33d8f1fff1804394c814cf9c8fc5154c47bb09f169249191437463,"""/samples_ms/cublaslt_nccl_oproj_boundary""",10,50,best_observed_not_independent_retest
oproj,representative_small,262144,4,4096,32,8,128,65536,4096,4096,te_ub,bf16,09,graph,causal_dual_chunk_v1,distributed_maxrank,26ec5332ecff61fe30e49565f0c781b49d3e29e77debca232bc934714f23daa5,2.109792113304138,2.124294364452362,1.042293807852053,"{""comm_sm"": 12, ""local_first"": false, ""pack_block"": 512, ""pack_warps"": 4, ""push"": true, ""reverse"": false, ""streams"": 1, ""use_ce"": false}",20260906-161540-1427cd,70beea653872aa2cff938b2f65b3e90d8d7bbeaa97f2b7a0c81260159d0eb065,a03cb3a51f61ffbdda8fd117c0b9a7b66d79bdf16917c0ce6141c45bfc8f39e0,"""/samples_ms""",10,50,best_observed_not_independent_retest
oproj,representative_small,262144,8,4096,32,8,128,32768,4096,4096,cublaslt_gemm,bf16,0a,graph,pure_gemm,single_gpu_diagnostic_not_distributed_maxrank,604f4464544072ecfa4f99520a8a3be7b9f73edf1546496807d25dba9371f40a,0.7585279941558838,0.7647600024938583,1.4495333544012106,"{""algorithm"": 66, ""best_ms"": 0.675638, ""beta"": 0, ""exact_serialized_algorithm_available"": false, ""graph_tuning"": 0, ""library_sha256"": ""c40f68c965c0c64fa0294d12c371954e2dbc0ceb91a1c15c0fc3d5b61bcae0a9"", ""math_sms"": 0, ""precision"": 16, ""rejected"": 0, ""replay"": ""graph"", ""requested"": 256, ""returned"": 8, ""selected_candidate_records"": [{""algorithm"": 66, ""index"": 0, ""split_k"": 1, ""tile"": 23, ""tune_ms"": 0.675638, ""workspace_bytes"": 0}], ""valid"": 8, ""workspace_capacity"": 268435456}",20260906-152511-9c37d6,70beea653872aa2cff938b2f65b3e90d8d7bbeaa97f2b7a0c81260159d0eb065,07efdcc5b0869ea6954745bcc8e111c3583949dd44c4af80f02e9536b8fb8624,"""/geometries/47/results/0""",10,50,best_observed_not_independent_retest
oproj,representative_small,262144,8,4096,32,8,128,32768,4096,4096,cublaslt_nccl,bf16,0a,graph,causal_dual_chunk_v1,distributed_maxrank,604f4464544072ecfa4f99520a8a3be7b9f73edf1546496807d25dba9371f40a,1.4264479875564575,1.440860813856125,0.770803869028195,"{""channels"": 24, ""chunk_kib"": 512, ""high_priority"": false, ""ll_kib"": 128, ""pack_block"": 512, ""pack_warps"": 4}",20260906-171635-992feb,70beea653872aa2cff938b2f65b3e90d8d7bbeaa97f2b7a0c81260159d0eb065,24552139d3670db46540e726499d96bc4ef812c38a6726f76dc03432aea5d55d,"""/samples_ms/cublaslt_nccl_oproj_boundary""",10,50,best_observed_not_independent_retest
oproj,representative_small,262144,8,4096,32,8,128,32768,4096,4096,te_ub,bf16,0a,graph,causal_dual_chunk_v1,distributed_maxrank,604f4464544072ecfa4f99520a8a3be7b9f73edf1546496807d25dba9371f40a,1.2018240094184875,1.2127167999744415,0.9148690816286885,"{""comm_sm"": 20, ""local_first"": false, ""pack_block"": 512, ""pack_warps"": 4, ""push"": true, ""reverse"": false, ""streams"": 1, ""use_ce"": false}",20260906-171635-992feb,70beea653872aa2cff938b2f65b3e90d8d7bbeaa97f2b7a0c81260159d0eb065,9a6ed31a4a2b9c8ab4f317bc1a72b9f1cbd641b9952f6df37adf7f16473a890d,"""/samples_ms""",10,50,best_observed_not_independent_retest
oproj,representative_small,4096,4,4096,32,8,128,1024,4096,4096,cublaslt_gemm,bf16,09,graph,pure_gemm,single_gpu_diagnostic_not_distributed_maxrank,26ec5332ecff61fe30e49565f0c781b49d3e29e77debca232bc934714f23daa5,0.033615998923778534,0.034516800008714196,1.0221245677068183,"{""algorithm"": 66, ""best_ms"": 0.0266656, ""beta"": 0, ""exact_serialized_algorithm_available"": false, ""graph_tuning"": 0, ""library_sha256"": ""520b1980e976d88f851ce52d716266602818e430f2310ea0d8765fbb260f8cb0"", ""math_sms"": 0, ""precision"": 16, ""rejected"": 0, ""replay"": ""graph"", ""requested"": 256, ""returned"": 8, ""selected_candidate_records"": [{""algorithm"": 66, ""index"": 3, ""split_k"": 1, ""tile"": 165, ""tune_ms"": 0.0266656, ""workspace_bytes"": 0}], ""valid"": 8, ""workspace_capacity"": 268435456}",20260906-152108-a0abd1,70beea653872aa2cff938b2f65b3e90d8d7bbeaa97f2b7a0c81260159d0eb065,a9eb0d72de3d3721c9db57909ec7c27dc3a814be4a1593dc71ce0842b0f47749,"""/geometries/14/results/1""",10,50,best_observed_not_independent_retest
oproj,representative_small,4096,4,4096,32,8,128,1024,4096,4096,cublaslt_nccl,bf16,09,graph,causal_dual_chunk_v1,distributed_maxrank,26ec5332ecff61fe30e49565f0c781b49d3e29e77debca232bc934714f23daa5,0.084672000259161,0.08843199871480464,0.4057981181834958,"{""channels"": 32, ""chunk_kib"": 1024, ""high_priority"": false, ""ll_kib"": 16, ""pack_block"": 512, ""pack_warps"": 4}",20260906-161540-1427cd,70beea653872aa2cff938b2f65b3e90d8d7bbeaa97f2b7a0c81260159d0eb065,d0da88a507e6d4a08eec936060409e0fd9e135905bc5aab9edeb4af2baa68b5f,"""/samples_ms/cublaslt_nccl_oproj_boundary""",10,50,best_observed_not_independent_retest
oproj,representative_small,4096,4,4096,32,8,128,1024,4096,4096,te_ub,bf16,09,graph,causal_dual_chunk_v1,distributed_maxrank,26ec5332ecff61fe30e49565f0c781b49d3e29e77debca232bc934714f23daa5,0.05897600017488003,0.06068960018455982,0.5826054372306353,"{""comm_sm"": 16, ""local_first"": false, ""pack_block"": 512, ""pack_warps"": 4, ""push"": true, ""reverse"": false, ""streams"": 1, ""use_ce"": false}",20260906-161540-1427cd,70beea653872aa2cff938b2f65b3e90d8d7bbeaa97f2b7a0c81260159d0eb065,cb6c39503bbb145b3d1f4793d552ba1d022c5ff6c6dfa02d480bc074b267d22d,"""/samples_ms""",10,50,best_observed_not_independent_retest
oproj,representative_small,4096,8,4096,32,8,128,512,4096,4096,cublaslt_gemm,bf16,0a,graph,pure_gemm,single_gpu_diagnostic_not_distributed_maxrank,604f4464544072ecfa4f99520a8a3be7b9f73edf1546496807d25dba9371f40a,0.018991999328136444,0.019526399672031403,0.9045845509560548,"{""algorithm"": 66, ""best_ms"": 0.013623, ""beta"": 0, ""exact_serialized_algorithm_available"": false, ""graph_tuning"": 0, ""library_sha256"": ""c40f68c965c0c64fa0294d12c371954e2dbc0ceb91a1c15c0fc3d5b61bcae0a9"", ""math_sms"": 0, ""precision"": 16, ""rejected"": 0, ""replay"": ""graph"", ""requested"": 256, ""returned"": 8, ""selected_candidate_records"": [{""algorithm"": 66, ""index"": 1, ""split_k"": 1, ""tile"": 165, ""tune_ms"": 0.013623, ""workspace_bytes"": 0}], ""valid"": 8, ""workspace_capacity"": 268435456}",20260906-152511-9c37d6,70beea653872aa2cff938b2f65b3e90d8d7bbeaa97f2b7a0c81260159d0eb065,07efdcc5b0869ea6954745bcc8e111c3583949dd44c4af80f02e9536b8fb8624,"""/geometries/14/results/0""",10,50,best_observed_not_independent_retest
oproj,representative_small,4096,8,4096,32,8,128,512,4096,4096,cublaslt_nccl,bf16,0a,graph,causal_dual_chunk_v1,distributed_maxrank,604f4464544072ecfa4f99520a8a3be7b9f73edf1546496807d25dba9371f40a,0.06393600255250931,0.09637600071728228,0.2687041494327164,"{""channels"": 16, ""chunk_kib"": 256, ""high_priority"": false, ""ll_kib"": 16, ""pack_block"": 512, ""pack_warps"": 4}",20260906-171635-992feb,70beea653872aa2cff938b2f65b3e90d8d7bbeaa97f2b7a0c81260159d0eb065,3354b1643ffafa3922f3ed46dd2dc0a99cc00ac36b58242b5e6b871699d4c4ec,"""/samples_ms/cublaslt_nccl_oproj_boundary""",10,50,best_observed_not_independent_retest
oproj,representative_small,4096,8,4096,32,8,128,512,4096,4096,te_ub,bf16,0a,graph,causal_dual_chunk_v1,distributed_maxrank,604f4464544072ecfa4f99520a8a3be7b9f73edf1546496807d25dba9371f40a,0.08215999975800514,0.08417920023202896,0.2091025953578597,"{""comm_sm"": 20, ""local_first"": false, ""pack_block"": 512, ""pack_warps"": 4, ""push"": true, ""reverse"": false, ""streams"": 1, ""use_ce"": false}",20260906-171635-992feb,70beea653872aa2cff938b2f65b3e90d8d7bbeaa97f2b7a0c81260159d0eb065,fb8a5d78e2c25ef767ac55ad25aff923ab2e58436a1a340b3dd2ac461a0c93a3,"""/samples_ms""",10,50,best_observed_not_independent_retest
oproj,representative_small,524288,4,4096,32,8,128,131072,4096,4096,cublaslt_gemm,bf16,09,graph,pure_gemm,single_gpu_diagnostic_not_distributed_maxrank,26ec5332ecff61fe30e49565f0c781b49d3e29e77debca232bc934714f23daa5,3.001855969429016,3.023750376701355,1.465109104465313,"{""algorithm"": 66, ""best_ms"": 2.98351, ""beta"": 0, ""exact_serialized_algorithm_available"": false, ""graph_tuning"": 0, ""library_sha256"": ""520b1980e976d88f851ce52d716266602818e430f2310ea0d8765fbb260f8cb0"", ""math_sms"": 0, ""precision"": 16, ""rejected"": 0, ""replay"": ""graph"", ""requested"": 256, ""returned"": 8, ""selected_candidate_records"": [{""algorithm"": 66, ""index"": 0, ""split_k"": 1, ""tile"": 23, ""tune_ms"": 2.98351, ""workspace_bytes"": 0}], ""valid"": 8, ""workspace_capacity"": 268435456}",20260906-152108-a0abd1,70beea653872aa2cff938b2f65b3e90d8d7bbeaa97f2b7a0c81260159d0eb065,a9eb0d72de3d3721c9db57909ec7c27dc3a814be4a1593dc71ce0842b0f47749,"""/geometries/58/results/1""",10,50,best_observed_not_independent_retest
oproj,representative_small,524288,4,4096,32,8,128,131072,4096,4096,cublaslt_nccl,bf16,09,graph,causal_dual_chunk_v1,distributed_maxrank,26ec5332ecff61fe30e49565f0c781b49d3e29e77debca232bc934714f23daa5,5.315600156784058,5.344369697570801,0.8273847508057908,"{""channels"": 24, ""chunk_kib"": 256, ""high_priority"": false, ""ll_kib"": 128, ""pack_block"": 512, ""pack_warps"": 4}",20260906-161540-1427cd,70beea653872aa2cff938b2f65b3e90d8d7bbeaa97f2b7a0c81260159d0eb065,435db0d821859606cf0ea99f8220f8475003f26bc06a6c9096dbea07e6a76e2b,"""/samples_ms/cublaslt_nccl_oproj_boundary""",10,50,best_observed_not_independent_retest
oproj,representative_small,524288,4,4096,32,8,128,131072,4096,4096,te_ub,bf16,09,graph,causal_dual_chunk_v1,distributed_maxrank,26ec5332ecff61fe30e49565f0c781b49d3e29e77debca232bc934714f23daa5,4.345839977264404,4.45302083492279,1.0120129903799306,"{""comm_sm"": 20, ""local_first"": false, ""pack_block"": 512, ""pack_warps"": 4, ""push"": true, ""reverse"": false, ""streams"": 1, ""use_ce"": false}",20260906-161540-1427cd,70beea653872aa2cff938b2f65b3e90d8d7bbeaa97f2b7a0c81260159d0eb065,a394085ada24f72599d915f25d6144cfddf84eabb8a5cb0d14fc74bbc0b9f539,"""/samples_ms""",10,50,best_observed_not_independent_retest
oproj,representative_small,524288,8,4096,32,8,128,65536,4096,4096,cublaslt_gemm,bf16,0a,graph,pure_gemm,single_gpu_diagnostic_not_distributed_maxrank,604f4464544072ecfa4f99520a8a3be7b9f73edf1546496807d25dba9371f40a,1.5104639530181885,1.520223969221115,1.4558594736126882,"{""algorithm"": 66, ""best_ms"": 1.31905, ""beta"": 0, ""exact_serialized_algorithm_available"": false, ""graph_tuning"": 0, ""library_sha256"": ""c40f68c965c0c64fa0294d12c371954e2dbc0ceb91a1c15c0fc3d5b61bcae0a9"", ""math_sms"": 0, ""precision"": 16, ""rejected"": 0, ""replay"": ""graph"", ""requested"": 256, ""returned"": 8, ""selected_candidate_records"": [{""algorithm"": 66, ""index"": 0, ""split_k"": 1, ""tile"": 23, ""tune_ms"": 1.31905, ""workspace_bytes"": 0}], ""valid"": 8, ""workspace_capacity"": 268435456}",20260906-152511-9c37d6,70beea653872aa2cff938b2f65b3e90d8d7bbeaa97f2b7a0c81260159d0eb065,07efdcc5b0869ea6954745bcc8e111c3583949dd44c4af80f02e9536b8fb8624,"""/geometries/58/results/0""",10,50,best_observed_not_independent_retest
oproj,representative_small,524288,8,4096,32,8,128,65536,4096,4096,cublaslt_nccl,bf16,0a,graph,causal_dual_chunk_v1,distributed_maxrank,604f4464544072ecfa4f99520a8a3be7b9f73edf1546496807d25dba9371f40a,2.7477279901504517,2.755454397201538,0.8003060213509681,"{""channels"": 32, ""chunk_kib"": 128, ""high_priority"": false, ""ll_kib"": 16, ""pack_block"": 512, ""pack_warps"": 4}",20260906-171635-992feb,70beea653872aa2cff938b2f65b3e90d8d7bbeaa97f2b7a0c81260159d0eb065,3dddf64464717d4fbb13efb188c309015e09a386f14f776ede1f52e9d5dbf7f4,"""/samples_ms/cublaslt_nccl_oproj_boundary""",10,50,best_observed_not_independent_retest
oproj,representative_small,524288,8,4096,32,8,128,65536,4096,4096,te_ub,bf16,0a,graph,causal_dual_chunk_v1,distributed_maxrank,604f4464544072ecfa4f99520a8a3be7b9f73edf1546496807d25dba9371f40a,2.4656959772109985,2.4838656425476073,0.891846876450422,"{""comm_sm"": 24, ""local_first"": false, ""pack_block"": 512, ""pack_warps"": 4, ""push"": true, ""reverse"": false, ""streams"": 1, ""use_ce"": false}",20260906-171635-992feb,70beea653872aa2cff938b2f65b3e90d8d7bbeaa97f2b7a0c81260159d0eb065,46dec6c647d3060eaf71a669247715371a687c41ec25471ae802cde9a30e4856,"""/samples_ms""",10,50,best_observed_not_independent_retest
qkv,artificial_large,1024,4,16384,40,8,128,256,7168,16384,cublaslt_gemm,bf16,09,graph,pure_gemm,single_gpu_diagnostic_not_distributed_maxrank,26ec5332ecff61fe30e49565f0c781b49d3e29e77debca232bc934714f23daa5,0.06439999863505363,0.06554239988327026,0.9336885623980561,"{""algorithm"": 66, ""best_ms"": 0.0521958, ""beta"": 0, ""exact_serialized_algorithm_available"": false, ""graph_tuning"": 0, ""library_sha256"": ""520b1980e976d88f851ce52d716266602818e430f2310ea0d8765fbb260f8cb0"", ""math_sms"": 0, ""precision"": 16, ""rejected"": 0, ""replay"": ""graph"", ""requested"": 256, ""returned"": 8, ""selected_candidate_records"": [{""algorithm"": 66, ""index"": 0, ""split_k"": 1, ""tile"": 165, ""tune_ms"": 0.0521958, ""workspace_bytes"": 0}], ""valid"": 8, ""workspace_capacity"": 268435456}",20260906-152108-a0abd1,70beea653872aa2cff938b2f65b3e90d8d7bbeaa97f2b7a0c81260159d0eb065,a9eb0d72de3d3721c9db57909ec7c27dc3a814be4a1593dc71ce0842b0f47749,"""/geometries/7/results/1""",10,50,best_observed_not_independent_retest
qkv,artificial_large,1024,4,16384,40,8,128,256,7168,16384,cublaslt_nccl,bf16,09,graph,qkv_source_rank_major_v1,distributed_maxrank,26ec5332ecff61fe30e49565f0c781b49d3e29e77debca232bc934714f23daa5,0.10038399696350098,0.1030607983469963,0.5989952976853745,"{""channels"": 32, ""chunk_kib"": 128, ""high_priority"": false, ""ll_kib"": 16, ""pack_block"": 512, ""pack_warps"": 4}",20260906-055439-ea964b,0a9a46ee0f628b8fb8ae2053574e8978bf7f5236a19e3f23a4339fe6a2863f94,e367908866661a169a98acb503ca5ecf8244e27ffdf728547eaf58cd64f6c453,"""/samples_ms/cublaslt_packed_qkv_gemm_a2a""",10,50,best_observed_not_independent_retest
qkv,artificial_large,1024,4,16384,40,8,128,256,7168,16384,te_ub,bf16,09,graph,qkv_source_rank_major_v1,distributed_maxrank,26ec5332ecff61fe30e49565f0c781b49d3e29e77debca232bc934714f23daa5,0.10278400033712387,0.10430879704654217,0.5850087751671426,"{""comm_sm"": 4, ""local_first"": false, ""pack_block"": 512, ""pack_warps"": 4, ""push"": true, ""reverse"": false, ""streams"": 1, ""use_ce"": false}",20260906-055439-ea964b,0a9a46ee0f628b8fb8ae2053574e8978bf7f5236a19e3f23a4339fe6a2863f94,3eb4e49b293dea3f025619c19de835dbe75a8d92fb97a393b274e4f193b622da,"""/samples_ms""",10,50,best_observed_not_independent_retest
qkv,artificial_large,1024,8,16384,40,8,128,128,7168,16384,cublaslt_gemm,bf16,0a,graph,pure_gemm,single_gpu_diagnostic_not_distributed_maxrank,604f4464544072ecfa4f99520a8a3be7b9f73edf1546496807d25dba9371f40a,0.050944000482559204,0.0517439991235733,0.5901533210430293,"{""algorithm"": 66, ""best_ms"": 0.0476192, ""beta"": 0, ""exact_serialized_algorithm_available"": false, ""graph_tuning"": 0, ""library_sha256"": ""c40f68c965c0c64fa0294d12c371954e2dbc0ceb91a1c15c0fc3d5b61bcae0a9"", ""math_sms"": 0, ""precision"": 16, ""rejected"": 0, ""replay"": ""graph"", ""requested"": 256, ""returned"": 8, ""selected_candidate_records"": [{""algorithm"": 66, ""index"": 0, ""split_k"": 1, ""tile"": 18, ""tune_ms"": 0.0476192, ""workspace_bytes"": 0}], ""valid"": 8, ""workspace_capacity"": 268435456}",20260906-152511-9c37d6,70beea653872aa2cff938b2f65b3e90d8d7bbeaa97f2b7a0c81260159d0eb065,07efdcc5b0869ea6954745bcc8e111c3583949dd44c4af80f02e9536b8fb8624,"""/geometries/7/results/0""",10,50,best_observed_not_independent_retest
qkv,artificial_large,1024,8,16384,40,8,128,128,7168,16384,cublaslt_nccl,bf16,0a,graph,qkv_source_rank_major_v1,distributed_maxrank,604f4464544072ecfa4f99520a8a3be7b9f73edf1546496807d25dba9371f40a,0.08958400040864944,0.0924975998699665,0.3356042477993337,"{""channels"": 32, ""chunk_kib"": 1024, ""high_priority"": false, ""ll_kib"": 64, ""pack_block"": 512, ""pack_warps"": 4}",20260906-171635-992feb,70beea653872aa2cff938b2f65b3e90d8d7bbeaa97f2b7a0c81260159d0eb065,668590db904d145e0b60c41dc6e3529889bd8190f1c75c77b4f283df94b9680a,"""/samples_ms/cublaslt_packed_qkv_gemm_a2a""",10,50,best_observed_not_independent_retest
qkv,artificial_large,1024,8,16384,40,8,128,128,7168,16384,te_ub,bf16,0a,graph,qkv_source_rank_major_v1,distributed_maxrank,604f4464544072ecfa4f99520a8a3be7b9f73edf1546496807d25dba9371f40a,0.11415999755263329,0.11591999940574169,0.2633564446087053,"{""comm_sm"": 4, ""local_first"": false, ""pack_block"": 512, ""pack_warps"": 4, ""push"": true, ""reverse"": false, ""streams"": 1, ""use_ce"": false}",20260906-171635-992feb,70beea653872aa2cff938b2f65b3e90d8d7bbeaa97f2b7a0c81260159d0eb065,8ea9400034dc4ebb42bb6e4ef1cde335469e9fa3d711e5260af487b9f270b5f5,"""/samples_ms""",10,50,best_observed_not_independent_retest
qkv,artificial_large,131072,4,16384,40,8,128,32768,7168,16384,cublaslt_gemm,bf16,09,graph,pure_gemm,single_gpu_diagnostic_not_distributed_maxrank,26ec5332ecff61fe30e49565f0c781b49d3e29e77debca232bc934714f23daa5,5.1074559688568115,5.199681544303894,1.506930542595496,"{""algorithm"": 66, ""best_ms"": 5.03497, ""beta"": 0, ""exact_serialized_algorithm_available"": false, ""graph_tuning"": 0, ""library_sha256"": ""520b1980e976d88f851ce52d716266602818e430f2310ea0d8765fbb260f8cb0"", ""math_sms"": 0, ""precision"": 16, ""rejected"": 0, ""replay"": ""graph"", ""requested"": 256, ""returned"": 8, ""selected_candidate_records"": [{""algorithm"": 66, ""index"": 0, ""split_k"": 1, ""tile"": 513, ""tune_ms"": 5.03497, ""workspace_bytes"": 0}], ""valid"": 8, ""workspace_capacity"": 268435456}",20260906-152108-a0abd1,70beea653872aa2cff938b2f65b3e90d8d7bbeaa97f2b7a0c81260159d0eb065,a9eb0d72de3d3721c9db57909ec7c27dc3a814be4a1593dc71ce0842b0f47749,"""/geometries/40/results/1""",10,50,best_observed_not_independent_retest
qkv,artificial_large,131072,4,16384,40,8,128,32768,7168,16384,cublaslt_nccl,bf16,09,graph,qkv_source_rank_major_v1,distributed_maxrank,26ec5332ecff61fe30e49565f0c781b49d3e29e77debca232bc934714f23daa5,6.346656084060669,6.470736122131347,1.2126986703693627,"{""channels"": 24, ""chunk_kib"": 128, ""high_priority"": false, ""ll_kib"": 16, ""pack_block"": 512, ""pack_warps"": 4}",20260906-055439-ea964b,0a9a46ee0f628b8fb8ae2053574e8978bf7f5236a19e3f23a4339fe6a2863f94,abf3e4f0a388fa98254208c34b2cc07ce110e9ab30b78c4c57f655a4a4c50cb2,"""/samples_ms/cublaslt_packed_qkv_gemm_a2a""",10,50,best_observed_not_independent_retest
qkv,artificial_large,131072,4,16384,40,8,128,32768,7168,16384,te_ub,bf16,09,graph,qkv_source_rank_major_v1,distributed_maxrank,26ec5332ecff61fe30e49565f0c781b49d3e29e77debca232bc934714f23daa5,6.350192070007324,6.489823961257935,1.2120234017461968,"{""comm_sm"": 20, ""local_first"": false, ""pack_block"": 512, ""pack_warps"": 4, ""push"": true, ""reverse"": false, ""streams"": 1, ""use_ce"": false}",20260906-055439-ea964b,0a9a46ee0f628b8fb8ae2053574e8978bf7f5236a19e3f23a4339fe6a2863f94,08eedd2a6d4ec76b1363138d6711052250482ca79afac5cf4e0d52ec959ede99,"""/samples_ms""",10,50,best_observed_not_independent_retest
qkv,artificial_large,131072,8,16384,40,8,128,16384,7168,16384,cublaslt_gemm,bf16,0a,graph,pure_gemm,single_gpu_diagnostic_not_distributed_maxrank,604f4464544072ecfa4f99520a8a3be7b9f73edf1546496807d25dba9371f40a,2.638432025909424,2.6846399784088133,1.4585521474215573,"{""algorithm"": 66, ""best_ms"": 2.55314, ""beta"": 0, ""exact_serialized_algorithm_available"": false, ""graph_tuning"": 0, ""library_sha256"": ""c40f68c965c0c64fa0294d12c371954e2dbc0ceb91a1c15c0fc3d5b61bcae0a9"", ""math_sms"": 0, ""precision"": 16, ""rejected"": 0, ""replay"": ""graph"", ""requested"": 256, ""returned"": 8, ""selected_candidate_records"": [{""algorithm"": 66, ""index"": 1, ""split_k"": 1, ""tile"": 210, ""tune_ms"": 2.55314, ""workspace_bytes"": 0}], ""valid"": 8, ""workspace_capacity"": 268435456}",20260906-152511-9c37d6,70beea653872aa2cff938b2f65b3e90d8d7bbeaa97f2b7a0c81260159d0eb065,07efdcc5b0869ea6954745bcc8e111c3583949dd44c4af80f02e9536b8fb8624,"""/geometries/40/results/0""",10,50,best_observed_not_independent_retest
qkv,artificial_large,131072,8,16384,40,8,128,16384,7168,16384,cublaslt_nccl,bf16,0a,graph,qkv_source_rank_major_v1,distributed_maxrank,604f4464544072ecfa4f99520a8a3be7b9f73edf1546496807d25dba9371f40a,3.126512050628662,3.146635186672211,1.2308574650918767,"{""channels"": 32, ""chunk_kib"": 512, ""high_priority"": false, ""ll_kib"": 128, ""pack_block"": 512, ""pack_warps"": 4}",20260906-171635-992feb,70beea653872aa2cff938b2f65b3e90d8d7bbeaa97f2b7a0c81260159d0eb065,16acdec78ff39bc49114d92b91a7fa5f1d6046d4d7c5a183f0ec3a0ae1ac98f2,"""/samples_ms/cublaslt_packed_qkv_gemm_a2a""",10,50,best_observed_not_independent_retest
qkv,artificial_large,131072,8,16384,40,8,128,16384,7168,16384,te_ub,bf16,0a,graph,qkv_source_rank_major_v1,distributed_maxrank,604f4464544072ecfa4f99520a8a3be7b9f73edf1546496807d25dba9371f40a,3.425071954727173,3.5437904477119444,1.1235649201193318,"{""comm_sm"": 12, ""local_first"": false, ""pack_block"": 512, ""pack_warps"": 4, ""push"": true, ""reverse"": false, ""streams"": 1, ""use_ce"": false}",20260906-171635-992feb,70beea653872aa2cff938b2f65b3e90d8d7bbeaa97f2b7a0c81260159d0eb065,e80bbf514ea30e67df95bbaa66b59ef8a5805e70ff12cd4e1a0eddfb5597527c,"""/samples_ms""",10,50,best_observed_not_independent_retest
qkv,artificial_large,16384,4,16384,40,8,128,4096,7168,16384,cublaslt_gemm,bf16,09,graph,pure_gemm,single_gpu_diagnostic_not_distributed_maxrank,26ec5332ecff61fe30e49565f0c781b49d3e29e77debca232bc934714f23daa5,0.7241760194301605,0.733420804142952,1.3285066730890034,"{""algorithm"": 66, ""best_ms"": 0.60577, ""beta"": 0, ""exact_serialized_algorithm_available"": false, ""graph_tuning"": 0, ""library_sha256"": ""520b1980e976d88f851ce52d716266602818e430f2310ea0d8765fbb260f8cb0"", ""math_sms"": 0, ""precision"": 16, ""rejected"": 0, ""replay"": ""graph"", ""requested"": 256, ""returned"": 8, ""selected_candidate_records"": [{""algorithm"": 66, ""index"": 6, ""split_k"": 1, ""tile"": 201, ""tune_ms"": 0.60577, ""workspace_bytes"": 0}], ""valid"": 8, ""workspace_capacity"": 268435456}",20260906-152108-a0abd1,70beea653872aa2cff938b2f65b3e90d8d7bbeaa97f2b7a0c81260159d0eb065,a9eb0d72de3d3721c9db57909ec7c27dc3a814be4a1593dc71ce0842b0f47749,"""/geometries/29/results/1""",10,50,best_observed_not_independent_retest
qkv,artificial_large,16384,4,16384,40,8,128,4096,7168,16384,cublaslt_nccl,bf16,09,graph,qkv_source_rank_major_v1,distributed_maxrank,26ec5332ecff61fe30e49565f0c781b49d3e29e77debca232bc934714f23daa5,0.8171679973602295,0.8285391867160797,1.1773254427631392,"{""channels"": 24, ""chunk_kib"": 1024, ""high_priority"": false, ""ll_kib"": 16, ""pack_block"": 512, ""pack_warps"": 4}",20260906-055439-ea964b,0a9a46ee0f628b8fb8ae2053574e8978bf7f5236a19e3f23a4339fe6a2863f94,d917d2ddb7001ce8bd838b1d945253731e983f07c8c7415649e0f73bd56908e2,"""/samples_ms/cublaslt_packed_qkv_gemm_a2a""",10,50,best_observed_not_independent_retest
qkv,artificial_large,16384,4,16384,40,8,128,4096,7168,16384,te_ub,bf16,09,graph,qkv_source_rank_major_v1,distributed_maxrank,26ec5332ecff61fe30e49565f0c781b49d3e29e77debca232bc934714f23daa5,0.8216000199317932,0.8286975920200348,1.1709745021474907,"{""comm_sm"": 16, ""local_first"": false, ""pack_block"": 512, ""pack_warps"": 4, ""push"": true, ""reverse"": false, ""streams"": 1, ""use_ce"": false}",20260906-055439-ea964b,0a9a46ee0f628b8fb8ae2053574e8978bf7f5236a19e3f23a4339fe6a2863f94,dd3f1d30644331d2957798173528e5a4ed9c697389b5fa4ebee7fbc948657706,"""/samples_ms""",10,50,best_observed_not_independent_retest
qkv,artificial_large,16384,8,16384,40,8,128,2048,7168,16384,cublaslt_gemm,bf16,0a,graph,pure_gemm,single_gpu_diagnostic_not_distributed_maxrank,604f4464544072ecfa4f99520a8a3be7b9f73edf1546496807d25dba9371f40a,0.37403199076652527,0.382022388279438,1.2860834073742853,"{""algorithm"": 66, ""best_ms"": 0.297024, ""beta"": 0, ""exact_serialized_algorithm_available"": false, ""graph_tuning"": 0, ""library_sha256"": ""c40f68c965c0c64fa0294d12c371954e2dbc0ceb91a1c15c0fc3d5b61bcae0a9"", ""math_sms"": 0, ""precision"": 16, ""rejected"": 0, ""replay"": ""graph"", ""requested"": 256, ""returned"": 8, ""selected_candidate_records"": [{""algorithm"": 66, ""index"": 6, ""split_k"": 1, ""tile"": 29, ""tune_ms"": 0.297024, ""workspace_bytes"": 0}], ""valid"": 8, ""workspace_capacity"": 268435456}",20260906-152511-9c37d6,70beea653872aa2cff938b2f65b3e90d8d7bbeaa97f2b7a0c81260159d0eb065,07efdcc5b0869ea6954745bcc8e111c3583949dd44c4af80f02e9536b8fb8624,"""/geometries/29/results/0""",10,50,best_observed_not_independent_retest
qkv,artificial_large,16384,8,16384,40,8,128,2048,7168,16384,cublaslt_nccl,bf16,0a,graph,qkv_source_rank_major_v1,distributed_maxrank,604f4464544072ecfa4f99520a8a3be7b9f73edf1546496807d25dba9371f40a,0.4546560049057007,0.47643360048532485,1.058022619214654,"{""channels"": 32, ""chunk_kib"": 256, ""high_priority"": false, ""ll_kib"": 16, ""pack_block"": 512, ""pack_warps"": 4}",20260906-171635-992feb,70beea653872aa2cff938b2f65b3e90d8d7bbeaa97f2b7a0c81260159d0eb065,b2e080004072cce275776d2268edec7c7c9b89a032838e3f71d5b819d309ed97,"""/samples_ms/cublaslt_packed_qkv_gemm_a2a""",10,50,best_observed_not_independent_retest
qkv,artificial_large,16384,8,16384,40,8,128,2048,7168,16384,te_ub,bf16,0a,graph,qkv_source_rank_major_v1,distributed_maxrank,604f4464544072ecfa4f99520a8a3be7b9f73edf1546496807d25dba9371f40a,0.41939200460910797,0.4778608009219169,1.14698499700858,"{""comm_sm"": 8, ""local_first"": false, ""pack_block"": 512, ""pack_warps"": 4, ""push"": true, ""reverse"": false, ""streams"": 1, ""use_ce"": false}",20260906-171635-992feb,70beea653872aa2cff938b2f65b3e90d8d7bbeaa97f2b7a0c81260159d0eb065,da04f72e0a4558f2172d78e9cfa0e1d47ef60a8f03ae0b3e9296fe67d256b5a0,"""/samples_ms""",10,50,best_observed_not_independent_retest
qkv,artificial_large,262144,4,16384,40,8,128,65536,7168,16384,cublaslt_gemm,bf16,09,graph,pure_gemm,single_gpu_diagnostic_not_distributed_maxrank,26ec5332ecff61fe30e49565f0c781b49d3e29e77debca232bc934714f23daa5,10.384624004364014,10.425417470932008,1.4823033344678833,"{""algorithm"": 66, ""best_ms"": 10.3145, ""beta"": 0, ""exact_serialized_algorithm_available"": false, ""graph_tuning"": 0, ""library_sha256"": ""520b1980e976d88f851ce52d716266602818e430f2310ea0d8765fbb260f8cb0"", ""math_sms"": 0, ""precision"": 16, ""rejected"": 0, ""replay"": ""graph"", ""requested"": 256, ""returned"": 8, ""selected_candidate_records"": [{""algorithm"": 66, ""index"": 0, ""split_k"": 1, ""tile"": 513, ""tune_ms"": 10.3145, ""workspace_bytes"": 0}], ""valid"": 8, ""workspace_capacity"": 268435456}",20260906-152108-a0abd1,70beea653872aa2cff938b2f65b3e90d8d7bbeaa97f2b7a0c81260159d0eb065,a9eb0d72de3d3721c9db57909ec7c27dc3a814be4a1593dc71ce0842b0f47749,"""/geometries/51/results/1""",10,50,best_observed_not_independent_retest
qkv,artificial_large,262144,4,16384,40,8,128,65536,7168,16384,cublaslt_nccl,bf16,09,graph,qkv_source_rank_major_v1,distributed_maxrank,26ec5332ecff61fe30e49565f0c781b49d3e29e77debca232bc934714f23daa5,12.80787181854248,16.148302650451658,1.2018517211094109,"{""channels"": 32, ""chunk_kib"": 128, ""high_priority"": false, ""ll_kib"": 128, ""pack_block"": 512, ""pack_warps"": 4}",20260906-055439-ea964b,0a9a46ee0f628b8fb8ae2053574e8978bf7f5236a19e3f23a4339fe6a2863f94,178c951c50491e64b95e5dbe2334c51736793dcf59b866350e7c113b3d99149f,"""/samples_ms/cublaslt_packed_qkv_gemm_a2a""",10,50,best_observed_not_independent_retest
qkv,artificial_large,262144,4,16384,40,8,128,65536,7168,16384,te_ub,bf16,09,graph,qkv_source_rank_major_v1,distributed_maxrank,26ec5332ecff61fe30e49565f0c781b49d3e29e77debca232bc934714f23daa5,12.050127983093262,12.32023229598999,1.2774273277811763,"{""comm_sm"": 4, ""local_first"": false, ""pack_block"": 512, ""pack_warps"": 4, ""push"": true, ""reverse"": false, ""streams"": 1, ""use_ce"": false}",20260906-055439-ea964b,0a9a46ee0f628b8fb8ae2053574e8978bf7f5236a19e3f23a4339fe6a2863f94,df99ee872fa490ef214e3bd46bbef0518caf2a8410a2b47715d160906eeaf691,"""/samples_ms""",10,50,best_observed_not_independent_retest
qkv,artificial_large,262144,8,16384,40,8,128,32768,7168,16384,cublaslt_gemm,bf16,0a,graph,pure_gemm,single_gpu_diagnostic_not_distributed_maxrank,604f4464544072ecfa4f99520a8a3be7b9f73edf1546496807d25dba9371f40a,5.102015972137451,5.169606471061707,1.5085372990723067,"{""algorithm"": 66, ""best_ms"": 5.04928, ""beta"": 0, ""exact_serialized_algorithm_available"": false, ""graph_tuning"": 0, ""library_sha256"": ""c40f68c965c0c64fa0294d12c371954e2dbc0ceb91a1c15c0fc3d5b61bcae0a9"", ""math_sms"": 0, ""precision"": 16, ""rejected"": 0, ""replay"": ""graph"", ""requested"": 256, ""returned"": 8, ""selected_candidate_records"": [{""algorithm"": 66, ""index"": 0, ""split_k"": 1, ""tile"": 513, ""tune_ms"": 5.04928, ""workspace_bytes"": 0}], ""valid"": 8, ""workspace_capacity"": 268435456}",20260906-152511-9c37d6,70beea653872aa2cff938b2f65b3e90d8d7bbeaa97f2b7a0c81260159d0eb065,07efdcc5b0869ea6954745bcc8e111c3583949dd44c4af80f02e9536b8fb8624,"""/geometries/51/results/0""",10,50,best_observed_not_independent_retest
qkv,artificial_large,262144,8,16384,40,8,128,32768,7168,16384,cublaslt_nccl,bf16,0a,graph,qkv_source_rank_major_v1,distributed_maxrank,604f4464544072ecfa4f99520a8a3be7b9f73edf1546496807d25dba9371f40a,6.554111957550049,6.632748866081238,1.174313384373283,"{""channels"": 32, ""chunk_kib"": 1024, ""high_priority"": false, ""ll_kib"": 16, ""pack_block"": 512, ""pack_warps"": 4}",20260906-171635-992feb,70beea653872aa2cff938b2f65b3e90d8d7bbeaa97f2b7a0c81260159d0eb065,19872df596165a3d6b11c62f9fdda822187029640bcf44b88b9160778ff77bbe,"""/samples_ms/cublaslt_packed_qkv_gemm_a2a""",10,50,best_observed_not_independent_retest
qkv,artificial_large,262144,8,16384,40,8,128,32768,7168,16384,te_ub,bf16,0a,graph,qkv_source_rank_major_v1,distributed_maxrank,604f4464544072ecfa4f99520a8a3be7b9f73edf1546496807d25dba9371f40a,6.539391994476318,6.6227518796920775,1.1769567263949208,"{""comm_sm"": 12, ""local_first"": false, ""pack_block"": 512, ""pack_warps"": 4, ""push"": true, ""reverse"": false, ""streams"": 1, ""use_ce"": false}",20260906-171635-992feb,70beea653872aa2cff938b2f65b3e90d8d7bbeaa97f2b7a0c81260159d0eb065,9b7c4afad5a1d3359a535774dd2a090374dd869de9292f4f5fae110c28eeb111,"""/samples_ms""",10,50,best_observed_not_independent_retest
qkv,artificial_large,4096,4,16384,40,8,128,1024,7168,16384,cublaslt_gemm,bf16,09,graph,pure_gemm,single_gpu_diagnostic_not_distributed_maxrank,26ec5332ecff61fe30e49565f0c781b49d3e29e77debca232bc934714f23daa5,0.20121599733829498,0.20307199656963348,1.1953232931655435,"{""algorithm"": 66, ""best_ms"": 0.160521, ""beta"": 0, ""exact_serialized_algorithm_available"": false, ""graph_tuning"": 0, ""library_sha256"": ""520b1980e976d88f851ce52d716266602818e430f2310ea0d8765fbb260f8cb0"", ""math_sms"": 0, ""precision"": 16, ""rejected"": 0, ""replay"": ""graph"", ""requested"": 256, ""returned"": 8, ""selected_candidate_records"": [{""algorithm"": 66, ""index"": 7, ""split_k"": 1, ""tile"": 184, ""tune_ms"": 0.160521, ""workspace_bytes"": 0}], ""valid"": 8, ""workspace_capacity"": 268435456}",20260906-152108-a0abd1,70beea653872aa2cff938b2f65b3e90d8d7bbeaa97f2b7a0c81260159d0eb065,a9eb0d72de3d3721c9db57909ec7c27dc3a814be4a1593dc71ce0842b0f47749,"""/geometries/18/results/1""",10,50,best_observed_not_independent_retest
qkv,artificial_large,4096,4,16384,40,8,128,1024,7168,16384,cublaslt_nccl,bf16,09,graph,qkv_source_rank_major_v1,distributed_maxrank,26ec5332ecff61fe30e49565f0c781b49d3e29e77debca232bc934714f23daa5,0.231967993080616,0.23509919866919518,1.0368592898607893,"{""channels"": 24, ""chunk_kib"": 256, ""high_priority"": false, ""ll_kib"": 16, ""pack_block"": 512, ""pack_warps"": 4}",20260906-055439-ea964b,0a9a46ee0f628b8fb8ae2053574e8978bf7f5236a19e3f23a4339fe6a2863f94,4d4911132fed000d14d4bc0e08c9f717028e3fb3eb80f26d0568567ba00b1108,"""/samples_ms/cublaslt_packed_qkv_gemm_a2a""",10,50,best_observed_not_independent_retest
qkv,artificial_large,4096,4,16384,40,8,128,1024,7168,16384,te_ub,bf16,09,graph,qkv_source_rank_major_v1,distributed_maxrank,26ec5332ecff61fe30e49565f0c781b49d3e29e77debca232bc934714f23daa5,0.20211199671030045,0.20511520132422448,1.1900242068299858,"{""comm_sm"": 4, ""local_first"": false, ""pack_block"": 512, ""pack_warps"": 4, ""push"": true, ""reverse"": false, ""streams"": 1, ""use_ce"": false}",20260906-055439-ea964b,0a9a46ee0f628b8fb8ae2053574e8978bf7f5236a19e3f23a4339fe6a2863f94,a9d59d9f688dbd2393409f1e82bb1d0e45364842f9754eec5f0d7d36d9cc4a8d,"""/samples_ms""",10,50,best_observed_not_independent_retest
qkv,artificial_large,4096,8,16384,40,8,128,512,7168,16384,cublaslt_gemm,bf16,0a,graph,pure_gemm,single_gpu_diagnostic_not_distributed_maxrank,604f4464544072ecfa4f99520a8a3be7b9f73edf1546496807d25dba9371f40a,0.11727999895811081,0.12017920203506946,1.0254014781408145,"{""algorithm"": 66, ""best_ms"": 0.0899878, ""beta"": 0, ""exact_serialized_algorithm_available"": false, ""graph_tuning"": 0, ""library_sha256"": ""c40f68c965c0c64fa0294d12c371954e2dbc0ceb91a1c15c0fc3d5b61bcae0a9"", ""math_sms"": 0, ""precision"": 16, ""rejected"": 0, ""replay"": ""graph"", ""requested"": 256, ""returned"": 8, ""selected_candidate_records"": [{""algorithm"": 66, ""index"": 4, ""split_k"": 1, ""tile"": 165, ""tune_ms"": 0.0899878, ""workspace_bytes"": 0}], ""valid"": 8, ""workspace_capacity"": 268435456}",20260906-152511-9c37d6,70beea653872aa2cff938b2f65b3e90d8d7bbeaa97f2b7a0c81260159d0eb065,07efdcc5b0869ea6954745bcc8e111c3583949dd44c4af80f02e9536b8fb8624,"""/geometries/18/results/0""",10,50,best_observed_not_independent_retest
qkv,artificial_large,4096,8,16384,40,8,128,512,7168,16384,cublaslt_nccl,bf16,0a,graph,qkv_source_rank_major_v1,distributed_maxrank,604f4464544072ecfa4f99520a8a3be7b9f73edf1546496807d25dba9371f40a,0.15263999998569489,0.15626880526542664,0.7878608772226837,"{""channels"": 24, ""chunk_kib"": 256, ""high_priority"": false, ""ll_kib"": 16, ""pack_block"": 512, ""pack_warps"": 4}",20260906-171635-992feb,70beea653872aa2cff938b2f65b3e90d8d7bbeaa97f2b7a0c81260159d0eb065,055729b2ea2d03b962990f595e2577bb7c230b6ff0312c9b476a7f801c8ac14a,"""/samples_ms/cublaslt_packed_qkv_gemm_a2a""",10,50,best_observed_not_independent_retest
qkv,artificial_large,4096,8,16384,40,8,128,512,7168,16384,te_ub,bf16,0a,graph,qkv_source_rank_major_v1,distributed_maxrank,604f4464544072ecfa4f99520a8a3be7b9f73edf1546496807d25dba9371f40a,0.1770080029964447,0.17971520498394966,0.6793991359272917,"{""comm_sm"": 12, ""local_first"": false, ""pack_block"": 512, ""pack_warps"": 4, ""push"": true, ""reverse"": false, ""streams"": 1, ""use_ce"": false}",20260906-171635-992feb,70beea653872aa2cff938b2f65b3e90d8d7bbeaa97f2b7a0c81260159d0eb065,bdd42401e89fe2af3fa199b62a8d2cc47caad4472fc4f0efa39c8c7229fec332,"""/samples_ms""",10,50,best_observed_not_independent_retest
qkv,artificial_large,524288,4,16384,40,8,128,131072,7168,16384,cublaslt_gemm,bf16,09,graph,pure_gemm,single_gpu_diagnostic_not_distributed_maxrank,26ec5332ecff61fe30e49565f0c781b49d3e29e77debca232bc934714f23daa5,20.941200256347656,21.297015762329103,1.4701318549492457,"{""algorithm"": 66, ""best_ms"": 21.0509, ""beta"": 0, ""exact_serialized_algorithm_available"": false, ""graph_tuning"": 0, ""library_sha256"": ""520b1980e976d88f851ce52d716266602818e430f2310ea0d8765fbb260f8cb0"", ""math_sms"": 0, ""precision"": 16, ""rejected"": 0, ""replay"": ""graph"", ""requested"": 256, ""returned"": 8, ""selected_candidate_records"": [{""algorithm"": 66, ""index"": 0, ""split_k"": 1, ""tile"": 513, ""tune_ms"": 21.0509, ""workspace_bytes"": 0}], ""valid"": 8, ""workspace_capacity"": 268435456}",20260906-152108-a0abd1,70beea653872aa2cff938b2f65b3e90d8d7bbeaa97f2b7a0c81260159d0eb065,a9eb0d72de3d3721c9db57909ec7c27dc3a814be4a1593dc71ce0842b0f47749,"""/geometries/62/results/1""",10,50,best_observed_not_independent_retest
qkv,artificial_large,524288,4,16384,40,8,128,131072,7168,16384,cublaslt_nccl,bf16,09,graph,qkv_source_rank_major_v1,distributed_maxrank,26ec5332ecff61fe30e49565f0c781b49d3e29e77debca232bc934714f23daa5,26.371392250061035,27.872875690460205,1.167413737045178,"{""channels"": 24, ""chunk_kib"": 512, ""high_priority"": false, ""ll_kib"": 128, ""pack_block"": 512, ""pack_warps"": 4}",20260906-055439-ea964b,0a9a46ee0f628b8fb8ae2053574e8978bf7f5236a19e3f23a4339fe6a2863f94,bc756c15bfb5549f5d793e26508a724d879fee9dda481aa9c925ecb1fc21fcb1,"""/samples_ms/cublaslt_packed_qkv_gemm_a2a""",10,50,best_observed_not_independent_retest
qkv,artificial_large,524288,4,16384,40,8,128,131072,7168,16384,te_ub,bf16,09,graph,qkv_source_rank_major_v1,distributed_maxrank,26ec5332ecff61fe30e49565f0c781b49d3e29e77debca232bc934714f23daa5,24.36952018737793,25.076795291900634,1.2633127505593493,"{""comm_sm"": 12, ""local_first"": false, ""pack_block"": 512, ""pack_warps"": 4, ""push"": true, ""reverse"": false, ""streams"": 1, ""use_ce"": false}",20260906-055439-ea964b,0a9a46ee0f628b8fb8ae2053574e8978bf7f5236a19e3f23a4339fe6a2863f94,e4b13889ae75679c8a75737f0e58c909f21d9d165ecda56bc86dc53c5b0befe8,"""/samples_ms""",10,50,best_observed_not_independent_retest
qkv,artificial_large,524288,8,16384,40,8,128,65536,7168,16384,cublaslt_gemm,bf16,0a,graph,pure_gemm,single_gpu_diagnostic_not_distributed_maxrank,604f4464544072ecfa4f99520a8a3be7b9f73edf1546496807d25dba9371f40a,10.25769567489624,10.333081674575805,1.5006452985864884,"{""algorithm"": 66, ""best_ms"": 10.2076, ""beta"": 0, ""exact_serialized_algorithm_available"": false, ""graph_tuning"": 0, ""library_sha256"": ""c40f68c965c0c64fa0294d12c371954e2dbc0ceb91a1c15c0fc3d5b61bcae0a9"", ""math_sms"": 0, ""precision"": 16, ""rejected"": 0, ""replay"": ""graph"", ""requested"": 256, ""returned"": 8, ""selected_candidate_records"": [{""algorithm"": 66, ""index"": 0, ""split_k"": 1, ""tile"": 513, ""tune_ms"": 10.2076, ""workspace_bytes"": 0}], ""valid"": 8, ""workspace_capacity"": 268435456}",20260906-152511-9c37d6,70beea653872aa2cff938b2f65b3e90d8d7bbeaa97f2b7a0c81260159d0eb065,07efdcc5b0869ea6954745bcc8e111c3583949dd44c4af80f02e9536b8fb8624,"""/geometries/62/results/0""",10,50,best_observed_not_independent_retest
qkv,artificial_large,524288,8,16384,40,8,128,65536,7168,16384,cublaslt_nccl,bf16,0a,graph,qkv_source_rank_major_v1,distributed_maxrank,604f4464544072ecfa4f99520a8a3be7b9f73edf1546496807d25dba9371f40a,12.889455795288086,13.203880023956298,1.1942445851353303,"{""channels"": 24, ""chunk_kib"": 256, ""high_priority"": false, ""ll_kib"": 16, ""pack_block"": 512, ""pack_warps"": 4}",20260906-171635-992feb,70beea653872aa2cff938b2f65b3e90d8d7bbeaa97f2b7a0c81260159d0eb065,cf6e777f7a1de407fe1e01d7d92758099a7b69648ffc13afc3d75eb686ed03e7,"""/samples_ms/cublaslt_packed_qkv_gemm_a2a""",10,50,best_observed_not_independent_retest
qkv,artificial_large,524288,8,16384,40,8,128,65536,7168,16384,te_ub,bf16,0a,graph,qkv_source_rank_major_v1,distributed_maxrank,604f4464544072ecfa4f99520a8a3be7b9f73edf1546496807d25dba9371f40a,13.03425645828247,13.21150245666504,1.1809774372731932,"{""comm_sm"": 12, ""local_first"": false, ""pack_block"": 512, ""pack_warps"": 4, ""push"": true, ""reverse"": false, ""streams"": 1, ""use_ce"": false}",20260906-171635-992feb,70beea653872aa2cff938b2f65b3e90d8d7bbeaa97f2b7a0c81260159d0eb065,ebb4248f25fe29802a25b0e3ea77681eb4d871930612fb371b321bb402d7211f,"""/samples_ms""",10,50,best_observed_not_independent_retest
qkv,artificial_medium,1024,4,5120,24,8,128,256,5120,5120,cublaslt_gemm,bf16,09,graph,pure_gemm,single_gpu_diagnostic_not_distributed_maxrank,26ec5332ecff61fe30e49565f0c781b49d3e29e77debca232bc934714f23daa5,0.017152000218629837,0.01761760003864765,0.7825193930106059,"{""algorithm"": 66, ""best_ms"": 0.0143725, ""beta"": 0, ""exact_serialized_algorithm_available"": false, ""graph_tuning"": 0, ""library_sha256"": ""520b1980e976d88f851ce52d716266602818e430f2310ea0d8765fbb260f8cb0"", ""math_sms"": 0, ""precision"": 16, ""rejected"": 0, ""replay"": ""graph"", ""requested"": 256, ""returned"": 8, ""selected_candidate_records"": [{""algorithm"": 66, ""index"": 1, ""split_k"": 1, ""tile"": 28, ""tune_ms"": 0.0143725, ""workspace_bytes"": 0}], ""valid"": 8, ""workspace_capacity"": 268435456}",20260906-152108-a0abd1,70beea653872aa2cff938b2f65b3e90d8d7bbeaa97f2b7a0c81260159d0eb065,a9eb0d72de3d3721c9db57909ec7c27dc3a814be4a1593dc71ce0842b0f47749,"""/geometries/4/results/1""",10,50,best_observed_not_independent_retest
qkv,artificial_medium,1024,4,5120,24,8,128,256,5120,5120,cublaslt_nccl,bf16,09,graph,qkv_source_rank_major_v1,distributed_maxrank,26ec5332ecff61fe30e49565f0c781b49d3e29e77debca232bc934714f23daa5,0.05451199971139431,0.057228799909353256,0.24621684897012738,"{""channels"": 32, ""chunk_kib"": 1024, ""high_priority"": false, ""ll_kib"": 16, ""pack_block"": 512, ""pack_warps"": 4}",20260906-055439-ea964b,0a9a46ee0f628b8fb8ae2053574e8978bf7f5236a19e3f23a4339fe6a2863f94,d066ccd15e0ccc00465527fbee91eb80911b26ff7bb8fc9b80b5f4f185944c45,"""/samples_ms/cublaslt_packed_qkv_gemm_a2a""",10,50,best_observed_not_independent_retest
qkv,artificial_medium,1024,4,5120,24,8,128,256,5120,5120,te_ub,bf16,09,graph,qkv_source_rank_major_v1,distributed_maxrank,26ec5332ecff61fe30e49565f0c781b49d3e29e77debca232bc934714f23daa5,0.05427199974656105,0.055622398853302,0.24730566153222447,"{""comm_sm"": 12, ""local_first"": false, ""pack_block"": 512, ""pack_warps"": 4, ""push"": true, ""reverse"": false, ""streams"": 1, ""use_ce"": false}",20260906-055439-ea964b,0a9a46ee0f628b8fb8ae2053574e8978bf7f5236a19e3f23a4339fe6a2863f94,4402442cbe0fce3112598a3bc726830a439ab92ea3385316147adb7b7eb7f276,"""/samples_ms""",10,50,best_observed_not_independent_retest
qkv,artificial_medium,1024,8,5120,24,8,128,128,5120,5120,cublaslt_gemm,bf16,0a,graph,pure_gemm,single_gpu_diagnostic_not_distributed_maxrank,604f4464544072ecfa4f99520a8a3be7b9f73edf1546496807d25dba9371f40a,0.013135999906808138,0.01422560028731823,0.5108774701286254,"{""algorithm"": 66, ""best_ms"": 0.0103642, ""beta"": 0, ""exact_serialized_algorithm_available"": false, ""graph_tuning"": 0, ""library_sha256"": ""c40f68c965c0c64fa0294d12c371954e2dbc0ceb91a1c15c0fc3d5b61bcae0a9"", ""math_sms"": 0, ""precision"": 16, ""rejected"": 0, ""replay"": ""graph"", ""requested"": 256, ""returned"": 8, ""selected_candidate_records"": [{""algorithm"": 66, ""index"": 4, ""split_k"": 1, ""tile"": 17, ""tune_ms"": 0.0103642, ""workspace_bytes"": 0}], ""valid"": 8, ""workspace_capacity"": 268435456}",20260906-152511-9c37d6,70beea653872aa2cff938b2f65b3e90d8d7bbeaa97f2b7a0c81260159d0eb065,07efdcc5b0869ea6954745bcc8e111c3583949dd44c4af80f02e9536b8fb8624,"""/geometries/4/results/0""",10,50,best_observed_not_independent_retest
qkv,artificial_medium,1024,8,5120,24,8,128,128,5120,5120,cublaslt_nccl,bf16,0a,graph,qkv_source_rank_major_v1,distributed_maxrank,604f4464544072ecfa4f99520a8a3be7b9f73edf1546496807d25dba9371f40a,0.04633599892258644,0.04920320007950067,0.1448309425941562,"{""channels"": 32, ""chunk_kib"": 256, ""high_priority"": false, ""ll_kib"": 16, ""pack_block"": 512, ""pack_warps"": 4}",20260906-171635-992feb,70beea653872aa2cff938b2f65b3e90d8d7bbeaa97f2b7a0c81260159d0eb065,6228a7554ba808ae36418e5c6ae7bb1a0bc37a19aae1ffffabda8d38eb0b1814,"""/samples_ms/cublaslt_packed_qkv_gemm_a2a""",10,50,best_observed_not_independent_retest
qkv,artificial_medium,1024,8,5120,24,8,128,128,5120,5120,te_ub,bf16,0a,graph,qkv_source_rank_major_v1,distributed_maxrank,604f4464544072ecfa4f99520a8a3be7b9f73edf1546496807d25dba9371f40a,0.07950400188565254,0.08216639906167983,0.0844094163920453,"{""comm_sm"": 8, ""local_first"": false, ""pack_block"": 512, ""pack_warps"": 4, ""push"": true, ""reverse"": false, ""streams"": 1, ""use_ce"": false}",20260906-171635-992feb,70beea653872aa2cff938b2f65b3e90d8d7bbeaa97f2b7a0c81260159d0eb065,25802e09d9f0479df4edab0ef03ef0f541679ca7f325fc2d6ac988534fe204f8,"""/samples_ms""",10,50,best_observed_not_independent_retest
qkv,artificial_medium,131072,4,5120,24,8,128,32768,5120,5120,cublaslt_gemm,bf16,09,graph,pure_gemm,single_gpu_diagnostic_not_distributed_maxrank,26ec5332ecff61fe30e49565f0c781b49d3e29e77debca232bc934714f23daa5,1.1501439809799194,1.1683279991149902,1.4937146538264539,"{""algorithm"": 66, ""best_ms"": 1.02135, ""beta"": 0, ""exact_serialized_algorithm_available"": false, ""graph_tuning"": 0, ""library_sha256"": ""520b1980e976d88f851ce52d716266602818e430f2310ea0d8765fbb260f8cb0"", ""math_sms"": 0, ""precision"": 16, ""rejected"": 0, ""replay"": ""graph"", ""requested"": 256, ""returned"": 8, ""selected_candidate_records"": [{""algorithm"": 66, ""index"": 0, ""split_k"": 1, ""tile"": 23, ""tune_ms"": 1.02135, ""workspace_bytes"": 0}], ""valid"": 8, ""workspace_capacity"": 268435456}",20260906-152108-a0abd1,70beea653872aa2cff938b2f65b3e90d8d7bbeaa97f2b7a0c81260159d0eb065,a9eb0d72de3d3721c9db57909ec7c27dc3a814be4a1593dc71ce0842b0f47749,"""/geometries/37/results/1""",10,50,best_observed_not_independent_retest
qkv,artificial_medium,131072,4,5120,24,8,128,32768,5120,5120,cublaslt_nccl,bf16,09,graph,qkv_source_rank_major_v1,distributed_maxrank,26ec5332ecff61fe30e49565f0c781b49d3e29e77debca232bc934714f23daa5,1.9691519737243652,1.9798287987709045,0.8724501416468516,"{""channels"": 24, ""chunk_kib"": 128, ""high_priority"": false, ""ll_kib"": 16, ""pack_block"": 512, ""pack_warps"": 4}",20260906-055439-ea964b,0a9a46ee0f628b8fb8ae2053574e8978bf7f5236a19e3f23a4339fe6a2863f94,d561fadad46b980ca5c4efa21ae0d50094244617cb0466146437b915588c4895,"""/samples_ms/cublaslt_packed_qkv_gemm_a2a""",10,50,best_observed_not_independent_retest
qkv,artificial_medium,131072,4,5120,24,8,128,32768,5120,5120,te_ub,bf16,09,graph,qkv_source_rank_major_v1,distributed_maxrank,26ec5332ecff61fe30e49565f0c781b49d3e29e77debca232bc934714f23daa5,1.7338079810142517,1.7421360433101654,0.9908749626328305,"{""comm_sm"": 12, ""local_first"": false, ""pack_block"": 512, ""pack_warps"": 4, ""push"": true, ""reverse"": false, ""streams"": 1, ""use_ce"": false}",20260906-055439-ea964b,0a9a46ee0f628b8fb8ae2053574e8978bf7f5236a19e3f23a4339fe6a2863f94,b23032e24b9fdd1ce846adf232b8025413d038c8ff7efcb8b19570d89ac33260,"""/samples_ms""",10,50,best_observed_not_independent_retest
qkv,artificial_medium,131072,8,5120,24,8,128,16384,5120,5120,cublaslt_gemm,bf16,0a,graph,pure_gemm,single_gpu_diagnostic_not_distributed_maxrank,604f4464544072ecfa4f99520a8a3be7b9f73edf1546496807d25dba9371f40a,0.6071680188179016,0.6112208008766175,1.4147541250153106,"{""algorithm"": 66, ""best_ms"": 0.563531, ""beta"": 0, ""exact_serialized_algorithm_available"": false, ""graph_tuning"": 0, ""library_sha256"": ""c40f68c965c0c64fa0294d12c371954e2dbc0ceb91a1c15c0fc3d5b61bcae0a9"", ""math_sms"": 0, ""precision"": 16, ""rejected"": 0, ""replay"": ""graph"", ""requested"": 256, ""returned"": 8, ""selected_candidate_records"": [{""algorithm"": 66, ""index"": 3, ""split_k"": 1, ""tile"": 32, ""tune_ms"": 0.563531, ""workspace_bytes"": 0}], ""valid"": 8, ""workspace_capacity"": 268435456}",20260906-152511-9c37d6,70beea653872aa2cff938b2f65b3e90d8d7bbeaa97f2b7a0c81260159d0eb065,07efdcc5b0869ea6954745bcc8e111c3583949dd44c4af80f02e9536b8fb8624,"""/geometries/37/results/0""",10,50,best_observed_not_independent_retest
qkv,artificial_medium,131072,8,5120,24,8,128,16384,5120,5120,cublaslt_nccl,bf16,0a,graph,qkv_source_rank_major_v1,distributed_maxrank,604f4464544072ecfa4f99520a8a3be7b9f73edf1546496807d25dba9371f40a,1.0320320129394531,1.0401871740818023,0.8323321839149141,"{""channels"": 24, ""chunk_kib"": 1024, ""high_priority"": false, ""ll_kib"": 16, ""pack_block"": 512, ""pack_warps"": 4}",20260906-171635-992feb,70beea653872aa2cff938b2f65b3e90d8d7bbeaa97f2b7a0c81260159d0eb065,017ebc58b7db3294ec72181254542d372266b9638f2cb3a49a3d46950b2cec6c,"""/samples_ms/cublaslt_packed_qkv_gemm_a2a""",10,50,best_observed_not_independent_retest
qkv,artificial_medium,131072,8,5120,24,8,128,16384,5120,5120,te_ub,bf16,0a,graph,qkv_source_rank_major_v1,distributed_maxrank,604f4464544072ecfa4f99520a8a3be7b9f73edf1546496807d25dba9371f40a,0.9969919919967651,1.006091195344925,0.8615851141187372,"{""comm_sm"": 16, ""local_first"": false, ""pack_block"": 512, ""pack_warps"": 4, ""push"": true, ""reverse"": false, ""streams"": 1, ""use_ce"": false}",20260906-171635-992feb,70beea653872aa2cff938b2f65b3e90d8d7bbeaa97f2b7a0c81260159d0eb065,0fa19c0f510e14b865a739354728b398a0865114bb10386b9f9b41d8acde3fce,"""/samples_ms""",10,50,best_observed_not_independent_retest
qkv,artificial_medium,16384,4,5120,24,8,128,4096,5120,5120,cublaslt_gemm,bf16,09,graph,pure_gemm,single_gpu_diagnostic_not_distributed_maxrank,26ec5332ecff61fe30e49565f0c781b49d3e29e77debca232bc934714f23daa5,0.15832000225782394,0.1612144023180008,1.3564196673663669,"{""algorithm"": 66, ""best_ms"": 0.146939, ""beta"": 0, ""exact_serialized_algorithm_available"": false, ""graph_tuning"": 0, ""library_sha256"": ""520b1980e976d88f851ce52d716266602818e430f2310ea0d8765fbb260f8cb0"", ""math_sms"": 0, ""precision"": 16, ""rejected"": 0, ""replay"": ""graph"", ""requested"": 256, ""returned"": 8, ""selected_candidate_records"": [{""algorithm"": 66, ""index"": 2, ""split_k"": 1, ""tile"": 32, ""tune_ms"": 0.146939, ""workspace_bytes"": 0}], ""valid"": 8, ""workspace_capacity"": 268435456}",20260906-152108-a0abd1,70beea653872aa2cff938b2f65b3e90d8d7bbeaa97f2b7a0c81260159d0eb065,a9eb0d72de3d3721c9db57909ec7c27dc3a814be4a1593dc71ce0842b0f47749,"""/geometries/26/results/1""",10,50,best_observed_not_independent_retest
qkv,artificial_medium,16384,4,5120,24,8,128,4096,5120,5120,cublaslt_nccl,bf16,09,graph,qkv_source_rank_major_v1,distributed_maxrank,26ec5332ecff61fe30e49565f0c781b49d3e29e77debca232bc934714f23daa5,0.28995200991630554,0.2936031937599182,0.7406341651571479,"{""channels"": 24, ""chunk_kib"": 1024, ""high_priority"": false, ""ll_kib"": 16, ""pack_block"": 512, ""pack_warps"": 4}",20260906-055439-ea964b,0a9a46ee0f628b8fb8ae2053574e8978bf7f5236a19e3f23a4339fe6a2863f94,b71bc862c67d527d26f5057d071ec69b280ad7bbfe2f75f3d126d98757727ee5,"""/samples_ms/cublaslt_packed_qkv_gemm_a2a""",10,50,best_observed_not_independent_retest
qkv,artificial_medium,16384,4,5120,24,8,128,4096,5120,5120,te_ub,bf16,09,graph,qkv_source_rank_major_v1,distributed_maxrank,26ec5332ecff61fe30e49565f0c781b49d3e29e77debca232bc934714f23daa5,0.22356799989938736,0.22832160592079162,0.9605505479167122,"{""comm_sm"": 12, ""local_first"": false, ""pack_block"": 512, ""pack_warps"": 4, ""push"": true, ""reverse"": false, ""streams"": 1, ""use_ce"": false}",20260906-055439-ea964b,0a9a46ee0f628b8fb8ae2053574e8978bf7f5236a19e3f23a4339fe6a2863f94,7b732099239aabe7c3e1f1a44a9c872880f81fce6b51f823f6feb6dde542d20f,"""/samples_ms""",10,50,best_observed_not_independent_retest
qkv,artificial_medium,16384,8,5120,24,8,128,2048,5120,5120,cublaslt_gemm,bf16,0a,graph,pure_gemm,single_gpu_diagnostic_not_distributed_maxrank,604f4464544072ecfa4f99520a8a3be7b9f73edf1546496807d25dba9371f40a,0.08848000317811966,0.09045280329883099,1.2135418008953316,"{""algorithm"": 66, ""best_ms"": 0.0778464, ""beta"": 0, ""exact_serialized_algorithm_available"": false, ""graph_tuning"": 0, ""library_sha256"": ""c40f68c965c0c64fa0294d12c371954e2dbc0ceb91a1c15c0fc3d5b61bcae0a9"", ""math_sms"": 0, ""precision"": 16, ""rejected"": 0, ""replay"": ""graph"", ""requested"": 256, ""returned"": 8, ""selected_candidate_records"": [{""algorithm"": 66, ""index"": 0, ""split_k"": 1, ""tile"": 32, ""tune_ms"": 0.0778464, ""workspace_bytes"": 0}], ""valid"": 8, ""workspace_capacity"": 268435456}",20260906-152511-9c37d6,70beea653872aa2cff938b2f65b3e90d8d7bbeaa97f2b7a0c81260159d0eb065,07efdcc5b0869ea6954745bcc8e111c3583949dd44c4af80f02e9536b8fb8624,"""/geometries/26/results/0""",10,50,best_observed_not_independent_retest
qkv,artificial_medium,16384,8,5120,24,8,128,2048,5120,5120,cublaslt_nccl,bf16,0a,graph,qkv_source_rank_major_v1,distributed_maxrank,604f4464544072ecfa4f99520a8a3be7b9f73edf1546496807d25dba9371f40a,0.18195199966430664,0.2430351957678792,0.5901236732660295,"{""channels"": 32, ""chunk_kib"": 256, ""high_priority"": false, ""ll_kib"": 16, ""pack_block"": 512, ""pack_warps"": 4}",20260906-171635-992feb,70beea653872aa2cff938b2f65b3e90d8d7bbeaa97f2b7a0c81260159d0eb065,6ae5ab97511cb4560fba9c88bc63ec33076f9a6f5f32dbc187260b70f3012592,"""/samples_ms/cublaslt_packed_qkv_gemm_a2a""",10,50,best_observed_not_independent_retest
qkv,artificial_medium,16384,8,5120,24,8,128,2048,5120,5120,te_ub,bf16,0a,graph,qkv_source_rank_major_v1,distributed_maxrank,604f4464544072ecfa4f99520a8a3be7b9f73edf1546496807d25dba9371f40a,0.1671840026974678,0.1723248042166233,0.6422515352398983,"{""comm_sm"": 16, ""local_first"": false, ""pack_block"": 512, ""pack_warps"": 4, ""push"": true, ""reverse"": false, ""streams"": 1, ""use_ce"": false}",20260906-171635-992feb,70beea653872aa2cff938b2f65b3e90d8d7bbeaa97f2b7a0c81260159d0eb065,4cf54a1a06f72cde125ca1f42bc0c573fa1d3bef39e9a41aa6ad8bcecc09e66e,"""/samples_ms""",10,50,best_observed_not_independent_retest
qkv,artificial_medium,262144,4,5120,24,8,128,65536,5120,5120,cublaslt_gemm,bf16,09,graph,pure_gemm,single_gpu_diagnostic_not_distributed_maxrank,26ec5332ecff61fe30e49565f0c781b49d3e29e77debca232bc934714f23daa5,2.3490880727767944,2.3640288710594177,1.4626841269252313,"{""algorithm"": 66, ""best_ms"": 2.10819, ""beta"": 0, ""exact_serialized_algorithm_available"": false, ""graph_tuning"": 0, ""library_sha256"": ""520b1980e976d88f851ce52d716266602818e430f2310ea0d8765fbb260f8cb0"", ""math_sms"": 0, ""precision"": 16, ""rejected"": 0, ""replay"": ""graph"", ""requested"": 256, ""returned"": 8, ""selected_candidate_records"": [{""algorithm"": 66, ""index"": 0, ""split_k"": 1, ""tile"": 23, ""tune_ms"": 2.10819, ""workspace_bytes"": 0}], ""valid"": 8, ""workspace_capacity"": 268435456}",20260906-152108-a0abd1,70beea653872aa2cff938b2f65b3e90d8d7bbeaa97f2b7a0c81260159d0eb065,a9eb0d72de3d3721c9db57909ec7c27dc3a814be4a1593dc71ce0842b0f47749,"""/geometries/48/results/1""",10,50,best_observed_not_independent_retest
qkv,artificial_medium,262144,4,5120,24,8,128,65536,5120,5120,cublaslt_nccl,bf16,09,graph,qkv_source_rank_major_v1,distributed_maxrank,26ec5332ecff61fe30e49565f0c781b49d3e29e77debca232bc934714f23daa5,3.856176018714905,3.892089581489563,0.8910313793054135,"{""channels"": 24, ""chunk_kib"": 256, ""high_priority"": false, ""ll_kib"": 64, ""pack_block"": 512, ""pack_warps"": 4}",20260906-055439-ea964b,0a9a46ee0f628b8fb8ae2053574e8978bf7f5236a19e3f23a4339fe6a2863f94,aa45a83d07a6f0908a7dde92d5b54b4ea95b4d29cc44d124951b3d29d0191f67,"""/samples_ms/cublaslt_packed_qkv_gemm_a2a""",10,50,best_observed_not_independent_retest
qkv,artificial_medium,262144,4,5120,24,8,128,65536,5120,5120,te_ub,bf16,09,graph,qkv_source_rank_major_v1,distributed_maxrank,26ec5332ecff61fe30e49565f0c781b49d3e29e77debca232bc934714f23daa5,3.368735909461975,3.4258368730545046,1.019959394011614,"{""comm_sm"": 12, ""local_first"": false, ""pack_block"": 512, ""pack_warps"": 4, ""push"": true, ""reverse"": false, ""streams"": 1, ""use_ce"": false}",20260906-055439-ea964b,0a9a46ee0f628b8fb8ae2053574e8978bf7f5236a19e3f23a4339fe6a2863f94,138bb82d055c347fb5c984aaa579012b322cae7956b1ea85a0ac847c36cd6a8a,"""/samples_ms""",10,50,best_observed_not_independent_retest
qkv,artificial_medium,262144,8,5120,24,8,128,32768,5120,5120,cublaslt_gemm,bf16,0a,graph,pure_gemm,single_gpu_diagnostic_not_distributed_maxrank,604f4464544072ecfa4f99520a8a3be7b9f73edf1546496807d25dba9371f40a,1.1536960005760193,1.1607215881347657,1.48911577880329,"{""algorithm"": 66, ""best_ms"": 1.07448, ""beta"": 0, ""exact_serialized_algorithm_available"": false, ""graph_tuning"": 0, ""library_sha256"": ""c40f68c965c0c64fa0294d12c371954e2dbc0ceb91a1c15c0fc3d5b61bcae0a9"", ""math_sms"": 0, ""precision"": 16, ""rejected"": 0, ""replay"": ""graph"", ""requested"": 256, ""returned"": 8, ""selected_candidate_records"": [{""algorithm"": 66, ""index"": 0, ""split_k"": 1, ""tile"": 23, ""tune_ms"": 1.07448, ""workspace_bytes"": 0}], ""valid"": 8, ""workspace_capacity"": 268435456}",20260906-152511-9c37d6,70beea653872aa2cff938b2f65b3e90d8d7bbeaa97f2b7a0c81260159d0eb065,07efdcc5b0869ea6954745bcc8e111c3583949dd44c4af80f02e9536b8fb8624,"""/geometries/48/results/0""",10,50,best_observed_not_independent_retest
qkv,artificial_medium,262144,8,5120,24,8,128,32768,5120,5120,cublaslt_nccl,bf16,0a,graph,qkv_source_rank_major_v1,distributed_maxrank,604f4464544072ecfa4f99520a8a3be7b9f73edf1546496807d25dba9371f40a,2.020159959793091,2.0374767422676086,0.8504212302950307,"{""channels"": 24, ""chunk_kib"": 128, ""high_priority"": false, ""ll_kib"": 64, ""pack_block"": 512, ""pack_warps"": 4}",20260906-171635-992feb,70beea653872aa2cff938b2f65b3e90d8d7bbeaa97f2b7a0c81260159d0eb065,5024cb807b1be0596c56d4ed4d5951f1481522558c1fee2742d68f6ad3062683,"""/samples_ms/cublaslt_packed_qkv_gemm_a2a""",10,50,best_observed_not_independent_retest
qkv,artificial_medium,262144,8,5120,24,8,128,32768,5120,5120,te_ub,bf16,0a,graph,qkv_source_rank_major_v1,distributed_maxrank,604f4464544072ecfa4f99520a8a3be7b9f73edf1546496807d25dba9371f40a,1.9502879977226257,1.9778784394264222,0.880888833037025,"{""comm_sm"": 8, ""local_first"": false, ""pack_block"": 512, ""pack_warps"": 4, ""push"": true, ""reverse"": false, ""streams"": 1, ""use_ce"": false}",20260906-171635-992feb,70beea653872aa2cff938b2f65b3e90d8d7bbeaa97f2b7a0c81260159d0eb065,c9e008730b1cf3e439e04d43d438889f61e157f1085683d9dda0f7da8a6a9037,"""/samples_ms""",10,50,best_observed_not_independent_retest
qkv,artificial_medium,4096,4,5120,24,8,128,1024,5120,5120,cublaslt_gemm,bf16,09,graph,pure_gemm,single_gpu_diagnostic_not_distributed_maxrank,26ec5332ecff61fe30e49565f0c781b49d3e29e77debca232bc934714f23daa5,0.04992000013589859,0.05061919968575239,1.0754625611748028,"{""algorithm"": 66, ""best_ms"": 0.0450125, ""beta"": 0, ""exact_serialized_algorithm_available"": false, ""graph_tuning"": 0, ""library_sha256"": ""520b1980e976d88f851ce52d716266602818e430f2310ea0d8765fbb260f8cb0"", ""math_sms"": 0, ""precision"": 16, ""rejected"": 0, ""replay"": ""graph"", ""requested"": 256, ""returned"": 8, ""selected_candidate_records"": [{""algorithm"": 66, ""index"": 0, ""split_k"": 1, ""tile"": 184, ""tune_ms"": 0.0450125, ""workspace_bytes"": 0}], ""valid"": 8, ""workspace_capacity"": 268435456}",20260906-152108-a0abd1,70beea653872aa2cff938b2f65b3e90d8d7bbeaa97f2b7a0c81260159d0eb065,a9eb0d72de3d3721c9db57909ec7c27dc3a814be4a1593dc71ce0842b0f47749,"""/geometries/15/results/1""",10,50,best_observed_not_independent_retest
qkv,artificial_medium,4096,4,5120,24,8,128,1024,5120,5120,cublaslt_nccl,bf16,09,graph,qkv_source_rank_major_v1,distributed_maxrank,26ec5332ecff61fe30e49565f0c781b49d3e29e77debca232bc934714f23daa5,0.11064000055193901,0.11471679769456386,0.48524124125249846,"{""channels"": 24, ""chunk_kib"": 512, ""high_priority"": false, ""ll_kib"": 16, ""pack_block"": 512, ""pack_warps"": 4}",20260906-055439-ea964b,0a9a46ee0f628b8fb8ae2053574e8978bf7f5236a19e3f23a4339fe6a2863f94,0976e62348771c0010c1ffbbb21e668a41a46b6ecfa1d8a6713b06519451c6e6,"""/samples_ms/cublaslt_packed_qkv_gemm_a2a""",10,50,best_observed_not_independent_retest
qkv,artificial_medium,4096,4,5120,24,8,128,1024,5120,5120,te_ub,bf16,09,graph,qkv_source_rank_major_v1,distributed_maxrank,26ec5332ecff61fe30e49565f0c781b49d3e29e77debca232bc934714f23daa5,0.08588799834251404,0.08913120068609715,0.6250825754012853,"{""comm_sm"": 16, ""local_first"": false, ""pack_block"": 512, ""pack_warps"": 4, ""push"": true, ""reverse"": false, ""streams"": 1, ""use_ce"": false}",20260906-055439-ea964b,0a9a46ee0f628b8fb8ae2053574e8978bf7f5236a19e3f23a4339fe6a2863f94,02c51350251a7a02a4a3030b071ad95a1bffda6bd3c51b2170f2f2dec5f00f5e,"""/samples_ms""",10,50,best_observed_not_independent_retest
qkv,artificial_medium,4096,8,5120,24,8,128,512,5120,5120,cublaslt_gemm,bf16,0a,graph,pure_gemm,single_gpu_diagnostic_not_distributed_maxrank,604f4464544072ecfa4f99520a8a3be7b9f73edf1546496807d25dba9371f40a,0.02687999978661537,0.02754080006852746,0.9986438174514598,"{""algorithm"": 66, ""best_ms"": 0.0187405, ""beta"": 0, ""exact_serialized_algorithm_available"": false, ""graph_tuning"": 0, ""library_sha256"": ""c40f68c965c0c64fa0294d12c371954e2dbc0ceb91a1c15c0fc3d5b61bcae0a9"", ""math_sms"": 0, ""precision"": 16, ""rejected"": 0, ""replay"": ""graph"", ""requested"": 256, ""returned"": 8, ""selected_candidate_records"": [{""algorithm"": 66, ""index"": 0, ""split_k"": 1, ""tile"": 184, ""tune_ms"": 0.0187405, ""workspace_bytes"": 0}], ""valid"": 8, ""workspace_capacity"": 268435456}",20260906-152511-9c37d6,70beea653872aa2cff938b2f65b3e90d8d7bbeaa97f2b7a0c81260159d0eb065,07efdcc5b0869ea6954745bcc8e111c3583949dd44c4af80f02e9536b8fb8624,"""/geometries/15/results/0""",10,50,best_observed_not_independent_retest
qkv,artificial_medium,4096,8,5120,24,8,128,512,5120,5120,cublaslt_nccl,bf16,0a,graph,qkv_source_rank_major_v1,distributed_maxrank,604f4464544072ecfa4f99520a8a3be7b9f73edf1546496807d25dba9371f40a,0.08158400282263756,0.16882240027189252,0.3290295238192404,"{""channels"": 32, ""chunk_kib"": 256, ""high_priority"": false, ""ll_kib"": 16, ""pack_block"": 512, ""pack_warps"": 4}",20260906-171635-992feb,70beea653872aa2cff938b2f65b3e90d8d7bbeaa97f2b7a0c81260159d0eb065,9f26ce6b8df2b9f7df011eed81510a0420dcc292adb874f50f48d23dac5fa1f3,"""/samples_ms/cublaslt_packed_qkv_gemm_a2a""",10,50,best_observed_not_independent_retest
qkv,artificial_medium,4096,8,5120,24,8,128,512,5120,5120,te_ub,bf16,0a,graph,qkv_source_rank_major_v1,distributed_maxrank,604f4464544072ecfa4f99520a8a3be7b9f73edf1546496807d25dba9371f40a,0.09975999966263771,0.20489439927041478,0.26908125191236837,"{""comm_sm"": 16, ""local_first"": false, ""pack_block"": 512, ""pack_warps"": 4, ""push"": true, ""reverse"": false, ""streams"": 1, ""use_ce"": false}",20260906-171635-992feb,70beea653872aa2cff938b2f65b3e90d8d7bbeaa97f2b7a0c81260159d0eb065,ed4c4bcb3dad57999ee8d468a2526c3dc9f6910c1a172f2f0a2c9ba64228cfe9,"""/samples_ms""",10,50,best_observed_not_independent_retest
qkv,artificial_medium,524288,4,5120,24,8,128,131072,5120,5120,cublaslt_gemm,bf16,09,graph,pure_gemm,single_gpu_diagnostic_not_distributed_maxrank,26ec5332ecff61fe30e49565f0c781b49d3e29e77debca232bc934714f23daa5,4.6684160232543945,4.72259521484375,1.472008415567365,"{""algorithm"": 66, ""best_ms"": 4.58131, ""beta"": 0, ""exact_serialized_algorithm_available"": false, ""graph_tuning"": 0, ""library_sha256"": ""520b1980e976d88f851ce52d716266602818e430f2310ea0d8765fbb260f8cb0"", ""math_sms"": 0, ""precision"": 16, ""rejected"": 0, ""replay"": ""graph"", ""requested"": 256, ""returned"": 8, ""selected_candidate_records"": [{""algorithm"": 66, ""index"": 0, ""split_k"": 1, ""tile"": 23, ""tune_ms"": 4.58131, ""workspace_bytes"": 0}], ""valid"": 8, ""workspace_capacity"": 268435456}",20260906-152108-a0abd1,70beea653872aa2cff938b2f65b3e90d8d7bbeaa97f2b7a0c81260159d0eb065,a9eb0d72de3d3721c9db57909ec7c27dc3a814be4a1593dc71ce0842b0f47749,"""/geometries/59/results/1""",10,50,best_observed_not_independent_retest
qkv,artificial_medium,524288,4,5120,24,8,128,131072,5120,5120,cublaslt_nccl,bf16,09,graph,qkv_source_rank_major_v1,distributed_maxrank,26ec5332ecff61fe30e49565f0c781b49d3e29e77debca232bc934714f23daa5,7.690831899642944,7.800583910942078,0.8935246229889693,"{""channels"": 32, ""chunk_kib"": 512, ""high_priority"": false, ""ll_kib"": 16, ""pack_block"": 512, ""pack_warps"": 4}",20260906-055439-ea964b,0a9a46ee0f628b8fb8ae2053574e8978bf7f5236a19e3f23a4339fe6a2863f94,e72bed3aa0c13be59bffa694f95a6d6a4c5c7434ad637b3ac8346f935cacd380,"""/samples_ms/cublaslt_packed_qkv_gemm_a2a""",10,50,best_observed_not_independent_retest
qkv,artificial_medium,524288,4,5120,24,8,128,131072,5120,5120,te_ub,bf16,09,graph,qkv_source_rank_major_v1,distributed_maxrank,26ec5332ecff61fe30e49565f0c781b49d3e29e77debca232bc934714f23daa5,6.97980809211731,7.078148770332336,0.9845467931075179,"{""comm_sm"": 12, ""local_first"": false, ""pack_block"": 512, ""pack_warps"": 4, ""push"": true, ""reverse"": false, ""streams"": 1, ""use_ce"": false}",20260906-055439-ea964b,0a9a46ee0f628b8fb8ae2053574e8978bf7f5236a19e3f23a4339fe6a2863f94,ed3830f58aa4facad4aa3a6f9f66f2b1c0f5047e950112eb9f5bc17924bfcdc2,"""/samples_ms""",10,50,best_observed_not_independent_retest
qkv,artificial_medium,524288,8,5120,24,8,128,65536,5120,5120,cublaslt_gemm,bf16,0a,graph,pure_gemm,single_gpu_diagnostic_not_distributed_maxrank,604f4464544072ecfa4f99520a8a3be7b9f73edf1546496807d25dba9371f40a,2.2711840867996216,2.307816004753113,1.5128557199613488,"{""algorithm"": 66, ""best_ms"": 2.03865, ""beta"": 0, ""exact_serialized_algorithm_available"": false, ""graph_tuning"": 0, ""library_sha256"": ""c40f68c965c0c64fa0294d12c371954e2dbc0ceb91a1c15c0fc3d5b61bcae0a9"", ""math_sms"": 0, ""precision"": 16, ""rejected"": 0, ""replay"": ""graph"", ""requested"": 256, ""returned"": 8, ""selected_candidate_records"": [{""algorithm"": 66, ""index"": 0, ""split_k"": 1, ""tile"": 23, ""tune_ms"": 2.03865, ""workspace_bytes"": 0}], ""valid"": 8, ""workspace_capacity"": 268435456}",20260906-152511-9c37d6,70beea653872aa2cff938b2f65b3e90d8d7bbeaa97f2b7a0c81260159d0eb065,07efdcc5b0869ea6954745bcc8e111c3583949dd44c4af80f02e9536b8fb8624,"""/geometries/59/results/0""",10,50,best_observed_not_independent_retest
qkv,artificial_medium,524288,8,5120,24,8,128,65536,5120,5120,cublaslt_nccl,bf16,0a,graph,qkv_source_rank_major_v1,distributed_maxrank,604f4464544072ecfa4f99520a8a3be7b9f73edf1546496807d25dba9371f40a,3.9039840698242188,3.9309327840805053,0.8801198404876454,"{""channels"": 32, ""chunk_kib"": 256, ""high_priority"": false, ""ll_kib"": 64, ""pack_block"": 512, ""pack_warps"": 4}",20260906-171635-992feb,70beea653872aa2cff938b2f65b3e90d8d7bbeaa97f2b7a0c81260159d0eb065,7aeeebd51a84bd318541c6f2a9d5ddd22fc7f3fcd367d37fe10702df07a56133,"""/samples_ms/cublaslt_packed_qkv_gemm_a2a""",10,50,best_observed_not_independent_retest
qkv,artificial_medium,524288,8,5120,24,8,128,65536,5120,5120,te_ub,bf16,0a,graph,qkv_source_rank_major_v1,distributed_maxrank,604f4464544072ecfa4f99520a8a3be7b9f73edf1546496807d25dba9371f40a,3.781440019607544,3.847115135192871,0.9086416336061842,"{""comm_sm"": 16, ""local_first"": false, ""pack_block"": 512, ""pack_warps"": 4, ""push"": true, ""reverse"": false, ""streams"": 1, ""use_ce"": false}",20260906-171635-992feb,70beea653872aa2cff938b2f65b3e90d8d7bbeaa97f2b7a0c81260159d0eb065,edd4d12cbca37887e2eb502a9e7721c14ab2a272784122849dc217781bea2d1b,"""/samples_ms""",10,50,best_observed_not_independent_retest
qkv,artificial_small,1024,4,4096,16,8,128,256,4096,4096,cublaslt_gemm,bf16,09,graph,pure_gemm,single_gpu_diagnostic_not_distributed_maxrank,26ec5332ecff61fe30e49565f0c781b49d3e29e77debca232bc934714f23daa5,0.01321600005030632,0.01426080004312098,0.6499647820295599,"{""algorithm"": 66, ""best_ms"": 0.0102976, ""beta"": 0, ""exact_serialized_algorithm_available"": false, ""graph_tuning"": 0, ""library_sha256"": ""520b1980e976d88f851ce52d716266602818e430f2310ea0d8765fbb260f8cb0"", ""math_sms"": 0, ""precision"": 16, ""rejected"": 0, ""replay"": ""graph"", ""requested"": 256, ""returned"": 8, ""selected_candidate_records"": [{""algorithm"": 66, ""index"": 0, ""split_k"": 1, ""tile"": 164, ""tune_ms"": 0.0102976, ""workspace_bytes"": 0}], ""valid"": 8, ""workspace_capacity"": 268435456}",20260906-152108-a0abd1,70beea653872aa2cff938b2f65b3e90d8d7bbeaa97f2b7a0c81260159d0eb065,a9eb0d72de3d3721c9db57909ec7c27dc3a814be4a1593dc71ce0842b0f47749,"""/geometries/3/results/1""",10,50,best_observed_not_independent_retest
qkv,artificial_small,1024,4,4096,16,8,128,256,4096,4096,cublaslt_nccl,bf16,09,graph,qkv_source_rank_major_v1,distributed_maxrank,26ec5332ecff61fe30e49565f0c781b49d3e29e77debca232bc934714f23daa5,0.049167999997735023,0.05188960023224354,0.17470579629831812,"{""channels"": 32, ""chunk_kib"": 256, ""high_priority"": false, ""ll_kib"": 128, ""pack_block"": 512, ""pack_warps"": 4}",20260906-055439-ea964b,0a9a46ee0f628b8fb8ae2053574e8978bf7f5236a19e3f23a4339fe6a2863f94,3e118bb04b0d25db45427f8018aa93e6d90333a4c1db9b09e04687184118ea21,"""/samples_ms/cublaslt_packed_qkv_gemm_a2a""",10,50,best_observed_not_independent_retest
qkv,artificial_small,1024,4,4096,16,8,128,256,4096,4096,te_ub,bf16,09,graph,qkv_source_rank_major_v1,distributed_maxrank,26ec5332ecff61fe30e49565f0c781b49d3e29e77debca232bc934714f23daa5,0.050255998969078064,0.051529599167406556,0.17092356670265946,"{""comm_sm"": 24, ""local_first"": false, ""pack_block"": 512, ""pack_warps"": 4, ""push"": true, ""reverse"": false, ""streams"": 1, ""use_ce"": false}",20260906-055439-ea964b,0a9a46ee0f628b8fb8ae2053574e8978bf7f5236a19e3f23a4339fe6a2863f94,9911fa2ec1d8ffba8c723de9754f48b0ab4f386e659f193717800a81c0fa547e,"""/samples_ms""",10,50,best_observed_not_independent_retest
qkv,artificial_small,1024,8,4096,16,8,128,128,4096,4096,cublaslt_gemm,bf16,0a,graph,pure_gemm,single_gpu_diagnostic_not_distributed_maxrank,604f4464544072ecfa4f99520a8a3be7b9f73edf1546496807d25dba9371f40a,0.011376000009477139,0.013009600341320038,0.37754635130291325,"{""algorithm"": 66, ""best_ms"": 0.00905408, ""beta"": 0, ""exact_serialized_algorithm_available"": false, ""graph_tuning"": 0, ""library_sha256"": ""c40f68c965c0c64fa0294d12c371954e2dbc0ceb91a1c15c0fc3d5b61bcae0a9"", ""math_sms"": 0, ""precision"": 16, ""rejected"": 0, ""replay"": ""graph"", ""requested"": 256, ""returned"": 8, ""selected_candidate_records"": [{""algorithm"": 66, ""index"": 0, ""split_k"": 1, ""tile"": 15, ""tune_ms"": 0.00905408, ""workspace_bytes"": 0}], ""valid"": 8, ""workspace_capacity"": 268435456}",20260906-152511-9c37d6,70beea653872aa2cff938b2f65b3e90d8d7bbeaa97f2b7a0c81260159d0eb065,07efdcc5b0869ea6954745bcc8e111c3583949dd44c4af80f02e9536b8fb8624,"""/geometries/3/results/0""",10,50,best_observed_not_independent_retest
qkv,artificial_small,1024,8,4096,16,8,128,128,4096,4096,cublaslt_nccl,bf16,0a,graph,qkv_source_rank_major_v1,distributed_maxrank,604f4464544072ecfa4f99520a8a3be7b9f73edf1546496807d25dba9371f40a,0.05073599889874458,0.06936160288751123,0.08465325191628927,"{""channels"": 24, ""chunk_kib"": 128, ""high_priority"": false, ""ll_kib"": 128, ""pack_block"": 512, ""pack_warps"": 4}",20260906-171635-992feb,70beea653872aa2cff938b2f65b3e90d8d7bbeaa97f2b7a0c81260159d0eb065,3a934d984d8319b5c2bbd6542691e652660d83e5944e9e3c28011b06dd42cfe2,"""/samples_ms/cublaslt_packed_qkv_gemm_a2a""",10,50,best_observed_not_independent_retest
qkv,artificial_small,1024,8,4096,16,8,128,128,4096,4096,te_ub,bf16,0a,graph,qkv_source_rank_major_v1,distributed_maxrank,604f4464544072ecfa4f99520a8a3be7b9f73edf1546496807d25dba9371f40a,0.0796160027384758,0.08366719968616962,0.05394603029881056,"{""comm_sm"": 4, ""local_first"": false, ""pack_block"": 512, ""pack_warps"": 4, ""push"": true, ""reverse"": false, ""streams"": 1, ""use_ce"": false}",20260906-171635-992feb,70beea653872aa2cff938b2f65b3e90d8d7bbeaa97f2b7a0c81260159d0eb065,da98a7de03c24a1f66f09d0ed9776cdbbafe0b1a8172642a5fc640b567008f09,"""/samples_ms""",10,50,best_observed_not_independent_retest
qkv,artificial_small,131072,4,4096,16,8,128,32768,4096,4096,cublaslt_gemm,bf16,09,graph,pure_gemm,single_gpu_diagnostic_not_distributed_maxrank,26ec5332ecff61fe30e49565f0c781b49d3e29e77debca232bc934714f23daa5,0.7839360237121582,0.7952351987361908,1.4025527524165842,"{""algorithm"": 66, ""best_ms"": 0.653328, ""beta"": 0, ""exact_serialized_algorithm_available"": false, ""graph_tuning"": 0, ""library_sha256"": ""520b1980e976d88f851ce52d716266602818e430f2310ea0d8765fbb260f8cb0"", ""math_sms"": 0, ""precision"": 16, ""rejected"": 0, ""replay"": ""graph"", ""requested"": 256, ""returned"": 8, ""selected_candidate_records"": [{""algorithm"": 66, ""index"": 1, ""split_k"": 1, ""tile"": 24, ""tune_ms"": 0.653328, ""workspace_bytes"": 0}], ""valid"": 8, ""workspace_capacity"": 268435456}",20260906-152108-a0abd1,70beea653872aa2cff938b2f65b3e90d8d7bbeaa97f2b7a0c81260159d0eb065,a9eb0d72de3d3721c9db57909ec7c27dc3a814be4a1593dc71ce0842b0f47749,"""/geometries/36/results/1""",10,50,best_observed_not_independent_retest
qkv,artificial_small,131072,4,4096,16,8,128,32768,4096,4096,cublaslt_nccl,bf16,09,graph,qkv_source_rank_major_v1,distributed_maxrank,26ec5332ecff61fe30e49565f0c781b49d3e29e77debca232bc934714f23daa5,1.4496800303459167,1.4588975429534912,0.7584512476961134,"{""channels"": 32, ""chunk_kib"": 1024, ""high_priority"": false, ""ll_kib"": 128, ""pack_block"": 512, ""pack_warps"": 4}",20260906-055439-ea964b,0a9a46ee0f628b8fb8ae2053574e8978bf7f5236a19e3f23a4339fe6a2863f94,d85fe95b27f73f8e601e2d90b294a514f3c914c29728e3c0752b02ffa13b7c52,"""/samples_ms/cublaslt_packed_qkv_gemm_a2a""",10,50,best_observed_not_independent_retest
qkv,artificial_small,131072,4,4096,16,8,128,32768,4096,4096,te_ub,bf16,09,graph,qkv_source_rank_major_v1,distributed_maxrank,26ec5332ecff61fe30e49565f0c781b49d3e29e77debca232bc934714f23daa5,1.1466079950332642,1.1669615983963013,0.9589254850295215,"{""comm_sm"": 16, ""local_first"": false, ""pack_block"": 512, ""pack_warps"": 4, ""push"": true, ""reverse"": false, ""streams"": 1, ""use_ce"": false}",20260906-055439-ea964b,0a9a46ee0f628b8fb8ae2053574e8978bf7f5236a19e3f23a4339fe6a2863f94,994dda308c05fcc41d70185c4ca39d00c1c3c6b6da52e6d7de47af62c42ab4ee,"""/samples_ms""",10,50,best_observed_not_independent_retest
qkv,artificial_small,131072,8,4096,16,8,128,16384,4096,4096,cublaslt_gemm,bf16,0a,graph,pure_gemm,single_gpu_diagnostic_not_distributed_maxrank,604f4464544072ecfa4f99520a8a3be7b9f73edf1546496807d25dba9371f40a,0.38942399621009827,0.39185759872198106,1.4117153006447016,"{""algorithm"": 66, ""best_ms"": 0.361949, ""beta"": 0, ""exact_serialized_algorithm_available"": false, ""graph_tuning"": 0, ""library_sha256"": ""c40f68c965c0c64fa0294d12c371954e2dbc0ceb91a1c15c0fc3d5b61bcae0a9"", ""math_sms"": 0, ""precision"": 16, ""rejected"": 0, ""replay"": ""graph"", ""requested"": 256, ""returned"": 8, ""selected_candidate_records"": [{""algorithm"": 66, ""index"": 3, ""split_k"": 1, ""tile"": 32, ""tune_ms"": 0.361949, ""workspace_bytes"": 0}], ""valid"": 8, ""workspace_capacity"": 268435456}",20260906-152511-9c37d6,70beea653872aa2cff938b2f65b3e90d8d7bbeaa97f2b7a0c81260159d0eb065,07efdcc5b0869ea6954745bcc8e111c3583949dd44c4af80f02e9536b8fb8624,"""/geometries/36/results/0""",10,50,best_observed_not_independent_retest
qkv,artificial_small,131072,8,4096,16,8,128,16384,4096,4096,cublaslt_nccl,bf16,0a,graph,qkv_source_rank_major_v1,distributed_maxrank,604f4464544072ecfa4f99520a8a3be7b9f73edf1546496807d25dba9371f40a,0.7613279819488525,0.7669744074344635,0.722101153409246,"{""channels"": 32, ""chunk_kib"": 1024, ""high_priority"": false, ""ll_kib"": 64, ""pack_block"": 512, ""pack_warps"": 4}",20260906-171635-992feb,70beea653872aa2cff938b2f65b3e90d8d7bbeaa97f2b7a0c81260159d0eb065,2f2b19e1c8e5c5643a85d3f80e9078043d908a7647c0b65a3af9af3c2d0a0382,"""/samples_ms/cublaslt_packed_qkv_gemm_a2a""",10,50,best_observed_not_independent_retest
qkv,artificial_small,131072,8,4096,16,8,128,16384,4096,4096,te_ub,bf16,0a,graph,qkv_source_rank_major_v1,distributed_maxrank,604f4464544072ecfa4f99520a8a3be7b9f73edf1546496807d25dba9371f40a,0.6452639997005463,0.6850224077701568,0.8519858757704294,"{""comm_sm"": 12, ""local_first"": false, ""pack_block"": 512, ""pack_warps"": 4, ""push"": true, ""reverse"": false, ""streams"": 1, ""use_ce"": false}",20260906-171635-992feb,70beea653872aa2cff938b2f65b3e90d8d7bbeaa97f2b7a0c81260159d0eb065,e181942ac3730429e7eca90709f1916e2939c703d91071a31928a49354035933,"""/samples_ms""",10,50,best_observed_not_independent_retest
qkv,artificial_small,16384,4,4096,16,8,128,4096,4096,4096,cublaslt_gemm,bf16,09,graph,pure_gemm,single_gpu_diagnostic_not_distributed_maxrank,26ec5332ecff61fe30e49565f0c781b49d3e29e77debca232bc934714f23daa5,0.10894400253891945,0.11372480168938637,1.2615559394644138,"{""algorithm"": 66, ""best_ms"": 0.091705, ""beta"": 0, ""exact_serialized_algorithm_available"": false, ""graph_tuning"": 0, ""library_sha256"": ""520b1980e976d88f851ce52d716266602818e430f2310ea0d8765fbb260f8cb0"", ""math_sms"": 0, ""precision"": 16, ""rejected"": 0, ""replay"": ""graph"", ""requested"": 256, ""returned"": 8, ""selected_candidate_records"": [{""algorithm"": 66, ""index"": 3, ""split_k"": 1, ""tile"": 32, ""tune_ms"": 0.091705, ""workspace_bytes"": 0}], ""valid"": 8, ""workspace_capacity"": 268435456}",20260906-152108-a0abd1,70beea653872aa2cff938b2f65b3e90d8d7bbeaa97f2b7a0c81260159d0eb065,a9eb0d72de3d3721c9db57909ec7c27dc3a814be4a1593dc71ce0842b0f47749,"""/geometries/25/results/1""",10,50,best_observed_not_independent_retest
qkv,artificial_small,16384,4,4096,16,8,128,4096,4096,4096,cublaslt_nccl,bf16,09,graph,qkv_source_rank_major_v1,distributed_maxrank,26ec5332ecff61fe30e49565f0c781b49d3e29e77debca232bc934714f23daa5,0.22752000391483307,0.23143039643764496,0.6040741521938754,"{""channels"": 32, ""chunk_kib"": 256, ""high_priority"": false, ""ll_kib"": 128, ""pack_block"": 512, ""pack_warps"": 4}",20260906-055439-ea964b,0a9a46ee0f628b8fb8ae2053574e8978bf7f5236a19e3f23a4339fe6a2863f94,239f6a15c5d775861cfbf529e001c1fc1cb868e5be4d09a781b208cf799c4b91,"""/samples_ms/cublaslt_packed_qkv_gemm_a2a""",10,50,best_observed_not_independent_retest
qkv,artificial_small,16384,4,4096,16,8,128,4096,4096,4096,te_ub,bf16,09,graph,qkv_source_rank_major_v1,distributed_maxrank,26ec5332ecff61fe30e49565f0c781b49d3e29e77debca232bc934714f23daa5,0.18135999888181686,0.18507200106978416,0.7578239651487978,"{""comm_sm"": 12, ""local_first"": false, ""pack_block"": 512, ""pack_warps"": 4, ""push"": true, ""reverse"": false, ""streams"": 1, ""use_ce"": false}",20260906-055439-ea964b,0a9a46ee0f628b8fb8ae2053574e8978bf7f5236a19e3f23a4339fe6a2863f94,657eafd1940ef99ff6414f15838367767dee6220d281bef5e16b4393125daa91,"""/samples_ms""",10,50,best_observed_not_independent_retest
qkv,artificial_small,16384,8,4096,16,8,128,2048,4096,4096,cublaslt_gemm,bf16,0a,graph,pure_gemm,single_gpu_diagnostic_not_distributed_maxrank,604f4464544072ecfa4f99520a8a3be7b9f73edf1546496807d25dba9371f40a,0.05793600156903267,0.05993599817156792,1.1861273625194597,"{""algorithm"": 66, ""best_ms"": 0.048841, ""beta"": 0, ""exact_serialized_algorithm_available"": false, ""graph_tuning"": 0, ""library_sha256"": ""c40f68c965c0c64fa0294d12c371954e2dbc0ceb91a1c15c0fc3d5b61bcae0a9"", ""math_sms"": 0, ""precision"": 16, ""rejected"": 0, ""replay"": ""graph"", ""requested"": 256, ""returned"": 8, ""selected_candidate_records"": [{""algorithm"": 66, ""index"": 3, ""split_k"": 1, ""tile"": 29, ""tune_ms"": 0.048841, ""workspace_bytes"": 0}], ""valid"": 8, ""workspace_capacity"": 268435456}",20260906-152511-9c37d6,70beea653872aa2cff938b2f65b3e90d8d7bbeaa97f2b7a0c81260159d0eb065,07efdcc5b0869ea6954745bcc8e111c3583949dd44c4af80f02e9536b8fb8624,"""/geometries/25/results/0""",10,50,best_observed_not_independent_retest
qkv,artificial_small,16384,8,4096,16,8,128,2048,4096,4096,cublaslt_nccl,bf16,0a,graph,qkv_source_rank_major_v1,distributed_maxrank,604f4464544072ecfa4f99520a8a3be7b9f73edf1546496807d25dba9371f40a,0.1451679989695549,0.14698879420757294,0.4733789624696285,"{""channels"": 32, ""chunk_kib"": 256, ""high_priority"": false, ""ll_kib"": 16, ""pack_block"": 512, ""pack_warps"": 4}",20260906-171635-992feb,70beea653872aa2cff938b2f65b3e90d8d7bbeaa97f2b7a0c81260159d0eb065,4f885846bbf34b0bae7ac26a356e213de2d1de99ba058cd345265784f3a3dd74,"""/samples_ms/cublaslt_packed_qkv_gemm_a2a""",10,50,best_observed_not_independent_retest
qkv,artificial_small,16384,8,4096,16,8,128,2048,4096,4096,te_ub,bf16,0a,graph,qkv_source_rank_major_v1,distributed_maxrank,604f4464544072ecfa4f99520a8a3be7b9f73edf1546496807d25dba9371f40a,0.13411199301481247,0.19529119953513116,0.5124036649608961,"{""comm_sm"": 16, ""local_first"": false, ""pack_block"": 512, ""pack_warps"": 4, ""push"": true, ""reverse"": false, ""streams"": 1, ""use_ce"": false}",20260906-171635-992feb,70beea653872aa2cff938b2f65b3e90d8d7bbeaa97f2b7a0c81260159d0eb065,23ce80d74fddd0d46887110dcb846bdcc018726c16dfe5176d124556c7c128b8,"""/samples_ms""",10,50,best_observed_not_independent_retest
qkv,artificial_small,262144,4,4096,16,8,128,65536,4096,4096,cublaslt_gemm,bf16,09,graph,pure_gemm,single_gpu_diagnostic_not_distributed_maxrank,26ec5332ecff61fe30e49565f0c781b49d3e29e77debca232bc934714f23daa5,1.5149919986724854,1.5316159665584563,1.4515081647156542,"{""algorithm"": 66, ""best_ms"": 1.34971, ""beta"": 0, ""exact_serialized_algorithm_available"": false, ""graph_tuning"": 0, ""library_sha256"": ""520b1980e976d88f851ce52d716266602818e430f2310ea0d8765fbb260f8cb0"", ""math_sms"": 0, ""precision"": 16, ""rejected"": 0, ""replay"": ""graph"", ""requested"": 256, ""returned"": 8, ""selected_candidate_records"": [{""algorithm"": 66, ""index"": 0, ""split_k"": 1, ""tile"": 23, ""tune_ms"": 1.34971, ""workspace_bytes"": 0}], ""valid"": 8, ""workspace_capacity"": 268435456}",20260906-152108-a0abd1,70beea653872aa2cff938b2f65b3e90d8d7bbeaa97f2b7a0c81260159d0eb065,a9eb0d72de3d3721c9db57909ec7c27dc3a814be4a1593dc71ce0842b0f47749,"""/geometries/47/results/1""",10,50,best_observed_not_independent_retest
qkv,artificial_small,262144,4,4096,16,8,128,65536,4096,4096,cublaslt_nccl,bf16,09,graph,qkv_source_rank_major_v1,distributed_maxrank,26ec5332ecff61fe30e49565f0c781b49d3e29e77debca232bc934714f23daa5,2.7965279817581177,2.8083295702934263,0.7863405157739637,"{""channels"": 32, ""chunk_kib"": 128, ""high_priority"": false, ""ll_kib"": 128, ""pack_block"": 512, ""pack_warps"": 4}",20260906-055439-ea964b,0a9a46ee0f628b8fb8ae2053574e8978bf7f5236a19e3f23a4339fe6a2863f94,3d8965bf135accaa365b94a1820164a834e5f5a8b1fd6fc9832e7d6923f404bb,"""/samples_ms/cublaslt_packed_qkv_gemm_a2a""",10,50,best_observed_not_independent_retest
qkv,artificial_small,262144,4,4096,16,8,128,65536,4096,4096,te_ub,bf16,09,graph,qkv_source_rank_major_v1,distributed_maxrank,26ec5332ecff61fe30e49565f0c781b49d3e29e77debca232bc934714f23daa5,2.3214080333709717,2.3633327960968016,0.947279936978053,"{""comm_sm"": 20, ""local_first"": false, ""pack_block"": 512, ""pack_warps"": 4, ""push"": true, ""reverse"": false, ""streams"": 1, ""use_ce"": false}",20260906-055439-ea964b,0a9a46ee0f628b8fb8ae2053574e8978bf7f5236a19e3f23a4339fe6a2863f94,bab36069662693ff6b2d9f4f7eabcee9d21f7d84cacd11009d9cbbe685774307,"""/samples_ms""",10,50,best_observed_not_independent_retest
qkv,artificial_small,262144,8,4096,16,8,128,32768,4096,4096,cublaslt_gemm,bf16,0a,graph,pure_gemm,single_gpu_diagnostic_not_distributed_maxrank,604f4464544072ecfa4f99520a8a3be7b9f73edf1546496807d25dba9371f40a,0.7585279941558838,0.7647600024938583,1.4495333544012106,"{""algorithm"": 66, ""best_ms"": 0.675638, ""beta"": 0, ""exact_serialized_algorithm_available"": false, ""graph_tuning"": 0, ""library_sha256"": ""c40f68c965c0c64fa0294d12c371954e2dbc0ceb91a1c15c0fc3d5b61bcae0a9"", ""math_sms"": 0, ""precision"": 16, ""rejected"": 0, ""replay"": ""graph"", ""requested"": 256, ""returned"": 8, ""selected_candidate_records"": [{""algorithm"": 66, ""index"": 0, ""split_k"": 1, ""tile"": 23, ""tune_ms"": 0.675638, ""workspace_bytes"": 0}], ""valid"": 8, ""workspace_capacity"": 268435456}",20260906-152511-9c37d6,70beea653872aa2cff938b2f65b3e90d8d7bbeaa97f2b7a0c81260159d0eb065,07efdcc5b0869ea6954745bcc8e111c3583949dd44c4af80f02e9536b8fb8624,"""/geometries/47/results/0""",10,50,best_observed_not_independent_retest
qkv,artificial_small,262144,8,4096,16,8,128,32768,4096,4096,cublaslt_nccl,bf16,0a,graph,qkv_source_rank_major_v1,distributed_maxrank,604f4464544072ecfa4f99520a8a3be7b9f73edf1546496807d25dba9371f40a,1.4514399766921997,1.4600415647029876,0.7575315861712472,"{""channels"": 32, ""chunk_kib"": 512, ""high_priority"": false, ""ll_kib"": 16, ""pack_block"": 512, ""pack_warps"": 4}",20260906-171635-992feb,70beea653872aa2cff938b2f65b3e90d8d7bbeaa97f2b7a0c81260159d0eb065,d190eb0fed0a834d8ba1a70eceaeab24d2422b18430bb6e26f5be7ba0bc9d819,"""/samples_ms/cublaslt_packed_qkv_gemm_a2a""",10,50,best_observed_not_independent_retest
qkv,artificial_small,262144,8,4096,16,8,128,32768,4096,4096,te_ub,bf16,0a,graph,qkv_source_rank_major_v1,distributed_maxrank,604f4464544072ecfa4f99520a8a3be7b9f73edf1546496807d25dba9371f40a,1.2535359859466553,1.268366402387619,0.8771280921350352,"{""comm_sm"": 12, ""local_first"": false, ""pack_block"": 512, ""pack_warps"": 4, ""push"": true, ""reverse"": false, ""streams"": 1, ""use_ce"": false}",20260906-171635-992feb,70beea653872aa2cff938b2f65b3e90d8d7bbeaa97f2b7a0c81260159d0eb065,150362cfb09b430db8893c5b972269297af01e360f9632fbee5b1a4ce21c73f4,"""/samples_ms""",10,50,best_observed_not_independent_retest
qkv,artificial_small,4096,4,4096,16,8,128,1024,4096,4096,cublaslt_gemm,bf16,09,graph,pure_gemm,single_gpu_diagnostic_not_distributed_maxrank,26ec5332ecff61fe30e49565f0c781b49d3e29e77debca232bc934714f23daa5,0.033615998923778534,0.034516800008714196,1.0221245677068183,"{""algorithm"": 66, ""best_ms"": 0.0266656, ""beta"": 0, ""exact_serialized_algorithm_available"": false, ""graph_tuning"": 0, ""library_sha256"": ""520b1980e976d88f851ce52d716266602818e430f2310ea0d8765fbb260f8cb0"", ""math_sms"": 0, ""precision"": 16, ""rejected"": 0, ""replay"": ""graph"", ""requested"": 256, ""returned"": 8, ""selected_candidate_records"": [{""algorithm"": 66, ""index"": 3, ""split_k"": 1, ""tile"": 165, ""tune_ms"": 0.0266656, ""workspace_bytes"": 0}], ""valid"": 8, ""workspace_capacity"": 268435456}",20260906-152108-a0abd1,70beea653872aa2cff938b2f65b3e90d8d7bbeaa97f2b7a0c81260159d0eb065,a9eb0d72de3d3721c9db57909ec7c27dc3a814be4a1593dc71ce0842b0f47749,"""/geometries/14/results/1""",10,50,best_observed_not_independent_retest
qkv,artificial_small,4096,4,4096,16,8,128,1024,4096,4096,cublaslt_nccl,bf16,09,graph,qkv_source_rank_major_v1,distributed_maxrank,26ec5332ecff61fe30e49565f0c781b49d3e29e77debca232bc934714f23daa5,0.08596799895167351,0.08945599906146526,0.39968056471007496,"{""channels"": 24, ""chunk_kib"": 256, ""high_priority"": false, ""ll_kib"": 16, ""pack_block"": 512, ""pack_warps"": 4}",20260906-055439-ea964b,0a9a46ee0f628b8fb8ae2053574e8978bf7f5236a19e3f23a4339fe6a2863f94,549f0426fc93935b3b0e870b60640dd4c3824260756fb9610fb7cff77455be1e,"""/samples_ms/cublaslt_packed_qkv_gemm_a2a""",10,50,best_observed_not_independent_retest
qkv,artificial_small,4096,4,4096,16,8,128,1024,4096,4096,te_ub,bf16,09,graph,qkv_source_rank_major_v1,distributed_maxrank,26ec5332ecff61fe30e49565f0c781b49d3e29e77debca232bc934714f23daa5,0.07030399888753891,0.07163680158555508,0.4887309244380709,"{""comm_sm"": 16, ""local_first"": false, ""pack_block"": 512, ""pack_warps"": 4, ""push"": true, ""reverse"": false, ""streams"": 1, ""use_ce"": false}",20260906-055439-ea964b,0a9a46ee0f628b8fb8ae2053574e8978bf7f5236a19e3f23a4339fe6a2863f94,02fc0fe59afeb0c22d8f23db1c0b8e169fd377715148f8c1c6d54580d4c377a1,"""/samples_ms""",10,50,best_observed_not_independent_retest
qkv,artificial_small,4096,8,4096,16,8,128,512,4096,4096,cublaslt_gemm,bf16,0a,graph,pure_gemm,single_gpu_diagnostic_not_distributed_maxrank,604f4464544072ecfa4f99520a8a3be7b9f73edf1546496807d25dba9371f40a,0.018991999328136444,0.019526399672031403,0.9045845509560548,"{""algorithm"": 66, ""best_ms"": 0.013623, ""beta"": 0, ""exact_serialized_algorithm_available"": false, ""graph_tuning"": 0, ""library_sha256"": ""c40f68c965c0c64fa0294d12c371954e2dbc0ceb91a1c15c0fc3d5b61bcae0a9"", ""math_sms"": 0, ""precision"": 16, ""rejected"": 0, ""replay"": ""graph"", ""requested"": 256, ""returned"": 8, ""selected_candidate_records"": [{""algorithm"": 66, ""index"": 1, ""split_k"": 1, ""tile"": 165, ""tune_ms"": 0.013623, ""workspace_bytes"": 0}], ""valid"": 8, ""workspace_capacity"": 268435456}",20260906-152511-9c37d6,70beea653872aa2cff938b2f65b3e90d8d7bbeaa97f2b7a0c81260159d0eb065,07efdcc5b0869ea6954745bcc8e111c3583949dd44c4af80f02e9536b8fb8624,"""/geometries/14/results/0""",10,50,best_observed_not_independent_retest
qkv,artificial_small,4096,8,4096,16,8,128,512,4096,4096,cublaslt_nccl,bf16,0a,graph,qkv_source_rank_major_v1,distributed_maxrank,604f4464544072ecfa4f99520a8a3be7b9f73edf1546496807d25dba9371f40a,0.06697600334882736,0.06896319948136806,0.25650782855051907,"{""channels"": 16, ""chunk_kib"": 256, ""high_priority"": false, ""ll_kib"": 16, ""pack_block"": 512, ""pack_warps"": 4}",20260906-171635-992feb,70beea653872aa2cff938b2f65b3e90d8d7bbeaa97f2b7a0c81260159d0eb065,b28d0672c49e8981084515df6d1d87e94932736f39d24fc56e717d596ef430ee,"""/samples_ms/cublaslt_packed_qkv_gemm_a2a""",10,50,best_observed_not_independent_retest
qkv,artificial_small,4096,8,4096,16,8,128,512,4096,4096,te_ub,bf16,0a,graph,qkv_source_rank_major_v1,distributed_maxrank,604f4464544072ecfa4f99520a8a3be7b9f73edf1546496807d25dba9371f40a,0.09110400080680847,0.09312000125646591,0.1885742561452482,"{""comm_sm"": 24, ""local_first"": false, ""pack_block"": 512, ""pack_warps"": 4, ""push"": true, ""reverse"": false, ""streams"": 1, ""use_ce"": false}",20260906-171635-992feb,70beea653872aa2cff938b2f65b3e90d8d7bbeaa97f2b7a0c81260159d0eb065,96294cae512d0c80cd30cfcb368eafcb08c5ff16ba907733830dbaf3eb77c859,"""/samples_ms""",10,50,best_observed_not_independent_retest
qkv,artificial_small,524288,4,4096,16,8,128,131072,4096,4096,cublaslt_gemm,bf16,09,graph,pure_gemm,single_gpu_diagnostic_not_distributed_maxrank,26ec5332ecff61fe30e49565f0c781b49d3e29e77debca232bc934714f23daa5,3.001855969429016,3.023750376701355,1.465109104465313,"{""algorithm"": 66, ""best_ms"": 2.98351, ""beta"": 0, ""exact_serialized_algorithm_available"": false, ""graph_tuning"": 0, ""library_sha256"": ""520b1980e976d88f851ce52d716266602818e430f2310ea0d8765fbb260f8cb0"", ""math_sms"": 0, ""precision"": 16, ""rejected"": 0, ""replay"": ""graph"", ""requested"": 256, ""returned"": 8, ""selected_candidate_records"": [{""algorithm"": 66, ""index"": 0, ""split_k"": 1, ""tile"": 23, ""tune_ms"": 2.98351, ""workspace_bytes"": 0}], ""valid"": 8, ""workspace_capacity"": 268435456}",20260906-152108-a0abd1,70beea653872aa2cff938b2f65b3e90d8d7bbeaa97f2b7a0c81260159d0eb065,a9eb0d72de3d3721c9db57909ec7c27dc3a814be4a1593dc71ce0842b0f47749,"""/geometries/58/results/1""",10,50,best_observed_not_independent_retest
qkv,artificial_small,524288,4,4096,16,8,128,131072,4096,4096,cublaslt_nccl,bf16,09,graph,qkv_source_rank_major_v1,distributed_maxrank,26ec5332ecff61fe30e49565f0c781b49d3e29e77debca232bc934714f23daa5,5.4909279346466064,5.557982540130615,0.8009659867056799,"{""channels"": 32, ""chunk_kib"": 256, ""high_priority"": false, ""ll_kib"": 64, ""pack_block"": 512, ""pack_warps"": 4}",20260906-055439-ea964b,0a9a46ee0f628b8fb8ae2053574e8978bf7f5236a19e3f23a4339fe6a2863f94,a535ffb8113005a73aa29f5e3f24028be13dcc78b4b049cd10377811dbf48541,"""/samples_ms/cublaslt_packed_qkv_gemm_a2a""",10,50,best_observed_not_independent_retest
qkv,artificial_small,524288,4,4096,16,8,128,131072,4096,4096,te_ub,bf16,09,graph,qkv_source_rank_major_v1,distributed_maxrank,26ec5332ecff61fe30e49565f0c781b49d3e29e77debca232bc934714f23daa5,4.618063926696777,4.721768188476562,0.9523572174215977,"{""comm_sm"": 12, ""local_first"": false, ""pack_block"": 512, ""pack_warps"": 4, ""push"": true, ""reverse"": false, ""streams"": 1, ""use_ce"": false}",20260906-055439-ea964b,0a9a46ee0f628b8fb8ae2053574e8978bf7f5236a19e3f23a4339fe6a2863f94,1d9f079d92cad1ea21a248144fcfb3f9050c9f6ab56179222192a648dacd5f9d,"""/samples_ms""",10,50,best_observed_not_independent_retest
qkv,artificial_small,524288,8,4096,16,8,128,65536,4096,4096,cublaslt_gemm,bf16,0a,graph,pure_gemm,single_gpu_diagnostic_not_distributed_maxrank,604f4464544072ecfa4f99520a8a3be7b9f73edf1546496807d25dba9371f40a,1.5104639530181885,1.520223969221115,1.4558594736126882,"{""algorithm"": 66, ""best_ms"": 1.31905, ""beta"": 0, ""exact_serialized_algorithm_available"": false, ""graph_tuning"": 0, ""library_sha256"": ""c40f68c965c0c64fa0294d12c371954e2dbc0ceb91a1c15c0fc3d5b61bcae0a9"", ""math_sms"": 0, ""precision"": 16, ""rejected"": 0, ""replay"": ""graph"", ""requested"": 256, ""returned"": 8, ""selected_candidate_records"": [{""algorithm"": 66, ""index"": 0, ""split_k"": 1, ""tile"": 23, ""tune_ms"": 1.31905, ""workspace_bytes"": 0}], ""valid"": 8, ""workspace_capacity"": 268435456}",20260906-152511-9c37d6,70beea653872aa2cff938b2f65b3e90d8d7bbeaa97f2b7a0c81260159d0eb065,07efdcc5b0869ea6954745bcc8e111c3583949dd44c4af80f02e9536b8fb8624,"""/geometries/58/results/0""",10,50,best_observed_not_independent_retest
qkv,artificial_small,524288,8,4096,16,8,128,65536,4096,4096,cublaslt_nccl,bf16,0a,graph,qkv_source_rank_major_v1,distributed_maxrank,604f4464544072ecfa4f99520a8a3be7b9f73edf1546496807d25dba9371f40a,2.804736018180847,2.812144064903259,0.7840392968527168,"{""channels"": 32, ""chunk_kib"": 128, ""high_priority"": false, ""ll_kib"": 128, ""pack_block"": 512, ""pack_warps"": 4}",20260906-171635-992feb,70beea653872aa2cff938b2f65b3e90d8d7bbeaa97f2b7a0c81260159d0eb065,5e1864eeec73ce3e4ee364620beba3f15fbb2649d9656cb2fe8b01998e9bac28,"""/samples_ms/cublaslt_packed_qkv_gemm_a2a""",10,50,best_observed_not_independent_retest
qkv,artificial_small,524288,8,4096,16,8,128,65536,4096,4096,te_ub,bf16,0a,graph,qkv_source_rank_major_v1,distributed_maxrank,604f4464544072ecfa4f99520a8a3be7b9f73edf1546496807d25dba9371f40a,2.459007978439331,2.5082607746124266,0.8942725175489928,"{""comm_sm"": 12, ""local_first"": false, ""pack_block"": 512, ""pack_warps"": 4, ""push"": true, ""reverse"": false, ""streams"": 1, ""use_ce"": false}",20260906-171635-992feb,70beea653872aa2cff938b2f65b3e90d8d7bbeaa97f2b7a0c81260159d0eb065,4583d3b72f8c6e4f5d94389757efbc4547a47fbad446c7577d491c24b4dac139,"""/samples_ms""",10,50,best_observed_not_independent_retest
qkv,llama31_405b,1024,4,16384,128,8,128,256,18432,16384,cublaslt_gemm,bf16,09,graph,pure_gemm,single_gpu_diagnostic_not_distributed_maxrank,26ec5332ecff61fe30e49565f0c781b49d3e29e77debca232bc934714f23daa5,0.1488799974322319,0.15208479911088943,1.0385466504751946,"{""algorithm"": 66, ""best_ms"": 0.122142, ""beta"": 0, ""exact_serialized_algorithm_available"": false, ""graph_tuning"": 0, ""library_sha256"": ""520b1980e976d88f851ce52d716266602818e430f2310ea0d8765fbb260f8cb0"", ""math_sms"": 0, ""precision"": 16, ""rejected"": 0, ""replay"": ""graph"", ""requested"": 256, ""returned"": 8, ""selected_candidate_records"": [{""algorithm"": 66, ""index"": 5, ""split_k"": 1, ""tile"": 20, ""tune_ms"": 0.122142, ""workspace_bytes"": 0}], ""valid"": 8, ""workspace_capacity"": 268435456}",20260906-152108-a0abd1,70beea653872aa2cff938b2f65b3e90d8d7bbeaa97f2b7a0c81260159d0eb065,a9eb0d72de3d3721c9db57909ec7c27dc3a814be4a1593dc71ce0842b0f47749,"""/geometries/10/results/1""",10,50,best_observed_not_independent_retest
qkv,llama31_405b,1024,4,16384,128,8,128,256,18432,16384,cublaslt_nccl,bf16,09,graph,qkv_source_rank_major_v1,distributed_maxrank,26ec5332ecff61fe30e49565f0c781b49d3e29e77debca232bc934714f23daa5,0.18571200221776962,0.18889280036091805,0.8325731283360505,"{""channels"": 32, ""chunk_kib"": 512, ""high_priority"": false, ""ll_kib"": 16, ""pack_block"": 512, ""pack_warps"": 4}",20260906-055439-ea964b,0a9a46ee0f628b8fb8ae2053574e8978bf7f5236a19e3f23a4339fe6a2863f94,4ae88eca3e3ddec94d11ccf8b81a38c4868658689637854adbb97c233a8a78a0,"""/samples_ms/cublaslt_packed_qkv_gemm_a2a""",10,50,best_observed_not_independent_retest
qkv,llama31_405b,1024,4,16384,128,8,128,256,18432,16384,te_ub,bf16,09,graph,qkv_source_rank_major_v1,distributed_maxrank,26ec5332ecff61fe30e49565f0c781b49d3e29e77debca232bc934714f23daa5,0.1908480003476143,0.19325119629502296,0.8101673707577457,"{""comm_sm"": 20, ""local_first"": false, ""pack_block"": 512, ""pack_warps"": 4, ""push"": true, ""reverse"": false, ""streams"": 1, ""use_ce"": false}",20260906-055439-ea964b,0a9a46ee0f628b8fb8ae2053574e8978bf7f5236a19e3f23a4339fe6a2863f94,3a51b097287707858529051107a462c8ca12d35922386c42ec26f9142b143f38,"""/samples_ms""",10,50,best_observed_not_independent_retest
qkv,llama31_405b,1024,8,16384,128,8,128,128,18432,16384,cublaslt_gemm,bf16,0a,graph,pure_gemm,single_gpu_diagnostic_not_distributed_maxrank,604f4464544072ecfa4f99520a8a3be7b9f73edf1546496807d25dba9371f40a,0.09726400300860405,0.09863359853625298,0.7948409374140313,"{""algorithm"": 66, ""best_ms"": 0.0944934, ""beta"": 0, ""exact_serialized_algorithm_available"": false, ""graph_tuning"": 0, ""library_sha256"": ""c40f68c965c0c64fa0294d12c371954e2dbc0ceb91a1c15c0fc3d5b61bcae0a9"", ""math_sms"": 0, ""precision"": 16, ""rejected"": 0, ""replay"": ""graph"", ""requested"": 256, ""returned"": 8, ""selected_candidate_records"": [{""algorithm"": 66, ""index"": 1, ""split_k"": 1, ""tile"": 20, ""tune_ms"": 0.0944934, ""workspace_bytes"": 0}], ""valid"": 8, ""workspace_capacity"": 268435456}",20260906-152511-9c37d6,70beea653872aa2cff938b2f65b3e90d8d7bbeaa97f2b7a0c81260159d0eb065,07efdcc5b0869ea6954745bcc8e111c3583949dd44c4af80f02e9536b8fb8624,"""/geometries/10/results/0""",10,50,best_observed_not_independent_retest
qkv,llama31_405b,1024,8,16384,128,8,128,128,18432,16384,cublaslt_nccl,bf16,0a,graph,qkv_source_rank_major_v1,distributed_maxrank,604f4464544072ecfa4f99520a8a3be7b9f73edf1546496807d25dba9371f40a,0.15169599652290344,0.17119039893150328,0.5096338275237714,"{""channels"": 32, ""chunk_kib"": 256, ""high_priority"": false, ""ll_kib"": 16, ""pack_block"": 512, ""pack_warps"": 4}",20260906-171635-992feb,70beea653872aa2cff938b2f65b3e90d8d7bbeaa97f2b7a0c81260159d0eb065,a2b743c3b8c7568616abd64e377cee195500b6ed16fa276a7f24838b5c97fa1d,"""/samples_ms/cublaslt_packed_qkv_gemm_a2a""",10,50,best_observed_not_independent_retest
qkv,llama31_405b,1024,8,16384,128,8,128,128,18432,16384,te_ub,bf16,0a,graph,qkv_source_rank_major_v1,distributed_maxrank,604f4464544072ecfa4f99520a8a3be7b9f73edf1546496807d25dba9371f40a,0.2311679944396019,0.23336320370435715,0.33442956286147524,"{""comm_sm"": 20, ""local_first"": false, ""pack_block"": 512, ""pack_warps"": 4, ""push"": true, ""reverse"": false, ""streams"": 1, ""use_ce"": false}",20260906-171635-992feb,70beea653872aa2cff938b2f65b3e90d8d7bbeaa97f2b7a0c81260159d0eb065,0c1dc84b467a1d808f060a9e47bb01dc8be94d60a37a5d72f8b6511e6e534915,"""/samples_ms""",10,50,best_observed_not_independent_retest
qkv,llama31_405b,131072,4,16384,128,8,128,32768,18432,16384,cublaslt_gemm,bf16,09,graph,pure_gemm,single_gpu_diagnostic_not_distributed_maxrank,26ec5332ecff61fe30e49565f0c781b49d3e29e77debca232bc934714f23daa5,13.342000007629395,13.450305700302124,1.4833765019225555,"{""algorithm"": 66, ""best_ms"": 13.346, ""beta"": 0, ""exact_serialized_algorithm_available"": false, ""graph_tuning"": 0, ""library_sha256"": ""520b1980e976d88f851ce52d716266602818e430f2310ea0d8765fbb260f8cb0"", ""math_sms"": 0, ""precision"": 16, ""rejected"": 0, ""replay"": ""graph"", ""requested"": 256, ""returned"": 8, ""selected_candidate_records"": [{""algorithm"": 66, ""index"": 0, ""split_k"": 1, ""tile"": 513, ""tune_ms"": 13.346, ""workspace_bytes"": 0}], ""valid"": 8, ""workspace_capacity"": 268435456}",20260906-152108-a0abd1,70beea653872aa2cff938b2f65b3e90d8d7bbeaa97f2b7a0c81260159d0eb065,a9eb0d72de3d3721c9db57909ec7c27dc3a814be4a1593dc71ce0842b0f47749,"""/geometries/43/results/1""",10,50,best_observed_not_independent_retest
qkv,llama31_405b,131072,4,16384,128,8,128,32768,18432,16384,cublaslt_nccl,bf16,09,graph,qkv_source_rank_major_v1,distributed_maxrank,26ec5332ecff61fe30e49565f0c781b49d3e29e77debca232bc934714f23daa5,16.562111854553223,17.21103992462158,1.1949689431983301,"{""channels"": 24, ""chunk_kib"": 256, ""high_priority"": false, ""ll_kib"": 16, ""pack_block"": 512, ""pack_warps"": 4}",20260906-055439-ea964b,0a9a46ee0f628b8fb8ae2053574e8978bf7f5236a19e3f23a4339fe6a2863f94,450cb23d9a12438c13f7514b7ce3b6453a060e6623bbd619c43a162013b006ea,"""/samples_ms/cublaslt_packed_qkv_gemm_a2a""",10,50,best_observed_not_independent_retest
qkv,llama31_405b,131072,4,16384,128,8,128,32768,18432,16384,te_ub,bf16,09,graph,qkv_source_rank_major_v1,distributed_maxrank,26ec5332ecff61fe30e49565f0c781b49d3e29e77debca232bc934714f23daa5,15.41209602355957,15.776606130599976,1.2841348295335258,"{""comm_sm"": 4, ""local_first"": false, ""pack_block"": 512, ""pack_warps"": 4, ""push"": true, ""reverse"": false, ""streams"": 1, ""use_ce"": false}",20260906-055439-ea964b,0a9a46ee0f628b8fb8ae2053574e8978bf7f5236a19e3f23a4339fe6a2863f94,21840e078331b72396b9fef5ab73403eae7739113e05c57bfa1525f5be0901f7,"""/samples_ms""",10,50,best_observed_not_independent_retest
qkv,llama31_405b,131072,8,16384,128,8,128,16384,18432,16384,cublaslt_gemm,bf16,0a,graph,pure_gemm,single_gpu_diagnostic_not_distributed_maxrank,604f4464544072ecfa4f99520a8a3be7b9f73edf1546496807d25dba9371f40a,6.704847812652588,6.747123050689697,1.4758880330303987,"{""algorithm"": 66, ""best_ms"": 6.7122, ""beta"": 0, ""exact_serialized_algorithm_available"": false, ""graph_tuning"": 0, ""library_sha256"": ""c40f68c965c0c64fa0294d12c371954e2dbc0ceb91a1c15c0fc3d5b61bcae0a9"", ""math_sms"": 0, ""precision"": 16, ""rejected"": 0, ""replay"": ""graph"", ""requested"": 256, ""returned"": 8, ""selected_candidate_records"": [{""algorithm"": 66, ""index"": 2, ""split_k"": 1, ""tile"": 210, ""tune_ms"": 6.7122, ""workspace_bytes"": 0}], ""valid"": 8, ""workspace_capacity"": 268435456}",20260906-152511-9c37d6,70beea653872aa2cff938b2f65b3e90d8d7bbeaa97f2b7a0c81260159d0eb065,07efdcc5b0869ea6954745bcc8e111c3583949dd44c4af80f02e9536b8fb8624,"""/geometries/43/results/0""",10,50,best_observed_not_independent_retest
qkv,llama31_405b,131072,8,16384,128,8,128,16384,18432,16384,cublaslt_nccl,bf16,0a,graph,qkv_source_rank_major_v1,distributed_maxrank,604f4464544072ecfa4f99520a8a3be7b9f73edf1546496807d25dba9371f40a,8.374655723571777,8.57078275680542,1.1816133076529074,"{""channels"": 32, ""chunk_kib"": 128, ""high_priority"": false, ""ll_kib"": 16, ""pack_block"": 512, ""pack_warps"": 4}",20260906-171635-992feb,70beea653872aa2cff938b2f65b3e90d8d7bbeaa97f2b7a0c81260159d0eb065,b0dc124aa3fbc344fef7860d5d9e26169b592394980238542d0e5839adac1cd1,"""/samples_ms/cublaslt_packed_qkv_gemm_a2a""",10,50,best_observed_not_independent_retest
qkv,llama31_405b,131072,8,16384,128,8,128,16384,18432,16384,te_ub,bf16,0a,graph,qkv_source_rank_major_v1,distributed_maxrank,604f4464544072ecfa4f99520a8a3be7b9f73edf1546496807d25dba9371f40a,8.308576107025146,8.389859199523926,1.1910108931441301,"{""comm_sm"": 12, ""local_first"": false, ""pack_block"": 512, ""pack_warps"": 4, ""push"": true, ""reverse"": false, ""streams"": 1, ""use_ce"": false}",20260906-171635-992feb,70beea653872aa2cff938b2f65b3e90d8d7bbeaa97f2b7a0c81260159d0eb065,e63408526f66eb75142d5338bb723578d64942add1671e7fbc18aa93b5c97751,"""/samples_ms""",10,50,best_observed_not_independent_retest
qkv,llama31_405b,16384,4,16384,128,8,128,4096,18432,16384,cublaslt_gemm,bf16,09,graph,pure_gemm,single_gpu_diagnostic_not_distributed_maxrank,26ec5332ecff61fe30e49565f0c781b49d3e29e77debca232bc934714f23daa5,1.6416800022125244,1.6747807502746581,1.506932629478263,"{""algorithm"": 66, ""best_ms"": 1.50106, ""beta"": 0, ""exact_serialized_algorithm_available"": false, ""graph_tuning"": 0, ""library_sha256"": ""520b1980e976d88f851ce52d716266602818e430f2310ea0d8765fbb260f8cb0"", ""math_sms"": 0, ""precision"": 16, ""rejected"": 0, ""replay"": ""graph"", ""requested"": 256, ""returned"": 8, ""selected_candidate_records"": [{""algorithm"": 66, ""index"": 0, ""split_k"": 1, ""tile"": 513, ""tune_ms"": 1.50106, ""workspace_bytes"": 0}], ""valid"": 8, ""workspace_capacity"": 268435456}",20260906-152108-a0abd1,70beea653872aa2cff938b2f65b3e90d8d7bbeaa97f2b7a0c81260159d0eb065,a9eb0d72de3d3721c9db57909ec7c27dc3a814be4a1593dc71ce0842b0f47749,"""/geometries/32/results/1""",10,50,best_observed_not_independent_retest
qkv,llama31_405b,16384,4,16384,128,8,128,4096,18432,16384,cublaslt_nccl,bf16,09,graph,qkv_source_rank_major_v1,distributed_maxrank,26ec5332ecff61fe30e49565f0c781b49d3e29e77debca232bc934714f23daa5,1.9765599966049194,2.0486400008201597,1.2516195646706143,"{""channels"": 32, ""chunk_kib"": 512, ""high_priority"": false, ""ll_kib"": 64, ""pack_block"": 512, ""pack_warps"": 4}",20260906-055439-ea964b,0a9a46ee0f628b8fb8ae2053574e8978bf7f5236a19e3f23a4339fe6a2863f94,67a23cc5bd221c13a35f1b62ce23490441df02c58e1f345849174dcbe115279c,"""/samples_ms/cublaslt_packed_qkv_gemm_a2a""",10,50,best_observed_not_independent_retest
qkv,llama31_405b,16384,4,16384,128,8,128,4096,18432,16384,te_ub,bf16,09,graph,qkv_source_rank_major_v1,distributed_maxrank,26ec5332ecff61fe30e49565f0c781b49d3e29e77debca232bc934714f23daa5,2.061743974685669,2.1318385004997253,1.1999070655090276,"{""comm_sm"": 24, ""local_first"": false, ""pack_block"": 512, ""pack_warps"": 4, ""push"": true, ""reverse"": false, ""streams"": 1, ""use_ce"": false}",20260906-055439-ea964b,0a9a46ee0f628b8fb8ae2053574e8978bf7f5236a19e3f23a4339fe6a2863f94,bc4ac040cff20a098eba265c81ac9df97d005f48e9db202e5e1fc4601042c5ef,"""/samples_ms""",10,50,best_observed_not_independent_retest
qkv,llama31_405b,16384,8,16384,128,8,128,2048,18432,16384,cublaslt_gemm,bf16,0a,graph,pure_gemm,single_gpu_diagnostic_not_distributed_maxrank,604f4464544072ecfa4f99520a8a3be7b9f73edf1546496807d25dba9371f40a,0.82846400141716,0.8346336215734482,1.4930649722040885,"{""algorithm"": 66, ""best_ms"": 0.758658, ""beta"": 0, ""exact_serialized_algorithm_available"": false, ""graph_tuning"": 0, ""library_sha256"": ""c40f68c965c0c64fa0294d12c371954e2dbc0ceb91a1c15c0fc3d5b61bcae0a9"", ""math_sms"": 0, ""precision"": 16, ""rejected"": 0, ""replay"": ""graph"", ""requested"": 256, ""returned"": 8, ""selected_candidate_records"": [{""algorithm"": 66, ""index"": 1, ""split_k"": 1, ""tile"": 447, ""tune_ms"": 0.758658, ""workspace_bytes"": 0}], ""valid"": 8, ""workspace_capacity"": 268435456}",20260906-152511-9c37d6,70beea653872aa2cff938b2f65b3e90d8d7bbeaa97f2b7a0c81260159d0eb065,07efdcc5b0869ea6954745bcc8e111c3583949dd44c4af80f02e9536b8fb8624,"""/geometries/32/results/0""",10,50,best_observed_not_independent_retest
qkv,llama31_405b,16384,8,16384,128,8,128,2048,18432,16384,cublaslt_nccl,bf16,0a,graph,qkv_source_rank_major_v1,distributed_maxrank,604f4464544072ecfa4f99520a8a3be7b9f73edf1546496807d25dba9371f40a,0.9737119972705841,0.9811231911182403,1.2703454252543884,"{""channels"": 24, ""chunk_kib"": 1024, ""high_priority"": false, ""ll_kib"": 16, ""pack_block"": 512, ""pack_warps"": 4}",20260906-171635-992feb,70beea653872aa2cff938b2f65b3e90d8d7bbeaa97f2b7a0c81260159d0eb065,05d298a4c27cb70b3b5fd64da83507188a21e15b06ac97519f8c948c4a0788c4,"""/samples_ms/cublaslt_packed_qkv_gemm_a2a""",10,50,best_observed_not_independent_retest
qkv,llama31_405b,16384,8,16384,128,8,128,2048,18432,16384,te_ub,bf16,0a,graph,qkv_source_rank_major_v1,distributed_maxrank,604f4464544072ecfa4f99520a8a3be7b9f73edf1546496807d25dba9371f40a,1.1220479607582092,1.1363391995429992,1.102404375310434,"{""comm_sm"": 8, ""local_first"": false, ""pack_block"": 512, ""pack_warps"": 4, ""push"": true, ""reverse"": false, ""streams"": 1, ""use_ce"": false}",20260906-171635-992feb,70beea653872aa2cff938b2f65b3e90d8d7bbeaa97f2b7a0c81260159d0eb065,b89c0562f7b6560927ba5804e02518ee34ef546e118aeaa4717ba0acd33b89f2,"""/samples_ms""",10,50,best_observed_not_independent_retest
qkv,llama31_405b,262144,4,16384,128,8,128,65536,18432,16384,cublaslt_gemm,bf16,09,graph,pure_gemm,single_gpu_diagnostic_not_distributed_maxrank,26ec5332ecff61fe30e49565f0c781b49d3e29e77debca232bc934714f23daa5,27.032864570617676,27.483904552459716,1.4642332297613245,"{""algorithm"": 66, ""best_ms"": 26.9511, ""beta"": 0, ""exact_serialized_algorithm_available"": false, ""graph_tuning"": 0, ""library_sha256"": ""520b1980e976d88f851ce52d716266602818e430f2310ea0d8765fbb260f8cb0"", ""math_sms"": 0, ""precision"": 16, ""rejected"": 0, ""replay"": ""graph"", ""requested"": 256, ""returned"": 8, ""selected_candidate_records"": [{""algorithm"": 66, ""index"": 0, ""split_k"": 1, ""tile"": 513, ""tune_ms"": 26.9511, ""workspace_bytes"": 0}], ""valid"": 8, ""workspace_capacity"": 268435456}",20260906-152108-a0abd1,70beea653872aa2cff938b2f65b3e90d8d7bbeaa97f2b7a0c81260159d0eb065,a9eb0d72de3d3721c9db57909ec7c27dc3a814be4a1593dc71ce0842b0f47749,"""/geometries/54/results/1""",10,50,best_observed_not_independent_retest
qkv,llama31_405b,262144,4,16384,128,8,128,65536,18432,16384,cublaslt_nccl,bf16,09,graph,qkv_source_rank_major_v1,distributed_maxrank,26ec5332ecff61fe30e49565f0c781b49d3e29e77debca232bc934714f23daa5,34.086111068725586,36.34222335815429,1.1612477152388716,"{""channels"": 32, ""chunk_kib"": 1024, ""high_priority"": false, ""ll_kib"": 64, ""pack_block"": 512, ""pack_warps"": 4}",20260906-055439-ea964b,0a9a46ee0f628b8fb8ae2053574e8978bf7f5236a19e3f23a4339fe6a2863f94,f74fa0750b8031dddacd6453ead110f83f20f680ef013727cd3cb4328ba5bc43,"""/samples_ms/cublaslt_packed_qkv_gemm_a2a""",10,50,best_observed_not_independent_retest
qkv,llama31_405b,262144,4,16384,128,8,128,65536,18432,16384,te_ub,bf16,09,graph,qkv_source_rank_major_v1,distributed_maxrank,26ec5332ecff61fe30e49565f0c781b49d3e29e77debca232bc934714f23daa5,31.593472480773926,32.53663959503174,1.2528669845970148,"{""comm_sm"": 8, ""local_first"": false, ""pack_block"": 512, ""pack_warps"": 4, ""push"": true, ""reverse"": false, ""streams"": 1, ""use_ce"": false}",20260906-055439-ea964b,0a9a46ee0f628b8fb8ae2053574e8978bf7f5236a19e3f23a4339fe6a2863f94,7b0265896c01089775af9172499f658c87feeae534e8d72e8e3fa31e0142b95b,"""/samples_ms""",10,50,best_observed_not_independent_retest
qkv,llama31_405b,262144,8,16384,128,8,128,32768,18432,16384,cublaslt_gemm,bf16,0a,graph,pure_gemm,single_gpu_diagnostic_not_distributed_maxrank,604f4464544072ecfa4f99520a8a3be7b9f73edf1546496807d25dba9371f40a,13.2260160446167,13.341831684112549,1.4963847944236761,"{""algorithm"": 66, ""best_ms"": 13.2968, ""beta"": 0, ""exact_serialized_algorithm_available"": false, ""graph_tuning"": 0, ""library_sha256"": ""c40f68c965c0c64fa0294d12c371954e2dbc0ceb91a1c15c0fc3d5b61bcae0a9"", ""math_sms"": 0, ""precision"": 16, ""rejected"": 0, ""replay"": ""graph"", ""requested"": 256, ""returned"": 8, ""selected_candidate_records"": [{""algorithm"": 66, ""index"": 0, ""split_k"": 1, ""tile"": 513, ""tune_ms"": 13.2968, ""workspace_bytes"": 0}], ""valid"": 8, ""workspace_capacity"": 268435456}",20260906-152511-9c37d6,70beea653872aa2cff938b2f65b3e90d8d7bbeaa97f2b7a0c81260159d0eb065,07efdcc5b0869ea6954745bcc8e111c3583949dd44c4af80f02e9536b8fb8624,"""/geometries/54/results/0""",10,50,best_observed_not_independent_retest
qkv,llama31_405b,262144,8,16384,128,8,128,32768,18432,16384,cublaslt_nccl,bf16,0a,graph,qkv_source_rank_major_v1,distributed_maxrank,604f4464544072ecfa4f99520a8a3be7b9f73edf1546496807d25dba9371f40a,16.678671836853027,17.055465602874754,1.1866178250619177,"{""channels"": 32, ""chunk_kib"": 256, ""high_priority"": false, ""ll_kib"": 128, ""pack_block"": 512, ""pack_warps"": 4}",20260906-171635-992feb,70beea653872aa2cff938b2f65b3e90d8d7bbeaa97f2b7a0c81260159d0eb065,9c7752ea6565c31b27734a2b198acc17b8709799bb17d17cd056e3efb3e7e2f4,"""/samples_ms/cublaslt_packed_qkv_gemm_a2a""",10,50,best_observed_not_independent_retest
qkv,llama31_405b,262144,8,16384,128,8,128,32768,18432,16384,te_ub,bf16,0a,graph,qkv_source_rank_major_v1,distributed_maxrank,604f4464544072ecfa4f99520a8a3be7b9f73edf1546496807d25dba9371f40a,16.158512115478516,16.443598365783693,1.2248163171539577,"{""comm_sm"": 4, ""local_first"": false, ""pack_block"": 512, ""pack_warps"": 4, ""push"": true, ""reverse"": false, ""streams"": 1, ""use_ce"": false}",20260906-171635-992feb,70beea653872aa2cff938b2f65b3e90d8d7bbeaa97f2b7a0c81260159d0eb065,94f4bd51845584e33e951c032f071fef315be710595defa1719ebdde335d2845,"""/samples_ms""",10,50,best_observed_not_independent_retest
qkv,llama31_405b,4096,4,16384,128,8,128,1024,18432,16384,cublaslt_gemm,bf16,09,graph,pure_gemm,single_gpu_diagnostic_not_distributed_maxrank,26ec5332ecff61fe30e49565f0c781b49d3e29e77debca232bc934714f23daa5,0.43350400030612946,0.4370623901486397,1.4266887737765939,"{""algorithm"": 66, ""best_ms"": 0.351293, ""beta"": 0, ""exact_serialized_algorithm_available"": false, ""graph_tuning"": 0, ""library_sha256"": ""520b1980e976d88f851ce52d716266602818e430f2310ea0d8765fbb260f8cb0"", ""math_sms"": 0, ""precision"": 16, ""rejected"": 0, ""replay"": ""graph"", ""requested"": 256, ""returned"": 8, ""selected_candidate_records"": [{""algorithm"": 66, ""index"": 1, ""split_k"": 1, ""tile"": 447, ""tune_ms"": 0.351293, ""workspace_bytes"": 0}], ""valid"": 8, ""workspace_capacity"": 268435456}",20260906-152108-a0abd1,70beea653872aa2cff938b2f65b3e90d8d7bbeaa97f2b7a0c81260159d0eb065,a9eb0d72de3d3721c9db57909ec7c27dc3a814be4a1593dc71ce0842b0f47749,"""/geometries/21/results/1""",10,50,best_observed_not_independent_retest
qkv,llama31_405b,4096,4,16384,128,8,128,1024,18432,16384,cublaslt_nccl,bf16,09,graph,qkv_source_rank_major_v1,distributed_maxrank,26ec5332ecff61fe30e49565f0c781b49d3e29e77debca232bc934714f23daa5,0.4996800124645233,0.5057119965553284,1.2377427057239176,"{""channels"": 24, ""chunk_kib"": 512, ""high_priority"": false, ""ll_kib"": 128, ""pack_block"": 512, ""pack_warps"": 4}",20260906-055439-ea964b,0a9a46ee0f628b8fb8ae2053574e8978bf7f5236a19e3f23a4339fe6a2863f94,3b744e4b4b13829f3c1da64f97dc1f75a7372e703ce1f356febbbc8c63229d7b,"""/samples_ms/cublaslt_packed_qkv_gemm_a2a""",10,50,best_observed_not_independent_retest
qkv,llama31_405b,4096,4,16384,128,8,128,1024,18432,16384,te_ub,bf16,09,graph,qkv_source_rank_major_v1,distributed_maxrank,26ec5332ecff61fe30e49565f0c781b49d3e29e77debca232bc934714f23daa5,0.5330560207366943,0.5573168069124221,1.1602444519231854,"{""comm_sm"": 8, ""local_first"": false, ""pack_block"": 512, ""pack_warps"": 4, ""push"": true, ""reverse"": false, ""streams"": 1, ""use_ce"": false}",20260906-055439-ea964b,0a9a46ee0f628b8fb8ae2053574e8978bf7f5236a19e3f23a4339fe6a2863f94,645805ba22a71a0c2c103523bd7bf7e27db31ffc84c781cee02662ee10016994,"""/samples_ms""",10,50,best_observed_not_independent_retest
qkv,llama31_405b,4096,8,16384,128,8,128,512,18432,16384,cublaslt_gemm,bf16,0a,graph,pure_gemm,single_gpu_diagnostic_not_distributed_maxrank,604f4464544072ecfa4f99520a8a3be7b9f73edf1546496807d25dba9371f40a,0.2370079979300499,0.24027680084109307,1.3047561601835387,"{""algorithm"": 66, ""best_ms"": 0.194009, ""beta"": 0, ""exact_serialized_algorithm_available"": false, ""graph_tuning"": 0, ""library_sha256"": ""c40f68c965c0c64fa0294d12c371954e2dbc0ceb91a1c15c0fc3d5b61bcae0a9"", ""math_sms"": 0, ""precision"": 16, ""rejected"": 0, ""replay"": ""graph"", ""requested"": 256, ""returned"": 8, ""selected_candidate_records"": [{""algorithm"": 66, ""index"": 2, ""split_k"": 1, ""tile"": 23, ""tune_ms"": 0.194009, ""workspace_bytes"": 0}], ""valid"": 8, ""workspace_capacity"": 268435456}",20260906-152511-9c37d6,70beea653872aa2cff938b2f65b3e90d8d7bbeaa97f2b7a0c81260159d0eb065,07efdcc5b0869ea6954745bcc8e111c3583949dd44c4af80f02e9536b8fb8624,"""/geometries/21/results/0""",10,50,best_observed_not_independent_retest
qkv,llama31_405b,4096,8,16384,128,8,128,512,18432,16384,cublaslt_nccl,bf16,0a,graph,qkv_source_rank_major_v1,distributed_maxrank,604f4464544072ecfa4f99520a8a3be7b9f73edf1546496807d25dba9371f40a,0.29019200801849365,0.2936207965016365,1.065631157189872,"{""channels"": 24, ""chunk_kib"": 256, ""high_priority"": false, ""ll_kib"": 16, ""pack_block"": 512, ""pack_warps"": 4}",20260906-171635-992feb,70beea653872aa2cff938b2f65b3e90d8d7bbeaa97f2b7a0c81260159d0eb065,d2ac4ce37a9f282c317853a923d118ac8869d4bf91da855d365b85f07fa2c152,"""/samples_ms/cublaslt_packed_qkv_gemm_a2a""",10,50,best_observed_not_independent_retest
qkv,llama31_405b,4096,8,16384,128,8,128,512,18432,16384,te_ub,bf16,0a,graph,qkv_source_rank_major_v1,distributed_maxrank,604f4464544072ecfa4f99520a8a3be7b9f73edf1546496807d25dba9371f40a,0.3307359963655472,0.41077759861946067,0.9349984540848525,"{""comm_sm"": 8, ""local_first"": false, ""pack_block"": 512, ""pack_warps"": 4, ""push"": true, ""reverse"": false, ""streams"": 1, ""use_ce"": false}",20260906-171635-992feb,70beea653872aa2cff938b2f65b3e90d8d7bbeaa97f2b7a0c81260159d0eb065,1c18ad7852b591c5ef5fee85b9903e3eb1db208f0378eca642a61619642a2255,"""/samples_ms""",10,50,best_observed_not_independent_retest
qkv,llama31_405b,524288,4,16384,128,8,128,131072,18432,16384,cublaslt_gemm,bf16,0a,graph,pure_gemm,single_gpu_diagnostic_not_distributed_maxrank,604f4464544072ecfa4f99520a8a3be7b9f73edf1546496807d25dba9371f40a,53.642927169799805,54.46496295928955,1.4757739999774035,"{""algorithm"": 66, ""best_ms"": 53.4762, ""beta"": 0, ""exact_serialized_algorithm_available"": false, ""graph_tuning"": 0, ""library_sha256"": ""c40f68c965c0c64fa0294d12c371954e2dbc0ceb91a1c15c0fc3d5b61bcae0a9"", ""math_sms"": 0, ""precision"": 16, ""rejected"": 0, ""replay"": ""graph"", ""requested"": 256, ""returned"": 8, ""selected_candidate_records"": [{""algorithm"": 66, ""index"": 0, ""split_k"": 1, ""tile"": 513, ""tune_ms"": 53.4762, ""workspace_bytes"": 0}], ""valid"": 8, ""workspace_capacity"": 268435456}",20260906-154347-89ef70,70beea653872aa2cff938b2f65b3e90d8d7bbeaa97f2b7a0c81260159d0eb065,76f950e1562a823da8427f0019a2e210e40b3f8957ef6cfecbc45a28ae7dea78,"""/geometries/0/results/1""",10,50,best_observed_not_independent_retest
qkv,llama31_405b,524288,4,16384,128,8,128,131072,18432,16384,cublaslt_nccl,bf16,0a,graph,qkv_source_rank_major_v1,distributed_maxrank,604f4464544072ecfa4f99520a8a3be7b9f73edf1546496807d25dba9371f40a,70.1304817199707,74.2059772491455,1.1288220935936994,"{""channels"": 24, ""chunk_kib"": 512, ""high_priority"": false, ""ll_kib"": 16, ""pack_block"": 512, ""pack_warps"": 4}",20260906-170915-44118c,70beea653872aa2cff938b2f65b3e90d8d7bbeaa97f2b7a0c81260159d0eb065,2cbff2835284d75e64a1fc5330827660ccedb9ca61cc69251f57ea67fcb0bf82,"""/samples_ms/cublaslt_packed_qkv_gemm_a2a""",10,50,best_observed_not_independent_retest
qkv,llama31_405b,524288,4,16384,128,8,128,131072,18432,16384,te_ub,bf16,0a,graph,qkv_source_rank_major_v1,distributed_maxrank,604f4464544072ecfa4f99520a8a3be7b9f73edf1546496807d25dba9371f40a,63.280799865722656,65.17646980285645,1.2510087952088806,"{""comm_sm"": 12, ""local_first"": false, ""pack_block"": 512, ""pack_warps"": 4, ""push"": true, ""reverse"": false, ""streams"": 1, ""use_ce"": false}",20260906-170915-44118c,70beea653872aa2cff938b2f65b3e90d8d7bbeaa97f2b7a0c81260159d0eb065,644f8d22df2cef5f2b0fda9a672329077f420fa727de189b5ad90d423f17254b,"""/samples_ms""",10,50,best_observed_not_independent_retest
qkv,llama31_405b,524288,8,16384,128,8,128,65536,18432,16384,cublaslt_gemm,bf16,0a,graph,pure_gemm,single_gpu_diagnostic_not_distributed_maxrank,604f4464544072ecfa4f99520a8a3be7b9f73edf1546496807d25dba9371f40a,26.610671997070312,26.88578643798828,1.4874640747251255,"{""algorithm"": 66, ""best_ms"": 26.6366, ""beta"": 0, ""exact_serialized_algorithm_available"": false, ""graph_tuning"": 0, ""library_sha256"": ""c40f68c965c0c64fa0294d12c371954e2dbc0ceb91a1c15c0fc3d5b61bcae0a9"", ""math_sms"": 0, ""precision"": 16, ""rejected"": 0, ""replay"": ""graph"", ""requested"": 256, ""returned"": 8, ""selected_candidate_records"": [{""algorithm"": 66, ""index"": 0, ""split_k"": 1, ""tile"": 513, ""tune_ms"": 26.6366, ""workspace_bytes"": 0}], ""valid"": 8, ""workspace_capacity"": 268435456}",20260906-152511-9c37d6,70beea653872aa2cff938b2f65b3e90d8d7bbeaa97f2b7a0c81260159d0eb065,07efdcc5b0869ea6954745bcc8e111c3583949dd44c4af80f02e9536b8fb8624,"""/geometries/65/results/0""",10,50,best_observed_not_independent_retest
qkv,llama31_405b,524288,8,16384,128,8,128,65536,18432,16384,cublaslt_nccl,bf16,0a,graph,qkv_source_rank_major_v1,distributed_maxrank,604f4464544072ecfa4f99520a8a3be7b9f73edf1546496807d25dba9371f40a,34.659568786621094,36.42739143371582,1.1420343641209747,"{""channels"": 32, ""chunk_kib"": 1024, ""high_priority"": false, ""ll_kib"": 64, ""pack_block"": 512, ""pack_warps"": 4}",20260906-171635-992feb,70beea653872aa2cff938b2f65b3e90d8d7bbeaa97f2b7a0c81260159d0eb065,a99749d1c2dddd3c4743ee5aab42499e614998a7e5dd4ec5aa98a449b2cb1b40,"""/samples_ms/cublaslt_packed_qkv_gemm_a2a""",10,50,best_observed_not_independent_retest
qkv,llama31_405b,524288,8,16384,128,8,128,65536,18432,16384,te_ub,bf16,0a,graph,qkv_source_rank_major_v1,distributed_maxrank,604f4464544072ecfa4f99520a8a3be7b9f73edf1546496807d25dba9371f40a,31.142544746398926,31.717368412017823,1.271007842238486,"{""comm_sm"": 4, ""local_first"": false, ""pack_block"": 512, ""pack_warps"": 4, ""push"": true, ""reverse"": false, ""streams"": 1, ""use_ce"": false}",20260906-171635-992feb,70beea653872aa2cff938b2f65b3e90d8d7bbeaa97f2b7a0c81260159d0eb065,d18ab4ef0f614890159b19fe63a0cb08c23df3355972577711c84e9533b4246a,"""/samples_ms""",10,50,best_observed_not_independent_retest
qkv,llama3_8b,1024,4,4096,32,8,128,256,6144,4096,cublaslt_gemm,bf16,09,graph,pure_gemm,single_gpu_diagnostic_not_distributed_maxrank,26ec5332ecff61fe30e49565f0c781b49d3e29e77debca232bc934714f23daa5,0.015424000099301338,0.017073599621653557,0.8353800444142663,"{""algorithm"": 66, ""best_ms"": 0.0123469, ""beta"": 0, ""exact_serialized_algorithm_available"": false, ""graph_tuning"": 0, ""library_sha256"": ""520b1980e976d88f851ce52d716266602818e430f2310ea0d8765fbb260f8cb0"", ""math_sms"": 0, ""precision"": 16, ""rejected"": 0, ""replay"": ""graph"", ""requested"": 256, ""returned"": 8, ""selected_candidate_records"": [{""algorithm"": 66, ""index"": 0, ""split_k"": 1, ""tile"": 28, ""tune_ms"": 0.0123469, ""workspace_bytes"": 0}, {""algorithm"": 66, ""index"": 1, ""split_k"": 1, ""tile"": 200, ""tune_ms"": 0.0123469, ""workspace_bytes"": 0}], ""valid"": 8, ""workspace_capacity"": 268435456}",20260906-152108-a0abd1,70beea653872aa2cff938b2f65b3e90d8d7bbeaa97f2b7a0c81260159d0eb065,a9eb0d72de3d3721c9db57909ec7c27dc3a814be4a1593dc71ce0842b0f47749,"""/geometries/5/results/1""",10,50,best_observed_not_independent_retest
qkv,llama3_8b,1024,4,4096,32,8,128,256,6144,4096,cublaslt_nccl,bf16,09,graph,qkv_source_rank_major_v1,distributed_maxrank,26ec5332ecff61fe30e49565f0c781b49d3e29e77debca232bc934714f23daa5,0.055615998804569244,0.057414401322603226,0.23167617529043485,"{""channels"": 32, ""chunk_kib"": 512, ""high_priority"": false, ""ll_kib"": 16, ""pack_block"": 512, ""pack_warps"": 4}",20260906-055439-ea964b,0a9a46ee0f628b8fb8ae2053574e8978bf7f5236a19e3f23a4339fe6a2863f94,ab4b8a6a0a5894eb70e5745b1770b361484b517342157632132f05f04d49bf49,"""/samples_ms/cublaslt_packed_qkv_gemm_a2a""",10,50,best_observed_not_independent_retest
qkv,llama3_8b,1024,4,4096,32,8,128,256,6144,4096,te_ub,bf16,09,graph,qkv_source_rank_major_v1,distributed_maxrank,26ec5332ecff61fe30e49565f0c781b49d3e29e77debca232bc934714f23daa5,0.05315199866890907,0.054927998967468736,0.24241613129661937,"{""comm_sm"": 20, ""local_first"": false, ""pack_block"": 512, ""pack_warps"": 4, ""push"": true, ""reverse"": false, ""streams"": 1, ""use_ce"": false}",20260906-055439-ea964b,0a9a46ee0f628b8fb8ae2053574e8978bf7f5236a19e3f23a4339fe6a2863f94,56844f100d85627bfca8c461215702b4e409726f78d2874a111a863b332b38f8,"""/samples_ms""",10,50,best_observed_not_independent_retest
qkv,llama3_8b,1024,8,4096,32,8,128,128,6144,4096,cublaslt_gemm,bf16,0a,graph,pure_gemm,single_gpu_diagnostic_not_distributed_maxrank,604f4464544072ecfa4f99520a8a3be7b9f73edf1546496807d25dba9371f40a,0.012240000069141388,0.013151999562978745,0.5263440283993336,"{""algorithm"": 66, ""best_ms"": 0.0103034, ""beta"": 0, ""exact_serialized_algorithm_available"": false, ""graph_tuning"": 0, ""library_sha256"": ""c40f68c965c0c64fa0294d12c371954e2dbc0ceb91a1c15c0fc3d5b61bcae0a9"", ""math_sms"": 0, ""precision"": 16, ""rejected"": 0, ""replay"": ""graph"", ""requested"": 256, ""returned"": 8, ""selected_candidate_records"": [{""algorithm"": 66, ""index"": 4, ""split_k"": 1, ""tile"": 17, ""tune_ms"": 0.0103034, ""workspace_bytes"": 0}], ""valid"": 8, ""workspace_capacity"": 268435456}",20260906-152511-9c37d6,70beea653872aa2cff938b2f65b3e90d8d7bbeaa97f2b7a0c81260159d0eb065,07efdcc5b0869ea6954745bcc8e111c3583949dd44c4af80f02e9536b8fb8624,"""/geometries/5/results/0""",10,50,best_observed_not_independent_retest
qkv,llama3_8b,1024,8,4096,32,8,128,128,6144,4096,cublaslt_nccl,bf16,0a,graph,qkv_source_rank_major_v1,distributed_maxrank,604f4464544072ecfa4f99520a8a3be7b9f73edf1546496807d25dba9371f40a,0.04715200141072273,0.049008000642061234,0.13663154799904076,"{""channels"": 32, ""chunk_kib"": 256, ""high_priority"": false, ""ll_kib"": 16, ""pack_block"": 512, ""pack_warps"": 4}",20260906-171635-992feb,70beea653872aa2cff938b2f65b3e90d8d7bbeaa97f2b7a0c81260159d0eb065,3b58eb1f5744f68df201b7b447acb1fa9b9ab73c47375cddabd81589c573a863,"""/samples_ms/cublaslt_packed_qkv_gemm_a2a""",10,50,best_observed_not_independent_retest
qkv,llama3_8b,1024,8,4096,32,8,128,128,6144,4096,te_ub,bf16,0a,graph,qkv_source_rank_major_v1,distributed_maxrank,604f4464544072ecfa4f99520a8a3be7b9f73edf1546496807d25dba9371f40a,0.08043200150132179,0.08175840005278587,0.08009810552699136,"{""comm_sm"": 8, ""local_first"": false, ""pack_block"": 512, ""pack_warps"": 4, ""push"": true, ""reverse"": false, ""streams"": 1, ""use_ce"": false}",20260906-171635-992feb,70beea653872aa2cff938b2f65b3e90d8d7bbeaa97f2b7a0c81260159d0eb065,0dcc505dd3b8cce23f49647834ea74ce10c3afd9bda1c196ad232c1b7eb54bf2,"""/samples_ms""",10,50,best_observed_not_independent_retest
qkv,llama3_8b,131072,4,4096,32,8,128,32768,6144,4096,cublaslt_gemm,bf16,09,graph,pure_gemm,single_gpu_diagnostic_not_distributed_maxrank,26ec5332ecff61fe30e49565f0c781b49d3e29e77debca232bc934714f23daa5,1.115455985069275,1.1244095802307128,1.4785589604071854,"{""algorithm"": 66, ""best_ms"": 1.00024, ""beta"": 0, ""exact_serialized_algorithm_available"": false, ""graph_tuning"": 0, ""library_sha256"": ""520b1980e976d88f851ce52d716266602818e430f2310ea0d8765fbb260f8cb0"", ""math_sms"": 0, ""precision"": 16, ""rejected"": 0, ""replay"": ""graph"", ""requested"": 256, ""returned"": 8, ""selected_candidate_records"": [{""algorithm"": 66, ""index"": 0, ""split_k"": 1, ""tile"": 23, ""tune_ms"": 1.00024, ""workspace_bytes"": 0}], ""valid"": 8, ""workspace_capacity"": 268435456}",20260906-152108-a0abd1,70beea653872aa2cff938b2f65b3e90d8d7bbeaa97f2b7a0c81260159d0eb065,a9eb0d72de3d3721c9db57909ec7c27dc3a814be4a1593dc71ce0842b0f47749,"""/geometries/38/results/1""",10,50,best_observed_not_independent_retest
qkv,llama3_8b,131072,4,4096,32,8,128,32768,6144,4096,cublaslt_nccl,bf16,09,graph,qkv_source_rank_major_v1,distributed_maxrank,26ec5332ecff61fe30e49565f0c781b49d3e29e77debca232bc934714f23daa5,2.0988160371780396,2.1241936564445494,0.7858084808049782,"{""channels"": 32, ""chunk_kib"": 128, ""high_priority"": false, ""ll_kib"": 16, ""pack_block"": 512, ""pack_warps"": 4}",20260906-055439-ea964b,0a9a46ee0f628b8fb8ae2053574e8978bf7f5236a19e3f23a4339fe6a2863f94,61443b2e14fcbb9eeef2098aa83a868598857454e1b104fed9d8e0569c992636,"""/samples_ms/cublaslt_packed_qkv_gemm_a2a""",10,50,best_observed_not_independent_retest
qkv,llama3_8b,131072,4,4096,32,8,128,32768,6144,4096,te_ub,bf16,09,graph,qkv_source_rank_major_v1,distributed_maxrank,26ec5332ecff61fe30e49565f0c781b49d3e29e77debca232bc934714f23daa5,1.7740319967269897,1.8195791780948638,0.9296717560375604,"{""comm_sm"": 12, ""local_first"": false, ""pack_block"": 512, ""pack_warps"": 4, ""push"": true, ""reverse"": false, ""streams"": 1, ""use_ce"": false}",20260906-055439-ea964b,0a9a46ee0f628b8fb8ae2053574e8978bf7f5236a19e3f23a4339fe6a2863f94,a17b1ea55db03e6cf59a9cb26aa4523c898ae0fd1870fcde9d5ad9d0b6a2ac3c,"""/samples_ms""",10,50,best_observed_not_independent_retest
qkv,llama3_8b,131072,8,4096,32,8,128,16384,6144,4096,cublaslt_gemm,bf16,0a,graph,pure_gemm,single_gpu_diagnostic_not_distributed_maxrank,604f4464544072ecfa4f99520a8a3be7b9f73edf1546496807d25dba9371f40a,0.582431972026825,0.5924432218074799,1.4158455586878738,"{""algorithm"": 66, ""best_ms"": 0.531027, ""beta"": 0, ""exact_serialized_algorithm_available"": false, ""graph_tuning"": 0, ""library_sha256"": ""c40f68c965c0c64fa0294d12c371954e2dbc0ceb91a1c15c0fc3d5b61bcae0a9"", ""math_sms"": 0, ""precision"": 16, ""rejected"": 0, ""replay"": ""graph"", ""requested"": 256, ""returned"": 8, ""selected_candidate_records"": [{""algorithm"": 66, ""index"": 2, ""split_k"": 1, ""tile"": 32, ""tune_ms"": 0.531027, ""workspace_bytes"": 0}], ""valid"": 8, ""workspace_capacity"": 268435456}",20260906-152511-9c37d6,70beea653872aa2cff938b2f65b3e90d8d7bbeaa97f2b7a0c81260159d0eb065,07efdcc5b0869ea6954745bcc8e111c3583949dd44c4af80f02e9536b8fb8624,"""/geometries/38/results/0""",10,50,best_observed_not_independent_retest
qkv,llama3_8b,131072,8,4096,32,8,128,16384,6144,4096,cublaslt_nccl,bf16,0a,graph,qkv_source_rank_major_v1,distributed_maxrank,604f4464544072ecfa4f99520a8a3be7b9f73edf1546496807d25dba9371f40a,1.1119839549064636,1.1201615810394288,0.7415877874796902,"{""channels"": 32, ""chunk_kib"": 1024, ""high_priority"": false, ""ll_kib"": 64, ""pack_block"": 512, ""pack_warps"": 4}",20260906-171635-992feb,70beea653872aa2cff938b2f65b3e90d8d7bbeaa97f2b7a0c81260159d0eb065,4c2c2f08418a080205a53dcf70b03db6b4fa6534f2939f0d2b6c1f5036c5b00b,"""/samples_ms/cublaslt_packed_qkv_gemm_a2a""",10,50,best_observed_not_independent_retest
qkv,llama3_8b,131072,8,4096,32,8,128,16384,6144,4096,te_ub,bf16,0a,graph,qkv_source_rank_major_v1,distributed_maxrank,604f4464544072ecfa4f99520a8a3be7b9f73edf1546496807d25dba9371f40a,0.9020159840583801,0.9399632155895233,0.9142118714147178,"{""comm_sm"": 12, ""local_first"": false, ""pack_block"": 512, ""pack_warps"": 4, ""push"": true, ""reverse"": false, ""streams"": 1, ""use_ce"": false}",20260906-171635-992feb,70beea653872aa2cff938b2f65b3e90d8d7bbeaa97f2b7a0c81260159d0eb065,8a3a0b80859bc2b3b96325dce4796dd60126e4dc2f739958f52cdf45d9c8b0fc,"""/samples_ms""",10,50,best_observed_not_independent_retest
qkv,llama3_8b,16384,4,4096,32,8,128,4096,6144,4096,cublaslt_gemm,bf16,09,graph,pure_gemm,single_gpu_diagnostic_not_distributed_maxrank,26ec5332ecff61fe30e49565f0c781b49d3e29e77debca232bc934714f23daa5,0.15436799824237823,0.15619519725441933,1.3354997963004218,"{""algorithm"": 66, ""best_ms"": 0.134716, ""beta"": 0, ""exact_serialized_algorithm_available"": false, ""graph_tuning"": 0, ""library_sha256"": ""520b1980e976d88f851ce52d716266602818e430f2310ea0d8765fbb260f8cb0"", ""math_sms"": 0, ""precision"": 16, ""rejected"": 0, ""replay"": ""graph"", ""requested"": 256, ""returned"": 8, ""selected_candidate_records"": [{""algorithm"": 66, ""index"": 4, ""split_k"": 1, ""tile"": 201, ""tune_ms"": 0.134716, ""workspace_bytes"": 0}], ""valid"": 8, ""workspace_capacity"": 268435456}",20260906-152108-a0abd1,70beea653872aa2cff938b2f65b3e90d8d7bbeaa97f2b7a0c81260159d0eb065,a9eb0d72de3d3721c9db57909ec7c27dc3a814be4a1593dc71ce0842b0f47749,"""/geometries/27/results/1""",10,50,best_observed_not_independent_retest
qkv,llama3_8b,16384,4,4096,32,8,128,4096,6144,4096,cublaslt_nccl,bf16,09,graph,qkv_source_rank_major_v1,distributed_maxrank,26ec5332ecff61fe30e49565f0c781b49d3e29e77debca232bc934714f23daa5,0.3136480003595352,0.31713119596242906,0.6572923467443766,"{""channels"": 24, ""chunk_kib"": 1024, ""high_priority"": false, ""ll_kib"": 64, ""pack_block"": 512, ""pack_warps"": 4}",20260906-055439-ea964b,0a9a46ee0f628b8fb8ae2053574e8978bf7f5236a19e3f23a4339fe6a2863f94,5666836afe47c5dd781b1b31dcd9459b294788e341ff0f3b99f10bdbdf009f4d,"""/samples_ms/cublaslt_packed_qkv_gemm_a2a""",10,50,best_observed_not_independent_retest
qkv,llama3_8b,16384,4,4096,32,8,128,4096,6144,4096,te_ub,bf16,09,graph,qkv_source_rank_major_v1,distributed_maxrank,26ec5332ecff61fe30e49565f0c781b49d3e29e77debca232bc934714f23daa5,0.2576479911804199,0.2610448017716408,0.8001553952098778,"{""comm_sm"": 12, ""local_first"": false, ""pack_block"": 512, ""pack_warps"": 4, ""push"": true, ""reverse"": false, ""streams"": 1, ""use_ce"": false}",20260906-055439-ea964b,0a9a46ee0f628b8fb8ae2053574e8978bf7f5236a19e3f23a4339fe6a2863f94,ba3ecef30ed72569ca91e9e33264b3110aad9b898b005822fa5f22fa3eb65210,"""/samples_ms""",10,50,best_observed_not_independent_retest
qkv,llama3_8b,16384,8,4096,32,8,128,2048,6144,4096,cublaslt_gemm,bf16,0a,graph,pure_gemm,single_gpu_diagnostic_not_distributed_maxrank,604f4464544072ecfa4f99520a8a3be7b9f73edf1546496807d25dba9371f40a,0.0904960036277771,0.09178239852190018,1.1390471509435869,"{""algorithm"": 66, ""best_ms"": 0.078073, ""beta"": 0, ""exact_serialized_algorithm_available"": false, ""graph_tuning"": 0, ""library_sha256"": ""c40f68c965c0c64fa0294d12c371954e2dbc0ceb91a1c15c0fc3d5b61bcae0a9"", ""math_sms"": 0, ""precision"": 16, ""rejected"": 0, ""replay"": ""graph"", ""requested"": 256, ""returned"": 8, ""selected_candidate_records"": [{""algorithm"": 66, ""index"": 7, ""split_k"": 1, ""tile"": 165, ""tune_ms"": 0.078073, ""workspace_bytes"": 0}], ""valid"": 8, ""workspace_capacity"": 268435456}",20260906-152511-9c37d6,70beea653872aa2cff938b2f65b3e90d8d7bbeaa97f2b7a0c81260159d0eb065,07efdcc5b0869ea6954745bcc8e111c3583949dd44c4af80f02e9536b8fb8624,"""/geometries/27/results/0""",10,50,best_observed_not_independent_retest
qkv,llama3_8b,16384,8,4096,32,8,128,2048,6144,4096,cublaslt_nccl,bf16,0a,graph,qkv_source_rank_major_v1,distributed_maxrank,604f4464544072ecfa4f99520a8a3be7b9f73edf1546496807d25dba9371f40a,0.19487999379634857,0.19889920130372046,0.5289368759510469,"{""channels"": 32, ""chunk_kib"": 256, ""high_priority"": false, ""ll_kib"": 64, ""pack_block"": 512, ""pack_warps"": 4}",20260906-171635-992feb,70beea653872aa2cff938b2f65b3e90d8d7bbeaa97f2b7a0c81260159d0eb065,511a2cc67342534c37b2d1b43c5613eac7ac7df8eaf9496c26160bb752f98e4d,"""/samples_ms/cublaslt_packed_qkv_gemm_a2a""",10,50,best_observed_not_independent_retest
qkv,llama3_8b,16384,8,4096,32,8,128,2048,6144,4096,te_ub,bf16,0a,graph,qkv_source_rank_major_v1,distributed_maxrank,604f4464544072ecfa4f99520a8a3be7b9f73edf1546496807d25dba9371f40a,0.16859199851751328,0.1701119989156723,0.6114122616162722,"{""comm_sm"": 24, ""local_first"": false, ""pack_block"": 512, ""pack_warps"": 4, ""push"": true, ""reverse"": false, ""streams"": 1, ""use_ce"": false}",20260906-171635-992feb,70beea653872aa2cff938b2f65b3e90d8d7bbeaa97f2b7a0c81260159d0eb065,89bd1138c21214048d3b16526e1587df8128a5fa78f87cab44f8a0b66811af6d,"""/samples_ms""",10,50,best_observed_not_independent_retest
qkv,llama3_8b,262144,4,4096,32,8,128,65536,6144,4096,cublaslt_gemm,bf16,09,graph,pure_gemm,single_gpu_diagnostic_not_distributed_maxrank,26ec5332ecff61fe30e49565f0c781b49d3e29e77debca232bc934714f23daa5,2.2452958822250366,2.254787194728851,1.4690869517202463,"{""algorithm"": 66, ""best_ms"": 1.99346, ""beta"": 0, ""exact_serialized_algorithm_available"": false, ""graph_tuning"": 0, ""library_sha256"": ""520b1980e976d88f851ce52d716266602818e430f2310ea0d8765fbb260f8cb0"", ""math_sms"": 0, ""precision"": 16, ""rejected"": 0, ""replay"": ""graph"", ""requested"": 256, ""returned"": 8, ""selected_candidate_records"": [{""algorithm"": 66, ""index"": 0, ""split_k"": 1, ""tile"": 513, ""tune_ms"": 1.99346, ""workspace_bytes"": 0}], ""valid"": 8, ""workspace_capacity"": 268435456}",20260906-152108-a0abd1,70beea653872aa2cff938b2f65b3e90d8d7bbeaa97f2b7a0c81260159d0eb065,a9eb0d72de3d3721c9db57909ec7c27dc3a814be4a1593dc71ce0842b0f47749,"""/geometries/49/results/1""",10,50,best_observed_not_independent_retest
qkv,llama3_8b,262144,4,4096,32,8,128,65536,6144,4096,cublaslt_nccl,bf16,09,graph,qkv_source_rank_major_v1,distributed_maxrank,26ec5332ecff61fe30e49565f0c781b49d3e29e77debca232bc934714f23daa5,4.126159906387329,4.145184135437011,0.7994200317398851,"{""channels"": 24, ""chunk_kib"": 256, ""high_priority"": false, ""ll_kib"": 16, ""pack_block"": 512, ""pack_warps"": 4}",20260906-055439-ea964b,0a9a46ee0f628b8fb8ae2053574e8978bf7f5236a19e3f23a4339fe6a2863f94,3b92abe62dfa913882006af65dda82ea3a2798da9b5e4b2d32823145131ebd68,"""/samples_ms/cublaslt_packed_qkv_gemm_a2a""",10,50,best_observed_not_independent_retest
qkv,llama3_8b,262144,4,4096,32,8,128,65536,6144,4096,te_ub,bf16,09,graph,qkv_source_rank_major_v1,distributed_maxrank,26ec5332ecff61fe30e49565f0c781b49d3e29e77debca232bc934714f23daa5,3.5862879753112793,3.634950315952301,0.9197629710820132,"{""comm_sm"": 12, ""local_first"": false, ""pack_block"": 512, ""pack_warps"": 4, ""push"": true, ""reverse"": false, ""streams"": 1, ""use_ce"": false}",20260906-055439-ea964b,0a9a46ee0f628b8fb8ae2053574e8978bf7f5236a19e3f23a4339fe6a2863f94,65f78247334704cf35f4af509b06728cf05b3dcae64b674de6d6fa45f8160617,"""/samples_ms""",10,50,best_observed_not_independent_retest
qkv,llama3_8b,262144,8,4096,32,8,128,32768,6144,4096,cublaslt_gemm,bf16,0a,graph,pure_gemm,single_gpu_diagnostic_not_distributed_maxrank,604f4464544072ecfa4f99520a8a3be7b9f73edf1546496807d25dba9371f40a,1.0923199653625488,1.1057712495326997,1.5098757634779625,"{""algorithm"": 66, ""best_ms"": 0.956847, ""beta"": 0, ""exact_serialized_algorithm_available"": false, ""graph_tuning"": 0, ""library_sha256"": ""c40f68c965c0c64fa0294d12c371954e2dbc0ceb91a1c15c0fc3d5b61bcae0a9"", ""math_sms"": 0, ""precision"": 16, ""rejected"": 0, ""replay"": ""graph"", ""requested"": 256, ""returned"": 8, ""selected_candidate_records"": [{""algorithm"": 66, ""index"": 0, ""split_k"": 1, ""tile"": 23, ""tune_ms"": 0.956847, ""workspace_bytes"": 0}], ""valid"": 8, ""workspace_capacity"": 268435456}",20260906-152511-9c37d6,70beea653872aa2cff938b2f65b3e90d8d7bbeaa97f2b7a0c81260159d0eb065,07efdcc5b0869ea6954745bcc8e111c3583949dd44c4af80f02e9536b8fb8624,"""/geometries/49/results/0""",10,50,best_observed_not_independent_retest
qkv,llama3_8b,262144,8,4096,32,8,128,32768,6144,4096,cublaslt_nccl,bf16,0a,graph,qkv_source_rank_major_v1,distributed_maxrank,604f4464544072ecfa4f99520a8a3be7b9f73edf1546496807d25dba9371f40a,2.1473920345306396,2.1552816033363342,0.7680327649275667,"{""channels"": 24, ""chunk_kib"": 128, ""high_priority"": false, ""ll_kib"": 64, ""pack_block"": 512, ""pack_warps"": 4}",20260906-171635-992feb,70beea653872aa2cff938b2f65b3e90d8d7bbeaa97f2b7a0c81260159d0eb065,9984e309cde7e50691c60b885842661b57bfdc497dfcf6dea80d3db10fffa9db,"""/samples_ms/cublaslt_packed_qkv_gemm_a2a""",10,50,best_observed_not_independent_retest
qkv,llama3_8b,262144,8,4096,32,8,128,32768,6144,4096,te_ub,bf16,0a,graph,qkv_source_rank_major_v1,distributed_maxrank,604f4464544072ecfa4f99520a8a3be7b9f73edf1546496807d25dba9371f40a,1.7832480072975159,1.8318224251270294,0.9248671160235523,"{""comm_sm"": 16, ""local_first"": false, ""pack_block"": 512, ""pack_warps"": 4, ""push"": true, ""reverse"": false, ""streams"": 1, ""use_ce"": false}",20260906-171635-992feb,70beea653872aa2cff938b2f65b3e90d8d7bbeaa97f2b7a0c81260159d0eb065,de28fb8affc263d81645d53649538a5ce88db5aaa30546fd426e63f53f521fce,"""/samples_ms""",10,50,best_observed_not_independent_retest
qkv,llama3_8b,4096,4,4096,32,8,128,1024,6144,4096,cublaslt_gemm,bf16,09,graph,pure_gemm,single_gpu_diagnostic_not_distributed_maxrank,26ec5332ecff61fe30e49565f0c781b49d3e29e77debca232bc934714f23daa5,0.048048000782728195,0.049748798832297325,1.072669137370788,"{""algorithm"": 66, ""best_ms"": 0.0441728, ""beta"": 0, ""exact_serialized_algorithm_available"": false, ""graph_tuning"": 0, ""library_sha256"": ""520b1980e976d88f851ce52d716266602818e430f2310ea0d8765fbb260f8cb0"", ""math_sms"": 0, ""precision"": 16, ""rejected"": 0, ""replay"": ""graph"", ""requested"": 256, ""returned"": 8, ""selected_candidate_records"": [{""algorithm"": 66, ""index"": 6, ""split_k"": 1, ""tile"": 165, ""tune_ms"": 0.0441728, ""workspace_bytes"": 0}], ""valid"": 8, ""workspace_capacity"": 268435456}",20260906-152108-a0abd1,70beea653872aa2cff938b2f65b3e90d8d7bbeaa97f2b7a0c81260159d0eb065,a9eb0d72de3d3721c9db57909ec7c27dc3a814be4a1593dc71ce0842b0f47749,"""/geometries/16/results/1""",10,50,best_observed_not_independent_retest
qkv,llama3_8b,4096,4,4096,32,8,128,1024,6144,4096,cublaslt_nccl,bf16,09,graph,qkv_source_rank_major_v1,distributed_maxrank,26ec5332ecff61fe30e49565f0c781b49d3e29e77debca232bc934714f23daa5,0.11481600254774094,0.11805280074477195,0.4488887124472883,"{""channels"": 32, ""chunk_kib"": 512, ""high_priority"": false, ""ll_kib"": 16, ""pack_block"": 512, ""pack_warps"": 4}",20260906-055439-ea964b,0a9a46ee0f628b8fb8ae2053574e8978bf7f5236a19e3f23a4339fe6a2863f94,9a54f5902dab5806ce2d5f836688f2dcb51f694ef044b643283e9cdcf69d869d,"""/samples_ms/cublaslt_packed_qkv_gemm_a2a""",10,50,best_observed_not_independent_retest
qkv,llama3_8b,4096,4,4096,32,8,128,1024,6144,4096,te_ub,bf16,09,graph,qkv_source_rank_major_v1,distributed_maxrank,26ec5332ecff61fe30e49565f0c781b49d3e29e77debca232bc934714f23daa5,0.0886559970676899,0.09469599835574627,0.5813437246963553,"{""comm_sm"": 16, ""local_first"": false, ""pack_block"": 512, ""pack_warps"": 4, ""push"": true, ""reverse"": false, ""streams"": 1, ""use_ce"": false}",20260906-055439-ea964b,0a9a46ee0f628b8fb8ae2053574e8978bf7f5236a19e3f23a4339fe6a2863f94,7c0c794510e81f0f6c8b6f167160693ad4fab741f0cdb7a10c762066c110e0ea,"""/samples_ms""",10,50,best_observed_not_independent_retest
qkv,llama3_8b,4096,8,4096,32,8,128,512,6144,4096,cublaslt_gemm,bf16,0a,graph,pure_gemm,single_gpu_diagnostic_not_distributed_maxrank,604f4464544072ecfa4f99520a8a3be7b9f73edf1546496807d25dba9371f40a,0.02521600015461445,0.026683200150728226,1.0219623896728207,"{""algorithm"": 66, ""best_ms"": 0.0184934, ""beta"": 0, ""exact_serialized_algorithm_available"": false, ""graph_tuning"": 0, ""library_sha256"": ""c40f68c965c0c64fa0294d12c371954e2dbc0ceb91a1c15c0fc3d5b61bcae0a9"", ""math_sms"": 0, ""precision"": 16, ""rejected"": 0, ""replay"": ""graph"", ""requested"": 256, ""returned"": 8, ""selected_candidate_records"": [{""algorithm"": 66, ""index"": 1, ""split_k"": 1, ""tile"": 201, ""tune_ms"": 0.0184934, ""workspace_bytes"": 0}], ""valid"": 8, ""workspace_capacity"": 268435456}",20260906-152511-9c37d6,70beea653872aa2cff938b2f65b3e90d8d7bbeaa97f2b7a0c81260159d0eb065,07efdcc5b0869ea6954745bcc8e111c3583949dd44c4af80f02e9536b8fb8624,"""/geometries/16/results/0""",10,50,best_observed_not_independent_retest
qkv,llama3_8b,4096,8,4096,32,8,128,512,6144,4096,cublaslt_nccl,bf16,0a,graph,qkv_source_rank_major_v1,distributed_maxrank,604f4464544072ecfa4f99520a8a3be7b9f73edf1546496807d25dba9371f40a,0.08271999657154083,0.0853040013462305,0.311530522776471,"{""channels"": 24, ""chunk_kib"": 256, ""high_priority"": false, ""ll_kib"": 16, ""pack_block"": 512, ""pack_warps"": 4}",20260906-171635-992feb,70beea653872aa2cff938b2f65b3e90d8d7bbeaa97f2b7a0c81260159d0eb065,2f086513eb8933b413a0135178b23f223ffb124f15f781b85f3658743417db7d,"""/samples_ms/cublaslt_packed_qkv_gemm_a2a""",10,50,best_observed_not_independent_retest
qkv,llama3_8b,4096,8,4096,32,8,128,512,6144,4096,te_ub,bf16,0a,graph,qkv_source_rank_major_v1,distributed_maxrank,604f4464544072ecfa4f99520a8a3be7b9f73edf1546496807d25dba9371f40a,0.10008000209927559,0.10229599997401237,0.25749203872355364,"{""comm_sm"": 24, ""local_first"": false, ""pack_block"": 512, ""pack_warps"": 4, ""push"": true, ""reverse"": false, ""streams"": 1, ""use_ce"": false}",20260906-171635-992feb,70beea653872aa2cff938b2f65b3e90d8d7bbeaa97f2b7a0c81260159d0eb065,3ec057dc1bfe84e09cefbd14a302e4c93ea66610661950cea46ae7e14a029029,"""/samples_ms""",10,50,best_observed_not_independent_retest
qkv,llama3_8b,524288,4,4096,32,8,128,131072,6144,4096,cublaslt_gemm,bf16,09,graph,pure_gemm,single_gpu_diagnostic_not_distributed_maxrank,26ec5332ecff61fe30e49565f0c781b49d3e29e77debca232bc934714f23daa5,4.492416143417358,4.533022546768189,1.46849035264076,"{""algorithm"": 66, ""best_ms"": 4.36948, ""beta"": 0, ""exact_serialized_algorithm_available"": false, ""graph_tuning"": 0, ""library_sha256"": ""520b1980e976d88f851ce52d716266602818e430f2310ea0d8765fbb260f8cb0"", ""math_sms"": 0, ""precision"": 16, ""rejected"": 0, ""replay"": ""graph"", ""requested"": 256, ""returned"": 8, ""selected_candidate_records"": [{""algorithm"": 66, ""index"": 0, ""split_k"": 1, ""tile"": 23, ""tune_ms"": 4.36948, ""workspace_bytes"": 0}], ""valid"": 8, ""workspace_capacity"": 268435456}",20260906-152108-a0abd1,70beea653872aa2cff938b2f65b3e90d8d7bbeaa97f2b7a0c81260159d0eb065,a9eb0d72de3d3721c9db57909ec7c27dc3a814be4a1593dc71ce0842b0f47749,"""/geometries/60/results/1""",10,50,best_observed_not_independent_retest
qkv,llama3_8b,524288,4,4096,32,8,128,131072,6144,4096,cublaslt_nccl,bf16,09,graph,qkv_source_rank_major_v1,distributed_maxrank,26ec5332ecff61fe30e49565f0c781b49d3e29e77debca232bc934714f23daa5,8.391871929168701,8.442955493927002,0.786126125653291,"{""channels"": 32, ""chunk_kib"": 1024, ""high_priority"": false, ""ll_kib"": 16, ""pack_block"": 512, ""pack_warps"": 4}",20260906-055439-ea964b,0a9a46ee0f628b8fb8ae2053574e8978bf7f5236a19e3f23a4339fe6a2863f94,a63766a09fe5b749c5d33c6e306b7664cb964b98e1d1181b7209f658db8ff043,"""/samples_ms/cublaslt_packed_qkv_gemm_a2a""",10,50,best_observed_not_independent_retest
qkv,llama3_8b,524288,4,4096,32,8,128,131072,6144,4096,te_ub,bf16,09,graph,qkv_source_rank_major_v1,distributed_maxrank,26ec5332ecff61fe30e49565f0c781b49d3e29e77debca232bc934714f23daa5,7.173776149749756,7.578078389167786,0.9196090913550636,"{""comm_sm"": 20, ""local_first"": false, ""pack_block"": 512, ""pack_warps"": 4, ""push"": true, ""reverse"": false, ""streams"": 1, ""use_ce"": false}",20260906-055439-ea964b,0a9a46ee0f628b8fb8ae2053574e8978bf7f5236a19e3f23a4339fe6a2863f94,5215b8f6a812a0072d35716ff0c5886c16a8e9c1b1b946a31eb7d0a4585cc4ee,"""/samples_ms""",10,50,best_observed_not_independent_retest
qkv,llama3_8b,524288,8,4096,32,8,128,65536,6144,4096,cublaslt_gemm,bf16,0a,graph,pure_gemm,single_gpu_diagnostic_not_distributed_maxrank,604f4464544072ecfa4f99520a8a3be7b9f73edf1546496807d25dba9371f40a,2.207376003265381,2.22011194229126,1.4943239749134098,"{""algorithm"": 66, ""best_ms"": 2.08095, ""beta"": 0, ""exact_serialized_algorithm_available"": false, ""graph_tuning"": 0, ""library_sha256"": ""c40f68c965c0c64fa0294d12c371954e2dbc0ceb91a1c15c0fc3d5b61bcae0a9"", ""math_sms"": 0, ""precision"": 16, ""rejected"": 0, ""replay"": ""graph"", ""requested"": 256, ""returned"": 8, ""selected_candidate_records"": [{""algorithm"": 66, ""index"": 0, ""split_k"": 1, ""tile"": 513, ""tune_ms"": 2.08095, ""workspace_bytes"": 0}], ""valid"": 8, ""workspace_capacity"": 268435456}",20260906-152511-9c37d6,70beea653872aa2cff938b2f65b3e90d8d7bbeaa97f2b7a0c81260159d0eb065,07efdcc5b0869ea6954745bcc8e111c3583949dd44c4af80f02e9536b8fb8624,"""/geometries/60/results/0""",10,50,best_observed_not_independent_retest
qkv,llama3_8b,524288,8,4096,32,8,128,65536,6144,4096,cublaslt_nccl,bf16,0a,graph,qkv_source_rank_major_v1,distributed_maxrank,604f4464544072ecfa4f99520a8a3be7b9f73edf1546496807d25dba9371f40a,4.262127876281738,4.281065535545349,0.7739173903448499,"{""channels"": 32, ""chunk_kib"": 256, ""high_priority"": false, ""ll_kib"": 16, ""pack_block"": 512, ""pack_warps"": 4}",20260906-171635-992feb,70beea653872aa2cff938b2f65b3e90d8d7bbeaa97f2b7a0c81260159d0eb065,851eaee08d66edba4478903874dbc8ea1fa24aed00fb57dccc3ca9c0577a7329,"""/samples_ms/cublaslt_packed_qkv_gemm_a2a""",10,50,best_observed_not_independent_retest
qkv,llama3_8b,524288,8,4096,32,8,128,65536,6144,4096,te_ub,bf16,0a,graph,qkv_source_rank_major_v1,distributed_maxrank,604f4464544072ecfa4f99520a8a3be7b9f73edf1546496807d25dba9371f40a,3.712656021118164,3.7311568379402162,0.8884569064748852,"{""comm_sm"": 16, ""local_first"": false, ""pack_block"": 512, ""pack_warps"": 4, ""push"": true, ""reverse"": false, ""streams"": 1, ""use_ce"": false}",20260906-171635-992feb,70beea653872aa2cff938b2f65b3e90d8d7bbeaa97f2b7a0c81260159d0eb065,0149f5b4938c16488eb16266b7b21643ee3ae659b37ffcc9527ea69b52e36140,"""/samples_ms""",10,50,best_observed_not_independent_retest
qkv,nanbeige42_3b,1024,4,3072,48,8,128,256,8192,3072,cublaslt_gemm,bf16,09,graph,pure_gemm,single_gpu_diagnostic_not_distributed_maxrank,26ec5332ecff61fe30e49565f0c781b49d3e29e77debca232bc934714f23daa5,0.015168000012636185,0.01608159951865673,0.8494792904315548,"{""algorithm"": 66, ""best_ms"": 0.0165914, ""beta"": 0, ""exact_serialized_algorithm_available"": false, ""graph_tuning"": 0, ""library_sha256"": ""520b1980e976d88f851ce52d716266602818e430f2310ea0d8765fbb260f8cb0"", ""math_sms"": 0, ""precision"": 16, ""rejected"": 0, ""replay"": ""graph"", ""requested"": 256, ""returned"": 8, ""selected_candidate_records"": [{""algorithm"": 66, ""index"": 0, ""split_k"": 1, ""tile"": 165, ""tune_ms"": 0.0165914, ""workspace_bytes"": 0}], ""valid"": 8, ""workspace_capacity"": 268435456}",20260906-152108-a0abd1,70beea653872aa2cff938b2f65b3e90d8d7bbeaa97f2b7a0c81260159d0eb065,a9eb0d72de3d3721c9db57909ec7c27dc3a814be4a1593dc71ce0842b0f47749,"""/geometries/8/results/1""",10,50,best_observed_not_independent_retest
qkv,nanbeige42_3b,1024,4,3072,48,8,128,256,8192,3072,cublaslt_nccl,bf16,09,graph,qkv_source_rank_major_v1,distributed_maxrank,26ec5332ecff61fe30e49565f0c781b49d3e29e77debca232bc934714f23daa5,0.05897599831223488,0.06161919981241226,0.2184770458616715,"{""channels"": 32, ""chunk_kib"": 256, ""high_priority"": false, ""ll_kib"": 16, ""pack_block"": 512, ""pack_warps"": 4}",20260906-055439-ea964b,0a9a46ee0f628b8fb8ae2053574e8978bf7f5236a19e3f23a4339fe6a2863f94,e7ae813048b1c75eb329b06457f6c4cf9e03750fad86a436adf3c9aac361acf9,"""/samples_ms/cublaslt_packed_qkv_gemm_a2a""",10,50,best_observed_not_independent_retest
qkv,nanbeige42_3b,1024,4,3072,48,8,128,256,8192,3072,te_ub,bf16,09,graph,qkv_source_rank_major_v1,distributed_maxrank,26ec5332ecff61fe30e49565f0c781b49d3e29e77debca232bc934714f23daa5,0.057023998349905014,0.05870399996638298,0.22595577758221969,"{""comm_sm"": 16, ""local_first"": false, ""pack_block"": 512, ""pack_warps"": 4, ""push"": true, ""reverse"": false, ""streams"": 1, ""use_ce"": false}",20260906-055439-ea964b,0a9a46ee0f628b8fb8ae2053574e8978bf7f5236a19e3f23a4339fe6a2863f94,0d5a83ce7ebcc275405f43921bcde0845143bf82fd8e49710bee4fd9c7f28496,"""/samples_ms""",10,50,best_observed_not_independent_retest
qkv,nanbeige42_3b,1024,8,3072,48,8,128,128,8192,3072,cublaslt_gemm,bf16,0a,graph,pure_gemm,single_gpu_diagnostic_not_distributed_maxrank,604f4464544072ecfa4f99520a8a3be7b9f73edf1546496807d25dba9371f40a,0.011071999557316303,0.012539199972525238,0.5818687862702154,"{""algorithm"": 66, ""best_ms"": 0.00987328, ""beta"": 0, ""exact_serialized_algorithm_available"": false, ""graph_tuning"": 0, ""library_sha256"": ""c40f68c965c0c64fa0294d12c371954e2dbc0ceb91a1c15c0fc3d5b61bcae0a9"", ""math_sms"": 0, ""precision"": 16, ""rejected"": 0, ""replay"": ""graph"", ""requested"": 256, ""returned"": 8, ""selected_candidate_records"": [{""algorithm"": 66, ""index"": 4, ""split_k"": 1, ""tile"": 17, ""tune_ms"": 0.00987328, ""workspace_bytes"": 0}], ""valid"": 8, ""workspace_capacity"": 268435456}",20260906-152511-9c37d6,70beea653872aa2cff938b2f65b3e90d8d7bbeaa97f2b7a0c81260159d0eb065,07efdcc5b0869ea6954745bcc8e111c3583949dd44c4af80f02e9536b8fb8624,"""/geometries/8/results/0""",10,50,best_observed_not_independent_retest
qkv,nanbeige42_3b,1024,8,3072,48,8,128,128,8192,3072,cublaslt_nccl,bf16,0a,graph,qkv_source_rank_major_v1,distributed_maxrank,604f4464544072ecfa4f99520a8a3be7b9f73edf1546496807d25dba9371f40a,0.050416000187397,0.05202400125563145,0.12778584021051484,"{""channels"": 24, ""chunk_kib"": 1024, ""high_priority"": false, ""ll_kib"": 128, ""pack_block"": 512, ""pack_warps"": 4}",20260906-171635-992feb,70beea653872aa2cff938b2f65b3e90d8d7bbeaa97f2b7a0c81260159d0eb065,5ec369040b9413ccd2467c3ee62c6eeb5ded0687691705002339ab5616c06231,"""/samples_ms/cublaslt_packed_qkv_gemm_a2a""",10,50,best_observed_not_independent_retest
qkv,nanbeige42_3b,1024,8,3072,48,8,128,128,8192,3072,te_ub,bf16,0a,graph,qkv_source_rank_major_v1,distributed_maxrank,604f4464544072ecfa4f99520a8a3be7b9f73edf1546496807d25dba9371f40a,0.08054400235414505,0.11236000359058369,0.0799867247181621,"{""comm_sm"": 20, ""local_first"": false, ""pack_block"": 512, ""pack_warps"": 4, ""push"": true, ""reverse"": false, ""streams"": 1, ""use_ce"": false}",20260906-171635-992feb,70beea653872aa2cff938b2f65b3e90d8d7bbeaa97f2b7a0c81260159d0eb065,90d74c5b5fc9f755dac1b9e614f51f95866b38e5d211fd012a6f4a1f93478f70,"""/samples_ms""",10,50,best_observed_not_independent_retest
qkv,nanbeige42_3b,131072,4,3072,48,8,128,32768,8192,3072,cublaslt_gemm,bf16,09,graph,pure_gemm,single_gpu_diagnostic_not_distributed_maxrank,26ec5332ecff61fe30e49565f0c781b49d3e29e77debca232bc934714f23daa5,1.1730560064315796,1.180390441417694,1.4059579701407856,"{""algorithm"": 66, ""best_ms"": 1.04255, ""beta"": 0, ""exact_serialized_algorithm_available"": false, ""graph_tuning"": 0, ""library_sha256"": ""520b1980e976d88f851ce52d716266602818e430f2310ea0d8765fbb260f8cb0"", ""math_sms"": 0, ""precision"": 16, ""rejected"": 0, ""replay"": ""graph"", ""requested"": 256, ""returned"": 8, ""selected_candidate_records"": [{""algorithm"": 66, ""index"": 3, ""split_k"": 1, ""tile"": 32, ""tune_ms"": 1.04255, ""workspace_bytes"": 0}], ""valid"": 8, ""workspace_capacity"": 268435456}",20260906-152108-a0abd1,70beea653872aa2cff938b2f65b3e90d8d7bbeaa97f2b7a0c81260159d0eb065,a9eb0d72de3d3721c9db57909ec7c27dc3a814be4a1593dc71ce0842b0f47749,"""/geometries/41/results/1""",10,50,best_observed_not_independent_retest
qkv,nanbeige42_3b,131072,4,3072,48,8,128,32768,8192,3072,cublaslt_nccl,bf16,09,graph,qkv_source_rank_major_v1,distributed_maxrank,26ec5332ecff61fe30e49565f0c781b49d3e29e77debca232bc934714f23daa5,2.456272006034851,2.4641663312911986,0.6714514669433558,"{""channels"": 24, ""chunk_kib"": 128, ""high_priority"": false, ""ll_kib"": 64, ""pack_block"": 512, ""pack_warps"": 4}",20260906-055439-ea964b,0a9a46ee0f628b8fb8ae2053574e8978bf7f5236a19e3f23a4339fe6a2863f94,77520495d96a28458281c4f5b08c31c8f80e1c36c028a60e203fdd6af4ece4e7,"""/samples_ms/cublaslt_packed_qkv_gemm_a2a""",10,50,best_observed_not_independent_retest
qkv,nanbeige42_3b,131072,4,3072,48,8,128,32768,8192,3072,te_ub,bf16,09,graph,qkv_source_rank_major_v1,distributed_maxrank,26ec5332ecff61fe30e49565f0c781b49d3e29e77debca232bc934714f23daa5,1.9085280299186707,1.9327216506004334,0.8641567825096503,"{""comm_sm"": 16, ""local_first"": false, ""pack_block"": 512, ""pack_warps"": 4, ""push"": true, ""reverse"": false, ""streams"": 1, ""use_ce"": false}",20260906-055439-ea964b,0a9a46ee0f628b8fb8ae2053574e8978bf7f5236a19e3f23a4339fe6a2863f94,605a38b6a75b0580de69bad199e814b05ad3625b6526c9928e6e4112f734d334,"""/samples_ms""",10,50,best_observed_not_independent_retest
qkv,nanbeige42_3b,131072,8,3072,48,8,128,16384,8192,3072,cublaslt_gemm,bf16,0a,graph,pure_gemm,single_gpu_diagnostic_not_distributed_maxrank,604f4464544072ecfa4f99520a8a3be7b9f73edf1546496807d25dba9371f40a,0.5648159980773926,0.5781872183084488,1.4600041847947205,"{""algorithm"": 66, ""best_ms"": 0.507616, ""beta"": 0, ""exact_serialized_algorithm_available"": false, ""graph_tuning"": 0, ""library_sha256"": ""c40f68c965c0c64fa0294d12c371954e2dbc0ceb91a1c15c0fc3d5b61bcae0a9"", ""math_sms"": 0, ""precision"": 16, ""rejected"": 0, ""replay"": ""graph"", ""requested"": 256, ""returned"": 8, ""selected_candidate_records"": [{""algorithm"": 66, ""index"": 0, ""split_k"": 1, ""tile"": 23, ""tune_ms"": 0.507616, ""workspace_bytes"": 0}], ""valid"": 8, ""workspace_capacity"": 268435456}",20260906-152511-9c37d6,70beea653872aa2cff938b2f65b3e90d8d7bbeaa97f2b7a0c81260159d0eb065,07efdcc5b0869ea6954745bcc8e111c3583949dd44c4af80f02e9536b8fb8624,"""/geometries/41/results/0""",10,50,best_observed_not_independent_retest
qkv,nanbeige42_3b,131072,8,3072,48,8,128,16384,8192,3072,cublaslt_nccl,bf16,0a,graph,qkv_source_rank_major_v1,distributed_maxrank,604f4464544072ecfa4f99520a8a3be7b9f73edf1546496807d25dba9371f40a,1.3024479746818542,1.3425632297992707,0.633141389799797,"{""channels"": 32, ""chunk_kib"": 512, ""high_priority"": false, ""ll_kib"": 128, ""pack_block"": 512, ""pack_warps"": 4}",20260906-171635-992feb,70beea653872aa2cff938b2f65b3e90d8d7bbeaa97f2b7a0c81260159d0eb065,7683ff01fa51cc75a5dfde48f9aa4f74393225948e2714c1277fbc1fd1a7b833,"""/samples_ms/cublaslt_packed_qkv_gemm_a2a""",10,50,best_observed_not_independent_retest
qkv,nanbeige42_3b,131072,8,3072,48,8,128,16384,8192,3072,te_ub,bf16,0a,graph,qkv_source_rank_major_v1,distributed_maxrank,604f4464544072ecfa4f99520a8a3be7b9f73edf1546496807d25dba9371f40a,0.9930559992790222,1.159787184000015,0.8304000191637732,"{""comm_sm"": 16, ""local_first"": false, ""pack_block"": 512, ""pack_warps"": 4, ""push"": true, ""reverse"": false, ""streams"": 1, ""use_ce"": false}",20260906-171635-992feb,70beea653872aa2cff938b2f65b3e90d8d7bbeaa97f2b7a0c81260159d0eb065,b95173efd47667f66ead68a6faaa0f0f2db21ef149bf20f71490ace1d1fa2abf,"""/samples_ms""",10,50,best_observed_not_independent_retest
qkv,nanbeige42_3b,16384,4,3072,48,8,128,4096,8192,3072,cublaslt_gemm,bf16,09,graph,pure_gemm,single_gpu_diagnostic_not_distributed_maxrank,26ec5332ecff61fe30e49565f0c781b49d3e29e77debca232bc934714f23daa5,0.16092799603939056,0.16499200463294983,1.281060072092977,"{""algorithm"": 66, ""best_ms"": 0.147188, ""beta"": 0, ""exact_serialized_algorithm_available"": false, ""graph_tuning"": 0, ""library_sha256"": ""520b1980e976d88f851ce52d716266602818e430f2310ea0d8765fbb260f8cb0"", ""math_sms"": 0, ""precision"": 16, ""rejected"": 0, ""replay"": ""graph"", ""requested"": 256, ""returned"": 8, ""selected_candidate_records"": [{""algorithm"": 66, ""index"": 5, ""split_k"": 1, ""tile"": 535, ""tune_ms"": 0.147188, ""workspace_bytes"": 0}], ""valid"": 8, ""workspace_capacity"": 268435456}",20260906-152108-a0abd1,70beea653872aa2cff938b2f65b3e90d8d7bbeaa97f2b7a0c81260159d0eb065,a9eb0d72de3d3721c9db57909ec7c27dc3a814be4a1593dc71ce0842b0f47749,"""/geometries/30/results/1""",10,50,best_observed_not_independent_retest
qkv,nanbeige42_3b,16384,4,3072,48,8,128,4096,8192,3072,cublaslt_nccl,bf16,09,graph,qkv_source_rank_major_v1,distributed_maxrank,26ec5332ecff61fe30e49565f0c781b49d3e29e77debca232bc934714f23daa5,0.36287999153137207,0.366465599834919,0.5681173804540749,"{""channels"": 32, ""chunk_kib"": 1024, ""high_priority"": false, ""ll_kib"": 64, ""pack_block"": 512, ""pack_warps"": 4}",20260906-055439-ea964b,0a9a46ee0f628b8fb8ae2053574e8978bf7f5236a19e3f23a4339fe6a2863f94,4e09e30d10430596190deff532b5140a6ac1f7ee063d82ee1665fed8eedf3df1,"""/samples_ms/cublaslt_packed_qkv_gemm_a2a""",10,50,best_observed_not_independent_retest
qkv,nanbeige42_3b,16384,4,3072,48,8,128,4096,8192,3072,te_ub,bf16,09,graph,qkv_source_rank_major_v1,distributed_maxrank,26ec5332ecff61fe30e49565f0c781b49d3e29e77debca232bc934714f23daa5,0.25995200872421265,0.5372079893946634,0.7930634243596743,"{""comm_sm"": 16, ""local_first"": false, ""pack_block"": 512, ""pack_warps"": 4, ""push"": true, ""reverse"": false, ""streams"": 1, ""use_ce"": false}",20260906-055439-ea964b,0a9a46ee0f628b8fb8ae2053574e8978bf7f5236a19e3f23a4339fe6a2863f94,e5da65774ff2725040cedd20b60f453a9e3b2fc17beb82d45580d3fdd3fef8af,"""/samples_ms""",10,50,best_observed_not_independent_retest
qkv,nanbeige42_3b,16384,8,3072,48,8,128,2048,8192,3072,cublaslt_gemm,bf16,0a,graph,pure_gemm,single_gpu_diagnostic_not_distributed_maxrank,604f4464544072ecfa4f99520a8a3be7b9f73edf1546496807d25dba9371f40a,0.08648000285029411,0.08819520100951195,1.191942781066287,"{""algorithm"": 66, ""best_ms"": 0.0765312, ""beta"": 0, ""exact_serialized_algorithm_available"": false, ""graph_tuning"": 0, ""library_sha256"": ""c40f68c965c0c64fa0294d12c371954e2dbc0ceb91a1c15c0fc3d5b61bcae0a9"", ""math_sms"": 0, ""precision"": 16, ""rejected"": 0, ""replay"": ""graph"", ""requested"": 256, ""returned"": 8, ""selected_candidate_records"": [{""algorithm"": 66, ""index"": 7, ""split_k"": 1, ""tile"": 20, ""tune_ms"": 0.0765312, ""workspace_bytes"": 0}], ""valid"": 8, ""workspace_capacity"": 268435456}",20260906-152511-9c37d6,70beea653872aa2cff938b2f65b3e90d8d7bbeaa97f2b7a0c81260159d0eb065,07efdcc5b0869ea6954745bcc8e111c3583949dd44c4af80f02e9536b8fb8624,"""/geometries/30/results/0""",10,50,best_observed_not_independent_retest
qkv,nanbeige42_3b,16384,8,3072,48,8,128,2048,8192,3072,cublaslt_nccl,bf16,0a,graph,qkv_source_rank_major_v1,distributed_maxrank,604f4464544072ecfa4f99520a8a3be7b9f73edf1546496807d25dba9371f40a,0.2155200019478798,0.21825759634375572,0.4782814317574483,"{""channels"": 32, ""chunk_kib"": 256, ""high_priority"": false, ""ll_kib"": 16, ""pack_block"": 512, ""pack_warps"": 4}",20260906-171635-992feb,70beea653872aa2cff938b2f65b3e90d8d7bbeaa97f2b7a0c81260159d0eb065,795445ac602a4f4bc7b8cf32c3328c91fd51d428171c667efa809612f2544b99,"""/samples_ms/cublaslt_packed_qkv_gemm_a2a""",10,50,best_observed_not_independent_retest
qkv,nanbeige42_3b,16384,8,3072,48,8,128,2048,8192,3072,te_ub,bf16,0a,graph,qkv_source_rank_major_v1,distributed_maxrank,604f4464544072ecfa4f99520a8a3be7b9f73edf1546496807d25dba9371f40a,0.18292800337076187,0.21587680131196976,0.5634960924767606,"{""comm_sm"": 16, ""local_first"": false, ""pack_block"": 512, ""pack_warps"": 4, ""push"": true, ""reverse"": false, ""streams"": 1, ""use_ce"": false}",20260906-171635-992feb,70beea653872aa2cff938b2f65b3e90d8d7bbeaa97f2b7a0c81260159d0eb065,76fb7c9be01e9d2e5b1d8b5f0c7c64bd0fb00d1dd063fd181ee6de6e165c23dc,"""/samples_ms""",10,50,best_observed_not_independent_retest
qkv,nanbeige42_3b,262144,4,3072,48,8,128,65536,8192,3072,cublaslt_gemm,bf16,09,graph,pure_gemm,single_gpu_diagnostic_not_distributed_maxrank,26ec5332ecff61fe30e49565f0c781b49d3e29e77debca232bc934714f23daa5,2.2407360076904297,2.262291133403778,1.4720765284295423,"{""algorithm"": 66, ""best_ms"": 2.04083, ""beta"": 0, ""exact_serialized_algorithm_available"": false, ""graph_tuning"": 0, ""library_sha256"": ""520b1980e976d88f851ce52d716266602818e430f2310ea0d8765fbb260f8cb0"", ""math_sms"": 0, ""precision"": 16, ""rejected"": 0, ""replay"": ""graph"", ""requested"": 256, ""returned"": 8, ""selected_candidate_records"": [{""algorithm"": 66, ""index"": 0, ""split_k"": 1, ""tile"": 23, ""tune_ms"": 2.04083, ""workspace_bytes"": 0}], ""valid"": 8, ""workspace_capacity"": 268435456}",20260906-152108-a0abd1,70beea653872aa2cff938b2f65b3e90d8d7bbeaa97f2b7a0c81260159d0eb065,a9eb0d72de3d3721c9db57909ec7c27dc3a814be4a1593dc71ce0842b0f47749,"""/geometries/52/results/1""",10,50,best_observed_not_independent_retest
qkv,nanbeige42_3b,262144,4,3072,48,8,128,65536,8192,3072,cublaslt_nccl,bf16,09,graph,qkv_source_rank_major_v1,distributed_maxrank,26ec5332ecff61fe30e49565f0c781b49d3e29e77debca232bc934714f23daa5,4.7885119915008545,4.810871982574463,0.6888434004514513,"{""channels"": 32, ""chunk_kib"": 256, ""high_priority"": false, ""ll_kib"": 64, ""pack_block"": 512, ""pack_warps"": 4}",20260906-055439-ea964b,0a9a46ee0f628b8fb8ae2053574e8978bf7f5236a19e3f23a4339fe6a2863f94,fa415e5bdbff476cc5dd4e0305ae8bf8d787c7c703aaef2952c7117d8d9b8413,"""/samples_ms/cublaslt_packed_qkv_gemm_a2a""",10,50,best_observed_not_independent_retest
qkv,nanbeige42_3b,262144,4,3072,48,8,128,65536,8192,3072,te_ub,bf16,09,graph,qkv_source_rank_major_v1,distributed_maxrank,26ec5332ecff61fe30e49565f0c781b49d3e29e77debca232bc934714f23daa5,3.845984101295471,3.9707711935043335,0.8576569212069624,"{""comm_sm"": 20, ""local_first"": false, ""pack_block"": 512, ""pack_warps"": 4, ""push"": true, ""reverse"": false, ""streams"": 1, ""use_ce"": false}",20260906-055439-ea964b,0a9a46ee0f628b8fb8ae2053574e8978bf7f5236a19e3f23a4339fe6a2863f94,0a41481aa4c072145a480bc3ffdbdd925cd95afb1a09a4f83dc4d60062cb1e8f,"""/samples_ms""",10,50,best_observed_not_independent_retest
qkv,nanbeige42_3b,262144,8,3072,48,8,128,32768,8192,3072,cublaslt_gemm,bf16,0a,graph,pure_gemm,single_gpu_diagnostic_not_distributed_maxrank,604f4464544072ecfa4f99520a8a3be7b9f73edf1546496807d25dba9371f40a,1.0988479852676392,1.1152352511882782,1.5009059158099096,"{""algorithm"": 66, ""best_ms"": 0.911811, ""beta"": 0, ""exact_serialized_algorithm_available"": false, ""graph_tuning"": 0, ""library_sha256"": ""c40f68c965c0c64fa0294d12c371954e2dbc0ceb91a1c15c0fc3d5b61bcae0a9"", ""math_sms"": 0, ""precision"": 16, ""rejected"": 0, ""replay"": ""graph"", ""requested"": 256, ""returned"": 8, ""selected_candidate_records"": [{""algorithm"": 66, ""index"": 0, ""split_k"": 1, ""tile"": 23, ""tune_ms"": 0.911811, ""workspace_bytes"": 0}], ""valid"": 8, ""workspace_capacity"": 268435456}",20260906-152511-9c37d6,70beea653872aa2cff938b2f65b3e90d8d7bbeaa97f2b7a0c81260159d0eb065,07efdcc5b0869ea6954745bcc8e111c3583949dd44c4af80f02e9536b8fb8624,"""/geometries/52/results/0""",10,50,best_observed_not_independent_retest
qkv,nanbeige42_3b,262144,8,3072,48,8,128,32768,8192,3072,cublaslt_nccl,bf16,0a,graph,qkv_source_rank_major_v1,distributed_maxrank,604f4464544072ecfa4f99520a8a3be7b9f73edf1546496807d25dba9371f40a,2.535823941230774,2.5427279829978944,0.6503872034836615,"{""channels"": 24, ""chunk_kib"": 128, ""high_priority"": false, ""ll_kib"": 16, ""pack_block"": 512, ""pack_warps"": 4}",20260906-171635-992feb,70beea653872aa2cff938b2f65b3e90d8d7bbeaa97f2b7a0c81260159d0eb065,8d48bf10c879e8b632ab5f3e9363085e01f9b1a55e1f4459c1d8da05b0871e74,"""/samples_ms/cublaslt_packed_qkv_gemm_a2a""",10,50,best_observed_not_independent_retest
qkv,nanbeige42_3b,262144,8,3072,48,8,128,32768,8192,3072,te_ub,bf16,0a,graph,qkv_source_rank_major_v1,distributed_maxrank,604f4464544072ecfa4f99520a8a3be7b9f73edf1546496807d25dba9371f40a,1.9642559885978699,1.9782256186008453,0.8396397675443944,"{""comm_sm"": 16, ""local_first"": false, ""pack_block"": 512, ""pack_warps"": 4, ""push"": true, ""reverse"": false, ""streams"": 1, ""use_ce"": false}",20260906-171635-992feb,70beea653872aa2cff938b2f65b3e90d8d7bbeaa97f2b7a0c81260159d0eb065,aae19cd2d2e48f0801d067882100c60e2aad07ae680b5dd2a22a742b8aa0bc9d,"""/samples_ms""",10,50,best_observed_not_independent_retest
qkv,nanbeige42_3b,4096,4,3072,48,8,128,1024,8192,3072,cublaslt_gemm,bf16,09,graph,pure_gemm,single_gpu_diagnostic_not_distributed_maxrank,26ec5332ecff61fe30e49565f0c781b49d3e29e77debca232bc934714f23daa5,0.050335999578237534,0.05179679952561855,1.0239114745678526,"{""algorithm"": 66, ""best_ms"": 0.0494995, ""beta"": 0, ""exact_serialized_algorithm_available"": false, ""graph_tuning"": 0, ""library_sha256"": ""520b1980e976d88f851ce52d716266602818e430f2310ea0d8765fbb260f8cb0"", ""math_sms"": 0, ""precision"": 16, ""rejected"": 0, ""replay"": ""graph"", ""requested"": 256, ""returned"": 8, ""selected_candidate_records"": [{""algorithm"": 66, ""index"": 7, ""split_k"": 1, ""tile"": 165, ""tune_ms"": 0.0494995, ""workspace_bytes"": 0}], ""valid"": 8, ""workspace_capacity"": 268435456}",20260906-152108-a0abd1,70beea653872aa2cff938b2f65b3e90d8d7bbeaa97f2b7a0c81260159d0eb065,a9eb0d72de3d3721c9db57909ec7c27dc3a814be4a1593dc71ce0842b0f47749,"""/geometries/19/results/1""",10,50,best_observed_not_independent_retest
qkv,nanbeige42_3b,4096,4,3072,48,8,128,1024,8192,3072,cublaslt_nccl,bf16,09,graph,qkv_source_rank_major_v1,distributed_maxrank,26ec5332ecff61fe30e49565f0c781b49d3e29e77debca232bc934714f23daa5,0.12699200212955475,0.12987359389662742,0.40584924001292855,"{""channels"": 24, ""chunk_kib"": 256, ""high_priority"": false, ""ll_kib"": 64, ""pack_block"": 512, ""pack_warps"": 4}",20260906-055439-ea964b,0a9a46ee0f628b8fb8ae2053574e8978bf7f5236a19e3f23a4339fe6a2863f94,be7e3d0c45292b567551b1a590ecff3cd2453b10a17fae22dc09ff370ec6e16e,"""/samples_ms/cublaslt_packed_qkv_gemm_a2a""",10,50,best_observed_not_independent_retest
qkv,nanbeige42_3b,4096,4,3072,48,8,128,1024,8192,3072,te_ub,bf16,09,graph,qkv_source_rank_major_v1,distributed_maxrank,26ec5332ecff61fe30e49565f0c781b49d3e29e77debca232bc934714f23daa5,0.09564799815416336,0.09647999703884125,0.5388466935704141,"{""comm_sm"": 16, ""local_first"": false, ""pack_block"": 512, ""pack_warps"": 4, ""push"": true, ""reverse"": false, ""streams"": 1, ""use_ce"": false}",20260906-055439-ea964b,0a9a46ee0f628b8fb8ae2053574e8978bf7f5236a19e3f23a4339fe6a2863f94,baed89929425c788c161dc00bed722dcafd341f978d9c2a14869497c685873a9,"""/samples_ms""",10,50,best_observed_not_independent_retest
qkv,nanbeige42_3b,4096,8,3072,48,8,128,512,8192,3072,cublaslt_gemm,bf16,0a,graph,pure_gemm,single_gpu_diagnostic_not_distributed_maxrank,604f4464544072ecfa4f99520a8a3be7b9f73edf1546496807d25dba9371f40a,0.02580800000578165,0.027331199496984482,0.9985199848971988,"{""algorithm"": 66, ""best_ms"": 0.0184934, ""beta"": 0, ""exact_serialized_algorithm_available"": false, ""graph_tuning"": 0, ""library_sha256"": ""c40f68c965c0c64fa0294d12c371954e2dbc0ceb91a1c15c0fc3d5b61bcae0a9"", ""math_sms"": 0, ""precision"": 16, ""rejected"": 0, ""replay"": ""graph"", ""requested"": 256, ""returned"": 8, ""selected_candidate_records"": [{""algorithm"": 66, ""index"": 3, ""split_k"": 1, ""tile"": 165, ""tune_ms"": 0.0184934, ""workspace_bytes"": 0}], ""valid"": 8, ""workspace_capacity"": 268435456}",20260906-152511-9c37d6,70beea653872aa2cff938b2f65b3e90d8d7bbeaa97f2b7a0c81260159d0eb065,07efdcc5b0869ea6954745bcc8e111c3583949dd44c4af80f02e9536b8fb8624,"""/geometries/19/results/0""",10,50,best_observed_not_independent_retest
qkv,nanbeige42_3b,4096,8,3072,48,8,128,512,8192,3072,cublaslt_nccl,bf16,0a,graph,qkv_source_rank_major_v1,distributed_maxrank,604f4464544072ecfa4f99520a8a3be7b9f73edf1546496807d25dba9371f40a,0.09001599997282028,0.2124208018183708,0.2862802588848762,"{""channels"": 24, ""chunk_kib"": 1024, ""high_priority"": false, ""ll_kib"": 16, ""pack_block"": 512, ""pack_warps"": 4}",20260906-171635-992feb,70beea653872aa2cff938b2f65b3e90d8d7bbeaa97f2b7a0c81260159d0eb065,2c3dfbb17572f60c888441c0d2ebb9f0a758d330ae147b891d1160ac165702a9,"""/samples_ms/cublaslt_packed_qkv_gemm_a2a""",10,50,best_observed_not_independent_retest
qkv,nanbeige42_3b,4096,8,3072,48,8,128,512,8192,3072,te_ub,bf16,0a,graph,qkv_source_rank_major_v1,distributed_maxrank,604f4464544072ecfa4f99520a8a3be7b9f73edf1546496807d25dba9371f40a,0.10729599744081497,0.12161280065774917,0.2401748843447283,"{""comm_sm"": 16, ""local_first"": false, ""pack_block"": 512, ""pack_warps"": 4, ""push"": true, ""reverse"": false, ""streams"": 1, ""use_ce"": false}",20260906-171635-992feb,70beea653872aa2cff938b2f65b3e90d8d7bbeaa97f2b7a0c81260159d0eb065,5be5a72c35da8737fcf7e7a8812d983acd0bf835b7e7ba683209d6f9c7045917,"""/samples_ms""",10,50,best_observed_not_independent_retest
qkv,nanbeige42_3b,524288,4,3072,48,8,128,131072,8192,3072,cublaslt_gemm,bf16,09,graph,pure_gemm,single_gpu_diagnostic_not_distributed_maxrank,26ec5332ecff61fe30e49565f0c781b49d3e29e77debca232bc934714f23daa5,4.510687828063965,4.561348795890808,1.4625418601596138,"{""algorithm"": 66, ""best_ms"": 4.42166, ""beta"": 0, ""exact_serialized_algorithm_available"": false, ""graph_tuning"": 0, ""library_sha256"": ""520b1980e976d88f851ce52d716266602818e430f2310ea0d8765fbb260f8cb0"", ""math_sms"": 0, ""precision"": 16, ""rejected"": 0, ""replay"": ""graph"", ""requested"": 256, ""returned"": 8, ""selected_candidate_records"": [{""algorithm"": 66, ""index"": 0, ""split_k"": 1, ""tile"": 23, ""tune_ms"": 4.42166, ""workspace_bytes"": 0}], ""valid"": 8, ""workspace_capacity"": 268435456}",20260906-152108-a0abd1,70beea653872aa2cff938b2f65b3e90d8d7bbeaa97f2b7a0c81260159d0eb065,a9eb0d72de3d3721c9db57909ec7c27dc3a814be4a1593dc71ce0842b0f47749,"""/geometries/63/results/1""",10,50,best_observed_not_independent_retest
qkv,nanbeige42_3b,524288,4,3072,48,8,128,131072,8192,3072,cublaslt_nccl,bf16,09,graph,qkv_source_rank_major_v1,distributed_maxrank,26ec5332ecff61fe30e49565f0c781b49d3e29e77debca232bc934714f23daa5,9.584352016448975,9.63675479888916,0.6883167224381884,"{""channels"": 32, ""chunk_kib"": 1024, ""high_priority"": false, ""ll_kib"": 64, ""pack_block"": 512, ""pack_warps"": 4}",20260906-055439-ea964b,0a9a46ee0f628b8fb8ae2053574e8978bf7f5236a19e3f23a4339fe6a2863f94,a594c2d50a4b46297db13d5dc4a7481fb9a0d3024691b225c7600c52fff03154,"""/samples_ms/cublaslt_packed_qkv_gemm_a2a""",10,50,best_observed_not_independent_retest
qkv,nanbeige42_3b,524288,4,3072,48,8,128,131072,8192,3072,te_ub,bf16,09,graph,qkv_source_rank_major_v1,distributed_maxrank,26ec5332ecff61fe30e49565f0c781b49d3e29e77debca232bc934714f23daa5,7.811599969863892,7.9993791580200195,0.8445222223496611,"{""comm_sm"": 20, ""local_first"": false, ""pack_block"": 512, ""pack_warps"": 4, ""push"": true, ""reverse"": false, ""streams"": 1, ""use_ce"": false}",20260906-055439-ea964b,0a9a46ee0f628b8fb8ae2053574e8978bf7f5236a19e3f23a4339fe6a2863f94,053fd4f99423061387dda6daa1f041bf001fcd6d86a4e6a2fc1394acb345523f,"""/samples_ms""",10,50,best_observed_not_independent_retest
qkv,nanbeige42_3b,524288,8,3072,48,8,128,65536,8192,3072,cublaslt_gemm,bf16,0a,graph,pure_gemm,single_gpu_diagnostic_not_distributed_maxrank,604f4464544072ecfa4f99520a8a3be7b9f73edf1546496807d25dba9371f40a,2.2391040325164795,2.2572927236557008,1.473149454168438,"{""algorithm"": 66, ""best_ms"": 2.11837, ""beta"": 0, ""exact_serialized_algorithm_available"": false, ""graph_tuning"": 0, ""library_sha256"": ""c40f68c965c0c64fa0294d12c371954e2dbc0ceb91a1c15c0fc3d5b61bcae0a9"", ""math_sms"": 0, ""precision"": 16, ""rejected"": 0, ""replay"": ""graph"", ""requested"": 256, ""returned"": 8, ""selected_candidate_records"": [{""algorithm"": 66, ""index"": 0, ""split_k"": 1, ""tile"": 23, ""tune_ms"": 2.11837, ""workspace_bytes"": 0}], ""valid"": 8, ""workspace_capacity"": 268435456}",20260906-152511-9c37d6,70beea653872aa2cff938b2f65b3e90d8d7bbeaa97f2b7a0c81260159d0eb065,07efdcc5b0869ea6954745bcc8e111c3583949dd44c4af80f02e9536b8fb8624,"""/geometries/63/results/0""",10,50,best_observed_not_independent_retest
qkv,nanbeige42_3b,524288,8,3072,48,8,128,65536,8192,3072,cublaslt_nccl,bf16,0a,graph,qkv_source_rank_major_v1,distributed_maxrank,604f4464544072ecfa4f99520a8a3be7b9f73edf1546496807d25dba9371f40a,4.9577600955963135,4.973939299583435,0.6653276519486884,"{""channels"": 32, ""chunk_kib"": 512, ""high_priority"": false, ""ll_kib"": 64, ""pack_block"": 512, ""pack_warps"": 4}",20260906-171635-992feb,70beea653872aa2cff938b2f65b3e90d8d7bbeaa97f2b7a0c81260159d0eb065,380d2c2d32942c98e905da0d6df7f38c69bc6d24c9592f4acbfd1a563cbd8bd5,"""/samples_ms/cublaslt_packed_qkv_gemm_a2a""",10,50,best_observed_not_independent_retest
qkv,nanbeige42_3b,524288,8,3072,48,8,128,65536,8192,3072,te_ub,bf16,0a,graph,qkv_source_rank_major_v1,distributed_maxrank,604f4464544072ecfa4f99520a8a3be7b9f73edf1546496807d25dba9371f40a,3.940048098564148,3.9945840358734133,0.8371813746461797,"{""comm_sm"": 16, ""local_first"": false, ""pack_block"": 512, ""pack_warps"": 4, ""push"": true, ""reverse"": false, ""streams"": 1, ""use_ce"": false}",20260906-171635-992feb,70beea653872aa2cff938b2f65b3e90d8d7bbeaa97f2b7a0c81260159d0eb065,71b54b4b2028fada5254c452ccc2d4947707f22bc3580e3880f9d02ac62940f6,"""/samples_ms""",10,50,best_observed_not_independent_retest
qkv,production_qwen_dense,1024,4,2048,16,8,128,256,4096,2048,cublaslt_gemm,bf16,09,graph,pure_gemm,single_gpu_diagnostic_not_distributed_maxrank,26ec5332ecff61fe30e49565f0c781b49d3e29e77debca232bc934714f23daa5,0.009535999968647957,0.009983999654650688,0.4503950618834737,"{""algorithm"": 66, ""best_ms"": 0.00822336, ""beta"": 0, ""exact_serialized_algorithm_available"": false, ""graph_tuning"": 0, ""library_sha256"": ""520b1980e976d88f851ce52d716266602818e430f2310ea0d8765fbb260f8cb0"", ""math_sms"": 0, ""precision"": 16, ""rejected"": 0, ""replay"": ""graph"", ""requested"": 256, ""returned"": 8, ""selected_candidate_records"": [{""algorithm"": 66, ""index"": 2, ""split_k"": 1, ""tile"": 17, ""tune_ms"": 0.00822336, ""workspace_bytes"": 0}], ""valid"": 8, ""workspace_capacity"": 268435456}",20260906-152108-a0abd1,70beea653872aa2cff938b2f65b3e90d8d7bbeaa97f2b7a0c81260159d0eb065,a9eb0d72de3d3721c9db57909ec7c27dc3a814be4a1593dc71ce0842b0f47749,"""/geometries/2/results/1""",10,50,best_observed_not_independent_retest
qkv,production_qwen_dense,1024,4,2048,16,8,128,256,4096,2048,cublaslt_nccl,bf16,09,graph,qkv_source_rank_major_v1,distributed_maxrank,26ec5332ecff61fe30e49565f0c781b49d3e29e77debca232bc934714f23daa5,0.045632001012563705,0.04856800101697445,0.09412182680346368,"{""channels"": 24, ""chunk_kib"": 256, ""high_priority"": false, ""ll_kib"": 16, ""pack_block"": 512, ""pack_warps"": 4}",20260906-055439-ea964b,0a9a46ee0f628b8fb8ae2053574e8978bf7f5236a19e3f23a4339fe6a2863f94,fda245f1766e0cafdbcf9ed09c61c3c351d000dfd93ecd53e7427458caa09369,"""/samples_ms/cublaslt_packed_qkv_gemm_a2a""",10,50,best_observed_not_independent_retest
qkv,production_qwen_dense,1024,4,2048,16,8,128,256,4096,2048,te_ub,bf16,09,graph,qkv_source_rank_major_v1,distributed_maxrank,26ec5332ecff61fe30e49565f0c781b49d3e29e77debca232bc934714f23daa5,0.047759998589754105,0.04907680116593838,0.08992812861852542,"{""comm_sm"": 20, ""local_first"": false, ""pack_block"": 512, ""pack_warps"": 4, ""push"": true, ""reverse"": false, ""streams"": 1, ""use_ce"": false}",20260906-055439-ea964b,0a9a46ee0f628b8fb8ae2053574e8978bf7f5236a19e3f23a4339fe6a2863f94,b4c84f0fd205551c158ddcf80f8991bd0491868c96384a8e77f372d2ca7ab66f,"""/samples_ms""",10,50,best_observed_not_independent_retest
qkv,production_qwen_dense,1024,8,2048,16,8,128,128,4096,2048,cublaslt_gemm,bf16,0a,graph,pure_gemm,single_gpu_diagnostic_not_distributed_maxrank,604f4464544072ecfa4f99520a8a3be7b9f73edf1546496807d25dba9371f40a,0.009200000204145908,0.009641599748283623,0.23342213047258992,"{""algorithm"": 66, ""best_ms"": 0.00624448, ""beta"": 0, ""exact_serialized_algorithm_available"": false, ""graph_tuning"": 0, ""library_sha256"": ""c40f68c965c0c64fa0294d12c371954e2dbc0ceb91a1c15c0fc3d5b61bcae0a9"", ""math_sms"": 0, ""precision"": 16, ""rejected"": 0, ""replay"": ""graph"", ""requested"": 256, ""returned"": 8, ""selected_candidate_records"": [{""algorithm"": 66, ""index"": 0, ""split_k"": 1, ""tile"": 15, ""tune_ms"": 0.00624448, ""workspace_bytes"": 0}], ""valid"": 8, ""workspace_capacity"": 268435456}",20260906-152511-9c37d6,70beea653872aa2cff938b2f65b3e90d8d7bbeaa97f2b7a0c81260159d0eb065,07efdcc5b0869ea6954745bcc8e111c3583949dd44c4af80f02e9536b8fb8624,"""/geometries/2/results/0""",10,50,best_observed_not_independent_retest
qkv,production_qwen_dense,1024,8,2048,16,8,128,128,4096,2048,cublaslt_nccl,bf16,0a,graph,qkv_source_rank_major_v1,distributed_maxrank,604f4464544072ecfa4f99520a8a3be7b9f73edf1546496807d25dba9371f40a,0.04289599880576134,0.055811199545860286,0.050062563124455624,"{""channels"": 32, ""chunk_kib"": 256, ""high_priority"": false, ""ll_kib"": 16, ""pack_block"": 512, ""pack_warps"": 4}",20260906-171635-992feb,70beea653872aa2cff938b2f65b3e90d8d7bbeaa97f2b7a0c81260159d0eb065,e3c060434999a12d377ae328213e8b2985cdf367eb72af3bcfed552d8346c5aa,"""/samples_ms/cublaslt_packed_qkv_gemm_a2a""",10,50,best_observed_not_independent_retest
qkv,production_qwen_dense,1024,8,2048,16,8,128,128,4096,2048,te_ub,bf16,0a,graph,qkv_source_rank_major_v1,distributed_maxrank,604f4464544072ecfa4f99520a8a3be7b9f73edf1546496807d25dba9371f40a,0.07286399975419044,0.08014559932053089,0.029472491974701087,"{""comm_sm"": 4, ""local_first"": false, ""pack_block"": 512, ""pack_warps"": 4, ""push"": true, ""reverse"": false, ""streams"": 1, ""use_ce"": false}",20260906-171635-992feb,70beea653872aa2cff938b2f65b3e90d8d7bbeaa97f2b7a0c81260159d0eb065,311df1d3d7b622abb70c338cb76a2d46097a2d7d153e55ae4fd352edfd8e8ed7,"""/samples_ms""",10,50,best_observed_not_independent_retest
qkv,production_qwen_dense,131072,4,2048,16,8,128,32768,4096,2048,cublaslt_gemm,bf16,09,graph,pure_gemm,single_gpu_diagnostic_not_distributed_maxrank,26ec5332ecff61fe30e49565f0c781b49d3e29e77debca232bc934714f23daa5,0.4143199920654297,0.42012480199337005,1.326887006218088,"{""algorithm"": 66, ""best_ms"": 0.315025, ""beta"": 0, ""exact_serialized_algorithm_available"": false, ""graph_tuning"": 0, ""library_sha256"": ""520b1980e976d88f851ce52d716266602818e430f2310ea0d8765fbb260f8cb0"", ""math_sms"": 0, ""precision"": 16, ""rejected"": 0, ""replay"": ""graph"", ""requested"": 256, ""returned"": 8, ""selected_candidate_records"": [{""algorithm"": 66, ""index"": 2, ""split_k"": 1, ""tile"": 32, ""tune_ms"": 0.315025, ""workspace_bytes"": 0}], ""valid"": 8, ""workspace_capacity"": 268435456}",20260906-152108-a0abd1,70beea653872aa2cff938b2f65b3e90d8d7bbeaa97f2b7a0c81260159d0eb065,a9eb0d72de3d3721c9db57909ec7c27dc3a814be4a1593dc71ce0842b0f47749,"""/geometries/35/results/1""",10,50,best_observed_not_independent_retest
qkv,production_qwen_dense,131072,4,2048,16,8,128,32768,4096,2048,cublaslt_nccl,bf16,09,graph,qkv_source_rank_major_v1,distributed_maxrank,26ec5332ecff61fe30e49565f0c781b49d3e29e77debca232bc934714f23daa5,1.16075199842453,1.1699599981307984,0.4736203897423176,"{""channels"": 24, ""chunk_kib"": 1024, ""high_priority"": false, ""ll_kib"": 128, ""pack_block"": 512, ""pack_warps"": 4}",20260906-055439-ea964b,0a9a46ee0f628b8fb8ae2053574e8978bf7f5236a19e3f23a4339fe6a2863f94,c3b44096d30da3ff91d6911389c90a334e7a0c9517af89062416ec4ba6658c03,"""/samples_ms/cublaslt_packed_qkv_gemm_a2a""",10,50,best_observed_not_independent_retest
qkv,production_qwen_dense,131072,4,2048,16,8,128,32768,4096,2048,te_ub,bf16,09,graph,qkv_source_rank_major_v1,distributed_maxrank,26ec5332ecff61fe30e49565f0c781b49d3e29e77debca232bc934714f23daa5,0.8076319992542267,0.8400255888700485,0.680700881584247,"{""comm_sm"": 16, ""local_first"": false, ""pack_block"": 512, ""pack_warps"": 4, ""push"": true, ""reverse"": false, ""streams"": 1, ""use_ce"": false}",20260906-055439-ea964b,0a9a46ee0f628b8fb8ae2053574e8978bf7f5236a19e3f23a4339fe6a2863f94,3ba8d5414d60fa1775f12977efa16da1b44e911211209920a613ced956abc147,"""/samples_ms""",10,50,best_observed_not_independent_retest
qkv,production_qwen_dense,131072,8,2048,16,8,128,16384,4096,2048,cublaslt_gemm,bf16,0a,graph,pure_gemm,single_gpu_diagnostic_not_distributed_maxrank,604f4464544072ecfa4f99520a8a3be7b9f73edf1546496807d25dba9371f40a,0.20948799699544907,0.21092159673571587,1.3121415588787717,"{""algorithm"": 66, ""best_ms"": 0.176598, ""beta"": 0, ""exact_serialized_algorithm_available"": false, ""graph_tuning"": 0, ""library_sha256"": ""c40f68c965c0c64fa0294d12c371954e2dbc0ceb91a1c15c0fc3d5b61bcae0a9"", ""math_sms"": 0, ""precision"": 16, ""rejected"": 0, ""replay"": ""graph"", ""requested"": 256, ""returned"": 8, ""selected_candidate_records"": [{""algorithm"": 66, ""index"": 5, ""split_k"": 1, ""tile"": 29, ""tune_ms"": 0.176598, ""workspace_bytes"": 0}], ""valid"": 8, ""workspace_capacity"": 268435456}",20260906-152511-9c37d6,70beea653872aa2cff938b2f65b3e90d8d7bbeaa97f2b7a0c81260159d0eb065,07efdcc5b0869ea6954745bcc8e111c3583949dd44c4af80f02e9536b8fb8624,"""/geometries/35/results/0""",10,50,best_observed_not_independent_retest
qkv,production_qwen_dense,131072,8,2048,16,8,128,16384,4096,2048,cublaslt_nccl,bf16,0a,graph,qkv_source_rank_major_v1,distributed_maxrank,604f4464544072ecfa4f99520a8a3be7b9f73edf1546496807d25dba9371f40a,0.615776002407074,0.6204336106777191,0.44639269128627906,"{""channels"": 24, ""chunk_kib"": 1024, ""high_priority"": false, ""ll_kib"": 128, ""pack_block"": 512, ""pack_warps"": 4}",20260906-171635-992feb,70beea653872aa2cff938b2f65b3e90d8d7bbeaa97f2b7a0c81260159d0eb065,0b806bbae4e4b489e1c773992d5587c3f37b387ca8b3f37f470b52b5d6095f83,"""/samples_ms/cublaslt_packed_qkv_gemm_a2a""",10,50,best_observed_not_independent_retest
qkv,production_qwen_dense,131072,8,2048,16,8,128,16384,4096,2048,te_ub,bf16,0a,graph,qkv_source_rank_major_v1,distributed_maxrank,604f4464544072ecfa4f99520a8a3be7b9f73edf1546496807d25dba9371f40a,0.48260799050331116,0.6480864077806473,0.5695676664145785,"{""comm_sm"": 16, ""local_first"": false, ""pack_block"": 512, ""pack_warps"": 4, ""push"": true, ""reverse"": false, ""streams"": 1, ""use_ce"": false}",20260906-171635-992feb,70beea653872aa2cff938b2f65b3e90d8d7bbeaa97f2b7a0c81260159d0eb065,f5540207435236ff8eaf34c37cc030bc6e2416d9419f86225e3b8ed6fd0cf922,"""/samples_ms""",10,50,best_observed_not_independent_retest
qkv,production_qwen_dense,16384,4,2048,16,8,128,4096,4096,2048,cublaslt_gemm,bf16,09,graph,pure_gemm,single_gpu_diagnostic_not_distributed_maxrank,26ec5332ecff61fe30e49565f0c781b49d3e29e77debca232bc934714f23daa5,0.05825600028038025,0.05966879986226559,1.1796119954212458,"{""algorithm"": 66, ""best_ms"": 0.0572621, ""beta"": 0, ""exact_serialized_algorithm_available"": false, ""graph_tuning"": 0, ""library_sha256"": ""520b1980e976d88f851ce52d716266602818e430f2310ea0d8765fbb260f8cb0"", ""math_sms"": 0, ""precision"": 16, ""rejected"": 0, ""replay"": ""graph"", ""requested"": 256, ""returned"": 8, ""selected_candidate_records"": [{""algorithm"": 66, ""index"": 3, ""split_k"": 1, ""tile"": 32, ""tune_ms"": 0.0572621, ""workspace_bytes"": 0}], ""valid"": 8, ""workspace_capacity"": 268435456}",20260906-152108-a0abd1,70beea653872aa2cff938b2f65b3e90d8d7bbeaa97f2b7a0c81260159d0eb065,a9eb0d72de3d3721c9db57909ec7c27dc3a814be4a1593dc71ce0842b0f47749,"""/geometries/24/results/1""",10,50,best_observed_not_independent_retest
qkv,production_qwen_dense,16384,4,2048,16,8,128,4096,4096,2048,cublaslt_nccl,bf16,09,graph,qkv_source_rank_major_v1,distributed_maxrank,26ec5332ecff61fe30e49565f0c781b49d3e29e77debca232bc934714f23daa5,0.18675200641155243,0.1907583989202976,0.36797182561219877,"{""channels"": 24, ""chunk_kib"": 256, ""high_priority"": false, ""ll_kib"": 16, ""pack_block"": 512, ""pack_warps"": 4}",20260906-055439-ea964b,0a9a46ee0f628b8fb8ae2053574e8978bf7f5236a19e3f23a4339fe6a2863f94,d99f529e3b74a090c743131968b3086e46681ff5d887a518802d9c32a0997d02,"""/samples_ms/cublaslt_packed_qkv_gemm_a2a""",10,50,best_observed_not_independent_retest
qkv,production_qwen_dense,16384,4,2048,16,8,128,4096,4096,2048,te_ub,bf16,09,graph,qkv_source_rank_major_v1,distributed_maxrank,26ec5332ecff61fe30e49565f0c781b49d3e29e77debca232bc934714f23daa5,0.14025600254535675,0.1447679981589317,0.4899574741107934,"{""comm_sm"": 16, ""local_first"": false, ""pack_block"": 512, ""pack_warps"": 4, ""push"": true, ""reverse"": false, ""streams"": 1, ""use_ce"": false}",20260906-055439-ea964b,0a9a46ee0f628b8fb8ae2053574e8978bf7f5236a19e3f23a4339fe6a2863f94,eb34b40da0641cef40184417c85103a005677f995611ba952223f936598a0ef1,"""/samples_ms""",10,50,best_observed_not_independent_retest
qkv,production_qwen_dense,16384,8,2048,16,8,128,2048,4096,2048,cublaslt_gemm,bf16,0a,graph,pure_gemm,single_gpu_diagnostic_not_distributed_maxrank,604f4464544072ecfa4f99520a8a3be7b9f73edf1546496807d25dba9371f40a,0.03457600064575672,0.036830400675535196,0.993745306752727,"{""algorithm"": 66, ""best_ms"": 0.0299418, ""beta"": 0, ""exact_serialized_algorithm_available"": false, ""graph_tuning"": 0, ""library_sha256"": ""c40f68c965c0c64fa0294d12c371954e2dbc0ceb91a1c15c0fc3d5b61bcae0a9"", ""math_sms"": 0, ""precision"": 16, ""rejected"": 0, ""replay"": ""graph"", ""requested"": 256, ""returned"": 8, ""selected_candidate_records"": [{""algorithm"": 66, ""index"": 5, ""split_k"": 1, ""tile"": 165, ""tune_ms"": 0.0299418, ""workspace_bytes"": 0}], ""valid"": 8, ""workspace_capacity"": 268435456}",20260906-152511-9c37d6,70beea653872aa2cff938b2f65b3e90d8d7bbeaa97f2b7a0c81260159d0eb065,07efdcc5b0869ea6954745bcc8e111c3583949dd44c4af80f02e9536b8fb8624,"""/geometries/24/results/0""",10,50,best_observed_not_independent_retest
qkv,production_qwen_dense,16384,8,2048,16,8,128,2048,4096,2048,cublaslt_nccl,bf16,0a,graph,qkv_source_rank_major_v1,distributed_maxrank,604f4464544072ecfa4f99520a8a3be7b9f73edf1546496807d25dba9371f40a,0.12270400300621986,0.22405439987778614,0.28002133203639906,"{""channels"": 32, ""chunk_kib"": 256, ""high_priority"": false, ""ll_kib"": 16, ""pack_block"": 512, ""pack_warps"": 4}",20260906-171635-992feb,70beea653872aa2cff938b2f65b3e90d8d7bbeaa97f2b7a0c81260159d0eb065,a3656c7e794feeb52d6c7e56884963569a92dcdf0cb86a6bac638db3fa42a32d,"""/samples_ms/cublaslt_packed_qkv_gemm_a2a""",10,50,best_observed_not_independent_retest
qkv,production_qwen_dense,16384,8,2048,16,8,128,2048,4096,2048,te_ub,bf16,0a,graph,qkv_source_rank_major_v1,distributed_maxrank,604f4464544072ecfa4f99520a8a3be7b9f73edf1546496807d25dba9371f40a,0.12702400237321854,0.12882400080561637,0.27049799822119547,"{""comm_sm"": 20, ""local_first"": false, ""pack_block"": 512, ""pack_warps"": 4, ""push"": true, ""reverse"": false, ""streams"": 1, ""use_ce"": false}",20260906-171635-992feb,70beea653872aa2cff938b2f65b3e90d8d7bbeaa97f2b7a0c81260159d0eb065,cc8a12077a6201ed2ec414afc48e33dbd0d25210cee1b024b16d1dec55fc455b,"""/samples_ms""",10,50,best_observed_not_independent_retest
qkv,production_qwen_dense,262144,4,2048,16,8,128,65536,4096,2048,cublaslt_gemm,bf16,09,graph,pure_gemm,single_gpu_diagnostic_not_distributed_maxrank,26ec5332ecff61fe30e49565f0c781b49d3e29e77debca232bc934714f23daa5,0.7666239738464355,0.773129615187645,1.434225468138368,"{""algorithm"": 66, ""best_ms"": 0.654539, ""beta"": 0, ""exact_serialized_algorithm_available"": false, ""graph_tuning"": 0, ""library_sha256"": ""520b1980e976d88f851ce52d716266602818e430f2310ea0d8765fbb260f8cb0"", ""math_sms"": 0, ""precision"": 16, ""rejected"": 0, ""replay"": ""graph"", ""requested"": 256, ""returned"": 8, ""selected_candidate_records"": [{""algorithm"": 66, ""index"": 0, ""split_k"": 1, ""tile"": 23, ""tune_ms"": 0.654539, ""workspace_bytes"": 0}], ""valid"": 8, ""workspace_capacity"": 268435456}",20260906-152108-a0abd1,70beea653872aa2cff938b2f65b3e90d8d7bbeaa97f2b7a0c81260159d0eb065,a9eb0d72de3d3721c9db57909ec7c27dc3a814be4a1593dc71ce0842b0f47749,"""/geometries/46/results/1""",10,50,best_observed_not_independent_retest
qkv,production_qwen_dense,262144,4,2048,16,8,128,65536,4096,2048,cublaslt_nccl,bf16,09,graph,qkv_source_rank_major_v1,distributed_maxrank,26ec5332ecff61fe30e49565f0c781b49d3e29e77debca232bc934714f23daa5,2.164911985397339,2.1782447695732117,0.5078782117667477,"{""channels"": 32, ""chunk_kib"": 128, ""high_priority"": false, ""ll_kib"": 16, ""pack_block"": 512, ""pack_warps"": 4}",20260906-055439-ea964b,0a9a46ee0f628b8fb8ae2053574e8978bf7f5236a19e3f23a4339fe6a2863f94,b1118717d91ac8b50091efcebe340d11ce20405599fa9cded82a9d71a386cbb2,"""/samples_ms/cublaslt_packed_qkv_gemm_a2a""",10,50,best_observed_not_independent_retest
qkv,production_qwen_dense,262144,4,2048,16,8,128,65536,4096,2048,te_ub,bf16,09,graph,qkv_source_rank_major_v1,distributed_maxrank,26ec5332ecff61fe30e49565f0c781b49d3e29e77debca232bc934714f23daa5,1.653551995754242,1.67186239361763,0.6649392523483817,"{""comm_sm"": 16, ""local_first"": false, ""pack_block"": 512, ""pack_warps"": 4, ""push"": true, ""reverse"": false, ""streams"": 1, ""use_ce"": false}",20260906-055439-ea964b,0a9a46ee0f628b8fb8ae2053574e8978bf7f5236a19e3f23a4339fe6a2863f94,f7a735cb5edc17aba7b818ed9fe24bb89f42c26b95b59eb997a7d58f66a39d64,"""/samples_ms""",10,50,best_observed_not_independent_retest
qkv,production_qwen_dense,262144,8,2048,16,8,128,32768,4096,2048,cublaslt_gemm,bf16,0a,graph,pure_gemm,single_gpu_diagnostic_not_distributed_maxrank,604f4464544072ecfa4f99520a8a3be7b9f73edf1546496807d25dba9371f40a,0.38681599497795105,0.39159680902957916,1.4212334056127558,"{""algorithm"": 66, ""best_ms"": 0.370051, ""beta"": 0, ""exact_serialized_algorithm_available"": false, ""graph_tuning"": 0, ""library_sha256"": ""c40f68c965c0c64fa0294d12c371954e2dbc0ceb91a1c15c0fc3d5b61bcae0a9"", ""math_sms"": 0, ""precision"": 16, ""rejected"": 0, ""replay"": ""graph"", ""requested"": 256, ""returned"": 8, ""selected_candidate_records"": [{""algorithm"": 66, ""index"": 2, ""split_k"": 1, ""tile"": 32, ""tune_ms"": 0.370051, ""workspace_bytes"": 0}], ""valid"": 8, ""workspace_capacity"": 268435456}",20260906-152511-9c37d6,70beea653872aa2cff938b2f65b3e90d8d7bbeaa97f2b7a0c81260159d0eb065,07efdcc5b0869ea6954745bcc8e111c3583949dd44c4af80f02e9536b8fb8624,"""/geometries/46/results/0""",10,50,best_observed_not_independent_retest
qkv,production_qwen_dense,262144,8,2048,16,8,128,32768,4096,2048,cublaslt_nccl,bf16,0a,graph,qkv_source_rank_major_v1,distributed_maxrank,604f4464544072ecfa4f99520a8a3be7b9f73edf1546496807d25dba9371f40a,1.1651040315628052,1.1740800499916078,0.4718512673504257,"{""channels"": 32, ""chunk_kib"": 512, ""high_priority"": false, ""ll_kib"": 128, ""pack_block"": 512, ""pack_warps"": 4}",20260906-171635-992feb,70beea653872aa2cff938b2f65b3e90d8d7bbeaa97f2b7a0c81260159d0eb065,f4ca99c36f8fab48f920f41c025c831fcf83db303e4deea8fa7164c5467510b2,"""/samples_ms/cublaslt_packed_qkv_gemm_a2a""",10,50,best_observed_not_independent_retest
qkv,production_qwen_dense,262144,8,2048,16,8,128,32768,4096,2048,te_ub,bf16,0a,graph,qkv_source_rank_major_v1,distributed_maxrank,604f4464544072ecfa4f99520a8a3be7b9f73edf1546496807d25dba9371f40a,1.14164799451828,1.2091888308525085,0.481545814933937,"{""comm_sm"": 24, ""local_first"": false, ""pack_block"": 512, ""pack_warps"": 4, ""push"": true, ""reverse"": false, ""streams"": 1, ""use_ce"": false}",20260906-171635-992feb,70beea653872aa2cff938b2f65b3e90d8d7bbeaa97f2b7a0c81260159d0eb065,a9068acc61ecafa3740c1bbba2a7091780de9e7d042b01d4e124f093c83b3301,"""/samples_ms""",10,50,best_observed_not_independent_retest
qkv,production_qwen_dense,4096,4,2048,16,8,128,1024,4096,2048,cublaslt_gemm,bf16,09,graph,pure_gemm,single_gpu_diagnostic_not_distributed_maxrank,26ec5332ecff61fe30e49565f0c781b49d3e29e77debca232bc934714f23daa5,0.019231999292969704,0.019697599951177834,0.893296059462738,"{""algorithm"": 66, ""best_ms"": 0.0183853, ""beta"": 0, ""exact_serialized_algorithm_available"": false, ""graph_tuning"": 0, ""library_sha256"": ""520b1980e976d88f851ce52d716266602818e430f2310ea0d8765fbb260f8cb0"", ""math_sms"": 0, ""precision"": 16, ""rejected"": 0, ""replay"": ""graph"", ""requested"": 256, ""returned"": 8, ""selected_candidate_records"": [{""algorithm"": 66, ""index"": 2, ""split_k"": 1, ""tile"": 165, ""tune_ms"": 0.0183853, ""workspace_bytes"": 0}], ""valid"": 8, ""workspace_capacity"": 268435456}",20260906-152108-a0abd1,70beea653872aa2cff938b2f65b3e90d8d7bbeaa97f2b7a0c81260159d0eb065,a9eb0d72de3d3721c9db57909ec7c27dc3a814be4a1593dc71ce0842b0f47749,"""/geometries/13/results/1""",10,50,best_observed_not_independent_retest
qkv,production_qwen_dense,4096,4,2048,16,8,128,1024,4096,2048,cublaslt_nccl,bf16,09,graph,qkv_source_rank_major_v1,distributed_maxrank,26ec5332ecff61fe30e49565f0c781b49d3e29e77debca232bc934714f23daa5,0.07513599842786789,0.07725119963288307,0.2286503080210351,"{""channels"": 32, ""chunk_kib"": 1024, ""high_priority"": false, ""ll_kib"": 16, ""pack_block"": 512, ""pack_warps"": 4}",20260906-055439-ea964b,0a9a46ee0f628b8fb8ae2053574e8978bf7f5236a19e3f23a4339fe6a2863f94,a8d3cdf9b59b46591d7037442684f2794e226c1d67380c82c1f1277bdec52436,"""/samples_ms/cublaslt_packed_qkv_gemm_a2a""",10,50,best_observed_not_independent_retest
qkv,production_qwen_dense,4096,4,2048,16,8,128,1024,4096,2048,te_ub,bf16,09,graph,qkv_source_rank_major_v1,distributed_maxrank,26ec5332ecff61fe30e49565f0c781b49d3e29e77debca232bc934714f23daa5,0.06535999849438667,0.0667136013507843,0.2628499017709657,"{""comm_sm"": 16, ""local_first"": false, ""pack_block"": 512, ""pack_warps"": 4, ""push"": true, ""reverse"": false, ""streams"": 1, ""use_ce"": false}",20260906-055439-ea964b,0a9a46ee0f628b8fb8ae2053574e8978bf7f5236a19e3f23a4339fe6a2863f94,7c7ff5684fd74d21463283ee88493e966d7bc35aae6e415bf4846474bd212969,"""/samples_ms""",10,50,best_observed_not_independent_retest
qkv,production_qwen_dense,4096,8,2048,16,8,128,512,4096,2048,cublaslt_gemm,bf16,0a,graph,pure_gemm,single_gpu_diagnostic_not_distributed_maxrank,604f4464544072ecfa4f99520a8a3be7b9f73edf1546496807d25dba9371f40a,0.013104000128805637,0.014112000353634357,0.6555200326286115,"{""algorithm"": 66, ""best_ms"": 0.0103046, ""beta"": 0, ""exact_serialized_algorithm_available"": false, ""graph_tuning"": 0, ""library_sha256"": ""c40f68c965c0c64fa0294d12c371954e2dbc0ceb91a1c15c0fc3d5b61bcae0a9"", ""math_sms"": 0, ""precision"": 16, ""rejected"": 0, ""replay"": ""graph"", ""requested"": 256, ""returned"": 8, ""selected_candidate_records"": [{""algorithm"": 66, ""index"": 1, ""split_k"": 1, ""tile"": 20, ""tune_ms"": 0.0103046, ""workspace_bytes"": 0}], ""valid"": 8, ""workspace_capacity"": 268435456}",20260906-152511-9c37d6,70beea653872aa2cff938b2f65b3e90d8d7bbeaa97f2b7a0c81260159d0eb065,07efdcc5b0869ea6954745bcc8e111c3583949dd44c4af80f02e9536b8fb8624,"""/geometries/13/results/0""",10,50,best_observed_not_independent_retest
qkv,production_qwen_dense,4096,8,2048,16,8,128,512,4096,2048,cublaslt_nccl,bf16,0a,graph,qkv_source_rank_major_v1,distributed_maxrank,604f4464544072ecfa4f99520a8a3be7b9f73edf1546496807d25dba9371f40a,0.0655680000782013,0.07145920023322105,0.1310080310784987,"{""channels"": 16, ""chunk_kib"": 512, ""high_priority"": false, ""ll_kib"": 16, ""pack_block"": 512, ""pack_warps"": 4}",20260906-171635-992feb,70beea653872aa2cff938b2f65b3e90d8d7bbeaa97f2b7a0c81260159d0eb065,e8cabccdee142ab479b503bdacd39d74d41a2f35952b1b05dcfdbd112c4bca15,"""/samples_ms/cublaslt_packed_qkv_gemm_a2a""",10,50,best_observed_not_independent_retest
qkv,production_qwen_dense,4096,8,2048,16,8,128,512,4096,2048,te_ub,bf16,0a,graph,qkv_source_rank_major_v1,distributed_maxrank,604f4464544072ecfa4f99520a8a3be7b9f73edf1546496807d25dba9371f40a,0.0886559970676899,0.09091840274631977,0.0968906207827259,"{""comm_sm"": 24, ""local_first"": false, ""pack_block"": 512, ""pack_warps"": 4, ""push"": true, ""reverse"": false, ""streams"": 1, ""use_ce"": false}",20260906-171635-992feb,70beea653872aa2cff938b2f65b3e90d8d7bbeaa97f2b7a0c81260159d0eb065,2451d8cfb7235a8b729f19b70f233d712bef06fb8318a9bed08764a2ae86e1b5,"""/samples_ms""",10,50,best_observed_not_independent_retest
qkv,production_qwen_dense,524288,4,2048,16,8,128,131072,4096,2048,cublaslt_gemm,bf16,09,graph,pure_gemm,single_gpu_diagnostic_not_distributed_maxrank,26ec5332ecff61fe30e49565f0c781b49d3e29e77debca232bc934714f23daa5,1.5326879620552063,1.5512783467769622,1.434749479341701,"{""algorithm"": 66, ""best_ms"": 1.23062, ""beta"": 0, ""exact_serialized_algorithm_available"": false, ""graph_tuning"": 0, ""library_sha256"": ""520b1980e976d88f851ce52d716266602818e430f2310ea0d8765fbb260f8cb0"", ""math_sms"": 0, ""precision"": 16, ""rejected"": 0, ""replay"": ""graph"", ""requested"": 256, ""returned"": 8, ""selected_candidate_records"": [{""algorithm"": 66, ""index"": 0, ""split_k"": 1, ""tile"": 23, ""tune_ms"": 1.23062, ""workspace_bytes"": 0}], ""valid"": 8, ""workspace_capacity"": 268435456}",20260906-152108-a0abd1,70beea653872aa2cff938b2f65b3e90d8d7bbeaa97f2b7a0c81260159d0eb065,a9eb0d72de3d3721c9db57909ec7c27dc3a814be4a1593dc71ce0842b0f47749,"""/geometries/57/results/1""",10,50,best_observed_not_independent_retest
qkv,production_qwen_dense,524288,4,2048,16,8,128,131072,4096,2048,cublaslt_nccl,bf16,09,graph,qkv_source_rank_major_v1,distributed_maxrank,26ec5332ecff61fe30e49565f0c781b49d3e29e77debca232bc934714f23daa5,4.280656099319458,4.289023923873901,0.5137117312230717,"{""channels"": 24, ""chunk_kib"": 256, ""high_priority"": false, ""ll_kib"": 16, ""pack_block"": 512, ""pack_warps"": 4}",20260906-055439-ea964b,0a9a46ee0f628b8fb8ae2053574e8978bf7f5236a19e3f23a4339fe6a2863f94,dbecddfc38a1b90ddcf560bd8bf9cee168eef0bc9b4b44d8bce15dd992ac754e,"""/samples_ms/cublaslt_packed_qkv_gemm_a2a""",10,50,best_observed_not_independent_retest
qkv,production_qwen_dense,524288,4,2048,16,8,128,131072,4096,2048,te_ub,bf16,09,graph,qkv_source_rank_major_v1,distributed_maxrank,26ec5332ecff61fe30e49565f0c781b49d3e29e77debca232bc934714f23daa5,3.2583839893341064,3.2874240279197693,0.674881555627027,"{""comm_sm"": 16, ""local_first"": false, ""pack_block"": 512, ""pack_warps"": 4, ""push"": true, ""reverse"": false, ""streams"": 1, ""use_ce"": false}",20260906-055439-ea964b,0a9a46ee0f628b8fb8ae2053574e8978bf7f5236a19e3f23a4339fe6a2863f94,24e83f934e775607a15d807ffa1b40969601c3046311ba02556b85f62f3200db,"""/samples_ms""",10,50,best_observed_not_independent_retest
qkv,production_qwen_dense,524288,8,2048,16,8,128,65536,4096,2048,cublaslt_gemm,bf16,0a,graph,pure_gemm,single_gpu_diagnostic_not_distributed_maxrank,604f4464544072ecfa4f99520a8a3be7b9f73edf1546496807d25dba9371f40a,0.8051519989967346,0.8105696171522141,1.3655951039630458,"{""algorithm"": 66, ""best_ms"": 0.725956, ""beta"": 0, ""exact_serialized_algorithm_available"": false, ""graph_tuning"": 0, ""library_sha256"": ""c40f68c965c0c64fa0294d12c371954e2dbc0ceb91a1c15c0fc3d5b61bcae0a9"", ""math_sms"": 0, ""precision"": 16, ""rejected"": 0, ""replay"": ""graph"", ""requested"": 256, ""returned"": 8, ""selected_candidate_records"": [{""algorithm"": 66, ""index"": 4, ""split_k"": 1, ""tile"": 29, ""tune_ms"": 0.725956, ""workspace_bytes"": 0}], ""valid"": 8, ""workspace_capacity"": 268435456}",20260906-152511-9c37d6,70beea653872aa2cff938b2f65b3e90d8d7bbeaa97f2b7a0c81260159d0eb065,07efdcc5b0869ea6954745bcc8e111c3583949dd44c4af80f02e9536b8fb8624,"""/geometries/57/results/0""",10,50,best_observed_not_independent_retest
qkv,production_qwen_dense,524288,8,2048,16,8,128,65536,4096,2048,cublaslt_nccl,bf16,0a,graph,qkv_source_rank_major_v1,distributed_maxrank,604f4464544072ecfa4f99520a8a3be7b9f73edf1546496807d25dba9371f40a,2.225632071495056,2.2306737065315247,0.4940221889583974,"{""channels"": 32, ""chunk_kib"": 128, ""high_priority"": false, ""ll_kib"": 64, ""pack_block"": 512, ""pack_warps"": 4}",20260906-171635-992feb,70beea653872aa2cff938b2f65b3e90d8d7bbeaa97f2b7a0c81260159d0eb065,956d522a73cbc3964315eb13b98d085226a42b6b42593e56f7d98b8de9b0ddaf,"""/samples_ms/cublaslt_packed_qkv_gemm_a2a""",10,50,best_observed_not_independent_retest
qkv,production_qwen_dense,524288,8,2048,16,8,128,65536,4096,2048,te_ub,bf16,0a,graph,qkv_source_rank_major_v1,distributed_maxrank,604f4464544072ecfa4f99520a8a3be7b9f73edf1546496807d25dba9371f40a,1.7115520238876343,1.7763839840888977,0.6424061976676348,"{""comm_sm"": 16, ""local_first"": false, ""pack_block"": 512, ""pack_warps"": 4, ""push"": true, ""reverse"": false, ""streams"": 1, ""use_ce"": false}",20260906-171635-992feb,70beea653872aa2cff938b2f65b3e90d8d7bbeaa97f2b7a0c81260159d0eb065,0b083e1001f0bf6c8dc1a931e5f7c1d08f4e9a106042a84cede83ca93fcea672,"""/samples_ms""",10,50,best_observed_not_independent_retest
qkv,qwen25_14b_32b,1024,4,5120,40,8,128,256,7168,5120,cublaslt_gemm,bf16,09,graph,pure_gemm,single_gpu_diagnostic_not_distributed_maxrank,26ec5332ecff61fe30e49565f0c781b49d3e29e77debca232bc934714f23daa5,0.019567999988794327,0.020959999412298203,0.9602658386529245,"{""algorithm"": 66, ""best_ms"": 0.0164883, ""beta"": 0, ""exact_serialized_algorithm_available"": false, ""graph_tuning"": 0, ""library_sha256"": ""520b1980e976d88f851ce52d716266602818e430f2310ea0d8765fbb260f8cb0"", ""math_sms"": 0, ""precision"": 16, ""rejected"": 0, ""replay"": ""graph"", ""requested"": 256, ""returned"": 8, ""selected_candidate_records"": [{""algorithm"": 66, ""index"": 0, ""split_k"": 1, ""tile"": 165, ""tune_ms"": 0.0164883, ""workspace_bytes"": 0}], ""valid"": 8, ""workspace_capacity"": 268435456}",20260906-152108-a0abd1,70beea653872aa2cff938b2f65b3e90d8d7bbeaa97f2b7a0c81260159d0eb065,a9eb0d72de3d3721c9db57909ec7c27dc3a814be4a1593dc71ce0842b0f47749,"""/geometries/6/results/1""",10,50,best_observed_not_independent_retest
qkv,qwen25_14b_32b,1024,4,5120,40,8,128,256,7168,5120,cublaslt_nccl,bf16,09,graph,qkv_source_rank_major_v1,distributed_maxrank,26ec5332ecff61fe30e49565f0c781b49d3e29e77debca232bc934714f23daa5,0.062431998550891876,0.06661759987473488,0.3009751786927469,"{""channels"": 32, ""chunk_kib"": 1024, ""high_priority"": false, ""ll_kib"": 16, ""pack_block"": 512, ""pack_warps"": 4}",20260906-055439-ea964b,0a9a46ee0f628b8fb8ae2053574e8978bf7f5236a19e3f23a4339fe6a2863f94,54c3022d31c11392c596057b900c71bf9dc9b2793cf5a7fc583bc7e4fa684fc4,"""/samples_ms/cublaslt_packed_qkv_gemm_a2a""",10,50,best_observed_not_independent_retest
qkv,qwen25_14b_32b,1024,4,5120,40,8,128,256,7168,5120,te_ub,bf16,09,graph,qkv_source_rank_major_v1,distributed_maxrank,26ec5332ecff61fe30e49565f0c781b49d3e29e77debca232bc934714f23daa5,0.05860799923539162,0.059619199484586716,0.3206129225556806,"{""comm_sm"": 20, ""local_first"": false, ""pack_block"": 512, ""pack_warps"": 4, ""push"": true, ""reverse"": false, ""streams"": 1, ""use_ce"": false}",20260906-055439-ea964b,0a9a46ee0f628b8fb8ae2053574e8978bf7f5236a19e3f23a4339fe6a2863f94,73d43c1481802af2dcfbdca63a1b74bd6a647b1cd2aac20db2459e0f396367a6,"""/samples_ms""",10,50,best_observed_not_independent_retest
qkv,qwen25_14b_32b,1024,8,5120,40,8,128,128,7168,5120,cublaslt_gemm,bf16,0a,graph,pure_gemm,single_gpu_diagnostic_not_distributed_maxrank,604f4464544072ecfa4f99520a8a3be7b9f73edf1546496807d25dba9371f40a,0.013232000172138214,0.0146159999538213,0.7100393619842119,"{""algorithm"": 66, ""best_ms"": 0.0112058, ""beta"": 0, ""exact_serialized_algorithm_available"": false, ""graph_tuning"": 0, ""library_sha256"": ""c40f68c965c0c64fa0294d12c371954e2dbc0ceb91a1c15c0fc3d5b61bcae0a9"", ""math_sms"": 0, ""precision"": 16, ""rejected"": 0, ""replay"": ""graph"", ""requested"": 256, ""returned"": 8, ""selected_candidate_records"": [{""algorithm"": 66, ""index"": 2, ""split_k"": 1, ""tile"": 17, ""tune_ms"": 0.0112058, ""workspace_bytes"": 0}], ""valid"": 8, ""workspace_capacity"": 268435456}",20260906-152511-9c37d6,70beea653872aa2cff938b2f65b3e90d8d7bbeaa97f2b7a0c81260159d0eb065,07efdcc5b0869ea6954745bcc8e111c3583949dd44c4af80f02e9536b8fb8624,"""/geometries/6/results/0""",10,50,best_observed_not_independent_retest
qkv,qwen25_14b_32b,1024,8,5120,40,8,128,128,7168,5120,cublaslt_nccl,bf16,0a,graph,qkv_source_rank_major_v1,distributed_maxrank,604f4464544072ecfa4f99520a8a3be7b9f73edf1546496807d25dba9371f40a,0.05115199834108353,0.05411519985646009,0.18367299938806234,"{""channels"": 32, ""chunk_kib"": 128, ""high_priority"": false, ""ll_kib"": 16, ""pack_block"": 512, ""pack_warps"": 4}",20260906-171635-992feb,70beea653872aa2cff938b2f65b3e90d8d7bbeaa97f2b7a0c81260159d0eb065,bfe6cd201a03930b88af00eba66ca8a8efdbf31336c76f3b2318a053d45084e8,"""/samples_ms/cublaslt_packed_qkv_gemm_a2a""",10,50,best_observed_not_independent_retest
qkv,qwen25_14b_32b,1024,8,5120,40,8,128,128,7168,5120,te_ub,bf16,0a,graph,qkv_source_rank_major_v1,distributed_maxrank,604f4464544072ecfa4f99520a8a3be7b9f73edf1546496807d25dba9371f40a,0.08406399935483932,0.09080959856510162,0.11176295479759545,"{""comm_sm"": 16, ""local_first"": false, ""pack_block"": 512, ""pack_warps"": 4, ""push"": true, ""reverse"": false, ""streams"": 1, ""use_ce"": false}",20260906-171635-992feb,70beea653872aa2cff938b2f65b3e90d8d7bbeaa97f2b7a0c81260159d0eb065,2f6d7400e67de9cc519fed15f130477819f2a33e88fe8f830558da6f09e7a6df,"""/samples_ms""",10,50,best_observed_not_independent_retest
qkv,qwen25_14b_32b,131072,4,5120,40,8,128,32768,7168,5120,cublaslt_gemm,bf16,09,graph,pure_gemm,single_gpu_diagnostic_not_distributed_maxrank,26ec5332ecff61fe30e49565f0c781b49d3e29e77debca232bc934714f23daa5,1.6249120235443115,1.6329807877540587,1.4801919432620965,"{""algorithm"": 66, ""best_ms"": 1.41103, ""beta"": 0, ""exact_serialized_algorithm_available"": false, ""graph_tuning"": 0, ""library_sha256"": ""520b1980e976d88f851ce52d716266602818e430f2310ea0d8765fbb260f8cb0"", ""math_sms"": 0, ""precision"": 16, ""rejected"": 0, ""replay"": ""graph"", ""requested"": 256, ""returned"": 8, ""selected_candidate_records"": [{""algorithm"": 66, ""index"": 0, ""split_k"": 1, ""tile"": 23, ""tune_ms"": 1.41103, ""workspace_bytes"": 0}], ""valid"": 8, ""workspace_capacity"": 268435456}",20260906-152108-a0abd1,70beea653872aa2cff938b2f65b3e90d8d7bbeaa97f2b7a0c81260159d0eb065,a9eb0d72de3d3721c9db57909ec7c27dc3a814be4a1593dc71ce0842b0f47749,"""/geometries/39/results/1""",10,50,best_observed_not_independent_retest
qkv,qwen25_14b_32b,131072,4,5120,40,8,128,32768,7168,5120,cublaslt_nccl,bf16,09,graph,qkv_source_rank_major_v1,distributed_maxrank,26ec5332ecff61fe30e49565f0c781b49d3e29e77debca232bc934714f23daa5,2.7863199710845947,2.8007744193077087,0.8632108697924474,"{""channels"": 24, ""chunk_kib"": 128, ""high_priority"": false, ""ll_kib"": 128, ""pack_block"": 512, ""pack_warps"": 4}",20260906-055439-ea964b,0a9a46ee0f628b8fb8ae2053574e8978bf7f5236a19e3f23a4339fe6a2863f94,87b196af8bde067458dd664d5bdfff3e09eccd4fa6021c9bd74bcd78ae521996,"""/samples_ms/cublaslt_packed_qkv_gemm_a2a""",10,50,best_observed_not_independent_retest
qkv,qwen25_14b_32b,131072,4,5120,40,8,128,32768,7168,5120,te_ub,bf16,09,graph,qkv_source_rank_major_v1,distributed_maxrank,26ec5332ecff61fe30e49565f0c781b49d3e29e77debca232bc934714f23daa5,2.4128639698028564,2.4244991898536683,0.9968161139048862,"{""comm_sm"": 20, ""local_first"": false, ""pack_block"": 512, ""pack_warps"": 4, ""push"": true, ""reverse"": false, ""streams"": 1, ""use_ce"": false}",20260906-055439-ea964b,0a9a46ee0f628b8fb8ae2053574e8978bf7f5236a19e3f23a4339fe6a2863f94,31e0439a2781174b576786e3d80538f95ad076869f192887aeafa89098a2c1d6,"""/samples_ms""",10,50,best_observed_not_independent_retest
qkv,qwen25_14b_32b,131072,8,5120,40,8,128,16384,7168,5120,cublaslt_gemm,bf16,0a,graph,pure_gemm,single_gpu_diagnostic_not_distributed_maxrank,604f4464544072ecfa4f99520a8a3be7b9f73edf1546496807d25dba9371f40a,0.858128011226654,0.8704560220241546,1.401411942212389,"{""algorithm"": 66, ""best_ms"": 0.736625, ""beta"": 0, ""exact_serialized_algorithm_available"": false, ""graph_tuning"": 0, ""library_sha256"": ""c40f68c965c0c64fa0294d12c371954e2dbc0ceb91a1c15c0fc3d5b61bcae0a9"", ""math_sms"": 0, ""precision"": 16, ""rejected"": 0, ""replay"": ""graph"", ""requested"": 256, ""returned"": 8, ""selected_candidate_records"": [{""algorithm"": 66, ""index"": 1, ""split_k"": 1, ""tile"": 24, ""tune_ms"": 0.736625, ""workspace_bytes"": 0}], ""valid"": 8, ""workspace_capacity"": 268435456}",20260906-152511-9c37d6,70beea653872aa2cff938b2f65b3e90d8d7bbeaa97f2b7a0c81260159d0eb065,07efdcc5b0869ea6954745bcc8e111c3583949dd44c4af80f02e9536b8fb8624,"""/geometries/39/results/0""",10,50,best_observed_not_independent_retest
qkv,qwen25_14b_32b,131072,8,5120,40,8,128,16384,7168,5120,cublaslt_nccl,bf16,0a,graph,qkv_source_rank_major_v1,distributed_maxrank,604f4464544072ecfa4f99520a8a3be7b9f73edf1546496807d25dba9371f40a,1.4259199500083923,1.4357471823692323,0.8433789308249191,"{""channels"": 32, ""chunk_kib"": 1024, ""high_priority"": false, ""ll_kib"": 128, ""pack_block"": 512, ""pack_warps"": 4}",20260906-171635-992feb,70beea653872aa2cff938b2f65b3e90d8d7bbeaa97f2b7a0c81260159d0eb065,d587ed348414bc57531ffbc11957bc7d08c2bea4054bfd48aafcaad92d780450,"""/samples_ms/cublaslt_packed_qkv_gemm_a2a""",10,50,best_observed_not_independent_retest
qkv,qwen25_14b_32b,131072,8,5120,40,8,128,16384,7168,5120,te_ub,bf16,0a,graph,qkv_source_rank_major_v1,distributed_maxrank,604f4464544072ecfa4f99520a8a3be7b9f73edf1546496807d25dba9371f40a,1.3232640027999878,1.3422639966011047,0.9088064364596582,"{""comm_sm"": 12, ""local_first"": false, ""pack_block"": 512, ""pack_warps"": 4, ""push"": true, ""reverse"": false, ""streams"": 1, ""use_ce"": false}",20260906-171635-992feb,70beea653872aa2cff938b2f65b3e90d8d7bbeaa97f2b7a0c81260159d0eb065,b2878ae90a3fbcf54bc022c205d8a74ebd8e243b3439bf8222b00474f7ee23c0,"""/samples_ms""",10,50,best_observed_not_independent_retest
qkv,qwen25_14b_32b,16384,4,5120,40,8,128,4096,7168,5120,cublaslt_gemm,bf16,09,graph,pure_gemm,single_gpu_diagnostic_not_distributed_maxrank,26ec5332ecff61fe30e49565f0c781b49d3e29e77debca232bc934714f23daa5,0.23070400208234787,0.23546559661626815,1.3031750988553996,"{""algorithm"": 66, ""best_ms"": 0.183316, ""beta"": 0, ""exact_serialized_algorithm_available"": false, ""graph_tuning"": 0, ""library_sha256"": ""520b1980e976d88f851ce52d716266602818e430f2310ea0d8765fbb260f8cb0"", ""math_sms"": 0, ""precision"": 16, ""rejected"": 0, ""replay"": ""graph"", ""requested"": 256, ""returned"": 8, ""selected_candidate_records"": [{""algorithm"": 66, ""index"": 3, ""split_k"": 1, ""tile"": 184, ""tune_ms"": 0.183316, ""workspace_bytes"": 0}], ""valid"": 8, ""workspace_capacity"": 268435456}",20260906-152108-a0abd1,70beea653872aa2cff938b2f65b3e90d8d7bbeaa97f2b7a0c81260159d0eb065,a9eb0d72de3d3721c9db57909ec7c27dc3a814be4a1593dc71ce0842b0f47749,"""/geometries/28/results/1""",10,50,best_observed_not_independent_retest
qkv,qwen25_14b_32b,16384,4,5120,40,8,128,4096,7168,5120,cublaslt_nccl,bf16,09,graph,qkv_source_rank_major_v1,distributed_maxrank,26ec5332ecff61fe30e49565f0c781b49d3e29e77debca232bc934714f23daa5,0.40161600708961487,0.4076960042119026,0.748594939974379,"{""channels"": 24, ""chunk_kib"": 1024, ""high_priority"": false, ""ll_kib"": 64, ""pack_block"": 512, ""pack_warps"": 4}",20260906-055439-ea964b,0a9a46ee0f628b8fb8ae2053574e8978bf7f5236a19e3f23a4339fe6a2863f94,72673d250940425332b27c93ffe5a2c287b2dfa3d3b89101d0f31b6123b9812b,"""/samples_ms/cublaslt_packed_qkv_gemm_a2a""",10,50,best_observed_not_independent_retest
qkv,qwen25_14b_32b,16384,4,5120,40,8,128,4096,7168,5120,te_ub,bf16,09,graph,qkv_source_rank_major_v1,distributed_maxrank,26ec5332ecff61fe30e49565f0c781b49d3e29e77debca232bc934714f23daa5,0.3341759890317917,0.34409440159797666,0.8996687990392931,"{""comm_sm"": 16, ""local_first"": false, ""pack_block"": 512, ""pack_warps"": 4, ""push"": true, ""reverse"": false, ""streams"": 1, ""use_ce"": false}",20260906-055439-ea964b,0a9a46ee0f628b8fb8ae2053574e8978bf7f5236a19e3f23a4339fe6a2863f94,1909a44bb3848852dee02c5eee1d3a81b0adfc5849a1c168069c457cffbf381f,"""/samples_ms""",10,50,best_observed_not_independent_retest
qkv,qwen25_14b_32b,16384,8,5120,40,8,128,2048,7168,5120,cublaslt_gemm,bf16,0a,graph,pure_gemm,single_gpu_diagnostic_not_distributed_maxrank,604f4464544072ecfa4f99520a8a3be7b9f73edf1546496807d25dba9371f40a,0.12220799922943115,0.12511039897799492,1.2300655956062634,"{""algorithm"": 66, ""best_ms"": 0.104328, ""beta"": 0, ""exact_serialized_algorithm_available"": false, ""graph_tuning"": 0, ""library_sha256"": ""c40f68c965c0c64fa0294d12c371954e2dbc0ceb91a1c15c0fc3d5b61bcae0a9"", ""math_sms"": 0, ""precision"": 16, ""rejected"": 0, ""replay"": ""graph"", ""requested"": 256, ""returned"": 8, ""selected_candidate_records"": [{""algorithm"": 66, ""index"": 6, ""split_k"": 1, ""tile"": 165, ""tune_ms"": 0.104328, ""workspace_bytes"": 0}], ""valid"": 8, ""workspace_capacity"": 268435456}",20260906-152511-9c37d6,70beea653872aa2cff938b2f65b3e90d8d7bbeaa97f2b7a0c81260159d0eb065,07efdcc5b0869ea6954745bcc8e111c3583949dd44c4af80f02e9536b8fb8624,"""/geometries/28/results/0""",10,50,best_observed_not_independent_retest
qkv,qwen25_14b_32b,16384,8,5120,40,8,128,2048,7168,5120,cublaslt_nccl,bf16,0a,graph,qkv_source_rank_major_v1,distributed_maxrank,604f4464544072ecfa4f99520a8a3be7b9f73edf1546496807d25dba9371f40a,0.24590399861335754,0.25032319873571396,0.6113111466575167,"{""channels"": 32, ""chunk_kib"": 256, ""high_priority"": false, ""ll_kib"": 16, ""pack_block"": 512, ""pack_warps"": 4}",20260906-171635-992feb,70beea653872aa2cff938b2f65b3e90d8d7bbeaa97f2b7a0c81260159d0eb065,f7e15fa9e9d72d99e7bcd17ae25be7358dc266b6c87ef48b859c52977da3e2b5,"""/samples_ms/cublaslt_packed_qkv_gemm_a2a""",10,50,best_observed_not_independent_retest
qkv,qwen25_14b_32b,16384,8,5120,40,8,128,2048,7168,5120,te_ub,bf16,0a,graph,qkv_source_rank_major_v1,distributed_maxrank,604f4464544072ecfa4f99520a8a3be7b9f73edf1546496807d25dba9371f40a,0.1908319965004921,0.19269920289516448,0.7877287777556337,"{""comm_sm"": 16, ""local_first"": false, ""pack_block"": 512, ""pack_warps"": 4, ""push"": true, ""reverse"": false, ""streams"": 1, ""use_ce"": false}",20260906-171635-992feb,70beea653872aa2cff938b2f65b3e90d8d7bbeaa97f2b7a0c81260159d0eb065,cb0c41bbb191633b658a2b64c192a9c1b4dcdb32fddf28e0aa5ecd839ff989be,"""/samples_ms""",10,50,best_observed_not_independent_retest
qkv,qwen25_14b_32b,262144,4,5120,40,8,128,65536,7168,5120,cublaslt_gemm,bf16,09,graph,pure_gemm,single_gpu_diagnostic_not_distributed_maxrank,26ec5332ecff61fe30e49565f0c781b49d3e29e77debca232bc934714f23daa5,3.23364794254303,3.2567055225372314,1.4875965030803564,"{""algorithm"": 66, ""best_ms"": 3.11522, ""beta"": 0, ""exact_serialized_algorithm_available"": false, ""graph_tuning"": 0, ""library_sha256"": ""520b1980e976d88f851ce52d716266602818e430f2310ea0d8765fbb260f8cb0"", ""math_sms"": 0, ""precision"": 16, ""rejected"": 0, ""replay"": ""graph"", ""requested"": 256, ""returned"": 8, ""selected_candidate_records"": [{""algorithm"": 66, ""index"": 0, ""split_k"": 1, ""tile"": 23, ""tune_ms"": 3.11522, ""workspace_bytes"": 0}], ""valid"": 8, ""workspace_capacity"": 268435456}",20260906-152108-a0abd1,70beea653872aa2cff938b2f65b3e90d8d7bbeaa97f2b7a0c81260159d0eb065,a9eb0d72de3d3721c9db57909ec7c27dc3a814be4a1593dc71ce0842b0f47749,"""/geometries/50/results/1""",10,50,best_observed_not_independent_retest
qkv,qwen25_14b_32b,262144,4,5120,40,8,128,65536,7168,5120,cublaslt_nccl,bf16,09,graph,qkv_source_rank_major_v1,distributed_maxrank,26ec5332ecff61fe30e49565f0c781b49d3e29e77debca232bc934714f23daa5,5.38369607925415,5.5376239776611325,0.8935057441404495,"{""channels"": 24, ""chunk_kib"": 256, ""high_priority"": false, ""ll_kib"": 16, ""pack_block"": 512, ""pack_warps"": 4}",20260906-055439-ea964b,0a9a46ee0f628b8fb8ae2053574e8978bf7f5236a19e3f23a4339fe6a2863f94,506aea26846bd038ada8ac0e7c0fdafa69a64bdd7c6baf2d1da8824d13dabc98,"""/samples_ms/cublaslt_packed_qkv_gemm_a2a""",10,50,best_observed_not_independent_retest
qkv,qwen25_14b_32b,262144,4,5120,40,8,128,65536,7168,5120,te_ub,bf16,09,graph,qkv_source_rank_major_v1,distributed_maxrank,26ec5332ecff61fe30e49565f0c781b49d3e29e77debca232bc934714f23daa5,4.889312028884888,5.116496109962464,0.9838528085549709,"{""comm_sm"": 16, ""local_first"": false, ""pack_block"": 512, ""pack_warps"": 4, ""push"": true, ""reverse"": false, ""streams"": 1, ""use_ce"": false}",20260906-055439-ea964b,0a9a46ee0f628b8fb8ae2053574e8978bf7f5236a19e3f23a4339fe6a2863f94,abf77643671cd6069209a77d84755d9b66f3dc0e17b488fa293035adaa572832,"""/samples_ms""",10,50,best_observed_not_independent_retest
qkv,qwen25_14b_32b,262144,8,5120,40,8,128,32768,7168,5120,cublaslt_gemm,bf16,0a,graph,pure_gemm,single_gpu_diagnostic_not_distributed_maxrank,604f4464544072ecfa4f99520a8a3be7b9f73edf1546496807d25dba9371f40a,1.6022560000419617,1.6383423805236816,1.5011219715807027,"{""algorithm"": 66, ""best_ms"": 1.42352, ""beta"": 0, ""exact_serialized_algorithm_available"": false, ""graph_tuning"": 0, ""library_sha256"": ""c40f68c965c0c64fa0294d12c371954e2dbc0ceb91a1c15c0fc3d5b61bcae0a9"", ""math_sms"": 0, ""precision"": 16, ""rejected"": 0, ""replay"": ""graph"", ""requested"": 256, ""returned"": 8, ""selected_candidate_records"": [{""algorithm"": 66, ""index"": 0, ""split_k"": 1, ""tile"": 23, ""tune_ms"": 1.42352, ""workspace_bytes"": 0}], ""valid"": 8, ""workspace_capacity"": 268435456}",20260906-152511-9c37d6,70beea653872aa2cff938b2f65b3e90d8d7bbeaa97f2b7a0c81260159d0eb065,07efdcc5b0869ea6954745bcc8e111c3583949dd44c4af80f02e9536b8fb8624,"""/geometries/50/results/0""",10,50,best_observed_not_independent_retest
qkv,qwen25_14b_32b,262144,8,5120,40,8,128,32768,7168,5120,cublaslt_nccl,bf16,0a,graph,qkv_source_rank_major_v1,distributed_maxrank,604f4464544072ecfa4f99520a8a3be7b9f73edf1546496807d25dba9371f40a,2.7730079889297485,2.8076256871223446,0.8673547625401136,"{""channels"": 32, ""chunk_kib"": 128, ""high_priority"": false, ""ll_kib"": 128, ""pack_block"": 512, ""pack_warps"": 4}",20260906-171635-992feb,70beea653872aa2cff938b2f65b3e90d8d7bbeaa97f2b7a0c81260159d0eb065,8c0867738fc3e8bb41c9f091d21a1b1371bf890b6e0bc9c03a71184479b732c2,"""/samples_ms/cublaslt_packed_qkv_gemm_a2a""",10,50,best_observed_not_independent_retest
qkv,qwen25_14b_32b,262144,8,5120,40,8,128,32768,7168,5120,te_ub,bf16,0a,graph,qkv_source_rank_major_v1,distributed_maxrank,604f4464544072ecfa4f99520a8a3be7b9f73edf1546496807d25dba9371f40a,2.609328031539917,2.621299088001251,0.9217628664114575,"{""comm_sm"": 20, ""local_first"": false, ""pack_block"": 512, ""pack_warps"": 4, ""push"": true, ""reverse"": false, ""streams"": 1, ""use_ce"": false}",20260906-171635-992feb,70beea653872aa2cff938b2f65b3e90d8d7bbeaa97f2b7a0c81260159d0eb065,c333a47b27f88f7188dda0ab8d1e0d7aa7462ed6b6b73f35a43907306eba2b04,"""/samples_ms""",10,50,best_observed_not_independent_retest
qkv,qwen25_14b_32b,4096,4,5120,40,8,128,1024,7168,5120,cublaslt_gemm,bf16,09,graph,pure_gemm,single_gpu_diagnostic_not_distributed_maxrank,26ec5332ecff61fe30e49565f0c781b49d3e29e77debca232bc934714f23daa5,0.0687200017273426,0.06998399645090103,1.093741644219055,"{""algorithm"": 66, ""best_ms"": 0.0586918, ""beta"": 0, ""exact_serialized_algorithm_available"": false, ""graph_tuning"": 0, ""library_sha256"": ""520b1980e976d88f851ce52d716266602818e430f2310ea0d8765fbb260f8cb0"", ""math_sms"": 0, ""precision"": 16, ""rejected"": 0, ""replay"": ""graph"", ""requested"": 256, ""returned"": 8, ""selected_candidate_records"": [{""algorithm"": 66, ""index"": 4, ""split_k"": 1, ""tile"": 184, ""tune_ms"": 0.0586918, ""workspace_bytes"": 0}], ""valid"": 8, ""workspace_capacity"": 268435456}",20260906-152108-a0abd1,70beea653872aa2cff938b2f65b3e90d8d7bbeaa97f2b7a0c81260159d0eb065,a9eb0d72de3d3721c9db57909ec7c27dc3a814be4a1593dc71ce0842b0f47749,"""/geometries/17/results/1""",10,50,best_observed_not_independent_retest
qkv,qwen25_14b_32b,4096,4,5120,40,8,128,1024,7168,5120,cublaslt_nccl,bf16,09,graph,qkv_source_rank_major_v1,distributed_maxrank,26ec5332ecff61fe30e49565f0c781b49d3e29e77debca232bc934714f23daa5,0.13531199842691422,0.13758560121059418,0.5554712704993198,"{""channels"": 24, ""chunk_kib"": 512, ""high_priority"": false, ""ll_kib"": 64, ""pack_block"": 512, ""pack_warps"": 4}",20260906-055439-ea964b,0a9a46ee0f628b8fb8ae2053574e8978bf7f5236a19e3f23a4339fe6a2863f94,3bf626a7c91b27094cf285b6a3184eec75add1f2571a7ec58be9fcb616d2d6d5,"""/samples_ms/cublaslt_packed_qkv_gemm_a2a""",10,50,best_observed_not_independent_retest
qkv,qwen25_14b_32b,4096,4,5120,40,8,128,1024,7168,5120,te_ub,bf16,09,graph,qkv_source_rank_major_v1,distributed_maxrank,26ec5332ecff61fe30e49565f0c781b49d3e29e77debca232bc934714f23daa5,0.09992000088095665,0.10210879854857921,0.7522210470108673,"{""comm_sm"": 16, ""local_first"": false, ""pack_block"": 512, ""pack_warps"": 4, ""push"": true, ""reverse"": false, ""streams"": 1, ""use_ce"": false}",20260906-055439-ea964b,0a9a46ee0f628b8fb8ae2053574e8978bf7f5236a19e3f23a4339fe6a2863f94,acbaad96a962b4e369d6ec876d9721c7b56c1e7f9d68d781eb5ecd4c1572f5c0,"""/samples_ms""",10,50,best_observed_not_independent_retest
qkv,qwen25_14b_32b,4096,8,5120,40,8,128,512,7168,5120,cublaslt_gemm,bf16,0a,graph,pure_gemm,single_gpu_diagnostic_not_distributed_maxrank,604f4464544072ecfa4f99520a8a3be7b9f73edf1546496807d25dba9371f40a,0.03968000039458275,0.04151039943099022,0.9471008938077199,"{""algorithm"": 66, ""best_ms"": 0.0287347, ""beta"": 0, ""exact_serialized_algorithm_available"": false, ""graph_tuning"": 0, ""library_sha256"": ""c40f68c965c0c64fa0294d12c371954e2dbc0ceb91a1c15c0fc3d5b61bcae0a9"", ""math_sms"": 0, ""precision"": 16, ""rejected"": 0, ""replay"": ""graph"", ""requested"": 256, ""returned"": 8, ""selected_candidate_records"": [{""algorithm"": 66, ""index"": 2, ""split_k"": 1, ""tile"": 165, ""tune_ms"": 0.0287347, ""workspace_bytes"": 0}], ""valid"": 8, ""workspace_capacity"": 268435456}",20260906-152511-9c37d6,70beea653872aa2cff938b2f65b3e90d8d7bbeaa97f2b7a0c81260159d0eb065,07efdcc5b0869ea6954745bcc8e111c3583949dd44c4af80f02e9536b8fb8624,"""/geometries/17/results/0""",10,50,best_observed_not_independent_retest
qkv,qwen25_14b_32b,4096,8,5120,40,8,128,512,7168,5120,cublaslt_nccl,bf16,0a,graph,qkv_source_rank_major_v1,distributed_maxrank,604f4464544072ecfa4f99520a8a3be7b9f73edf1546496807d25dba9371f40a,0.09689600020647049,0.20890719294548007,0.3878484535989178,"{""channels"": 32, ""chunk_kib"": 256, ""high_priority"": false, ""ll_kib"": 16, ""pack_block"": 512, ""pack_warps"": 4}",20260906-171635-992feb,70beea653872aa2cff938b2f65b3e90d8d7bbeaa97f2b7a0c81260159d0eb065,57d86ce4e39b73eec127335fc5869fbd5a824413bef617082c3ab3423432cfb2,"""/samples_ms/cublaslt_packed_qkv_gemm_a2a""",10,50,best_observed_not_independent_retest
qkv,qwen25_14b_32b,4096,8,5120,40,8,128,512,7168,5120,te_ub,bf16,0a,graph,qkv_source_rank_major_v1,distributed_maxrank,604f4464544072ecfa4f99520a8a3be7b9f73edf1546496807d25dba9371f40a,0.11088000237941742,0.11277120187878609,0.33893364929234643,"{""comm_sm"": 16, ""local_first"": false, ""pack_block"": 512, ""pack_warps"": 4, ""push"": true, ""reverse"": false, ""streams"": 1, ""use_ce"": false}",20260906-171635-992feb,70beea653872aa2cff938b2f65b3e90d8d7bbeaa97f2b7a0c81260159d0eb065,c5518fc7f02014957e4e03ead3ae42be35e5a90b1dcfb0b3a32504d88c2f3535,"""/samples_ms""",10,50,best_observed_not_independent_retest
qkv,qwen25_14b_32b,524288,4,5120,40,8,128,131072,7168,5120,cublaslt_gemm,bf16,09,graph,pure_gemm,single_gpu_diagnostic_not_distributed_maxrank,26ec5332ecff61fe30e49565f0c781b49d3e29e77debca232bc934714f23daa5,6.525327920913696,6.58515362739563,1.4743667842662038,"{""algorithm"": 66, ""best_ms"": 6.48222, ""beta"": 0, ""exact_serialized_algorithm_available"": false, ""graph_tuning"": 0, ""library_sha256"": ""520b1980e976d88f851ce52d716266602818e430f2310ea0d8765fbb260f8cb0"", ""math_sms"": 0, ""precision"": 16, ""rejected"": 0, ""replay"": ""graph"", ""requested"": 256, ""returned"": 8, ""selected_candidate_records"": [{""algorithm"": 66, ""index"": 0, ""split_k"": 1, ""tile"": 23, ""tune_ms"": 6.48222, ""workspace_bytes"": 0}], ""valid"": 8, ""workspace_capacity"": 268435456}",20260906-152108-a0abd1,70beea653872aa2cff938b2f65b3e90d8d7bbeaa97f2b7a0c81260159d0eb065,a9eb0d72de3d3721c9db57909ec7c27dc3a814be4a1593dc71ce0842b0f47749,"""/geometries/61/results/1""",10,50,best_observed_not_independent_retest
qkv,qwen25_14b_32b,524288,4,5120,40,8,128,131072,7168,5120,cublaslt_nccl,bf16,09,graph,qkv_source_rank_major_v1,distributed_maxrank,26ec5332ecff61fe30e49565f0c781b49d3e29e77debca232bc934714f23daa5,10.786207675933838,11.020473909378051,0.8919471080188586,"{""channels"": 24, ""chunk_kib"": 512, ""high_priority"": false, ""ll_kib"": 16, ""pack_block"": 512, ""pack_warps"": 4}",20260906-055439-ea964b,0a9a46ee0f628b8fb8ae2053574e8978bf7f5236a19e3f23a4339fe6a2863f94,aba6432d5b2d1742f17ae6ba6412b8fa87e54e02ea878e67d132de8cf440f967,"""/samples_ms/cublaslt_packed_qkv_gemm_a2a""",10,50,best_observed_not_independent_retest
qkv,qwen25_14b_32b,524288,4,5120,40,8,128,131072,7168,5120,te_ub,bf16,09,graph,qkv_source_rank_major_v1,distributed_maxrank,26ec5332ecff61fe30e49565f0c781b49d3e29e77debca232bc934714f23daa5,9.822415828704834,10.09320650100708,0.9794664480528892,"{""comm_sm"": 16, ""local_first"": false, ""pack_block"": 512, ""pack_warps"": 4, ""push"": true, ""reverse"": false, ""streams"": 1, ""use_ce"": false}",20260906-055439-ea964b,0a9a46ee0f628b8fb8ae2053574e8978bf7f5236a19e3f23a4339fe6a2863f94,39f372504b79a181deceffa3ed2a654ce557459e93a74b0d0d24f65074de9eda,"""/samples_ms""",10,50,best_observed_not_independent_retest
qkv,qwen25_14b_32b,524288,8,5120,40,8,128,65536,7168,5120,cublaslt_gemm,bf16,0a,graph,pure_gemm,single_gpu_diagnostic_not_distributed_maxrank,604f4464544072ecfa4f99520a8a3be7b9f73edf1546496807d25dba9371f40a,3.2397758960723877,3.267083239555359,1.4847827522118586,"{""algorithm"": 66, ""best_ms"": 3.09215, ""beta"": 0, ""exact_serialized_algorithm_available"": false, ""graph_tuning"": 0, ""library_sha256"": ""c40f68c965c0c64fa0294d12c371954e2dbc0ceb91a1c15c0fc3d5b61bcae0a9"", ""math_sms"": 0, ""precision"": 16, ""rejected"": 0, ""replay"": ""graph"", ""requested"": 256, ""returned"": 8, ""selected_candidate_records"": [{""algorithm"": 66, ""index"": 0, ""split_k"": 1, ""tile"": 23, ""tune_ms"": 3.09215, ""workspace_bytes"": 0}], ""valid"": 8, ""workspace_capacity"": 268435456}",20260906-152511-9c37d6,70beea653872aa2cff938b2f65b3e90d8d7bbeaa97f2b7a0c81260159d0eb065,07efdcc5b0869ea6954745bcc8e111c3583949dd44c4af80f02e9536b8fb8624,"""/geometries/61/results/0""",10,50,best_observed_not_independent_retest
qkv,qwen25_14b_32b,524288,8,5120,40,8,128,65536,7168,5120,cublaslt_nccl,bf16,0a,graph,qkv_source_rank_major_v1,distributed_maxrank,604f4464544072ecfa4f99520a8a3be7b9f73edf1546496807d25dba9371f40a,5.499135971069336,5.537892937660217,0.8747489418023245,"{""channels"": 32, ""chunk_kib"": 256, ""high_priority"": false, ""ll_kib"": 16, ""pack_block"": 512, ""pack_warps"": 4}",20260906-171635-992feb,70beea653872aa2cff938b2f65b3e90d8d7bbeaa97f2b7a0c81260159d0eb065,c7e15f5d8e5589e37a1a133b5452a80c16fc5ee9fa2b64b0cc123c641a5a9ba3,"""/samples_ms/cublaslt_packed_qkv_gemm_a2a""",10,50,best_observed_not_independent_retest
qkv,qwen25_14b_32b,524288,8,5120,40,8,128,65536,7168,5120,te_ub,bf16,0a,graph,qkv_source_rank_major_v1,distributed_maxrank,604f4464544072ecfa4f99520a8a3be7b9f73edf1546496807d25dba9371f40a,5.667936086654663,5.822782444953918,0.8486975325720688,"{""comm_sm"": 20, ""local_first"": false, ""pack_block"": 512, ""pack_warps"": 4, ""push"": true, ""reverse"": false, ""streams"": 1, ""use_ce"": false}",20260906-171635-992feb,70beea653872aa2cff938b2f65b3e90d8d7bbeaa97f2b7a0c81260159d0eb065,b056fc5762b436af48c21b12bf569e78392347f9c9abc9e7cd3f8254eccfad69,"""/samples_ms""",10,50,best_observed_not_independent_retest
