direction,model,seq,cp,hidden,q_heads,kv_heads,head_dim,m,n,k,node,launch,status,p50_ms,p95_ms,pflops_per_gpu,tile,comm_ctas,swizzle,max_swizzle_size,raster,config_id,run_id,source_id,binary_sha256,environment_fingerprint,speedup_vs_teub,pct_of_pure_lt,before_pflops_per_gpu,before_p50_ms,before_run_id,before_binary_sha256,before_raw_sha256,change_vs_before_pct,failure_reason,teub_p50_ms,teub_pflops_per_gpu,teub_run_id,teub_config_json,teub_raw_sha256,lt_nccl_p50_ms,lt_nccl_pflops_per_gpu,lt_nccl_run_id,lt_nccl_config_json,lt_nccl_raw_sha256,pure_lt_p50_ms,pure_lt_pflops_per_gpu,pure_lt_run_id,pure_lt_config_json,pure_lt_raw_sha256
qkv,artificial_small,1024,4,4096,16,8,128,256,4096,4096,09,graph,measured,0.041728001087903976,0.042527999728918076,0.20585540567602295,m128n256k64e32,32,2,4,along_m,F01,20260907-182240-8820bd,790d93d5f196acef0847d82b9f758aecb7770e70a61d8093f5bbc5ab3708067f,3368566009a693de0724ecd6363a6090e9161d05ff0a484466ec511ba1935114,20ca2def42ccb0447544f02b65f1713d29f51644c17819e0ee08ed42a8af6fa5,1.2043711095388694,31.67177843593698,,,,,,,,0.050255998969078064,0.17092356670265946,20260906-055439-ea964b,"{""comm_sm"": 24, ""local_first"": false, ""pack_block"": 512, ""pack_warps"": 4, ""push"": true, ""reverse"": false, ""streams"": 1, ""use_ce"": false}",9911fa2ec1d8ffba8c723de9754f48b0ab4f386e659f193717800a81c0fa547e,0.049167999997735023,0.17470579629831812,20260906-055439-ea964b,"{""channels"": 32, ""chunk_kib"": 256, ""high_priority"": false, ""ll_kib"": 128, ""pack_block"": 512, ""pack_warps"": 4}",3e118bb04b0d25db45427f8018aa93e6d90333a4c1db9b09e04687184118ea21,0.01321600005030632,0.6499647820295599,20260906-152108-a0abd1,"{""algorithm"": 66, ""best_ms"": 0.0102976, ""beta"": 0, ""exact_serialized_algorithm_available"": false, ""graph_tuning"": 0, ""library_sha256"": ""520b1980e976d88f851ce52d716266602818e430f2310ea0d8765fbb260f8cb0"", ""math_sms"": 0, ""precision"": 16, ""rejected"": 0, ""replay"": ""graph"", ""requested"": 256, ""returned"": 8, ""selected_candidate_records"": [{""algorithm"": 66, ""index"": 0, ""split_k"": 1, ""tile"": 164, ""tune_ms"": 0.0102976, ""workspace_bytes"": 0}], ""valid"": 8, ""workspace_capacity"": 268435456}",a9eb0d72de3d3721c9db57909ec7c27dc3a814be4a1593dc71ce0842b0f47749
qkv,artificial_small,1024,8,4096,16,8,128,128,4096,4096,09,graph,measured,0.0416640006005764,0.04238559864461422,0.10308581111004932,m128n256k64e32,16,1,4,along_m,F02,20260907-182547-c7a92a,790d93d5f196acef0847d82b9f758aecb7770e70a61d8093f5bbc5ab3708067f,3368566009a693de0724ecd6363a6090e9161d05ff0a484466ec511ba1935114,20ca2def42ccb0447544f02b65f1713d29f51644c17819e0ee08ed42a8af6fa5,1.910522308689259,,,,,,,,,0.0796000026166439,0.05395687380419692,20260906-055439-ea964b,"{""comm_sm"": 4, ""local_first"": false, ""pack_block"": 512, ""pack_warps"": 4, ""push"": true, ""reverse"": false, ""streams"": 1, ""use_ce"": false}",89ed4df2ee9670ae22a471c073df76c80f6fe5d436b967b8d9f430ed9df867f9,0.04249599948525429,0.10106756748927186,20260906-055439-ea964b,"{""channels"": 24, ""chunk_kib"": 128, ""high_priority"": false, ""ll_kib"": 128, ""pack_block"": 512, ""pack_warps"": 4}",117806263c0ee3930b0d329ae8238ba0cc773b0b5e028691f55f8c96526f8cda,,,,,
qkv,artificial_small,4096,4,4096,16,8,128,1024,4096,4096,09,graph,measured,0.05035199970006943,0.05160159971565008,0.6823907406392963,m128n256k64e32,16,4,4,along_m,F03,20260907-181151-39b0c9,a929fe71bcea91df43d52eeff0be07b807aa05e896a56077177f731960c42647,3368566009a693de0724ecd6363a6090e9161d05ff0a484466ec511ba1935114,20ca2def42ccb0447544f02b65f1713d29f51644c17819e0ee08ed42a8af6fa5,1.3962503834270155,66.76199381160265,,,,,,,,0.07030399888753891,0.4887309244380709,20260906-055439-ea964b,"{""comm_sm"": 16, ""local_first"": false, ""pack_block"": 512, ""pack_warps"": 4, ""push"": true, ""reverse"": false, ""streams"": 1, ""use_ce"": false}",02fc0fe59afeb0c22d8f23db1c0b8e169fd377715148f8c1c6d54580d4c377a1,0.08596799895167351,0.39968056471007496,20260906-055439-ea964b,"{""channels"": 24, ""chunk_kib"": 256, ""high_priority"": false, ""ll_kib"": 16, ""pack_block"": 512, ""pack_warps"": 4}",549f0426fc93935b3b0e870b60640dd4c3824260756fb9610fb7cff77455be1e,0.033615998923778534,1.0221245677068183,20260906-152108-a0abd1,"{""algorithm"": 66, ""best_ms"": 0.0266656, ""beta"": 0, ""exact_serialized_algorithm_available"": false, ""graph_tuning"": 0, ""library_sha256"": ""520b1980e976d88f851ce52d716266602818e430f2310ea0d8765fbb260f8cb0"", ""math_sms"": 0, ""precision"": 16, ""rejected"": 0, ""replay"": ""graph"", ""requested"": 256, ""returned"": 8, ""selected_candidate_records"": [{""algorithm"": 66, ""index"": 3, ""split_k"": 1, ""tile"": 165, ""tune_ms"": 0.0266656, ""workspace_bytes"": 0}], ""valid"": 8, ""workspace_capacity"": 268435456}",a9eb0d72de3d3721c9db57909ec7c27dc3a814be4a1593dc71ce0842b0f47749
qkv,artificial_small,4096,8,4096,16,8,128,512,4096,4096,09,graph,measured,0.04615999944508076,0.047462400048971176,0.3721808793442446,m128n256k64e32,16,4,4,along_m,F03,20260907-181458-10ab61,a929fe71bcea91df43d52eeff0be07b807aa05e896a56077177f731960c42647,3368566009a693de0724ecd6363a6090e9161d05ff0a484466ec511ba1935114,20ca2def42ccb0447544f02b65f1713d29f51644c17819e0ee08ed42a8af6fa5,2.019410812566447,,,,,,,,,0.09321600198745728,0.18430171663349867,20260906-055439-ea964b,"{""comm_sm"": 24, ""local_first"": false, ""pack_block"": 512, ""pack_warps"": 4, ""push"": true, ""reverse"": false, ""streams"": 1, ""use_ce"": false}",1cd2ab814c0a2b5ef08be3e52f4e530ec37a4bd2f0fe3765fe594bdf16299eda,0.0655359998345375,0.26214400066184995,20260906-055439-ea964b,"{""channels"": 16, ""chunk_kib"": 256, ""high_priority"": false, ""ll_kib"": 16, ""pack_block"": 512, ""pack_warps"": 4}",6e3ba0d3f061de6969b252d5fc4b7d2d7612b79d6ef6d96d8d6c167b4227bb6b,,,,,
qkv,artificial_small,16384,4,4096,16,8,128,4096,4096,4096,09,graph,measured,0.11825599893927574,0.12041600048542023,1.1622154876267603,m128n256k64e32,16,4,4,along_m,F03,20260907-180540-70b09e,a929fe71bcea91df43d52eeff0be07b807aa05e896a56077177f731960c42647,3368566009a693de0724ecd6363a6090e9161d05ff0a484466ec511ba1935114,20ca2def42ccb0447544f02b65f1713d29f51644c17819e0ee08ed42a8af6fa5,1.533621976970022,92.12556108452647,,,,,,,,0.18135999888181686,0.7578239651487978,20260906-055439-ea964b,"{""comm_sm"": 12, ""local_first"": false, ""pack_block"": 512, ""pack_warps"": 4, ""push"": true, ""reverse"": false, ""streams"": 1, ""use_ce"": false}",657eafd1940ef99ff6414f15838367767dee6220d281bef5e16b4393125daa91,0.22752000391483307,0.6040741521938754,20260906-055439-ea964b,"{""channels"": 32, ""chunk_kib"": 256, ""high_priority"": false, ""ll_kib"": 128, ""pack_block"": 512, ""pack_warps"": 4}",239f6a15c5d775861cfbf529e001c1fc1cb868e5be4d09a781b208cf799c4b91,0.10894400253891945,1.2615559394644138,20260906-152108-a0abd1,"{""algorithm"": 66, ""best_ms"": 0.091705, ""beta"": 0, ""exact_serialized_algorithm_available"": false, ""graph_tuning"": 0, ""library_sha256"": ""520b1980e976d88f851ce52d716266602818e430f2310ea0d8765fbb260f8cb0"", ""math_sms"": 0, ""precision"": 16, ""rejected"": 0, ""replay"": ""graph"", ""requested"": 256, ""returned"": 8, ""selected_candidate_records"": [{""algorithm"": 66, ""index"": 3, ""split_k"": 1, ""tile"": 32, ""tune_ms"": 0.091705, ""workspace_bytes"": 0}], ""valid"": 8, ""workspace_capacity"": 268435456}",a9eb0d72de3d3721c9db57909ec7c27dc3a814be4a1593dc71ce0842b0f47749
qkv,artificial_small,16384,8,4096,16,8,128,2048,4096,4096,09,graph,measured,0.07574400305747986,0.07840480096638203,0.9072596372263405,m128n256k64e32,16,4,4,along_m,F03,20260907-180848-c540f2,a929fe71bcea91df43d52eeff0be07b807aa05e896a56077177f731960c42647,3368566009a693de0724ecd6363a6090e9161d05ff0a484466ec511ba1935114,20ca2def42ccb0447544f02b65f1713d29f51644c17819e0ee08ed42a8af6fa5,1.8119981648972063,,,,,,,,,0.1372479945421219,0.5006956711116807,20260906-055439-ea964b,"{""comm_sm"": 16, ""local_first"": false, ""pack_block"": 512, ""pack_warps"": 4, ""push"": true, ""reverse"": false, ""streams"": 1, ""use_ce"": false}",f2363363ba0df03fa7ab0c94484740a1c89a3f1b2edaf9cd9ed2ea1f91ba8d35,0.1464800015091896,0.46913896796818916,20260906-055439-ea964b,"{""channels"": 32, ""chunk_kib"": 256, ""high_priority"": false, ""ll_kib"": 16, ""pack_block"": 512, ""pack_warps"": 4}",75a8f3656ebf8ebce399cdfceb0a6a20b9c60624cb32c9525c2039595d161df2,,,,,
qkv,artificial_small,131072,4,4096,16,8,128,32768,4096,4096,09,graph,measured,0.9184159934520721,0.9239008158445359,1.1971825791526554,m128n256k64e32,24,4,4,along_m,F04,20260907-175925-8ea338,a929fe71bcea91df43d52eeff0be07b807aa05e896a56077177f731960c42647,3368566009a693de0724ecd6363a6090e9161d05ff0a484466ec511ba1935114,20ca2def42ccb0447544f02b65f1713d29f51644c17819e0ee08ed42a8af6fa5,1.2484625738315829,85.35740114515636,,,,,,,,1.1466079950332642,0.9589254850295215,20260906-055439-ea964b,"{""comm_sm"": 16, ""local_first"": false, ""pack_block"": 512, ""pack_warps"": 4, ""push"": true, ""reverse"": false, ""streams"": 1, ""use_ce"": false}",994dda308c05fcc41d70185c4ca39d00c1c3c6b6da52e6d7de47af62c42ab4ee,1.4496800303459167,0.7584512476961134,20260906-055439-ea964b,"{""channels"": 32, ""chunk_kib"": 1024, ""high_priority"": false, ""ll_kib"": 128, ""pack_block"": 512, ""pack_warps"": 4}",d85fe95b27f73f8e601e2d90b294a514f3c914c29728e3c0752b02ffa13b7c52,0.7839360237121582,1.4025527524165842,20260906-152108-a0abd1,"{""algorithm"": 66, ""best_ms"": 0.653328, ""beta"": 0, ""exact_serialized_algorithm_available"": false, ""graph_tuning"": 0, ""library_sha256"": ""520b1980e976d88f851ce52d716266602818e430f2310ea0d8765fbb260f8cb0"", ""math_sms"": 0, ""precision"": 16, ""rejected"": 0, ""replay"": ""graph"", ""requested"": 256, ""returned"": 8, ""selected_candidate_records"": [{""algorithm"": 66, ""index"": 1, ""split_k"": 1, ""tile"": 24, ""tune_ms"": 0.653328, ""workspace_bytes"": 0}], ""valid"": 8, ""workspace_capacity"": 268435456}",a9eb0d72de3d3721c9db57909ec7c27dc3a814be4a1593dc71ce0842b0f47749
qkv,artificial_small,131072,8,4096,16,8,128,16384,4096,4096,09,graph,measured,0.4456320106983185,0.4522608041763306,1.2336542274566777,m128n256k64e32,12,4,4,along_m,F05,20260907-180237-d46acc,a929fe71bcea91df43d52eeff0be07b807aa05e896a56077177f731960c42647,3368566009a693de0724ecd6363a6090e9161d05ff0a484466ec511ba1935114,20ca2def42ccb0447544f02b65f1713d29f51644c17819e0ee08ed42a8af6fa5,1.4400760546646079,,,,,,,,,0.6417439877986908,0.8566590795400694,20260906-055439-ea964b,"{""comm_sm"": 12, ""local_first"": false, ""pack_block"": 512, ""pack_warps"": 4, ""push"": true, ""reverse"": false, ""streams"": 1, ""use_ce"": false}",479a8e58bef46ebb804f4481ccdf400aef0abb5758276f950ae02606dd3afae1,0.7644319832324982,0.7191690378564322,20260906-055439-ea964b,"{""channels"": 32, ""chunk_kib"": 1024, ""high_priority"": false, ""ll_kib"": 64, ""pack_block"": 512, ""pack_warps"": 4}",dd38298f0d544a33f507774431e146b8b4447d7de4e89477904019805c466595,,,,,
qkv,artificial_small,262144,4,4096,16,8,128,65536,4096,4096,09,graph,measured,1.779312014579773,1.7912496268749236,1.2358840032175873,m128n256k64e32,16,4,4,along_m,F03,20260907-175021-677d97,a929fe71bcea91df43d52eeff0be07b807aa05e896a56077177f731960c42647,3368566009a693de0724ecd6363a6090e9161d05ff0a484466ec511ba1935114,20ca2def42ccb0447544f02b65f1713d29f51644c17819e0ee08ed42a8af6fa5,1.3046660812433326,85.14481924803317,,,,,,,,2.3214080333709717,0.947279936978053,20260906-055439-ea964b,"{""comm_sm"": 20, ""local_first"": false, ""pack_block"": 512, ""pack_warps"": 4, ""push"": true, ""reverse"": false, ""streams"": 1, ""use_ce"": false}",bab36069662693ff6b2d9f4f7eabcee9d21f7d84cacd11009d9cbbe685774307,2.7965279817581177,0.7863405157739637,20260906-055439-ea964b,"{""channels"": 32, ""chunk_kib"": 128, ""high_priority"": false, ""ll_kib"": 128, ""pack_block"": 512, ""pack_warps"": 4}",3d8965bf135accaa365b94a1820164a834e5f5a8b1fd6fc9832e7d6923f404bb,1.5149919986724854,1.4515081647156542,20260906-152108-a0abd1,"{""algorithm"": 66, ""best_ms"": 1.34971, ""beta"": 0, ""exact_serialized_algorithm_available"": false, ""graph_tuning"": 0, ""library_sha256"": ""520b1980e976d88f851ce52d716266602818e430f2310ea0d8765fbb260f8cb0"", ""math_sms"": 0, ""precision"": 16, ""rejected"": 0, ""replay"": ""graph"", ""requested"": 256, ""returned"": 8, ""selected_candidate_records"": [{""algorithm"": 66, ""index"": 0, ""split_k"": 1, ""tile"": 23, ""tune_ms"": 1.34971, ""workspace_bytes"": 0}], ""valid"": 8, ""workspace_capacity"": 268435456}",a9eb0d72de3d3721c9db57909ec7c27dc3a814be4a1593dc71ce0842b0f47749
qkv,artificial_small,262144,8,4096,16,8,128,32768,4096,4096,09,graph,measured,0.9182559847831726,0.9226735979318619,1.19739119155932,m128n256k64e32,24,4,4,along_m,F04,20260907-175334-c2c369,a929fe71bcea91df43d52eeff0be07b807aa05e896a56077177f731960c42647,3368566009a693de0724ecd6363a6090e9161d05ff0a484466ec511ba1935114,20ca2def42ccb0447544f02b65f1713d29f51644c17819e0ee08ed42a8af6fa5,1.3722534900701873,85.37227491060335,,,,,,,,1.2600799798965454,0.872572888481469,20260906-055439-ea964b,"{""comm_sm"": 12, ""local_first"": false, ""pack_block"": 512, ""pack_warps"": 4, ""push"": true, ""reverse"": false, ""streams"": 1, ""use_ce"": false}",4ea1fccff36b62426e1278727edc3d6a3abad03329d50b148ac94f5712ff0205,1.4543039798736572,0.7560397571569049,20260906-055439-ea964b,"{""channels"": 32, ""chunk_kib"": 512, ""high_priority"": false, ""ll_kib"": 16, ""pack_block"": 512, ""pack_warps"": 4}",91a2d080aeac617d0fc9ceb8263437b93a4153599e920f13c2e9ed751c7e6f64,0.7839360237121582,1.4025527524165842,20260906-152108-a0abd1,"{""algorithm"": 66, ""best_ms"": 0.653328, ""beta"": 0, ""exact_serialized_algorithm_available"": false, ""graph_tuning"": 0, ""library_sha256"": ""520b1980e976d88f851ce52d716266602818e430f2310ea0d8765fbb260f8cb0"", ""math_sms"": 0, ""precision"": 16, ""rejected"": 0, ""replay"": ""graph"", ""requested"": 256, ""returned"": 8, ""selected_candidate_records"": [{""algorithm"": 66, ""index"": 1, ""split_k"": 1, ""tile"": 24, ""tune_ms"": 0.653328, ""workspace_bytes"": 0}], ""valid"": 8, ""workspace_capacity"": 268435456}",a9eb0d72de3d3721c9db57909ec7c27dc3a814be4a1593dc71ce0842b0f47749
qkv,artificial_small,524288,4,4096,16,8,128,131072,4096,4096,09,graph,measured,3.664240002632141,3.7936239361763002,1.200261584378955,m128n256k64e32,24,4,4,along_m,F04,20260907-174311-1df7cc,b5e7f20eb9f1afcf19fb249de78bd3dc027bd56e73c6b2987ce81c476a49c525,3368566009a693de0724ecd6363a6090e9161d05ff0a484466ec511ba1935114,20ca2def42ccb0447544f02b65f1713d29f51644c17819e0ee08ed42a8af6fa5,1.2603060725769801,81.92301724976221,,,,,,,,4.618063926696777,0.9523572174215977,20260906-055439-ea964b,"{""comm_sm"": 12, ""local_first"": false, ""pack_block"": 512, ""pack_warps"": 4, ""push"": true, ""reverse"": false, ""streams"": 1, ""use_ce"": false}",1d9f079d92cad1ea21a248144fcfb3f9050c9f6ab56179222192a648dacd5f9d,5.4909279346466064,0.8009659867056799,20260906-055439-ea964b,"{""channels"": 32, ""chunk_kib"": 256, ""high_priority"": false, ""ll_kib"": 64, ""pack_block"": 512, ""pack_warps"": 4}",a535ffb8113005a73aa29f5e3f24028be13dcc78b4b049cd10377811dbf48541,3.001855969429016,1.465109104465313,20260906-152108-a0abd1,"{""algorithm"": 66, ""best_ms"": 2.98351, ""beta"": 0, ""exact_serialized_algorithm_available"": false, ""graph_tuning"": 0, ""library_sha256"": ""520b1980e976d88f851ce52d716266602818e430f2310ea0d8765fbb260f8cb0"", ""math_sms"": 0, ""precision"": 16, ""rejected"": 0, ""replay"": ""graph"", ""requested"": 256, ""returned"": 8, ""selected_candidate_records"": [{""algorithm"": 66, ""index"": 0, ""split_k"": 1, ""tile"": 23, ""tune_ms"": 2.98351, ""workspace_bytes"": 0}], ""valid"": 8, ""workspace_capacity"": 268435456}",a9eb0d72de3d3721c9db57909ec7c27dc3a814be4a1593dc71ce0842b0f47749
qkv,artificial_small,524288,8,4096,16,8,128,65536,4096,4096,09,graph,measured,1.7817599773406982,1.791777628660202,1.234186020293302,m128n256k64e32,16,4,4,along_m,F03,20260907-174652-00bb33,a929fe71bcea91df43d52eeff0be07b807aa05e896a56077177f731960c42647,3368566009a693de0724ecd6363a6090e9161d05ff0a484466ec511ba1935114,20ca2def42ccb0447544f02b65f1713d29f51644c17819e0ee08ed42a8af6fa5,1.3646282477366252,85.02783865050287,,,,,,,,2.431439995765686,0.9044118955769272,20260906-055439-ea964b,"{""comm_sm"": 12, ""local_first"": false, ""pack_block"": 512, ""pack_warps"": 4, ""push"": true, ""reverse"": false, ""streams"": 1, ""use_ce"": false}",87708763e4452710ddb5cb5865bc7584ee9620acda0c215945c99a6c22f28296,2.844032049179077,0.7732062148127841,20260906-055439-ea964b,"{""channels"": 32, ""chunk_kib"": 128, ""high_priority"": false, ""ll_kib"": 128, ""pack_block"": 512, ""pack_warps"": 4}",9e45487d3a330d9cf3d4d77a3510c47033bd3cbe46502d9833baeec5ac11ab8a,1.5149919986724854,1.4515081647156542,20260906-152108-a0abd1,"{""algorithm"": 66, ""best_ms"": 1.34971, ""beta"": 0, ""exact_serialized_algorithm_available"": false, ""graph_tuning"": 0, ""library_sha256"": ""520b1980e976d88f851ce52d716266602818e430f2310ea0d8765fbb260f8cb0"", ""math_sms"": 0, ""precision"": 16, ""rejected"": 0, ""replay"": ""graph"", ""requested"": 256, ""returned"": 8, ""selected_candidate_records"": [{""algorithm"": 66, ""index"": 0, ""split_k"": 1, ""tile"": 23, ""tune_ms"": 1.34971, ""workspace_bytes"": 0}], ""valid"": 8, ""workspace_capacity"": 268435456}",a9eb0d72de3d3721c9db57909ec7c27dc3a814be4a1593dc71ce0842b0f47749
qkv,artificial_medium,1024,4,5120,24,8,128,256,5120,5120,09,graph,measured,0.04620800167322159,0.04758400097489357,0.29046425541007914,m128n256k64e32,24,2,4,along_m,F06,20260907-182204-03913d,790d93d5f196acef0847d82b9f758aecb7770e70a61d8093f5bbc5ab3708067f,3368566009a693de0724ecd6363a6090e9161d05ff0a484466ec511ba1935114,20ca2def42ccb0447544f02b65f1713d29f51644c17819e0ee08ed42a8af6fa5,1.1745151874423667,37.11911270244293,,,,,,,,0.05427199974656105,0.24730566153222447,20260906-055439-ea964b,"{""comm_sm"": 12, ""local_first"": false, ""pack_block"": 512, ""pack_warps"": 4, ""push"": true, ""reverse"": false, ""streams"": 1, ""use_ce"": false}",4402442cbe0fce3112598a3bc726830a439ab92ea3385316147adb7b7eb7f276,0.05451199971139431,0.24621684897012738,20260906-055439-ea964b,"{""channels"": 32, ""chunk_kib"": 1024, ""high_priority"": false, ""ll_kib"": 16, ""pack_block"": 512, ""pack_warps"": 4}",d066ccd15e0ccc00465527fbee91eb80911b26ff7bb8fc9b80b5f4f185944c45,0.017152000218629837,0.7825193930106059,20260906-152108-a0abd1,"{""algorithm"": 66, ""best_ms"": 0.0143725, ""beta"": 0, ""exact_serialized_algorithm_available"": false, ""graph_tuning"": 0, ""library_sha256"": ""520b1980e976d88f851ce52d716266602818e430f2310ea0d8765fbb260f8cb0"", ""math_sms"": 0, ""precision"": 16, ""rejected"": 0, ""replay"": ""graph"", ""requested"": 256, ""returned"": 8, ""selected_candidate_records"": [{""algorithm"": 66, ""index"": 1, ""split_k"": 1, ""tile"": 28, ""tune_ms"": 0.0143725, ""workspace_bytes"": 0}], ""valid"": 8, ""workspace_capacity"": 268435456}",a9eb0d72de3d3721c9db57909ec7c27dc3a814be4a1593dc71ce0842b0f47749
qkv,artificial_medium,1024,8,5120,24,8,128,128,5120,5120,09,graph,measured,0.046560000628232956,0.04839039966464043,0.1441341561308027,m128n256k64e32,16,1,4,along_m,F02,20260907-182501-bc3cfe,790d93d5f196acef0847d82b9f758aecb7770e70a61d8093f5bbc5ab3708067f,3368566009a693de0724ecd6363a6090e9161d05ff0a484466ec511ba1935114,20ca2def42ccb0447544f02b65f1713d29f51644c17819e0ee08ed42a8af6fa5,1.7298969344365718,,,,,,,,,0.08054400235414505,0.08331950491475218,20260906-055439-ea964b,"{""comm_sm"": 8, ""local_first"": false, ""pack_block"": 512, ""pack_warps"": 4, ""push"": true, ""reverse"": false, ""streams"": 1, ""use_ce"": false}",f6203cc97a6a7d727c68b7dea3eb5eac7803c8341153c6d79caefdac19ac461a,0.045552000403404236,0.14732363761347517,20260906-055439-ea964b,"{""channels"": 32, ""chunk_kib"": 256, ""high_priority"": false, ""ll_kib"": 16, ""pack_block"": 512, ""pack_warps"": 4}",c7cb96a2ba65d35d3ee5e4ccb1ed445eef74facdee41da5b92939e011ce92e4f,,,,,
qkv,artificial_medium,4096,4,5120,24,8,128,1024,5120,5120,09,graph,measured,0.07819199934601784,0.08092639781534672,0.6866059398535405,m128n256k64e32,24,4,4,along_m,F04,20260907-181115-616070,a929fe71bcea91df43d52eeff0be07b807aa05e896a56077177f731960c42647,3368566009a693de0724ecd6363a6090e9161d05ff0a484466ec511ba1935114,20ca2def42ccb0447544f02b65f1713d29f51644c17819e0ee08ed42a8af6fa5,1.09842437923143,63.842849081005006,,,,,,,,0.08588799834251404,0.6250825754012853,20260906-055439-ea964b,"{""comm_sm"": 16, ""local_first"": false, ""pack_block"": 512, ""pack_warps"": 4, ""push"": true, ""reverse"": false, ""streams"": 1, ""use_ce"": false}",02c51350251a7a02a4a3030b071ad95a1bffda6bd3c51b2170f2f2dec5f00f5e,0.11064000055193901,0.48524124125249846,20260906-055439-ea964b,"{""channels"": 24, ""chunk_kib"": 512, ""high_priority"": false, ""ll_kib"": 16, ""pack_block"": 512, ""pack_warps"": 4}",0976e62348771c0010c1ffbbb21e668a41a46b6ecfa1d8a6713b06519451c6e6,0.04992000013589859,1.0754625611748028,20260906-152108-a0abd1,"{""algorithm"": 66, ""best_ms"": 0.0450125, ""beta"": 0, ""exact_serialized_algorithm_available"": false, ""graph_tuning"": 0, ""library_sha256"": ""520b1980e976d88f851ce52d716266602818e430f2310ea0d8765fbb260f8cb0"", ""math_sms"": 0, ""precision"": 16, ""rejected"": 0, ""replay"": ""graph"", ""requested"": 256, ""returned"": 8, ""selected_candidate_records"": [{""algorithm"": 66, ""index"": 0, ""split_k"": 1, ""tile"": 184, ""tune_ms"": 0.0450125, ""workspace_bytes"": 0}], ""valid"": 8, ""workspace_capacity"": 268435456}",a9eb0d72de3d3721c9db57909ec7c27dc3a814be4a1593dc71ce0842b0f47749
qkv,artificial_medium,4096,8,5120,24,8,128,512,5120,5120,09,graph,measured,0.054607998579740524,0.05600959975272417,0.49156801747279033,m128n256k64e32,32,4,4,along_m,F07,20260907-181412-d141ac,a929fe71bcea91df43d52eeff0be07b807aa05e896a56077177f731960c42647,3368566009a693de0724ecd6363a6090e9161d05ff0a484466ec511ba1935114,20ca2def42ccb0447544f02b65f1713d29f51644c17819e0ee08ed42a8af6fa5,1.8291825966013546,,,,,,,,,0.09988800063729286,0.2687364390991529,20260906-055439-ea964b,"{""comm_sm"": 16, ""local_first"": false, ""pack_block"": 512, ""pack_warps"": 4, ""push"": true, ""reverse"": false, ""streams"": 1, ""use_ce"": false}",c588ac2735788f9d77be5ea551476f61b001309cc395884370e3680757b464b3,0.07566400244832039,0.3547730060716063,20260906-055439-ea964b,"{""channels"": 32, ""chunk_kib"": 256, ""high_priority"": false, ""ll_kib"": 16, ""pack_block"": 512, ""pack_warps"": 4}",2f00057b349eef2080d388b4f5197f38ac926c4a3aca619be6d8a8dff051dd5c,,,,,
qkv,artificial_medium,16384,4,5120,24,8,128,4096,5120,5120,09,graph,measured,0.17812799662351608,0.17952320352196693,1.2055845732879553,m128n256k64e32,16,4,4,along_m,F03,20260907-180504-899a15,a929fe71bcea91df43d52eeff0be07b807aa05e896a56077177f731960c42647,3368566009a693de0724ecd6363a6090e9161d05ff0a484466ec511ba1935114,20ca2def42ccb0447544f02b65f1713d29f51644c17819e0ee08ed42a8af6fa5,1.255097481233741,88.87990953631085,,,,,,,,0.22356799989938736,0.9605505479167122,20260906-055439-ea964b,"{""comm_sm"": 12, ""local_first"": false, ""pack_block"": 512, ""pack_warps"": 4, ""push"": true, ""reverse"": false, ""streams"": 1, ""use_ce"": false}",7b732099239aabe7c3e1f1a44a9c872880f81fce6b51f823f6feb6dde542d20f,0.28995200991630554,0.7406341651571479,20260906-055439-ea964b,"{""channels"": 24, ""chunk_kib"": 1024, ""high_priority"": false, ""ll_kib"": 16, ""pack_block"": 512, ""pack_warps"": 4}",b71bc862c67d527d26f5057d071ec69b280ad7bbfe2f75f3d126d98757727ee5,0.15832000225782394,1.3564196673663669,20260906-152108-a0abd1,"{""algorithm"": 66, ""best_ms"": 0.146939, ""beta"": 0, ""exact_serialized_algorithm_available"": false, ""graph_tuning"": 0, ""library_sha256"": ""520b1980e976d88f851ce52d716266602818e430f2310ea0d8765fbb260f8cb0"", ""math_sms"": 0, ""precision"": 16, ""rejected"": 0, ""replay"": ""graph"", ""requested"": 256, ""returned"": 8, ""selected_candidate_records"": [{""algorithm"": 66, ""index"": 2, ""split_k"": 1, ""tile"": 32, ""tune_ms"": 0.146939, ""workspace_bytes"": 0}], ""valid"": 8, ""workspace_capacity"": 268435456}",a9eb0d72de3d3721c9db57909ec7c27dc3a814be4a1593dc71ce0842b0f47749
qkv,artificial_medium,16384,8,5120,24,8,128,2048,5120,5120,09,graph,measured,0.1074879989027977,0.10896320268511772,0.9989411236234789,m128n256k64e32,12,4,4,along_m,F05,20260907-180802-134a55,a929fe71bcea91df43d52eeff0be07b807aa05e896a56077177f731960c42647,3368566009a693de0724ecd6363a6090e9161d05ff0a484466ec511ba1935114,20ca2def42ccb0447544f02b65f1713d29f51644c17819e0ee08ed42a8af6fa5,1.4935992366981024,,,,,,,,,0.1605439931154251,0.6688146988022279,20260906-055439-ea964b,"{""comm_sm"": 16, ""local_first"": false, ""pack_block"": 512, ""pack_warps"": 4, ""push"": true, ""reverse"": false, ""streams"": 1, ""use_ce"": false}",3616718d0943b9bf3fda14d150c33ecc7fc14c3fd8cfd1f07b52b37b293fbdf4,0.18115199357271194,0.5927297860892791,20260906-055439-ea964b,"{""channels"": 32, ""chunk_kib"": 256, ""high_priority"": false, ""ll_kib"": 16, ""pack_block"": 512, ""pack_warps"": 4}",9449f27873935325e1704ee58df0f0d2693179d626fc594d231a8575088eac16,,,,,
qkv,artificial_medium,131072,4,5120,24,8,128,32768,5120,5120,09,graph,measured,1.3330880403518677,1.3376400291919708,1.2887272756167991,m128n256k64e32,12,4,4,along_m,F05,20260907-175606-7ef45b,a929fe71bcea91df43d52eeff0be07b807aa05e896a56077177f731960c42647,3368566009a693de0724ecd6363a6090e9161d05ff0a484466ec511ba1935114,20ca2def42ccb0447544f02b65f1713d29f51644c17819e0ee08ed42a8af6fa5,1.3005952559266936,86.27667086986541,,,,,,,,1.7338079810142517,0.9908749626328305,20260906-055439-ea964b,"{""comm_sm"": 12, ""local_first"": false, ""pack_block"": 512, ""pack_warps"": 4, ""push"": true, ""reverse"": false, ""streams"": 1, ""use_ce"": false}",b23032e24b9fdd1ce846adf232b8025413d038c8ff7efcb8b19570d89ac33260,1.9691519737243652,0.8724501416468516,20260906-055439-ea964b,"{""channels"": 24, ""chunk_kib"": 128, ""high_priority"": false, ""ll_kib"": 16, ""pack_block"": 512, ""pack_warps"": 4}",d561fadad46b980ca5c4efa21ae0d50094244617cb0466146437b915588c4895,1.1501439809799194,1.4937146538264539,20260906-152108-a0abd1,"{""algorithm"": 66, ""best_ms"": 1.02135, ""beta"": 0, ""exact_serialized_algorithm_available"": false, ""graph_tuning"": 0, ""library_sha256"": ""520b1980e976d88f851ce52d716266602818e430f2310ea0d8765fbb260f8cb0"", ""math_sms"": 0, ""precision"": 16, ""rejected"": 0, ""replay"": ""graph"", ""requested"": 256, ""returned"": 8, ""selected_candidate_records"": [{""algorithm"": 66, ""index"": 0, ""split_k"": 1, ""tile"": 23, ""tune_ms"": 1.02135, ""workspace_bytes"": 0}], ""valid"": 8, ""workspace_capacity"": 268435456}",a9eb0d72de3d3721c9db57909ec7c27dc3a814be4a1593dc71ce0842b0f47749
qkv,artificial_medium,131072,8,5120,24,8,128,16384,5120,5120,09,graph,measured,0.6808160245418549,0.6834159940481186,1.2617115758666917,m128n256k64e32,12,4,4,along_m,F05,20260907-180151-d140ee,a929fe71bcea91df43d52eeff0be07b807aa05e896a56077177f731960c42647,3368566009a693de0724ecd6363a6090e9161d05ff0a484466ec511ba1935114,20ca2def42ccb0447544f02b65f1713d29f51644c17819e0ee08ed42a8af6fa5,1.3325420962122219,,,,,,,,,0.9072160124778748,0.9468455664201024,20260906-055439-ea964b,"{""comm_sm"": 16, ""local_first"": false, ""pack_block"": 512, ""pack_warps"": 4, ""push"": true, ""reverse"": false, ""streams"": 1, ""use_ce"": false}",db739316ec3a3a4d9ebf40997a2eb5b5177374d3602112c2a74a5c0552b9523f,1.044543981552124,0.8223621737053062,20260906-055439-ea964b,"{""channels"": 24, ""chunk_kib"": 1024, ""high_priority"": false, ""ll_kib"": 16, ""pack_block"": 512, ""pack_warps"": 4}",bdf754b45ef59f9b9743db806abd2b4a4fc0fa5b112133a5cc59df220ec9c647,,,,,
qkv,artificial_medium,262144,4,5120,24,8,128,65536,5120,5120,09,graph,measured,2.730736017227173,2.7428304314613343,1.2582592440733014,m128n256k64e32,16,4,4,along_m,F03,20260907-174939-6fb6cb,a929fe71bcea91df43d52eeff0be07b807aa05e896a56077177f731960c42647,3368566009a693de0724ecd6363a6090e9161d05ff0a484466ec511ba1935114,20ca2def42ccb0447544f02b65f1713d29f51644c17819e0ee08ed42a8af6fa5,1.2336366050068202,86.02398979459359,,,,,,,,3.368735909461975,1.019959394011614,20260906-055439-ea964b,"{""comm_sm"": 12, ""local_first"": false, ""pack_block"": 512, ""pack_warps"": 4, ""push"": true, ""reverse"": false, ""streams"": 1, ""use_ce"": false}",138bb82d055c347fb5c984aaa579012b322cae7956b1ea85a0ac847c36cd6a8a,3.856176018714905,0.8910313793054135,20260906-055439-ea964b,"{""channels"": 24, ""chunk_kib"": 256, ""high_priority"": false, ""ll_kib"": 64, ""pack_block"": 512, ""pack_warps"": 4}",aa45a83d07a6f0908a7dde92d5b54b4ea95b4d29cc44d124951b3d29d0191f67,2.3490880727767944,1.4626841269252313,20260906-152108-a0abd1,"{""algorithm"": 66, ""best_ms"": 2.10819, ""beta"": 0, ""exact_serialized_algorithm_available"": false, ""graph_tuning"": 0, ""library_sha256"": ""520b1980e976d88f851ce52d716266602818e430f2310ea0d8765fbb260f8cb0"", ""math_sms"": 0, ""precision"": 16, ""rejected"": 0, ""replay"": ""graph"", ""requested"": 256, ""returned"": 8, ""selected_candidate_records"": [{""algorithm"": 66, ""index"": 0, ""split_k"": 1, ""tile"": 23, ""tune_ms"": 2.10819, ""workspace_bytes"": 0}], ""valid"": 8, ""workspace_capacity"": 268435456}",a9eb0d72de3d3721c9db57909ec7c27dc3a814be4a1593dc71ce0842b0f47749
qkv,artificial_medium,262144,8,5120,24,8,128,32768,5120,5120,09,graph,measured,1.3525599837303162,1.3610336124897002,1.2701742910224567,m128n256k64e32,12,4,4,along_m,F05,20260907-175247-b27c0e,a929fe71bcea91df43d52eeff0be07b807aa05e896a56077177f731960c42647,3368566009a693de0724ecd6363a6090e9161d05ff0a484466ec511ba1935114,20ca2def42ccb0447544f02b65f1713d29f51644c17819e0ee08ed42a8af6fa5,1.4265570477526828,85.03460066945497,,,,,,,,1.9295039772987366,0.8903774952592449,20260906-055439-ea964b,"{""comm_sm"": 8, ""local_first"": false, ""pack_block"": 512, ""pack_warps"": 4, ""push"": true, ""reverse"": false, ""streams"": 1, ""use_ce"": false}",34f0947f2c165ff83180f15139fc453d421e89d3632a041064b4fa2ef15cc9a3,2.0052160024642944,0.8567590305925613,20260906-055439-ea964b,"{""channels"": 24, ""chunk_kib"": 128, ""high_priority"": false, ""ll_kib"": 64, ""pack_block"": 512, ""pack_warps"": 4}",295314e75f69687e0f6a9870c9106ab7588858c1798af9ba45411abc07448199,1.1501439809799194,1.4937146538264539,20260906-152108-a0abd1,"{""algorithm"": 66, ""best_ms"": 1.02135, ""beta"": 0, ""exact_serialized_algorithm_available"": false, ""graph_tuning"": 0, ""library_sha256"": ""520b1980e976d88f851ce52d716266602818e430f2310ea0d8765fbb260f8cb0"", ""math_sms"": 0, ""precision"": 16, ""rejected"": 0, ""replay"": ""graph"", ""requested"": 256, ""returned"": 8, ""selected_candidate_records"": [{""algorithm"": 66, ""index"": 0, ""split_k"": 1, ""tile"": 23, ""tune_ms"": 1.02135, ""workspace_bytes"": 0}], ""valid"": 8, ""workspace_capacity"": 268435456}",a9eb0d72de3d3721c9db57909ec7c27dc3a814be4a1593dc71ce0842b0f47749
qkv,artificial_medium,524288,4,5120,24,8,128,131072,5120,5120,09,graph,measured,5.6858720779418945,5.849084782600403,1.208600471378777,m128n256k64e32,12,4,4,along_m,F05,20260907-174230-82b8da,b5e7f20eb9f1afcf19fb249de78bd3dc027bd56e73c6b2987ce81c476a49c525,3368566009a693de0724ecd6363a6090e9161d05ff0a484466ec511ba1935114,20ca2def42ccb0447544f02b65f1713d29f51644c17819e0ee08ed42a8af6fa5,1.2275703702858856,82.10554087851047,,,,,,,,6.97980809211731,0.9845467931075179,20260906-055439-ea964b,"{""comm_sm"": 12, ""local_first"": false, ""pack_block"": 512, ""pack_warps"": 4, ""push"": true, ""reverse"": false, ""streams"": 1, ""use_ce"": false}",ed3830f58aa4facad4aa3a6f9f66f2b1c0f5047e950112eb9f5bc17924bfcdc2,7.690831899642944,0.8935246229889693,20260906-055439-ea964b,"{""channels"": 32, ""chunk_kib"": 512, ""high_priority"": false, ""ll_kib"": 16, ""pack_block"": 512, ""pack_warps"": 4}",e72bed3aa0c13be59bffa694f95a6d6a4c5c7434ad637b3ac8346f935cacd380,4.6684160232543945,1.472008415567365,20260906-152108-a0abd1,"{""algorithm"": 66, ""best_ms"": 4.58131, ""beta"": 0, ""exact_serialized_algorithm_available"": false, ""graph_tuning"": 0, ""library_sha256"": ""520b1980e976d88f851ce52d716266602818e430f2310ea0d8765fbb260f8cb0"", ""math_sms"": 0, ""precision"": 16, ""rejected"": 0, ""replay"": ""graph"", ""requested"": 256, ""returned"": 8, ""selected_candidate_records"": [{""algorithm"": 66, ""index"": 0, ""split_k"": 1, ""tile"": 23, ""tune_ms"": 4.58131, ""workspace_bytes"": 0}], ""valid"": 8, ""workspace_capacity"": 268435456}",a9eb0d72de3d3721c9db57909ec7c27dc3a814be4a1593dc71ce0842b0f47749
qkv,artificial_medium,524288,8,5120,24,8,128,65536,5120,5120,09,graph,measured,2.725584030151367,2.758632040023804,1.260637646386995,m128n256k64e32,16,4,4,along_m,F03,20260907-174604-f94ceb,a929fe71bcea91df43d52eeff0be07b807aa05e896a56077177f731960c42647,3368566009a693de0724ecd6363a6090e9161d05ff0a484466ec511ba1935114,20ca2def42ccb0447544f02b65f1713d29f51644c17819e0ee08ed42a8af6fa5,1.3977657137098833,86.18659512201266,,,,,,,,3.809727907180786,0.9018948125727526,20260906-055439-ea964b,"{""comm_sm"": 16, ""local_first"": false, ""pack_block"": 512, ""pack_warps"": 4, ""push"": true, ""reverse"": false, ""streams"": 1, ""use_ce"": false}",2fff25aa435b320c2df1bcb8ddb1daa3060707995b3516fde7b2f5af9c8c72ea,4.019551992416382,0.8548151244921304,20260906-055439-ea964b,"{""channels"": 32, ""chunk_kib"": 256, ""high_priority"": false, ""ll_kib"": 64, ""pack_block"": 512, ""pack_warps"": 4}",6a6049c3a86ba4a4d04fd6d5e19627580edda750f246b62191f4be79360ad601,2.3490880727767944,1.4626841269252313,20260906-152108-a0abd1,"{""algorithm"": 66, ""best_ms"": 2.10819, ""beta"": 0, ""exact_serialized_algorithm_available"": false, ""graph_tuning"": 0, ""library_sha256"": ""520b1980e976d88f851ce52d716266602818e430f2310ea0d8765fbb260f8cb0"", ""math_sms"": 0, ""precision"": 16, ""rejected"": 0, ""replay"": ""graph"", ""requested"": 256, ""returned"": 8, ""selected_candidate_records"": [{""algorithm"": 66, ""index"": 0, ""split_k"": 1, ""tile"": 23, ""tune_ms"": 2.10819, ""workspace_bytes"": 0}], ""valid"": 8, ""workspace_capacity"": 268435456}",a9eb0d72de3d3721c9db57909ec7c27dc3a814be4a1593dc71ce0842b0f47749
qkv,artificial_large,1024,4,16384,40,8,128,256,7168,16384,09,graph,measured,0.11447999998927116,0.11608799733221531,0.5252405848151225,m128n256k64e32,32,2,4,along_m,F01,20260907-182112-268594,790d93d5f196acef0847d82b9f758aecb7770e70a61d8093f5bbc5ab3708067f,3368566009a693de0724ecd6363a6090e9161d05ff0a484466ec511ba1935114,20ca2def42ccb0447544f02b65f1713d29f51644c17819e0ee08ed42a8af6fa5,0.8978336857683139,56.25436638809318,,,,,,,,0.10278400033712387,0.5850087751671426,20260906-055439-ea964b,"{""comm_sm"": 4, ""local_first"": false, ""pack_block"": 512, ""pack_warps"": 4, ""push"": true, ""reverse"": false, ""streams"": 1, ""use_ce"": false}",3eb4e49b293dea3f025619c19de835dbe75a8d92fb97a393b274e4f193b622da,0.10038399696350098,0.5989952976853745,20260906-055439-ea964b,"{""channels"": 32, ""chunk_kib"": 128, ""high_priority"": false, ""ll_kib"": 16, ""pack_block"": 512, ""pack_warps"": 4}",e367908866661a169a98acb503ca5ecf8244e27ffdf728547eaf58cd64f6c453,0.06439999863505363,0.9336885623980561,20260906-152108-a0abd1,"{""algorithm"": 66, ""best_ms"": 0.0521958, ""beta"": 0, ""exact_serialized_algorithm_available"": false, ""graph_tuning"": 0, ""library_sha256"": ""520b1980e976d88f851ce52d716266602818e430f2310ea0d8765fbb260f8cb0"", ""math_sms"": 0, ""precision"": 16, ""rejected"": 0, ""replay"": ""graph"", ""requested"": 256, ""returned"": 8, ""selected_candidate_records"": [{""algorithm"": 66, ""index"": 0, ""split_k"": 1, ""tile"": 165, ""tune_ms"": 0.0521958, ""workspace_bytes"": 0}], ""valid"": 8, ""workspace_capacity"": 268435456}",a9eb0d72de3d3721c9db57909ec7c27dc3a814be4a1593dc71ce0842b0f47749
qkv,artificial_large,1024,8,16384,40,8,128,128,7168,16384,09,graph,measured,0.1146400012075901,0.11627679876983166,0.26225375746078994,m128n256k64e32,16,1,4,along_m,F02,20260907-182352-24cd2f,790d93d5f196acef0847d82b9f758aecb7770e70a61d8093f5bbc5ab3708067f,3368566009a693de0724ecd6363a6090e9161d05ff0a484466ec511ba1935114,20ca2def42ccb0447544f02b65f1713d29f51644c17819e0ee08ed42a8af6fa5,1.0075366287442473,,,,,,,,,0.11550400033593178,0.260292033042662,20260906-055439-ea964b,"{""comm_sm"": 4, ""local_first"": false, ""pack_block"": 512, ""pack_warps"": 4, ""push"": true, ""reverse"": false, ""streams"": 1, ""use_ce"": false}",f192c89cf3b7cde72bfe546c058ecdec8c7c1c0dbe39544dd9df50c6b1917bcb,0.08868799731135368,0.33899481309125423,20260906-055439-ea964b,"{""channels"": 32, ""chunk_kib"": 1024, ""high_priority"": false, ""ll_kib"": 64, ""pack_block"": 512, ""pack_warps"": 4}",6e25833a47e2de728abafabf934af783c89ca007f1395d947ab483057a426c77,,,,,
qkv,artificial_large,4096,4,16384,40,8,128,1024,7168,16384,09,graph,measured,0.21198400110006332,0.21371999904513359,1.134605287794656,m128n256k64e32,32,4,4,along_m,F07,20260907-181020-f2af77,a929fe71bcea91df43d52eeff0be07b807aa05e896a56077177f731960c42647,3368566009a693de0724ecd6363a6090e9161d05ff0a484466ec511ba1935114,20ca2def42ccb0447544f02b65f1713d29f51644c17819e0ee08ed42a8af6fa5,0.9534304271146247,94.92036960058816,,,,,,,,0.20211199671030045,1.1900242068299858,20260906-055439-ea964b,"{""comm_sm"": 4, ""local_first"": false, ""pack_block"": 512, ""pack_warps"": 4, ""push"": true, ""reverse"": false, ""streams"": 1, ""use_ce"": false}",a9d59d9f688dbd2393409f1e82bb1d0e45364842f9754eec5f0d7d36d9cc4a8d,0.231967993080616,1.0368592898607893,20260906-055439-ea964b,"{""channels"": 24, ""chunk_kib"": 256, ""high_priority"": false, ""ll_kib"": 16, ""pack_block"": 512, ""pack_warps"": 4}",4d4911132fed000d14d4bc0e08c9f717028e3fb3eb80f26d0568567ba00b1108,0.20121599733829498,1.1953232931655435,20260906-152108-a0abd1,"{""algorithm"": 66, ""best_ms"": 0.160521, ""beta"": 0, ""exact_serialized_algorithm_available"": false, ""graph_tuning"": 0, ""library_sha256"": ""520b1980e976d88f851ce52d716266602818e430f2310ea0d8765fbb260f8cb0"", ""math_sms"": 0, ""precision"": 16, ""rejected"": 0, ""replay"": ""graph"", ""requested"": 256, ""returned"": 8, ""selected_candidate_records"": [{""algorithm"": 66, ""index"": 7, ""split_k"": 1, ""tile"": 184, ""tune_ms"": 0.160521, ""workspace_bytes"": 0}], ""valid"": 8, ""workspace_capacity"": 268435456}",a9eb0d72de3d3721c9db57909ec7c27dc3a814be4a1593dc71ce0842b0f47749
qkv,artificial_large,4096,8,16384,40,8,128,512,7168,16384,09,graph,measured,0.12415999919176102,0.1255040019750595,0.9685815485731747,m128n256k64e32,32,4,4,along_m,F07,20260907-181303-214b6b,a929fe71bcea91df43d52eeff0be07b807aa05e896a56077177f731960c42647,3368566009a693de0724ecd6363a6090e9161d05ff0a484466ec511ba1935114,20ca2def42ccb0447544f02b65f1713d29f51644c17819e0ee08ed42a8af6fa5,1.4466495280108769,,,,,,,,,0.17961600422859192,0.6695343480358791,20260906-055439-ea964b,"{""comm_sm"": 12, ""local_first"": false, ""pack_block"": 512, ""pack_warps"": 4, ""push"": true, ""reverse"": false, ""streams"": 1, ""use_ce"": false}",4e07bdcd764d3fe814078f014bb877b5f93304e3a1548d39a1b32b3626272617,0.14945600181818008,0.8046453994821872,20260906-055439-ea964b,"{""channels"": 24, ""chunk_kib"": 256, ""high_priority"": false, ""ll_kib"": 16, ""pack_block"": 512, ""pack_warps"": 4}",64492254dc7cf6dd80eebaa1d767ef4f701c116960c3de95ffe11b3627606586,,,,,
qkv,artificial_large,16384,4,16384,40,8,128,4096,7168,16384,09,graph,measured,0.755295991897583,0.7728736072778701,1.2737690714959542,m128n256k64e32,12,4,4,along_m,F05,20260907-180410-47febb,a929fe71bcea91df43d52eeff0be07b807aa05e896a56077177f731960c42647,3368566009a693de0724ecd6363a6090e9161d05ff0a484466ec511ba1935114,20ca2def42ccb0447544f02b65f1713d29f51644c17819e0ee08ed42a8af6fa5,1.08778548906056,95.87976464839466,,,,,,,,0.8216000199317932,1.1709745021474907,20260906-055439-ea964b,"{""comm_sm"": 16, ""local_first"": false, ""pack_block"": 512, ""pack_warps"": 4, ""push"": true, ""reverse"": false, ""streams"": 1, ""use_ce"": false}",dd3f1d30644331d2957798173528e5a4ed9c697389b5fa4ebee7fbc948657706,0.8171679973602295,1.1773254427631392,20260906-055439-ea964b,"{""channels"": 24, ""chunk_kib"": 1024, ""high_priority"": false, ""ll_kib"": 16, ""pack_block"": 512, ""pack_warps"": 4}",d917d2ddb7001ce8bd838b1d945253731e983f07c8c7415649e0f73bd56908e2,0.7241760194301605,1.3285066730890034,20260906-152108-a0abd1,"{""algorithm"": 66, ""best_ms"": 0.60577, ""beta"": 0, ""exact_serialized_algorithm_available"": false, ""graph_tuning"": 0, ""library_sha256"": ""520b1980e976d88f851ce52d716266602818e430f2310ea0d8765fbb260f8cb0"", ""math_sms"": 0, ""precision"": 16, ""rejected"": 0, ""replay"": ""graph"", ""requested"": 256, ""returned"": 8, ""selected_candidate_records"": [{""algorithm"": 66, ""index"": 6, ""split_k"": 1, ""tile"": 201, ""tune_ms"": 0.60577, ""workspace_bytes"": 0}], ""valid"": 8, ""workspace_capacity"": 268435456}",a9eb0d72de3d3721c9db57909ec7c27dc3a814be4a1593dc71ce0842b0f47749
qkv,artificial_large,16384,8,16384,40,8,128,2048,7168,16384,09,graph,measured,0.40217600762844086,0.4038560062646866,1.1960841224432661,m128n256k64e32,12,4,4,along_m,F05,20260907-180653-44054e,a929fe71bcea91df43d52eeff0be07b807aa05e896a56077177f731960c42647,3368566009a693de0724ecd6363a6090e9161d05ff0a484466ec511ba1935114,20ca2def42ccb0447544f02b65f1713d29f51644c17819e0ee08ed42a8af6fa5,1.0392265902667974,,,,,,,,,0.4179520010948181,1.1509367963113792,20260906-055439-ea964b,"{""comm_sm"": 8, ""local_first"": false, ""pack_block"": 512, ""pack_warps"": 4, ""push"": true, ""reverse"": false, ""streams"": 1, ""use_ce"": false}",6cfd070b2b4fec10a71459f1cf9af0fdd033cff38b9bc8f83cf8166e54f2ebc1,0.4142400026321411,1.161250323714333,20260906-055439-ea964b,"{""channels"": 32, ""chunk_kib"": 256, ""high_priority"": false, ""ll_kib"": 16, ""pack_block"": 512, ""pack_warps"": 4}",4475ad409ae6f3c0b7c93656d1017c434b0ef1463e41034b828407a50a60d6be,,,,,
qkv,artificial_large,131072,4,16384,40,8,128,32768,7168,16384,09,graph,measured,6.029455900192261,6.2219808340072635,1.2764968384935993,m128n256k64e32,8,4,4,along_m,F08,20260907-175507-633acb,a929fe71bcea91df43d52eeff0be07b807aa05e896a56077177f731960c42647,3368566009a693de0724ecd6363a6090e9161d05ff0a484466ec511ba1935114,20ca2def42ccb0447544f02b65f1713d29f51644c17819e0ee08ed42a8af6fa5,1.0531948778006381,84.70840575671099,,,,,,,,6.350192070007324,1.2120234017461968,20260906-055439-ea964b,"{""comm_sm"": 20, ""local_first"": false, ""pack_block"": 512, ""pack_warps"": 4, ""push"": true, ""reverse"": false, ""streams"": 1, ""use_ce"": false}",08eedd2a6d4ec76b1363138d6711052250482ca79afac5cf4e0d52ec959ede99,6.346656084060669,1.2126986703693627,20260906-055439-ea964b,"{""channels"": 24, ""chunk_kib"": 128, ""high_priority"": false, ""ll_kib"": 16, ""pack_block"": 512, ""pack_warps"": 4}",abf3e4f0a388fa98254208c34b2cc07ce110e9ab30b78c4c57f655a4a4c50cb2,5.1074559688568115,1.506930542595496,20260906-152108-a0abd1,"{""algorithm"": 66, ""best_ms"": 5.03497, ""beta"": 0, ""exact_serialized_algorithm_available"": false, ""graph_tuning"": 0, ""library_sha256"": ""520b1980e976d88f851ce52d716266602818e430f2310ea0d8765fbb260f8cb0"", ""math_sms"": 0, ""precision"": 16, ""rejected"": 0, ""replay"": ""graph"", ""requested"": 256, ""returned"": 8, ""selected_candidate_records"": [{""algorithm"": 66, ""index"": 0, ""split_k"": 1, ""tile"": 513, ""tune_ms"": 5.03497, ""workspace_bytes"": 0}], ""valid"": 8, ""workspace_capacity"": 268435456}",a9eb0d72de3d3721c9db57909ec7c27dc3a814be4a1593dc71ce0842b0f47749
qkv,artificial_large,131072,8,16384,40,8,128,16384,7168,16384,09,graph,measured,2.895616054534912,2.9106208801269533,1.3290058573853654,m128n256k64e32,8,4,4,along_m,F08,20260907-180037-e5a889,a929fe71bcea91df43d52eeff0be07b807aa05e896a56077177f731960c42647,3368566009a693de0724ecd6363a6090e9161d05ff0a484466ec511ba1935114,20ca2def42ccb0447544f02b65f1713d29f51644c17819e0ee08ed42a8af6fa5,1.1168496925589873,,,,,,,,,3.233967900276184,1.1899594602925254,20260906-055439-ea964b,"{""comm_sm"": 12, ""local_first"": false, ""pack_block"": 512, ""pack_warps"": 4, ""push"": true, ""reverse"": false, ""streams"": 1, ""use_ce"": false}",1eef79fb94f1a2b8fdc83f08128ee272c199d3b2e2e23f47146489ec5e7e288c,3.1255359649658203,1.2312418543096444,20260906-055439-ea964b,"{""channels"": 32, ""chunk_kib"": 512, ""high_priority"": false, ""ll_kib"": 128, ""pack_block"": 512, ""pack_warps"": 4}",16c1ba807de46ab3f7abaaa6af3ee0b079d48229bbb1956766276911bc4242d8,,,,,
qkv,artificial_large,262144,4,16384,40,8,128,65536,7168,16384,09,graph,measured,11.914767742156982,12.011936235427857,1.2919398113317573,m128n256k64e32,8,4,4,along_m,F08,20260907-174825-19b5ab,a929fe71bcea91df43d52eeff0be07b807aa05e896a56077177f731960c42647,3368566009a693de0724ecd6363a6090e9161d05ff0a484466ec511ba1935114,20ca2def42ccb0447544f02b65f1713d29f51644c17819e0ee08ed42a8af6fa5,1.0113607116702197,87.15758652702063,,,,,,,,12.050127983093262,1.2774273277811763,20260906-055439-ea964b,"{""comm_sm"": 4, ""local_first"": false, ""pack_block"": 512, ""pack_warps"": 4, ""push"": true, ""reverse"": false, ""streams"": 1, ""use_ce"": false}",df99ee872fa490ef214e3bd46bbef0518caf2a8410a2b47715d160906eeaf691,12.80787181854248,1.2018517211094109,20260906-055439-ea964b,"{""channels"": 32, ""chunk_kib"": 128, ""high_priority"": false, ""ll_kib"": 128, ""pack_block"": 512, ""pack_warps"": 4}",178c951c50491e64b95e5dbe2334c51736793dcf59b866350e7c113b3d99149f,10.384624004364014,1.4823033344678833,20260906-152108-a0abd1,"{""algorithm"": 66, ""best_ms"": 10.3145, ""beta"": 0, ""exact_serialized_algorithm_available"": false, ""graph_tuning"": 0, ""library_sha256"": ""520b1980e976d88f851ce52d716266602818e430f2310ea0d8765fbb260f8cb0"", ""math_sms"": 0, ""precision"": 16, ""rejected"": 0, ""replay"": ""graph"", ""requested"": 256, ""returned"": 8, ""selected_candidate_records"": [{""algorithm"": 66, ""index"": 0, ""split_k"": 1, ""tile"": 513, ""tune_ms"": 10.3145, ""workspace_bytes"": 0}], ""valid"": 8, ""workspace_capacity"": 268435456}",a9eb0d72de3d3721c9db57909ec7c27dc3a814be4a1593dc71ce0842b0f47749
qkv,artificial_large,262144,8,16384,40,8,128,32768,7168,16384,09,graph,measured,6.026864051818848,6.223937582969666,1.2770457950033316,m128n256k64e32,8,4,4,along_m,F08,20260907-175133-40127b,a929fe71bcea91df43d52eeff0be07b807aa05e896a56077177f731960c42647,3368566009a693de0724ecd6363a6090e9161d05ff0a484466ec511ba1935114,20ca2def42ccb0447544f02b65f1713d29f51644c17819e0ee08ed42a8af6fa5,1.092683663983227,84.74483454318887,,,,,,,,6.585455894470215,1.1687241578665486,20260906-055439-ea964b,"{""comm_sm"": 12, ""local_first"": false, ""pack_block"": 512, ""pack_warps"": 4, ""push"": true, ""reverse"": false, ""streams"": 1, ""use_ce"": false}",c87b796dc3ae72b1a8b032665aa335ac83f20e19244ea64c1b2e2a2d68f27de4,6.36680006980896,1.2088618002831273,20260906-055439-ea964b,"{""channels"": 32, ""chunk_kib"": 1024, ""high_priority"": false, ""ll_kib"": 16, ""pack_block"": 512, ""pack_warps"": 4}",9204e0cda9d5079f6212440f8b01e5237535babdeb55b0a41c58d22f04a27f51,5.1074559688568115,1.506930542595496,20260906-152108-a0abd1,"{""algorithm"": 66, ""best_ms"": 5.03497, ""beta"": 0, ""exact_serialized_algorithm_available"": false, ""graph_tuning"": 0, ""library_sha256"": ""520b1980e976d88f851ce52d716266602818e430f2310ea0d8765fbb260f8cb0"", ""math_sms"": 0, ""precision"": 16, ""rejected"": 0, ""replay"": ""graph"", ""requested"": 256, ""returned"": 8, ""selected_candidate_records"": [{""algorithm"": 66, ""index"": 0, ""split_k"": 1, ""tile"": 513, ""tune_ms"": 5.03497, ""workspace_bytes"": 0}], ""valid"": 8, ""workspace_capacity"": 268435456}",a9eb0d72de3d3721c9db57909ec7c27dc3a814be4a1593dc71ce0842b0f47749
qkv,artificial_large,524288,4,16384,40,8,128,131072,7168,16384,09,graph,measured,23.873215675354004,24.047663688659668,1.2895759832434674,m128n256k64e32,8,4,4,along_m,F08,20260907-174138-3324b9,b5e7f20eb9f1afcf19fb249de78bd3dc027bd56e73c6b2987ce81c476a49c525,3368566009a693de0724ecd6363a6090e9161d05ff0a484466ec511ba1935114,20ca2def42ccb0447544f02b65f1713d29f51644c17819e0ee08ed42a8af6fa5,1.0207891772425235,87.71838926570217,,,,,,,,24.36952018737793,1.2633127505593493,20260906-055439-ea964b,"{""comm_sm"": 12, ""local_first"": false, ""pack_block"": 512, ""pack_warps"": 4, ""push"": true, ""reverse"": false, ""streams"": 1, ""use_ce"": false}",e4b13889ae75679c8a75737f0e58c909f21d9d165ecda56bc86dc53c5b0befe8,26.371392250061035,1.167413737045178,20260906-055439-ea964b,"{""channels"": 24, ""chunk_kib"": 512, ""high_priority"": false, ""ll_kib"": 128, ""pack_block"": 512, ""pack_warps"": 4}",bc756c15bfb5549f5d793e26508a724d879fee9dda481aa9c925ecb1fc21fcb1,20.941200256347656,1.4701318549492457,20260906-152108-a0abd1,"{""algorithm"": 66, ""best_ms"": 21.0509, ""beta"": 0, ""exact_serialized_algorithm_available"": false, ""graph_tuning"": 0, ""library_sha256"": ""520b1980e976d88f851ce52d716266602818e430f2310ea0d8765fbb260f8cb0"", ""math_sms"": 0, ""precision"": 16, ""rejected"": 0, ""replay"": ""graph"", ""requested"": 256, ""returned"": 8, ""selected_candidate_records"": [{""algorithm"": 66, ""index"": 0, ""split_k"": 1, ""tile"": 513, ""tune_ms"": 21.0509, ""workspace_bytes"": 0}], ""valid"": 8, ""workspace_capacity"": 268435456}",a9eb0d72de3d3721c9db57909ec7c27dc3a814be4a1593dc71ce0842b0f47749
qkv,artificial_large,524288,8,16384,40,8,128,65536,7168,16384,09,graph,measured,11.878096103668213,11.971998262405396,1.2959284597899707,m128n256k64e32,8,4,4,along_m,F08,20260907-174429-960d47,a929fe71bcea91df43d52eeff0be07b807aa05e896a56077177f731960c42647,3368566009a693de0724ecd6363a6090e9161d05ff0a484466ec511ba1935114,20ca2def42ccb0447544f02b65f1713d29f51644c17819e0ee08ed42a8af6fa5,1.0994960572935402,87.42667102311975,,,,,,,,13.059919834136963,1.1786567593338695,20260906-055439-ea964b,"{""comm_sm"": 12, ""local_first"": false, ""pack_block"": 512, ""pack_warps"": 4, ""push"": true, ""reverse"": false, ""streams"": 1, ""use_ce"": false}",7fcd5f8700c7fa5baab0bf0ff85090b1d313081e44e8b0e10819e0fd1807bbc0,12.868079662322998,1.1962284344519798,20260906-055439-ea964b,"{""channels"": 24, ""chunk_kib"": 256, ""high_priority"": false, ""ll_kib"": 16, ""pack_block"": 512, ""pack_warps"": 4}",d16de3404f0f37f32ace9ffa1f0e290766ae48f67ba0742e523d9554ec25bd00,10.384624004364014,1.4823033344678833,20260906-152108-a0abd1,"{""algorithm"": 66, ""best_ms"": 10.3145, ""beta"": 0, ""exact_serialized_algorithm_available"": false, ""graph_tuning"": 0, ""library_sha256"": ""520b1980e976d88f851ce52d716266602818e430f2310ea0d8765fbb260f8cb0"", ""math_sms"": 0, ""precision"": 16, ""rejected"": 0, ""replay"": ""graph"", ""requested"": 256, ""returned"": 8, ""selected_candidate_records"": [{""algorithm"": 66, ""index"": 0, ""split_k"": 1, ""tile"": 513, ""tune_ms"": 10.3145, ""workspace_bytes"": 0}], ""valid"": 8, ""workspace_capacity"": 268435456}",a9eb0d72de3d3721c9db57909ec7c27dc3a814be4a1593dc71ce0842b0f47749
qkv,production_qwen_dense,1024,4,2048,16,8,128,256,4096,2048,09,graph,measured,0.0326399989426136,0.03370239958167076,0.13158601210592094,m128n256k64e32,32,2,4,along_m,F01,20260907-182334-756c77,790d93d5f196acef0847d82b9f758aecb7770e70a61d8093f5bbc5ab3708067f,3368566009a693de0724ecd6363a6090e9161d05ff0a484466ec511ba1935114,20ca2def42ccb0447544f02b65f1713d29f51644c17819e0ee08ed42a8af6fa5,1.4632352983137011,29.215687124910108,,,,,,,,0.047759998589754105,0.08992812861852542,20260906-055439-ea964b,"{""comm_sm"": 20, ""local_first"": false, ""pack_block"": 512, ""pack_warps"": 4, ""push"": true, ""reverse"": false, ""streams"": 1, ""use_ce"": false}",b4c84f0fd205551c158ddcf80f8991bd0491868c96384a8e77f372d2ca7ab66f,0.045632001012563705,0.09412182680346368,20260906-055439-ea964b,"{""channels"": 24, ""chunk_kib"": 256, ""high_priority"": false, ""ll_kib"": 16, ""pack_block"": 512, ""pack_warps"": 4}",fda245f1766e0cafdbcf9ed09c61c3c351d000dfd93ecd53e7427458caa09369,0.009535999968647957,0.4503950618834737,20260906-152108-a0abd1,"{""algorithm"": 66, ""best_ms"": 0.00822336, ""beta"": 0, ""exact_serialized_algorithm_available"": false, ""graph_tuning"": 0, ""library_sha256"": ""520b1980e976d88f851ce52d716266602818e430f2310ea0d8765fbb260f8cb0"", ""math_sms"": 0, ""precision"": 16, ""rejected"": 0, ""replay"": ""graph"", ""requested"": 256, ""returned"": 8, ""selected_candidate_records"": [{""algorithm"": 66, ""index"": 2, ""split_k"": 1, ""tile"": 17, ""tune_ms"": 0.00822336, ""workspace_bytes"": 0}], ""valid"": 8, ""workspace_capacity"": 268435456}",a9eb0d72de3d3721c9db57909ec7c27dc3a814be4a1593dc71ce0842b0f47749
qkv,production_qwen_dense,1024,8,2048,16,8,128,128,4096,2048,09,graph,measured,0.033424001187086105,0.04580800030380487,0.06424974783778174,m128n256k64e32,32,1,4,along_m,F09,20260907-182657-b7c20f,790d93d5f196acef0847d82b9f758aecb7770e70a61d8093f5bbc5ab3708067f,3368566009a693de0724ecd6363a6090e9161d05ff0a484466ec511ba1935114,20ca2def42ccb0447544f02b65f1713d29f51644c17819e0ee08ed42a8af6fa5,2.2843465032550037,,,,,,,,,0.07635200023651123,0.028126095470293672,20260906-055439-ea964b,"{""comm_sm"": 4, ""local_first"": false, ""pack_block"": 512, ""pack_warps"": 4, ""push"": true, ""reverse"": false, ""streams"": 1, ""use_ce"": false}",37a54695d248e8303dd16a0c7ceeae7b6340a91ce49b67c969634aed7e381ecd,0.04024000093340874,0.05336688862293439,20260906-055439-ea964b,"{""channels"": 32, ""chunk_kib"": 256, ""high_priority"": false, ""ll_kib"": 16, ""pack_block"": 512, ""pack_warps"": 4}",b68f7310159b3e57a9fff6cc471ac9d3b6b17235b9f1b86efe12d040154bd5b5,,,,,
qkv,production_qwen_dense,4096,4,2048,16,8,128,1024,4096,2048,09,graph,measured,0.042160000652074814,0.04405280016362667,0.40749214701813646,m128n256k64e32,24,4,4,along_m,F04,20260907-181245-145ce5,a929fe71bcea91df43d52eeff0be07b807aa05e896a56077177f731960c42647,3368566009a693de0724ecd6363a6090e9161d05ff0a484466ec511ba1935114,20ca2def42ccb0447544f02b65f1713d29f51644c17819e0ee08ed42a8af6fa5,1.5502845702913934,45.61669590966489,,,,,,,,0.06535999849438667,0.2628499017709657,20260906-055439-ea964b,"{""comm_sm"": 16, ""local_first"": false, ""pack_block"": 512, ""pack_warps"": 4, ""push"": true, ""reverse"": false, ""streams"": 1, ""use_ce"": false}",7c7ff5684fd74d21463283ee88493e966d7bc35aae6e415bf4846474bd212969,0.07513599842786789,0.2286503080210351,20260906-055439-ea964b,"{""channels"": 32, ""chunk_kib"": 1024, ""high_priority"": false, ""ll_kib"": 16, ""pack_block"": 512, ""pack_warps"": 4}",a8d3cdf9b59b46591d7037442684f2794e226c1d67380c82c1f1277bdec52436,0.019231999292969704,0.893296059462738,20260906-152108-a0abd1,"{""algorithm"": 66, ""best_ms"": 0.0183853, ""beta"": 0, ""exact_serialized_algorithm_available"": false, ""graph_tuning"": 0, ""library_sha256"": ""520b1980e976d88f851ce52d716266602818e430f2310ea0d8765fbb260f8cb0"", ""math_sms"": 0, ""precision"": 16, ""rejected"": 0, ""replay"": ""graph"", ""requested"": 256, ""returned"": 8, ""selected_candidate_records"": [{""algorithm"": 66, ""index"": 2, ""split_k"": 1, ""tile"": 165, ""tune_ms"": 0.0183853, ""workspace_bytes"": 0}], ""valid"": 8, ""workspace_capacity"": 268435456}",a9eb0d72de3d3721c9db57909ec7c27dc3a814be4a1593dc71ce0842b0f47749
qkv,production_qwen_dense,4096,8,2048,16,8,128,512,4096,2048,09,graph,measured,0.03683200106024742,0.03930719923228025,0.23321932951590485,m128n256k64e32,16,4,4,along_m,F03,20260907-182049-95851b,790d93d5f196acef0847d82b9f758aecb7770e70a61d8093f5bbc5ab3708067f,3368566009a693de0724ecd6363a6090e9161d05ff0a484466ec511ba1935114,20ca2def42ccb0447544f02b65f1713d29f51644c17819e0ee08ed42a8af6fa5,2.41572537312829,,,,,,,,,0.08897599950432777,0.09654215338802895,20260906-055439-ea964b,"{""comm_sm"": 24, ""local_first"": false, ""pack_block"": 512, ""pack_warps"": 4, ""push"": true, ""reverse"": false, ""streams"": 1, ""use_ce"": false}",be5502fb37e5c1c7f1800c99d15fb564b55aa31ee30a296a35cfff36854e01af,0.06169600039720535,0.13923000740237773,20260906-055439-ea964b,"{""channels"": 16, ""chunk_kib"": 512, ""high_priority"": false, ""ll_kib"": 16, ""pack_block"": 512, ""pack_warps"": 4}",a947355e847b22b9b3e696a220ade6d4797753b048ae232864a71d7654060c8a,,,,,
qkv,production_qwen_dense,16384,4,2048,16,8,128,4096,4096,2048,09,graph,measured,0.08076799660921097,0.08185599744319916,0.8508255697921208,m128n256k64e32,24,4,4,along_m,F04,20260907-180635-ee04c6,a929fe71bcea91df43d52eeff0be07b807aa05e896a56077177f731960c42647,3368566009a693de0724ecd6363a6090e9161d05ff0a484466ec511ba1935114,20ca2def42ccb0447544f02b65f1713d29f51644c17819e0ee08ed42a8af6fa5,1.7365294229591135,72.12757865252857,,,,,,,,0.14025600254535675,0.4899574741107934,20260906-055439-ea964b,"{""comm_sm"": 16, ""local_first"": false, ""pack_block"": 512, ""pack_warps"": 4, ""push"": true, ""reverse"": false, ""streams"": 1, ""use_ce"": false}",eb34b40da0641cef40184417c85103a005677f995611ba952223f936598a0ef1,0.18675200641155243,0.36797182561219877,20260906-055439-ea964b,"{""channels"": 24, ""chunk_kib"": 256, ""high_priority"": false, ""ll_kib"": 16, ""pack_block"": 512, ""pack_warps"": 4}",d99f529e3b74a090c743131968b3086e46681ff5d887a518802d9c32a0997d02,0.05825600028038025,1.1796119954212458,20260906-152108-a0abd1,"{""algorithm"": 66, ""best_ms"": 0.0572621, ""beta"": 0, ""exact_serialized_algorithm_available"": false, ""graph_tuning"": 0, ""library_sha256"": ""520b1980e976d88f851ce52d716266602818e430f2310ea0d8765fbb260f8cb0"", ""math_sms"": 0, ""precision"": 16, ""rejected"": 0, ""replay"": ""graph"", ""requested"": 256, ""returned"": 8, ""selected_candidate_records"": [{""algorithm"": 66, ""index"": 3, ""split_k"": 1, ""tile"": 32, ""tune_ms"": 0.0572621, ""workspace_bytes"": 0}], ""valid"": 8, ""workspace_capacity"": 268435456}",a9eb0d72de3d3721c9db57909ec7c27dc3a814be4a1593dc71ce0842b0f47749
qkv,production_qwen_dense,16384,8,2048,16,8,128,2048,4096,2048,09,graph,measured,0.060336001217365265,0.061158400028944016,0.5694732444103529,m128n256k64e32,24,4,4,along_m,F04,20260907-180957-e7d196,a929fe71bcea91df43d52eeff0be07b807aa05e896a56077177f731960c42647,3368566009a693de0724ecd6363a6090e9161d05ff0a484466ec511ba1935114,20ca2def42ccb0447544f02b65f1713d29f51644c17819e0ee08ed42a8af6fa5,2.1097851722137904,,,,,,,,,0.12729600071907043,0.2699200145637608,20260906-055439-ea964b,"{""comm_sm"": 20, ""local_first"": false, ""pack_block"": 512, ""pack_warps"": 4, ""push"": true, ""reverse"": false, ""streams"": 1, ""use_ce"": false}",b28bc69c82901f78c70a87075e444f8189cd323d4cd65b91e91822ef72b33809,0.12089600041508675,0.28420905778544026,20260906-055439-ea964b,"{""channels"": 32, ""chunk_kib"": 256, ""high_priority"": false, ""ll_kib"": 16, ""pack_block"": 512, ""pack_warps"": 4}",2e35cee3eed002aae22879c00d31e7cb9849cf13af643ee4667d87a3a8a7872e,,,,,
qkv,production_qwen_dense,131072,4,2048,16,8,128,32768,4096,2048,09,graph,measured,0.4970719963312149,0.500440014898777,1.1059883033959534,m128n256k64e32,24,4,4,along_m,F04,20260907-180019-067c18,a929fe71bcea91df43d52eeff0be07b807aa05e896a56077177f731960c42647,3368566009a693de0724ecd6363a6090e9161d05ff0a484466ec511ba1935114,20ca2def42ccb0447544f02b65f1713d29f51644c17819e0ee08ed42a8af6fa5,1.624778714582979,83.35210897484458,,,,,,,,0.8076319992542267,0.680700881584247,20260906-055439-ea964b,"{""comm_sm"": 16, ""local_first"": false, ""pack_block"": 512, ""pack_warps"": 4, ""push"": true, ""reverse"": false, ""streams"": 1, ""use_ce"": false}",3ba8d5414d60fa1775f12977efa16da1b44e911211209920a613ced956abc147,1.16075199842453,0.4736203897423176,20260906-055439-ea964b,"{""channels"": 24, ""chunk_kib"": 1024, ""high_priority"": false, ""ll_kib"": 128, ""pack_block"": 512, ""pack_warps"": 4}",c3b44096d30da3ff91d6911389c90a334e7a0c9517af89062416ec4ba6658c03,0.4143199920654297,1.326887006218088,20260906-152108-a0abd1,"{""algorithm"": 66, ""best_ms"": 0.315025, ""beta"": 0, ""exact_serialized_algorithm_available"": false, ""graph_tuning"": 0, ""library_sha256"": ""520b1980e976d88f851ce52d716266602818e430f2310ea0d8765fbb260f8cb0"", ""math_sms"": 0, ""precision"": 16, ""rejected"": 0, ""replay"": ""graph"", ""requested"": 256, ""returned"": 8, ""selected_candidate_records"": [{""algorithm"": 66, ""index"": 2, ""split_k"": 1, ""tile"": 32, ""tune_ms"": 0.315025, ""workspace_bytes"": 0}], ""valid"": 8, ""workspace_capacity"": 268435456}",a9eb0d72de3d3721c9db57909ec7c27dc3a814be4a1593dc71ce0842b0f47749
qkv,production_qwen_dense,131072,8,2048,16,8,128,16384,4096,2048,09,graph,measured,0.27324800193309784,0.2750031888484955,1.0059649292926989,m128n256k64e32,32,4,4,along_m,F07,20260907-180347-1cc7f1,a929fe71bcea91df43d52eeff0be07b807aa05e896a56077177f731960c42647,3368566009a693de0724ecd6363a6090e9161d05ff0a484466ec511ba1935114,20ca2def42ccb0447544f02b65f1713d29f51644c17819e0ee08ed42a8af6fa5,1.8095209763803006,,1.0184284202894134,0.2699040025472641,20260907-171621-0c9dee,791a30c20899ce6524fbe2d229388f2d33cd7e16c66cd8579b53fa899beac74d,f772c6b28ef55cf4d90554eb13bd617b0ab7ca00981656d07584617d4cd7525a,-1.2237964640826493,,0.4944479912519455,0.5559288576499368,20260906-055439-ea964b,"{""comm_sm"": 16, ""local_first"": false, ""pack_block"": 512, ""pack_warps"": 4, ""push"": true, ""reverse"": false, ""streams"": 1, ""use_ce"": false}",6bb0e38c10a0a726c771f7022cc860fe0456d905855afeadd665925eba768779,0.6131200194358826,0.4483264258715753,20260906-055439-ea964b,"{""channels"": 24, ""chunk_kib"": 1024, ""high_priority"": false, ""ll_kib"": 128, ""pack_block"": 512, ""pack_warps"": 4}",d1f18c877ebd0fc9e97275bbbfa4d9acd8513ed468da94781cd389bee5817656,,,,,
qkv,production_qwen_dense,262144,4,2048,16,8,128,65536,4096,2048,09,graph,measured,1.021456003189087,1.0261536180973052,1.0764160417513977,m128n256k64e32,32,4,4,along_m,F07,20260907-175115-0cc89b,a929fe71bcea91df43d52eeff0be07b807aa05e896a56077177f731960c42647,3368566009a693de0724ecd6363a6090e9161d05ff0a484466ec511ba1935114,20ca2def42ccb0447544f02b65f1713d29f51644c17819e0ee08ed42a8af6fa5,1.6188186183170774,75.05207972276432,,,,,,,,1.653551995754242,0.6649392523483817,20260906-055439-ea964b,"{""comm_sm"": 16, ""local_first"": false, ""pack_block"": 512, ""pack_warps"": 4, ""push"": true, ""reverse"": false, ""streams"": 1, ""use_ce"": false}",f7a735cb5edc17aba7b818ed9fe24bb89f42c26b95b59eb997a7d58f66a39d64,2.164911985397339,0.5078782117667477,20260906-055439-ea964b,"{""channels"": 32, ""chunk_kib"": 128, ""high_priority"": false, ""ll_kib"": 16, ""pack_block"": 512, ""pack_warps"": 4}",b1118717d91ac8b50091efcebe340d11ce20405599fa9cded82a9d71a386cbb2,0.7666239738464355,1.434225468138368,20260906-152108-a0abd1,"{""algorithm"": 66, ""best_ms"": 0.654539, ""beta"": 0, ""exact_serialized_algorithm_available"": false, ""graph_tuning"": 0, ""library_sha256"": ""520b1980e976d88f851ce52d716266602818e430f2310ea0d8765fbb260f8cb0"", ""math_sms"": 0, ""precision"": 16, ""rejected"": 0, ""replay"": ""graph"", ""requested"": 256, ""returned"": 8, ""selected_candidate_records"": [{""algorithm"": 66, ""index"": 0, ""split_k"": 1, ""tile"": 23, ""tune_ms"": 0.654539, ""workspace_bytes"": 0}], ""valid"": 8, ""workspace_capacity"": 268435456}",a9eb0d72de3d3721c9db57909ec7c27dc3a814be4a1593dc71ce0842b0f47749
qkv,production_qwen_dense,262144,8,2048,16,8,128,32768,4096,2048,09,graph,measured,0.5257279872894287,0.5294079780578613,1.0457039137719393,m128n256k64e32,32,4,4,along_m,F07,20260907-175444-5951d6,a929fe71bcea91df43d52eeff0be07b807aa05e896a56077177f731960c42647,3368566009a693de0724ecd6363a6090e9161d05ff0a484466ec511ba1935114,20ca2def42ccb0447544f02b65f1713d29f51644c17819e0ee08ed42a8af6fa5,1.7613975768492782,78.80881407923492,1.0498896040426207,0.5236320197582245,20260907-171645-796356,791a30c20899ce6524fbe2d229388f2d33cd7e16c66cd8579b53fa899beac74d,119313f0c934bddf80daa68b82fd4ba6ee751887bc691c80b3f47e2ab393a86e,-0.3986790853594657,,0.9260160028934479,0.5936785240970157,20260906-055439-ea964b,"{""comm_sm"": 24, ""local_first"": false, ""pack_block"": 512, ""pack_warps"": 4, ""push"": true, ""reverse"": false, ""streams"": 1, ""use_ce"": false}",7a1ecc07c0ac0cd1092c369668f713f4153deacd92270ab3a9b6e7e34eb8a780,1.176367998123169,0.46733319400485684,20260906-055439-ea964b,"{""channels"": 32, ""chunk_kib"": 512, ""high_priority"": false, ""ll_kib"": 128, ""pack_block"": 512, ""pack_warps"": 4}",bf9eb9816f7a34dd4fa91cce1a01d866325113812d4dbb226e077484fbbcc0fd,0.4143199920654297,1.326887006218088,20260906-152108-a0abd1,"{""algorithm"": 66, ""best_ms"": 0.315025, ""beta"": 0, ""exact_serialized_algorithm_available"": false, ""graph_tuning"": 0, ""library_sha256"": ""520b1980e976d88f851ce52d716266602818e430f2310ea0d8765fbb260f8cb0"", ""math_sms"": 0, ""precision"": 16, ""rejected"": 0, ""replay"": ""graph"", ""requested"": 256, ""returned"": 8, ""selected_candidate_records"": [{""algorithm"": 66, ""index"": 2, ""split_k"": 1, ""tile"": 32, ""tune_ms"": 0.315025, ""workspace_bytes"": 0}], ""valid"": 8, ""workspace_capacity"": 268435456}",a9eb0d72de3d3721c9db57909ec7c27dc3a814be4a1593dc71ce0842b0f47749
qkv,production_qwen_dense,524288,4,2048,16,8,128,131072,4096,2048,09,graph,measured,1.9890719652175903,2.001697671413422,1.1055523852358164,m128n256k64e32,24,4,4,along_m,F04,20260907-174411-338177,a929fe71bcea91df43d52eeff0be07b807aa05e896a56077177f731960c42647,3368566009a693de0724ecd6363a6090e9161d05ff0a484466ec511ba1935114,20ca2def42ccb0447544f02b65f1713d29f51644c17819e0ee08ed42a8af6fa5,1.6381428356101044,77.05543031408324,,,,,,,,3.2583839893341064,0.674881555627027,20260906-055439-ea964b,"{""comm_sm"": 16, ""local_first"": false, ""pack_block"": 512, ""pack_warps"": 4, ""push"": true, ""reverse"": false, ""streams"": 1, ""use_ce"": false}",24e83f934e775607a15d807ffa1b40969601c3046311ba02556b85f62f3200db,4.280656099319458,0.5137117312230717,20260906-055439-ea964b,"{""channels"": 24, ""chunk_kib"": 256, ""high_priority"": false, ""ll_kib"": 16, ""pack_block"": 512, ""pack_warps"": 4}",dbecddfc38a1b90ddcf560bd8bf9cee168eef0bc9b4b44d8bce15dd992ac754e,1.5326879620552063,1.434749479341701,20260906-152108-a0abd1,"{""algorithm"": 66, ""best_ms"": 1.23062, ""beta"": 0, ""exact_serialized_algorithm_available"": false, ""graph_tuning"": 0, ""library_sha256"": ""520b1980e976d88f851ce52d716266602818e430f2310ea0d8765fbb260f8cb0"", ""math_sms"": 0, ""precision"": 16, ""rejected"": 0, ""replay"": ""graph"", ""requested"": 256, ""returned"": 8, ""selected_candidate_records"": [{""algorithm"": 66, ""index"": 0, ""split_k"": 1, ""tile"": 23, ""tune_ms"": 1.23062, ""workspace_bytes"": 0}], ""valid"": 8, ""workspace_capacity"": 268435456}",a9eb0d72de3d3721c9db57909ec7c27dc3a814be4a1593dc71ce0842b0f47749
qkv,production_qwen_dense,524288,8,2048,16,8,128,65536,4096,2048,09,graph,measured,1.0467039942741394,1.0596927881240845,1.05045135376452,m128n256k64e32,32,4,4,along_m,F07,20260907-174801-4f473a,a929fe71bcea91df43d52eeff0be07b807aa05e896a56077177f731960c42647,3368566009a693de0724ecd6363a6090e9161d05ff0a484466ec511ba1935114,20ca2def42ccb0447544f02b65f1713d29f51644c17819e0ee08ed42a8af6fa5,1.6102661504936655,73.24171666871953,1.0600440857177982,1.037231981754303,20260907-171707-eb4acf,791a30c20899ce6524fbe2d229388f2d33cd7e16c66cd8579b53fa899beac74d,dc61eac0d02e59dd1589cda5781ace47a5f5d2917e36cad0c19b8bee58ec77c3,-0.9049370759691255,,1.685472011566162,0.6523464170457033,20260906-055439-ea964b,"{""comm_sm"": 16, ""local_first"": false, ""pack_block"": 512, ""pack_warps"": 4, ""push"": true, ""reverse"": false, ""streams"": 1, ""use_ce"": false}",dc79cc639da05dfa3698ed209747ea18b1d348ee227d5aade55492ac5f0b5ced,2.2349599599838257,0.49196032477644797,20260906-055439-ea964b,"{""channels"": 32, ""chunk_kib"": 128, ""high_priority"": false, ""ll_kib"": 64, ""pack_block"": 512, ""pack_warps"": 4}",ec7fd8333ddf3ada756acb6b4259827545e09c60bed35866ed588a172e86b64f,0.7666239738464355,1.434225468138368,20260906-152108-a0abd1,"{""algorithm"": 66, ""best_ms"": 0.654539, ""beta"": 0, ""exact_serialized_algorithm_available"": false, ""graph_tuning"": 0, ""library_sha256"": ""520b1980e976d88f851ce52d716266602818e430f2310ea0d8765fbb260f8cb0"", ""math_sms"": 0, ""precision"": 16, ""rejected"": 0, ""replay"": ""graph"", ""requested"": 256, ""returned"": 8, ""selected_candidate_records"": [{""algorithm"": 66, ""index"": 0, ""split_k"": 1, ""tile"": 23, ""tune_ms"": 0.654539, ""workspace_bytes"": 0}], ""valid"": 8, ""workspace_capacity"": 268435456}",a9eb0d72de3d3721c9db57909ec7c27dc3a814be4a1593dc71ce0842b0f47749
qkv,nanbeige42_3b,1024,4,3072,48,8,128,256,8192,3072,09,graph,measured,0.04179200157523155,0.05346080064773559,0.3083102364648734,m128n256k64e32,16,2,4,along_m,F10,20260907-182316-03192e,790d93d5f196acef0847d82b9f758aecb7770e70a61d8093f5bbc5ab3708067f,3368566009a693de0724ecd6363a6090e9161d05ff0a484466ec511ba1935114,20ca2def42ccb0447544f02b65f1713d29f51644c17819e0ee08ed42a8af6fa5,1.3644715783055688,36.29402622731918,,,,,,,,0.057023998349905014,0.22595577758221969,20260906-055439-ea964b,"{""comm_sm"": 16, ""local_first"": false, ""pack_block"": 512, ""pack_warps"": 4, ""push"": true, ""reverse"": false, ""streams"": 1, ""use_ce"": false}",0d5a83ce7ebcc275405f43921bcde0845143bf82fd8e49710bee4fd9c7f28496,0.05897599831223488,0.2184770458616715,20260906-055439-ea964b,"{""channels"": 32, ""chunk_kib"": 256, ""high_priority"": false, ""ll_kib"": 16, ""pack_block"": 512, ""pack_warps"": 4}",e7ae813048b1c75eb329b06457f6c4cf9e03750fad86a436adf3c9aac361acf9,0.015168000012636185,0.8494792904315548,20260906-152108-a0abd1,"{""algorithm"": 66, ""best_ms"": 0.0165914, ""beta"": 0, ""exact_serialized_algorithm_available"": false, ""graph_tuning"": 0, ""library_sha256"": ""520b1980e976d88f851ce52d716266602818e430f2310ea0d8765fbb260f8cb0"", ""math_sms"": 0, ""precision"": 16, ""rejected"": 0, ""replay"": ""graph"", ""requested"": 256, ""returned"": 8, ""selected_candidate_records"": [{""algorithm"": 66, ""index"": 0, ""split_k"": 1, ""tile"": 165, ""tune_ms"": 0.0165914, ""workspace_bytes"": 0}], ""valid"": 8, ""workspace_capacity"": 268435456}",a9eb0d72de3d3721c9db57909ec7c27dc3a814be4a1593dc71ce0842b0f47749
qkv,nanbeige42_3b,1024,8,3072,48,8,128,128,8192,3072,09,graph,measured,0.03814399987459183,0.03906079940497875,0.16889814820630264,m128n256k64e32,32,1,4,along_m,F09,20260907-182634-06b651,790d93d5f196acef0847d82b9f758aecb7770e70a61d8093f5bbc5ab3708067f,3368566009a693de0724ecd6363a6090e9161d05ff0a484466ec511ba1935114,20ca2def42ccb0447544f02b65f1713d29f51644c17819e0ee08ed42a8af6fa5,2.1505872234965184,,,,,,,,,0.08203199878334999,0.0785358279640947,20260906-055439-ea964b,"{""comm_sm"": 20, ""local_first"": false, ""pack_block"": 512, ""pack_warps"": 4, ""push"": true, ""reverse"": false, ""streams"": 1, ""use_ce"": false}",9464713f1ccaa888162f6fe4b42f8eba930ff22e94c10b0f7ce984b9dbed7cea,0.04919999837875366,0.13094412919294085,20260906-055439-ea964b,"{""channels"": 24, ""chunk_kib"": 1024, ""high_priority"": false, ""ll_kib"": 128, ""pack_block"": 512, ""pack_warps"": 4}",286ba0c487100868b1a45e24c9c4e2c41b08060bfb36598cc415848cb4161b13,,,,,
qkv,nanbeige42_3b,4096,4,3072,48,8,128,1024,8192,3072,09,graph,measured,0.07368000224232674,0.07538880035281181,0.6995060529788121,m128n256k64e32,24,4,4,along_m,F04,20260907-181227-693607,a929fe71bcea91df43d52eeff0be07b807aa05e896a56077177f731960c42647,3368566009a693de0724ecd6363a6090e9161d05ff0a484466ec511ba1935114,20ca2def42ccb0447544f02b65f1713d29f51644c17819e0ee08ed42a8af6fa5,1.2981541156796645,68.31704403684336,,,,,,,,0.09564799815416336,0.5388466935704141,20260906-055439-ea964b,"{""comm_sm"": 16, ""local_first"": false, ""pack_block"": 512, ""pack_warps"": 4, ""push"": true, ""reverse"": false, ""streams"": 1, ""use_ce"": false}",baed89929425c788c161dc00bed722dcafd341f978d9c2a14869497c685873a9,0.12699200212955475,0.40584924001292855,20260906-055439-ea964b,"{""channels"": 24, ""chunk_kib"": 256, ""high_priority"": false, ""ll_kib"": 64, ""pack_block"": 512, ""pack_warps"": 4}",be7e3d0c45292b567551b1a590ecff3cd2453b10a17fae22dc09ff370ec6e16e,0.050335999578237534,1.0239114745678526,20260906-152108-a0abd1,"{""algorithm"": 66, ""best_ms"": 0.0494995, ""beta"": 0, ""exact_serialized_algorithm_available"": false, ""graph_tuning"": 0, ""library_sha256"": ""520b1980e976d88f851ce52d716266602818e430f2310ea0d8765fbb260f8cb0"", ""math_sms"": 0, ""precision"": 16, ""rejected"": 0, ""replay"": ""graph"", ""requested"": 256, ""returned"": 8, ""selected_candidate_records"": [{""algorithm"": 66, ""index"": 7, ""split_k"": 1, ""tile"": 165, ""tune_ms"": 0.0494995, ""workspace_bytes"": 0}], ""valid"": 8, ""workspace_capacity"": 268435456}",a9eb0d72de3d3721c9db57909ec7c27dc3a814be4a1593dc71ce0842b0f47749
qkv,nanbeige42_3b,4096,8,3072,48,8,128,512,8192,3072,09,graph,measured,0.05588800087571144,0.057585600577294824,0.46109725472752394,m128n256k64e32,24,4,4,along_m,F04,20260907-182026-486222,790d93d5f196acef0847d82b9f758aecb7770e70a61d8093f5bbc5ab3708067f,3368566009a693de0724ecd6363a6090e9161d05ff0a484466ec511ba1935114,20ca2def42ccb0447544f02b65f1713d29f51644c17819e0ee08ed42a8af6fa5,1.9149728232051562,,,,,,,,,0.10702400282025337,0.24078527336788497,20260906-055439-ea964b,"{""comm_sm"": 16, ""local_first"": false, ""pack_block"": 512, ""pack_warps"": 4, ""push"": true, ""reverse"": false, ""streams"": 1, ""use_ce"": false}",c11fed6d75a365bc8d72aa78508cdb45d19feade6ef329b8dc728a9ea3b570d1,0.08686399832367897,0.2966684043252842,20260906-055439-ea964b,"{""channels"": 24, ""chunk_kib"": 1024, ""high_priority"": false, ""ll_kib"": 16, ""pack_block"": 512, ""pack_warps"": 4}",37514ec5d31295c78913c0ac228790b80592291bfcc5dfadfb4ecc2d74677dca,,,,,
qkv,nanbeige42_3b,16384,4,3072,48,8,128,4096,8192,3072,09,graph,measured,0.18289600312709808,0.18397120013833046,1.1271893681828378,m128n256k64e32,24,4,4,along_m,F04,20260907-180616-747a72,a929fe71bcea91df43d52eeff0be07b807aa05e896a56077177f731960c42647,3368566009a693de0724ecd6363a6090e9161d05ff0a484466ec511ba1935114,20ca2def42ccb0447544f02b65f1713d29f51644c17819e0ee08ed42a8af6fa5,1.4213104949240842,87.98879870959153,,,,,,,,0.25995200872421265,0.7930634243596743,20260906-055439-ea964b,"{""comm_sm"": 16, ""local_first"": false, ""pack_block"": 512, ""pack_warps"": 4, ""push"": true, ""reverse"": false, ""streams"": 1, ""use_ce"": false}",e5da65774ff2725040cedd20b60f453a9e3b2fc17beb82d45580d3fdd3fef8af,0.36287999153137207,0.5681173804540749,20260906-055439-ea964b,"{""channels"": 32, ""chunk_kib"": 1024, ""high_priority"": false, ""ll_kib"": 64, ""pack_block"": 512, ""pack_warps"": 4}",4e09e30d10430596190deff532b5140a6ac1f7ee063d82ee1665fed8eedf3df1,0.16092799603939056,1.281060072092977,20260906-152108-a0abd1,"{""algorithm"": 66, ""best_ms"": 0.147188, ""beta"": 0, ""exact_serialized_algorithm_available"": false, ""graph_tuning"": 0, ""library_sha256"": ""520b1980e976d88f851ce52d716266602818e430f2310ea0d8765fbb260f8cb0"", ""math_sms"": 0, ""precision"": 16, ""rejected"": 0, ""replay"": ""graph"", ""requested"": 256, ""returned"": 8, ""selected_candidate_records"": [{""algorithm"": 66, ""index"": 5, ""split_k"": 1, ""tile"": 535, ""tune_ms"": 0.147188, ""workspace_bytes"": 0}], ""valid"": 8, ""workspace_capacity"": 268435456}",a9eb0d72de3d3721c9db57909ec7c27dc3a814be4a1593dc71ce0842b0f47749
qkv,nanbeige42_3b,16384,8,3072,48,8,128,2048,8192,3072,09,graph,measured,0.12171200290322304,0.12320959940552711,0.8469108440024724,m128n256k64e32,24,4,4,along_m,F04,20260907-180934-38d3fd,a929fe71bcea91df43d52eeff0be07b807aa05e896a56077177f731960c42647,3368566009a693de0724ecd6363a6090e9161d05ff0a484466ec511ba1935114,20ca2def42ccb0447544f02b65f1713d29f51644c17819e0ee08ed42a8af6fa5,1.5155777225368274,,,,,,,,,0.1844640001654625,0.5588039672322995,20260906-055439-ea964b,"{""comm_sm"": 16, ""local_first"": false, ""pack_block"": 512, ""pack_warps"": 4, ""push"": true, ""reverse"": false, ""streams"": 1, ""use_ce"": false}",a466007e17996705b30e7b8dab157acce26c18455e3117b89560830f1f46b64a,0.21537599712610245,0.47860122056055865,20260906-055439-ea964b,"{""channels"": 32, ""chunk_kib"": 256, ""high_priority"": false, ""ll_kib"": 16, ""pack_block"": 512, ""pack_warps"": 4}",a9c03c1a7fac8c51cec056d127905269985ca07f50ca5c127a5f48eeae1d6a28,,,,,
qkv,nanbeige42_3b,131072,4,3072,48,8,128,32768,8192,3072,09,graph,measured,1.468463957309723,1.4751423716545105,1.1231242234133654,m128n256k64e32,24,4,4,along_m,F04,20260907-180001-ced321,a929fe71bcea91df43d52eeff0be07b807aa05e896a56077177f731960c42647,3368566009a693de0724ecd6363a6090e9161d05ff0a484466ec511ba1935114,20ca2def42ccb0447544f02b65f1713d29f51644c17819e0ee08ed42a8af6fa5,1.2996764547188209,79.88320044168186,,,,,,,,1.9085280299186707,0.8641567825096503,20260906-055439-ea964b,"{""comm_sm"": 16, ""local_first"": false, ""pack_block"": 512, ""pack_warps"": 4, ""push"": true, ""reverse"": false, ""streams"": 1, ""use_ce"": false}",605a38b6a75b0580de69bad199e814b05ad3625b6526c9928e6e4112f734d334,2.456272006034851,0.6714514669433558,20260906-055439-ea964b,"{""channels"": 24, ""chunk_kib"": 128, ""high_priority"": false, ""ll_kib"": 64, ""pack_block"": 512, ""pack_warps"": 4}",77520495d96a28458281c4f5b08c31c8f80e1c36c028a60e203fdd6af4ece4e7,1.1730560064315796,1.4059579701407856,20260906-152108-a0abd1,"{""algorithm"": 66, ""best_ms"": 1.04255, ""beta"": 0, ""exact_serialized_algorithm_available"": false, ""graph_tuning"": 0, ""library_sha256"": ""520b1980e976d88f851ce52d716266602818e430f2310ea0d8765fbb260f8cb0"", ""math_sms"": 0, ""precision"": 16, ""rejected"": 0, ""replay"": ""graph"", ""requested"": 256, ""returned"": 8, ""selected_candidate_records"": [{""algorithm"": 66, ""index"": 3, ""split_k"": 1, ""tile"": 32, ""tune_ms"": 1.04255, ""workspace_bytes"": 0}], ""valid"": 8, ""workspace_capacity"": 268435456}",a9eb0d72de3d3721c9db57909ec7c27dc3a814be4a1593dc71ce0842b0f47749
qkv,nanbeige42_3b,131072,8,3072,48,8,128,16384,8192,3072,09,graph,measured,0.7854399979114532,0.8042991936206818,1.049900339968382,m128n256k64e32,24,4,4,along_m,F04,20260907-180324-209706,a929fe71bcea91df43d52eeff0be07b807aa05e896a56077177f731960c42647,3368566009a693de0724ecd6363a6090e9161d05ff0a484466ec511ba1935114,20ca2def42ccb0447544f02b65f1713d29f51644c17819e0ee08ed42a8af6fa5,1.2920146099071246,,,,,,,,,1.014799952507019,0.8126071732608761,20260906-055439-ea964b,"{""comm_sm"": 16, ""local_first"": false, ""pack_block"": 512, ""pack_warps"": 4, ""push"": true, ""reverse"": false, ""streams"": 1, ""use_ce"": false}",1159ccc8896ea83c1d013120a07dfe13ea0e09c772baa186d5ac94551e17579d,1.3064000010490417,0.6312260564680171,20260906-055439-ea964b,"{""channels"": 32, ""chunk_kib"": 512, ""high_priority"": false, ""ll_kib"": 128, ""pack_block"": 512, ""pack_warps"": 4}",6dfb2df9fa0621b0a54db57c6f6f405c1a9eba3d7113d084c9b3ed81b2fad82d,,,,,
qkv,nanbeige42_3b,262144,4,3072,48,8,128,65536,8192,3072,09,graph,measured,2.9386879205703735,2.9468048214912415,1.122451574472659,m128n256k64e32,24,4,4,along_m,F04,20260907-175057-de42b3,a929fe71bcea91df43d52eeff0be07b807aa05e896a56077177f731960c42647,3368566009a693de0724ecd6363a6090e9161d05ff0a484466ec511ba1935114,20ca2def42ccb0447544f02b65f1713d29f51644c17819e0ee08ed42a8af6fa5,1.3087419301567074,76.2495395310817,,,,,,,,3.845984101295471,0.8576569212069624,20260906-055439-ea964b,"{""comm_sm"": 20, ""local_first"": false, ""pack_block"": 512, ""pack_warps"": 4, ""push"": true, ""reverse"": false, ""streams"": 1, ""use_ce"": false}",0a41481aa4c072145a480bc3ffdbdd925cd95afb1a09a4f83dc4d60062cb1e8f,4.7885119915008545,0.6888434004514513,20260906-055439-ea964b,"{""channels"": 32, ""chunk_kib"": 256, ""high_priority"": false, ""ll_kib"": 64, ""pack_block"": 512, ""pack_warps"": 4}",fa415e5bdbff476cc5dd4e0305ae8bf8d787c7c703aaef2952c7117d8d9b8413,2.2407360076904297,1.4720765284295423,20260906-152108-a0abd1,"{""algorithm"": 66, ""best_ms"": 2.04083, ""beta"": 0, ""exact_serialized_algorithm_available"": false, ""graph_tuning"": 0, ""library_sha256"": ""520b1980e976d88f851ce52d716266602818e430f2310ea0d8765fbb260f8cb0"", ""math_sms"": 0, ""precision"": 16, ""rejected"": 0, ""replay"": ""graph"", ""requested"": 256, ""returned"": 8, ""selected_candidate_records"": [{""algorithm"": 66, ""index"": 0, ""split_k"": 1, ""tile"": 23, ""tune_ms"": 2.04083, ""workspace_bytes"": 0}], ""valid"": 8, ""workspace_capacity"": 268435456}",a9eb0d72de3d3721c9db57909ec7c27dc3a814be4a1593dc71ce0842b0f47749
qkv,nanbeige42_3b,262144,8,3072,48,8,128,32768,8192,3072,09,graph,measured,1.574783980846405,1.586371225118637,1.0472975733329228,m128n256k64e32,24,4,4,along_m,F04,20260907-175420-7751d5,a929fe71bcea91df43d52eeff0be07b807aa05e896a56077177f731960c42647,3368566009a693de0724ecd6363a6090e9161d05ff0a484466ec511ba1935114,20ca2def42ccb0447544f02b65f1713d29f51644c17819e0ee08ed42a8af6fa5,1.2379297947188037,74.48996311234337,,,,,,,,1.9494720101356506,0.846007243545517,20260906-055439-ea964b,"{""comm_sm"": 16, ""local_first"": false, ""pack_block"": 512, ""pack_warps"": 4, ""push"": true, ""reverse"": false, ""streams"": 1, ""use_ce"": false}",0196a5f1990a3c046f596bbdd7bb199d3d1133ff589cc8f1250d5cedfa745242,2.5139360427856445,0.6560498809812513,20260906-055439-ea964b,"{""channels"": 24, ""chunk_kib"": 128, ""high_priority"": false, ""ll_kib"": 16, ""pack_block"": 512, ""pack_warps"": 4}",deb671379996b103f658c95d7467d73a1dc66bb19473b581a8d3dec716aecff8,1.1730560064315796,1.4059579701407856,20260906-152108-a0abd1,"{""algorithm"": 66, ""best_ms"": 1.04255, ""beta"": 0, ""exact_serialized_algorithm_available"": false, ""graph_tuning"": 0, ""library_sha256"": ""520b1980e976d88f851ce52d716266602818e430f2310ea0d8765fbb260f8cb0"", ""math_sms"": 0, ""precision"": 16, ""rejected"": 0, ""replay"": ""graph"", ""requested"": 256, ""returned"": 8, ""selected_candidate_records"": [{""algorithm"": 66, ""index"": 3, ""split_k"": 1, ""tile"": 32, ""tune_ms"": 1.04255, ""workspace_bytes"": 0}], ""valid"": 8, ""workspace_capacity"": 268435456}",a9eb0d72de3d3721c9db57909ec7c27dc3a814be4a1593dc71ce0842b0f47749
qkv,nanbeige42_3b,524288,4,3072,48,8,128,131072,8192,3072,09,graph,measured,6.06878399848938,6.184420871734619,1.0870496903989528,m128n256k64e32,24,4,4,along_m,F04,20260907-174352-ff64ec,a929fe71bcea91df43d52eeff0be07b807aa05e896a56077177f731960c42647,3368566009a693de0724ecd6363a6090e9161d05ff0a484466ec511ba1935114,20ca2def42ccb0447544f02b65f1713d29f51644c17819e0ee08ed42a8af6fa5,1.2871771300162154,74.32605657388282,,,,,,,,7.811599969863892,0.8445222223496611,20260906-055439-ea964b,"{""comm_sm"": 20, ""local_first"": false, ""pack_block"": 512, ""pack_warps"": 4, ""push"": true, ""reverse"": false, ""streams"": 1, ""use_ce"": false}",053fd4f99423061387dda6daa1f041bf001fcd6d86a4e6a2fc1394acb345523f,9.584352016448975,0.6883167224381884,20260906-055439-ea964b,"{""channels"": 32, ""chunk_kib"": 1024, ""high_priority"": false, ""ll_kib"": 64, ""pack_block"": 512, ""pack_warps"": 4}",a594c2d50a4b46297db13d5dc4a7481fb9a0d3024691b225c7600c52fff03154,4.510687828063965,1.4625418601596138,20260906-152108-a0abd1,"{""algorithm"": 66, ""best_ms"": 4.42166, ""beta"": 0, ""exact_serialized_algorithm_available"": false, ""graph_tuning"": 0, ""library_sha256"": ""520b1980e976d88f851ce52d716266602818e430f2310ea0d8765fbb260f8cb0"", ""math_sms"": 0, ""precision"": 16, ""rejected"": 0, ""replay"": ""graph"", ""requested"": 256, ""returned"": 8, ""selected_candidate_records"": [{""algorithm"": 66, ""index"": 0, ""split_k"": 1, ""tile"": 23, ""tune_ms"": 4.42166, ""workspace_bytes"": 0}], ""valid"": 8, ""workspace_capacity"": 268435456}",a9eb0d72de3d3721c9db57909ec7c27dc3a814be4a1593dc71ce0842b0f47749
qkv,nanbeige42_3b,524288,8,3072,48,8,128,65536,8192,3072,09,graph,measured,3.1465920209884644,3.1626304507255556,1.0482880720875294,m128n256k64e32,24,4,4,along_m,F04,20260907-174738-4641c6,a929fe71bcea91df43d52eeff0be07b807aa05e896a56077177f731960c42647,3368566009a693de0724ecd6363a6090e9161d05ff0a484466ec511ba1935114,20ca2def42ccb0447544f02b65f1713d29f51644c17819e0ee08ed42a8af6fa5,1.2596383470578179,71.21152004277089,,,,,,,,3.9635679721832275,0.8322135274271804,20260906-055439-ea964b,"{""comm_sm"": 16, ""local_first"": false, ""pack_block"": 512, ""pack_warps"": 4, ""push"": true, ""reverse"": false, ""streams"": 1, ""use_ce"": false}",3bdb1e470397da60b4afeaa35e9bffdfb819a636f3af9fbd78fcbcdde1da754c,4.9398720264434814,0.6677369101204872,20260906-055439-ea964b,"{""channels"": 32, ""chunk_kib"": 512, ""high_priority"": false, ""ll_kib"": 64, ""pack_block"": 512, ""pack_warps"": 4}",55e70ba4d0fed90f2dbe57c3a1e93b126138f7a0ff77089216427c809fa1c4bd,2.2407360076904297,1.4720765284295423,20260906-152108-a0abd1,"{""algorithm"": 66, ""best_ms"": 2.04083, ""beta"": 0, ""exact_serialized_algorithm_available"": false, ""graph_tuning"": 0, ""library_sha256"": ""520b1980e976d88f851ce52d716266602818e430f2310ea0d8765fbb260f8cb0"", ""math_sms"": 0, ""precision"": 16, ""rejected"": 0, ""replay"": ""graph"", ""requested"": 256, ""returned"": 8, ""selected_candidate_records"": [{""algorithm"": 66, ""index"": 0, ""split_k"": 1, ""tile"": 23, ""tune_ms"": 2.04083, ""workspace_bytes"": 0}], ""valid"": 8, ""workspace_capacity"": 268435456}",a9eb0d72de3d3721c9db57909ec7c27dc3a814be4a1593dc71ce0842b0f47749
qkv,llama3_8b,1024,4,4096,32,8,128,256,6144,4096,09,graph,measured,0.04243199899792671,0.04324960149824619,0.3036600252707768,m128n256k64e32,24,2,4,along_m,F06,20260907-182258-375d27,790d93d5f196acef0847d82b9f758aecb7770e70a61d8093f5bbc5ab3708067f,3368566009a693de0724ecd6363a6090e9161d05ff0a484466ec511ba1935114,20ca2def42ccb0447544f02b65f1713d29f51644c17819e0ee08ed42a8af6fa5,1.2526395155577317,36.34992567768249,,,,,,,,0.05315199866890907,0.24241613129661937,20260906-055439-ea964b,"{""comm_sm"": 20, ""local_first"": false, ""pack_block"": 512, ""pack_warps"": 4, ""push"": true, ""reverse"": false, ""streams"": 1, ""use_ce"": false}",56844f100d85627bfca8c461215702b4e409726f78d2874a111a863b332b38f8,0.055615998804569244,0.23167617529043485,20260906-055439-ea964b,"{""channels"": 32, ""chunk_kib"": 512, ""high_priority"": false, ""ll_kib"": 16, ""pack_block"": 512, ""pack_warps"": 4}",ab4b8a6a0a5894eb70e5745b1770b361484b517342157632132f05f04d49bf49,0.015424000099301338,0.8353800444142663,20260906-152108-a0abd1,"{""algorithm"": 66, ""best_ms"": 0.0123469, ""beta"": 0, ""exact_serialized_algorithm_available"": false, ""graph_tuning"": 0, ""library_sha256"": ""520b1980e976d88f851ce52d716266602818e430f2310ea0d8765fbb260f8cb0"", ""math_sms"": 0, ""precision"": 16, ""rejected"": 0, ""replay"": ""graph"", ""requested"": 256, ""returned"": 8, ""selected_candidate_records"": [{""algorithm"": 66, ""index"": 0, ""split_k"": 1, ""tile"": 28, ""tune_ms"": 0.0123469, ""workspace_bytes"": 0}, {""algorithm"": 66, ""index"": 1, ""split_k"": 1, ""tile"": 200, ""tune_ms"": 0.0123469, ""workspace_bytes"": 0}], ""valid"": 8, ""workspace_capacity"": 268435456}",a9eb0d72de3d3721c9db57909ec7c27dc3a814be4a1593dc71ce0842b0f47749
qkv,llama3_8b,1024,8,4096,32,8,128,128,6144,4096,09,graph,measured,0.04188799858093262,0.04227200150489807,0.1538018325595675,m128n256k64e32,24,1,4,along_m,F11,20260907-182610-541bea,790d93d5f196acef0847d82b9f758aecb7770e70a61d8093f5bbc5ab3708067f,3368566009a693de0724ecd6363a6090e9161d05ff0a484466ec511ba1935114,20ca2def42ccb0447544f02b65f1713d29f51644c17819e0ee08ed42a8af6fa5,1.9499619537995685,,,,,,,,,0.08168000355362892,0.07887427355178869,20260906-055439-ea964b,"{""comm_sm"": 8, ""local_first"": false, ""pack_block"": 512, ""pack_warps"": 4, ""push"": true, ""reverse"": false, ""streams"": 1, ""use_ce"": false}",a047c1d31b8b0a38072f89c3f0fc81e25ac882eb946fc165566b98846333525a,0.04710400104522705,0.13677077957378314,20260906-055439-ea964b,"{""channels"": 32, ""chunk_kib"": 256, ""high_priority"": false, ""ll_kib"": 16, ""pack_block"": 512, ""pack_warps"": 4}",85780b2f0abe6d9622afb94357391966c2a226a0b22234f34e843de1f63b8bb7,,,,,
qkv,llama3_8b,4096,4,4096,32,8,128,1024,6144,4096,09,graph,measured,0.07316799834370613,0.07437440007925034,0.7044009501243026,m128n256k64e32,16,4,4,along_m,F03,20260907-181209-4e3bb5,a929fe71bcea91df43d52eeff0be07b807aa05e896a56077177f731960c42647,3368566009a693de0724ecd6363a6090e9161d05ff0a484466ec511ba1935114,20ca2def42ccb0447544f02b65f1713d29f51644c17819e0ee08ed42a8af6fa5,1.2116772233023105,65.66805416354711,,,,,,,,0.0886559970676899,0.5813437246963553,20260906-055439-ea964b,"{""comm_sm"": 16, ""local_first"": false, ""pack_block"": 512, ""pack_warps"": 4, ""push"": true, ""reverse"": false, ""streams"": 1, ""use_ce"": false}",7c0c794510e81f0f6c8b6f167160693ad4fab741f0cdb7a10c762066c110e0ea,0.11481600254774094,0.4488887124472883,20260906-055439-ea964b,"{""channels"": 32, ""chunk_kib"": 512, ""high_priority"": false, ""ll_kib"": 16, ""pack_block"": 512, ""pack_warps"": 4}",9a54f5902dab5806ce2d5f836688f2dcb51f694ef044b643283e9cdcf69d869d,0.048048000782728195,1.072669137370788,20260906-152108-a0abd1,"{""algorithm"": 66, ""best_ms"": 0.0441728, ""beta"": 0, ""exact_serialized_algorithm_available"": false, ""graph_tuning"": 0, ""library_sha256"": ""520b1980e976d88f851ce52d716266602818e430f2310ea0d8765fbb260f8cb0"", ""math_sms"": 0, ""precision"": 16, ""rejected"": 0, ""replay"": ""graph"", ""requested"": 256, ""returned"": 8, ""selected_candidate_records"": [{""algorithm"": 66, ""index"": 6, ""split_k"": 1, ""tile"": 165, ""tune_ms"": 0.0441728, ""workspace_bytes"": 0}], ""valid"": 8, ""workspace_capacity"": 268435456}",a9eb0d72de3d3721c9db57909ec7c27dc3a814be4a1593dc71ce0842b0f47749
qkv,llama3_8b,4096,8,4096,32,8,128,512,6144,4096,09,graph,measured,0.05009600147604942,0.05160159971565008,0.5144083962134259,m128n256k64e32,16,4,4,along_m,F03,20260907-181521-364529,a929fe71bcea91df43d52eeff0be07b807aa05e896a56077177f731960c42647,3368566009a693de0724ecd6363a6090e9161d05ff0a484466ec511ba1935114,20ca2def42ccb0447544f02b65f1713d29f51644c17819e0ee08ed42a8af6fa5,2.016608089671102,,,,,,,,,0.10102400183677673,0.25508595291677283,20260906-055439-ea964b,"{""comm_sm"": 24, ""local_first"": false, ""pack_block"": 512, ""pack_warps"": 4, ""push"": true, ""reverse"": false, ""streams"": 1, ""use_ce"": false}",7d7dfa44b53f4a01ef63b394e3d698c77b447473621df65877125cef18dd48bf,0.08012799918651581,0.32160797770595806,20260906-055439-ea964b,"{""channels"": 24, ""chunk_kib"": 256, ""high_priority"": false, ""ll_kib"": 16, ""pack_block"": 512, ""pack_warps"": 4}",6158cc02b0db691c6ffa2f889ba051e37cec59b1337b5a4ba3c43435d89d6a67,,,,,
qkv,llama3_8b,16384,4,4096,32,8,128,4096,6144,4096,09,graph,measured,0.172495998442173,0.1751023955643177,1.1951490589337461,m128n256k64e32,16,4,4,along_m,F03,20260907-180558-c7a106,a929fe71bcea91df43d52eeff0be07b807aa05e896a56077177f731960c42647,3368566009a693de0724ecd6363a6090e9161d05ff0a484466ec511ba1935114,20ca2def42ccb0447544f02b65f1713d29f51644c17819e0ee08ed42a8af6fa5,1.493646191837853,89.49077058974679,,,,,,,,0.2576479911804199,0.8001553952098778,20260906-055439-ea964b,"{""comm_sm"": 12, ""local_first"": false, ""pack_block"": 512, ""pack_warps"": 4, ""push"": true, ""reverse"": false, ""streams"": 1, ""use_ce"": false}",ba3ecef30ed72569ca91e9e33264b3110aad9b898b005822fa5f22fa3eb65210,0.3136480003595352,0.6572923467443766,20260906-055439-ea964b,"{""channels"": 24, ""chunk_kib"": 1024, ""high_priority"": false, ""ll_kib"": 64, ""pack_block"": 512, ""pack_warps"": 4}",5666836afe47c5dd781b1b31dcd9459b294788e341ff0f3b99f10bdbdf009f4d,0.15436799824237823,1.3354997963004218,20260906-152108-a0abd1,"{""algorithm"": 66, ""best_ms"": 0.134716, ""beta"": 0, ""exact_serialized_algorithm_available"": false, ""graph_tuning"": 0, ""library_sha256"": ""520b1980e976d88f851ce52d716266602818e430f2310ea0d8765fbb260f8cb0"", ""math_sms"": 0, ""precision"": 16, ""rejected"": 0, ""replay"": ""graph"", ""requested"": 256, ""returned"": 8, ""selected_candidate_records"": [{""algorithm"": 66, ""index"": 4, ""split_k"": 1, ""tile"": 201, ""tune_ms"": 0.134716, ""workspace_bytes"": 0}], ""valid"": 8, ""workspace_capacity"": 268435456}",a9eb0d72de3d3721c9db57909ec7c27dc3a814be4a1593dc71ce0842b0f47749
qkv,llama3_8b,16384,8,4096,32,8,128,2048,6144,4096,09,graph,measured,0.10419200360774994,0.105571199208498,0.9893198281516954,m128n256k64e32,16,4,4,along_m,F03,20260907-180911-adb5b0,a929fe71bcea91df43d52eeff0be07b807aa05e896a56077177f731960c42647,3368566009a693de0724ecd6363a6090e9161d05ff0a484466ec511ba1935114,20ca2def42ccb0447544f02b65f1713d29f51644c17819e0ee08ed42a8af6fa5,1.6537161299715526,,,,,,,,,0.17230399698019028,0.5982404175792334,20260906-055439-ea964b,"{""comm_sm"": 24, ""local_first"": false, ""pack_block"": 512, ""pack_warps"": 4, ""push"": true, ""reverse"": false, ""streams"": 1, ""use_ce"": false}",28e2e9cffc4108514fe0cb6a4220b3d38c7e6dc69a51956d2d955822253d9198,0.18857599794864655,0.5466189558867973,20260906-055439-ea964b,"{""channels"": 32, ""chunk_kib"": 256, ""high_priority"": false, ""ll_kib"": 64, ""pack_block"": 512, ""pack_warps"": 4}",2f0a9023fd49de8ed430bed13aa817bc92eaed9e50ce2a62c8a4cfe15a1d10dc,,,,,
qkv,llama3_8b,131072,4,4096,32,8,128,32768,6144,4096,09,graph,measured,1.444815993309021,1.4576624393463136,1.1415069111234917,m128n256k64e32,24,4,4,along_m,F04,20260907-175943-9d6955,a929fe71bcea91df43d52eeff0be07b807aa05e896a56077177f731960c42647,3368566009a693de0724ecd6363a6090e9161d05ff0a484466ec511ba1935114,20ca2def42ccb0447544f02b65f1713d29f51644c17819e0ee08ed42a8af6fa5,1.2278601600083168,77.20401699835685,,,,,,,,1.7740319967269897,0.9296717560375604,20260906-055439-ea964b,"{""comm_sm"": 12, ""local_first"": false, ""pack_block"": 512, ""pack_warps"": 4, ""push"": true, ""reverse"": false, ""streams"": 1, ""use_ce"": false}",a17b1ea55db03e6cf59a9cb26aa4523c898ae0fd1870fcde9d5ad9d0b6a2ac3c,2.0988160371780396,0.7858084808049782,20260906-055439-ea964b,"{""channels"": 32, ""chunk_kib"": 128, ""high_priority"": false, ""ll_kib"": 16, ""pack_block"": 512, ""pack_warps"": 4}",61443b2e14fcbb9eeef2098aa83a868598857454e1b104fed9d8e0569c992636,1.115455985069275,1.4785589604071854,20260906-152108-a0abd1,"{""algorithm"": 66, ""best_ms"": 1.00024, ""beta"": 0, ""exact_serialized_algorithm_available"": false, ""graph_tuning"": 0, ""library_sha256"": ""520b1980e976d88f851ce52d716266602818e430f2310ea0d8765fbb260f8cb0"", ""math_sms"": 0, ""precision"": 16, ""rejected"": 0, ""replay"": ""graph"", ""requested"": 256, ""returned"": 8, ""selected_candidate_records"": [{""algorithm"": 66, ""index"": 0, ""split_k"": 1, ""tile"": 23, ""tune_ms"": 1.00024, ""workspace_bytes"": 0}], ""valid"": 8, ""workspace_capacity"": 268435456}",a9eb0d72de3d3721c9db57909ec7c27dc3a814be4a1593dc71ce0842b0f47749
qkv,llama3_8b,131072,8,4096,32,8,128,16384,6144,4096,09,graph,measured,0.6828959882259369,0.6855679750442505,1.207553910185176,m128n256k64e32,24,4,4,along_m,F04,20260907-180301-58b212,a929fe71bcea91df43d52eeff0be07b807aa05e896a56077177f731960c42647,3368566009a693de0724ecd6363a6090e9161d05ff0a484466ec511ba1935114,20ca2def42ccb0447544f02b65f1713d29f51644c17819e0ee08ed42a8af6fa5,1.3119186816446946,,,,,,,,,0.895904004573822,0.92044874966741,20260906-055439-ea964b,"{""comm_sm"": 12, ""local_first"": false, ""pack_block"": 512, ""pack_warps"": 4, ""push"": true, ""reverse"": false, ""streams"": 1, ""use_ce"": false}",89997cbe5a6932c7cbb25702609b7232770e5e6c4ae79724132082b09cba1f90,1.156495988368988,0.7130450335543187,20260906-055439-ea964b,"{""channels"": 32, ""chunk_kib"": 1024, ""high_priority"": false, ""ll_kib"": 64, ""pack_block"": 512, ""pack_warps"": 4}",334a60637f2f5cc4fa08f706699e3ee92a49bb68aa58de65e0d57c7bffd60b92,,,,,
qkv,llama3_8b,262144,4,4096,32,8,128,65536,6144,4096,09,graph,measured,2.691632032394409,2.699888014793396,1.2254776446517859,m128n256k64e32,16,4,4,along_m,F03,20260907-175039-2e848b,a929fe71bcea91df43d52eeff0be07b807aa05e896a56077177f731960c42647,3368566009a693de0724ecd6363a6090e9161d05ff0a484466ec511ba1935114,20ca2def42ccb0447544f02b65f1713d29f51644c17819e0ee08ed42a8af6fa5,1.3323841937343146,83.41763863716828,,,,,,,,3.5862879753112793,0.9197629710820132,20260906-055439-ea964b,"{""comm_sm"": 12, ""local_first"": false, ""pack_block"": 512, ""pack_warps"": 4, ""push"": true, ""reverse"": false, ""streams"": 1, ""use_ce"": false}",65f78247334704cf35f4af509b06728cf05b3dcae64b674de6d6fa45f8160617,4.126159906387329,0.7994200317398851,20260906-055439-ea964b,"{""channels"": 24, ""chunk_kib"": 256, ""high_priority"": false, ""ll_kib"": 16, ""pack_block"": 512, ""pack_warps"": 4}",3b92abe62dfa913882006af65dda82ea3a2798da9b5e4b2d32823145131ebd68,2.2452958822250366,1.4690869517202463,20260906-152108-a0abd1,"{""algorithm"": 66, ""best_ms"": 1.99346, ""beta"": 0, ""exact_serialized_algorithm_available"": false, ""graph_tuning"": 0, ""library_sha256"": ""520b1980e976d88f851ce52d716266602818e430f2310ea0d8765fbb260f8cb0"", ""math_sms"": 0, ""precision"": 16, ""rejected"": 0, ""replay"": ""graph"", ""requested"": 256, ""returned"": 8, ""selected_candidate_records"": [{""algorithm"": 66, ""index"": 0, ""split_k"": 1, ""tile"": 513, ""tune_ms"": 1.99346, ""workspace_bytes"": 0}], ""valid"": 8, ""workspace_capacity"": 268435456}",a9eb0d72de3d3721c9db57909ec7c27dc3a814be4a1593dc71ce0842b0f47749
qkv,llama3_8b,262144,8,4096,32,8,128,32768,6144,4096,09,graph,measured,1.4578079581260681,1.4699952006340027,1.131333816961764,m128n256k64e32,24,4,4,along_m,F04,20260907-175357-da8465,a929fe71bcea91df43d52eeff0be07b807aa05e896a56077177f731960c42647,3368566009a693de0724ecd6363a6090e9161d05ff0a484466ec511ba1935114,20ca2def42ccb0447544f02b65f1713d29f51644c17819e0ee08ed42a8af6fa5,1.2423474501694929,76.51597584246502,,,,,,,,1.8111039996147156,0.9106420404432082,20260906-055439-ea964b,"{""comm_sm"": 16, ""local_first"": false, ""pack_block"": 512, ""pack_warps"": 4, ""push"": true, ""reverse"": false, ""streams"": 1, ""use_ce"": false}",3e0734f4f300d09260776419863f5192edbeb23961d8221cb3cc381a08f72227,2.1458240747451782,0.768593968664395,20260906-055439-ea964b,"{""channels"": 24, ""chunk_kib"": 128, ""high_priority"": false, ""ll_kib"": 64, ""pack_block"": 512, ""pack_warps"": 4}",31cc688653f1e1a31ab2057232973a4ee63794c57ad047337cfcb14466b54d52,1.115455985069275,1.4785589604071854,20260906-152108-a0abd1,"{""algorithm"": 66, ""best_ms"": 1.00024, ""beta"": 0, ""exact_serialized_algorithm_available"": false, ""graph_tuning"": 0, ""library_sha256"": ""520b1980e976d88f851ce52d716266602818e430f2310ea0d8765fbb260f8cb0"", ""math_sms"": 0, ""precision"": 16, ""rejected"": 0, ""replay"": ""graph"", ""requested"": 256, ""returned"": 8, ""selected_candidate_records"": [{""algorithm"": 66, ""index"": 0, ""split_k"": 1, ""tile"": 23, ""tune_ms"": 1.00024, ""workspace_bytes"": 0}], ""valid"": 8, ""workspace_capacity"": 268435456}",a9eb0d72de3d3721c9db57909ec7c27dc3a814be4a1593dc71ce0842b0f47749
qkv,llama3_8b,524288,4,4096,32,8,128,131072,6144,4096,09,graph,measured,5.5729758739471436,5.6361935377120975,1.1837606901361888,m128n256k64e32,16,4,4,along_m,F03,20260907-174329-7e00a0,a929fe71bcea91df43d52eeff0be07b807aa05e896a56077177f731960c42647,3368566009a693de0724ecd6363a6090e9161d05ff0a484466ec511ba1935114,20ca2def42ccb0447544f02b65f1713d29f51644c17819e0ee08ed42a8af6fa5,1.2872433529249825,80.61072297870074,,,,,,,,7.173776149749756,0.9196090913550636,20260906-055439-ea964b,"{""comm_sm"": 20, ""local_first"": false, ""pack_block"": 512, ""pack_warps"": 4, ""push"": true, ""reverse"": false, ""streams"": 1, ""use_ce"": false}",5215b8f6a812a0072d35716ff0c5886c16a8e9c1b1b946a31eb7d0a4585cc4ee,8.391871929168701,0.786126125653291,20260906-055439-ea964b,"{""channels"": 32, ""chunk_kib"": 1024, ""high_priority"": false, ""ll_kib"": 16, ""pack_block"": 512, ""pack_warps"": 4}",a63766a09fe5b749c5d33c6e306b7664cb964b98e1d1181b7209f658db8ff043,4.492416143417358,1.46849035264076,20260906-152108-a0abd1,"{""algorithm"": 66, ""best_ms"": 4.36948, ""beta"": 0, ""exact_serialized_algorithm_available"": false, ""graph_tuning"": 0, ""library_sha256"": ""520b1980e976d88f851ce52d716266602818e430f2310ea0d8765fbb260f8cb0"", ""math_sms"": 0, ""precision"": 16, ""rejected"": 0, ""replay"": ""graph"", ""requested"": 256, ""returned"": 8, ""selected_candidate_records"": [{""algorithm"": 66, ""index"": 0, ""split_k"": 1, ""tile"": 23, ""tune_ms"": 4.36948, ""workspace_bytes"": 0}], ""valid"": 8, ""workspace_capacity"": 268435456}",a9eb0d72de3d3721c9db57909ec7c27dc3a814be4a1593dc71ce0842b0f47749
qkv,llama3_8b,524288,8,4096,32,8,128,65536,6144,4096,09,graph,measured,2.771999955177307,2.8008191704750063,1.189947668349444,m128n256k64e32,24,4,4,along_m,F04,20260907-174715-6fa135,a929fe71bcea91df43d52eeff0be07b807aa05e896a56077177f731960c42647,3368566009a693de0724ecd6363a6090e9161d05ff0a484466ec511ba1935114,20ca2def42ccb0447544f02b65f1713d29f51644c17819e0ee08ed42a8af6fa5,1.3068052378636061,80.99913126013811,,,,,,,,3.6224640607833862,0.9105776697794666,20260906-055439-ea964b,"{""comm_sm"": 16, ""local_first"": false, ""pack_block"": 512, ""pack_warps"": 4, ""push"": true, ""reverse"": false, ""streams"": 1, ""use_ce"": false}",88b49669855e0066bd85791dc1deffb445c167888498ab21eddae76d2bab992e,4.223616123199463,0.7809741195961962,20260906-055439-ea964b,"{""channels"": 32, ""chunk_kib"": 256, ""high_priority"": false, ""ll_kib"": 16, ""pack_block"": 512, ""pack_warps"": 4}",6e28a147b26cdd3c5dfacae788f13684d76831f69101c6537a00604935fee7a3,2.2452958822250366,1.4690869517202463,20260906-152108-a0abd1,"{""algorithm"": 66, ""best_ms"": 1.99346, ""beta"": 0, ""exact_serialized_algorithm_available"": false, ""graph_tuning"": 0, ""library_sha256"": ""520b1980e976d88f851ce52d716266602818e430f2310ea0d8765fbb260f8cb0"", ""math_sms"": 0, ""precision"": 16, ""rejected"": 0, ""replay"": ""graph"", ""requested"": 256, ""returned"": 8, ""selected_candidate_records"": [{""algorithm"": 66, ""index"": 0, ""split_k"": 1, ""tile"": 513, ""tune_ms"": 1.99346, ""workspace_bytes"": 0}], ""valid"": 8, ""workspace_capacity"": 268435456}",a9eb0d72de3d3721c9db57909ec7c27dc3a814be4a1593dc71ce0842b0f47749
qkv,qwen25_14b_32b,1024,4,5120,40,8,128,256,7168,5120,09,graph,measured,0.04983999952673912,0.051715198904275894,0.3770160934676358,m128n256k64e32,32,2,4,along_m,F01,20260907-182222-482f8f,790d93d5f196acef0847d82b9f758aecb7770e70a61d8093f5bbc5ab3708067f,3368566009a693de0724ecd6363a6090e9161d05ff0a484466ec511ba1935114,20ca2def42ccb0447544f02b65f1713d29f51644c17819e0ee08ed42a8af6fa5,1.1759229492758818,39.26163758949498,,,,,,,,0.05860799923539162,0.3206129225556806,20260906-055439-ea964b,"{""comm_sm"": 20, ""local_first"": false, ""pack_block"": 512, ""pack_warps"": 4, ""push"": true, ""reverse"": false, ""streams"": 1, ""use_ce"": false}",73d43c1481802af2dcfbdca63a1b74bd6a647b1cd2aac20db2459e0f396367a6,0.062431998550891876,0.3009751786927469,20260906-055439-ea964b,"{""channels"": 32, ""chunk_kib"": 1024, ""high_priority"": false, ""ll_kib"": 16, ""pack_block"": 512, ""pack_warps"": 4}",54c3022d31c11392c596057b900c71bf9dc9b2793cf5a7fc583bc7e4fa684fc4,0.019567999988794327,0.9602658386529245,20260906-152108-a0abd1,"{""algorithm"": 66, ""best_ms"": 0.0164883, ""beta"": 0, ""exact_serialized_algorithm_available"": false, ""graph_tuning"": 0, ""library_sha256"": ""520b1980e976d88f851ce52d716266602818e430f2310ea0d8765fbb260f8cb0"", ""math_sms"": 0, ""precision"": 16, ""rejected"": 0, ""replay"": ""graph"", ""requested"": 256, ""returned"": 8, ""selected_candidate_records"": [{""algorithm"": 66, ""index"": 0, ""split_k"": 1, ""tile"": 165, ""tune_ms"": 0.0164883, ""workspace_bytes"": 0}], ""valid"": 8, ""workspace_capacity"": 268435456}",a9eb0d72de3d3721c9db57909ec7c27dc3a814be4a1593dc71ce0842b0f47749
qkv,qwen25_14b_32b,1024,8,5120,40,8,128,128,7168,5120,09,graph,measured,0.04612800106406212,0.04705919865518808,0.2036776088985946,m128n256k64e32,16,1,4,along_m,F02,20260907-182524-f8fac7,790d93d5f196acef0847d82b9f758aecb7770e70a61d8093f5bbc5ab3708067f,3368566009a693de0724ecd6363a6090e9161d05ff0a484466ec511ba1935114,20ca2def42ccb0447544f02b65f1713d29f51644c17819e0ee08ed42a8af6fa5,1.8355878925160738,,,,,,,,,0.084672000259161,0.11096042294079964,20260906-055439-ea964b,"{""comm_sm"": 16, ""local_first"": false, ""pack_block"": 512, ""pack_warps"": 4, ""push"": true, ""reverse"": false, ""streams"": 1, ""use_ce"": false}",81ab0222234a84c2d87cd8e725dc0168121fd78126f6d50f0405574fe8303674,0.05087999999523163,0.1846548930990665,20260906-055439-ea964b,"{""channels"": 32, ""chunk_kib"": 128, ""high_priority"": false, ""ll_kib"": 16, ""pack_block"": 512, ""pack_warps"": 4}",855a5b59cdd2252cd0f32bbe851749497c17ce3edcce9e625cdecb4436ef2464,,,,,
qkv,qwen25_14b_32b,4096,4,5120,40,8,128,1024,7168,5120,09,graph,measured,0.09123200178146362,0.09558719769120216,0.8238548558875454,m128n256k64e32,24,4,4,along_m,F04,20260907-181133-ad9e28,a929fe71bcea91df43d52eeff0be07b807aa05e896a56077177f731960c42647,3368566009a693de0724ecd6363a6090e9161d05ff0a484466ec511ba1935114,20ca2def42ccb0447544f02b65f1713d29f51644c17819e0ee08ed42a8af6fa5,1.0952297322194484,75.32444798476956,,,,,,,,0.09992000088095665,0.7522210470108673,20260906-055439-ea964b,"{""comm_sm"": 16, ""local_first"": false, ""pack_block"": 512, ""pack_warps"": 4, ""push"": true, ""reverse"": false, ""streams"": 1, ""use_ce"": false}",acbaad96a962b4e369d6ec876d9721c7b56c1e7f9d68d781eb5ecd4c1572f5c0,0.13531199842691422,0.5554712704993198,20260906-055439-ea964b,"{""channels"": 24, ""chunk_kib"": 512, ""high_priority"": false, ""ll_kib"": 64, ""pack_block"": 512, ""pack_warps"": 4}",3bf626a7c91b27094cf285b6a3184eec75add1f2571a7ec58be9fcb616d2d6d5,0.0687200017273426,1.093741644219055,20260906-152108-a0abd1,"{""algorithm"": 66, ""best_ms"": 0.0586918, ""beta"": 0, ""exact_serialized_algorithm_available"": false, ""graph_tuning"": 0, ""library_sha256"": ""520b1980e976d88f851ce52d716266602818e430f2310ea0d8765fbb260f8cb0"", ""math_sms"": 0, ""precision"": 16, ""rejected"": 0, ""replay"": ""graph"", ""requested"": 256, ""returned"": 8, ""selected_candidate_records"": [{""algorithm"": 66, ""index"": 4, ""split_k"": 1, ""tile"": 184, ""tune_ms"": 0.0586918, ""workspace_bytes"": 0}], ""valid"": 8, ""workspace_capacity"": 268435456}",a9eb0d72de3d3721c9db57909ec7c27dc3a814be4a1593dc71ce0842b0f47749
qkv,qwen25_14b_32b,4096,8,5120,40,8,128,512,7168,5120,09,graph,measured,0.06275200098752975,0.06440159864723682,0.5988807248946243,m128n256k64e32,32,4,4,along_m,F07,20260907-181435-58be83,a929fe71bcea91df43d52eeff0be07b807aa05e896a56077177f731960c42647,3368566009a693de0724ecd6363a6090e9161d05ff0a484466ec511ba1935114,20ca2def42ccb0447544f02b65f1713d29f51644c17819e0ee08ed42a8af6fa5,1.7791942730074013,,,,,,,,,0.11164800077676773,0.3366022103265465,20260906-055439-ea964b,"{""comm_sm"": 16, ""local_first"": false, ""pack_block"": 512, ""pack_warps"": 4, ""push"": true, ""reverse"": false, ""streams"": 1, ""use_ce"": false}",68f3a98f400fa584a9d408dc08f2d5410d20cb54e2ffa3d0a5cfdba3fa72b949,0.09663999825716019,0.38887587456279343,20260906-055439-ea964b,"{""channels"": 32, ""chunk_kib"": 256, ""high_priority"": false, ""ll_kib"": 16, ""pack_block"": 512, ""pack_warps"": 4}",167f8778efa5ee849c9c91c8d5819c16fadee92f5cda1ce81f81e38fbaf69cd8,,,,,
qkv,qwen25_14b_32b,16384,4,5120,40,8,128,4096,7168,5120,09,graph,measured,0.24452800303697586,0.24894079566001892,1.2295021714733347,m128n256k64e32,16,4,4,along_m,F03,20260907-180522-ff2a7e,a929fe71bcea91df43d52eeff0be07b807aa05e896a56077177f731960c42647,3368566009a693de0724ecd6363a6090e9161d05ff0a484466ec511ba1935114,20ca2def42ccb0447544f02b65f1713d29f51644c17819e0ee08ed42a8af6fa5,1.3666164401680403,94.34665936705105,,,,,,,,0.3341759890317917,0.8996687990392931,20260906-055439-ea964b,"{""comm_sm"": 16, ""local_first"": false, ""pack_block"": 512, ""pack_warps"": 4, ""push"": true, ""reverse"": false, ""streams"": 1, ""use_ce"": false}",1909a44bb3848852dee02c5eee1d3a81b0adfc5849a1c168069c457cffbf381f,0.40161600708961487,0.748594939974379,20260906-055439-ea964b,"{""channels"": 24, ""chunk_kib"": 1024, ""high_priority"": false, ""ll_kib"": 64, ""pack_block"": 512, ""pack_warps"": 4}",72673d250940425332b27c93ffe5a2c287b2dfa3d3b89101d0f31b6123b9812b,0.23070400208234787,1.3031750988553996,20260906-152108-a0abd1,"{""algorithm"": 66, ""best_ms"": 0.183316, ""beta"": 0, ""exact_serialized_algorithm_available"": false, ""graph_tuning"": 0, ""library_sha256"": ""520b1980e976d88f851ce52d716266602818e430f2310ea0d8765fbb260f8cb0"", ""math_sms"": 0, ""precision"": 16, ""rejected"": 0, ""replay"": ""graph"", ""requested"": 256, ""returned"": 8, ""selected_candidate_records"": [{""algorithm"": 66, ""index"": 3, ""split_k"": 1, ""tile"": 184, ""tune_ms"": 0.183316, ""workspace_bytes"": 0}], ""valid"": 8, ""workspace_capacity"": 268435456}",a9eb0d72de3d3721c9db57909ec7c27dc3a814be4a1593dc71ce0842b0f47749
qkv,qwen25_14b_32b,16384,8,5120,40,8,128,2048,7168,5120,09,graph,measured,0.14416000247001648,0.14505599439144135,1.0427570254187915,m128n256k64e32,24,4,4,along_m,F04,20260907-180825-a0333b,a929fe71bcea91df43d52eeff0be07b807aa05e896a56077177f731960c42647,3368566009a693de0724ecd6363a6090e9161d05ff0a484466ec511ba1935114,20ca2def42ccb0447544f02b65f1713d29f51644c17819e0ee08ed42a8af6fa5,1.3330743340113416,,,,,,,,,0.1921759992837906,0.7822197148459388,20260906-055439-ea964b,"{""comm_sm"": 16, ""local_first"": false, ""pack_block"": 512, ""pack_warps"": 4, ""push"": true, ""reverse"": false, ""streams"": 1, ""use_ce"": false}",1be8ef565133ea464306c810a9eba08c68c4baead4358a3896ca52795252d817,0.2311839982867241,0.6502346895720786,20260906-055439-ea964b,"{""channels"": 32, ""chunk_kib"": 256, ""high_priority"": false, ""ll_kib"": 16, ""pack_block"": 512, ""pack_warps"": 4}",5f94b78a519191c3328ebeee21680c7c2afb75115aab753a89899ae56ec8eaf8,,,,,
qkv,qwen25_14b_32b,131072,4,5120,40,8,128,32768,7168,5120,09,graph,measured,1.8836960196495056,1.89829278588295,1.2768417306564814,m128n256k64e32,12,4,4,along_m,F05,20260907-175622-6eae17,a929fe71bcea91df43d52eeff0be07b807aa05e896a56077177f731960c42647,3368566009a693de0724ecd6363a6090e9161d05ff0a484466ec511ba1935114,20ca2def42ccb0447544f02b65f1713d29f51644c17819e0ee08ed42a8af6fa5,1.2809200341421392,86.26190248289926,,,,,,,,2.4128639698028564,0.9968161139048862,20260906-055439-ea964b,"{""comm_sm"": 20, ""local_first"": false, ""pack_block"": 512, ""pack_warps"": 4, ""push"": true, ""reverse"": false, ""streams"": 1, ""use_ce"": false}",31e0439a2781174b576786e3d80538f95ad076869f192887aeafa89098a2c1d6,2.7863199710845947,0.8632108697924474,20260906-055439-ea964b,"{""channels"": 24, ""chunk_kib"": 128, ""high_priority"": false, ""ll_kib"": 128, ""pack_block"": 512, ""pack_warps"": 4}",87b196af8bde067458dd664d5bdfff3e09eccd4fa6021c9bd74bcd78ae521996,1.6249120235443115,1.4801919432620965,20260906-152108-a0abd1,"{""algorithm"": 66, ""best_ms"": 1.41103, ""beta"": 0, ""exact_serialized_algorithm_available"": false, ""graph_tuning"": 0, ""library_sha256"": ""520b1980e976d88f851ce52d716266602818e430f2310ea0d8765fbb260f8cb0"", ""math_sms"": 0, ""precision"": 16, ""rejected"": 0, ""replay"": ""graph"", ""requested"": 256, ""returned"": 8, ""selected_candidate_records"": [{""algorithm"": 66, ""index"": 0, ""split_k"": 1, ""tile"": 23, ""tune_ms"": 1.41103, ""workspace_bytes"": 0}], ""valid"": 8, ""workspace_capacity"": 268435456}",a9eb0d72de3d3721c9db57909ec7c27dc3a814be4a1593dc71ce0842b0f47749
qkv,qwen25_14b_32b,131072,8,5120,40,8,128,16384,7168,5120,09,graph,measured,0.9523360133171082,0.959771203994751,1.262779970581205,m128n256k64e32,16,4,4,along_m,F03,20260907-180214-9193d0,a929fe71bcea91df43d52eeff0be07b807aa05e896a56077177f731960c42647,3368566009a693de0724ecd6363a6090e9161d05ff0a484466ec511ba1935114,20ca2def42ccb0447544f02b65f1713d29f51644c17819e0ee08ed42a8af6fa5,1.3085297761915518,,1.1694167628734193,1.028368055820465,20260907-171731-c30526,791a30c20899ce6524fbe2d229388f2d33cd7e16c66cd8579b53fa899beac74d,78bb54761dd12963819a9330a5faa8c4b07d699c8c2e50116356cddb2bca8a6f,7.983741183799986,,1.2461600303649902,0.9650372452788193,20260906-055439-ea964b,"{""comm_sm"": 12, ""local_first"": false, ""pack_block"": 512, ""pack_warps"": 4, ""push"": true, ""reverse"": false, ""streams"": 1, ""use_ce"": false}",a73dd517a5448750adb3d6dedd09201351a68fcf048633c4ed391e9384102f50,1.4527680277824402,0.8277927514110287,20260906-055439-ea964b,"{""channels"": 32, ""chunk_kib"": 1024, ""high_priority"": false, ""ll_kib"": 128, ""pack_block"": 512, ""pack_warps"": 4}",e9a39c7aee39fb11c0017d6ba717f29dc324578420cb299eebcae8dd704ca31d,,,,,
qkv,qwen25_14b_32b,262144,4,5120,40,8,128,65536,7168,5120,09,graph,measured,3.828703999519348,3.986750400066376,1.2563946892013298,m128n256k64e32,16,4,4,along_m,F03,20260907-174957-be904c,a929fe71bcea91df43d52eeff0be07b807aa05e896a56077177f731960c42647,3368566009a693de0724ecd6363a6090e9161d05ff0a484466ec511ba1935114,20ca2def42ccb0447544f02b65f1713d29f51644c17819e0ee08ed42a8af6fa5,1.2770148931593268,84.4580292169094,,,,,,,,4.889312028884888,0.9838528085549709,20260906-055439-ea964b,"{""comm_sm"": 16, ""local_first"": false, ""pack_block"": 512, ""pack_warps"": 4, ""push"": true, ""reverse"": false, ""streams"": 1, ""use_ce"": false}",abf77643671cd6069209a77d84755d9b66f3dc0e17b488fa293035adaa572832,5.38369607925415,0.8935057441404495,20260906-055439-ea964b,"{""channels"": 24, ""chunk_kib"": 256, ""high_priority"": false, ""ll_kib"": 16, ""pack_block"": 512, ""pack_warps"": 4}",506aea26846bd038ada8ac0e7c0fdafa69a64bdd7c6baf2d1da8824d13dabc98,3.23364794254303,1.4875965030803564,20260906-152108-a0abd1,"{""algorithm"": 66, ""best_ms"": 3.11522, ""beta"": 0, ""exact_serialized_algorithm_available"": false, ""graph_tuning"": 0, ""library_sha256"": ""520b1980e976d88f851ce52d716266602818e430f2310ea0d8765fbb260f8cb0"", ""math_sms"": 0, ""precision"": 16, ""rejected"": 0, ""replay"": ""graph"", ""requested"": 256, ""returned"": 8, ""selected_candidate_records"": [{""algorithm"": 66, ""index"": 0, ""split_k"": 1, ""tile"": 23, ""tune_ms"": 3.11522, ""workspace_bytes"": 0}], ""valid"": 8, ""workspace_capacity"": 268435456}",a9eb0d72de3d3721c9db57909ec7c27dc3a814be4a1593dc71ce0842b0f47749
qkv,qwen25_14b_32b,262144,8,5120,40,8,128,32768,7168,5120,09,graph,measured,1.9184319972991943,1.931769561767578,1.2537226699440278,m128n256k64e32,16,4,4,along_m,F03,20260907-175311-780fea,a929fe71bcea91df43d52eeff0be07b807aa05e896a56077177f731960c42647,3368566009a693de0724ecd6363a6090e9161d05ff0a484466ec511ba1935114,20ca2def42ccb0447544f02b65f1713d29f51644c17819e0ee08ed42a8af6fa5,1.3593685045411743,84.70000635059748,1.1772931547576952,2.0429760217666626,20260907-171754-726398,791a30c20899ce6524fbe2d229388f2d33cd7e16c66cd8579b53fa899beac74d,05c6d7f945bf274f8cf379e9b6aca0a583223183d1f531bf79278fed078fa981,6.491969725421787,,2.607856035232544,0.9222831526225445,20260906-055439-ea964b,"{""comm_sm"": 20, ""local_first"": false, ""pack_block"": 512, ""pack_warps"": 4, ""push"": true, ""reverse"": false, ""streams"": 1, ""use_ce"": false}",056d0ef531be1f73ac2279db4b64a04bb717994681aac8c42d81b4d59fbba8ad,2.833184003829956,0.8489323963811126,20260906-055439-ea964b,"{""channels"": 32, ""chunk_kib"": 128, ""high_priority"": false, ""ll_kib"": 128, ""pack_block"": 512, ""pack_warps"": 4}",239b2abd666380811f3fecdd80be23c521264542bbd828d72d823ee2df9734ae,1.6249120235443115,1.4801919432620965,20260906-152108-a0abd1,"{""algorithm"": 66, ""best_ms"": 1.41103, ""beta"": 0, ""exact_serialized_algorithm_available"": false, ""graph_tuning"": 0, ""library_sha256"": ""520b1980e976d88f851ce52d716266602818e430f2310ea0d8765fbb260f8cb0"", ""math_sms"": 0, ""precision"": 16, ""rejected"": 0, ""replay"": ""graph"", ""requested"": 256, ""returned"": 8, ""selected_candidate_records"": [{""algorithm"": 66, ""index"": 0, ""split_k"": 1, ""tile"": 23, ""tune_ms"": 1.41103, ""workspace_bytes"": 0}], ""valid"": 8, ""workspace_capacity"": 268435456}",a9eb0d72de3d3721c9db57909ec7c27dc3a814be4a1593dc71ce0842b0f47749
qkv,qwen25_14b_32b,524288,4,5120,40,8,128,131072,7168,5120,09,graph,measured,7.922208070755005,8.246417713165282,1.2143996543785704,m128n256k64e32,16,4,4,along_m,F03,20260907-174248-255b85,b5e7f20eb9f1afcf19fb249de78bd3dc027bd56e73c6b2987ce81c476a49c525,3368566009a693de0724ecd6363a6090e9161d05ff0a484466ec511ba1935114,20ca2def42ccb0447544f02b65f1713d29f51644c17819e0ee08ed42a8af6fa5,1.2398583502198692,82.36754024426699,,,,,,,,9.822415828704834,0.9794664480528892,20260906-055439-ea964b,"{""comm_sm"": 16, ""local_first"": false, ""pack_block"": 512, ""pack_warps"": 4, ""push"": true, ""reverse"": false, ""streams"": 1, ""use_ce"": false}",39f372504b79a181deceffa3ed2a654ce557459e93a74b0d0d24f65074de9eda,10.786207675933838,0.8919471080188586,20260906-055439-ea964b,"{""channels"": 24, ""chunk_kib"": 512, ""high_priority"": false, ""ll_kib"": 16, ""pack_block"": 512, ""pack_warps"": 4}",aba6432d5b2d1742f17ae6ba6412b8fa87e54e02ea878e67d132de8cf440f967,6.525327920913696,1.4743667842662038,20260906-152108-a0abd1,"{""algorithm"": 66, ""best_ms"": 6.48222, ""beta"": 0, ""exact_serialized_algorithm_available"": false, ""graph_tuning"": 0, ""library_sha256"": ""520b1980e976d88f851ce52d716266602818e430f2310ea0d8765fbb260f8cb0"", ""math_sms"": 0, ""precision"": 16, ""rejected"": 0, ""replay"": ""graph"", ""requested"": 256, ""returned"": 8, ""selected_candidate_records"": [{""algorithm"": 66, ""index"": 0, ""split_k"": 1, ""tile"": 23, ""tune_ms"": 6.48222, ""workspace_bytes"": 0}], ""valid"": 8, ""workspace_capacity"": 268435456}",a9eb0d72de3d3721c9db57909ec7c27dc3a814be4a1593dc71ce0842b0f47749
qkv,qwen25_14b_32b,524288,8,5120,40,8,128,65536,7168,5120,09,graph,measured,3.8868160247802734,3.989409637451172,1.237610254988062,m128n256k64e32,16,4,4,along_m,F03,20260907-174628-569c04,a929fe71bcea91df43d52eeff0be07b807aa05e896a56077177f731960c42647,3368566009a693de0724ecd6363a6090e9161d05ff0a484466ec511ba1935114,20ca2def42ccb0447544f02b65f1713d29f51644c17819e0ee08ed42a8af6fa5,1.3673793840547528,83.19529203149851,1.1818655956498423,4.070144176483154,20260907-171817-ac9a01,791a30c20899ce6524fbe2d229388f2d33cd7e16c66cd8579b53fa899beac74d,f2cda1d9835fbc3725969a64e4695e89d1b79a975d1acc5442ebe8632505ffb9,4.716666560343419,,5.314752101898193,0.9050964709721742,20260906-055439-ea964b,"{""comm_sm"": 20, ""local_first"": false, ""pack_block"": 512, ""pack_warps"": 4, ""push"": true, ""reverse"": false, ""streams"": 1, ""use_ce"": false}",0f8043e3719e1518d6f828ba917cbd0058c2b2734b937e52816218a8c9e00123,5.506784200668335,0.873534025708904,20260906-055439-ea964b,"{""channels"": 32, ""chunk_kib"": 256, ""high_priority"": false, ""ll_kib"": 16, ""pack_block"": 512, ""pack_warps"": 4}",f67ed8ad16a6d86653030b4b46cda31472e076ca880c0c51a9636fcd7b95ddf0,3.23364794254303,1.4875965030803564,20260906-152108-a0abd1,"{""algorithm"": 66, ""best_ms"": 3.11522, ""beta"": 0, ""exact_serialized_algorithm_available"": false, ""graph_tuning"": 0, ""library_sha256"": ""520b1980e976d88f851ce52d716266602818e430f2310ea0d8765fbb260f8cb0"", ""math_sms"": 0, ""precision"": 16, ""rejected"": 0, ""replay"": ""graph"", ""requested"": 256, ""returned"": 8, ""selected_candidate_records"": [{""algorithm"": 66, ""index"": 0, ""split_k"": 1, ""tile"": 23, ""tune_ms"": 3.11522, ""workspace_bytes"": 0}], ""valid"": 8, ""workspace_capacity"": 268435456}",a9eb0d72de3d3721c9db57909ec7c27dc3a814be4a1593dc71ce0842b0f47749
qkv,llama31_405b,1024,4,16384,128,8,128,256,18432,16384,09,graph,measured,0.21625599265098572,0.21777760088443757,0.7149805226694385,m128n256k64e32,32,2,4,along_m,F01,20260907-182128-2c6e12,790d93d5f196acef0847d82b9f758aecb7770e70a61d8093f5bbc5ab3708067f,3368566009a693de0724ecd6363a6090e9161d05ff0a484466ec511ba1935114,20ca2def42ccb0447544f02b65f1713d29f51644c17819e0ee08ed42a8af6fa5,0.8825096498279369,68.84433379495219,,,,,,,,0.1908480003476143,0.8101673707577457,20260906-055439-ea964b,"{""comm_sm"": 20, ""local_first"": false, ""pack_block"": 512, ""pack_warps"": 4, ""push"": true, ""reverse"": false, ""streams"": 1, ""use_ce"": false}",3a51b097287707858529051107a462c8ca12d35922386c42ec26f9142b143f38,0.18571200221776962,0.8325731283360505,20260906-055439-ea964b,"{""channels"": 32, ""chunk_kib"": 512, ""high_priority"": false, ""ll_kib"": 16, ""pack_block"": 512, ""pack_warps"": 4}",4ae88eca3e3ddec94d11ccf8b81a38c4868658689637854adbb97c233a8a78a0,0.1488799974322319,1.0385466504751946,20260906-152108-a0abd1,"{""algorithm"": 66, ""best_ms"": 0.122142, ""beta"": 0, ""exact_serialized_algorithm_available"": false, ""graph_tuning"": 0, ""library_sha256"": ""520b1980e976d88f851ce52d716266602818e430f2310ea0d8765fbb260f8cb0"", ""math_sms"": 0, ""precision"": 16, ""rejected"": 0, ""replay"": ""graph"", ""requested"": 256, ""returned"": 8, ""selected_candidate_records"": [{""algorithm"": 66, ""index"": 5, ""split_k"": 1, ""tile"": 20, ""tune_ms"": 0.122142, ""workspace_bytes"": 0}], ""valid"": 8, ""workspace_capacity"": 268435456}",a9eb0d72de3d3721c9db57909ec7c27dc3a814be4a1593dc71ce0842b0f47749
qkv,llama31_405b,1024,8,16384,128,8,128,128,18432,16384,09,graph,measured,0.13913600146770477,0.14062880128622054,0.5556391624919916,m128n256k64e32,24,1,4,along_m,F11,20260907-182415-2823c2,790d93d5f196acef0847d82b9f758aecb7770e70a61d8093f5bbc5ab3708067f,3368566009a693de0724ecd6363a6090e9161d05ff0a484466ec511ba1935114,20ca2def42ccb0447544f02b65f1713d29f51644c17819e0ee08ed42a8af6fa5,1.3863844839261714,,,,,,,,,0.19289599359035492,0.40078287728556317,20260906-055439-ea964b,"{""comm_sm"": 20, ""local_first"": false, ""pack_block"": 512, ""pack_warps"": 4, ""push"": true, ""reverse"": false, ""streams"": 1, ""use_ce"": false}",cb583ee09bcfbc1743018ce0b3db53af4c5038abd99b1270f0120d5020b72154,0.1512800008058548,0.5110352387373069,20260906-055439-ea964b,"{""channels"": 32, ""chunk_kib"": 256, ""high_priority"": false, ""ll_kib"": 16, ""pack_block"": 512, ""pack_warps"": 4}",4a157bfb9ec1bd96d5bbbb8128bec5d75ce2fd726b513792cf9397e6bb12a813,,,,,
qkv,llama31_405b,4096,4,16384,128,8,128,1024,18432,16384,09,graph,measured,0.5257920026779175,0.5279535859823227,1.1762736737607955,m128n256k64e32,16,4,4,along_m,F03,20260907-181038-a9716b,a929fe71bcea91df43d52eeff0be07b807aa05e896a56077177f731960c42647,3368566009a693de0724ecd6363a6090e9161d05ff0a484466ec511ba1935114,20ca2def42ccb0447544f02b65f1713d29f51644c17819e0ee08ed42a8af6fa5,1.0138153833108536,82.44781170087127,,,,,,,,0.5330560207366943,1.1602444519231854,20260906-055439-ea964b,"{""comm_sm"": 8, ""local_first"": false, ""pack_block"": 512, ""pack_warps"": 4, ""push"": true, ""reverse"": false, ""streams"": 1, ""use_ce"": false}",645805ba22a71a0c2c103523bd7bf7e27db31ffc84c781cee02662ee10016994,0.4996800124645233,1.2377427057239176,20260906-055439-ea964b,"{""channels"": 24, ""chunk_kib"": 512, ""high_priority"": false, ""ll_kib"": 128, ""pack_block"": 512, ""pack_warps"": 4}",3b744e4b4b13829f3c1da64f97dc1f75a7372e703ce1f356febbbc8c63229d7b,0.43350400030612946,1.4266887737765939,20260906-152108-a0abd1,"{""algorithm"": 66, ""best_ms"": 0.351293, ""beta"": 0, ""exact_serialized_algorithm_available"": false, ""graph_tuning"": 0, ""library_sha256"": ""520b1980e976d88f851ce52d716266602818e430f2310ea0d8765fbb260f8cb0"", ""math_sms"": 0, ""precision"": 16, ""rejected"": 0, ""replay"": ""graph"", ""requested"": 256, ""returned"": 8, ""selected_candidate_records"": [{""algorithm"": 66, ""index"": 1, ""split_k"": 1, ""tile"": 447, ""tune_ms"": 0.351293, ""workspace_bytes"": 0}], ""valid"": 8, ""workspace_capacity"": 268435456}",a9eb0d72de3d3721c9db57909ec7c27dc3a814be4a1593dc71ce0842b0f47749
qkv,llama31_405b,4096,8,16384,128,8,128,512,18432,16384,09,graph,measured,0.3041920065879822,0.30542080104351044,1.0165870194309607,m128n256k64e32,12,4,4,along_m,F05,20260907-181326-fe35d7,a929fe71bcea91df43d52eeff0be07b807aa05e896a56077177f731960c42647,3368566009a693de0724ecd6363a6090e9161d05ff0a484466ec511ba1935114,20ca2def42ccb0447544f02b65f1713d29f51644c17819e0ee08ed42a8af6fa5,1.104355103708341,,,,,,,,,0.3359359949827194,0.9205254867907419,20260906-055439-ea964b,"{""comm_sm"": 8, ""local_first"": false, ""pack_block"": 512, ""pack_warps"": 4, ""push"": true, ""reverse"": false, ""streams"": 1, ""use_ce"": false}",b61eb49f9868f3365e493826b0c04484e9ed6b8bfd9c8cae7d24c8932a21a126,0.29131200909614563,1.0615341477732836,20260906-055439-ea964b,"{""channels"": 24, ""chunk_kib"": 256, ""high_priority"": false, ""ll_kib"": 16, ""pack_block"": 512, ""pack_warps"": 4}",10cef3eb0822999992b1aed650915fd314d2e009513508c1fcfafe49ce8e8296,,,,,
qkv,llama31_405b,16384,4,16384,128,8,128,4096,18432,16384,09,graph,measured,1.9150399565696716,1.9329199850559236,1.2918274389049262,m128n256k64e32,12,4,4,along_m,F05,20260907-180428-28ec8c,a929fe71bcea91df43d52eeff0be07b807aa05e896a56077177f731960c42647,3368566009a693de0724ecd6363a6090e9161d05ff0a484466ec511ba1935114,20ca2def42ccb0447544f02b65f1713d29f51644c17819e0ee08ed42a8af6fa5,1.0766062439651556,85.72562658970286,,,,,,,,2.061743974685669,1.1999070655090276,20260906-055439-ea964b,"{""comm_sm"": 24, ""local_first"": false, ""pack_block"": 512, ""pack_warps"": 4, ""push"": true, ""reverse"": false, ""streams"": 1, ""use_ce"": false}",bc4ac040cff20a098eba265c81ac9df97d005f48e9db202e5e1fc4601042c5ef,1.9765599966049194,1.2516195646706143,20260906-055439-ea964b,"{""channels"": 32, ""chunk_kib"": 512, ""high_priority"": false, ""ll_kib"": 64, ""pack_block"": 512, ""pack_warps"": 4}",67a23cc5bd221c13a35f1b62ce23490441df02c58e1f345849174dcbe115279c,1.6416800022125244,1.506932629478263,20260906-152108-a0abd1,"{""algorithm"": 66, ""best_ms"": 1.50106, ""beta"": 0, ""exact_serialized_algorithm_available"": false, ""graph_tuning"": 0, ""library_sha256"": ""520b1980e976d88f851ce52d716266602818e430f2310ea0d8765fbb260f8cb0"", ""math_sms"": 0, ""precision"": 16, ""rejected"": 0, ""replay"": ""graph"", ""requested"": 256, ""returned"": 8, ""selected_candidate_records"": [{""algorithm"": 66, ""index"": 0, ""split_k"": 1, ""tile"": 513, ""tune_ms"": 1.50106, ""workspace_bytes"": 0}], ""valid"": 8, ""workspace_capacity"": 268435456}",a9eb0d72de3d3721c9db57909ec7c27dc3a814be4a1593dc71ce0842b0f47749
qkv,llama31_405b,16384,8,16384,128,8,128,2048,18432,16384,09,graph,measured,0.9744960069656372,0.9808208048343658,1.269323396305735,m128n256k64e32,16,4,4,along_m,F03,20260907-180716-324650,a929fe71bcea91df43d52eeff0be07b807aa05e896a56077177f731960c42647,3368566009a693de0724ecd6363a6090e9161d05ff0a484466ec511ba1935114,20ca2def42ccb0447544f02b65f1713d29f51644c17819e0ee08ed42a8af6fa5,1.1558795375712645,,,,,,,,,1.1263999938964844,1.0981450532231405,20260906-055439-ea964b,"{""comm_sm"": 8, ""local_first"": false, ""pack_block"": 512, ""pack_warps"": 4, ""push"": true, ""reverse"": false, ""streams"": 1, ""use_ce"": false}",7479d92e9035d3bc140d8a7abe6e1aee4e11b8b29c89863a09530af8135f2159,1.0668160319328308,1.1594788081755047,20260906-055439-ea964b,"{""channels"": 24, ""chunk_kib"": 1024, ""high_priority"": false, ""ll_kib"": 16, ""pack_block"": 512, ""pack_warps"": 4}",a2ec2442cb9a528fa3a13fcc35ccf405b60ceaaec2c2d13c0c2d8d47bbc8a0aa,,,,,
qkv,llama31_405b,131072,4,16384,128,8,128,32768,18432,16384,09,graph,measured,15.310224056243896,15.364702558517456,1.292679272835112,m128n256k64e32,8,4,4,along_m,F08,20260907-175525-09d92f,a929fe71bcea91df43d52eeff0be07b807aa05e896a56077177f731960c42647,3368566009a693de0724ecd6363a6090e9161d05ff0a484466ec511ba1935114,20ca2def42ccb0447544f02b65f1713d29f51644c17819e0ee08ed42a8af6fa5,1.0066538521540531,87.14438115742787,,,,,,,,15.41209602355957,1.2841348295335258,20260906-055439-ea964b,"{""comm_sm"": 4, ""local_first"": false, ""pack_block"": 512, ""pack_warps"": 4, ""push"": true, ""reverse"": false, ""streams"": 1, ""use_ce"": false}",21840e078331b72396b9fef5ab73403eae7739113e05c57bfa1525f5be0901f7,16.562111854553223,1.1949689431983301,20260906-055439-ea964b,"{""channels"": 24, ""chunk_kib"": 256, ""high_priority"": false, ""ll_kib"": 16, ""pack_block"": 512, ""pack_warps"": 4}",450cb23d9a12438c13f7514b7ce3b6453a060e6623bbd619c43a162013b006ea,13.342000007629395,1.4833765019225555,20260906-152108-a0abd1,"{""algorithm"": 66, ""best_ms"": 13.346, ""beta"": 0, ""exact_serialized_algorithm_available"": false, ""graph_tuning"": 0, ""library_sha256"": ""520b1980e976d88f851ce52d716266602818e430f2310ea0d8765fbb260f8cb0"", ""math_sms"": 0, ""precision"": 16, ""rejected"": 0, ""replay"": ""graph"", ""requested"": 256, ""returned"": 8, ""selected_candidate_records"": [{""algorithm"": 66, ""index"": 0, ""split_k"": 1, ""tile"": 513, ""tune_ms"": 13.346, ""workspace_bytes"": 0}], ""valid"": 8, ""workspace_capacity"": 268435456}",a9eb0d72de3d3721c9db57909ec7c27dc3a814be4a1593dc71ce0842b0f47749
qkv,llama31_405b,131072,8,16384,128,8,128,16384,18432,16384,09,graph,measured,7.803632020950317,7.876454520225525,1.2680767908350097,m128n256k64e32,12,4,4,along_m,F05,20260907-180100-2548cc,a929fe71bcea91df43d52eeff0be07b807aa05e896a56077177f731960c42647,3368566009a693de0724ecd6363a6090e9161d05ff0a484466ec511ba1935114,20ca2def42ccb0447544f02b65f1713d29f51644c17819e0ee08ed42a8af6fa5,1.0540609679474733,,,,,,,,,8.225503921508789,1.203039320680169,20260906-055439-ea964b,"{""comm_sm"": 12, ""local_first"": false, ""pack_block"": 512, ""pack_warps"": 4, ""push"": true, ""reverse"": false, ""streams"": 1, ""use_ce"": false}",d3664b631a9ebf70f55c04ad2a76910abd6f068419bb81155a9789468b8d99a7,8.39412784576416,1.1788722821248803,20260906-055439-ea964b,"{""channels"": 32, ""chunk_kib"": 128, ""high_priority"": false, ""ll_kib"": 16, ""pack_block"": 512, ""pack_warps"": 4}",74570f0e6c2289b7f011a0143c74aff47c13630d665345781e3c447cd2f366b2,,,,,
qkv,llama31_405b,262144,4,16384,128,8,128,65536,18432,16384,09,graph,measured,30.781631469726562,31.047700881958008,1.285910353350339,m128n256k64e32,8,4,4,along_m,F08,20260907-174848-247272,a929fe71bcea91df43d52eeff0be07b807aa05e896a56077177f731960c42647,3368566009a693de0724ecd6363a6090e9161d05ff0a484466ec511ba1935114,20ca2def42ccb0447544f02b65f1713d29f51644c17819e0ee08ed42a8af6fa5,1.026374203454609,87.82141582457784,,,,,,,,31.593472480773926,1.2528669845970148,20260906-055439-ea964b,"{""comm_sm"": 8, ""local_first"": false, ""pack_block"": 512, ""pack_warps"": 4, ""push"": true, ""reverse"": false, ""streams"": 1, ""use_ce"": false}",7b0265896c01089775af9172499f658c87feeae534e8d72e8e3fa31e0142b95b,34.086111068725586,1.1612477152388716,20260906-055439-ea964b,"{""channels"": 32, ""chunk_kib"": 1024, ""high_priority"": false, ""ll_kib"": 64, ""pack_block"": 512, ""pack_warps"": 4}",f74fa0750b8031dddacd6453ead110f83f20f680ef013727cd3cb4328ba5bc43,27.032864570617676,1.4642332297613245,20260906-152108-a0abd1,"{""algorithm"": 66, ""best_ms"": 26.9511, ""beta"": 0, ""exact_serialized_algorithm_available"": false, ""graph_tuning"": 0, ""library_sha256"": ""520b1980e976d88f851ce52d716266602818e430f2310ea0d8765fbb260f8cb0"", ""math_sms"": 0, ""precision"": 16, ""rejected"": 0, ""replay"": ""graph"", ""requested"": 256, ""returned"": 8, ""selected_candidate_records"": [{""algorithm"": 66, ""index"": 0, ""split_k"": 1, ""tile"": 513, ""tune_ms"": 26.9511, ""workspace_bytes"": 0}], ""valid"": 8, ""workspace_capacity"": 268435456}",a9eb0d72de3d3721c9db57909ec7c27dc3a814be4a1593dc71ce0842b0f47749
qkv,llama31_405b,262144,8,16384,128,8,128,32768,18432,16384,09,graph,measured,15.530752182006836,15.617481803894043,1.2743239392421135,m128n256k64e32,12,4,4,along_m,F05,20260907-175156-27fade,a929fe71bcea91df43d52eeff0be07b807aa05e896a56077177f731960c42647,3368566009a693de0724ecd6363a6090e9161d05ff0a484466ec511ba1935114,20ca2def42ccb0447544f02b65f1713d29f51644c17819e0ee08ed42a8af6fa5,1.01776600606171,85.90697894907356,,,,,,,,15.806671619415283,1.2520794874778396,20260906-055439-ea964b,"{""comm_sm"": 4, ""local_first"": false, ""pack_block"": 512, ""pack_warps"": 4, ""push"": true, ""reverse"": false, ""streams"": 1, ""use_ce"": false}",13e620651fec45dcf95a9a819d7e1d9c76c6c60c3862d8ade7123cd3ed4321b6,16.739999771118164,1.1822705836659655,20260906-055439-ea964b,"{""channels"": 32, ""chunk_kib"": 256, ""high_priority"": false, ""ll_kib"": 128, ""pack_block"": 512, ""pack_warps"": 4}",03c9c598fc047cb8c28c77b87e9c90e49254db3c2ea543844289f0fea2c934c1,13.342000007629395,1.4833765019225555,20260906-152108-a0abd1,"{""algorithm"": 66, ""best_ms"": 13.346, ""beta"": 0, ""exact_serialized_algorithm_available"": false, ""graph_tuning"": 0, ""library_sha256"": ""520b1980e976d88f851ce52d716266602818e430f2310ea0d8765fbb260f8cb0"", ""math_sms"": 0, ""precision"": 16, ""rejected"": 0, ""replay"": ""graph"", ""requested"": 256, ""returned"": 8, ""selected_candidate_records"": [{""algorithm"": 66, ""index"": 0, ""split_k"": 1, ""tile"": 513, ""tune_ms"": 13.346, ""workspace_bytes"": 0}], ""valid"": 8, ""workspace_capacity"": 268435456}",a9eb0d72de3d3721c9db57909ec7c27dc3a814be4a1593dc71ce0842b0f47749
qkv,llama31_405b,524288,4,16384,128,8,128,131072,18432,16384,09,graph,missing_memory,,,,,,,,,,,,,,,,,,,,,,RuntimeError: GPU 3 has 39457 MiB free; estimated requirement 43477.0 MiB (minimum 2 GiB); no processes were stopped,,,,,,,,,,,,,,,
qkv,llama31_405b,524288,8,16384,128,8,128,65536,18432,16384,09,graph,measured,31.297216415405273,31.55642137527466,1.2647264879586078,m128n256k64e32,12,4,4,along_m,F05,20260907-174457-f32cf2,a929fe71bcea91df43d52eeff0be07b807aa05e896a56077177f731960c42647,3368566009a693de0724ecd6363a6090e9161d05ff0a484466ec511ba1935114,20ca2def42ccb0447544f02b65f1713d29f51644c17819e0ee08ed42a8af6fa5,1.0077660370942219,86.37466096605135,,,,,,,,31.540271759033203,1.254980264670659,20260906-055439-ea964b,"{""comm_sm"": 4, ""local_first"": false, ""pack_block"": 512, ""pack_warps"": 4, ""push"": true, ""reverse"": false, ""streams"": 1, ""use_ce"": false}",1decd9015f6ccea8545082e0f05f69335a3ec62760716cc0bdc3e61cc57dde71,34.59107208251953,1.1442958028450014,20260906-055439-ea964b,"{""channels"": 32, ""chunk_kib"": 1024, ""high_priority"": false, ""ll_kib"": 64, ""pack_block"": 512, ""pack_warps"": 4}",b1dbc47dbc252f5b76c36616eda4d6f3d635434319f477166ca8d781ec221e7a,27.032864570617676,1.4642332297613245,20260906-152108-a0abd1,"{""algorithm"": 66, ""best_ms"": 26.9511, ""beta"": 0, ""exact_serialized_algorithm_available"": false, ""graph_tuning"": 0, ""library_sha256"": ""520b1980e976d88f851ce52d716266602818e430f2310ea0d8765fbb260f8cb0"", ""math_sms"": 0, ""precision"": 16, ""rejected"": 0, ""replay"": ""graph"", ""requested"": 256, ""returned"": 8, ""selected_candidate_records"": [{""algorithm"": 66, ""index"": 0, ""split_k"": 1, ""tile"": 513, ""tune_ms"": 26.9511, ""workspace_bytes"": 0}], ""valid"": 8, ""workspace_capacity"": 268435456}",a9eb0d72de3d3721c9db57909ec7c27dc3a814be4a1593dc71ce0842b0f47749
oproj,representative_small,1024,4,4096,32,8,128,256,4096,4096,09,graph,measured,0.031936001032590866,0.03270399942994118,0.2689733941088593,m128n128,24,2,4,along_n,F12,20260907-182258-375d27,790d93d5f196acef0847d82b9f758aecb7770e70a61d8093f5bbc5ab3708067f,3368566009a693de0724ecd6363a6090e9161d05ff0a484466ec511ba1935114,20ca2def42ccb0447544f02b65f1713d29f51644c17819e0ee08ed42a8af6fa5,1.337174338937716,41.38276435055008,,,,,,,,0.04270400106906891,0.20115058020223325,20260906-161540-1427cd,"{""comm_sm"": 8, ""local_first"": false, ""pack_block"": 512, ""pack_warps"": 4, ""push"": true, ""reverse"": false, ""streams"": 1, ""use_ce"": false}",934e27d83e8ad186377543b1143afd5e4a828b5db659bd0c3fec8249a826440b,0.04967999830842018,0.17290529155561798,20260906-161540-1427cd,"{""channels"": 24, ""chunk_kib"": 256, ""high_priority"": false, ""ll_kib"": 16, ""pack_block"": 512, ""pack_warps"": 4}",4fe1bd8836db089e2e2b0ffa2aefc9ba4aa7b137f2ba712e7833f5cf2a1db2ac,0.01321600005030632,0.6499647820295599,20260906-152108-a0abd1,"{""algorithm"": 66, ""best_ms"": 0.0102976, ""beta"": 0, ""exact_serialized_algorithm_available"": false, ""graph_tuning"": 0, ""library_sha256"": ""520b1980e976d88f851ce52d716266602818e430f2310ea0d8765fbb260f8cb0"", ""math_sms"": 0, ""precision"": 16, ""rejected"": 0, ""replay"": ""graph"", ""requested"": 256, ""returned"": 8, ""selected_candidate_records"": [{""algorithm"": 66, ""index"": 0, ""split_k"": 1, ""tile"": 164, ""tune_ms"": 0.0102976, ""workspace_bytes"": 0}], ""valid"": 8, ""workspace_capacity"": 268435456}",a9eb0d72de3d3721c9db57909ec7c27dc3a814be4a1593dc71ce0842b0f47749
oproj,representative_small,1024,8,4096,32,8,128,128,4096,4096,09,graph,measured,0.04436799883842468,0.04903520047664642,0.09680326831149223,m128n128,32,1,4,along_n,F13,20260907-182610-541bea,790d93d5f196acef0847d82b9f758aecb7770e70a61d8093f5bbc5ab3708067f,3368566009a693de0724ecd6363a6090e9161d05ff0a484466ec511ba1935114,20ca2def42ccb0447544f02b65f1713d29f51644c17819e0ee08ed42a8af6fa5,,,,,,,,,,,,,,,,,,,,,,,,
oproj,representative_small,4096,4,4096,32,8,128,1024,4096,4096,09,graph,measured,0.05115199834108353,0.05417120065540075,0.6717183977620566,m128n256k64e32,16,4,4,along_n,F14,20260907-181209-4e3bb5,a929fe71bcea91df43d52eeff0be07b807aa05e896a56077177f731960c42647,3368566009a693de0724ecd6363a6090e9161d05ff0a484466ec511ba1935114,20ca2def42ccb0447544f02b65f1713d29f51644c17819e0ee08ed42a8af6fa5,1.1529559369631222,65.7178605215494,,,,,,,,0.05897600017488003,0.5826054372306353,20260906-161540-1427cd,"{""comm_sm"": 16, ""local_first"": false, ""pack_block"": 512, ""pack_warps"": 4, ""push"": true, ""reverse"": false, ""streams"": 1, ""use_ce"": false}",cb6c39503bbb145b3d1f4793d552ba1d022c5ff6c6dfa02d480bc074b267d22d,0.084672000259161,0.4057981181834958,20260906-161540-1427cd,"{""channels"": 32, ""chunk_kib"": 1024, ""high_priority"": false, ""ll_kib"": 16, ""pack_block"": 512, ""pack_warps"": 4}",d0da88a507e6d4a08eec936060409e0fd9e135905bc5aab9edeb4af2baa68b5f,0.033615998923778534,1.0221245677068183,20260906-152108-a0abd1,"{""algorithm"": 66, ""best_ms"": 0.0266656, ""beta"": 0, ""exact_serialized_algorithm_available"": false, ""graph_tuning"": 0, ""library_sha256"": ""520b1980e976d88f851ce52d716266602818e430f2310ea0d8765fbb260f8cb0"", ""math_sms"": 0, ""precision"": 16, ""rejected"": 0, ""replay"": ""graph"", ""requested"": 256, ""returned"": 8, ""selected_candidate_records"": [{""algorithm"": 66, ""index"": 3, ""split_k"": 1, ""tile"": 165, ""tune_ms"": 0.0266656, ""workspace_bytes"": 0}], ""valid"": 8, ""workspace_capacity"": 268435456}",a9eb0d72de3d3721c9db57909ec7c27dc3a814be4a1593dc71ce0842b0f47749
oproj,representative_small,4096,8,4096,32,8,128,512,4096,4096,09,graph,measured,0.03657599911093712,0.038307201117277145,0.4697033465003229,m128n128,16,4,4,along_n,F15,20260907-181521-364529,a929fe71bcea91df43d52eeff0be07b807aa05e896a56077177f731960c42647,3368566009a693de0724ecd6363a6090e9161d05ff0a484466ec511ba1935114,20ca2def42ccb0447544f02b65f1713d29f51644c17819e0ee08ed42a8af6fa5,,,,,,,,,,,,,,,,,,,,,,,,
oproj,representative_small,16384,4,4096,32,8,128,4096,4096,4096,09,graph,measured,0.12992000579833984,0.1326431967318058,1.0578736710136156,m128n256k64e32,16,4,4,along_n,F14,20260907-180558-c7a106,a929fe71bcea91df43d52eeff0be07b807aa05e896a56077177f731960c42647,3368566009a693de0724ecd6363a6090e9161d05ff0a484466ec511ba1935114,20ca2def42ccb0447544f02b65f1713d29f51644c17819e0ee08ed42a8af6fa5,1.1114531567704855,83.85467801473233,,,,,,,,0.1444000005722046,0.9517933028211877,20260906-161540-1427cd,"{""comm_sm"": 16, ""local_first"": false, ""pack_block"": 512, ""pack_warps"": 4, ""push"": true, ""reverse"": false, ""streams"": 1, ""use_ce"": false}",1516c37d2d26c2e04fd64125bb4ae16cc8e93172dfd2dfef67e9a4525f4a1742,0.21716800332069397,0.6328692596074692,20260906-161540-1427cd,"{""channels"": 32, ""chunk_kib"": 256, ""high_priority"": false, ""ll_kib"": 16, ""pack_block"": 512, ""pack_warps"": 4}",73efea7855a2bd35a3e61fe2645af424d646bc3f72a0968e9d1bb793f7b6e6a0,0.10894400253891945,1.2615559394644138,20260906-152108-a0abd1,"{""algorithm"": 66, ""best_ms"": 0.091705, ""beta"": 0, ""exact_serialized_algorithm_available"": false, ""graph_tuning"": 0, ""library_sha256"": ""520b1980e976d88f851ce52d716266602818e430f2310ea0d8765fbb260f8cb0"", ""math_sms"": 0, ""precision"": 16, ""rejected"": 0, ""replay"": ""graph"", ""requested"": 256, ""returned"": 8, ""selected_candidate_records"": [{""algorithm"": 66, ""index"": 3, ""split_k"": 1, ""tile"": 32, ""tune_ms"": 0.091705, ""workspace_bytes"": 0}], ""valid"": 8, ""workspace_capacity"": 268435456}",a9eb0d72de3d3721c9db57909ec7c27dc3a814be4a1593dc71ce0842b0f47749
oproj,representative_small,16384,8,4096,32,8,128,2048,4096,4096,09,graph,measured,0.08313599973917007,0.08462719954550266,0.8265910911229756,m128n256k64e32,16,4,4,along_n,F14,20260907-180911-adb5b0,a929fe71bcea91df43d52eeff0be07b807aa05e896a56077177f731960c42647,3368566009a693de0724ecd6363a6090e9161d05ff0a484466ec511ba1935114,20ca2def42ccb0447544f02b65f1713d29f51644c17819e0ee08ed42a8af6fa5,,,,,,,,,,,,,,,,,,,,,,,,
oproj,representative_small,131072,4,4096,32,8,128,32768,4096,4096,09,graph,measured,0.9332480132579803,0.9419808119535447,1.1781558729898511,m128n256k64e32,16,4,4,along_n,F14,20260907-175943-9d6955,a929fe71bcea91df43d52eeff0be07b807aa05e896a56077177f731960c42647,3368566009a693de0724ecd6363a6090e9161d05ff0a484466ec511ba1935114,20ca2def42ccb0447544f02b65f1713d29f51644c17819e0ee08ed42a8af6fa5,1.0231620981224512,84.00082427986402,,,,,,,,0.9548639953136444,1.1514850629746942,20260906-161540-1427cd,"{""comm_sm"": 12, ""local_first"": false, ""pack_block"": 512, ""pack_warps"": 4, ""push"": true, ""reverse"": false, ""streams"": 1, ""use_ce"": false}",d7a755570010895d730a4e003246571bb5cdb900709f9b893a060faf1b030e1f,1.4103839993476868,0.7795831690408658,20260906-161540-1427cd,"{""channels"": 32, ""chunk_kib"": 512, ""high_priority"": false, ""ll_kib"": 128, ""pack_block"": 512, ""pack_warps"": 4}",baff8835ec98de2bad2d05d9e8f0c38f27d91479f499bb237f45606699936378,0.7839360237121582,1.4025527524165842,20260906-152108-a0abd1,"{""algorithm"": 66, ""best_ms"": 0.653328, ""beta"": 0, ""exact_serialized_algorithm_available"": false, ""graph_tuning"": 0, ""library_sha256"": ""520b1980e976d88f851ce52d716266602818e430f2310ea0d8765fbb260f8cb0"", ""math_sms"": 0, ""precision"": 16, ""rejected"": 0, ""replay"": ""graph"", ""requested"": 256, ""returned"": 8, ""selected_candidate_records"": [{""algorithm"": 66, ""index"": 1, ""split_k"": 1, ""tile"": 24, ""tune_ms"": 0.653328, ""workspace_bytes"": 0}], ""valid"": 8, ""workspace_capacity"": 268435456}",a9eb0d72de3d3721c9db57909ec7c27dc3a814be4a1593dc71ce0842b0f47749
oproj,representative_small,131072,8,4096,32,8,128,16384,4096,4096,09,graph,measured,0.47948800027370453,0.48629599511623384,1.1465475957149809,m128n256k64e32,16,4,4,along_n,F14,20260907-180301-58b212,a929fe71bcea91df43d52eeff0be07b807aa05e896a56077177f731960c42647,3368566009a693de0724ecd6363a6090e9161d05ff0a484466ec511ba1935114,20ca2def42ccb0447544f02b65f1713d29f51644c17819e0ee08ed42a8af6fa5,,,,,,,,,,,,,,,,,,,,,,,,
oproj,representative_small,262144,4,4096,32,8,128,65536,4096,4096,09,graph,measured,1.8364959955215454,1.866763210296631,1.197401606600019,m128n256k64e32,16,4,4,along_n,F14,20260907-175039-2e848b,a929fe71bcea91df43d52eeff0be07b807aa05e896a56077177f731960c42647,3368566009a693de0724ecd6363a6090e9161d05ff0a484466ec511ba1935114,20ca2def42ccb0447544f02b65f1713d29f51644c17819e0ee08ed42a8af6fa5,1.148813892569899,82.49361841065402,,,,,,,,2.109792113304138,1.042293807852053,20260906-161540-1427cd,"{""comm_sm"": 12, ""local_first"": false, ""pack_block"": 512, ""pack_warps"": 4, ""push"": true, ""reverse"": false, ""streams"": 1, ""use_ce"": false}",a03cb3a51f61ffbdda8fd117c0b9a7b66d79bdf16917c0ce6141c45bfc8f39e0,2.6818400621414185,0.8199680833301093,20260906-161540-1427cd,"{""channels"": 24, ""chunk_kib"": 128, ""high_priority"": false, ""ll_kib"": 64, ""pack_block"": 512, ""pack_warps"": 4}",10063dcd4a33d8f1fff1804394c814cf9c8fc5154c47bb09f169249191437463,1.5149919986724854,1.4515081647156542,20260906-152108-a0abd1,"{""algorithm"": 66, ""best_ms"": 1.34971, ""beta"": 0, ""exact_serialized_algorithm_available"": false, ""graph_tuning"": 0, ""library_sha256"": ""520b1980e976d88f851ce52d716266602818e430f2310ea0d8765fbb260f8cb0"", ""math_sms"": 0, ""precision"": 16, ""rejected"": 0, ""replay"": ""graph"", ""requested"": 256, ""returned"": 8, ""selected_candidate_records"": [{""algorithm"": 66, ""index"": 0, ""split_k"": 1, ""tile"": 23, ""tune_ms"": 1.34971, ""workspace_bytes"": 0}], ""valid"": 8, ""workspace_capacity"": 268435456}",a9eb0d72de3d3721c9db57909ec7c27dc3a814be4a1593dc71ce0842b0f47749
oproj,representative_small,262144,8,4096,32,8,128,32768,4096,4096,09,graph,measured,0.9510560035705566,0.9609999746084213,1.156095564980501,m128n256k64e32,16,4,4,along_n,F14,20260907-175357-da8465,a929fe71bcea91df43d52eeff0be07b807aa05e896a56077177f731960c42647,3368566009a693de0724ecd6363a6090e9161d05ff0a484466ec511ba1935114,20ca2def42ccb0447544f02b65f1713d29f51644c17819e0ee08ed42a8af6fa5,,82.42795595306914,,,,,,,,,,,,,,,,,,0.7839360237121582,1.4025527524165842,20260906-152108-a0abd1,"{""algorithm"": 66, ""best_ms"": 0.653328, ""beta"": 0, ""exact_serialized_algorithm_available"": false, ""graph_tuning"": 0, ""library_sha256"": ""520b1980e976d88f851ce52d716266602818e430f2310ea0d8765fbb260f8cb0"", ""math_sms"": 0, ""precision"": 16, ""rejected"": 0, ""replay"": ""graph"", ""requested"": 256, ""returned"": 8, ""selected_candidate_records"": [{""algorithm"": 66, ""index"": 1, ""split_k"": 1, ""tile"": 24, ""tune_ms"": 0.653328, ""workspace_bytes"": 0}], ""valid"": 8, ""workspace_capacity"": 268435456}",a9eb0d72de3d3721c9db57909ec7c27dc3a814be4a1593dc71ce0842b0f47749
oproj,representative_small,524288,4,4096,32,8,128,131072,4096,4096,09,graph,measured,3.722048044204712,3.855947196483612,1.1816200271653743,m128n256k64e32,16,4,4,along_n,F14,20260907-174329-7e00a0,a929fe71bcea91df43d52eeff0be07b807aa05e896a56077177f731960c42647,3368566009a693de0724ecd6363a6090e9161d05ff0a484466ec511ba1935114,20ca2def42ccb0447544f02b65f1713d29f51644c17819e0ee08ed42a8af6fa5,1.1675937348608239,80.65065076478402,,,,,,,,4.345839977264404,1.0120129903799306,20260906-161540-1427cd,"{""comm_sm"": 20, ""local_first"": false, ""pack_block"": 512, ""pack_warps"": 4, ""push"": true, ""reverse"": false, ""streams"": 1, ""use_ce"": false}",a394085ada24f72599d915f25d6144cfddf84eabb8a5cb0d14fc74bbc0b9f539,5.315600156784058,0.8273847508057908,20260906-161540-1427cd,"{""channels"": 24, ""chunk_kib"": 256, ""high_priority"": false, ""ll_kib"": 128, ""pack_block"": 512, ""pack_warps"": 4}",435db0d821859606cf0ea99f8220f8475003f26bc06a6c9096dbea07e6a76e2b,3.001855969429016,1.465109104465313,20260906-152108-a0abd1,"{""algorithm"": 66, ""best_ms"": 2.98351, ""beta"": 0, ""exact_serialized_algorithm_available"": false, ""graph_tuning"": 0, ""library_sha256"": ""520b1980e976d88f851ce52d716266602818e430f2310ea0d8765fbb260f8cb0"", ""math_sms"": 0, ""precision"": 16, ""rejected"": 0, ""replay"": ""graph"", ""requested"": 256, ""returned"": 8, ""selected_candidate_records"": [{""algorithm"": 66, ""index"": 0, ""split_k"": 1, ""tile"": 23, ""tune_ms"": 2.98351, ""workspace_bytes"": 0}], ""valid"": 8, ""workspace_capacity"": 268435456}",a9eb0d72de3d3721c9db57909ec7c27dc3a814be4a1593dc71ce0842b0f47749
oproj,representative_small,524288,8,4096,32,8,128,65536,4096,4096,09,graph,measured,1.8779680132865906,1.907892793416977,1.170958844875924,m128n256k64e32,16,4,4,along_n,F14,20260907-174715-6fa135,a929fe71bcea91df43d52eeff0be07b807aa05e896a56077177f731960c42647,3368566009a693de0724ecd6363a6090e9161d05ff0a484466ec511ba1935114,20ca2def42ccb0447544f02b65f1713d29f51644c17819e0ee08ed42a8af6fa5,,80.67187449168163,,,,,,,,,,,,,,,,,,1.5149919986724854,1.4515081647156542,20260906-152108-a0abd1,"{""algorithm"": 66, ""best_ms"": 1.34971, ""beta"": 0, ""exact_serialized_algorithm_available"": false, ""graph_tuning"": 0, ""library_sha256"": ""520b1980e976d88f851ce52d716266602818e430f2310ea0d8765fbb260f8cb0"", ""math_sms"": 0, ""precision"": 16, ""rejected"": 0, ""replay"": ""graph"", ""requested"": 256, ""returned"": 8, ""selected_candidate_records"": [{""algorithm"": 66, ""index"": 0, ""split_k"": 1, ""tile"": 23, ""tune_ms"": 1.34971, ""workspace_bytes"": 0}], ""valid"": 8, ""workspace_capacity"": 268435456}",a9eb0d72de3d3721c9db57909ec7c27dc3a814be4a1593dc71ce0842b0f47749
oproj,representative_medium,1024,4,5120,40,8,128,256,5120,5120,09,graph,measured,0.033984001725912094,0.03448159974068403,0.3949438594150664,m128n128,16,2,4,along_n,F16,20260907-182222-482f8f,790d93d5f196acef0847d82b9f758aecb7770e70a61d8093f5bbc5ab3708067f,3368566009a693de0724ecd6363a6090e9161d05ff0a484466ec511ba1935114,20ca2def42ccb0447544f02b65f1713d29f51644c17819e0ee08ed42a8af6fa5,1.3356872904839467,50.470807872963924,,,,,,,,0.0453919991850853,0.2956858706591197,20260906-161540-1427cd,"{""comm_sm"": 16, ""local_first"": false, ""pack_block"": 512, ""pack_warps"": 4, ""push"": true, ""reverse"": false, ""streams"": 1, ""use_ce"": false}",5eca278ca6f2562a567fa10b7d689a6525d20991033ef4a29f104cf7d8e1b416,0.05700800009071827,0.23543665412997464,20260906-161540-1427cd,"{""channels"": 32, ""chunk_kib"": 512, ""high_priority"": false, ""ll_kib"": 16, ""pack_block"": 512, ""pack_warps"": 4}",9c6c3c76c235f5de2e0d25e1afdba65702cac7e5f27a5d35a617038bc91dd5e3,0.017152000218629837,0.7825193930106059,20260906-152108-a0abd1,"{""algorithm"": 66, ""best_ms"": 0.0143725, ""beta"": 0, ""exact_serialized_algorithm_available"": false, ""graph_tuning"": 0, ""library_sha256"": ""520b1980e976d88f851ce52d716266602818e430f2310ea0d8765fbb260f8cb0"", ""math_sms"": 0, ""precision"": 16, ""rejected"": 0, ""replay"": ""graph"", ""requested"": 256, ""returned"": 8, ""selected_candidate_records"": [{""algorithm"": 66, ""index"": 1, ""split_k"": 1, ""tile"": 28, ""tune_ms"": 0.0143725, ""workspace_bytes"": 0}], ""valid"": 8, ""workspace_capacity"": 268435456}",a9eb0d72de3d3721c9db57909ec7c27dc3a814be4a1593dc71ce0842b0f47749
oproj,representative_medium,1024,8,5120,40,8,128,128,5120,5120,09,graph,measured,0.050175998359918594,0.05075199902057648,0.1337469431472392,m128n128,32,1,4,along_n,F13,20260907-182524-f8fac7,790d93d5f196acef0847d82b9f758aecb7770e70a61d8093f5bbc5ab3708067f,3368566009a693de0724ecd6363a6090e9161d05ff0a484466ec511ba1935114,20ca2def42ccb0447544f02b65f1713d29f51644c17819e0ee08ed42a8af6fa5,,,,,,,,,,,,,,,,,,,,,,,,
oproj,representative_medium,4096,4,5120,40,8,128,1024,5120,5120,09,graph,measured,0.07248000055551529,0.07426719926297665,0.7407159325127066,m128n128,16,4,4,along_n,F15,20260907-181133-ad9e28,a929fe71bcea91df43d52eeff0be07b807aa05e896a56077177f731960c42647,3368566009a693de0724ecd6363a6090e9161d05ff0a484466ec511ba1935114,20ca2def42ccb0447544f02b65f1713d29f51644c17819e0ee08ed42a8af6fa5,0.9618101724067215,68.87417184504972,,,,,,,,0.06971200183033943,0.7701269478770697,20260906-161540-1427cd,"{""comm_sm"": 16, ""local_first"": false, ""pack_block"": 512, ""pack_warps"": 4, ""push"": true, ""reverse"": false, ""streams"": 1, ""use_ce"": false}",278f8887d2e7b6eee7e505b7cb83ccba51ee9109850680f3cefe57ebfe752894,0.11750400066375732,0.45689585798553267,20260906-161540-1427cd,"{""channels"": 32, ""chunk_kib"": 512, ""high_priority"": false, ""ll_kib"": 16, ""pack_block"": 512, ""pack_warps"": 4}",d504b19a1e8099dcb59df5d10eaa077057da0ef0696ec3358bb89afa8c1c3f86,0.04992000013589859,1.0754625611748028,20260906-152108-a0abd1,"{""algorithm"": 66, ""best_ms"": 0.0450125, ""beta"": 0, ""exact_serialized_algorithm_available"": false, ""graph_tuning"": 0, ""library_sha256"": ""520b1980e976d88f851ce52d716266602818e430f2310ea0d8765fbb260f8cb0"", ""math_sms"": 0, ""precision"": 16, ""rejected"": 0, ""replay"": ""graph"", ""requested"": 256, ""returned"": 8, ""selected_candidate_records"": [{""algorithm"": 66, ""index"": 0, ""split_k"": 1, ""tile"": 184, ""tune_ms"": 0.0450125, ""workspace_bytes"": 0}], ""valid"": 8, ""workspace_capacity"": 268435456}",a9eb0d72de3d3721c9db57909ec7c27dc3a814be4a1593dc71ce0842b0f47749
oproj,representative_medium,4096,8,5120,40,8,128,512,5120,5120,09,graph,measured,0.049456000328063965,0.05129599943757057,0.542776314743098,m128n256k64e32,12,4,4,along_n,F17,20260907-181435-58be83,a929fe71bcea91df43d52eeff0be07b807aa05e896a56077177f731960c42647,3368566009a693de0724ecd6363a6090e9161d05ff0a484466ec511ba1935114,20ca2def42ccb0447544f02b65f1713d29f51644c17819e0ee08ed42a8af6fa5,,,,,,,,,,,,,,,,,,,,,,,,
oproj,representative_medium,16384,4,5120,40,8,128,4096,5120,5120,09,graph,measured,0.20239999890327454,0.2098752036690712,1.061009713259073,m128n256k64e32,16,4,4,along_n,F14,20260907-180522-ff2a7e,a929fe71bcea91df43d52eeff0be07b807aa05e896a56077177f731960c42647,3368566009a693de0724ecd6363a6090e9161d05ff0a484466ec511ba1935114,20ca2def42ccb0447544f02b65f1713d29f51644c17819e0ee08ed42a8af6fa5,1.069565232115772,78.22134541289395,,,,,,,,0.21648000180721283,0.9920009377644271,20260906-161540-1427cd,"{""comm_sm"": 24, ""local_first"": false, ""pack_block"": 512, ""pack_warps"": 4, ""push"": true, ""reverse"": false, ""streams"": 1, ""use_ce"": false}",964c64c82a3744c6171749f0e6145e2911d1888fdfcd9746d4657c1497915585,0.27110400795936584,0.7921253780659242,20260906-161540-1427cd,"{""channels"": 24, ""chunk_kib"": 512, ""high_priority"": false, ""ll_kib"": 128, ""pack_block"": 512, ""pack_warps"": 4}",17a9f6cacf3a870d57a69a7268c5a07983c4e4e06115c05a699900c6608f6406,0.15832000225782394,1.3564196673663669,20260906-152108-a0abd1,"{""algorithm"": 66, ""best_ms"": 0.146939, ""beta"": 0, ""exact_serialized_algorithm_available"": false, ""graph_tuning"": 0, ""library_sha256"": ""520b1980e976d88f851ce52d716266602818e430f2310ea0d8765fbb260f8cb0"", ""math_sms"": 0, ""precision"": 16, ""rejected"": 0, ""replay"": ""graph"", ""requested"": 256, ""returned"": 8, ""selected_candidate_records"": [{""algorithm"": 66, ""index"": 2, ""split_k"": 1, ""tile"": 32, ""tune_ms"": 0.146939, ""workspace_bytes"": 0}], ""valid"": 8, ""workspace_capacity"": 268435456}",a9eb0d72de3d3721c9db57909ec7c27dc3a814be4a1593dc71ce0842b0f47749
oproj,representative_medium,16384,8,5120,40,8,128,2048,5120,5120,09,graph,measured,0.11792000010609627,0.1204192005097866,0.9105680317451843,m128n128,16,4,4,along_n,F15,20260907-180825-a0333b,a929fe71bcea91df43d52eeff0be07b807aa05e896a56077177f731960c42647,3368566009a693de0724ecd6363a6090e9161d05ff0a484466ec511ba1935114,20ca2def42ccb0447544f02b65f1713d29f51644c17819e0ee08ed42a8af6fa5,,,,,,,,,,,,,,,,,,,,,,,,
oproj,representative_medium,131072,4,5120,40,8,128,32768,5120,5120,09,graph,measured,1.462992012500763,1.4835311889648437,1.1742968544738408,m128n256k64e32,16,4,4,along_n,F14,20260907-175622-6eae17,a929fe71bcea91df43d52eeff0be07b807aa05e896a56077177f731960c42647,3368566009a693de0724ecd6363a6090e9161d05ff0a484466ec511ba1935114,20ca2def42ccb0447544f02b65f1713d29f51644c17819e0ee08ed42a8af6fa5,1.047114408501339,78.6158756269573,,,,,,,,1.5319200158119202,1.121459933069328,20260906-161540-1427cd,"{""comm_sm"": 16, ""local_first"": false, ""pack_block"": 512, ""pack_warps"": 4, ""push"": true, ""reverse"": false, ""streams"": 1, ""use_ce"": false}",8b4c6c02f333fd4779148a34761a81502f8c85c64af8fb4ffce37c43d1178a94,1.958624005317688,0.8771397234669056,20260906-161540-1427cd,"{""channels"": 24, ""chunk_kib"": 128, ""high_priority"": false, ""ll_kib"": 64, ""pack_block"": 512, ""pack_warps"": 4}",753a5226ef0cd7b38918c709c3aebed7f505dc7f34478100eac23548ca746dac,1.1501439809799194,1.4937146538264539,20260906-152108-a0abd1,"{""algorithm"": 66, ""best_ms"": 1.02135, ""beta"": 0, ""exact_serialized_algorithm_available"": false, ""graph_tuning"": 0, ""library_sha256"": ""520b1980e976d88f851ce52d716266602818e430f2310ea0d8765fbb260f8cb0"", ""math_sms"": 0, ""precision"": 16, ""rejected"": 0, ""replay"": ""graph"", ""requested"": 256, ""returned"": 8, ""selected_candidate_records"": [{""algorithm"": 66, ""index"": 0, ""split_k"": 1, ""tile"": 23, ""tune_ms"": 1.02135, ""workspace_bytes"": 0}], ""valid"": 8, ""workspace_capacity"": 268435456}",a9eb0d72de3d3721c9db57909ec7c27dc3a814be4a1593dc71ce0842b0f47749
oproj,representative_medium,131072,8,5120,40,8,128,16384,5120,5120,09,graph,measured,0.7517440021038055,0.7630800098180771,1.14266752617387,m128n256k64e32,16,4,4,along_n,F14,20260907-180214-9193d0,a929fe71bcea91df43d52eeff0be07b807aa05e896a56077177f731960c42647,3368566009a693de0724ecd6363a6090e9161d05ff0a484466ec511ba1935114,20ca2def42ccb0447544f02b65f1713d29f51644c17819e0ee08ed42a8af6fa5,,,,,,,,,,,,,,,,,,,,,,,,
oproj,representative_medium,262144,4,5120,40,8,128,65536,5120,5120,09,graph,measured,2.9010239839553833,2.920020818710327,1.1844003551171067,m128n256k64e32,16,4,4,along_n,F14,20260907-174957-be904c,a929fe71bcea91df43d52eeff0be07b807aa05e896a56077177f731960c42647,3368566009a693de0724ecd6363a6090e9161d05ff0a484466ec511ba1935114,20ca2def42ccb0447544f02b65f1713d29f51644c17819e0ee08ed42a8af6fa5,1.0724764709476706,80.97444508452304,,,,,,,,3.1112799644470215,1.104360223465357,20260906-161540-1427cd,"{""comm_sm"": 8, ""local_first"": false, ""pack_block"": 512, ""pack_warps"": 4, ""push"": true, ""reverse"": false, ""streams"": 1, ""use_ce"": false}",83cf75362878c9511bc7294baa139c99f67faa3fb505b1d45549a2c8e07fcd9e,3.7548800706863403,0.9150688629509148,20260906-161540-1427cd,"{""channels"": 24, ""chunk_kib"": 256, ""high_priority"": false, ""ll_kib"": 128, ""pack_block"": 512, ""pack_warps"": 4}",0e4bec4918a1526482030fe4a1792647585636db3cce73bb0fcbf720c8dcd0b6,2.3490880727767944,1.4626841269252313,20260906-152108-a0abd1,"{""algorithm"": 66, ""best_ms"": 2.10819, ""beta"": 0, ""exact_serialized_algorithm_available"": false, ""graph_tuning"": 0, ""library_sha256"": ""520b1980e976d88f851ce52d716266602818e430f2310ea0d8765fbb260f8cb0"", ""math_sms"": 0, ""precision"": 16, ""rejected"": 0, ""replay"": ""graph"", ""requested"": 256, ""returned"": 8, ""selected_candidate_records"": [{""algorithm"": 66, ""index"": 0, ""split_k"": 1, ""tile"": 23, ""tune_ms"": 2.10819, ""workspace_bytes"": 0}], ""valid"": 8, ""workspace_capacity"": 268435456}",a9eb0d72de3d3721c9db57909ec7c27dc3a814be4a1593dc71ce0842b0f47749
oproj,representative_medium,262144,8,5120,40,8,128,32768,5120,5120,09,graph,measured,1.5441919565200806,1.5550576090812682,1.112547511432177,m128n256k64e32,24,4,4,along_n,F18,20260907-175311-780fea,a929fe71bcea91df43d52eeff0be07b807aa05e896a56077177f731960c42647,3368566009a693de0724ecd6363a6090e9161d05ff0a484466ec511ba1935114,20ca2def42ccb0447544f02b65f1713d29f51644c17819e0ee08ed42a8af6fa5,,74.48193057369828,,,,,,,,,,,,,,,,,,1.1501439809799194,1.4937146538264539,20260906-152108-a0abd1,"{""algorithm"": 66, ""best_ms"": 1.02135, ""beta"": 0, ""exact_serialized_algorithm_available"": false, ""graph_tuning"": 0, ""library_sha256"": ""520b1980e976d88f851ce52d716266602818e430f2310ea0d8765fbb260f8cb0"", ""math_sms"": 0, ""precision"": 16, ""rejected"": 0, ""replay"": ""graph"", ""requested"": 256, ""returned"": 8, ""selected_candidate_records"": [{""algorithm"": 66, ""index"": 0, ""split_k"": 1, ""tile"": 23, ""tune_ms"": 1.02135, ""workspace_bytes"": 0}], ""valid"": 8, ""workspace_capacity"": 268435456}",a9eb0d72de3d3721c9db57909ec7c27dc3a814be4a1593dc71ce0842b0f47749
oproj,representative_medium,524288,4,5120,40,8,128,131072,5120,5120,09,graph,measured,5.792511940002441,5.915604901313782,1.1863501956971545,m128n256k64e32,12,4,4,along_n,F17,20260907-174248-255b85,b5e7f20eb9f1afcf19fb249de78bd3dc027bd56e73c6b2987ce81c476a49c525,3368566009a693de0724ecd6363a6090e9161d05ff0a484466ec511ba1935114,20ca2def42ccb0447544f02b65f1713d29f51644c17819e0ee08ed42a8af6fa5,1.0845395347198474,80.5939818788259,,,,,,,,6.282208204269409,1.0938745501828167,20260906-161540-1427cd,"{""comm_sm"": 16, ""local_first"": false, ""pack_block"": 512, ""pack_warps"": 4, ""push"": true, ""reverse"": false, ""streams"": 1, ""use_ce"": false}",b232c7e3fecc7e179d52a6030d3bc52b26a293d5ab77c21dbe048a8f57b1f502,7.471791982650757,0.9197188157213725,20260906-161540-1427cd,"{""channels"": 24, ""chunk_kib"": 512, ""high_priority"": false, ""ll_kib"": 128, ""pack_block"": 512, ""pack_warps"": 4}",78b8bea3ab94d6a65cbe3546c03d75fd16dfa3a3ac75b8a5ba484ce7dfcb0b30,4.6684160232543945,1.472008415567365,20260906-152108-a0abd1,"{""algorithm"": 66, ""best_ms"": 4.58131, ""beta"": 0, ""exact_serialized_algorithm_available"": false, ""graph_tuning"": 0, ""library_sha256"": ""520b1980e976d88f851ce52d716266602818e430f2310ea0d8765fbb260f8cb0"", ""math_sms"": 0, ""precision"": 16, ""rejected"": 0, ""replay"": ""graph"", ""requested"": 256, ""returned"": 8, ""selected_candidate_records"": [{""algorithm"": 66, ""index"": 0, ""split_k"": 1, ""tile"": 23, ""tune_ms"": 4.58131, ""workspace_bytes"": 0}], ""valid"": 8, ""workspace_capacity"": 268435456}",a9eb0d72de3d3721c9db57909ec7c27dc3a814be4a1593dc71ce0842b0f47749
oproj,representative_medium,524288,8,5120,40,8,128,65536,5120,5120,09,graph,measured,3.029152035713196,3.0518576383590696,1.134302206125821,m128n256k64e32,16,4,4,along_n,F14,20260907-174628-569c04,a929fe71bcea91df43d52eeff0be07b807aa05e896a56077177f731960c42647,3368566009a693de0724ecd6363a6090e9161d05ff0a484466ec511ba1935114,20ca2def42ccb0447544f02b65f1713d29f51644c17819e0ee08ed42a8af6fa5,,77.54936183728776,,,,,,,,,,,,,,,,,,2.3490880727767944,1.4626841269252313,20260906-152108-a0abd1,"{""algorithm"": 66, ""best_ms"": 2.10819, ""beta"": 0, ""exact_serialized_algorithm_available"": false, ""graph_tuning"": 0, ""library_sha256"": ""520b1980e976d88f851ce52d716266602818e430f2310ea0d8765fbb260f8cb0"", ""math_sms"": 0, ""precision"": 16, ""rejected"": 0, ""replay"": ""graph"", ""requested"": 256, ""returned"": 8, ""selected_candidate_records"": [{""algorithm"": 66, ""index"": 0, ""split_k"": 1, ""tile"": 23, ""tune_ms"": 2.10819, ""workspace_bytes"": 0}], ""valid"": 8, ""workspace_capacity"": 268435456}",a9eb0d72de3d3721c9db57909ec7c27dc3a814be4a1593dc71ce0842b0f47749
oproj,representative_large,1024,4,7168,128,8,128,256,7168,16384,09,graph,measured,0.08654400333762169,0.08772959746420383,0.6947857716891748,m128n128,16,2,4,along_n,F16,20260907-182146-012e82,790d93d5f196acef0847d82b9f758aecb7770e70a61d8093f5bbc5ab3708067f,3368566009a693de0724ecd6363a6090e9161d05ff0a484466ec511ba1935114,20ca2def42ccb0447544f02b65f1713d29f51644c17819e0ee08ed42a8af6fa5,0.9469402270944524,74.41301089784254,,,,,,,,0.08195199817419052,0.7337166083027472,20260906-161540-1427cd,"{""comm_sm"": 16, ""local_first"": false, ""pack_block"": 512, ""pack_warps"": 4, ""push"": true, ""reverse"": false, ""streams"": 1, ""use_ce"": false}",01a0c837cae342902e3e76408a930ad0cee706801f7bdba7bfddc067c108459c,0.11851200088858604,0.5073709134362536,20260906-161540-1427cd,"{""channels"": 32, ""chunk_kib"": 1024, ""high_priority"": false, ""ll_kib"": 16, ""pack_block"": 512, ""pack_warps"": 4}",f54fef14b12faefa06d09a826cc79ec8bc5685842734a18c3728cd85cd45dcfc,0.06439999863505363,0.9336885623980561,20260906-152108-a0abd1,"{""algorithm"": 66, ""best_ms"": 0.0521958, ""beta"": 0, ""exact_serialized_algorithm_available"": false, ""graph_tuning"": 0, ""library_sha256"": ""520b1980e976d88f851ce52d716266602818e430f2310ea0d8765fbb260f8cb0"", ""math_sms"": 0, ""precision"": 16, ""rejected"": 0, ""replay"": ""graph"", ""requested"": 256, ""returned"": 8, ""selected_candidate_records"": [{""algorithm"": 66, ""index"": 0, ""split_k"": 1, ""tile"": 165, ""tune_ms"": 0.0521958, ""workspace_bytes"": 0}], ""valid"": 8, ""workspace_capacity"": 268435456}",a9eb0d72de3d3721c9db57909ec7c27dc3a814be4a1593dc71ce0842b0f47749
oproj,representative_large,1024,8,7168,128,8,128,128,7168,16384,09,graph,measured,0.1472800001502037,0.14829760417342186,0.20413342640778384,m128n128,32,1,4,along_n,F13,20260907-182438-718593,790d93d5f196acef0847d82b9f758aecb7770e70a61d8093f5bbc5ab3708067f,3368566009a693de0724ecd6363a6090e9161d05ff0a484466ec511ba1935114,20ca2def42ccb0447544f02b65f1713d29f51644c17819e0ee08ed42a8af6fa5,,,,,,,,,,,,,,,,,,,,,,,,
oproj,representative_large,4096,4,7168,128,8,128,1024,7168,16384,09,graph,measured,0.23640000075101852,0.23863359913229942,1.0174203376137838,m128n256k64e32,24,4,4,along_n,F18,20260907-181057-5b787b,a929fe71bcea91df43d52eeff0be07b807aa05e896a56077177f731960c42647,3368566009a693de0724ecd6363a6090e9161d05ff0a484466ec511ba1935114,20ca2def42ccb0447544f02b65f1713d29f51644c17819e0ee08ed42a8af6fa5,0.8645685214042352,85.1167498726956,,,,,,,,0.2043839991092682,1.1767954909592198,20260906-161540-1427cd,"{""comm_sm"": 20, ""local_first"": false, ""pack_block"": 512, ""pack_warps"": 4, ""push"": true, ""reverse"": false, ""streams"": 1, ""use_ce"": false}",2ca072d79d9281de48ef5b55240ccbaea2317171de39df133ea5713bed018ab0,0.2816000133752823,0.8541127739772747,20260906-161540-1427cd,"{""channels"": 32, ""chunk_kib"": 512, ""high_priority"": false, ""ll_kib"": 64, ""pack_block"": 512, ""pack_warps"": 4}",3395a08dc26473c3fd7f56e11e1ca735c06a0e69cc32518eec58bdaf0bae66ad,0.20121599733829498,1.1953232931655435,20260906-152108-a0abd1,"{""algorithm"": 66, ""best_ms"": 0.160521, ""beta"": 0, ""exact_serialized_algorithm_available"": false, ""graph_tuning"": 0, ""library_sha256"": ""520b1980e976d88f851ce52d716266602818e430f2310ea0d8765fbb260f8cb0"", ""math_sms"": 0, ""precision"": 16, ""rejected"": 0, ""replay"": ""graph"", ""requested"": 256, ""returned"": 8, ""selected_candidate_records"": [{""algorithm"": 66, ""index"": 7, ""split_k"": 1, ""tile"": 184, ""tune_ms"": 0.160521, ""workspace_bytes"": 0}], ""valid"": 8, ""workspace_capacity"": 268435456}",a9eb0d72de3d3721c9db57909ec7c27dc3a814be4a1593dc71ce0842b0f47749
oproj,representative_large,4096,8,7168,128,8,128,512,7168,16384,09,graph,measured,0.13604799658060074,0.13715359717607498,0.883946013984508,m128n256k64e32,32,4,4,along_n,F19,20260907-181349-e82e92,a929fe71bcea91df43d52eeff0be07b807aa05e896a56077177f731960c42647,3368566009a693de0724ecd6363a6090e9161d05ff0a484466ec511ba1935114,20ca2def42ccb0447544f02b65f1713d29f51644c17819e0ee08ed42a8af6fa5,,,,,,,,,,,,,,,,,,,,,,,,
oproj,representative_large,16384,4,7168,128,8,128,4096,7168,16384,09,graph,measured,0.8389759957790375,0.8437295764684677,1.146722527395626,m128n256k64e32,16,4,4,along_n,F14,20260907-180446-dd8769,a929fe71bcea91df43d52eeff0be07b807aa05e896a56077177f731960c42647,3368566009a693de0724ecd6363a6090e9161d05ff0a484466ec511ba1935114,20ca2def42ccb0447544f02b65f1713d29f51644c17819e0ee08ed42a8af6fa5,0.9222289876337426,86.31665543156826,,,,,,,,0.7737279832363129,1.2434249440997183,20260906-161540-1427cd,"{""comm_sm"": 8, ""local_first"": false, ""pack_block"": 512, ""pack_warps"": 4, ""push"": true, ""reverse"": false, ""streams"": 1, ""use_ce"": false}",9e99800c52da7d7fc8392052fd77e8012570354fb8195fbefe8909aa1da43971,1.0139999985694885,0.9487896209677066,20260906-161540-1427cd,"{""channels"": 24, ""chunk_kib"": 512, ""high_priority"": false, ""ll_kib"": 128, ""pack_block"": 512, ""pack_warps"": 4}",d371bff2310549586b6f8689c30ab2521d64faf6fbb4c60b93a7412596f80d19,0.7241760194301605,1.3285066730890034,20260906-152108-a0abd1,"{""algorithm"": 66, ""best_ms"": 0.60577, ""beta"": 0, ""exact_serialized_algorithm_available"": false, ""graph_tuning"": 0, ""library_sha256"": ""520b1980e976d88f851ce52d716266602818e430f2310ea0d8765fbb260f8cb0"", ""math_sms"": 0, ""precision"": 16, ""rejected"": 0, ""replay"": ""graph"", ""requested"": 256, ""returned"": 8, ""selected_candidate_records"": [{""algorithm"": 66, ""index"": 6, ""split_k"": 1, ""tile"": 201, ""tune_ms"": 0.60577, ""workspace_bytes"": 0}], ""valid"": 8, ""workspace_capacity"": 268435456}",a9eb0d72de3d3721c9db57909ec7c27dc3a814be4a1593dc71ce0842b0f47749
oproj,representative_large,16384,8,7168,128,8,128,2048,7168,16384,09,graph,measured,0.4519040137529373,0.45589439868927,1.0644657327938445,m128n256k64e32,32,4,4,along_n,F19,20260907-180739-d77239,a929fe71bcea91df43d52eeff0be07b807aa05e896a56077177f731960c42647,3368566009a693de0724ecd6363a6090e9161d05ff0a484466ec511ba1935114,20ca2def42ccb0447544f02b65f1713d29f51644c17819e0ee08ed42a8af6fa5,,,,,,,,,,,,,,,,,,,,,,,,
oproj,representative_large,131072,4,7168,128,8,128,32768,7168,16384,09,graph,measured,6.741567850112915,6.8371679306030275,1.1416604513300403,m128n256k64e32,12,4,4,along_n,F17,20260907-175548-a03479,a929fe71bcea91df43d52eeff0be07b807aa05e896a56077177f731960c42647,3368566009a693de0724ecd6363a6090e9161d05ff0a484466ec511ba1935114,20ca2def42ccb0447544f02b65f1713d29f51644c17819e0ee08ed42a8af6fa5,0.9334872791361353,75.76065512373752,,,,,,,,6.29316782951355,1.223005901469329,20260906-161540-1427cd,"{""comm_sm"": 8, ""local_first"": false, ""pack_block"": 512, ""pack_warps"": 4, ""push"": true, ""reverse"": false, ""streams"": 1, ""use_ce"": false}",72a7607f578155b9af85288ffe9574a733a47dbbe72a816af6d1c2b57b3c6985,7.5395519733428955,1.0208274207332615,20260906-161540-1427cd,"{""channels"": 24, ""chunk_kib"": 256, ""high_priority"": false, ""ll_kib"": 16, ""pack_block"": 512, ""pack_warps"": 4}",301d8774128b0557ce079846995fe45f66099b680dc70ad0871f527d23ff4a1c,5.1074559688568115,1.506930542595496,20260906-152108-a0abd1,"{""algorithm"": 66, ""best_ms"": 5.03497, ""beta"": 0, ""exact_serialized_algorithm_available"": false, ""graph_tuning"": 0, ""library_sha256"": ""520b1980e976d88f851ce52d716266602818e430f2310ea0d8765fbb260f8cb0"", ""math_sms"": 0, ""precision"": 16, ""rejected"": 0, ""replay"": ""graph"", ""requested"": 256, ""returned"": 8, ""selected_candidate_records"": [{""algorithm"": 66, ""index"": 0, ""split_k"": 1, ""tile"": 513, ""tune_ms"": 5.03497, ""workspace_bytes"": 0}], ""valid"": 8, ""workspace_capacity"": 268435456}",a9eb0d72de3d3721c9db57909ec7c27dc3a814be4a1593dc71ce0842b0f47749
oproj,representative_large,131072,8,7168,128,8,128,16384,7168,16384,09,graph,measured,3.4577760696411133,3.5066944003105163,1.1129380907582656,m128n256k64e32,8,4,4,along_n,F20,20260907-180128-fb418f,a929fe71bcea91df43d52eeff0be07b807aa05e896a56077177f731960c42647,3368566009a693de0724ecd6363a6090e9161d05ff0a484466ec511ba1935114,20ca2def42ccb0447544f02b65f1713d29f51644c17819e0ee08ed42a8af6fa5,,,,,,,,,,,,,,,,,,,,,,,,
oproj,representative_large,262144,4,7168,128,8,128,65536,7168,16384,09,graph,measured,13.405999660491943,13.606489896774292,1.1482293882363963,m128n256k64e32,12,4,4,along_n,F17,20260907-174916-b5c5c7,a929fe71bcea91df43d52eeff0be07b807aa05e896a56077177f731960c42647,3368566009a693de0724ecd6363a6090e9161d05ff0a484466ec511ba1935114,20ca2def42ccb0447544f02b65f1713d29f51644c17819e0ee08ed42a8af6fa5,0.905225749107602,77.46251131848038,,,,,,,,12.135456085205078,1.2684453456702423,20260906-161540-1427cd,"{""comm_sm"": 16, ""local_first"": false, ""pack_block"": 512, ""pack_warps"": 4, ""push"": true, ""reverse"": false, ""streams"": 1, ""use_ce"": false}",ba15470d8a95455c6bd366d989666fc6a0a464885da86988b7b1f5db9db06f15,15.110432147979736,1.018710956650043,20260906-161540-1427cd,"{""channels"": 24, ""chunk_kib"": 1024, ""high_priority"": false, ""ll_kib"": 64, ""pack_block"": 512, ""pack_warps"": 4}",9a9a65229b534f6eba9c639a8d97e6d967761235533bcf44b4b987c2cc21eefd,10.384624004364014,1.4823033344678833,20260906-152108-a0abd1,"{""algorithm"": 66, ""best_ms"": 10.3145, ""beta"": 0, ""exact_serialized_algorithm_available"": false, ""graph_tuning"": 0, ""library_sha256"": ""520b1980e976d88f851ce52d716266602818e430f2310ea0d8765fbb260f8cb0"", ""math_sms"": 0, ""precision"": 16, ""rejected"": 0, ""replay"": ""graph"", ""requested"": 256, ""returned"": 8, ""selected_candidate_records"": [{""algorithm"": 66, ""index"": 0, ""split_k"": 1, ""tile"": 513, ""tune_ms"": 10.3145, ""workspace_bytes"": 0}], ""valid"": 8, ""workspace_capacity"": 268435456}",a9eb0d72de3d3721c9db57909ec7c27dc3a814be4a1593dc71ce0842b0f47749
oproj,representative_large,262144,8,7168,128,8,128,32768,7168,16384,09,graph,measured,6.761247873306274,6.919903993606567,1.138337410290557,m128n256k64e32,12,4,4,along_n,F17,20260907-175224-5634fe,a929fe71bcea91df43d52eeff0be07b807aa05e896a56077177f731960c42647,3368566009a693de0724ecd6363a6090e9161d05ff0a484466ec511ba1935114,20ca2def42ccb0447544f02b65f1713d29f51644c17819e0ee08ed42a8af6fa5,,75.5401379236707,,,,,,,,,,,,,,,,,,5.1074559688568115,1.506930542595496,20260906-152108-a0abd1,"{""algorithm"": 66, ""best_ms"": 5.03497, ""beta"": 0, ""exact_serialized_algorithm_available"": false, ""graph_tuning"": 0, ""library_sha256"": ""520b1980e976d88f851ce52d716266602818e430f2310ea0d8765fbb260f8cb0"", ""math_sms"": 0, ""precision"": 16, ""rejected"": 0, ""replay"": ""graph"", ""requested"": 256, ""returned"": 8, ""selected_candidate_records"": [{""algorithm"": 66, ""index"": 0, ""split_k"": 1, ""tile"": 513, ""tune_ms"": 5.03497, ""workspace_bytes"": 0}], ""valid"": 8, ""workspace_capacity"": 268435456}",a9eb0d72de3d3721c9db57909ec7c27dc3a814be4a1593dc71ce0842b0f47749
oproj,representative_large,524288,4,7168,128,8,128,131072,7168,16384,09,graph,measured,26.308735847473145,26.644044876098633,1.1701940281818943,m128n256k64e32,12,4,4,along_n,F17,20260907-174207-7f009a,b5e7f20eb9f1afcf19fb249de78bd3dc027bd56e73c6b2987ce81c476a49c525,3368566009a693de0724ecd6363a6090e9161d05ff0a484466ec511ba1935114,20ca2def42ccb0447544f02b65f1713d29f51644c17819e0ee08ed42a8af6fa5,0.9258436734878379,79.59789621879145,,,,,,,,24.357776641845703,1.2639218279404987,20260906-161540-1427cd,"{""comm_sm"": 8, ""local_first"": false, ""pack_block"": 512, ""pack_warps"": 4, ""push"": true, ""reverse"": false, ""streams"": 1, ""use_ce"": false}",eaf7b1109dc4a33dcc1fa3ecbe847c4eb3f627eb18a9595e598bb4b22e3d35cd,31.839439392089844,0.9669242350220689,20260906-161540-1427cd,"{""channels"": 24, ""chunk_kib"": 1024, ""high_priority"": false, ""ll_kib"": 64, ""pack_block"": 512, ""pack_warps"": 4}",c71a1f9e022b70d171b4a3aa76b57bd387e48605024ecb0f0c353fd98cecec90,20.941200256347656,1.4701318549492457,20260906-152108-a0abd1,"{""algorithm"": 66, ""best_ms"": 21.0509, ""beta"": 0, ""exact_serialized_algorithm_available"": false, ""graph_tuning"": 0, ""library_sha256"": ""520b1980e976d88f851ce52d716266602818e430f2310ea0d8765fbb260f8cb0"", ""math_sms"": 0, ""precision"": 16, ""rejected"": 0, ""replay"": ""graph"", ""requested"": 256, ""returned"": 8, ""selected_candidate_records"": [{""algorithm"": 66, ""index"": 0, ""split_k"": 1, ""tile"": 513, ""tune_ms"": 21.0509, ""workspace_bytes"": 0}], ""valid"": 8, ""workspace_capacity"": 268435456}",a9eb0d72de3d3721c9db57909ec7c27dc3a814be4a1593dc71ce0842b0f47749
oproj,representative_large,524288,8,7168,128,8,128,65536,7168,16384,09,graph,measured,13.529039859771729,13.704732704162597,1.1377867866762073,m128n256k64e32,8,4,4,along_n,F20,20260907-174536-525075,a929fe71bcea91df43d52eeff0be07b807aa05e896a56077177f731960c42647,3368566009a693de0724ecd6363a6090e9161d05ff0a484466ec511ba1935114,20ca2def42ccb0447544f02b65f1713d29f51644c17819e0ee08ed42a8af6fa5,,76.75802652664541,,,,,,,,,,,,,,,,,,10.384624004364014,1.4823033344678833,20260906-152108-a0abd1,"{""algorithm"": 66, ""best_ms"": 10.3145, ""beta"": 0, ""exact_serialized_algorithm_available"": false, ""graph_tuning"": 0, ""library_sha256"": ""520b1980e976d88f851ce52d716266602818e430f2310ea0d8765fbb260f8cb0"", ""math_sms"": 0, ""precision"": 16, ""rejected"": 0, ""replay"": ""graph"", ""requested"": 256, ""returned"": 8, ""selected_candidate_records"": [{""algorithm"": 66, ""index"": 0, ""split_k"": 1, ""tile"": 513, ""tune_ms"": 10.3145, ""workspace_bytes"": 0}], ""valid"": 8, ""workspace_capacity"": 268435456}",a9eb0d72de3d3721c9db57909ec7c27dc3a814be4a1593dc71ce0842b0f47749
oproj,production_qwen_dense,1024,4,2048,16,8,128,256,2048,2048,09,graph,measured,0.024720000103116035,0.025553599838167428,0.08687231549522942,m128n128,12,2,4,along_n,F21,20260907-182334-756c77,790d93d5f196acef0847d82b9f758aecb7770e70a61d8093f5bbc5ab3708067f,3368566009a693de0724ecd6363a6090e9161d05ff0a484466ec511ba1935114,20ca2def42ccb0447544f02b65f1713d29f51644c17819e0ee08ed42a8af6fa5,1.602588986326964,38.05825196630752,,,,,,,,0.03961599990725517,0.054207483164061585,20260906-161540-1427cd,"{""comm_sm"": 24, ""local_first"": false, ""pack_block"": 512, ""pack_warps"": 4, ""push"": true, ""reverse"": false, ""streams"": 1, ""use_ce"": false}",32daa0f09c9be1bc781260b3561d9768e1ba3be4adafd7ae15f4cb7eea639d40,0.04055999964475632,0.052945849773389515,20260906-161540-1427cd,"{""channels"": 32, ""chunk_kib"": 512, ""high_priority"": false, ""ll_kib"": 16, ""pack_block"": 512, ""pack_warps"": 4}",f420576482074d271a2a5b8ae9024ccd4f4e72cda1b065bfff49db78c35f7c77,0.00940799992531538,0.2282614439889051,20260906-152108-a0abd1,"{""algorithm"": 66, ""best_ms"": 0.00639744, ""beta"": 0, ""exact_serialized_algorithm_available"": false, ""graph_tuning"": 0, ""library_sha256"": ""520b1980e976d88f851ce52d716266602818e430f2310ea0d8765fbb260f8cb0"", ""math_sms"": 0, ""precision"": 16, ""rejected"": 0, ""replay"": ""graph"", ""requested"": 256, ""returned"": 8, ""selected_candidate_records"": [{""algorithm"": 66, ""index"": 0, ""split_k"": 1, ""tile"": 15, ""tune_ms"": 0.00639744, ""workspace_bytes"": 0}], ""valid"": 8, ""workspace_capacity"": 268435456}",a9eb0d72de3d3721c9db57909ec7c27dc3a814be4a1593dc71ce0842b0f47749
oproj,production_qwen_dense,1024,8,2048,16,8,128,128,2048,2048,09,graph,measured,0.032207999378442764,0.032575998455286026,0.03333773735473522,m128n128,32,1,4,along_n,F13,20260907-182657-b7c20f,790d93d5f196acef0847d82b9f758aecb7770e70a61d8093f5bbc5ab3708067f,3368566009a693de0724ecd6363a6090e9161d05ff0a484466ec511ba1935114,20ca2def42ccb0447544f02b65f1713d29f51644c17819e0ee08ed42a8af6fa5,,,,,,,,,,,,,,,,,,,,,,,,
oproj,production_qwen_dense,4096,4,2048,16,8,128,1024,2048,2048,09,graph,measured,0.0313120000064373,0.032283199951052666,0.27433362896761726,m128n128,16,4,4,along_n,F15,20260907-181245-145ce5,a929fe71bcea91df43d52eeff0be07b807aa05e896a56077177f731960c42647,3368566009a693de0724ecd6363a6090e9161d05ff0a484466ec511ba1935114,20ca2def42ccb0447544f02b65f1713d29f51644c17819e0ee08ed42a8af6fa5,1.4859478913836124,41.95196699063478,,,,,,,,0.04652800038456917,0.18461860645205846,20260906-161540-1427cd,"{""comm_sm"": 20, ""local_first"": false, ""pack_block"": 512, ""pack_warps"": 4, ""push"": true, ""reverse"": false, ""streams"": 1, ""use_ce"": false}",e80d4aa02348657d0eabab3bfd461acc48f12b79bb2b890f2d40fa8797e185fd,0.055135998874902725,0.1557953926161668,20260906-161540-1427cd,"{""channels"": 32, ""chunk_kib"": 1024, ""high_priority"": false, ""ll_kib"": 16, ""pack_block"": 512, ""pack_warps"": 4}",1129c2fe514a3b2d212ce7e2d05f4a0316b97df0cc299da0d0a2768c5357c520,0.013135999906808138,0.6539231617646405,20260906-152108-a0abd1,"{""algorithm"": 66, ""best_ms"": 0.0165062, ""beta"": 0, ""exact_serialized_algorithm_available"": false, ""graph_tuning"": 0, ""library_sha256"": ""520b1980e976d88f851ce52d716266602818e430f2310ea0d8765fbb260f8cb0"", ""math_sms"": 0, ""precision"": 16, ""rejected"": 0, ""replay"": ""graph"", ""requested"": 256, ""returned"": 8, ""selected_candidate_records"": [{""algorithm"": 66, ""index"": 0, ""split_k"": 1, ""tile"": 20, ""tune_ms"": 0.0165062, ""workspace_bytes"": 0}], ""valid"": 8, ""workspace_capacity"": 268435456}",a9eb0d72de3d3721c9db57909ec7c27dc3a814be4a1593dc71ce0842b0f47749
oproj,production_qwen_dense,4096,8,2048,16,8,128,512,2048,2048,09,graph,measured,0.03049599938094616,0.03174719959497452,0.1408370731632257,m128n128,16,4,4,along_n,F15,20260907-182049-95851b,790d93d5f196acef0847d82b9f758aecb7770e70a61d8093f5bbc5ab3708067f,3368566009a693de0724ecd6363a6090e9161d05ff0a484466ec511ba1935114,20ca2def42ccb0447544f02b65f1713d29f51644c17819e0ee08ed42a8af6fa5,,,,,,,,,,,,,,,,,,,,,,,,
oproj,production_qwen_dense,16384,4,2048,16,8,128,4096,2048,2048,09,graph,measured,0.061583999544382095,0.06351199932396412,0.5579328822779328,m128n128,24,4,4,along_n,F22,20260907-180635-ee04c6,a929fe71bcea91df43d52eeff0be07b807aa05e896a56077177f731960c42647,3368566009a693de0724ecd6363a6090e9161d05ff0a484466ec511ba1935114,20ca2def42ccb0447544f02b65f1713d29f51644c17819e0ee08ed42a8af6fa5,1.1735515638216383,54.19589677272771,,,,,,,,0.07227199897170067,0.47542255447305587,20260906-161540-1427cd,"{""comm_sm"": 16, ""local_first"": false, ""pack_block"": 512, ""pack_warps"": 4, ""push"": true, ""reverse"": false, ""streams"": 1, ""use_ce"": false}",b7a45d50bd6671316490013cfee898d931229cb4d5fb8d8a1af4bcfe002271c7,0.11313599720597267,0.3037029700232852,20260906-161540-1427cd,"{""channels"": 32, ""chunk_kib"": 512, ""high_priority"": false, ""ll_kib"": 16, ""pack_block"": 512, ""pack_warps"": 4}",8ddd367e3162adae376ce2870cf7ff6bff0f50db3dcd6c5e28de6aea975d4630,0.033376000821590424,1.029474398435813,20260906-152108-a0abd1,"{""algorithm"": 66, ""best_ms"": 0.0329312, ""beta"": 0, ""exact_serialized_algorithm_available"": false, ""graph_tuning"": 0, ""library_sha256"": ""520b1980e976d88f851ce52d716266602818e430f2310ea0d8765fbb260f8cb0"", ""math_sms"": 0, ""precision"": 16, ""rejected"": 0, ""replay"": ""graph"", ""requested"": 256, ""returned"": 8, ""selected_candidate_records"": [{""algorithm"": 66, ""index"": 5, ""split_k"": 1, ""tile"": 29, ""tune_ms"": 0.0329312, ""workspace_bytes"": 0}], ""valid"": 8, ""workspace_capacity"": 268435456}",a9eb0d72de3d3721c9db57909ec7c27dc3a814be4a1593dc71ce0842b0f47749
oproj,production_qwen_dense,16384,8,2048,16,8,128,2048,2048,2048,09,graph,measured,0.0522879995405674,0.05297760106623173,0.32856237253198184,m128n128,24,4,4,along_n,F22,20260907-180957-e7d196,a929fe71bcea91df43d52eeff0be07b807aa05e896a56077177f731960c42647,3368566009a693de0724ecd6363a6090e9161d05ff0a484466ec511ba1935114,20ca2def42ccb0447544f02b65f1713d29f51644c17819e0ee08ed42a8af6fa5,,,,,,,,,,,,,,,,,,,,,,,,
oproj,production_qwen_dense,131072,4,2048,16,8,128,32768,2048,2048,09,graph,measured,0.26134398579597473,0.26477120369672774,1.0517858526830264,m128n256k64e32,32,4,4,along_n,F19,20260907-180019-067c18,a929fe71bcea91df43d52eeff0be07b807aa05e896a56077177f731960c42647,3368566009a693de0724ecd6363a6090e9161d05ff0a484466ec511ba1935114,20ca2def42ccb0447544f02b65f1713d29f51644c17819e0ee08ed42a8af6fa5,1.3946982233028165,80.42121394887977,,,,,,,,0.36449599266052246,0.7541314924688642,20260906-161540-1427cd,"{""comm_sm"": 16, ""local_first"": false, ""pack_block"": 512, ""pack_warps"": 4, ""push"": true, ""reverse"": false, ""streams"": 1, ""use_ce"": false}",46c0e29d201979801538c323ebcb1cc0d1bde8973670ec029d17a9f682022a16,0.8097760081291199,0.33944930966659403,20260906-161540-1427cd,"{""channels"": 32, ""chunk_kib"": 1024, ""high_priority"": false, ""ll_kib"": 16, ""pack_block"": 512, ""pack_warps"": 4}",ed266b4cfbb8dd12149d27a9ebfda6880cfa2a64ceea477802706b8cfd56dbf1,0.2101760059595108,1.307846277167117,20260906-152108-a0abd1,"{""algorithm"": 66, ""best_ms"": 0.172237, ""beta"": 0, ""exact_serialized_algorithm_available"": false, ""graph_tuning"": 0, ""library_sha256"": ""520b1980e976d88f851ce52d716266602818e430f2310ea0d8765fbb260f8cb0"", ""math_sms"": 0, ""precision"": 16, ""rejected"": 0, ""replay"": ""graph"", ""requested"": 256, ""returned"": 8, ""selected_candidate_records"": [{""algorithm"": 66, ""index"": 3, ""split_k"": 1, ""tile"": 32, ""tune_ms"": 0.172237, ""workspace_bytes"": 0}], ""valid"": 8, ""workspace_capacity"": 268435456}",a9eb0d72de3d3721c9db57909ec7c27dc3a814be4a1593dc71ce0842b0f47749
oproj,production_qwen_dense,131072,8,2048,16,8,128,16384,2048,2048,09,graph,measured,0.16992000490427017,0.17477119714021683,0.8088450418150035,m128n256k64e32,32,4,4,along_n,F19,20260907-180347-1cc7f1,a929fe71bcea91df43d52eeff0be07b807aa05e896a56077177f731960c42647,3368566009a693de0724ecd6363a6090e9161d05ff0a484466ec511ba1935114,20ca2def42ccb0447544f02b65f1713d29f51644c17819e0ee08ed42a8af6fa5,,,,,,,,,,,,,,,,,,,,,,,,
oproj,production_qwen_dense,262144,4,2048,16,8,128,65536,2048,2048,09,graph,measured,0.5196800231933594,0.5266448110342026,1.0578736710136156,m128n256k64e32,32,4,4,along_n,F19,20260907-175115-0cc89b,a929fe71bcea91df43d52eeff0be07b807aa05e896a56077177f731960c42647,3368566009a693de0724ecd6363a6090e9161d05ff0a484466ec511ba1935114,20ca2def42ccb0447544f02b65f1713d29f51644c17819e0ee08ed42a8af6fa5,1.289747515249833,78.26354282890826,,,,,,,,0.6702560186386108,0.8202176460938544,20260906-161540-1427cd,"{""comm_sm"": 16, ""local_first"": false, ""pack_block"": 512, ""pack_warps"": 4, ""push"": true, ""reverse"": false, ""streams"": 1, ""use_ce"": false}",600ff43cfce4c368ae5d43ba2c21066f70c6da3301f02e7b0018f63b49d17861,1.1366080045700073,0.48368110349177007,20260906-161540-1427cd,"{""channels"": 32, ""chunk_kib"": 512, ""high_priority"": false, ""ll_kib"": 16, ""pack_block"": 512, ""pack_warps"": 4}",acccf082b713124b72388d2286df7bb7e5ac22d675d2d5362ec3fda6b6d3a080,0.40671999752521515,1.3516812972883565,20260906-152108-a0abd1,"{""algorithm"": 66, ""best_ms"": 0.325062, ""beta"": 0, ""exact_serialized_algorithm_available"": false, ""graph_tuning"": 0, ""library_sha256"": ""520b1980e976d88f851ce52d716266602818e430f2310ea0d8765fbb260f8cb0"", ""math_sms"": 0, ""precision"": 16, ""rejected"": 0, ""replay"": ""graph"", ""requested"": 256, ""returned"": 8, ""selected_candidate_records"": [{""algorithm"": 66, ""index"": 2, ""split_k"": 1, ""tile"": 32, ""tune_ms"": 0.325062, ""workspace_bytes"": 0}], ""valid"": 8, ""workspace_capacity"": 268435456}",a9eb0d72de3d3721c9db57909ec7c27dc3a814be4a1593dc71ce0842b0f47749
oproj,production_qwen_dense,262144,8,2048,16,8,128,32768,2048,2048,09,graph,measured,0.3043839931488037,0.3093776121735573,0.9030629505199403,m128n256k64e32,32,4,4,along_n,F19,20260907-175444-5951d6,a929fe71bcea91df43d52eeff0be07b807aa05e896a56077177f731960c42647,3368566009a693de0724ecd6363a6090e9161d05ff0a484466ec511ba1935114,20ca2def42ccb0447544f02b65f1713d29f51644c17819e0ee08ed42a8af6fa5,,69.04962504278679,,,,,,,,,,,,,,,,,,0.2101760059595108,1.307846277167117,20260906-152108-a0abd1,"{""algorithm"": 66, ""best_ms"": 0.172237, ""beta"": 0, ""exact_serialized_algorithm_available"": false, ""graph_tuning"": 0, ""library_sha256"": ""520b1980e976d88f851ce52d716266602818e430f2310ea0d8765fbb260f8cb0"", ""math_sms"": 0, ""precision"": 16, ""rejected"": 0, ""replay"": ""graph"", ""requested"": 256, ""returned"": 8, ""selected_candidate_records"": [{""algorithm"": 66, ""index"": 3, ""split_k"": 1, ""tile"": 32, ""tune_ms"": 0.172237, ""workspace_bytes"": 0}], ""valid"": 8, ""workspace_capacity"": 268435456}",a9eb0d72de3d3721c9db57909ec7c27dc3a814be4a1593dc71ce0842b0f47749
oproj,production_qwen_dense,524288,4,2048,16,8,128,131072,2048,2048,09,graph,measured,1.0400959849357605,1.052089625597,1.0571251535442752,m128n256k64e32,32,4,4,along_n,F19,20260907-174411-338177,a929fe71bcea91df43d52eeff0be07b807aa05e896a56077177f731960c42647,3368566009a693de0724ecd6363a6090e9161d05ff0a484466ec511ba1935114,20ca2def42ccb0447544f02b65f1713d29f51644c17819e0ee08ed42a8af6fa5,1.246038848899837,75.81915728529337,,,,,,,,1.2960000038146973,0.8483885991818321,20260906-161540-1427cd,"{""comm_sm"": 16, ""local_first"": false, ""pack_block"": 512, ""pack_warps"": 4, ""push"": true, ""reverse"": false, ""streams"": 1, ""use_ce"": false}",49e89428f676ae8e715894b6d758a48b02ea4782ddab0b002dea1777ed98b946,2.127328038215637,0.5168510018315039,20260906-161540-1427cd,"{""channels"": 24, ""chunk_kib"": 128, ""high_priority"": false, ""ll_kib"": 64, ""pack_block"": 512, ""pack_warps"": 4}",a40268120a94989080e5c4deca062bb334235de46268132bc9a69209e022b912,0.7885920107364655,1.3942718323371892,20260906-152108-a0abd1,"{""algorithm"": 66, ""best_ms"": 0.623183, ""beta"": 0, ""exact_serialized_algorithm_available"": false, ""graph_tuning"": 0, ""library_sha256"": ""520b1980e976d88f851ce52d716266602818e430f2310ea0d8765fbb260f8cb0"", ""math_sms"": 0, ""precision"": 16, ""rejected"": 0, ""replay"": ""graph"", ""requested"": 256, ""returned"": 8, ""selected_candidate_records"": [{""algorithm"": 66, ""index"": 0, ""split_k"": 1, ""tile"": 23, ""tune_ms"": 0.623183, ""workspace_bytes"": 0}], ""valid"": 8, ""workspace_capacity"": 268435456}",a9eb0d72de3d3721c9db57909ec7c27dc3a814be4a1593dc71ce0842b0f47749
oproj,production_qwen_dense,524288,8,2048,16,8,128,65536,2048,2048,09,graph,measured,0.5728960037231445,0.5799952238798142,0.9596083936966557,m128n256k64e32,32,4,4,along_n,F19,20260907-174801-4f473a,a929fe71bcea91df43d52eeff0be07b807aa05e896a56077177f731960c42647,3368566009a693de0724ecd6363a6090e9161d05ff0a484466ec511ba1935114,20ca2def42ccb0447544f02b65f1713d29f51644c17819e0ee08ed42a8af6fa5,,70.9936873153273,,,,,,,,,,,,,,,,,,0.40671999752521515,1.3516812972883565,20260906-152108-a0abd1,"{""algorithm"": 66, ""best_ms"": 0.325062, ""beta"": 0, ""exact_serialized_algorithm_available"": false, ""graph_tuning"": 0, ""library_sha256"": ""520b1980e976d88f851ce52d716266602818e430f2310ea0d8765fbb260f8cb0"", ""math_sms"": 0, ""precision"": 16, ""rejected"": 0, ""replay"": ""graph"", ""requested"": 256, ""returned"": 8, ""selected_candidate_records"": [{""algorithm"": 66, ""index"": 2, ""split_k"": 1, ""tile"": 32, ""tune_ms"": 0.325062, ""workspace_bytes"": 0}], ""valid"": 8, ""workspace_capacity"": 268435456}",a9eb0d72de3d3721c9db57909ec7c27dc3a814be4a1593dc71ce0842b0f47749
oproj,llama3_8b,1024,4,4096,32,8,128,256,4096,4096,09,graph,measured,0.031936001032590866,0.03270399942994118,0.2689733941088593,m128n128,24,2,4,along_n,F12,20260907-182258-375d27,790d93d5f196acef0847d82b9f758aecb7770e70a61d8093f5bbc5ab3708067f,3368566009a693de0724ecd6363a6090e9161d05ff0a484466ec511ba1935114,20ca2def42ccb0447544f02b65f1713d29f51644c17819e0ee08ed42a8af6fa5,1.337174338937716,41.38276435055008,,,,,,,,0.04270400106906891,0.20115058020223325,20260906-161540-1427cd,"{""comm_sm"": 8, ""local_first"": false, ""pack_block"": 512, ""pack_warps"": 4, ""push"": true, ""reverse"": false, ""streams"": 1, ""use_ce"": false}",934e27d83e8ad186377543b1143afd5e4a828b5db659bd0c3fec8249a826440b,0.04967999830842018,0.17290529155561798,20260906-161540-1427cd,"{""channels"": 24, ""chunk_kib"": 256, ""high_priority"": false, ""ll_kib"": 16, ""pack_block"": 512, ""pack_warps"": 4}",4fe1bd8836db089e2e2b0ffa2aefc9ba4aa7b137f2ba712e7833f5cf2a1db2ac,0.01321600005030632,0.6499647820295599,20260906-152108-a0abd1,"{""algorithm"": 66, ""best_ms"": 0.0102976, ""beta"": 0, ""exact_serialized_algorithm_available"": false, ""graph_tuning"": 0, ""library_sha256"": ""520b1980e976d88f851ce52d716266602818e430f2310ea0d8765fbb260f8cb0"", ""math_sms"": 0, ""precision"": 16, ""rejected"": 0, ""replay"": ""graph"", ""requested"": 256, ""returned"": 8, ""selected_candidate_records"": [{""algorithm"": 66, ""index"": 0, ""split_k"": 1, ""tile"": 164, ""tune_ms"": 0.0102976, ""workspace_bytes"": 0}], ""valid"": 8, ""workspace_capacity"": 268435456}",a9eb0d72de3d3721c9db57909ec7c27dc3a814be4a1593dc71ce0842b0f47749
oproj,llama3_8b,1024,8,4096,32,8,128,128,4096,4096,09,graph,measured,0.04436799883842468,0.04903520047664642,0.09680326831149223,m128n128,32,1,4,along_n,F13,20260907-182610-541bea,790d93d5f196acef0847d82b9f758aecb7770e70a61d8093f5bbc5ab3708067f,3368566009a693de0724ecd6363a6090e9161d05ff0a484466ec511ba1935114,20ca2def42ccb0447544f02b65f1713d29f51644c17819e0ee08ed42a8af6fa5,,,,,,,,,,,,,,,,,,,,,,,,
oproj,llama3_8b,4096,4,4096,32,8,128,1024,4096,4096,09,graph,measured,0.05115199834108353,0.05417120065540075,0.6717183977620566,m128n256k64e32,16,4,4,along_n,F14,20260907-181209-4e3bb5,a929fe71bcea91df43d52eeff0be07b807aa05e896a56077177f731960c42647,3368566009a693de0724ecd6363a6090e9161d05ff0a484466ec511ba1935114,20ca2def42ccb0447544f02b65f1713d29f51644c17819e0ee08ed42a8af6fa5,1.1529559369631222,65.7178605215494,,,,,,,,0.05897600017488003,0.5826054372306353,20260906-161540-1427cd,"{""comm_sm"": 16, ""local_first"": false, ""pack_block"": 512, ""pack_warps"": 4, ""push"": true, ""reverse"": false, ""streams"": 1, ""use_ce"": false}",cb6c39503bbb145b3d1f4793d552ba1d022c5ff6c6dfa02d480bc074b267d22d,0.084672000259161,0.4057981181834958,20260906-161540-1427cd,"{""channels"": 32, ""chunk_kib"": 1024, ""high_priority"": false, ""ll_kib"": 16, ""pack_block"": 512, ""pack_warps"": 4}",d0da88a507e6d4a08eec936060409e0fd9e135905bc5aab9edeb4af2baa68b5f,0.033615998923778534,1.0221245677068183,20260906-152108-a0abd1,"{""algorithm"": 66, ""best_ms"": 0.0266656, ""beta"": 0, ""exact_serialized_algorithm_available"": false, ""graph_tuning"": 0, ""library_sha256"": ""520b1980e976d88f851ce52d716266602818e430f2310ea0d8765fbb260f8cb0"", ""math_sms"": 0, ""precision"": 16, ""rejected"": 0, ""replay"": ""graph"", ""requested"": 256, ""returned"": 8, ""selected_candidate_records"": [{""algorithm"": 66, ""index"": 3, ""split_k"": 1, ""tile"": 165, ""tune_ms"": 0.0266656, ""workspace_bytes"": 0}], ""valid"": 8, ""workspace_capacity"": 268435456}",a9eb0d72de3d3721c9db57909ec7c27dc3a814be4a1593dc71ce0842b0f47749
oproj,llama3_8b,4096,8,4096,32,8,128,512,4096,4096,09,graph,measured,0.03657599911093712,0.038307201117277145,0.4697033465003229,m128n128,16,4,4,along_n,F15,20260907-181521-364529,a929fe71bcea91df43d52eeff0be07b807aa05e896a56077177f731960c42647,3368566009a693de0724ecd6363a6090e9161d05ff0a484466ec511ba1935114,20ca2def42ccb0447544f02b65f1713d29f51644c17819e0ee08ed42a8af6fa5,,,,,,,,,,,,,,,,,,,,,,,,
oproj,llama3_8b,16384,4,4096,32,8,128,4096,4096,4096,09,graph,measured,0.12992000579833984,0.1326431967318058,1.0578736710136156,m128n256k64e32,16,4,4,along_n,F14,20260907-180558-c7a106,a929fe71bcea91df43d52eeff0be07b807aa05e896a56077177f731960c42647,3368566009a693de0724ecd6363a6090e9161d05ff0a484466ec511ba1935114,20ca2def42ccb0447544f02b65f1713d29f51644c17819e0ee08ed42a8af6fa5,1.1114531567704855,83.85467801473233,,,,,,,,0.1444000005722046,0.9517933028211877,20260906-161540-1427cd,"{""comm_sm"": 16, ""local_first"": false, ""pack_block"": 512, ""pack_warps"": 4, ""push"": true, ""reverse"": false, ""streams"": 1, ""use_ce"": false}",1516c37d2d26c2e04fd64125bb4ae16cc8e93172dfd2dfef67e9a4525f4a1742,0.21716800332069397,0.6328692596074692,20260906-161540-1427cd,"{""channels"": 32, ""chunk_kib"": 256, ""high_priority"": false, ""ll_kib"": 16, ""pack_block"": 512, ""pack_warps"": 4}",73efea7855a2bd35a3e61fe2645af424d646bc3f72a0968e9d1bb793f7b6e6a0,0.10894400253891945,1.2615559394644138,20260906-152108-a0abd1,"{""algorithm"": 66, ""best_ms"": 0.091705, ""beta"": 0, ""exact_serialized_algorithm_available"": false, ""graph_tuning"": 0, ""library_sha256"": ""520b1980e976d88f851ce52d716266602818e430f2310ea0d8765fbb260f8cb0"", ""math_sms"": 0, ""precision"": 16, ""rejected"": 0, ""replay"": ""graph"", ""requested"": 256, ""returned"": 8, ""selected_candidate_records"": [{""algorithm"": 66, ""index"": 3, ""split_k"": 1, ""tile"": 32, ""tune_ms"": 0.091705, ""workspace_bytes"": 0}], ""valid"": 8, ""workspace_capacity"": 268435456}",a9eb0d72de3d3721c9db57909ec7c27dc3a814be4a1593dc71ce0842b0f47749
oproj,llama3_8b,16384,8,4096,32,8,128,2048,4096,4096,09,graph,measured,0.08313599973917007,0.08462719954550266,0.8265910911229756,m128n256k64e32,16,4,4,along_n,F14,20260907-180911-adb5b0,a929fe71bcea91df43d52eeff0be07b807aa05e896a56077177f731960c42647,3368566009a693de0724ecd6363a6090e9161d05ff0a484466ec511ba1935114,20ca2def42ccb0447544f02b65f1713d29f51644c17819e0ee08ed42a8af6fa5,,,,,,,,,,,,,,,,,,,,,,,,
oproj,llama3_8b,131072,4,4096,32,8,128,32768,4096,4096,09,graph,measured,0.9332480132579803,0.9419808119535447,1.1781558729898511,m128n256k64e32,16,4,4,along_n,F14,20260907-175943-9d6955,a929fe71bcea91df43d52eeff0be07b807aa05e896a56077177f731960c42647,3368566009a693de0724ecd6363a6090e9161d05ff0a484466ec511ba1935114,20ca2def42ccb0447544f02b65f1713d29f51644c17819e0ee08ed42a8af6fa5,1.0231620981224512,84.00082427986402,,,,,,,,0.9548639953136444,1.1514850629746942,20260906-161540-1427cd,"{""comm_sm"": 12, ""local_first"": false, ""pack_block"": 512, ""pack_warps"": 4, ""push"": true, ""reverse"": false, ""streams"": 1, ""use_ce"": false}",d7a755570010895d730a4e003246571bb5cdb900709f9b893a060faf1b030e1f,1.4103839993476868,0.7795831690408658,20260906-161540-1427cd,"{""channels"": 32, ""chunk_kib"": 512, ""high_priority"": false, ""ll_kib"": 128, ""pack_block"": 512, ""pack_warps"": 4}",baff8835ec98de2bad2d05d9e8f0c38f27d91479f499bb237f45606699936378,0.7839360237121582,1.4025527524165842,20260906-152108-a0abd1,"{""algorithm"": 66, ""best_ms"": 0.653328, ""beta"": 0, ""exact_serialized_algorithm_available"": false, ""graph_tuning"": 0, ""library_sha256"": ""520b1980e976d88f851ce52d716266602818e430f2310ea0d8765fbb260f8cb0"", ""math_sms"": 0, ""precision"": 16, ""rejected"": 0, ""replay"": ""graph"", ""requested"": 256, ""returned"": 8, ""selected_candidate_records"": [{""algorithm"": 66, ""index"": 1, ""split_k"": 1, ""tile"": 24, ""tune_ms"": 0.653328, ""workspace_bytes"": 0}], ""valid"": 8, ""workspace_capacity"": 268435456}",a9eb0d72de3d3721c9db57909ec7c27dc3a814be4a1593dc71ce0842b0f47749
oproj,llama3_8b,131072,8,4096,32,8,128,16384,4096,4096,09,graph,measured,0.47948800027370453,0.48629599511623384,1.1465475957149809,m128n256k64e32,16,4,4,along_n,F14,20260907-180301-58b212,a929fe71bcea91df43d52eeff0be07b807aa05e896a56077177f731960c42647,3368566009a693de0724ecd6363a6090e9161d05ff0a484466ec511ba1935114,20ca2def42ccb0447544f02b65f1713d29f51644c17819e0ee08ed42a8af6fa5,,,,,,,,,,,,,,,,,,,,,,,,
oproj,llama3_8b,262144,4,4096,32,8,128,65536,4096,4096,09,graph,measured,1.8364959955215454,1.866763210296631,1.197401606600019,m128n256k64e32,16,4,4,along_n,F14,20260907-175039-2e848b,a929fe71bcea91df43d52eeff0be07b807aa05e896a56077177f731960c42647,3368566009a693de0724ecd6363a6090e9161d05ff0a484466ec511ba1935114,20ca2def42ccb0447544f02b65f1713d29f51644c17819e0ee08ed42a8af6fa5,1.148813892569899,82.49361841065402,,,,,,,,2.109792113304138,1.042293807852053,20260906-161540-1427cd,"{""comm_sm"": 12, ""local_first"": false, ""pack_block"": 512, ""pack_warps"": 4, ""push"": true, ""reverse"": false, ""streams"": 1, ""use_ce"": false}",a03cb3a51f61ffbdda8fd117c0b9a7b66d79bdf16917c0ce6141c45bfc8f39e0,2.6818400621414185,0.8199680833301093,20260906-161540-1427cd,"{""channels"": 24, ""chunk_kib"": 128, ""high_priority"": false, ""ll_kib"": 64, ""pack_block"": 512, ""pack_warps"": 4}",10063dcd4a33d8f1fff1804394c814cf9c8fc5154c47bb09f169249191437463,1.5149919986724854,1.4515081647156542,20260906-152108-a0abd1,"{""algorithm"": 66, ""best_ms"": 1.34971, ""beta"": 0, ""exact_serialized_algorithm_available"": false, ""graph_tuning"": 0, ""library_sha256"": ""520b1980e976d88f851ce52d716266602818e430f2310ea0d8765fbb260f8cb0"", ""math_sms"": 0, ""precision"": 16, ""rejected"": 0, ""replay"": ""graph"", ""requested"": 256, ""returned"": 8, ""selected_candidate_records"": [{""algorithm"": 66, ""index"": 0, ""split_k"": 1, ""tile"": 23, ""tune_ms"": 1.34971, ""workspace_bytes"": 0}], ""valid"": 8, ""workspace_capacity"": 268435456}",a9eb0d72de3d3721c9db57909ec7c27dc3a814be4a1593dc71ce0842b0f47749
oproj,llama3_8b,262144,8,4096,32,8,128,32768,4096,4096,09,graph,measured,0.9510560035705566,0.9609999746084213,1.156095564980501,m128n256k64e32,16,4,4,along_n,F14,20260907-175357-da8465,a929fe71bcea91df43d52eeff0be07b807aa05e896a56077177f731960c42647,3368566009a693de0724ecd6363a6090e9161d05ff0a484466ec511ba1935114,20ca2def42ccb0447544f02b65f1713d29f51644c17819e0ee08ed42a8af6fa5,,82.42795595306914,,,,,,,,,,,,,,,,,,0.7839360237121582,1.4025527524165842,20260906-152108-a0abd1,"{""algorithm"": 66, ""best_ms"": 0.653328, ""beta"": 0, ""exact_serialized_algorithm_available"": false, ""graph_tuning"": 0, ""library_sha256"": ""520b1980e976d88f851ce52d716266602818e430f2310ea0d8765fbb260f8cb0"", ""math_sms"": 0, ""precision"": 16, ""rejected"": 0, ""replay"": ""graph"", ""requested"": 256, ""returned"": 8, ""selected_candidate_records"": [{""algorithm"": 66, ""index"": 1, ""split_k"": 1, ""tile"": 24, ""tune_ms"": 0.653328, ""workspace_bytes"": 0}], ""valid"": 8, ""workspace_capacity"": 268435456}",a9eb0d72de3d3721c9db57909ec7c27dc3a814be4a1593dc71ce0842b0f47749
oproj,llama3_8b,524288,4,4096,32,8,128,131072,4096,4096,09,graph,measured,3.722048044204712,3.855947196483612,1.1816200271653743,m128n256k64e32,16,4,4,along_n,F14,20260907-174329-7e00a0,a929fe71bcea91df43d52eeff0be07b807aa05e896a56077177f731960c42647,3368566009a693de0724ecd6363a6090e9161d05ff0a484466ec511ba1935114,20ca2def42ccb0447544f02b65f1713d29f51644c17819e0ee08ed42a8af6fa5,1.1675937348608239,80.65065076478402,,,,,,,,4.345839977264404,1.0120129903799306,20260906-161540-1427cd,"{""comm_sm"": 20, ""local_first"": false, ""pack_block"": 512, ""pack_warps"": 4, ""push"": true, ""reverse"": false, ""streams"": 1, ""use_ce"": false}",a394085ada24f72599d915f25d6144cfddf84eabb8a5cb0d14fc74bbc0b9f539,5.315600156784058,0.8273847508057908,20260906-161540-1427cd,"{""channels"": 24, ""chunk_kib"": 256, ""high_priority"": false, ""ll_kib"": 128, ""pack_block"": 512, ""pack_warps"": 4}",435db0d821859606cf0ea99f8220f8475003f26bc06a6c9096dbea07e6a76e2b,3.001855969429016,1.465109104465313,20260906-152108-a0abd1,"{""algorithm"": 66, ""best_ms"": 2.98351, ""beta"": 0, ""exact_serialized_algorithm_available"": false, ""graph_tuning"": 0, ""library_sha256"": ""520b1980e976d88f851ce52d716266602818e430f2310ea0d8765fbb260f8cb0"", ""math_sms"": 0, ""precision"": 16, ""rejected"": 0, ""replay"": ""graph"", ""requested"": 256, ""returned"": 8, ""selected_candidate_records"": [{""algorithm"": 66, ""index"": 0, ""split_k"": 1, ""tile"": 23, ""tune_ms"": 2.98351, ""workspace_bytes"": 0}], ""valid"": 8, ""workspace_capacity"": 268435456}",a9eb0d72de3d3721c9db57909ec7c27dc3a814be4a1593dc71ce0842b0f47749
oproj,llama3_8b,524288,8,4096,32,8,128,65536,4096,4096,09,graph,measured,1.8779680132865906,1.907892793416977,1.170958844875924,m128n256k64e32,16,4,4,along_n,F14,20260907-174715-6fa135,a929fe71bcea91df43d52eeff0be07b807aa05e896a56077177f731960c42647,3368566009a693de0724ecd6363a6090e9161d05ff0a484466ec511ba1935114,20ca2def42ccb0447544f02b65f1713d29f51644c17819e0ee08ed42a8af6fa5,,80.67187449168163,,,,,,,,,,,,,,,,,,1.5149919986724854,1.4515081647156542,20260906-152108-a0abd1,"{""algorithm"": 66, ""best_ms"": 1.34971, ""beta"": 0, ""exact_serialized_algorithm_available"": false, ""graph_tuning"": 0, ""library_sha256"": ""520b1980e976d88f851ce52d716266602818e430f2310ea0d8765fbb260f8cb0"", ""math_sms"": 0, ""precision"": 16, ""rejected"": 0, ""replay"": ""graph"", ""requested"": 256, ""returned"": 8, ""selected_candidate_records"": [{""algorithm"": 66, ""index"": 0, ""split_k"": 1, ""tile"": 23, ""tune_ms"": 1.34971, ""workspace_bytes"": 0}], ""valid"": 8, ""workspace_capacity"": 268435456}",a9eb0d72de3d3721c9db57909ec7c27dc3a814be4a1593dc71ce0842b0f47749
oproj,qwen25_14b_32b,1024,4,5120,40,8,128,256,5120,5120,09,graph,measured,0.033984001725912094,0.03448159974068403,0.3949438594150664,m128n128,16,2,4,along_n,F16,20260907-182222-482f8f,790d93d5f196acef0847d82b9f758aecb7770e70a61d8093f5bbc5ab3708067f,3368566009a693de0724ecd6363a6090e9161d05ff0a484466ec511ba1935114,20ca2def42ccb0447544f02b65f1713d29f51644c17819e0ee08ed42a8af6fa5,1.3356872904839467,50.470807872963924,,,,,,,,0.0453919991850853,0.2956858706591197,20260906-161540-1427cd,"{""comm_sm"": 16, ""local_first"": false, ""pack_block"": 512, ""pack_warps"": 4, ""push"": true, ""reverse"": false, ""streams"": 1, ""use_ce"": false}",5eca278ca6f2562a567fa10b7d689a6525d20991033ef4a29f104cf7d8e1b416,0.05700800009071827,0.23543665412997464,20260906-161540-1427cd,"{""channels"": 32, ""chunk_kib"": 512, ""high_priority"": false, ""ll_kib"": 16, ""pack_block"": 512, ""pack_warps"": 4}",9c6c3c76c235f5de2e0d25e1afdba65702cac7e5f27a5d35a617038bc91dd5e3,0.017152000218629837,0.7825193930106059,20260906-152108-a0abd1,"{""algorithm"": 66, ""best_ms"": 0.0143725, ""beta"": 0, ""exact_serialized_algorithm_available"": false, ""graph_tuning"": 0, ""library_sha256"": ""520b1980e976d88f851ce52d716266602818e430f2310ea0d8765fbb260f8cb0"", ""math_sms"": 0, ""precision"": 16, ""rejected"": 0, ""replay"": ""graph"", ""requested"": 256, ""returned"": 8, ""selected_candidate_records"": [{""algorithm"": 66, ""index"": 1, ""split_k"": 1, ""tile"": 28, ""tune_ms"": 0.0143725, ""workspace_bytes"": 0}], ""valid"": 8, ""workspace_capacity"": 268435456}",a9eb0d72de3d3721c9db57909ec7c27dc3a814be4a1593dc71ce0842b0f47749
oproj,qwen25_14b_32b,1024,8,5120,40,8,128,128,5120,5120,09,graph,measured,0.050175998359918594,0.05075199902057648,0.1337469431472392,m128n128,32,1,4,along_n,F13,20260907-182524-f8fac7,790d93d5f196acef0847d82b9f758aecb7770e70a61d8093f5bbc5ab3708067f,3368566009a693de0724ecd6363a6090e9161d05ff0a484466ec511ba1935114,20ca2def42ccb0447544f02b65f1713d29f51644c17819e0ee08ed42a8af6fa5,,,,,,,,,,,,,,,,,,,,,,,,
oproj,qwen25_14b_32b,4096,4,5120,40,8,128,1024,5120,5120,09,graph,measured,0.07248000055551529,0.07426719926297665,0.7407159325127066,m128n128,16,4,4,along_n,F15,20260907-181133-ad9e28,a929fe71bcea91df43d52eeff0be07b807aa05e896a56077177f731960c42647,3368566009a693de0724ecd6363a6090e9161d05ff0a484466ec511ba1935114,20ca2def42ccb0447544f02b65f1713d29f51644c17819e0ee08ed42a8af6fa5,0.9618101724067215,68.87417184504972,,,,,,,,0.06971200183033943,0.7701269478770697,20260906-161540-1427cd,"{""comm_sm"": 16, ""local_first"": false, ""pack_block"": 512, ""pack_warps"": 4, ""push"": true, ""reverse"": false, ""streams"": 1, ""use_ce"": false}",278f8887d2e7b6eee7e505b7cb83ccba51ee9109850680f3cefe57ebfe752894,0.11750400066375732,0.45689585798553267,20260906-161540-1427cd,"{""channels"": 32, ""chunk_kib"": 512, ""high_priority"": false, ""ll_kib"": 16, ""pack_block"": 512, ""pack_warps"": 4}",d504b19a1e8099dcb59df5d10eaa077057da0ef0696ec3358bb89afa8c1c3f86,0.04992000013589859,1.0754625611748028,20260906-152108-a0abd1,"{""algorithm"": 66, ""best_ms"": 0.0450125, ""beta"": 0, ""exact_serialized_algorithm_available"": false, ""graph_tuning"": 0, ""library_sha256"": ""520b1980e976d88f851ce52d716266602818e430f2310ea0d8765fbb260f8cb0"", ""math_sms"": 0, ""precision"": 16, ""rejected"": 0, ""replay"": ""graph"", ""requested"": 256, ""returned"": 8, ""selected_candidate_records"": [{""algorithm"": 66, ""index"": 0, ""split_k"": 1, ""tile"": 184, ""tune_ms"": 0.0450125, ""workspace_bytes"": 0}], ""valid"": 8, ""workspace_capacity"": 268435456}",a9eb0d72de3d3721c9db57909ec7c27dc3a814be4a1593dc71ce0842b0f47749
oproj,qwen25_14b_32b,4096,8,5120,40,8,128,512,5120,5120,09,graph,measured,0.049456000328063965,0.05129599943757057,0.542776314743098,m128n256k64e32,12,4,4,along_n,F17,20260907-181435-58be83,a929fe71bcea91df43d52eeff0be07b807aa05e896a56077177f731960c42647,3368566009a693de0724ecd6363a6090e9161d05ff0a484466ec511ba1935114,20ca2def42ccb0447544f02b65f1713d29f51644c17819e0ee08ed42a8af6fa5,,,,,,,,,,,,,,,,,,,,,,,,
oproj,qwen25_14b_32b,16384,4,5120,40,8,128,4096,5120,5120,09,graph,measured,0.20239999890327454,0.2098752036690712,1.061009713259073,m128n256k64e32,16,4,4,along_n,F14,20260907-180522-ff2a7e,a929fe71bcea91df43d52eeff0be07b807aa05e896a56077177f731960c42647,3368566009a693de0724ecd6363a6090e9161d05ff0a484466ec511ba1935114,20ca2def42ccb0447544f02b65f1713d29f51644c17819e0ee08ed42a8af6fa5,1.069565232115772,78.22134541289395,,,,,,,,0.21648000180721283,0.9920009377644271,20260906-161540-1427cd,"{""comm_sm"": 24, ""local_first"": false, ""pack_block"": 512, ""pack_warps"": 4, ""push"": true, ""reverse"": false, ""streams"": 1, ""use_ce"": false}",964c64c82a3744c6171749f0e6145e2911d1888fdfcd9746d4657c1497915585,0.27110400795936584,0.7921253780659242,20260906-161540-1427cd,"{""channels"": 24, ""chunk_kib"": 512, ""high_priority"": false, ""ll_kib"": 128, ""pack_block"": 512, ""pack_warps"": 4}",17a9f6cacf3a870d57a69a7268c5a07983c4e4e06115c05a699900c6608f6406,0.15832000225782394,1.3564196673663669,20260906-152108-a0abd1,"{""algorithm"": 66, ""best_ms"": 0.146939, ""beta"": 0, ""exact_serialized_algorithm_available"": false, ""graph_tuning"": 0, ""library_sha256"": ""520b1980e976d88f851ce52d716266602818e430f2310ea0d8765fbb260f8cb0"", ""math_sms"": 0, ""precision"": 16, ""rejected"": 0, ""replay"": ""graph"", ""requested"": 256, ""returned"": 8, ""selected_candidate_records"": [{""algorithm"": 66, ""index"": 2, ""split_k"": 1, ""tile"": 32, ""tune_ms"": 0.146939, ""workspace_bytes"": 0}], ""valid"": 8, ""workspace_capacity"": 268435456}",a9eb0d72de3d3721c9db57909ec7c27dc3a814be4a1593dc71ce0842b0f47749
oproj,qwen25_14b_32b,16384,8,5120,40,8,128,2048,5120,5120,09,graph,measured,0.11792000010609627,0.1204192005097866,0.9105680317451843,m128n128,16,4,4,along_n,F15,20260907-180825-a0333b,a929fe71bcea91df43d52eeff0be07b807aa05e896a56077177f731960c42647,3368566009a693de0724ecd6363a6090e9161d05ff0a484466ec511ba1935114,20ca2def42ccb0447544f02b65f1713d29f51644c17819e0ee08ed42a8af6fa5,,,,,,,,,,,,,,,,,,,,,,,,
oproj,qwen25_14b_32b,131072,4,5120,40,8,128,32768,5120,5120,09,graph,measured,1.462992012500763,1.4835311889648437,1.1742968544738408,m128n256k64e32,16,4,4,along_n,F14,20260907-175622-6eae17,a929fe71bcea91df43d52eeff0be07b807aa05e896a56077177f731960c42647,3368566009a693de0724ecd6363a6090e9161d05ff0a484466ec511ba1935114,20ca2def42ccb0447544f02b65f1713d29f51644c17819e0ee08ed42a8af6fa5,1.047114408501339,78.6158756269573,,,,,,,,1.5319200158119202,1.121459933069328,20260906-161540-1427cd,"{""comm_sm"": 16, ""local_first"": false, ""pack_block"": 512, ""pack_warps"": 4, ""push"": true, ""reverse"": false, ""streams"": 1, ""use_ce"": false}",8b4c6c02f333fd4779148a34761a81502f8c85c64af8fb4ffce37c43d1178a94,1.958624005317688,0.8771397234669056,20260906-161540-1427cd,"{""channels"": 24, ""chunk_kib"": 128, ""high_priority"": false, ""ll_kib"": 64, ""pack_block"": 512, ""pack_warps"": 4}",753a5226ef0cd7b38918c709c3aebed7f505dc7f34478100eac23548ca746dac,1.1501439809799194,1.4937146538264539,20260906-152108-a0abd1,"{""algorithm"": 66, ""best_ms"": 1.02135, ""beta"": 0, ""exact_serialized_algorithm_available"": false, ""graph_tuning"": 0, ""library_sha256"": ""520b1980e976d88f851ce52d716266602818e430f2310ea0d8765fbb260f8cb0"", ""math_sms"": 0, ""precision"": 16, ""rejected"": 0, ""replay"": ""graph"", ""requested"": 256, ""returned"": 8, ""selected_candidate_records"": [{""algorithm"": 66, ""index"": 0, ""split_k"": 1, ""tile"": 23, ""tune_ms"": 1.02135, ""workspace_bytes"": 0}], ""valid"": 8, ""workspace_capacity"": 268435456}",a9eb0d72de3d3721c9db57909ec7c27dc3a814be4a1593dc71ce0842b0f47749
oproj,qwen25_14b_32b,131072,8,5120,40,8,128,16384,5120,5120,09,graph,measured,0.7517440021038055,0.7630800098180771,1.14266752617387,m128n256k64e32,16,4,4,along_n,F14,20260907-180214-9193d0,a929fe71bcea91df43d52eeff0be07b807aa05e896a56077177f731960c42647,3368566009a693de0724ecd6363a6090e9161d05ff0a484466ec511ba1935114,20ca2def42ccb0447544f02b65f1713d29f51644c17819e0ee08ed42a8af6fa5,,,,,,,,,,,,,,,,,,,,,,,,
oproj,qwen25_14b_32b,262144,4,5120,40,8,128,65536,5120,5120,09,graph,measured,2.9010239839553833,2.920020818710327,1.1844003551171067,m128n256k64e32,16,4,4,along_n,F14,20260907-174957-be904c,a929fe71bcea91df43d52eeff0be07b807aa05e896a56077177f731960c42647,3368566009a693de0724ecd6363a6090e9161d05ff0a484466ec511ba1935114,20ca2def42ccb0447544f02b65f1713d29f51644c17819e0ee08ed42a8af6fa5,1.0724764709476706,80.97444508452304,,,,,,,,3.1112799644470215,1.104360223465357,20260906-161540-1427cd,"{""comm_sm"": 8, ""local_first"": false, ""pack_block"": 512, ""pack_warps"": 4, ""push"": true, ""reverse"": false, ""streams"": 1, ""use_ce"": false}",83cf75362878c9511bc7294baa139c99f67faa3fb505b1d45549a2c8e07fcd9e,3.7548800706863403,0.9150688629509148,20260906-161540-1427cd,"{""channels"": 24, ""chunk_kib"": 256, ""high_priority"": false, ""ll_kib"": 128, ""pack_block"": 512, ""pack_warps"": 4}",0e4bec4918a1526482030fe4a1792647585636db3cce73bb0fcbf720c8dcd0b6,2.3490880727767944,1.4626841269252313,20260906-152108-a0abd1,"{""algorithm"": 66, ""best_ms"": 2.10819, ""beta"": 0, ""exact_serialized_algorithm_available"": false, ""graph_tuning"": 0, ""library_sha256"": ""520b1980e976d88f851ce52d716266602818e430f2310ea0d8765fbb260f8cb0"", ""math_sms"": 0, ""precision"": 16, ""rejected"": 0, ""replay"": ""graph"", ""requested"": 256, ""returned"": 8, ""selected_candidate_records"": [{""algorithm"": 66, ""index"": 0, ""split_k"": 1, ""tile"": 23, ""tune_ms"": 2.10819, ""workspace_bytes"": 0}], ""valid"": 8, ""workspace_capacity"": 268435456}",a9eb0d72de3d3721c9db57909ec7c27dc3a814be4a1593dc71ce0842b0f47749
oproj,qwen25_14b_32b,262144,8,5120,40,8,128,32768,5120,5120,09,graph,measured,1.5441919565200806,1.5550576090812682,1.112547511432177,m128n256k64e32,24,4,4,along_n,F18,20260907-175311-780fea,a929fe71bcea91df43d52eeff0be07b807aa05e896a56077177f731960c42647,3368566009a693de0724ecd6363a6090e9161d05ff0a484466ec511ba1935114,20ca2def42ccb0447544f02b65f1713d29f51644c17819e0ee08ed42a8af6fa5,,74.48193057369828,,,,,,,,,,,,,,,,,,1.1501439809799194,1.4937146538264539,20260906-152108-a0abd1,"{""algorithm"": 66, ""best_ms"": 1.02135, ""beta"": 0, ""exact_serialized_algorithm_available"": false, ""graph_tuning"": 0, ""library_sha256"": ""520b1980e976d88f851ce52d716266602818e430f2310ea0d8765fbb260f8cb0"", ""math_sms"": 0, ""precision"": 16, ""rejected"": 0, ""replay"": ""graph"", ""requested"": 256, ""returned"": 8, ""selected_candidate_records"": [{""algorithm"": 66, ""index"": 0, ""split_k"": 1, ""tile"": 23, ""tune_ms"": 1.02135, ""workspace_bytes"": 0}], ""valid"": 8, ""workspace_capacity"": 268435456}",a9eb0d72de3d3721c9db57909ec7c27dc3a814be4a1593dc71ce0842b0f47749
oproj,qwen25_14b_32b,524288,4,5120,40,8,128,131072,5120,5120,09,graph,measured,5.792511940002441,5.915604901313782,1.1863501956971545,m128n256k64e32,12,4,4,along_n,F17,20260907-174248-255b85,b5e7f20eb9f1afcf19fb249de78bd3dc027bd56e73c6b2987ce81c476a49c525,3368566009a693de0724ecd6363a6090e9161d05ff0a484466ec511ba1935114,20ca2def42ccb0447544f02b65f1713d29f51644c17819e0ee08ed42a8af6fa5,1.0845395347198474,80.5939818788259,,,,,,,,6.282208204269409,1.0938745501828167,20260906-161540-1427cd,"{""comm_sm"": 16, ""local_first"": false, ""pack_block"": 512, ""pack_warps"": 4, ""push"": true, ""reverse"": false, ""streams"": 1, ""use_ce"": false}",b232c7e3fecc7e179d52a6030d3bc52b26a293d5ab77c21dbe048a8f57b1f502,7.471791982650757,0.9197188157213725,20260906-161540-1427cd,"{""channels"": 24, ""chunk_kib"": 512, ""high_priority"": false, ""ll_kib"": 128, ""pack_block"": 512, ""pack_warps"": 4}",78b8bea3ab94d6a65cbe3546c03d75fd16dfa3a3ac75b8a5ba484ce7dfcb0b30,4.6684160232543945,1.472008415567365,20260906-152108-a0abd1,"{""algorithm"": 66, ""best_ms"": 4.58131, ""beta"": 0, ""exact_serialized_algorithm_available"": false, ""graph_tuning"": 0, ""library_sha256"": ""520b1980e976d88f851ce52d716266602818e430f2310ea0d8765fbb260f8cb0"", ""math_sms"": 0, ""precision"": 16, ""rejected"": 0, ""replay"": ""graph"", ""requested"": 256, ""returned"": 8, ""selected_candidate_records"": [{""algorithm"": 66, ""index"": 0, ""split_k"": 1, ""tile"": 23, ""tune_ms"": 4.58131, ""workspace_bytes"": 0}], ""valid"": 8, ""workspace_capacity"": 268435456}",a9eb0d72de3d3721c9db57909ec7c27dc3a814be4a1593dc71ce0842b0f47749
oproj,qwen25_14b_32b,524288,8,5120,40,8,128,65536,5120,5120,09,graph,measured,3.029152035713196,3.0518576383590696,1.134302206125821,m128n256k64e32,16,4,4,along_n,F14,20260907-174628-569c04,a929fe71bcea91df43d52eeff0be07b807aa05e896a56077177f731960c42647,3368566009a693de0724ecd6363a6090e9161d05ff0a484466ec511ba1935114,20ca2def42ccb0447544f02b65f1713d29f51644c17819e0ee08ed42a8af6fa5,,77.54936183728776,,,,,,,,,,,,,,,,,,2.3490880727767944,1.4626841269252313,20260906-152108-a0abd1,"{""algorithm"": 66, ""best_ms"": 2.10819, ""beta"": 0, ""exact_serialized_algorithm_available"": false, ""graph_tuning"": 0, ""library_sha256"": ""520b1980e976d88f851ce52d716266602818e430f2310ea0d8765fbb260f8cb0"", ""math_sms"": 0, ""precision"": 16, ""rejected"": 0, ""replay"": ""graph"", ""requested"": 256, ""returned"": 8, ""selected_candidate_records"": [{""algorithm"": 66, ""index"": 0, ""split_k"": 1, ""tile"": 23, ""tune_ms"": 2.10819, ""workspace_bytes"": 0}], ""valid"": 8, ""workspace_capacity"": 268435456}",a9eb0d72de3d3721c9db57909ec7c27dc3a814be4a1593dc71ce0842b0f47749
oproj,llama31_405b,1024,4,16384,128,8,128,256,16384,16384,09,graph,measured,0.1409120038151741,0.1424672044813633,0.9753530554591396,m128n256k64e32,8,2,4,along_n,F23,20260907-182128-2c6e12,790d93d5f196acef0847d82b9f758aecb7770e70a61d8093f5bbc5ab3708067f,3368566009a693de0724ecd6363a6090e9161d05ff0a484466ec511ba1935114,20ca2def42ccb0447544f02b65f1713d29f51644c17819e0ee08ed42a8af6fa5,1.087316855716755,94.72010859895599,,,,,,,,0.15321599692106247,0.8970274399141829,20260906-161540-1427cd,"{""comm_sm"": 12, ""local_first"": false, ""pack_block"": 512, ""pack_warps"": 4, ""push"": true, ""reverse"": false, ""streams"": 1, ""use_ce"": false}",30df019f755bafd330580941063672b898033f09b801e8e890ab4f08c2d5e3d4,0.17159999907016754,0.8009263066242849,20260906-161540-1427cd,"{""channels"": 32, ""chunk_kib"": 1024, ""high_priority"": false, ""ll_kib"": 16, ""pack_block"": 512, ""pack_warps"": 4}",b1eefd5634a9ba2b5d23d1bb167fd129b199761edea66ab0dd7a3013fe80b800,0.1334720030426979,1.0297212174753463,20260906-152108-a0abd1,"{""algorithm"": 66, ""best_ms"": 0.100736, ""beta"": 0, ""exact_serialized_algorithm_available"": false, ""graph_tuning"": 0, ""library_sha256"": ""520b1980e976d88f851ce52d716266602818e430f2310ea0d8765fbb260f8cb0"", ""math_sms"": 0, ""precision"": 16, ""rejected"": 0, ""replay"": ""graph"", ""requested"": 256, ""returned"": 8, ""selected_candidate_records"": [{""algorithm"": 66, ""index"": 5, ""split_k"": 1, ""tile"": 165, ""tune_ms"": 0.100736, ""workspace_bytes"": 0}], ""valid"": 8, ""workspace_capacity"": 268435456}",a9eb0d72de3d3721c9db57909ec7c27dc3a814be4a1593dc71ce0842b0f47749
oproj,llama31_405b,1024,8,16384,128,8,128,128,16384,16384,09,graph,measured,0.19601599872112274,0.19750399887561798,0.35058095861740884,m128n256k64e32,32,1,4,along_n,F24,20260907-182415-2823c2,790d93d5f196acef0847d82b9f758aecb7770e70a61d8093f5bbc5ab3708067f,3368566009a693de0724ecd6363a6090e9161d05ff0a484466ec511ba1935114,20ca2def42ccb0447544f02b65f1713d29f51644c17819e0ee08ed42a8af6fa5,,,,,,,,,,,,,,,,,,,,,,,,
oproj,llama31_405b,4096,4,16384,128,8,128,1024,16384,16384,09,graph,measured,0.5393440127372742,0.5436512053012847,1.019304564257391,m128n256k64e32,16,4,4,along_n,F14,20260907-181038-a9716b,a929fe71bcea91df43d52eeff0be07b807aa05e896a56077177f731960c42647,3368566009a693de0724ecd6363a6090e9161d05ff0a484466ec511ba1935114,20ca2def42ccb0447544f02b65f1713d29f51644c17819e0ee08ed42a8af6fa5,0.7537749382756025,72.7609827764038,,,,,,,,0.4065439999103546,1.3522664558060737,20260906-161540-1427cd,"{""comm_sm"": 4, ""local_first"": false, ""pack_block"": 512, ""pack_warps"": 4, ""push"": true, ""reverse"": false, ""streams"": 1, ""use_ce"": false}",29ffb964a23ceb1ee1a40e6c3a0ee4f8f455317914985791b917101a228b85ab,0.47041599452495575,1.1686588472468176,20260906-161540-1427cd,"{""channels"": 32, ""chunk_kib"": 512, ""high_priority"": false, ""ll_kib"": 16, ""pack_block"": 512, ""pack_warps"": 4}",e272fe6f00cb5cb74986e6f53d918aed67e227e699f4cf028e5705f4e5cbdb8b,0.39243200421333313,1.4008944428221068,20260906-152108-a0abd1,"{""algorithm"": 66, ""best_ms"": 0.340012, ""beta"": 0, ""exact_serialized_algorithm_available"": false, ""graph_tuning"": 0, ""library_sha256"": ""520b1980e976d88f851ce52d716266602818e430f2310ea0d8765fbb260f8cb0"", ""math_sms"": 0, ""precision"": 16, ""rejected"": 0, ""replay"": ""graph"", ""requested"": 256, ""returned"": 8, ""selected_candidate_records"": [{""algorithm"": 66, ""index"": 3, ""split_k"": 1, ""tile"": 447, ""tune_ms"": 0.340012, ""workspace_bytes"": 0}], ""valid"": 8, ""workspace_capacity"": 268435456}",a9eb0d72de3d3721c9db57909ec7c27dc3a814be4a1593dc71ce0842b0f47749
oproj,llama31_405b,4096,8,16384,128,8,128,512,16384,16384,09,graph,measured,0.29283200204372406,0.2968399986624718,0.9386880703802201,m128n256k64e32,16,4,4,along_n,F14,20260907-181326-fe35d7,a929fe71bcea91df43d52eeff0be07b807aa05e896a56077177f731960c42647,3368566009a693de0724ecd6363a6090e9161d05ff0a484466ec511ba1935114,20ca2def42ccb0447544f02b65f1713d29f51644c17819e0ee08ed42a8af6fa5,,,,,,,,,,,,,,,,,,,,,,,,
oproj,llama31_405b,16384,4,16384,128,8,128,4096,16384,16384,09,graph,measured,2.1733920574188232,2.189750301837921,1.0117931774185358,m128n256k64e32,12,4,4,along_n,F17,20260907-180428-28ec8c,a929fe71bcea91df43d52eeff0be07b807aa05e896a56077177f731960c42647,3368566009a693de0724ecd6363a6090e9161d05ff0a484466ec511ba1935114,20ca2def42ccb0447544f02b65f1713d29f51644c17819e0ee08ed42a8af6fa5,0.7937601546841349,67.13560816541093,,,,,,,,1.7251520156860352,1.274683758623742,20260906-161540-1427cd,"{""comm_sm"": 16, ""local_first"": false, ""pack_block"": 512, ""pack_warps"": 4, ""push"": true, ""reverse"": false, ""streams"": 1, ""use_ce"": false}",df1b952e484ff242a65900ae02ce24d703f2741b1068718c8520de825e3ce567,1.738480031490326,1.264911425912019,20260906-161540-1427cd,"{""channels"": 24, ""chunk_kib"": 512, ""high_priority"": false, ""ll_kib"": 16, ""pack_block"": 512, ""pack_warps"": 4}",656954ed5f599eaa12a3c162edc01aabd628b05d0422fa0a9f2a36b94725c3cf,1.459119975566864,1.507088719484966,20260906-152108-a0abd1,"{""algorithm"": 66, ""best_ms"": 1.27324, ""beta"": 0, ""exact_serialized_algorithm_available"": false, ""graph_tuning"": 0, ""library_sha256"": ""520b1980e976d88f851ce52d716266602818e430f2310ea0d8765fbb260f8cb0"", ""math_sms"": 0, ""precision"": 16, ""rejected"": 0, ""replay"": ""graph"", ""requested"": 256, ""returned"": 8, ""selected_candidate_records"": [{""algorithm"": 66, ""index"": 0, ""split_k"": 1, ""tile"": 513, ""tune_ms"": 1.27324, ""workspace_bytes"": 0}], ""valid"": 8, ""workspace_capacity"": 268435456}",a9eb0d72de3d3721c9db57909ec7c27dc3a814be4a1593dc71ce0842b0f47749
oproj,llama31_405b,16384,8,16384,128,8,128,2048,16384,16384,09,graph,measured,1.064367949962616,1.0762239694595337,1.033018354051922,m128n256k64e32,16,4,4,along_n,F14,20260907-180716-324650,a929fe71bcea91df43d52eeff0be07b807aa05e896a56077177f731960c42647,3368566009a693de0724ecd6363a6090e9161d05ff0a484466ec511ba1935114,20ca2def42ccb0447544f02b65f1713d29f51644c17819e0ee08ed42a8af6fa5,,,,,,,,,,,,,,,,,,,,,,,,
oproj,llama31_405b,131072,4,16384,128,8,128,32768,16384,16384,09,graph,measured,16.938207626342773,17.237463569641115,1.0386096588552935,m128n256k64e32,8,4,4,along_n,F20,20260907-175525-09d92f,a929fe71bcea91df43d52eeff0be07b807aa05e896a56077177f731960c42647,3368566009a693de0724ecd6363a6090e9161d05ff0a484466ec511ba1935114,20ca2def42ccb0447544f02b65f1713d29f51644c17819e0ee08ed42a8af6fa5,0.7475322051159513,69.56193002217556,,,,,,,,12.661855697631836,1.389384499754352,20260906-161540-1427cd,"{""comm_sm"": 4, ""local_first"": false, ""pack_block"": 512, ""pack_warps"": 4, ""push"": true, ""reverse"": false, ""streams"": 1, ""use_ce"": false}",c8bc490c998713218b8411b128c68b7cabc0e235382a4a5c0836293abd276109,14.279504299163818,1.231988567379483,20260906-161540-1427cd,"{""channels"": 32, ""chunk_kib"": 256, ""high_priority"": false, ""ll_kib"": 16, ""pack_block"": 512, ""pack_warps"": 4}",62ab4267851de252c0dd3c8f5f30ea8ebac88c519ff7d80cf1c002d87a79e6b4,11.782544136047363,1.4930719411094497,20260906-152108-a0abd1,"{""algorithm"": 66, ""best_ms"": 11.7888, ""beta"": 0, ""exact_serialized_algorithm_available"": false, ""graph_tuning"": 0, ""library_sha256"": ""520b1980e976d88f851ce52d716266602818e430f2310ea0d8765fbb260f8cb0"", ""math_sms"": 0, ""precision"": 16, ""rejected"": 0, ""replay"": ""graph"", ""requested"": 256, ""returned"": 8, ""selected_candidate_records"": [{""algorithm"": 66, ""index"": 0, ""split_k"": 1, ""tile"": 513, ""tune_ms"": 11.7888, ""workspace_bytes"": 0}], ""valid"": 8, ""workspace_capacity"": 268435456}",a9eb0d72de3d3721c9db57909ec7c27dc3a814be4a1593dc71ce0842b0f47749
oproj,llama31_405b,131072,8,16384,128,8,128,16384,16384,16384,09,graph,measured,8.544415950775146,8.614572763442993,1.0294551520996613,m128n256k64e32,8,4,4,along_n,F20,20260907-180100-2548cc,a929fe71bcea91df43d52eeff0be07b807aa05e896a56077177f731960c42647,3368566009a693de0724ecd6363a6090e9161d05ff0a484466ec511ba1935114,20ca2def42ccb0447544f02b65f1713d29f51644c17819e0ee08ed42a8af6fa5,,,,,,,,,,,,,,,,,,,,,,,,
oproj,llama31_405b,262144,4,16384,128,8,128,65536,16384,16384,09,graph,measured,33.64297676086426,33.91355266571045,1.0458162587372708,m128n256k64e32,8,4,4,along_n,F20,20260907-174848-247272,a929fe71bcea91df43d52eeff0be07b807aa05e896a56077177f731960c42647,3368566009a693de0724ecd6363a6090e9161d05ff0a484466ec511ba1935114,20ca2def42ccb0447544f02b65f1713d29f51644c17819e0ee08ed42a8af6fa5,0.7645834770757717,71.03756594411725,,,,,,,,25.722864151000977,1.367824822394937,20260906-161540-1427cd,"{""comm_sm"": 4, ""local_first"": false, ""pack_block"": 512, ""pack_warps"": 4, ""push"": true, ""reverse"": false, ""streams"": 1, ""use_ce"": false}",4973bef4e03888ab003d93fe5c9e70e606838e3e0e6f54d9557487c868e4d612,29.45796775817871,1.1943923755250703,20260906-161540-1427cd,"{""channels"": 24, ""chunk_kib"": 1024, ""high_priority"": false, ""ll_kib"": 128, ""pack_block"": 512, ""pack_warps"": 4}",ddcdd6909d0519c9c95f0263bd0f7ec032463757fa6fe2823fbea138d491a08e,23.89915180206299,1.4722017074177027,20260906-152108-a0abd1,"{""algorithm"": 66, ""best_ms"": 23.9288, ""beta"": 0, ""exact_serialized_algorithm_available"": false, ""graph_tuning"": 0, ""library_sha256"": ""520b1980e976d88f851ce52d716266602818e430f2310ea0d8765fbb260f8cb0"", ""math_sms"": 0, ""precision"": 16, ""rejected"": 0, ""replay"": ""graph"", ""requested"": 256, ""returned"": 8, ""selected_candidate_records"": [{""algorithm"": 66, ""index"": 0, ""split_k"": 1, ""tile"": 513, ""tune_ms"": 23.9288, ""workspace_bytes"": 0}], ""valid"": 8, ""workspace_capacity"": 268435456}",a9eb0d72de3d3721c9db57909ec7c27dc3a814be4a1593dc71ce0842b0f47749
oproj,llama31_405b,262144,8,16384,128,8,128,32768,16384,16384,09,graph,measured,16.916624069213867,17.027601623535155,1.0399347986003644,m128n256k64e32,8,4,4,along_n,F20,20260907-175156-27fade,a929fe71bcea91df43d52eeff0be07b807aa05e896a56077177f731960c42647,3368566009a693de0724ecd6363a6090e9161d05ff0a484466ec511ba1935114,20ca2def42ccb0447544f02b65f1713d29f51644c17819e0ee08ed42a8af6fa5,,69.6506825938759,,,,,,,,,,,,,,,,,,11.782544136047363,1.4930719411094497,20260906-152108-a0abd1,"{""algorithm"": 66, ""best_ms"": 11.7888, ""beta"": 0, ""exact_serialized_algorithm_available"": false, ""graph_tuning"": 0, ""library_sha256"": ""520b1980e976d88f851ce52d716266602818e430f2310ea0d8765fbb260f8cb0"", ""math_sms"": 0, ""precision"": 16, ""rejected"": 0, ""replay"": ""graph"", ""requested"": 256, ""returned"": 8, ""selected_candidate_records"": [{""algorithm"": 66, ""index"": 0, ""split_k"": 1, ""tile"": 513, ""tune_ms"": 11.7888, ""workspace_bytes"": 0}], ""valid"": 8, ""workspace_capacity"": 268435456}",a9eb0d72de3d3721c9db57909ec7c27dc3a814be4a1593dc71ce0842b0f47749
oproj,llama31_405b,524288,4,16384,128,8,128,131072,16384,16384,09,graph,missing_memory,,,,,,,,,,,,,,,,,,,,,,RuntimeError: GPU 3 has 39457 MiB free; estimated requirement 43477.0 MiB (minimum 2 GiB); no processes were stopped,,,,,,,,,,,,,,,
oproj,llama31_405b,524288,8,16384,128,8,128,65536,16384,16384,09,graph,measured,33.30931282043457,36.637141990661604,1.056292343180587,m128n256k64e32,8,4,4,along_n,F20,20260907-174457-f32cf2,a929fe71bcea91df43d52eeff0be07b807aa05e896a56077177f731960c42647,3368566009a693de0724ecd6363a6090e9161d05ff0a484466ec511ba1935114,20ca2def42ccb0447544f02b65f1713d29f51644c17819e0ee08ed42a8af6fa5,,71.74915895413297,,,,,,,,,,,,,,,,,,23.89915180206299,1.4722017074177027,20260906-152108-a0abd1,"{""algorithm"": 66, ""best_ms"": 23.9288, ""beta"": 0, ""exact_serialized_algorithm_available"": false, ""graph_tuning"": 0, ""library_sha256"": ""520b1980e976d88f851ce52d716266602818e430f2310ea0d8765fbb260f8cb0"", ""math_sms"": 0, ""precision"": 16, ""rejected"": 0, ""replay"": ""graph"", ""requested"": 256, ""returned"": 8, ""selected_candidate_records"": [{""algorithm"": 66, ""index"": 0, ""split_k"": 1, ""tile"": 513, ""tune_ms"": 23.9288, ""workspace_bytes"": 0}], ""valid"": 8, ""workspace_capacity"": 268435456}",a9eb0d72de3d3721c9db57909ec7c27dc3a814be4a1593dc71ce0842b0f47749
oproj,nanbeige42_3b,1024,4,3072,48,8,128,256,3072,6144,09,graph,measured,0.03638400137424469,0.037571199238300323,0.2656023540841407,m128n128,12,2,4,along_n,F21,20260907-182316-03192e,790d93d5f196acef0847d82b9f758aecb7770e70a61d8093f5bbc5ab3708067f,3368566009a693de0724ecd6363a6090e9161d05ff0a484466ec511ba1935114,20ca2def42ccb0447544f02b65f1713d29f51644c17819e0ee08ed42a8af6fa5,1.2695689848297633,42.39225900595858,,,,,,,,0.046191999688744545,0.20920671287488593,20260906-161540-1427cd,"{""comm_sm"": 16, ""local_first"": false, ""pack_block"": 512, ""pack_warps"": 4, ""push"": true, ""reverse"": false, ""streams"": 1, ""use_ce"": false}",22e2eb93c484003f17e93fba35c7a6462962887f2419c1ba10eeb717dbd9427a,0.05169599875807762,0.18693277329302063,20260906-161540-1427cd,"{""channels"": 24, ""chunk_kib"": 128, ""high_priority"": false, ""ll_kib"": 16, ""pack_block"": 512, ""pack_warps"": 4}",94cebc4911c540b3fd8a98f5cc0d04d966207fa891f29aff0c59591c72378914,0.015424000099301338,0.6265350333106997,20260906-152108-a0abd1,"{""algorithm"": 66, ""best_ms"": 0.0123469, ""beta"": 0, ""exact_serialized_algorithm_available"": false, ""graph_tuning"": 0, ""library_sha256"": ""520b1980e976d88f851ce52d716266602818e430f2310ea0d8765fbb260f8cb0"", ""math_sms"": 0, ""precision"": 16, ""rejected"": 0, ""replay"": ""graph"", ""requested"": 256, ""returned"": 8, ""selected_candidate_records"": [{""algorithm"": 66, ""index"": 0, ""split_k"": 1, ""tile"": 27, ""tune_ms"": 0.0123469, ""workspace_bytes"": 0}], ""valid"": 8, ""workspace_capacity"": 268435456}",a9eb0d72de3d3721c9db57909ec7c27dc3a814be4a1593dc71ce0842b0f47749
oproj,nanbeige42_3b,1024,8,3072,48,8,128,128,3072,6144,09,graph,measured,0.05648000165820122,0.05696000158786774,0.08554954083111982,m128n128,32,1,4,along_n,F13,20260907-182634-06b651,790d93d5f196acef0847d82b9f758aecb7770e70a61d8093f5bbc5ab3708067f,3368566009a693de0724ecd6363a6090e9161d05ff0a484466ec511ba1935114,20ca2def42ccb0447544f02b65f1713d29f51644c17819e0ee08ed42a8af6fa5,,,,,,,,,,,,,,,,,,,,,,,,
oproj,nanbeige42_3b,4096,4,3072,48,8,128,1024,3072,6144,09,graph,measured,0.06147199869155884,0.06399839892983436,0.6288181039623161,m128n256k64e32,24,4,4,along_n,F18,20260907-181227-693607,a929fe71bcea91df43d52eeff0be07b807aa05e896a56077177f731960c42647,3368566009a693de0724ecd6363a6090e9161d05ff0a484466ec511ba1935114,20ca2def42ccb0447544f02b65f1713d29f51644c17819e0ee08ed42a8af6fa5,1.1186882410947427,58.40708323919913,,,,,,,,0.06876800209283829,0.5621030782865455,20260906-161540-1427cd,"{""comm_sm"": 24, ""local_first"": false, ""pack_block"": 512, ""pack_warps"": 4, ""push"": true, ""reverse"": false, ""streams"": 1, ""use_ce"": false}",c2eaa47e52ae4f320bd4fedf4d1383bb5149af85d476f258fd0e7dcf6d806a23,0.1064319983124733,0.3631868824872929,20260906-161540-1427cd,"{""channels"": 24, ""chunk_kib"": 512, ""high_priority"": false, ""ll_kib"": 64, ""pack_block"": 512, ""pack_warps"": 4}",faaa6dd931615cbed76fb7485d7668ced51320e769f3776c4562c14d8ac481bf,0.03590400144457817,1.076612748126914,20260906-152108-a0abd1,"{""algorithm"": 66, ""best_ms"": 0.0266835, ""beta"": 0, ""exact_serialized_algorithm_available"": false, ""graph_tuning"": 0, ""library_sha256"": ""520b1980e976d88f851ce52d716266602818e430f2310ea0d8765fbb260f8cb0"", ""math_sms"": 0, ""precision"": 16, ""rejected"": 0, ""replay"": ""graph"", ""requested"": 256, ""returned"": 8, ""selected_candidate_records"": [{""algorithm"": 66, ""index"": 1, ""split_k"": 1, ""tile"": 201, ""tune_ms"": 0.0266835, ""workspace_bytes"": 0}], ""valid"": 8, ""workspace_capacity"": 268435456}",a9eb0d72de3d3721c9db57909ec7c27dc3a814be4a1593dc71ce0842b0f47749
oproj,nanbeige42_3b,4096,8,3072,48,8,128,512,3072,6144,09,graph,measured,0.044576000422239304,0.04650560021400452,0.4335820317867154,m128n128,24,4,4,along_n,F22,20260907-182026-486222,790d93d5f196acef0847d82b9f758aecb7770e70a61d8093f5bbc5ab3708067f,3368566009a693de0724ecd6363a6090e9161d05ff0a484466ec511ba1935114,20ca2def42ccb0447544f02b65f1713d29f51644c17819e0ee08ed42a8af6fa5,,,,,,,,,,,,,,,,,,,,,,,,
oproj,nanbeige42_3b,16384,4,3072,48,8,128,4096,3072,6144,09,graph,measured,0.17124799638986588,0.17541919872164727,0.9028941997312037,m128n256k64e32,24,4,4,along_n,F18,20260907-180616-747a72,a929fe71bcea91df43d52eeff0be07b807aa05e896a56077177f731960c42647,3368566009a693de0724ecd6363a6090e9161d05ff0a484466ec511ba1935114,20ca2def42ccb0447544f02b65f1713d29f51644c17819e0ee08ed42a8af6fa5,1.0440998172813465,72.16668507761116,,,,,,,,0.17880000174045563,0.8647585075555156,20260906-161540-1427cd,"{""comm_sm"": 16, ""local_first"": false, ""pack_block"": 512, ""pack_warps"": 4, ""push"": true, ""reverse"": false, ""streams"": 1, ""use_ce"": false}",d069c9fd6c8b61f8989547b5fa75c209292092a4935ecd89ebcd4ed9cd7a3b91,0.26870399713516235,0.5754243491146293,20260906-161540-1427cd,"{""channels"": 32, ""chunk_kib"": 1024, ""high_priority"": false, ""ll_kib"": 128, ""pack_block"": 512, ""pack_warps"": 4}",f2aa733da8437c84e5fae0820352b9b801839bcda1c2c6c279671164d0b965c2,0.12358400225639343,1.2511232832160606,20260906-152108-a0abd1,"{""algorithm"": 66, ""best_ms"": 0.108272, ""beta"": 0, ""exact_serialized_algorithm_available"": false, ""graph_tuning"": 0, ""library_sha256"": ""520b1980e976d88f851ce52d716266602818e430f2310ea0d8765fbb260f8cb0"", ""math_sms"": 0, ""precision"": 16, ""rejected"": 0, ""replay"": ""graph"", ""requested"": 256, ""returned"": 8, ""selected_candidate_records"": [{""algorithm"": 66, ""index"": 4, ""split_k"": 1, ""tile"": 201, ""tune_ms"": 0.108272, ""workspace_bytes"": 0}], ""valid"": 8, ""workspace_capacity"": 268435456}",a9eb0d72de3d3721c9db57909ec7c27dc3a814be4a1593dc71ce0842b0f47749
oproj,nanbeige42_3b,16384,8,3072,48,8,128,2048,3072,6144,09,graph,measured,0.11212799698114395,0.11419679783284664,0.6894746486999207,m128n128,24,4,4,along_n,F22,20260907-180934-38d3fd,a929fe71bcea91df43d52eeff0be07b807aa05e896a56077177f731960c42647,3368566009a693de0724ecd6363a6090e9161d05ff0a484466ec511ba1935114,20ca2def42ccb0447544f02b65f1713d29f51644c17819e0ee08ed42a8af6fa5,,,,,,,,,,,,,,,,,,,,,,,,
oproj,nanbeige42_3b,131072,4,3072,48,8,128,32768,3072,6144,09,graph,measured,1.1137440204620361,1.1214928328990936,1.1106237685880924,m128n256k64e32,24,4,4,along_n,F18,20260907-180001-ced321,a929fe71bcea91df43d52eeff0be07b807aa05e896a56077177f731960c42647,3368566009a693de0724ecd6363a6090e9161d05ff0a484466ec511ba1935114,20ca2def42ccb0447544f02b65f1713d29f51644c17819e0ee08ed42a8af6fa5,1.0757516888474736,74.90123102782667,,,,,,,,1.1981120109558105,1.0324164768711446,20260906-161540-1427cd,"{""comm_sm"": 24, ""local_first"": false, ""pack_block"": 512, ""pack_warps"": 4, ""push"": true, ""reverse"": false, ""streams"": 1, ""use_ce"": false}",756e2d05a0021ed8b0539fcc7d72d23d1a4c136c919d446865d98c654bae5422,1.8421599864959717,0.6714675111366636,20260906-161540-1427cd,"{""channels"": 24, ""chunk_kib"": 128, ""high_priority"": false, ""ll_kib"": 64, ""pack_block"": 512, ""pack_warps"": 4}",527cd94ed2bd2d6c7e0eae9d8d31c749fb01c98387830f3ab390f51f53d8dadc,0.8342079818248749,1.4827843993318117,20260906-152108-a0abd1,"{""algorithm"": 66, ""best_ms"": 0.794481, ""beta"": 0, ""exact_serialized_algorithm_available"": false, ""graph_tuning"": 0, ""library_sha256"": ""520b1980e976d88f851ce52d716266602818e430f2310ea0d8765fbb260f8cb0"", ""math_sms"": 0, ""precision"": 16, ""rejected"": 0, ""replay"": ""graph"", ""requested"": 256, ""returned"": 8, ""selected_candidate_records"": [{""algorithm"": 66, ""index"": 0, ""split_k"": 1, ""tile"": 23, ""tune_ms"": 0.794481, ""workspace_bytes"": 0}], ""valid"": 8, ""workspace_capacity"": 268435456}",a9eb0d72de3d3721c9db57909ec7c27dc3a814be4a1593dc71ce0842b0f47749
oproj,nanbeige42_3b,131072,8,3072,48,8,128,16384,3072,6144,09,graph,measured,0.5645120143890381,0.5691152095794678,1.0955927860868744,m128n256k64e32,24,4,4,along_n,F18,20260907-180324-209706,a929fe71bcea91df43d52eeff0be07b807aa05e896a56077177f731960c42647,3368566009a693de0724ecd6363a6090e9161d05ff0a484466ec511ba1935114,20ca2def42ccb0447544f02b65f1713d29f51644c17819e0ee08ed42a8af6fa5,,,,,,,,,,,,,,,,,,,,,,,,
oproj,nanbeige42_3b,262144,4,3072,48,8,128,65536,3072,6144,09,graph,measured,2.1806560754776,2.191982388496399,1.134475624247246,m128n256k64e32,24,4,4,along_n,F18,20260907-175057-de42b3,a929fe71bcea91df43d52eeff0be07b807aa05e896a56077177f731960c42647,3368566009a693de0724ecd6363a6090e9161d05ff0a484466ec511ba1935114,20ca2def42ccb0447544f02b65f1713d29f51644c17819e0ee08ed42a8af6fa5,1.0777894138903403,78.56571394803022,,,,,,,,2.3502880334854126,1.0525948850734148,20260906-161540-1427cd,"{""comm_sm"": 16, ""local_first"": false, ""pack_block"": 512, ""pack_warps"": 4, ""push"": true, ""reverse"": false, ""streams"": 1, ""use_ce"": false}",d96a31e62379b0de282d23e35be7407d2846110495eeaa1f96966894732af6d7,3.557152032852173,0.6954724284057076,20260906-161540-1427cd,"{""channels"": 32, ""chunk_kib"": 256, ""high_priority"": false, ""ll_kib"": 16, ""pack_block"": 512, ""pack_warps"": 4}",585bc56bb7a51f9776d9423f819cd571c3f92e4ba4a661d6a82132e46d6a075f,1.7132480144500732,1.4439830903817419,20260906-152108-a0abd1,"{""algorithm"": 66, ""best_ms"": 1.53006, ""beta"": 0, ""exact_serialized_algorithm_available"": false, ""graph_tuning"": 0, ""library_sha256"": ""520b1980e976d88f851ce52d716266602818e430f2310ea0d8765fbb260f8cb0"", ""math_sms"": 0, ""precision"": 16, ""rejected"": 0, ""replay"": ""graph"", ""requested"": 256, ""returned"": 8, ""selected_candidate_records"": [{""algorithm"": 66, ""index"": 0, ""split_k"": 1, ""tile"": 23, ""tune_ms"": 1.53006, ""workspace_bytes"": 0}], ""valid"": 8, ""workspace_capacity"": 268435456}",a9eb0d72de3d3721c9db57909ec7c27dc3a814be4a1593dc71ce0842b0f47749
oproj,nanbeige42_3b,262144,8,3072,48,8,128,32768,3072,6144,09,graph,measured,1.1165440082550049,1.1516175985336303,1.1078386271412382,m128n256k64e32,24,4,4,along_n,F18,20260907-175420-7751d5,a929fe71bcea91df43d52eeff0be07b807aa05e896a56077177f731960c42647,3368566009a693de0724ecd6363a6090e9161d05ff0a484466ec511ba1935114,20ca2def42ccb0447544f02b65f1713d29f51644c17819e0ee08ed42a8af6fa5,,74.71339917256105,,,,,,,,,,,,,,,,,,0.8342079818248749,1.4827843993318117,20260906-152108-a0abd1,"{""algorithm"": 66, ""best_ms"": 0.794481, ""beta"": 0, ""exact_serialized_algorithm_available"": false, ""graph_tuning"": 0, ""library_sha256"": ""520b1980e976d88f851ce52d716266602818e430f2310ea0d8765fbb260f8cb0"", ""math_sms"": 0, ""precision"": 16, ""rejected"": 0, ""replay"": ""graph"", ""requested"": 256, ""returned"": 8, ""selected_candidate_records"": [{""algorithm"": 66, ""index"": 0, ""split_k"": 1, ""tile"": 23, ""tune_ms"": 0.794481, ""workspace_bytes"": 0}], ""valid"": 8, ""workspace_capacity"": 268435456}",a9eb0d72de3d3721c9db57909ec7c27dc3a814be4a1593dc71ce0842b0f47749
oproj,nanbeige42_3b,524288,4,3072,48,8,128,131072,3072,6144,09,graph,measured,4.422559976577759,4.490140771865844,1.1187643245531926,m128n256k64e32,24,4,4,along_n,F18,20260907-174352-ff64ec,a929fe71bcea91df43d52eeff0be07b807aa05e896a56077177f731960c42647,3368566009a693de0724ecd6363a6090e9161d05ff0a484466ec511ba1935114,20ca2def42ccb0447544f02b65f1713d29f51644c17819e0ee08ed42a8af6fa5,1.1167903111022413,75.66368821342995,,,,,,,,4.939072132110596,1.0017675775222326,20260906-161540-1427cd,"{""comm_sm"": 20, ""local_first"": false, ""pack_block"": 512, ""pack_warps"": 4, ""push"": true, ""reverse"": false, ""streams"": 1, ""use_ce"": false}",5cb518812d5feed0f65d0415e2028c2351b8c9c73b7a3e517bed14b461d3bca7,6.980751991271973,0.708777841008853,20260906-161540-1427cd,"{""channels"": 32, ""chunk_kib"": 1024, ""high_priority"": false, ""ll_kib"": 16, ""pack_block"": 512, ""pack_warps"": 4}",8d77b0de4c24fa272b0fe206e63d04dc2a8071d8a15ee5deca03bf64471c6681,3.3462719917297363,1.478601362118926,20260906-152108-a0abd1,"{""algorithm"": 66, ""best_ms"": 3.20438, ""beta"": 0, ""exact_serialized_algorithm_available"": false, ""graph_tuning"": 0, ""library_sha256"": ""520b1980e976d88f851ce52d716266602818e430f2310ea0d8765fbb260f8cb0"", ""math_sms"": 0, ""precision"": 16, ""rejected"": 0, ""replay"": ""graph"", ""requested"": 256, ""returned"": 8, ""selected_candidate_records"": [{""algorithm"": 66, ""index"": 0, ""split_k"": 1, ""tile"": 513, ""tune_ms"": 3.20438, ""workspace_bytes"": 0}], ""valid"": 8, ""workspace_capacity"": 268435456}",a9eb0d72de3d3721c9db57909ec7c27dc3a814be4a1593dc71ce0842b0f47749
oproj,nanbeige42_3b,524288,8,3072,48,8,128,65536,3072,6144,09,graph,measured,2.2394399642944336,2.2595695734024046,1.104696353525796,m128n256k64e32,24,4,4,along_n,F18,20260907-174738-4641c6,a929fe71bcea91df43d52eeff0be07b807aa05e896a56077177f731960c42647,3368566009a693de0724ecd6363a6090e9161d05ff0a484466ec511ba1935114,20ca2def42ccb0447544f02b65f1713d29f51644c17819e0ee08ed42a8af6fa5,,76.50341343219958,,,,,,,,,,,,,,,,,,1.7132480144500732,1.4439830903817419,20260906-152108-a0abd1,"{""algorithm"": 66, ""best_ms"": 1.53006, ""beta"": 0, ""exact_serialized_algorithm_available"": false, ""graph_tuning"": 0, ""library_sha256"": ""520b1980e976d88f851ce52d716266602818e430f2310ea0d8765fbb260f8cb0"", ""math_sms"": 0, ""precision"": 16, ""rejected"": 0, ""replay"": ""graph"", ""requested"": 256, ""returned"": 8, ""selected_candidate_records"": [{""algorithm"": 66, ""index"": 0, ""split_k"": 1, ""tile"": 23, ""tune_ms"": 1.53006, ""workspace_bytes"": 0}], ""valid"": 8, ""workspace_capacity"": 268435456}",a9eb0d72de3d3721c9db57909ec7c27dc3a814be4a1593dc71ce0842b0f47749
